2026-03-25 17:26:22,586 - BenchmarkManager - INFO - Initializing 4 compilers...
2026-03-25 17:26:22,586 - BenchmarkManager - INFO - Output directory for weaver: results/circuits/weaver
2026-03-25 17:26:22,587 - BenchmarkManager - INFO - Output directory for zac: results/circuits/zac
2026-03-25 17:26:22,588 - BenchmarkManager - INFO - Output directory for nalac: results/circuits/nalac
2026-03-25 17:26:22,589 - BenchmarkManager - INFO - Output directory for enola: results/circuits/enola
2026-03-25 17:26:22,590 - BenchmarkManager - INFO - Starting benchmark execution ...
2026-03-25 17:26:22,595 - BenchmarkManager - INFO - Found 20 CNF benchmark circuits in '/u/halle/heiz/home_at/BachelorProject/benchmarks/uf_fix50_20-100'
2026-03-25 17:26:22,595 - BenchmarkManager - INFO -   - /u/halle/heiz/home_at/BachelorProject/benchmarks/uf_fix50_20-100/uf50-010.cnf
2026-03-25 17:26:22,596 - BenchmarkManager - INFO -   - /u/halle/heiz/home_at/BachelorProject/benchmarks/uf_fix50_20-100/uf50-0100.cnf
2026-03-25 17:26:22,597 - BenchmarkManager - INFO -   - /u/halle/heiz/home_at/BachelorProject/benchmarks/uf_fix50_20-100/uf50-0110.cnf
2026-03-25 17:26:22,598 - BenchmarkManager - INFO -   - /u/halle/heiz/home_at/BachelorProject/benchmarks/uf_fix50_20-100/uf50-0120.cnf
2026-03-25 17:26:22,598 - BenchmarkManager - INFO -   - /u/halle/heiz/home_at/BachelorProject/benchmarks/uf_fix50_20-100/uf50-0130.cnf
2026-03-25 17:26:22,599 - BenchmarkManager - INFO -   - /u/halle/heiz/home_at/BachelorProject/benchmarks/uf_fix50_20-100/uf50-0140.cnf
2026-03-25 17:26:22,599 - BenchmarkManager - INFO -   - /u/halle/heiz/home_at/BachelorProject/benchmarks/uf_fix50_20-100/uf50-0150.cnf
2026-03-25 17:26:22,601 - BenchmarkManager - INFO -   - /u/halle/heiz/home_at/BachelorProject/benchmarks/uf_fix50_20-100/uf50-0160.cnf
2026-03-25 17:26:22,602 - BenchmarkManager - INFO -   - /u/halle/heiz/home_at/BachelorProject/benchmarks/uf_fix50_20-100/uf50-0170.cnf
2026-03-25 17:26:22,603 - BenchmarkManager - INFO -   - /u/halle/heiz/home_at/BachelorProject/benchmarks/uf_fix50_20-100/uf50-0180.cnf
2026-03-25 17:26:22,603 - BenchmarkManager - INFO -   - /u/halle/heiz/home_at/BachelorProject/benchmarks/uf_fix50_20-100/uf50-0190.cnf
2026-03-25 17:26:22,604 - BenchmarkManager - INFO -   - /u/halle/heiz/home_at/BachelorProject/benchmarks/uf_fix50_20-100/uf50-020.cnf
2026-03-25 17:26:22,605 - BenchmarkManager - INFO -   - /u/halle/heiz/home_at/BachelorProject/benchmarks/uf_fix50_20-100/uf50-0200.cnf
2026-03-25 17:26:22,605 - BenchmarkManager - INFO -   - /u/halle/heiz/home_at/BachelorProject/benchmarks/uf_fix50_20-100/uf50-030.cnf
2026-03-25 17:26:22,606 - BenchmarkManager - INFO -   - /u/halle/heiz/home_at/BachelorProject/benchmarks/uf_fix50_20-100/uf50-040.cnf
2026-03-25 17:26:22,608 - BenchmarkManager - INFO -   - /u/halle/heiz/home_at/BachelorProject/benchmarks/uf_fix50_20-100/uf50-050.cnf
2026-03-25 17:26:22,608 - BenchmarkManager - INFO -   - /u/halle/heiz/home_at/BachelorProject/benchmarks/uf_fix50_20-100/uf50-060.cnf
2026-03-25 17:26:22,609 - BenchmarkManager - INFO -   - /u/halle/heiz/home_at/BachelorProject/benchmarks/uf_fix50_20-100/uf50-070.cnf
2026-03-25 17:26:22,609 - BenchmarkManager - INFO -   - /u/halle/heiz/home_at/BachelorProject/benchmarks/uf_fix50_20-100/uf50-080.cnf
2026-03-25 17:26:22,610 - BenchmarkManager - INFO -   - /u/halle/heiz/home_at/BachelorProject/benchmarks/uf_fix50_20-100/uf50-090.cnf
2026-03-25 17:26:22,611 - BenchmarkManager - INFO - weaver (run 1/1) - Running /u/halle/heiz/home_at/BachelorProject/benchmarks/uf_fix50_20-100/uf50-010.cnf
2026-03-25 17:26:23,661 - Compiler.weaver - INFO - STDOUT:
num_colors: 22, num_slm_rows: 46, num_slm_cols: 754, num_aod_rows: 1, num_aod_cols: 50
Compilation successful.

2026-03-25 17:26:23,714 - BenchmarkManager - INFO - weaver (run 1/1) - Running /u/halle/heiz/home_at/BachelorProject/benchmarks/uf_fix50_20-100/uf50-0100.cnf
2026-03-25 17:26:24,546 - Compiler.weaver - INFO - STDOUT:
num_colors: 23, num_slm_rows: 48, num_slm_cols: 754, num_aod_rows: 1, num_aod_cols: 50
Compilation successful.

2026-03-25 17:26:24,597 - BenchmarkManager - INFO - weaver (run 1/1) - Running /u/halle/heiz/home_at/BachelorProject/benchmarks/uf_fix50_20-100/uf50-0110.cnf
2026-03-25 17:26:25,485 - Compiler.weaver - INFO - STDOUT:
num_colors: 23, num_slm_rows: 48, num_slm_cols: 754, num_aod_rows: 1, num_aod_cols: 50
Compilation successful.

2026-03-25 17:26:25,548 - BenchmarkManager - INFO - weaver (run 1/1) - Running /u/halle/heiz/home_at/BachelorProject/benchmarks/uf_fix50_20-100/uf50-0120.cnf
2026-03-25 17:26:26,437 - Compiler.weaver - INFO - STDOUT:
num_colors: 23, num_slm_rows: 48, num_slm_cols: 754, num_aod_rows: 1, num_aod_cols: 50
Compilation successful.

2026-03-25 17:26:26,486 - BenchmarkManager - INFO - weaver (run 1/1) - Running /u/halle/heiz/home_at/BachelorProject/benchmarks/uf_fix50_20-100/uf50-0130.cnf
2026-03-25 17:26:27,372 - Compiler.weaver - INFO - STDOUT:
num_colors: 23, num_slm_rows: 48, num_slm_cols: 754, num_aod_rows: 1, num_aod_cols: 50
Compilation successful.

2026-03-25 17:26:27,422 - BenchmarkManager - INFO - weaver (run 1/1) - Running /u/halle/heiz/home_at/BachelorProject/benchmarks/uf_fix50_20-100/uf50-0140.cnf
2026-03-25 17:26:28,247 - Compiler.weaver - INFO - STDOUT:
num_colors: 20, num_slm_rows: 42, num_slm_cols: 754, num_aod_rows: 1, num_aod_cols: 50
Compilation successful.

2026-03-25 17:26:28,294 - BenchmarkManager - INFO - weaver (run 1/1) - Running /u/halle/heiz/home_at/BachelorProject/benchmarks/uf_fix50_20-100/uf50-0150.cnf
2026-03-25 17:26:29,132 - Compiler.weaver - INFO - STDOUT:
num_colors: 21, num_slm_rows: 44, num_slm_cols: 754, num_aod_rows: 1, num_aod_cols: 50
Compilation successful.

2026-03-25 17:26:29,179 - BenchmarkManager - INFO - weaver (run 1/1) - Running /u/halle/heiz/home_at/BachelorProject/benchmarks/uf_fix50_20-100/uf50-0160.cnf
2026-03-25 17:26:29,991 - Compiler.weaver - INFO - STDOUT:
num_colors: 23, num_slm_rows: 48, num_slm_cols: 754, num_aod_rows: 1, num_aod_cols: 50
Compilation successful.

2026-03-25 17:26:30,038 - BenchmarkManager - INFO - weaver (run 1/1) - Running /u/halle/heiz/home_at/BachelorProject/benchmarks/uf_fix50_20-100/uf50-0170.cnf
2026-03-25 17:26:30,881 - Compiler.weaver - INFO - STDOUT:
num_colors: 19, num_slm_rows: 40, num_slm_cols: 754, num_aod_rows: 1, num_aod_cols: 50
Compilation successful.

2026-03-25 17:26:30,927 - BenchmarkManager - INFO - weaver (run 1/1) - Running /u/halle/heiz/home_at/BachelorProject/benchmarks/uf_fix50_20-100/uf50-0180.cnf
2026-03-25 17:26:31,830 - Compiler.weaver - INFO - STDOUT:
num_colors: 21, num_slm_rows: 44, num_slm_cols: 754, num_aod_rows: 1, num_aod_cols: 50
Compilation successful.

2026-03-25 17:26:31,878 - BenchmarkManager - INFO - weaver (run 1/1) - Running /u/halle/heiz/home_at/BachelorProject/benchmarks/uf_fix50_20-100/uf50-0190.cnf
2026-03-25 17:26:32,693 - Compiler.weaver - INFO - STDOUT:
num_colors: 23, num_slm_rows: 48, num_slm_cols: 754, num_aod_rows: 1, num_aod_cols: 50
Compilation successful.

2026-03-25 17:26:32,742 - BenchmarkManager - INFO - weaver (run 1/1) - Running /u/halle/heiz/home_at/BachelorProject/benchmarks/uf_fix50_20-100/uf50-020.cnf
2026-03-25 17:26:33,633 - Compiler.weaver - INFO - STDOUT:
num_colors: 21, num_slm_rows: 44, num_slm_cols: 754, num_aod_rows: 1, num_aod_cols: 50
Compilation successful.

2026-03-25 17:26:33,684 - BenchmarkManager - INFO - weaver (run 1/1) - Running /u/halle/heiz/home_at/BachelorProject/benchmarks/uf_fix50_20-100/uf50-0200.cnf
2026-03-25 17:26:34,506 - Compiler.weaver - INFO - STDOUT:
num_colors: 21, num_slm_rows: 44, num_slm_cols: 754, num_aod_rows: 1, num_aod_cols: 50
Compilation successful.

2026-03-25 17:26:34,559 - BenchmarkManager - INFO - weaver (run 1/1) - Running /u/halle/heiz/home_at/BachelorProject/benchmarks/uf_fix50_20-100/uf50-030.cnf
2026-03-25 17:26:35,429 - Compiler.weaver - INFO - STDOUT:
num_colors: 22, num_slm_rows: 46, num_slm_cols: 754, num_aod_rows: 1, num_aod_cols: 50
Compilation successful.

2026-03-25 17:26:35,478 - BenchmarkManager - INFO - weaver (run 1/1) - Running /u/halle/heiz/home_at/BachelorProject/benchmarks/uf_fix50_20-100/uf50-040.cnf
2026-03-25 17:26:36,367 - Compiler.weaver - INFO - STDOUT:
num_colors: 21, num_slm_rows: 44, num_slm_cols: 754, num_aod_rows: 1, num_aod_cols: 50
Compilation successful.

2026-03-25 17:26:36,419 - BenchmarkManager - INFO - weaver (run 1/1) - Running /u/halle/heiz/home_at/BachelorProject/benchmarks/uf_fix50_20-100/uf50-050.cnf
2026-03-25 17:26:37,263 - Compiler.weaver - INFO - STDOUT:
num_colors: 24, num_slm_rows: 50, num_slm_cols: 754, num_aod_rows: 1, num_aod_cols: 50
Compilation successful.

2026-03-25 17:26:37,314 - BenchmarkManager - INFO - weaver (run 1/1) - Running /u/halle/heiz/home_at/BachelorProject/benchmarks/uf_fix50_20-100/uf50-060.cnf
2026-03-25 17:26:38,187 - Compiler.weaver - INFO - STDOUT:
num_colors: 29, num_slm_rows: 60, num_slm_cols: 754, num_aod_rows: 1, num_aod_cols: 50
Compilation successful.

2026-03-25 17:26:38,245 - BenchmarkManager - INFO - weaver (run 1/1) - Running /u/halle/heiz/home_at/BachelorProject/benchmarks/uf_fix50_20-100/uf50-070.cnf
2026-03-25 17:26:39,093 - Compiler.weaver - INFO - STDOUT:
num_colors: 22, num_slm_rows: 46, num_slm_cols: 754, num_aod_rows: 1, num_aod_cols: 50
Compilation successful.

2026-03-25 17:26:39,139 - BenchmarkManager - INFO - weaver (run 1/1) - Running /u/halle/heiz/home_at/BachelorProject/benchmarks/uf_fix50_20-100/uf50-080.cnf
2026-03-25 17:26:39,971 - Compiler.weaver - INFO - STDOUT:
num_colors: 22, num_slm_rows: 46, num_slm_cols: 754, num_aod_rows: 1, num_aod_cols: 50
Compilation successful.

2026-03-25 17:26:40,023 - BenchmarkManager - INFO - weaver (run 1/1) - Running /u/halle/heiz/home_at/BachelorProject/benchmarks/uf_fix50_20-100/uf50-090.cnf
2026-03-25 17:26:40,854 - Compiler.weaver - INFO - STDOUT:
num_colors: 22, num_slm_rows: 46, num_slm_cols: 754, num_aod_rows: 1, num_aod_cols: 50
Compilation successful.

2026-03-25 17:26:40,907 - BenchmarkManager - INFO - Wrote metrics summary for weaver: results/metrics/20260325_172622_arch/weaver.json
2026-03-25 17:26:40,910 - BenchmarkManager - INFO - Found 20 QASM benchmark circuits in '/u/halle/heiz/home_at/BachelorProject/benchmarks/uf_fix50_20-100'
2026-03-25 17:26:40,910 - BenchmarkManager - INFO -   - /u/halle/heiz/home_at/BachelorProject/benchmarks/uf_fix50_20-100/uf50-010.qasm
2026-03-25 17:26:40,910 - BenchmarkManager - INFO -   - /u/halle/heiz/home_at/BachelorProject/benchmarks/uf_fix50_20-100/uf50-0100.qasm
2026-03-25 17:26:40,912 - BenchmarkManager - INFO -   - /u/halle/heiz/home_at/BachelorProject/benchmarks/uf_fix50_20-100/uf50-0110.qasm
2026-03-25 17:26:40,912 - BenchmarkManager - INFO -   - /u/halle/heiz/home_at/BachelorProject/benchmarks/uf_fix50_20-100/uf50-0120.qasm
2026-03-25 17:26:40,913 - BenchmarkManager - INFO -   - /u/halle/heiz/home_at/BachelorProject/benchmarks/uf_fix50_20-100/uf50-0130.qasm
2026-03-25 17:26:40,913 - BenchmarkManager - INFO -   - /u/halle/heiz/home_at/BachelorProject/benchmarks/uf_fix50_20-100/uf50-0140.qasm
2026-03-25 17:26:40,914 - BenchmarkManager - INFO -   - /u/halle/heiz/home_at/BachelorProject/benchmarks/uf_fix50_20-100/uf50-0150.qasm
2026-03-25 17:26:40,914 - BenchmarkManager - INFO -   - /u/halle/heiz/home_at/BachelorProject/benchmarks/uf_fix50_20-100/uf50-0160.qasm
2026-03-25 17:26:40,915 - BenchmarkManager - INFO -   - /u/halle/heiz/home_at/BachelorProject/benchmarks/uf_fix50_20-100/uf50-0170.qasm
2026-03-25 17:26:40,915 - BenchmarkManager - INFO -   - /u/halle/heiz/home_at/BachelorProject/benchmarks/uf_fix50_20-100/uf50-0180.qasm
2026-03-25 17:26:40,916 - BenchmarkManager - INFO -   - /u/halle/heiz/home_at/BachelorProject/benchmarks/uf_fix50_20-100/uf50-0190.qasm
2026-03-25 17:26:40,916 - BenchmarkManager - INFO -   - /u/halle/heiz/home_at/BachelorProject/benchmarks/uf_fix50_20-100/uf50-020.qasm
2026-03-25 17:26:40,917 - BenchmarkManager - INFO -   - /u/halle/heiz/home_at/BachelorProject/benchmarks/uf_fix50_20-100/uf50-0200.qasm
2026-03-25 17:26:40,917 - BenchmarkManager - INFO -   - /u/halle/heiz/home_at/BachelorProject/benchmarks/uf_fix50_20-100/uf50-030.qasm
2026-03-25 17:26:40,918 - BenchmarkManager - INFO -   - /u/halle/heiz/home_at/BachelorProject/benchmarks/uf_fix50_20-100/uf50-040.qasm
2026-03-25 17:26:40,919 - BenchmarkManager - INFO -   - /u/halle/heiz/home_at/BachelorProject/benchmarks/uf_fix50_20-100/uf50-050.qasm
2026-03-25 17:26:40,919 - BenchmarkManager - INFO -   - /u/halle/heiz/home_at/BachelorProject/benchmarks/uf_fix50_20-100/uf50-060.qasm
2026-03-25 17:26:40,920 - BenchmarkManager - INFO -   - /u/halle/heiz/home_at/BachelorProject/benchmarks/uf_fix50_20-100/uf50-070.qasm
2026-03-25 17:26:40,921 - BenchmarkManager - INFO -   - /u/halle/heiz/home_at/BachelorProject/benchmarks/uf_fix50_20-100/uf50-080.qasm
2026-03-25 17:26:40,921 - BenchmarkManager - INFO -   - /u/halle/heiz/home_at/BachelorProject/benchmarks/uf_fix50_20-100/uf50-090.qasm
2026-03-25 17:26:40,922 - BenchmarkManager - INFO - zac (run 1/1) - Running /u/halle/heiz/home_at/BachelorProject/benchmarks/uf_fix50_20-100/uf50-010.qasm
2026-03-25 17:26:41,786 - Compiler.zac - INFO - STDOUT:
Compilation successful.

2026-03-25 17:26:41,813 - BenchmarkManager - INFO - zac (run 1/1) - Running /u/halle/heiz/home_at/BachelorProject/benchmarks/uf_fix50_20-100/uf50-0100.qasm
2026-03-25 17:26:42,477 - Compiler.zac - INFO - STDOUT:
Compilation successful.

2026-03-25 17:26:42,504 - BenchmarkManager - INFO - zac (run 1/1) - Running /u/halle/heiz/home_at/BachelorProject/benchmarks/uf_fix50_20-100/uf50-0110.qasm
2026-03-25 17:26:43,189 - Compiler.zac - INFO - STDOUT:
Compilation successful.

2026-03-25 17:26:43,215 - BenchmarkManager - INFO - zac (run 1/1) - Running /u/halle/heiz/home_at/BachelorProject/benchmarks/uf_fix50_20-100/uf50-0120.qasm
2026-03-25 17:26:43,890 - Compiler.zac - INFO - STDOUT:
Compilation successful.

2026-03-25 17:26:43,916 - BenchmarkManager - INFO - zac (run 1/1) - Running /u/halle/heiz/home_at/BachelorProject/benchmarks/uf_fix50_20-100/uf50-0130.qasm
2026-03-25 17:26:44,648 - Compiler.zac - INFO - STDOUT:
Compilation successful.

2026-03-25 17:26:44,674 - BenchmarkManager - INFO - zac (run 1/1) - Running /u/halle/heiz/home_at/BachelorProject/benchmarks/uf_fix50_20-100/uf50-0140.qasm
2026-03-25 17:26:45,337 - Compiler.zac - INFO - STDOUT:
Compilation successful.

2026-03-25 17:26:45,363 - BenchmarkManager - INFO - zac (run 1/1) - Running /u/halle/heiz/home_at/BachelorProject/benchmarks/uf_fix50_20-100/uf50-0150.qasm
2026-03-25 17:26:46,069 - Compiler.zac - INFO - STDOUT:
Compilation successful.

2026-03-25 17:26:46,095 - BenchmarkManager - INFO - zac (run 1/1) - Running /u/halle/heiz/home_at/BachelorProject/benchmarks/uf_fix50_20-100/uf50-0160.qasm
2026-03-25 17:26:46,792 - Compiler.zac - INFO - STDOUT:
Compilation successful.

2026-03-25 17:26:46,819 - BenchmarkManager - INFO - zac (run 1/1) - Running /u/halle/heiz/home_at/BachelorProject/benchmarks/uf_fix50_20-100/uf50-0170.qasm
2026-03-25 17:26:47,553 - Compiler.zac - INFO - STDOUT:
Compilation successful.

2026-03-25 17:26:47,579 - BenchmarkManager - INFO - zac (run 1/1) - Running /u/halle/heiz/home_at/BachelorProject/benchmarks/uf_fix50_20-100/uf50-0180.qasm
2026-03-25 17:26:48,259 - Compiler.zac - INFO - STDOUT:
Compilation successful.

2026-03-25 17:26:48,285 - BenchmarkManager - INFO - zac (run 1/1) - Running /u/halle/heiz/home_at/BachelorProject/benchmarks/uf_fix50_20-100/uf50-0190.qasm
2026-03-25 17:26:48,974 - Compiler.zac - INFO - STDOUT:
Compilation successful.

2026-03-25 17:26:48,999 - BenchmarkManager - INFO - zac (run 1/1) - Running /u/halle/heiz/home_at/BachelorProject/benchmarks/uf_fix50_20-100/uf50-020.qasm
2026-03-25 17:26:49,672 - Compiler.zac - INFO - STDOUT:
Compilation successful.

2026-03-25 17:26:49,701 - BenchmarkManager - INFO - zac (run 1/1) - Running /u/halle/heiz/home_at/BachelorProject/benchmarks/uf_fix50_20-100/uf50-0200.qasm
2026-03-25 17:26:50,372 - Compiler.zac - INFO - STDOUT:
Compilation successful.

2026-03-25 17:26:50,399 - BenchmarkManager - INFO - zac (run 1/1) - Running /u/halle/heiz/home_at/BachelorProject/benchmarks/uf_fix50_20-100/uf50-030.qasm
2026-03-25 17:26:51,021 - Compiler.zac - INFO - STDOUT:
Compilation successful.

2026-03-25 17:26:51,049 - BenchmarkManager - INFO - zac (run 1/1) - Running /u/halle/heiz/home_at/BachelorProject/benchmarks/uf_fix50_20-100/uf50-040.qasm
2026-03-25 17:26:51,724 - Compiler.zac - INFO - STDOUT:
Compilation successful.

2026-03-25 17:26:51,750 - BenchmarkManager - INFO - zac (run 1/1) - Running /u/halle/heiz/home_at/BachelorProject/benchmarks/uf_fix50_20-100/uf50-050.qasm
2026-03-25 17:26:52,427 - Compiler.zac - INFO - STDOUT:
Compilation successful.

2026-03-25 17:26:52,454 - BenchmarkManager - INFO - zac (run 1/1) - Running /u/halle/heiz/home_at/BachelorProject/benchmarks/uf_fix50_20-100/uf50-060.qasm
2026-03-25 17:26:53,099 - Compiler.zac - INFO - STDOUT:
Compilation successful.

2026-03-25 17:26:53,126 - BenchmarkManager - INFO - zac (run 1/1) - Running /u/halle/heiz/home_at/BachelorProject/benchmarks/uf_fix50_20-100/uf50-070.qasm
2026-03-25 17:26:53,799 - Compiler.zac - INFO - STDOUT:
Compilation successful.

2026-03-25 17:26:53,823 - BenchmarkManager - INFO - zac (run 1/1) - Running /u/halle/heiz/home_at/BachelorProject/benchmarks/uf_fix50_20-100/uf50-080.qasm
2026-03-25 17:26:54,509 - Compiler.zac - INFO - STDOUT:
Compilation successful.

2026-03-25 17:26:54,549 - BenchmarkManager - INFO - zac (run 1/1) - Running /u/halle/heiz/home_at/BachelorProject/benchmarks/uf_fix50_20-100/uf50-090.qasm
2026-03-25 17:26:55,228 - Compiler.zac - INFO - STDOUT:
Compilation successful.

2026-03-25 17:26:55,256 - BenchmarkManager - INFO - Wrote metrics summary for zac: results/metrics/20260325_172622_arch/zac.json
2026-03-25 17:26:55,257 - BenchmarkManager - INFO - Found 20 QASM benchmark circuits in '/u/halle/heiz/home_at/BachelorProject/benchmarks/uf_fix50_20-100'
2026-03-25 17:26:55,257 - BenchmarkManager - INFO -   - /u/halle/heiz/home_at/BachelorProject/benchmarks/uf_fix50_20-100/uf50-010.qasm
2026-03-25 17:26:55,257 - BenchmarkManager - INFO -   - /u/halle/heiz/home_at/BachelorProject/benchmarks/uf_fix50_20-100/uf50-0100.qasm
2026-03-25 17:26:55,257 - BenchmarkManager - INFO -   - /u/halle/heiz/home_at/BachelorProject/benchmarks/uf_fix50_20-100/uf50-0110.qasm
2026-03-25 17:26:55,258 - BenchmarkManager - INFO -   - /u/halle/heiz/home_at/BachelorProject/benchmarks/uf_fix50_20-100/uf50-0120.qasm
2026-03-25 17:26:55,258 - BenchmarkManager - INFO -   - /u/halle/heiz/home_at/BachelorProject/benchmarks/uf_fix50_20-100/uf50-0130.qasm
2026-03-25 17:26:55,259 - BenchmarkManager - INFO -   - /u/halle/heiz/home_at/BachelorProject/benchmarks/uf_fix50_20-100/uf50-0140.qasm
2026-03-25 17:26:55,259 - BenchmarkManager - INFO -   - /u/halle/heiz/home_at/BachelorProject/benchmarks/uf_fix50_20-100/uf50-0150.qasm
2026-03-25 17:26:55,261 - BenchmarkManager - INFO -   - /u/halle/heiz/home_at/BachelorProject/benchmarks/uf_fix50_20-100/uf50-0160.qasm
2026-03-25 17:26:55,261 - BenchmarkManager - INFO -   - /u/halle/heiz/home_at/BachelorProject/benchmarks/uf_fix50_20-100/uf50-0170.qasm
2026-03-25 17:26:55,261 - BenchmarkManager - INFO -   - /u/halle/heiz/home_at/BachelorProject/benchmarks/uf_fix50_20-100/uf50-0180.qasm
2026-03-25 17:26:55,261 - BenchmarkManager - INFO -   - /u/halle/heiz/home_at/BachelorProject/benchmarks/uf_fix50_20-100/uf50-0190.qasm
2026-03-25 17:26:55,262 - BenchmarkManager - INFO -   - /u/halle/heiz/home_at/BachelorProject/benchmarks/uf_fix50_20-100/uf50-020.qasm
2026-03-25 17:26:55,262 - BenchmarkManager - INFO -   - /u/halle/heiz/home_at/BachelorProject/benchmarks/uf_fix50_20-100/uf50-0200.qasm
2026-03-25 17:26:55,262 - BenchmarkManager - INFO -   - /u/halle/heiz/home_at/BachelorProject/benchmarks/uf_fix50_20-100/uf50-030.qasm
2026-03-25 17:26:55,263 - BenchmarkManager - INFO -   - /u/halle/heiz/home_at/BachelorProject/benchmarks/uf_fix50_20-100/uf50-040.qasm
2026-03-25 17:26:55,263 - BenchmarkManager - INFO -   - /u/halle/heiz/home_at/BachelorProject/benchmarks/uf_fix50_20-100/uf50-050.qasm
2026-03-25 17:26:55,264 - BenchmarkManager - INFO -   - /u/halle/heiz/home_at/BachelorProject/benchmarks/uf_fix50_20-100/uf50-060.qasm
2026-03-25 17:26:55,265 - BenchmarkManager - INFO -   - /u/halle/heiz/home_at/BachelorProject/benchmarks/uf_fix50_20-100/uf50-070.qasm
2026-03-25 17:26:55,265 - BenchmarkManager - INFO -   - /u/halle/heiz/home_at/BachelorProject/benchmarks/uf_fix50_20-100/uf50-080.qasm
2026-03-25 17:26:55,266 - BenchmarkManager - INFO -   - /u/halle/heiz/home_at/BachelorProject/benchmarks/uf_fix50_20-100/uf50-090.qasm
2026-03-25 17:26:55,266 - BenchmarkManager - INFO - nalac (run 1/1) - Running /u/halle/heiz/home_at/BachelorProject/benchmarks/uf_fix50_20-100/uf50-010.qasm
2026-03-25 17:26:55,888 - Compiler.nalac - INFO - STDOUT:
Compilation successful.

2026-03-25 17:26:55,917 - BenchmarkManager - INFO - nalac (run 1/1) - Running /u/halle/heiz/home_at/BachelorProject/benchmarks/uf_fix50_20-100/uf50-0100.qasm
2026-03-25 17:26:56,545 - Compiler.nalac - INFO - STDOUT:
Compilation successful.

2026-03-25 17:26:56,572 - BenchmarkManager - INFO - nalac (run 1/1) - Running /u/halle/heiz/home_at/BachelorProject/benchmarks/uf_fix50_20-100/uf50-0110.qasm
2026-03-25 17:26:57,201 - Compiler.nalac - INFO - STDOUT:
Compilation successful.

2026-03-25 17:26:57,228 - BenchmarkManager - INFO - nalac (run 1/1) - Running /u/halle/heiz/home_at/BachelorProject/benchmarks/uf_fix50_20-100/uf50-0120.qasm
2026-03-25 17:26:57,896 - Compiler.nalac - INFO - STDOUT:
Compilation successful.

2026-03-25 17:26:57,921 - BenchmarkManager - INFO - nalac (run 1/1) - Running /u/halle/heiz/home_at/BachelorProject/benchmarks/uf_fix50_20-100/uf50-0130.qasm
2026-03-25 17:26:58,539 - Compiler.nalac - INFO - STDOUT:
Compilation successful.

2026-03-25 17:26:58,565 - BenchmarkManager - INFO - nalac (run 1/1) - Running /u/halle/heiz/home_at/BachelorProject/benchmarks/uf_fix50_20-100/uf50-0140.qasm
2026-03-25 17:26:59,223 - Compiler.nalac - INFO - STDOUT:
Compilation successful.

2026-03-25 17:26:59,249 - BenchmarkManager - INFO - nalac (run 1/1) - Running /u/halle/heiz/home_at/BachelorProject/benchmarks/uf_fix50_20-100/uf50-0150.qasm
2026-03-25 17:26:59,921 - Compiler.nalac - INFO - STDOUT:
Compilation successful.

2026-03-25 17:26:59,948 - BenchmarkManager - INFO - nalac (run 1/1) - Running /u/halle/heiz/home_at/BachelorProject/benchmarks/uf_fix50_20-100/uf50-0160.qasm
2026-03-25 17:27:00,571 - Compiler.nalac - INFO - STDOUT:
Compilation successful.

2026-03-25 17:27:00,598 - BenchmarkManager - INFO - nalac (run 1/1) - Running /u/halle/heiz/home_at/BachelorProject/benchmarks/uf_fix50_20-100/uf50-0170.qasm
2026-03-25 17:27:01,243 - Compiler.nalac - INFO - STDOUT:
Compilation successful.

2026-03-25 17:27:01,270 - BenchmarkManager - INFO - nalac (run 1/1) - Running /u/halle/heiz/home_at/BachelorProject/benchmarks/uf_fix50_20-100/uf50-0180.qasm
2026-03-25 17:27:01,938 - Compiler.nalac - INFO - STDOUT:
Compilation successful.

2026-03-25 17:27:01,964 - BenchmarkManager - INFO - nalac (run 1/1) - Running /u/halle/heiz/home_at/BachelorProject/benchmarks/uf_fix50_20-100/uf50-0190.qasm
2026-03-25 17:27:02,631 - Compiler.nalac - INFO - STDOUT:
Compilation successful.

2026-03-25 17:27:02,656 - BenchmarkManager - INFO - nalac (run 1/1) - Running /u/halle/heiz/home_at/BachelorProject/benchmarks/uf_fix50_20-100/uf50-020.qasm
2026-03-25 17:27:03,332 - Compiler.nalac - INFO - STDOUT:
Compilation successful.

2026-03-25 17:27:03,358 - BenchmarkManager - INFO - nalac (run 1/1) - Running /u/halle/heiz/home_at/BachelorProject/benchmarks/uf_fix50_20-100/uf50-0200.qasm
2026-03-25 17:27:03,997 - Compiler.nalac - INFO - STDOUT:
Compilation successful.

2026-03-25 17:27:04,024 - BenchmarkManager - INFO - nalac (run 1/1) - Running /u/halle/heiz/home_at/BachelorProject/benchmarks/uf_fix50_20-100/uf50-030.qasm
2026-03-25 17:27:04,693 - Compiler.nalac - INFO - STDOUT:
Compilation successful.

2026-03-25 17:27:04,719 - BenchmarkManager - INFO - nalac (run 1/1) - Running /u/halle/heiz/home_at/BachelorProject/benchmarks/uf_fix50_20-100/uf50-040.qasm
2026-03-25 17:27:05,355 - Compiler.nalac - INFO - STDOUT:
Compilation successful.

2026-03-25 17:27:05,382 - BenchmarkManager - INFO - nalac (run 1/1) - Running /u/halle/heiz/home_at/BachelorProject/benchmarks/uf_fix50_20-100/uf50-050.qasm
2026-03-25 17:27:06,036 - Compiler.nalac - INFO - STDOUT:
Compilation successful.

2026-03-25 17:27:06,064 - BenchmarkManager - INFO - nalac (run 1/1) - Running /u/halle/heiz/home_at/BachelorProject/benchmarks/uf_fix50_20-100/uf50-060.qasm
2026-03-25 17:27:06,704 - Compiler.nalac - INFO - STDOUT:
Compilation successful.

2026-03-25 17:27:06,732 - BenchmarkManager - INFO - nalac (run 1/1) - Running /u/halle/heiz/home_at/BachelorProject/benchmarks/uf_fix50_20-100/uf50-070.qasm
2026-03-25 17:27:07,378 - Compiler.nalac - INFO - STDOUT:
Compilation successful.

2026-03-25 17:27:07,406 - BenchmarkManager - INFO - nalac (run 1/1) - Running /u/halle/heiz/home_at/BachelorProject/benchmarks/uf_fix50_20-100/uf50-080.qasm
2026-03-25 17:27:08,023 - Compiler.nalac - INFO - STDOUT:
Compilation successful.

2026-03-25 17:27:08,050 - BenchmarkManager - INFO - nalac (run 1/1) - Running /u/halle/heiz/home_at/BachelorProject/benchmarks/uf_fix50_20-100/uf50-090.qasm
2026-03-25 17:27:08,679 - Compiler.nalac - INFO - STDOUT:
Compilation successful.

2026-03-25 17:27:08,708 - BenchmarkManager - INFO - Wrote metrics summary for nalac: results/metrics/20260325_172622_arch/nalac.json
2026-03-25 17:27:08,710 - BenchmarkManager - INFO - Found 20 QASM benchmark circuits in '/u/halle/heiz/home_at/BachelorProject/benchmarks/uf_fix50_20-100'
2026-03-25 17:27:08,710 - BenchmarkManager - INFO -   - /u/halle/heiz/home_at/BachelorProject/benchmarks/uf_fix50_20-100/uf50-010.qasm
2026-03-25 17:27:08,710 - BenchmarkManager - INFO -   - /u/halle/heiz/home_at/BachelorProject/benchmarks/uf_fix50_20-100/uf50-0100.qasm
2026-03-25 17:27:08,710 - BenchmarkManager - INFO -   - /u/halle/heiz/home_at/BachelorProject/benchmarks/uf_fix50_20-100/uf50-0110.qasm
2026-03-25 17:27:08,711 - BenchmarkManager - INFO -   - /u/halle/heiz/home_at/BachelorProject/benchmarks/uf_fix50_20-100/uf50-0120.qasm
2026-03-25 17:27:08,711 - BenchmarkManager - INFO -   - /u/halle/heiz/home_at/BachelorProject/benchmarks/uf_fix50_20-100/uf50-0130.qasm
2026-03-25 17:27:08,712 - BenchmarkManager - INFO -   - /u/halle/heiz/home_at/BachelorProject/benchmarks/uf_fix50_20-100/uf50-0140.qasm
2026-03-25 17:27:08,712 - BenchmarkManager - INFO -   - /u/halle/heiz/home_at/BachelorProject/benchmarks/uf_fix50_20-100/uf50-0150.qasm
2026-03-25 17:27:08,712 - BenchmarkManager - INFO -   - /u/halle/heiz/home_at/BachelorProject/benchmarks/uf_fix50_20-100/uf50-0160.qasm
2026-03-25 17:27:08,713 - BenchmarkManager - INFO -   - /u/halle/heiz/home_at/BachelorProject/benchmarks/uf_fix50_20-100/uf50-0170.qasm
2026-03-25 17:27:08,713 - BenchmarkManager - INFO -   - /u/halle/heiz/home_at/BachelorProject/benchmarks/uf_fix50_20-100/uf50-0180.qasm
2026-03-25 17:27:08,714 - BenchmarkManager - INFO -   - /u/halle/heiz/home_at/BachelorProject/benchmarks/uf_fix50_20-100/uf50-0190.qasm
2026-03-25 17:27:08,714 - BenchmarkManager - INFO -   - /u/halle/heiz/home_at/BachelorProject/benchmarks/uf_fix50_20-100/uf50-020.qasm
2026-03-25 17:27:08,715 - BenchmarkManager - INFO -   - /u/halle/heiz/home_at/BachelorProject/benchmarks/uf_fix50_20-100/uf50-0200.qasm
2026-03-25 17:27:08,716 - BenchmarkManager - INFO -   - /u/halle/heiz/home_at/BachelorProject/benchmarks/uf_fix50_20-100/uf50-030.qasm
2026-03-25 17:27:08,716 - BenchmarkManager - INFO -   - /u/halle/heiz/home_at/BachelorProject/benchmarks/uf_fix50_20-100/uf50-040.qasm
2026-03-25 17:27:08,718 - BenchmarkManager - INFO -   - /u/halle/heiz/home_at/BachelorProject/benchmarks/uf_fix50_20-100/uf50-050.qasm
2026-03-25 17:27:08,719 - BenchmarkManager - INFO -   - /u/halle/heiz/home_at/BachelorProject/benchmarks/uf_fix50_20-100/uf50-060.qasm
2026-03-25 17:27:08,720 - BenchmarkManager - INFO -   - /u/halle/heiz/home_at/BachelorProject/benchmarks/uf_fix50_20-100/uf50-070.qasm
2026-03-25 17:27:08,721 - BenchmarkManager - INFO -   - /u/halle/heiz/home_at/BachelorProject/benchmarks/uf_fix50_20-100/uf50-080.qasm
2026-03-25 17:27:08,721 - BenchmarkManager - INFO -   - /u/halle/heiz/home_at/BachelorProject/benchmarks/uf_fix50_20-100/uf50-090.qasm
2026-03-25 17:27:08,722 - BenchmarkManager - INFO - enola (run 1/1) - Running /u/halle/heiz/home_at/BachelorProject/benchmarks/uf_fix50_20-100/uf50-010.qasm
2026-03-25 17:27:11,948 - Compiler.enola - INFO - STDOUT:
[INFO] Enola: Start Solving
[INFO] Enola: Run scheduling
[INFO] Enola: Time for scheduling: 0.0006439685821533203s
75
[INFO] Enola: Time for placement: 7.867813110351562e-06s
[INFO] Enola: Solve for Rydberg stage 2/798.
[INFO] Enola: Solve for Rydberg stage 3/798.
[INFO] Enola: Solve for Rydberg stage 4/798.
[INFO] Enola: Solve for Rydberg stage 5/798.
[INFO] Enola: Solve for Rydberg stage 6/798.
[INFO] Enola: Solve for Rydberg stage 7/798.
[INFO] Enola: Solve for Rydberg stage 8/798.
[INFO] Enola: Solve for Rydberg stage 9/798.
[INFO] Enola: Solve for Rydberg stage 10/798.
[INFO] Enola: Solve for Rydberg stage 11/798.
[INFO] Enola: Solve for Rydberg stage 12/798.
[INFO] Enola: Solve for Rydberg stage 13/798.
[INFO] Enola: Solve for Rydberg stage 14/798.
[INFO] Enola: Solve for Rydberg stage 15/798.
[INFO] Enola: Solve for Rydberg stage 16/798.
[INFO] Enola: Solve for Rydberg stage 17/798.
[INFO] Enola: Solve for Rydberg stage 18/798.
[INFO] Enola: Solve for Rydberg stage 19/798.
[INFO] Enola: Solve for Rydberg stage 20/798.
[INFO] Enola: Solve for Rydberg stage 21/798.
[INFO] Enola: Solve for Rydberg stage 22/798.
[INFO] Enola: Solve for Rydberg stage 23/798.
[INFO] Enola: Solve for Rydberg stage 24/798.
[INFO] Enola: Solve for Rydberg stage 25/798.
[INFO] Enola: Solve for Rydberg stage 26/798.
[INFO] Enola: Solve for Rydberg stage 27/798.
[INFO] Enola: Solve for Rydberg stage 28/798.
[INFO] Enola: Solve for Rydberg stage 29/798.
[INFO] Enola: Solve for Rydberg stage 30/798.
[INFO] Enola: Solve for Rydberg stage 31/798.
[INFO] Enola: Solve for Rydberg stage 32/798.
[INFO] Enola: Solve for Rydberg stage 33/798.
[INFO] Enola: Solve for Rydberg stage 34/798.
[INFO] Enola: Solve for Rydberg stage 35/798.
[INFO] Enola: Solve for Rydberg stage 36/798.
[INFO] Enola: Solve for Rydberg stage 37/798.
[INFO] Enola: Solve for Rydberg stage 38/798.
[INFO] Enola: Solve for Rydberg stage 39/798.
[INFO] Enola: Solve for Rydberg stage 40/798.
[INFO] Enola: Solve for Rydberg stage 41/798.
[INFO] Enola: Solve for Rydberg stage 42/798.
[INFO] Enola: Solve for Rydberg stage 43/798.
[INFO] Enola: Solve for Rydberg stage 44/798.
[INFO] Enola: Solve for Rydberg stage 45/798.
[INFO] Enola: Solve for Rydberg stage 46/798.
[INFO] Enola: Solve for Rydberg stage 47/798.
[INFO] Enola: Solve for Rydberg stage 48/798.
[INFO] Enola: Solve for Rydberg stage 49/798.
[INFO] Enola: Solve for Rydberg stage 50/798.
[INFO] Enola: Solve for Rydberg stage 51/798.
[INFO] Enola: Solve for Rydberg stage 52/798.
[INFO] Enola: Solve for Rydberg stage 53/798.
[INFO] Enola: Solve for Rydberg stage 54/798.
[INFO] Enola: Solve for Rydberg stage 55/798.
[INFO] Enola: Solve for Rydberg stage 56/798.
[INFO] Enola: Solve for Rydberg stage 57/798.
[INFO] Enola: Solve for Rydberg stage 58/798.
[INFO] Enola: Solve for Rydberg stage 59/798.
[INFO] Enola: Solve for Rydberg stage 60/798.
[INFO] Enola: Solve for Rydberg stage 61/798.
[INFO] Enola: Solve for Rydberg stage 62/798.
[INFO] Enola: Solve for Rydberg stage 63/798.
[INFO] Enola: Solve for Rydberg stage 64/798.
[INFO] Enola: Solve for Rydberg stage 65/798.
[INFO] Enola: Solve for Rydberg stage 66/798.
[INFO] Enola: Solve for Rydberg stage 67/798.
[INFO] Enola: Solve for Rydberg stage 68/798.
[INFO] Enola: Solve for Rydberg stage 69/798.
[INFO] Enola: Solve for Rydberg stage 70/798.
[INFO] Enola: Solve for Rydberg stage 71/798.
[INFO] Enola: Solve for Rydberg stage 72/798.
[INFO] Enola: Solve for Rydberg stage 73/798.
[INFO] Enola: Solve for Rydberg stage 74/798.
[INFO] Enola: Solve for Rydberg stage 75/798.
[INFO] Enola: Solve for Rydberg stage 76/798.
[INFO] Enola: Solve for Rydberg stage 77/798.
[INFO] Enola: Solve for Rydberg stage 78/798.
[INFO] Enola: Solve for Rydberg stage 79/798.
[INFO] Enola: Solve for Rydberg stage 80/798.
[INFO] Enola: Solve for Rydberg stage 81/798.
[INFO] Enola: Solve for Rydberg stage 82/798.
[INFO] Enola: Solve for Rydberg stage 83/798.
[INFO] Enola: Solve for Rydberg stage 84/798.
[INFO] Enola: Solve for Rydberg stage 85/798.
[INFO] Enola: Solve for Rydberg stage 86/798.
[INFO] Enola: Solve for Rydberg stage 87/798.
[INFO] Enola: Solve for Rydberg stage 88/798.
[INFO] Enola: Solve for Rydberg stage 89/798.
[INFO] Enola: Solve for Rydberg stage 90/798.
[INFO] Enola: Solve for Rydberg stage 91/798.
[INFO] Enola: Solve for Rydberg stage 92/798.
[INFO] Enola: Solve for Rydberg stage 93/798.
[INFO] Enola: Solve for Rydberg stage 94/798.
[INFO] Enola: Solve for Rydberg stage 95/798.
[INFO] Enola: Solve for Rydberg stage 96/798.
[INFO] Enola: Solve for Rydberg stage 97/798.
[INFO] Enola: Solve for Rydberg stage 98/798.
[INFO] Enola: Solve for Rydberg stage 99/798.
[INFO] Enola: Solve for Rydberg stage 100/798.
[INFO] Enola: Solve for Rydberg stage 101/798.
[INFO] Enola: Solve for Rydberg stage 102/798.
[INFO] Enola: Solve for Rydberg stage 103/798.
[INFO] Enola: Solve for Rydberg stage 104/798.
[INFO] Enola: Solve for Rydberg stage 105/798.
[INFO] Enola: Solve for Rydberg stage 106/798.
[INFO] Enola: Solve for Rydberg stage 107/798.
[INFO] Enola: Solve for Rydberg stage 108/798.
[INFO] Enola: Solve for Rydberg stage 109/798.
[INFO] Enola: Solve for Rydberg stage 110/798.
[INFO] Enola: Solve for Rydberg stage 111/798.
[INFO] Enola: Solve for Rydberg stage 112/798.
[INFO] Enola: Solve for Rydberg stage 113/798.
[INFO] Enola: Solve for Rydberg stage 114/798.
[INFO] Enola: Solve for Rydberg stage 115/798.
[INFO] Enola: Solve for Rydberg stage 116/798.
[INFO] Enola: Solve for Rydberg stage 117/798.
[INFO] Enola: Solve for Rydberg stage 118/798.
[INFO] Enola: Solve for Rydberg stage 119/798.
[INFO] Enola: Solve for Rydberg stage 120/798.
[INFO] Enola: Solve for Rydberg stage 121/798.
[INFO] Enola: Solve for Rydberg stage 122/798.
[INFO] Enola: Solve for Rydberg stage 123/798.
[INFO] Enola: Solve for Rydberg stage 124/798.
[INFO] Enola: Solve for Rydberg stage 125/798.
[INFO] Enola: Solve for Rydberg stage 126/798.
[INFO] Enola: Solve for Rydberg stage 127/798.
[INFO] Enola: Solve for Rydberg stage 128/798.
[INFO] Enola: Solve for Rydberg stage 129/798.
[INFO] Enola: Solve for Rydberg stage 130/798.
[INFO] Enola: Solve for Rydberg stage 131/798.
[INFO] Enola: Solve for Rydberg stage 132/798.
[INFO] Enola: Solve for Rydberg stage 133/798.
[INFO] Enola: Solve for Rydberg stage 134/798.
[INFO] Enola: Solve for Rydberg stage 135/798.
[INFO] Enola: Solve for Rydberg stage 136/798.
[INFO] Enola: Solve for Rydberg stage 137/798.
[INFO] Enola: Solve for Rydberg stage 138/798.
[INFO] Enola: Solve for Rydberg stage 139/798.
[INFO] Enola: Solve for Rydberg stage 140/798.
[INFO] Enola: Solve for Rydberg stage 141/798.
[INFO] Enola: Solve for Rydberg stage 142/798.
[INFO] Enola: Solve for Rydberg stage 143/798.
[INFO] Enola: Solve for Rydberg stage 144/798.
[INFO] Enola: Solve for Rydberg stage 145/798.
[INFO] Enola: Solve for Rydberg stage 146/798.
[INFO] Enola: Solve for Rydberg stage 147/798.
[INFO] Enola: Solve for Rydberg stage 148/798.
[INFO] Enola: Solve for Rydberg stage 149/798.
[INFO] Enola: Solve for Rydberg stage 150/798.
[INFO] Enola: Solve for Rydberg stage 151/798.
[INFO] Enola: Solve for Rydberg stage 152/798.
[INFO] Enola: Solve for Rydberg stage 153/798.
[INFO] Enola: Solve for Rydberg stage 154/798.
[INFO] Enola: Solve for Rydberg stage 155/798.
[INFO] Enola: Solve for Rydberg stage 156/798.
[INFO] Enola: Solve for Rydberg stage 157/798.
[INFO] Enola: Solve for Rydberg stage 158/798.
[INFO] Enola: Solve for Rydberg stage 159/798.
[INFO] Enola: Solve for Rydberg stage 160/798.
[INFO] Enola: Solve for Rydberg stage 161/798.
[INFO] Enola: Solve for Rydberg stage 162/798.
[INFO] Enola: Solve for Rydberg stage 163/798.
[INFO] Enola: Solve for Rydberg stage 164/798.
[INFO] Enola: Solve for Rydberg stage 165/798.
[INFO] Enola: Solve for Rydberg stage 166/798.
[INFO] Enola: Solve for Rydberg stage 167/798.
[INFO] Enola: Solve for Rydberg stage 168/798.
[INFO] Enola: Solve for Rydberg stage 169/798.
[INFO] Enola: Solve for Rydberg stage 170/798.
[INFO] Enola: Solve for Rydberg stage 171/798.
[INFO] Enola: Solve for Rydberg stage 172/798.
[INFO] Enola: Solve for Rydberg stage 173/798.
[INFO] Enola: Solve for Rydberg stage 174/798.
[INFO] Enola: Solve for Rydberg stage 175/798.
[INFO] Enola: Solve for Rydberg stage 176/798.
[INFO] Enola: Solve for Rydberg stage 177/798.
[INFO] Enola: Solve for Rydberg stage 178/798.
[INFO] Enola: Solve for Rydberg stage 179/798.
[INFO] Enola: Solve for Rydberg stage 180/798.
[INFO] Enola: Solve for Rydberg stage 181/798.
[INFO] Enola: Solve for Rydberg stage 182/798.
[INFO] Enola: Solve for Rydberg stage 183/798.
[INFO] Enola: Solve for Rydberg stage 184/798.
[INFO] Enola: Solve for Rydberg stage 185/798.
[INFO] Enola: Solve for Rydberg stage 186/798.
[INFO] Enola: Solve for Rydberg stage 187/798.
[INFO] Enola: Solve for Rydberg stage 188/798.
[INFO] Enola: Solve for Rydberg stage 189/798.
[INFO] Enola: Solve for Rydberg stage 190/798.
[INFO] Enola: Solve for Rydberg stage 191/798.
[INFO] Enola: Solve for Rydberg stage 192/798.
[INFO] Enola: Solve for Rydberg stage 193/798.
[INFO] Enola: Solve for Rydberg stage 194/798.
[INFO] Enola: Solve for Rydberg stage 195/798.
[INFO] Enola: Solve for Rydberg stage 196/798.
[INFO] Enola: Solve for Rydberg stage 197/798.
[INFO] Enola: Solve for Rydberg stage 198/798.
[INFO] Enola: Solve for Rydberg stage 199/798.
[INFO] Enola: Solve for Rydberg stage 200/798.
[INFO] Enola: Solve for Rydberg stage 201/798.
[INFO] Enola: Solve for Rydberg stage 202/798.
[INFO] Enola: Solve for Rydberg stage 203/798.
[INFO] Enola: Solve for Rydberg stage 204/798.
[INFO] Enola: Solve for Rydberg stage 205/798.
[INFO] Enola: Solve for Rydberg stage 206/798.
[INFO] Enola: Solve for Rydberg stage 207/798.
[INFO] Enola: Solve for Rydberg stage 208/798.
[INFO] Enola: Solve for Rydberg stage 209/798.
[INFO] Enola: Solve for Rydberg stage 210/798.
[INFO] Enola: Solve for Rydberg stage 211/798.
[INFO] Enola: Solve for Rydberg stage 212/798.
[INFO] Enola: Solve for Rydberg stage 213/798.
[INFO] Enola: Solve for Rydberg stage 214/798.
[INFO] Enola: Solve for Rydberg stage 215/798.
[INFO] Enola: Solve for Rydberg stage 216/798.
[INFO] Enola: Solve for Rydberg stage 217/798.
[INFO] Enola: Solve for Rydberg stage 218/798.
[INFO] Enola: Solve for Rydberg stage 219/798.
[INFO] Enola: Solve for Rydberg stage 220/798.
[INFO] Enola: Solve for Rydberg stage 221/798.
[INFO] Enola: Solve for Rydberg stage 222/798.
[INFO] Enola: Solve for Rydberg stage 223/798.
[INFO] Enola: Solve for Rydberg stage 224/798.
[INFO] Enola: Solve for Rydberg stage 225/798.
[INFO] Enola: Solve for Rydberg stage 226/798.
[INFO] Enola: Solve for Rydberg stage 227/798.
[INFO] Enola: Solve for Rydberg stage 228/798.
[INFO] Enola: Solve for Rydberg stage 229/798.
[INFO] Enola: Solve for Rydberg stage 230/798.
[INFO] Enola: Solve for Rydberg stage 231/798.
[INFO] Enola: Solve for Rydberg stage 232/798.
[INFO] Enola: Solve for Rydberg stage 233/798.
[INFO] Enola: Solve for Rydberg stage 234/798.
[INFO] Enola: Solve for Rydberg stage 235/798.
[INFO] Enola: Solve for Rydberg stage 236/798.
[INFO] Enola: Solve for Rydberg stage 237/798.
[INFO] Enola: Solve for Rydberg stage 238/798.
[INFO] Enola: Solve for Rydberg stage 239/798.
[INFO] Enola: Solve for Rydberg stage 240/798.
[INFO] Enola: Solve for Rydberg stage 241/798.
[INFO] Enola: Solve for Rydberg stage 242/798.
[INFO] Enola: Solve for Rydberg stage 243/798.
[INFO] Enola: Solve for Rydberg stage 244/798.
[INFO] Enola: Solve for Rydberg stage 245/798.
[INFO] Enola: Solve for Rydberg stage 246/798.
[INFO] Enola: Solve for Rydberg stage 247/798.
[INFO] Enola: Solve for Rydberg stage 248/798.
[INFO] Enola: Solve for Rydberg stage 249/798.
[INFO] Enola: Solve for Rydberg stage 250/798.
[INFO] Enola: Solve for Rydberg stage 251/798.
[INFO] Enola: Solve for Rydberg stage 252/798.
[INFO] Enola: Solve for Rydberg stage 253/798.
[INFO] Enola: Solve for Rydberg stage 254/798.
[INFO] Enola: Solve for Rydberg stage 255/798.
[INFO] Enola: Solve for Rydberg stage 256/798.
[INFO] Enola: Solve for Rydberg stage 257/798.
[INFO] Enola: Solve for Rydberg stage 258/798.
[INFO] Enola: Solve for Rydberg stage 259/798.
[INFO] Enola: Solve for Rydberg stage 260/798.
[INFO] Enola: Solve for Rydberg stage 261/798.
[INFO] Enola: Solve for Rydberg stage 262/798.
[INFO] Enola: Solve for Rydberg stage 263/798.
[INFO] Enola: Solve for Rydberg stage 264/798.
[INFO] Enola: Solve for Rydberg stage 265/798.
[INFO] Enola: Solve for Rydberg stage 266/798.
[INFO] Enola: Solve for Rydberg stage 267/798.
[INFO] Enola: Solve for Rydberg stage 268/798.
[INFO] Enola: Solve for Rydberg stage 269/798.
[INFO] Enola: Solve for Rydberg stage 270/798.
[INFO] Enola: Solve for Rydberg stage 271/798.
[INFO] Enola: Solve for Rydberg stage 272/798.
[INFO] Enola: Solve for Rydberg stage 273/798.
[INFO] Enola: Solve for Rydberg stage 274/798.
[INFO] Enola: Solve for Rydberg stage 275/798.
[INFO] Enola: Solve for Rydberg stage 276/798.
[INFO] Enola: Solve for Rydberg stage 277/798.
[INFO] Enola: Solve for Rydberg stage 278/798.
[INFO] Enola: Solve for Rydberg stage 279/798.
[INFO] Enola: Solve for Rydberg stage 280/798.
[INFO] Enola: Solve for Rydberg stage 281/798.
[INFO] Enola: Solve for Rydberg stage 282/798.
[INFO] Enola: Solve for Rydberg stage 283/798.
[INFO] Enola: Solve for Rydberg stage 284/798.
[INFO] Enola: Solve for Rydberg stage 285/798.
[INFO] Enola: Solve for Rydberg stage 286/798.
[INFO] Enola: Solve for Rydberg stage 287/798.
[INFO] Enola: Solve for Rydberg stage 288/798.
[INFO] Enola: Solve for Rydberg stage 289/798.
[INFO] Enola: Solve for Rydberg stage 290/798.
[INFO] Enola: Solve for Rydberg stage 291/798.
[INFO] Enola: Solve for Rydberg stage 292/798.
[INFO] Enola: Solve for Rydberg stage 293/798.
[INFO] Enola: Solve for Rydberg stage 294/798.
[INFO] Enola: Solve for Rydberg stage 295/798.
[INFO] Enola: Solve for Rydberg stage 296/798.
[INFO] Enola: Solve for Rydberg stage 297/798.
[INFO] Enola: Solve for Rydberg stage 298/798.
[INFO] Enola: Solve for Rydberg stage 299/798.
[INFO] Enola: Solve for Rydberg stage 300/798.
[INFO] Enola: Solve for Rydberg stage 301/798.
[INFO] Enola: Solve for Rydberg stage 302/798.
[INFO] Enola: Solve for Rydberg stage 303/798.
[INFO] Enola: Solve for Rydberg stage 304/798.
[INFO] Enola: Solve for Rydberg stage 305/798.
[INFO] Enola: Solve for Rydberg stage 306/798.
[INFO] Enola: Solve for Rydberg stage 307/798.
[INFO] Enola: Solve for Rydberg stage 308/798.
[INFO] Enola: Solve for Rydberg stage 309/798.
[INFO] Enola: Solve for Rydberg stage 310/798.
[INFO] Enola: Solve for Rydberg stage 311/798.
[INFO] Enola: Solve for Rydberg stage 312/798.
[INFO] Enola: Solve for Rydberg stage 313/798.
[INFO] Enola: Solve for Rydberg stage 314/798.
[INFO] Enola: Solve for Rydberg stage 315/798.
[INFO] Enola: Solve for Rydberg stage 316/798.
[INFO] Enola: Solve for Rydberg stage 317/798.
[INFO] Enola: Solve for Rydberg stage 318/798.
[INFO] Enola: Solve for Rydberg stage 319/798.
[INFO] Enola: Solve for Rydberg stage 320/798.
[INFO] Enola: Solve for Rydberg stage 321/798.
[INFO] Enola: Solve for Rydberg stage 322/798.
[INFO] Enola: Solve for Rydberg stage 323/798.
[INFO] Enola: Solve for Rydberg stage 324/798.
[INFO] Enola: Solve for Rydberg stage 325/798.
[INFO] Enola: Solve for Rydberg stage 326/798.
[INFO] Enola: Solve for Rydberg stage 327/798.
[INFO] Enola: Solve for Rydberg stage 328/798.
[INFO] Enola: Solve for Rydberg stage 329/798.
[INFO] Enola: Solve for Rydberg stage 330/798.
[INFO] Enola: Solve for Rydberg stage 331/798.
[INFO] Enola: Solve for Rydberg stage 332/798.
[INFO] Enola: Solve for Rydberg stage 333/798.
[INFO] Enola: Solve for Rydberg stage 334/798.
[INFO] Enola: Solve for Rydberg stage 335/798.
[INFO] Enola: Solve for Rydberg stage 336/798.
[INFO] Enola: Solve for Rydberg stage 337/798.
[INFO] Enola: Solve for Rydberg stage 338/798.
[INFO] Enola: Solve for Rydberg stage 339/798.
[INFO] Enola: Solve for Rydberg stage 340/798.
[INFO] Enola: Solve for Rydberg stage 341/798.
[INFO] Enola: Solve for Rydberg stage 342/798.
[INFO] Enola: Solve for Rydberg stage 343/798.
[INFO] Enola: Solve for Rydberg stage 344/798.
[INFO] Enola: Solve for Rydberg stage 345/798.
[INFO] Enola: Solve for Rydberg stage 346/798.
[INFO] Enola: Solve for Rydberg stage 347/798.
[INFO] Enola: Solve for Rydberg stage 348/798.
[INFO] Enola: Solve for Rydberg stage 349/798.
[INFO] Enola: Solve for Rydberg stage 350/798.
[INFO] Enola: Solve for Rydberg stage 351/798.
[INFO] Enola: Solve for Rydberg stage 352/798.
[INFO] Enola: Solve for Rydberg stage 353/798.
[INFO] Enola: Solve for Rydberg stage 354/798.
[INFO] Enola: Solve for Rydberg stage 355/798.
[INFO] Enola: Solve for Rydberg stage 356/798.
[INFO] Enola: Solve for Rydberg stage 357/798.
[INFO] Enola: Solve for Rydberg stage 358/798.
[INFO] Enola: Solve for Rydberg stage 359/798.
[INFO] Enola: Solve for Rydberg stage 360/798.
[INFO] Enola: Solve for Rydberg stage 361/798.
[INFO] Enola: Solve for Rydberg stage 362/798.
[INFO] Enola: Solve for Rydberg stage 363/798.
[INFO] Enola: Solve for Rydberg stage 364/798.
[INFO] Enola: Solve for Rydberg stage 365/798.
[INFO] Enola: Solve for Rydberg stage 366/798.
[INFO] Enola: Solve for Rydberg stage 367/798.
[INFO] Enola: Solve for Rydberg stage 368/798.
[INFO] Enola: Solve for Rydberg stage 369/798.
[INFO] Enola: Solve for Rydberg stage 370/798.
[INFO] Enola: Solve for Rydberg stage 371/798.
[INFO] Enola: Solve for Rydberg stage 372/798.
[INFO] Enola: Solve for Rydberg stage 373/798.
[INFO] Enola: Solve for Rydberg stage 374/798.
[INFO] Enola: Solve for Rydberg stage 375/798.
[INFO] Enola: Solve for Rydberg stage 376/798.
[INFO] Enola: Solve for Rydberg stage 377/798.
[INFO] Enola: Solve for Rydberg stage 378/798.
[INFO] Enola: Solve for Rydberg stage 379/798.
[INFO] Enola: Solve for Rydberg stage 380/798.
[INFO] Enola: Solve for Rydberg stage 381/798.
[INFO] Enola: Solve for Rydberg stage 382/798.
[INFO] Enola: Solve for Rydberg stage 383/798.
[INFO] Enola: Solve for Rydberg stage 384/798.
[INFO] Enola: Solve for Rydberg stage 385/798.
[INFO] Enola: Solve for Rydberg stage 386/798.
[INFO] Enola: Solve for Rydberg stage 387/798.
[INFO] Enola: Solve for Rydberg stage 388/798.
[INFO] Enola: Solve for Rydberg stage 389/798.
[INFO] Enola: Solve for Rydberg stage 390/798.
[INFO] Enola: Solve for Rydberg stage 391/798.
[INFO] Enola: Solve for Rydberg stage 392/798.
[INFO] Enola: Solve for Rydberg stage 393/798.
[INFO] Enola: Solve for Rydberg stage 394/798.
[INFO] Enola: Solve for Rydberg stage 395/798.
[INFO] Enola: Solve for Rydberg stage 396/798.
[INFO] Enola: Solve for Rydberg stage 397/798.
[INFO] Enola: Solve for Rydberg stage 398/798.
[INFO] Enola: Solve for Rydberg stage 399/798.
[INFO] Enola: Solve for Rydberg stage 400/798.
[INFO] Enola: Solve for Rydberg stage 401/798.
[INFO] Enola: Solve for Rydberg stage 402/798.
[INFO] Enola: Solve for Rydberg stage 403/798.
[INFO] Enola: Solve for Rydberg stage 404/798.
[INFO] Enola: Solve for Rydberg stage 405/798.
[INFO] Enola: Solve for Rydberg stage 406/798.
[INFO] Enola: Solve for Rydberg stage 407/798.
[INFO] Enola: Solve for Rydberg stage 408/798.
[INFO] Enola: Solve for Rydberg stage 409/798.
[INFO] Enola: Solve for Rydberg stage 410/798.
[INFO] Enola: Solve for Rydberg stage 411/798.
[INFO] Enola: Solve for Rydberg stage 412/798.
[INFO] Enola: Solve for Rydberg stage 413/798.
[INFO] Enola: Solve for Rydberg stage 414/798.
[INFO] Enola: Solve for Rydberg stage 415/798.
[INFO] Enola: Solve for Rydberg stage 416/798.
[INFO] Enola: Solve for Rydberg stage 417/798.
[INFO] Enola: Solve for Rydberg stage 418/798.
[INFO] Enola: Solve for Rydberg stage 419/798.
[INFO] Enola: Solve for Rydberg stage 420/798.
[INFO] Enola: Solve for Rydberg stage 421/798.
[INFO] Enola: Solve for Rydberg stage 422/798.
[INFO] Enola: Solve for Rydberg stage 423/798.
[INFO] Enola: Solve for Rydberg stage 424/798.
[INFO] Enola: Solve for Rydberg stage 425/798.
[INFO] Enola: Solve for Rydberg stage 426/798.
[INFO] Enola: Solve for Rydberg stage 427/798.
[INFO] Enola: Solve for Rydberg stage 428/798.
[INFO] Enola: Solve for Rydberg stage 429/798.
[INFO] Enola: Solve for Rydberg stage 430/798.
[INFO] Enola: Solve for Rydberg stage 431/798.
[INFO] Enola: Solve for Rydberg stage 432/798.
[INFO] Enola: Solve for Rydberg stage 433/798.
[INFO] Enola: Solve for Rydberg stage 434/798.
[INFO] Enola: Solve for Rydberg stage 435/798.
[INFO] Enola: Solve for Rydberg stage 436/798.
[INFO] Enola: Solve for Rydberg stage 437/798.
[INFO] Enola: Solve for Rydberg stage 438/798.
[INFO] Enola: Solve for Rydberg stage 439/798.
[INFO] Enola: Solve for Rydberg stage 440/798.
[INFO] Enola: Solve for Rydberg stage 441/798.
[INFO] Enola: Solve for Rydberg stage 442/798.
[INFO] Enola: Solve for Rydberg stage 443/798.
[INFO] Enola: Solve for Rydberg stage 444/798.
[INFO] Enola: Solve for Rydberg stage 445/798.
[INFO] Enola: Solve for Rydberg stage 446/798.
[INFO] Enola: Solve for Rydberg stage 447/798.
[INFO] Enola: Solve for Rydberg stage 448/798.
[INFO] Enola: Solve for Rydberg stage 449/798.
[INFO] Enola: Solve for Rydberg stage 450/798.
[INFO] Enola: Solve for Rydberg stage 451/798.
[INFO] Enola: Solve for Rydberg stage 452/798.
[INFO] Enola: Solve for Rydberg stage 453/798.
[INFO] Enola: Solve for Rydberg stage 454/798.
[INFO] Enola: Solve for Rydberg stage 455/798.
[INFO] Enola: Solve for Rydberg stage 456/798.
[INFO] Enola: Solve for Rydberg stage 457/798.
[INFO] Enola: Solve for Rydberg stage 458/798.
[INFO] Enola: Solve for Rydberg stage 459/798.
[INFO] Enola: Solve for Rydberg stage 460/798.
[INFO] Enola: Solve for Rydberg stage 461/798.
[INFO] Enola: Solve for Rydberg stage 462/798.
[INFO] Enola: Solve for Rydberg stage 463/798.
[INFO] Enola: Solve for Rydberg stage 464/798.
[INFO] Enola: Solve for Rydberg stage 465/798.
[INFO] Enola: Solve for Rydberg stage 466/798.
[INFO] Enola: Solve for Rydberg stage 467/798.
[INFO] Enola: Solve for Rydberg stage 468/798.
[INFO] Enola: Solve for Rydberg stage 469/798.
[INFO] Enola: Solve for Rydberg stage 470/798.
[INFO] Enola: Solve for Rydberg stage 471/798.
[INFO] Enola: Solve for Rydberg stage 472/798.
[INFO] Enola: Solve for Rydberg stage 473/798.
[INFO] Enola: Solve for Rydberg stage 474/798.
[INFO] Enola: Solve for Rydberg stage 475/798.
[INFO] Enola: Solve for Rydberg stage 476/798.
[INFO] Enola: Solve for Rydberg stage 477/798.
[INFO] Enola: Solve for Rydberg stage 478/798.
[INFO] Enola: Solve for Rydberg stage 479/798.
[INFO] Enola: Solve for Rydberg stage 480/798.
[INFO] Enola: Solve for Rydberg stage 481/798.
[INFO] Enola: Solve for Rydberg stage 482/798.
[INFO] Enola: Solve for Rydberg stage 483/798.
[INFO] Enola: Solve for Rydberg stage 484/798.
[INFO] Enola: Solve for Rydberg stage 485/798.
[INFO] Enola: Solve for Rydberg stage 486/798.
[INFO] Enola: Solve for Rydberg stage 487/798.
[INFO] Enola: Solve for Rydberg stage 488/798.
[INFO] Enola: Solve for Rydberg stage 489/798.
[INFO] Enola: Solve for Rydberg stage 490/798.
[INFO] Enola: Solve for Rydberg stage 491/798.
[INFO] Enola: Solve for Rydberg stage 492/798.
[INFO] Enola: Solve for Rydberg stage 493/798.
[INFO] Enola: Solve for Rydberg stage 494/798.
[INFO] Enola: Solve for Rydberg stage 495/798.
[INFO] Enola: Solve for Rydberg stage 496/798.
[INFO] Enola: Solve for Rydberg stage 497/798.
[INFO] Enola: Solve for Rydberg stage 498/798.
[INFO] Enola: Solve for Rydberg stage 499/798.
[INFO] Enola: Solve for Rydberg stage 500/798.
[INFO] Enola: Solve for Rydberg stage 501/798.
[INFO] Enola: Solve for Rydberg stage 502/798.
[INFO] Enola: Solve for Rydberg stage 503/798.
[INFO] Enola: Solve for Rydberg stage 504/798.
[INFO] Enola: Solve for Rydberg stage 505/798.
[INFO] Enola: Solve for Rydberg stage 506/798.
[INFO] Enola: Solve for Rydberg stage 507/798.
[INFO] Enola: Solve for Rydberg stage 508/798.
[INFO] Enola: Solve for Rydberg stage 509/798.
[INFO] Enola: Solve for Rydberg stage 510/798.
[INFO] Enola: Solve for Rydberg stage 511/798.
[INFO] Enola: Solve for Rydberg stage 512/798.
[INFO] Enola: Solve for Rydberg stage 513/798.
[INFO] Enola: Solve for Rydberg stage 514/798.
[INFO] Enola: Solve for Rydberg stage 515/798.
[INFO] Enola: Solve for Rydberg stage 516/798.
[INFO] Enola: Solve for Rydberg stage 517/798.
[INFO] Enola: Solve for Rydberg stage 518/798.
[INFO] Enola: Solve for Rydberg stage 519/798.
[INFO] Enola: Solve for Rydberg stage 520/798.
[INFO] Enola: Solve for Rydberg stage 521/798.
[INFO] Enola: Solve for Rydberg stage 522/798.
[INFO] Enola: Solve for Rydberg stage 523/798.
[INFO] Enola: Solve for Rydberg stage 524/798.
[INFO] Enola: Solve for Rydberg stage 525/798.
[INFO] Enola: Solve for Rydberg stage 526/798.
[INFO] Enola: Solve for Rydberg stage 527/798.
[INFO] Enola: Solve for Rydberg stage 528/798.
[INFO] Enola: Solve for Rydberg stage 529/798.
[INFO] Enola: Solve for Rydberg stage 530/798.
[INFO] Enola: Solve for Rydberg stage 531/798.
[INFO] Enola: Solve for Rydberg stage 532/798.
[INFO] Enola: Solve for Rydberg stage 533/798.
[INFO] Enola: Solve for Rydberg stage 534/798.
[INFO] Enola: Solve for Rydberg stage 535/798.
[INFO] Enola: Solve for Rydberg stage 536/798.
[INFO] Enola: Solve for Rydberg stage 537/798.
[INFO] Enola: Solve for Rydberg stage 538/798.
[INFO] Enola: Solve for Rydberg stage 539/798.
[INFO] Enola: Solve for Rydberg stage 540/798.
[INFO] Enola: Solve for Rydberg stage 541/798.
[INFO] Enola: Solve for Rydberg stage 542/798.
[INFO] Enola: Solve for Rydberg stage 543/798.
[INFO] Enola: Solve for Rydberg stage 544/798.
[INFO] Enola: Solve for Rydberg stage 545/798.
[INFO] Enola: Solve for Rydberg stage 546/798.
[INFO] Enola: Solve for Rydberg stage 547/798.
[INFO] Enola: Solve for Rydberg stage 548/798.
[INFO] Enola: Solve for Rydberg stage 549/798.
[INFO] Enola: Solve for Rydberg stage 550/798.
[INFO] Enola: Solve for Rydberg stage 551/798.
[INFO] Enola: Solve for Rydberg stage 552/798.
[INFO] Enola: Solve for Rydberg stage 553/798.
[INFO] Enola: Solve for Rydberg stage 554/798.
[INFO] Enola: Solve for Rydberg stage 555/798.
[INFO] Enola: Solve for Rydberg stage 556/798.
[INFO] Enola: Solve for Rydberg stage 557/798.
[INFO] Enola: Solve for Rydberg stage 558/798.
[INFO] Enola: Solve for Rydberg stage 559/798.
[INFO] Enola: Solve for Rydberg stage 560/798.
[INFO] Enola: Solve for Rydberg stage 561/798.
[INFO] Enola: Solve for Rydberg stage 562/798.
[INFO] Enola: Solve for Rydberg stage 563/798.
[INFO] Enola: Solve for Rydberg stage 564/798.
[INFO] Enola: Solve for Rydberg stage 565/798.
[INFO] Enola: Solve for Rydberg stage 566/798.
[INFO] Enola: Solve for Rydberg stage 567/798.
[INFO] Enola: Solve for Rydberg stage 568/798.
[INFO] Enola: Solve for Rydberg stage 569/798.
[INFO] Enola: Solve for Rydberg stage 570/798.
[INFO] Enola: Solve for Rydberg stage 571/798.
[INFO] Enola: Solve for Rydberg stage 572/798.
[INFO] Enola: Solve for Rydberg stage 573/798.
[INFO] Enola: Solve for Rydberg stage 574/798.
[INFO] Enola: Solve for Rydberg stage 575/798.
[INFO] Enola: Solve for Rydberg stage 576/798.
[INFO] Enola: Solve for Rydberg stage 577/798.
[INFO] Enola: Solve for Rydberg stage 578/798.
[INFO] Enola: Solve for Rydberg stage 579/798.
[INFO] Enola: Solve for Rydberg stage 580/798.
[INFO] Enola: Solve for Rydberg stage 581/798.
[INFO] Enola: Solve for Rydberg stage 582/798.
[INFO] Enola: Solve for Rydberg stage 583/798.
[INFO] Enola: Solve for Rydberg stage 584/798.
[INFO] Enola: Solve for Rydberg stage 585/798.
[INFO] Enola: Solve for Rydberg stage 586/798.
[INFO] Enola: Solve for Rydberg stage 587/798.
[INFO] Enola: Solve for Rydberg stage 588/798.
[INFO] Enola: Solve for Rydberg stage 589/798.
[INFO] Enola: Solve for Rydberg stage 590/798.
[INFO] Enola: Solve for Rydberg stage 591/798.
[INFO] Enola: Solve for Rydberg stage 592/798.
[INFO] Enola: Solve for Rydberg stage 593/798.
[INFO] Enola: Solve for Rydberg stage 594/798.
[INFO] Enola: Solve for Rydberg stage 595/798.
[INFO] Enola: Solve for Rydberg stage 596/798.
[INFO] Enola: Solve for Rydberg stage 597/798.
[INFO] Enola: Solve for Rydberg stage 598/798.
[INFO] Enola: Solve for Rydberg stage 599/798.
[INFO] Enola: Solve for Rydberg stage 600/798.
[INFO] Enola: Solve for Rydberg stage 601/798.
[INFO] Enola: Solve for Rydberg stage 602/798.
[INFO] Enola: Solve for Rydberg stage 603/798.
[INFO] Enola: Solve for Rydberg stage 604/798.
[INFO] Enola: Solve for Rydberg stage 605/798.
[INFO] Enola: Solve for Rydberg stage 606/798.
[INFO] Enola: Solve for Rydberg stage 607/798.
[INFO] Enola: Solve for Rydberg stage 608/798.
[INFO] Enola: Solve for Rydberg stage 609/798.
[INFO] Enola: Solve for Rydberg stage 610/798.
[INFO] Enola: Solve for Rydberg stage 611/798.
[INFO] Enola: Solve for Rydberg stage 612/798.
[INFO] Enola: Solve for Rydberg stage 613/798.
[INFO] Enola: Solve for Rydberg stage 614/798.
[INFO] Enola: Solve for Rydberg stage 615/798.
[INFO] Enola: Solve for Rydberg stage 616/798.
[INFO] Enola: Solve for Rydberg stage 617/798.
[INFO] Enola: Solve for Rydberg stage 618/798.
[INFO] Enola: Solve for Rydberg stage 619/798.
[INFO] Enola: Solve for Rydberg stage 620/798.
[INFO] Enola: Solve for Rydberg stage 621/798.
[INFO] Enola: Solve for Rydberg stage 622/798.
[INFO] Enola: Solve for Rydberg stage 623/798.
[INFO] Enola: Solve for Rydberg stage 624/798.
[INFO] Enola: Solve for Rydberg stage 625/798.
[INFO] Enola: Solve for Rydberg stage 626/798.
[INFO] Enola: Solve for Rydberg stage 627/798.
[INFO] Enola: Solve for Rydberg stage 628/798.
[INFO] Enola: Solve for Rydberg stage 629/798.
[INFO] Enola: Solve for Rydberg stage 630/798.
[INFO] Enola: Solve for Rydberg stage 631/798.
[INFO] Enola: Solve for Rydberg stage 632/798.
[INFO] Enola: Solve for Rydberg stage 633/798.
[INFO] Enola: Solve for Rydberg stage 634/798.
[INFO] Enola: Solve for Rydberg stage 635/798.
[INFO] Enola: Solve for Rydberg stage 636/798.
[INFO] Enola: Solve for Rydberg stage 637/798.
[INFO] Enola: Solve for Rydberg stage 638/798.
[INFO] Enola: Solve for Rydberg stage 639/798.
[INFO] Enola: Solve for Rydberg stage 640/798.
[INFO] Enola: Solve for Rydberg stage 641/798.
[INFO] Enola: Solve for Rydberg stage 642/798.
[INFO] Enola: Solve for Rydberg stage 643/798.
[INFO] Enola: Solve for Rydberg stage 644/798.
[INFO] Enola: Solve for Rydberg stage 645/798.
[INFO] Enola: Solve for Rydberg stage 646/798.
[INFO] Enola: Solve for Rydberg stage 647/798.
[INFO] Enola: Solve for Rydberg stage 648/798.
[INFO] Enola: Solve for Rydberg stage 649/798.
[INFO] Enola: Solve for Rydberg stage 650/798.
[INFO] Enola: Solve for Rydberg stage 651/798.
[INFO] Enola: Solve for Rydberg stage 652/798.
[INFO] Enola: Solve for Rydberg stage 653/798.
[INFO] Enola: Solve for Rydberg stage 654/798.
[INFO] Enola: Solve for Rydberg stage 655/798.
[INFO] Enola: Solve for Rydberg stage 656/798.
[INFO] Enola: Solve for Rydberg stage 657/798.
[INFO] Enola: Solve for Rydberg stage 658/798.
[INFO] Enola: Solve for Rydberg stage 659/798.
[INFO] Enola: Solve for Rydberg stage 660/798.
[INFO] Enola: Solve for Rydberg stage 661/798.
[INFO] Enola: Solve for Rydberg stage 662/798.
[INFO] Enola: Solve for Rydberg stage 663/798.
[INFO] Enola: Solve for Rydberg stage 664/798.
[INFO] Enola: Solve for Rydberg stage 665/798.
[INFO] Enola: Solve for Rydberg stage 666/798.
[INFO] Enola: Solve for Rydberg stage 667/798.
[INFO] Enola: Solve for Rydberg stage 668/798.
[INFO] Enola: Solve for Rydberg stage 669/798.
[INFO] Enola: Solve for Rydberg stage 670/798.
[INFO] Enola: Solve for Rydberg stage 671/798.
[INFO] Enola: Solve for Rydberg stage 672/798.
[INFO] Enola: Solve for Rydberg stage 673/798.
[INFO] Enola: Solve for Rydberg stage 674/798.
[INFO] Enola: Solve for Rydberg stage 675/798.
[INFO] Enola: Solve for Rydberg stage 676/798.
[INFO] Enola: Solve for Rydberg stage 677/798.
[INFO] Enola: Solve for Rydberg stage 678/798.
[INFO] Enola: Solve for Rydberg stage 679/798.
[INFO] Enola: Solve for Rydberg stage 680/798.
[INFO] Enola: Solve for Rydberg stage 681/798.
[INFO] Enola: Solve for Rydberg stage 682/798.
[INFO] Enola: Solve for Rydberg stage 683/798.
[INFO] Enola: Solve for Rydberg stage 684/798.
[INFO] Enola: Solve for Rydberg stage 685/798.
[INFO] Enola: Solve for Rydberg stage 686/798.
[INFO] Enola: Solve for Rydberg stage 687/798.
[INFO] Enola: Solve for Rydberg stage 688/798.
[INFO] Enola: Solve for Rydberg stage 689/798.
[INFO] Enola: Solve for Rydberg stage 690/798.
[INFO] Enola: Solve for Rydberg stage 691/798.
[INFO] Enola: Solve for Rydberg stage 692/798.
[INFO] Enola: Solve for Rydberg stage 693/798.
[INFO] Enola: Solve for Rydberg stage 694/798.
[INFO] Enola: Solve for Rydberg stage 695/798.
[INFO] Enola: Solve for Rydberg stage 696/798.
[INFO] Enola: Solve for Rydberg stage 697/798.
[INFO] Enola: Solve for Rydberg stage 698/798.
[INFO] Enola: Solve for Rydberg stage 699/798.
[INFO] Enola: Solve for Rydberg stage 700/798.
[INFO] Enola: Solve for Rydberg stage 701/798.
[INFO] Enola: Solve for Rydberg stage 702/798.
[INFO] Enola: Solve for Rydberg stage 703/798.
[INFO] Enola: Solve for Rydberg stage 704/798.
[INFO] Enola: Solve for Rydberg stage 705/798.
[INFO] Enola: Solve for Rydberg stage 706/798.
[INFO] Enola: Solve for Rydberg stage 707/798.
[INFO] Enola: Solve for Rydberg stage 708/798.
[INFO] Enola: Solve for Rydberg stage 709/798.
[INFO] Enola: Solve for Rydberg stage 710/798.
[INFO] Enola: Solve for Rydberg stage 711/798.
[INFO] Enola: Solve for Rydberg stage 712/798.
[INFO] Enola: Solve for Rydberg stage 713/798.
[INFO] Enola: Solve for Rydberg stage 714/798.
[INFO] Enola: Solve for Rydberg stage 715/798.
[INFO] Enola: Solve for Rydberg stage 716/798.
[INFO] Enola: Solve for Rydberg stage 717/798.
[INFO] Enola: Solve for Rydberg stage 718/798.
[INFO] Enola: Solve for Rydberg stage 719/798.
[INFO] Enola: Solve for Rydberg stage 720/798.
[INFO] Enola: Solve for Rydberg stage 721/798.
[INFO] Enola: Solve for Rydberg stage 722/798.
[INFO] Enola: Solve for Rydberg stage 723/798.
[INFO] Enola: Solve for Rydberg stage 724/798.
[INFO] Enola: Solve for Rydberg stage 725/798.
[INFO] Enola: Solve for Rydberg stage 726/798.
[INFO] Enola: Solve for Rydberg stage 727/798.
[INFO] Enola: Solve for Rydberg stage 728/798.
[INFO] Enola: Solve for Rydberg stage 729/798.
[INFO] Enola: Solve for Rydberg stage 730/798.
[INFO] Enola: Solve for Rydberg stage 731/798.
[INFO] Enola: Solve for Rydberg stage 732/798.
[INFO] Enola: Solve for Rydberg stage 733/798.
[INFO] Enola: Solve for Rydberg stage 734/798.
[INFO] Enola: Solve for Rydberg stage 735/798.
[INFO] Enola: Solve for Rydberg stage 736/798.
[INFO] Enola: Solve for Rydberg stage 737/798.
[INFO] Enola: Solve for Rydberg stage 738/798.
[INFO] Enola: Solve for Rydberg stage 739/798.
[INFO] Enola: Solve for Rydberg stage 740/798.
[INFO] Enola: Solve for Rydberg stage 741/798.
[INFO] Enola: Solve for Rydberg stage 742/798.
[INFO] Enola: Solve for Rydberg stage 743/798.
[INFO] Enola: Solve for Rydberg stage 744/798.
[INFO] Enola: Solve for Rydberg stage 745/798.
[INFO] Enola: Solve for Rydberg stage 746/798.
[INFO] Enola: Solve for Rydberg stage 747/798.
[INFO] Enola: Solve for Rydberg stage 748/798.
[INFO] Enola: Solve for Rydberg stage 749/798.
[INFO] Enola: Solve for Rydberg stage 750/798.
[INFO] Enola: Solve for Rydberg stage 751/798.
[INFO] Enola: Solve for Rydberg stage 752/798.
[INFO] Enola: Solve for Rydberg stage 753/798.
[INFO] Enola: Solve for Rydberg stage 754/798.
[INFO] Enola: Solve for Rydberg stage 755/798.
[INFO] Enola: Solve for Rydberg stage 756/798.
[INFO] Enola: Solve for Rydberg stage 757/798.
[INFO] Enola: Solve for Rydberg stage 758/798.
[INFO] Enola: Solve for Rydberg stage 759/798.
[INFO] Enola: Solve for Rydberg stage 760/798.
[INFO] Enola: Solve for Rydberg stage 761/798.
[INFO] Enola: Solve for Rydberg stage 762/798.
[INFO] Enola: Solve for Rydberg stage 763/798.
[INFO] Enola: Solve for Rydberg stage 764/798.
[INFO] Enola: Solve for Rydberg stage 765/798.
[INFO] Enola: Solve for Rydberg stage 766/798.
[INFO] Enola: Solve for Rydberg stage 767/798.
[INFO] Enola: Solve for Rydberg stage 768/798.
[INFO] Enola: Solve for Rydberg stage 769/798.
[INFO] Enola: Solve for Rydberg stage 770/798.
[INFO] Enola: Solve for Rydberg stage 771/798.
[INFO] Enola: Solve for Rydberg stage 772/798.
[INFO] Enola: Solve for Rydberg stage 773/798.
[INFO] Enola: Solve for Rydberg stage 774/798.
[INFO] Enola: Solve for Rydberg stage 775/798.
[INFO] Enola: Solve for Rydberg stage 776/798.
[INFO] Enola: Solve for Rydberg stage 777/798.
[INFO] Enola: Solve for Rydberg stage 778/798.
[INFO] Enola: Solve for Rydberg stage 779/798.
[INFO] Enola: Solve for Rydberg stage 780/798.
[INFO] Enola: Solve for Rydberg stage 781/798.
[INFO] Enola: Solve for Rydberg stage 782/798.
[INFO] Enola: Solve for Rydberg stage 783/798.
[INFO] Enola: Solve for Rydberg stage 784/798.
[INFO] Enola: Solve for Rydberg stage 785/798.
[INFO] Enola: Solve for Rydberg stage 786/798.
[INFO] Enola: Solve for Rydberg stage 787/798.
[INFO] Enola: Solve for Rydberg stage 788/798.
[INFO] Enola: Solve for Rydberg stage 789/798.
[INFO] Enola: Solve for Rydberg stage 790/798.
[INFO] Enola: Solve for Rydberg stage 791/798.
[INFO] Enola: Solve for Rydberg stage 792/798.
[INFO] Enola: Solve for Rydberg stage 793/798.
[INFO] Enola: Solve for Rydberg stage 794/798.
[INFO] Enola: Solve for Rydberg stage 795/798.
[INFO] Enola: Solve for Rydberg stage 796/798.
[INFO] Enola: Solve for Rydberg stage 797/798.
[INFO] Enola: Solve for Rydberg stage 798/798.
[INFO] Enola: Solve for Rydberg stage 799/798.
[INFO] Enola: Time for routing: 0.11085104942321777s
[INFO] Enola: Total Time: 2.0822594165802s
Compilation successful.

2026-03-25 17:27:12,049 - BenchmarkManager - INFO - enola (run 1/1) - Running /u/halle/heiz/home_at/BachelorProject/benchmarks/uf_fix50_20-100/uf50-0100.qasm
2026-03-25 17:27:14,962 - Compiler.enola - INFO - STDOUT:
[INFO] Enola: Start Solving
[INFO] Enola: Run scheduling
[INFO] Enola: Time for scheduling: 0.0006222724914550781s
75
[INFO] Enola: Time for placement: 2.3126602172851562e-05s
[INFO] Enola: Solve for Rydberg stage 2/768.
[INFO] Enola: Solve for Rydberg stage 3/768.
[INFO] Enola: Solve for Rydberg stage 4/768.
[INFO] Enola: Solve for Rydberg stage 5/768.
[INFO] Enola: Solve for Rydberg stage 6/768.
[INFO] Enola: Solve for Rydberg stage 7/768.
[INFO] Enola: Solve for Rydberg stage 8/768.
[INFO] Enola: Solve for Rydberg stage 9/768.
[INFO] Enola: Solve for Rydberg stage 10/768.
[INFO] Enola: Solve for Rydberg stage 11/768.
[INFO] Enola: Solve for Rydberg stage 12/768.
[INFO] Enola: Solve for Rydberg stage 13/768.
[INFO] Enola: Solve for Rydberg stage 14/768.
[INFO] Enola: Solve for Rydberg stage 15/768.
[INFO] Enola: Solve for Rydberg stage 16/768.
[INFO] Enola: Solve for Rydberg stage 17/768.
[INFO] Enola: Solve for Rydberg stage 18/768.
[INFO] Enola: Solve for Rydberg stage 19/768.
[INFO] Enola: Solve for Rydberg stage 20/768.
[INFO] Enola: Solve for Rydberg stage 21/768.
[INFO] Enola: Solve for Rydberg stage 22/768.
[INFO] Enola: Solve for Rydberg stage 23/768.
[INFO] Enola: Solve for Rydberg stage 24/768.
[INFO] Enola: Solve for Rydberg stage 25/768.
[INFO] Enola: Solve for Rydberg stage 26/768.
[INFO] Enola: Solve for Rydberg stage 27/768.
[INFO] Enola: Solve for Rydberg stage 28/768.
[INFO] Enola: Solve for Rydberg stage 29/768.
[INFO] Enola: Solve for Rydberg stage 30/768.
[INFO] Enola: Solve for Rydberg stage 31/768.
[INFO] Enola: Solve for Rydberg stage 32/768.
[INFO] Enola: Solve for Rydberg stage 33/768.
[INFO] Enola: Solve for Rydberg stage 34/768.
[INFO] Enola: Solve for Rydberg stage 35/768.
[INFO] Enola: Solve for Rydberg stage 36/768.
[INFO] Enola: Solve for Rydberg stage 37/768.
[INFO] Enola: Solve for Rydberg stage 38/768.
[INFO] Enola: Solve for Rydberg stage 39/768.
[INFO] Enola: Solve for Rydberg stage 40/768.
[INFO] Enola: Solve for Rydberg stage 41/768.
[INFO] Enola: Solve for Rydberg stage 42/768.
[INFO] Enola: Solve for Rydberg stage 43/768.
[INFO] Enola: Solve for Rydberg stage 44/768.
[INFO] Enola: Solve for Rydberg stage 45/768.
[INFO] Enola: Solve for Rydberg stage 46/768.
[INFO] Enola: Solve for Rydberg stage 47/768.
[INFO] Enola: Solve for Rydberg stage 48/768.
[INFO] Enola: Solve for Rydberg stage 49/768.
[INFO] Enola: Solve for Rydberg stage 50/768.
[INFO] Enola: Solve for Rydberg stage 51/768.
[INFO] Enola: Solve for Rydberg stage 52/768.
[INFO] Enola: Solve for Rydberg stage 53/768.
[INFO] Enola: Solve for Rydberg stage 54/768.
[INFO] Enola: Solve for Rydberg stage 55/768.
[INFO] Enola: Solve for Rydberg stage 56/768.
[INFO] Enola: Solve for Rydberg stage 57/768.
[INFO] Enola: Solve for Rydberg stage 58/768.
[INFO] Enola: Solve for Rydberg stage 59/768.
[INFO] Enola: Solve for Rydberg stage 60/768.
[INFO] Enola: Solve for Rydberg stage 61/768.
[INFO] Enola: Solve for Rydberg stage 62/768.
[INFO] Enola: Solve for Rydberg stage 63/768.
[INFO] Enola: Solve for Rydberg stage 64/768.
[INFO] Enola: Solve for Rydberg stage 65/768.
[INFO] Enola: Solve for Rydberg stage 66/768.
[INFO] Enola: Solve for Rydberg stage 67/768.
[INFO] Enola: Solve for Rydberg stage 68/768.
[INFO] Enola: Solve for Rydberg stage 69/768.
[INFO] Enola: Solve for Rydberg stage 70/768.
[INFO] Enola: Solve for Rydberg stage 71/768.
[INFO] Enola: Solve for Rydberg stage 72/768.
[INFO] Enola: Solve for Rydberg stage 73/768.
[INFO] Enola: Solve for Rydberg stage 74/768.
[INFO] Enola: Solve for Rydberg stage 75/768.
[INFO] Enola: Solve for Rydberg stage 76/768.
[INFO] Enola: Solve for Rydberg stage 77/768.
[INFO] Enola: Solve for Rydberg stage 78/768.
[INFO] Enola: Solve for Rydberg stage 79/768.
[INFO] Enola: Solve for Rydberg stage 80/768.
[INFO] Enola: Solve for Rydberg stage 81/768.
[INFO] Enola: Solve for Rydberg stage 82/768.
[INFO] Enola: Solve for Rydberg stage 83/768.
[INFO] Enola: Solve for Rydberg stage 84/768.
[INFO] Enola: Solve for Rydberg stage 85/768.
[INFO] Enola: Solve for Rydberg stage 86/768.
[INFO] Enola: Solve for Rydberg stage 87/768.
[INFO] Enola: Solve for Rydberg stage 88/768.
[INFO] Enola: Solve for Rydberg stage 89/768.
[INFO] Enola: Solve for Rydberg stage 90/768.
[INFO] Enola: Solve for Rydberg stage 91/768.
[INFO] Enola: Solve for Rydberg stage 92/768.
[INFO] Enola: Solve for Rydberg stage 93/768.
[INFO] Enola: Solve for Rydberg stage 94/768.
[INFO] Enola: Solve for Rydberg stage 95/768.
[INFO] Enola: Solve for Rydberg stage 96/768.
[INFO] Enola: Solve for Rydberg stage 97/768.
[INFO] Enola: Solve for Rydberg stage 98/768.
[INFO] Enola: Solve for Rydberg stage 99/768.
[INFO] Enola: Solve for Rydberg stage 100/768.
[INFO] Enola: Solve for Rydberg stage 101/768.
[INFO] Enola: Solve for Rydberg stage 102/768.
[INFO] Enola: Solve for Rydberg stage 103/768.
[INFO] Enola: Solve for Rydberg stage 104/768.
[INFO] Enola: Solve for Rydberg stage 105/768.
[INFO] Enola: Solve for Rydberg stage 106/768.
[INFO] Enola: Solve for Rydberg stage 107/768.
[INFO] Enola: Solve for Rydberg stage 108/768.
[INFO] Enola: Solve for Rydberg stage 109/768.
[INFO] Enola: Solve for Rydberg stage 110/768.
[INFO] Enola: Solve for Rydberg stage 111/768.
[INFO] Enola: Solve for Rydberg stage 112/768.
[INFO] Enola: Solve for Rydberg stage 113/768.
[INFO] Enola: Solve for Rydberg stage 114/768.
[INFO] Enola: Solve for Rydberg stage 115/768.
[INFO] Enola: Solve for Rydberg stage 116/768.
[INFO] Enola: Solve for Rydberg stage 117/768.
[INFO] Enola: Solve for Rydberg stage 118/768.
[INFO] Enola: Solve for Rydberg stage 119/768.
[INFO] Enola: Solve for Rydberg stage 120/768.
[INFO] Enola: Solve for Rydberg stage 121/768.
[INFO] Enola: Solve for Rydberg stage 122/768.
[INFO] Enola: Solve for Rydberg stage 123/768.
[INFO] Enola: Solve for Rydberg stage 124/768.
[INFO] Enola: Solve for Rydberg stage 125/768.
[INFO] Enola: Solve for Rydberg stage 126/768.
[INFO] Enola: Solve for Rydberg stage 127/768.
[INFO] Enola: Solve for Rydberg stage 128/768.
[INFO] Enola: Solve for Rydberg stage 129/768.
[INFO] Enola: Solve for Rydberg stage 130/768.
[INFO] Enola: Solve for Rydberg stage 131/768.
[INFO] Enola: Solve for Rydberg stage 132/768.
[INFO] Enola: Solve for Rydberg stage 133/768.
[INFO] Enola: Solve for Rydberg stage 134/768.
[INFO] Enola: Solve for Rydberg stage 135/768.
[INFO] Enola: Solve for Rydberg stage 136/768.
[INFO] Enola: Solve for Rydberg stage 137/768.
[INFO] Enola: Solve for Rydberg stage 138/768.
[INFO] Enola: Solve for Rydberg stage 139/768.
[INFO] Enola: Solve for Rydberg stage 140/768.
[INFO] Enola: Solve for Rydberg stage 141/768.
[INFO] Enola: Solve for Rydberg stage 142/768.
[INFO] Enola: Solve for Rydberg stage 143/768.
[INFO] Enola: Solve for Rydberg stage 144/768.
[INFO] Enola: Solve for Rydberg stage 145/768.
[INFO] Enola: Solve for Rydberg stage 146/768.
[INFO] Enola: Solve for Rydberg stage 147/768.
[INFO] Enola: Solve for Rydberg stage 148/768.
[INFO] Enola: Solve for Rydberg stage 149/768.
[INFO] Enola: Solve for Rydberg stage 150/768.
[INFO] Enola: Solve for Rydberg stage 151/768.
[INFO] Enola: Solve for Rydberg stage 152/768.
[INFO] Enola: Solve for Rydberg stage 153/768.
[INFO] Enola: Solve for Rydberg stage 154/768.
[INFO] Enola: Solve for Rydberg stage 155/768.
[INFO] Enola: Solve for Rydberg stage 156/768.
[INFO] Enola: Solve for Rydberg stage 157/768.
[INFO] Enola: Solve for Rydberg stage 158/768.
[INFO] Enola: Solve for Rydberg stage 159/768.
[INFO] Enola: Solve for Rydberg stage 160/768.
[INFO] Enola: Solve for Rydberg stage 161/768.
[INFO] Enola: Solve for Rydberg stage 162/768.
[INFO] Enola: Solve for Rydberg stage 163/768.
[INFO] Enola: Solve for Rydberg stage 164/768.
[INFO] Enola: Solve for Rydberg stage 165/768.
[INFO] Enola: Solve for Rydberg stage 166/768.
[INFO] Enola: Solve for Rydberg stage 167/768.
[INFO] Enola: Solve for Rydberg stage 168/768.
[INFO] Enola: Solve for Rydberg stage 169/768.
[INFO] Enola: Solve for Rydberg stage 170/768.
[INFO] Enola: Solve for Rydberg stage 171/768.
[INFO] Enola: Solve for Rydberg stage 172/768.
[INFO] Enola: Solve for Rydberg stage 173/768.
[INFO] Enola: Solve for Rydberg stage 174/768.
[INFO] Enola: Solve for Rydberg stage 175/768.
[INFO] Enola: Solve for Rydberg stage 176/768.
[INFO] Enola: Solve for Rydberg stage 177/768.
[INFO] Enola: Solve for Rydberg stage 178/768.
[INFO] Enola: Solve for Rydberg stage 179/768.
[INFO] Enola: Solve for Rydberg stage 180/768.
[INFO] Enola: Solve for Rydberg stage 181/768.
[INFO] Enola: Solve for Rydberg stage 182/768.
[INFO] Enola: Solve for Rydberg stage 183/768.
[INFO] Enola: Solve for Rydberg stage 184/768.
[INFO] Enola: Solve for Rydberg stage 185/768.
[INFO] Enola: Solve for Rydberg stage 186/768.
[INFO] Enola: Solve for Rydberg stage 187/768.
[INFO] Enola: Solve for Rydberg stage 188/768.
[INFO] Enola: Solve for Rydberg stage 189/768.
[INFO] Enola: Solve for Rydberg stage 190/768.
[INFO] Enola: Solve for Rydberg stage 191/768.
[INFO] Enola: Solve for Rydberg stage 192/768.
[INFO] Enola: Solve for Rydberg stage 193/768.
[INFO] Enola: Solve for Rydberg stage 194/768.
[INFO] Enola: Solve for Rydberg stage 195/768.
[INFO] Enola: Solve for Rydberg stage 196/768.
[INFO] Enola: Solve for Rydberg stage 197/768.
[INFO] Enola: Solve for Rydberg stage 198/768.
[INFO] Enola: Solve for Rydberg stage 199/768.
[INFO] Enola: Solve for Rydberg stage 200/768.
[INFO] Enola: Solve for Rydberg stage 201/768.
[INFO] Enola: Solve for Rydberg stage 202/768.
[INFO] Enola: Solve for Rydberg stage 203/768.
[INFO] Enola: Solve for Rydberg stage 204/768.
[INFO] Enola: Solve for Rydberg stage 205/768.
[INFO] Enola: Solve for Rydberg stage 206/768.
[INFO] Enola: Solve for Rydberg stage 207/768.
[INFO] Enola: Solve for Rydberg stage 208/768.
[INFO] Enola: Solve for Rydberg stage 209/768.
[INFO] Enola: Solve for Rydberg stage 210/768.
[INFO] Enola: Solve for Rydberg stage 211/768.
[INFO] Enola: Solve for Rydberg stage 212/768.
[INFO] Enola: Solve for Rydberg stage 213/768.
[INFO] Enola: Solve for Rydberg stage 214/768.
[INFO] Enola: Solve for Rydberg stage 215/768.
[INFO] Enola: Solve for Rydberg stage 216/768.
[INFO] Enola: Solve for Rydberg stage 217/768.
[INFO] Enola: Solve for Rydberg stage 218/768.
[INFO] Enola: Solve for Rydberg stage 219/768.
[INFO] Enola: Solve for Rydberg stage 220/768.
[INFO] Enola: Solve for Rydberg stage 221/768.
[INFO] Enola: Solve for Rydberg stage 222/768.
[INFO] Enola: Solve for Rydberg stage 223/768.
[INFO] Enola: Solve for Rydberg stage 224/768.
[INFO] Enola: Solve for Rydberg stage 225/768.
[INFO] Enola: Solve for Rydberg stage 226/768.
[INFO] Enola: Solve for Rydberg stage 227/768.
[INFO] Enola: Solve for Rydberg stage 228/768.
[INFO] Enola: Solve for Rydberg stage 229/768.
[INFO] Enola: Solve for Rydberg stage 230/768.
[INFO] Enola: Solve for Rydberg stage 231/768.
[INFO] Enola: Solve for Rydberg stage 232/768.
[INFO] Enola: Solve for Rydberg stage 233/768.
[INFO] Enola: Solve for Rydberg stage 234/768.
[INFO] Enola: Solve for Rydberg stage 235/768.
[INFO] Enola: Solve for Rydberg stage 236/768.
[INFO] Enola: Solve for Rydberg stage 237/768.
[INFO] Enola: Solve for Rydberg stage 238/768.
[INFO] Enola: Solve for Rydberg stage 239/768.
[INFO] Enola: Solve for Rydberg stage 240/768.
[INFO] Enola: Solve for Rydberg stage 241/768.
[INFO] Enola: Solve for Rydberg stage 242/768.
[INFO] Enola: Solve for Rydberg stage 243/768.
[INFO] Enola: Solve for Rydberg stage 244/768.
[INFO] Enola: Solve for Rydberg stage 245/768.
[INFO] Enola: Solve for Rydberg stage 246/768.
[INFO] Enola: Solve for Rydberg stage 247/768.
[INFO] Enola: Solve for Rydberg stage 248/768.
[INFO] Enola: Solve for Rydberg stage 249/768.
[INFO] Enola: Solve for Rydberg stage 250/768.
[INFO] Enola: Solve for Rydberg stage 251/768.
[INFO] Enola: Solve for Rydberg stage 252/768.
[INFO] Enola: Solve for Rydberg stage 253/768.
[INFO] Enola: Solve for Rydberg stage 254/768.
[INFO] Enola: Solve for Rydberg stage 255/768.
[INFO] Enola: Solve for Rydberg stage 256/768.
[INFO] Enola: Solve for Rydberg stage 257/768.
[INFO] Enola: Solve for Rydberg stage 258/768.
[INFO] Enola: Solve for Rydberg stage 259/768.
[INFO] Enola: Solve for Rydberg stage 260/768.
[INFO] Enola: Solve for Rydberg stage 261/768.
[INFO] Enola: Solve for Rydberg stage 262/768.
[INFO] Enola: Solve for Rydberg stage 263/768.
[INFO] Enola: Solve for Rydberg stage 264/768.
[INFO] Enola: Solve for Rydberg stage 265/768.
[INFO] Enola: Solve for Rydberg stage 266/768.
[INFO] Enola: Solve for Rydberg stage 267/768.
[INFO] Enola: Solve for Rydberg stage 268/768.
[INFO] Enola: Solve for Rydberg stage 269/768.
[INFO] Enola: Solve for Rydberg stage 270/768.
[INFO] Enola: Solve for Rydberg stage 271/768.
[INFO] Enola: Solve for Rydberg stage 272/768.
[INFO] Enola: Solve for Rydberg stage 273/768.
[INFO] Enola: Solve for Rydberg stage 274/768.
[INFO] Enola: Solve for Rydberg stage 275/768.
[INFO] Enola: Solve for Rydberg stage 276/768.
[INFO] Enola: Solve for Rydberg stage 277/768.
[INFO] Enola: Solve for Rydberg stage 278/768.
[INFO] Enola: Solve for Rydberg stage 279/768.
[INFO] Enola: Solve for Rydberg stage 280/768.
[INFO] Enola: Solve for Rydberg stage 281/768.
[INFO] Enola: Solve for Rydberg stage 282/768.
[INFO] Enola: Solve for Rydberg stage 283/768.
[INFO] Enola: Solve for Rydberg stage 284/768.
[INFO] Enola: Solve for Rydberg stage 285/768.
[INFO] Enola: Solve for Rydberg stage 286/768.
[INFO] Enola: Solve for Rydberg stage 287/768.
[INFO] Enola: Solve for Rydberg stage 288/768.
[INFO] Enola: Solve for Rydberg stage 289/768.
[INFO] Enola: Solve for Rydberg stage 290/768.
[INFO] Enola: Solve for Rydberg stage 291/768.
[INFO] Enola: Solve for Rydberg stage 292/768.
[INFO] Enola: Solve for Rydberg stage 293/768.
[INFO] Enola: Solve for Rydberg stage 294/768.
[INFO] Enola: Solve for Rydberg stage 295/768.
[INFO] Enola: Solve for Rydberg stage 296/768.
[INFO] Enola: Solve for Rydberg stage 297/768.
[INFO] Enola: Solve for Rydberg stage 298/768.
[INFO] Enola: Solve for Rydberg stage 299/768.
[INFO] Enola: Solve for Rydberg stage 300/768.
[INFO] Enola: Solve for Rydberg stage 301/768.
[INFO] Enola: Solve for Rydberg stage 302/768.
[INFO] Enola: Solve for Rydberg stage 303/768.
[INFO] Enola: Solve for Rydberg stage 304/768.
[INFO] Enola: Solve for Rydberg stage 305/768.
[INFO] Enola: Solve for Rydberg stage 306/768.
[INFO] Enola: Solve for Rydberg stage 307/768.
[INFO] Enola: Solve for Rydberg stage 308/768.
[INFO] Enola: Solve for Rydberg stage 309/768.
[INFO] Enola: Solve for Rydberg stage 310/768.
[INFO] Enola: Solve for Rydberg stage 311/768.
[INFO] Enola: Solve for Rydberg stage 312/768.
[INFO] Enola: Solve for Rydberg stage 313/768.
[INFO] Enola: Solve for Rydberg stage 314/768.
[INFO] Enola: Solve for Rydberg stage 315/768.
[INFO] Enola: Solve for Rydberg stage 316/768.
[INFO] Enola: Solve for Rydberg stage 317/768.
[INFO] Enola: Solve for Rydberg stage 318/768.
[INFO] Enola: Solve for Rydberg stage 319/768.
[INFO] Enola: Solve for Rydberg stage 320/768.
[INFO] Enola: Solve for Rydberg stage 321/768.
[INFO] Enola: Solve for Rydberg stage 322/768.
[INFO] Enola: Solve for Rydberg stage 323/768.
[INFO] Enola: Solve for Rydberg stage 324/768.
[INFO] Enola: Solve for Rydberg stage 325/768.
[INFO] Enola: Solve for Rydberg stage 326/768.
[INFO] Enola: Solve for Rydberg stage 327/768.
[INFO] Enola: Solve for Rydberg stage 328/768.
[INFO] Enola: Solve for Rydberg stage 329/768.
[INFO] Enola: Solve for Rydberg stage 330/768.
[INFO] Enola: Solve for Rydberg stage 331/768.
[INFO] Enola: Solve for Rydberg stage 332/768.
[INFO] Enola: Solve for Rydberg stage 333/768.
[INFO] Enola: Solve for Rydberg stage 334/768.
[INFO] Enola: Solve for Rydberg stage 335/768.
[INFO] Enola: Solve for Rydberg stage 336/768.
[INFO] Enola: Solve for Rydberg stage 337/768.
[INFO] Enola: Solve for Rydberg stage 338/768.
[INFO] Enola: Solve for Rydberg stage 339/768.
[INFO] Enola: Solve for Rydberg stage 340/768.
[INFO] Enola: Solve for Rydberg stage 341/768.
[INFO] Enola: Solve for Rydberg stage 342/768.
[INFO] Enola: Solve for Rydberg stage 343/768.
[INFO] Enola: Solve for Rydberg stage 344/768.
[INFO] Enola: Solve for Rydberg stage 345/768.
[INFO] Enola: Solve for Rydberg stage 346/768.
[INFO] Enola: Solve for Rydberg stage 347/768.
[INFO] Enola: Solve for Rydberg stage 348/768.
[INFO] Enola: Solve for Rydberg stage 349/768.
[INFO] Enola: Solve for Rydberg stage 350/768.
[INFO] Enola: Solve for Rydberg stage 351/768.
[INFO] Enola: Solve for Rydberg stage 352/768.
[INFO] Enola: Solve for Rydberg stage 353/768.
[INFO] Enola: Solve for Rydberg stage 354/768.
[INFO] Enola: Solve for Rydberg stage 355/768.
[INFO] Enola: Solve for Rydberg stage 356/768.
[INFO] Enola: Solve for Rydberg stage 357/768.
[INFO] Enola: Solve for Rydberg stage 358/768.
[INFO] Enola: Solve for Rydberg stage 359/768.
[INFO] Enola: Solve for Rydberg stage 360/768.
[INFO] Enola: Solve for Rydberg stage 361/768.
[INFO] Enola: Solve for Rydberg stage 362/768.
[INFO] Enola: Solve for Rydberg stage 363/768.
[INFO] Enola: Solve for Rydberg stage 364/768.
[INFO] Enola: Solve for Rydberg stage 365/768.
[INFO] Enola: Solve for Rydberg stage 366/768.
[INFO] Enola: Solve for Rydberg stage 367/768.
[INFO] Enola: Solve for Rydberg stage 368/768.
[INFO] Enola: Solve for Rydberg stage 369/768.
[INFO] Enola: Solve for Rydberg stage 370/768.
[INFO] Enola: Solve for Rydberg stage 371/768.
[INFO] Enola: Solve for Rydberg stage 372/768.
[INFO] Enola: Solve for Rydberg stage 373/768.
[INFO] Enola: Solve for Rydberg stage 374/768.
[INFO] Enola: Solve for Rydberg stage 375/768.
[INFO] Enola: Solve for Rydberg stage 376/768.
[INFO] Enola: Solve for Rydberg stage 377/768.
[INFO] Enola: Solve for Rydberg stage 378/768.
[INFO] Enola: Solve for Rydberg stage 379/768.
[INFO] Enola: Solve for Rydberg stage 380/768.
[INFO] Enola: Solve for Rydberg stage 381/768.
[INFO] Enola: Solve for Rydberg stage 382/768.
[INFO] Enola: Solve for Rydberg stage 383/768.
[INFO] Enola: Solve for Rydberg stage 384/768.
[INFO] Enola: Solve for Rydberg stage 385/768.
[INFO] Enola: Solve for Rydberg stage 386/768.
[INFO] Enola: Solve for Rydberg stage 387/768.
[INFO] Enola: Solve for Rydberg stage 388/768.
[INFO] Enola: Solve for Rydberg stage 389/768.
[INFO] Enola: Solve for Rydberg stage 390/768.
[INFO] Enola: Solve for Rydberg stage 391/768.
[INFO] Enola: Solve for Rydberg stage 392/768.
[INFO] Enola: Solve for Rydberg stage 393/768.
[INFO] Enola: Solve for Rydberg stage 394/768.
[INFO] Enola: Solve for Rydberg stage 395/768.
[INFO] Enola: Solve for Rydberg stage 396/768.
[INFO] Enola: Solve for Rydberg stage 397/768.
[INFO] Enola: Solve for Rydberg stage 398/768.
[INFO] Enola: Solve for Rydberg stage 399/768.
[INFO] Enola: Solve for Rydberg stage 400/768.
[INFO] Enola: Solve for Rydberg stage 401/768.
[INFO] Enola: Solve for Rydberg stage 402/768.
[INFO] Enola: Solve for Rydberg stage 403/768.
[INFO] Enola: Solve for Rydberg stage 404/768.
[INFO] Enola: Solve for Rydberg stage 405/768.
[INFO] Enola: Solve for Rydberg stage 406/768.
[INFO] Enola: Solve for Rydberg stage 407/768.
[INFO] Enola: Solve for Rydberg stage 408/768.
[INFO] Enola: Solve for Rydberg stage 409/768.
[INFO] Enola: Solve for Rydberg stage 410/768.
[INFO] Enola: Solve for Rydberg stage 411/768.
[INFO] Enola: Solve for Rydberg stage 412/768.
[INFO] Enola: Solve for Rydberg stage 413/768.
[INFO] Enola: Solve for Rydberg stage 414/768.
[INFO] Enola: Solve for Rydberg stage 415/768.
[INFO] Enola: Solve for Rydberg stage 416/768.
[INFO] Enola: Solve for Rydberg stage 417/768.
[INFO] Enola: Solve for Rydberg stage 418/768.
[INFO] Enola: Solve for Rydberg stage 419/768.
[INFO] Enola: Solve for Rydberg stage 420/768.
[INFO] Enola: Solve for Rydberg stage 421/768.
[INFO] Enola: Solve for Rydberg stage 422/768.
[INFO] Enola: Solve for Rydberg stage 423/768.
[INFO] Enola: Solve for Rydberg stage 424/768.
[INFO] Enola: Solve for Rydberg stage 425/768.
[INFO] Enola: Solve for Rydberg stage 426/768.
[INFO] Enola: Solve for Rydberg stage 427/768.
[INFO] Enola: Solve for Rydberg stage 428/768.
[INFO] Enola: Solve for Rydberg stage 429/768.
[INFO] Enola: Solve for Rydberg stage 430/768.
[INFO] Enola: Solve for Rydberg stage 431/768.
[INFO] Enola: Solve for Rydberg stage 432/768.
[INFO] Enola: Solve for Rydberg stage 433/768.
[INFO] Enola: Solve for Rydberg stage 434/768.
[INFO] Enola: Solve for Rydberg stage 435/768.
[INFO] Enola: Solve for Rydberg stage 436/768.
[INFO] Enola: Solve for Rydberg stage 437/768.
[INFO] Enola: Solve for Rydberg stage 438/768.
[INFO] Enola: Solve for Rydberg stage 439/768.
[INFO] Enola: Solve for Rydberg stage 440/768.
[INFO] Enola: Solve for Rydberg stage 441/768.
[INFO] Enola: Solve for Rydberg stage 442/768.
[INFO] Enola: Solve for Rydberg stage 443/768.
[INFO] Enola: Solve for Rydberg stage 444/768.
[INFO] Enola: Solve for Rydberg stage 445/768.
[INFO] Enola: Solve for Rydberg stage 446/768.
[INFO] Enola: Solve for Rydberg stage 447/768.
[INFO] Enola: Solve for Rydberg stage 448/768.
[INFO] Enola: Solve for Rydberg stage 449/768.
[INFO] Enola: Solve for Rydberg stage 450/768.
[INFO] Enola: Solve for Rydberg stage 451/768.
[INFO] Enola: Solve for Rydberg stage 452/768.
[INFO] Enola: Solve for Rydberg stage 453/768.
[INFO] Enola: Solve for Rydberg stage 454/768.
[INFO] Enola: Solve for Rydberg stage 455/768.
[INFO] Enola: Solve for Rydberg stage 456/768.
[INFO] Enola: Solve for Rydberg stage 457/768.
[INFO] Enola: Solve for Rydberg stage 458/768.
[INFO] Enola: Solve for Rydberg stage 459/768.
[INFO] Enola: Solve for Rydberg stage 460/768.
[INFO] Enola: Solve for Rydberg stage 461/768.
[INFO] Enola: Solve for Rydberg stage 462/768.
[INFO] Enola: Solve for Rydberg stage 463/768.
[INFO] Enola: Solve for Rydberg stage 464/768.
[INFO] Enola: Solve for Rydberg stage 465/768.
[INFO] Enola: Solve for Rydberg stage 466/768.
[INFO] Enola: Solve for Rydberg stage 467/768.
[INFO] Enola: Solve for Rydberg stage 468/768.
[INFO] Enola: Solve for Rydberg stage 469/768.
[INFO] Enola: Solve for Rydberg stage 470/768.
[INFO] Enola: Solve for Rydberg stage 471/768.
[INFO] Enola: Solve for Rydberg stage 472/768.
[INFO] Enola: Solve for Rydberg stage 473/768.
[INFO] Enola: Solve for Rydberg stage 474/768.
[INFO] Enola: Solve for Rydberg stage 475/768.
[INFO] Enola: Solve for Rydberg stage 476/768.
[INFO] Enola: Solve for Rydberg stage 477/768.
[INFO] Enola: Solve for Rydberg stage 478/768.
[INFO] Enola: Solve for Rydberg stage 479/768.
[INFO] Enola: Solve for Rydberg stage 480/768.
[INFO] Enola: Solve for Rydberg stage 481/768.
[INFO] Enola: Solve for Rydberg stage 482/768.
[INFO] Enola: Solve for Rydberg stage 483/768.
[INFO] Enola: Solve for Rydberg stage 484/768.
[INFO] Enola: Solve for Rydberg stage 485/768.
[INFO] Enola: Solve for Rydberg stage 486/768.
[INFO] Enola: Solve for Rydberg stage 487/768.
[INFO] Enola: Solve for Rydberg stage 488/768.
[INFO] Enola: Solve for Rydberg stage 489/768.
[INFO] Enola: Solve for Rydberg stage 490/768.
[INFO] Enola: Solve for Rydberg stage 491/768.
[INFO] Enola: Solve for Rydberg stage 492/768.
[INFO] Enola: Solve for Rydberg stage 493/768.
[INFO] Enola: Solve for Rydberg stage 494/768.
[INFO] Enola: Solve for Rydberg stage 495/768.
[INFO] Enola: Solve for Rydberg stage 496/768.
[INFO] Enola: Solve for Rydberg stage 497/768.
[INFO] Enola: Solve for Rydberg stage 498/768.
[INFO] Enola: Solve for Rydberg stage 499/768.
[INFO] Enola: Solve for Rydberg stage 500/768.
[INFO] Enola: Solve for Rydberg stage 501/768.
[INFO] Enola: Solve for Rydberg stage 502/768.
[INFO] Enola: Solve for Rydberg stage 503/768.
[INFO] Enola: Solve for Rydberg stage 504/768.
[INFO] Enola: Solve for Rydberg stage 505/768.
[INFO] Enola: Solve for Rydberg stage 506/768.
[INFO] Enola: Solve for Rydberg stage 507/768.
[INFO] Enola: Solve for Rydberg stage 508/768.
[INFO] Enola: Solve for Rydberg stage 509/768.
[INFO] Enola: Solve for Rydberg stage 510/768.
[INFO] Enola: Solve for Rydberg stage 511/768.
[INFO] Enola: Solve for Rydberg stage 512/768.
[INFO] Enola: Solve for Rydberg stage 513/768.
[INFO] Enola: Solve for Rydberg stage 514/768.
[INFO] Enola: Solve for Rydberg stage 515/768.
[INFO] Enola: Solve for Rydberg stage 516/768.
[INFO] Enola: Solve for Rydberg stage 517/768.
[INFO] Enola: Solve for Rydberg stage 518/768.
[INFO] Enola: Solve for Rydberg stage 519/768.
[INFO] Enola: Solve for Rydberg stage 520/768.
[INFO] Enola: Solve for Rydberg stage 521/768.
[INFO] Enola: Solve for Rydberg stage 522/768.
[INFO] Enola: Solve for Rydberg stage 523/768.
[INFO] Enola: Solve for Rydberg stage 524/768.
[INFO] Enola: Solve for Rydberg stage 525/768.
[INFO] Enola: Solve for Rydberg stage 526/768.
[INFO] Enola: Solve for Rydberg stage 527/768.
[INFO] Enola: Solve for Rydberg stage 528/768.
[INFO] Enola: Solve for Rydberg stage 529/768.
[INFO] Enola: Solve for Rydberg stage 530/768.
[INFO] Enola: Solve for Rydberg stage 531/768.
[INFO] Enola: Solve for Rydberg stage 532/768.
[INFO] Enola: Solve for Rydberg stage 533/768.
[INFO] Enola: Solve for Rydberg stage 534/768.
[INFO] Enola: Solve for Rydberg stage 535/768.
[INFO] Enola: Solve for Rydberg stage 536/768.
[INFO] Enola: Solve for Rydberg stage 537/768.
[INFO] Enola: Solve for Rydberg stage 538/768.
[INFO] Enola: Solve for Rydberg stage 539/768.
[INFO] Enola: Solve for Rydberg stage 540/768.
[INFO] Enola: Solve for Rydberg stage 541/768.
[INFO] Enola: Solve for Rydberg stage 542/768.
[INFO] Enola: Solve for Rydberg stage 543/768.
[INFO] Enola: Solve for Rydberg stage 544/768.
[INFO] Enola: Solve for Rydberg stage 545/768.
[INFO] Enola: Solve for Rydberg stage 546/768.
[INFO] Enola: Solve for Rydberg stage 547/768.
[INFO] Enola: Solve for Rydberg stage 548/768.
[INFO] Enola: Solve for Rydberg stage 549/768.
[INFO] Enola: Solve for Rydberg stage 550/768.
[INFO] Enola: Solve for Rydberg stage 551/768.
[INFO] Enola: Solve for Rydberg stage 552/768.
[INFO] Enola: Solve for Rydberg stage 553/768.
[INFO] Enola: Solve for Rydberg stage 554/768.
[INFO] Enola: Solve for Rydberg stage 555/768.
[INFO] Enola: Solve for Rydberg stage 556/768.
[INFO] Enola: Solve for Rydberg stage 557/768.
[INFO] Enola: Solve for Rydberg stage 558/768.
[INFO] Enola: Solve for Rydberg stage 559/768.
[INFO] Enola: Solve for Rydberg stage 560/768.
[INFO] Enola: Solve for Rydberg stage 561/768.
[INFO] Enola: Solve for Rydberg stage 562/768.
[INFO] Enola: Solve for Rydberg stage 563/768.
[INFO] Enola: Solve for Rydberg stage 564/768.
[INFO] Enola: Solve for Rydberg stage 565/768.
[INFO] Enola: Solve for Rydberg stage 566/768.
[INFO] Enola: Solve for Rydberg stage 567/768.
[INFO] Enola: Solve for Rydberg stage 568/768.
[INFO] Enola: Solve for Rydberg stage 569/768.
[INFO] Enola: Solve for Rydberg stage 570/768.
[INFO] Enola: Solve for Rydberg stage 571/768.
[INFO] Enola: Solve for Rydberg stage 572/768.
[INFO] Enola: Solve for Rydberg stage 573/768.
[INFO] Enola: Solve for Rydberg stage 574/768.
[INFO] Enola: Solve for Rydberg stage 575/768.
[INFO] Enola: Solve for Rydberg stage 576/768.
[INFO] Enola: Solve for Rydberg stage 577/768.
[INFO] Enola: Solve for Rydberg stage 578/768.
[INFO] Enola: Solve for Rydberg stage 579/768.
[INFO] Enola: Solve for Rydberg stage 580/768.
[INFO] Enola: Solve for Rydberg stage 581/768.
[INFO] Enola: Solve for Rydberg stage 582/768.
[INFO] Enola: Solve for Rydberg stage 583/768.
[INFO] Enola: Solve for Rydberg stage 584/768.
[INFO] Enola: Solve for Rydberg stage 585/768.
[INFO] Enola: Solve for Rydberg stage 586/768.
[INFO] Enola: Solve for Rydberg stage 587/768.
[INFO] Enola: Solve for Rydberg stage 588/768.
[INFO] Enola: Solve for Rydberg stage 589/768.
[INFO] Enola: Solve for Rydberg stage 590/768.
[INFO] Enola: Solve for Rydberg stage 591/768.
[INFO] Enola: Solve for Rydberg stage 592/768.
[INFO] Enola: Solve for Rydberg stage 593/768.
[INFO] Enola: Solve for Rydberg stage 594/768.
[INFO] Enola: Solve for Rydberg stage 595/768.
[INFO] Enola: Solve for Rydberg stage 596/768.
[INFO] Enola: Solve for Rydberg stage 597/768.
[INFO] Enola: Solve for Rydberg stage 598/768.
[INFO] Enola: Solve for Rydberg stage 599/768.
[INFO] Enola: Solve for Rydberg stage 600/768.
[INFO] Enola: Solve for Rydberg stage 601/768.
[INFO] Enola: Solve for Rydberg stage 602/768.
[INFO] Enola: Solve for Rydberg stage 603/768.
[INFO] Enola: Solve for Rydberg stage 604/768.
[INFO] Enola: Solve for Rydberg stage 605/768.
[INFO] Enola: Solve for Rydberg stage 606/768.
[INFO] Enola: Solve for Rydberg stage 607/768.
[INFO] Enola: Solve for Rydberg stage 608/768.
[INFO] Enola: Solve for Rydberg stage 609/768.
[INFO] Enola: Solve for Rydberg stage 610/768.
[INFO] Enola: Solve for Rydberg stage 611/768.
[INFO] Enola: Solve for Rydberg stage 612/768.
[INFO] Enola: Solve for Rydberg stage 613/768.
[INFO] Enola: Solve for Rydberg stage 614/768.
[INFO] Enola: Solve for Rydberg stage 615/768.
[INFO] Enola: Solve for Rydberg stage 616/768.
[INFO] Enola: Solve for Rydberg stage 617/768.
[INFO] Enola: Solve for Rydberg stage 618/768.
[INFO] Enola: Solve for Rydberg stage 619/768.
[INFO] Enola: Solve for Rydberg stage 620/768.
[INFO] Enola: Solve for Rydberg stage 621/768.
[INFO] Enola: Solve for Rydberg stage 622/768.
[INFO] Enola: Solve for Rydberg stage 623/768.
[INFO] Enola: Solve for Rydberg stage 624/768.
[INFO] Enola: Solve for Rydberg stage 625/768.
[INFO] Enola: Solve for Rydberg stage 626/768.
[INFO] Enola: Solve for Rydberg stage 627/768.
[INFO] Enola: Solve for Rydberg stage 628/768.
[INFO] Enola: Solve for Rydberg stage 629/768.
[INFO] Enola: Solve for Rydberg stage 630/768.
[INFO] Enola: Solve for Rydberg stage 631/768.
[INFO] Enola: Solve for Rydberg stage 632/768.
[INFO] Enola: Solve for Rydberg stage 633/768.
[INFO] Enola: Solve for Rydberg stage 634/768.
[INFO] Enola: Solve for Rydberg stage 635/768.
[INFO] Enola: Solve for Rydberg stage 636/768.
[INFO] Enola: Solve for Rydberg stage 637/768.
[INFO] Enola: Solve for Rydberg stage 638/768.
[INFO] Enola: Solve for Rydberg stage 639/768.
[INFO] Enola: Solve for Rydberg stage 640/768.
[INFO] Enola: Solve for Rydberg stage 641/768.
[INFO] Enola: Solve for Rydberg stage 642/768.
[INFO] Enola: Solve for Rydberg stage 643/768.
[INFO] Enola: Solve for Rydberg stage 644/768.
[INFO] Enola: Solve for Rydberg stage 645/768.
[INFO] Enola: Solve for Rydberg stage 646/768.
[INFO] Enola: Solve for Rydberg stage 647/768.
[INFO] Enola: Solve for Rydberg stage 648/768.
[INFO] Enola: Solve for Rydberg stage 649/768.
[INFO] Enola: Solve for Rydberg stage 650/768.
[INFO] Enola: Solve for Rydberg stage 651/768.
[INFO] Enola: Solve for Rydberg stage 652/768.
[INFO] Enola: Solve for Rydberg stage 653/768.
[INFO] Enola: Solve for Rydberg stage 654/768.
[INFO] Enola: Solve for Rydberg stage 655/768.
[INFO] Enola: Solve for Rydberg stage 656/768.
[INFO] Enola: Solve for Rydberg stage 657/768.
[INFO] Enola: Solve for Rydberg stage 658/768.
[INFO] Enola: Solve for Rydberg stage 659/768.
[INFO] Enola: Solve for Rydberg stage 660/768.
[INFO] Enola: Solve for Rydberg stage 661/768.
[INFO] Enola: Solve for Rydberg stage 662/768.
[INFO] Enola: Solve for Rydberg stage 663/768.
[INFO] Enola: Solve for Rydberg stage 664/768.
[INFO] Enola: Solve for Rydberg stage 665/768.
[INFO] Enola: Solve for Rydberg stage 666/768.
[INFO] Enola: Solve for Rydberg stage 667/768.
[INFO] Enola: Solve for Rydberg stage 668/768.
[INFO] Enola: Solve for Rydberg stage 669/768.
[INFO] Enola: Solve for Rydberg stage 670/768.
[INFO] Enola: Solve for Rydberg stage 671/768.
[INFO] Enola: Solve for Rydberg stage 672/768.
[INFO] Enola: Solve for Rydberg stage 673/768.
[INFO] Enola: Solve for Rydberg stage 674/768.
[INFO] Enola: Solve for Rydberg stage 675/768.
[INFO] Enola: Solve for Rydberg stage 676/768.
[INFO] Enola: Solve for Rydberg stage 677/768.
[INFO] Enola: Solve for Rydberg stage 678/768.
[INFO] Enola: Solve for Rydberg stage 679/768.
[INFO] Enola: Solve for Rydberg stage 680/768.
[INFO] Enola: Solve for Rydberg stage 681/768.
[INFO] Enola: Solve for Rydberg stage 682/768.
[INFO] Enola: Solve for Rydberg stage 683/768.
[INFO] Enola: Solve for Rydberg stage 684/768.
[INFO] Enola: Solve for Rydberg stage 685/768.
[INFO] Enola: Solve for Rydberg stage 686/768.
[INFO] Enola: Solve for Rydberg stage 687/768.
[INFO] Enola: Solve for Rydberg stage 688/768.
[INFO] Enola: Solve for Rydberg stage 689/768.
[INFO] Enola: Solve for Rydberg stage 690/768.
[INFO] Enola: Solve for Rydberg stage 691/768.
[INFO] Enola: Solve for Rydberg stage 692/768.
[INFO] Enola: Solve for Rydberg stage 693/768.
[INFO] Enola: Solve for Rydberg stage 694/768.
[INFO] Enola: Solve for Rydberg stage 695/768.
[INFO] Enola: Solve for Rydberg stage 696/768.
[INFO] Enola: Solve for Rydberg stage 697/768.
[INFO] Enola: Solve for Rydberg stage 698/768.
[INFO] Enola: Solve for Rydberg stage 699/768.
[INFO] Enola: Solve for Rydberg stage 700/768.
[INFO] Enola: Solve for Rydberg stage 701/768.
[INFO] Enola: Solve for Rydberg stage 702/768.
[INFO] Enola: Solve for Rydberg stage 703/768.
[INFO] Enola: Solve for Rydberg stage 704/768.
[INFO] Enola: Solve for Rydberg stage 705/768.
[INFO] Enola: Solve for Rydberg stage 706/768.
[INFO] Enola: Solve for Rydberg stage 707/768.
[INFO] Enola: Solve for Rydberg stage 708/768.
[INFO] Enola: Solve for Rydberg stage 709/768.
[INFO] Enola: Solve for Rydberg stage 710/768.
[INFO] Enola: Solve for Rydberg stage 711/768.
[INFO] Enola: Solve for Rydberg stage 712/768.
[INFO] Enola: Solve for Rydberg stage 713/768.
[INFO] Enola: Solve for Rydberg stage 714/768.
[INFO] Enola: Solve for Rydberg stage 715/768.
[INFO] Enola: Solve for Rydberg stage 716/768.
[INFO] Enola: Solve for Rydberg stage 717/768.
[INFO] Enola: Solve for Rydberg stage 718/768.
[INFO] Enola: Solve for Rydberg stage 719/768.
[INFO] Enola: Solve for Rydberg stage 720/768.
[INFO] Enola: Solve for Rydberg stage 721/768.
[INFO] Enola: Solve for Rydberg stage 722/768.
[INFO] Enola: Solve for Rydberg stage 723/768.
[INFO] Enola: Solve for Rydberg stage 724/768.
[INFO] Enola: Solve for Rydberg stage 725/768.
[INFO] Enola: Solve for Rydberg stage 726/768.
[INFO] Enola: Solve for Rydberg stage 727/768.
[INFO] Enola: Solve for Rydberg stage 728/768.
[INFO] Enola: Solve for Rydberg stage 729/768.
[INFO] Enola: Solve for Rydberg stage 730/768.
[INFO] Enola: Solve for Rydberg stage 731/768.
[INFO] Enola: Solve for Rydberg stage 732/768.
[INFO] Enola: Solve for Rydberg stage 733/768.
[INFO] Enola: Solve for Rydberg stage 734/768.
[INFO] Enola: Solve for Rydberg stage 735/768.
[INFO] Enola: Solve for Rydberg stage 736/768.
[INFO] Enola: Solve for Rydberg stage 737/768.
[INFO] Enola: Solve for Rydberg stage 738/768.
[INFO] Enola: Solve for Rydberg stage 739/768.
[INFO] Enola: Solve for Rydberg stage 740/768.
[INFO] Enola: Solve for Rydberg stage 741/768.
[INFO] Enola: Solve for Rydberg stage 742/768.
[INFO] Enola: Solve for Rydberg stage 743/768.
[INFO] Enola: Solve for Rydberg stage 744/768.
[INFO] Enola: Solve for Rydberg stage 745/768.
[INFO] Enola: Solve for Rydberg stage 746/768.
[INFO] Enola: Solve for Rydberg stage 747/768.
[INFO] Enola: Solve for Rydberg stage 748/768.
[INFO] Enola: Solve for Rydberg stage 749/768.
[INFO] Enola: Solve for Rydberg stage 750/768.
[INFO] Enola: Solve for Rydberg stage 751/768.
[INFO] Enola: Solve for Rydberg stage 752/768.
[INFO] Enola: Solve for Rydberg stage 753/768.
[INFO] Enola: Solve for Rydberg stage 754/768.
[INFO] Enola: Solve for Rydberg stage 755/768.
[INFO] Enola: Solve for Rydberg stage 756/768.
[INFO] Enola: Solve for Rydberg stage 757/768.
[INFO] Enola: Solve for Rydberg stage 758/768.
[INFO] Enola: Solve for Rydberg stage 759/768.
[INFO] Enola: Solve for Rydberg stage 760/768.
[INFO] Enola: Solve for Rydberg stage 761/768.
[INFO] Enola: Solve for Rydberg stage 762/768.
[INFO] Enola: Solve for Rydberg stage 763/768.
[INFO] Enola: Solve for Rydberg stage 764/768.
[INFO] Enola: Solve for Rydberg stage 765/768.
[INFO] Enola: Solve for Rydberg stage 766/768.
[INFO] Enola: Solve for Rydberg stage 767/768.
[INFO] Enola: Solve for Rydberg stage 768/768.
[INFO] Enola: Solve for Rydberg stage 769/768.
[INFO] Enola: Time for routing: 0.10686779022216797s
[INFO] Enola: Total Time: 1.9952068328857422s
Compilation successful.

2026-03-25 17:27:15,061 - BenchmarkManager - INFO - enola (run 1/1) - Running /u/halle/heiz/home_at/BachelorProject/benchmarks/uf_fix50_20-100/uf50-0110.qasm
2026-03-25 17:27:18,763 - Compiler.enola - INFO - STDOUT:
[INFO] Enola: Start Solving
[INFO] Enola: Run scheduling
[INFO] Enola: Time for scheduling: 0.0006635189056396484s
75
[INFO] Enola: Time for placement: 9.298324584960938e-06s
[INFO] Enola: Solve for Rydberg stage 2/788.
[INFO] Enola: Solve for Rydberg stage 3/788.
[INFO] Enola: Solve for Rydberg stage 4/788.
[INFO] Enola: Solve for Rydberg stage 5/788.
[INFO] Enola: Solve for Rydberg stage 6/788.
[INFO] Enola: Solve for Rydberg stage 7/788.
[INFO] Enola: Solve for Rydberg stage 8/788.
[INFO] Enola: Solve for Rydberg stage 9/788.
[INFO] Enola: Solve for Rydberg stage 10/788.
[INFO] Enola: Solve for Rydberg stage 11/788.
[INFO] Enola: Solve for Rydberg stage 12/788.
[INFO] Enola: Solve for Rydberg stage 13/788.
[INFO] Enola: Solve for Rydberg stage 14/788.
[INFO] Enola: Solve for Rydberg stage 15/788.
[INFO] Enola: Solve for Rydberg stage 16/788.
[INFO] Enola: Solve for Rydberg stage 17/788.
[INFO] Enola: Solve for Rydberg stage 18/788.
[INFO] Enola: Solve for Rydberg stage 19/788.
[INFO] Enola: Solve for Rydberg stage 20/788.
[INFO] Enola: Solve for Rydberg stage 21/788.
[INFO] Enola: Solve for Rydberg stage 22/788.
[INFO] Enola: Solve for Rydberg stage 23/788.
[INFO] Enola: Solve for Rydberg stage 24/788.
[INFO] Enola: Solve for Rydberg stage 25/788.
[INFO] Enola: Solve for Rydberg stage 26/788.
[INFO] Enola: Solve for Rydberg stage 27/788.
[INFO] Enola: Solve for Rydberg stage 28/788.
[INFO] Enola: Solve for Rydberg stage 29/788.
[INFO] Enola: Solve for Rydberg stage 30/788.
[INFO] Enola: Solve for Rydberg stage 31/788.
[INFO] Enola: Solve for Rydberg stage 32/788.
[INFO] Enola: Solve for Rydberg stage 33/788.
[INFO] Enola: Solve for Rydberg stage 34/788.
[INFO] Enola: Solve for Rydberg stage 35/788.
[INFO] Enola: Solve for Rydberg stage 36/788.
[INFO] Enola: Solve for Rydberg stage 37/788.
[INFO] Enola: Solve for Rydberg stage 38/788.
[INFO] Enola: Solve for Rydberg stage 39/788.
[INFO] Enola: Solve for Rydberg stage 40/788.
[INFO] Enola: Solve for Rydberg stage 41/788.
[INFO] Enola: Solve for Rydberg stage 42/788.
[INFO] Enola: Solve for Rydberg stage 43/788.
[INFO] Enola: Solve for Rydberg stage 44/788.
[INFO] Enola: Solve for Rydberg stage 45/788.
[INFO] Enola: Solve for Rydberg stage 46/788.
[INFO] Enola: Solve for Rydberg stage 47/788.
[INFO] Enola: Solve for Rydberg stage 48/788.
[INFO] Enola: Solve for Rydberg stage 49/788.
[INFO] Enola: Solve for Rydberg stage 50/788.
[INFO] Enola: Solve for Rydberg stage 51/788.
[INFO] Enola: Solve for Rydberg stage 52/788.
[INFO] Enola: Solve for Rydberg stage 53/788.
[INFO] Enola: Solve for Rydberg stage 54/788.
[INFO] Enola: Solve for Rydberg stage 55/788.
[INFO] Enola: Solve for Rydberg stage 56/788.
[INFO] Enola: Solve for Rydberg stage 57/788.
[INFO] Enola: Solve for Rydberg stage 58/788.
[INFO] Enola: Solve for Rydberg stage 59/788.
[INFO] Enola: Solve for Rydberg stage 60/788.
[INFO] Enola: Solve for Rydberg stage 61/788.
[INFO] Enola: Solve for Rydberg stage 62/788.
[INFO] Enola: Solve for Rydberg stage 63/788.
[INFO] Enola: Solve for Rydberg stage 64/788.
[INFO] Enola: Solve for Rydberg stage 65/788.
[INFO] Enola: Solve for Rydberg stage 66/788.
[INFO] Enola: Solve for Rydberg stage 67/788.
[INFO] Enola: Solve for Rydberg stage 68/788.
[INFO] Enola: Solve for Rydberg stage 69/788.
[INFO] Enola: Solve for Rydberg stage 70/788.
[INFO] Enola: Solve for Rydberg stage 71/788.
[INFO] Enola: Solve for Rydberg stage 72/788.
[INFO] Enola: Solve for Rydberg stage 73/788.
[INFO] Enola: Solve for Rydberg stage 74/788.
[INFO] Enola: Solve for Rydberg stage 75/788.
[INFO] Enola: Solve for Rydberg stage 76/788.
[INFO] Enola: Solve for Rydberg stage 77/788.
[INFO] Enola: Solve for Rydberg stage 78/788.
[INFO] Enola: Solve for Rydberg stage 79/788.
[INFO] Enola: Solve for Rydberg stage 80/788.
[INFO] Enola: Solve for Rydberg stage 81/788.
[INFO] Enola: Solve for Rydberg stage 82/788.
[INFO] Enola: Solve for Rydberg stage 83/788.
[INFO] Enola: Solve for Rydberg stage 84/788.
[INFO] Enola: Solve for Rydberg stage 85/788.
[INFO] Enola: Solve for Rydberg stage 86/788.
[INFO] Enola: Solve for Rydberg stage 87/788.
[INFO] Enola: Solve for Rydberg stage 88/788.
[INFO] Enola: Solve for Rydberg stage 89/788.
[INFO] Enola: Solve for Rydberg stage 90/788.
[INFO] Enola: Solve for Rydberg stage 91/788.
[INFO] Enola: Solve for Rydberg stage 92/788.
[INFO] Enola: Solve for Rydberg stage 93/788.
[INFO] Enola: Solve for Rydberg stage 94/788.
[INFO] Enola: Solve for Rydberg stage 95/788.
[INFO] Enola: Solve for Rydberg stage 96/788.
[INFO] Enola: Solve for Rydberg stage 97/788.
[INFO] Enola: Solve for Rydberg stage 98/788.
[INFO] Enola: Solve for Rydberg stage 99/788.
[INFO] Enola: Solve for Rydberg stage 100/788.
[INFO] Enola: Solve for Rydberg stage 101/788.
[INFO] Enola: Solve for Rydberg stage 102/788.
[INFO] Enola: Solve for Rydberg stage 103/788.
[INFO] Enola: Solve for Rydberg stage 104/788.
[INFO] Enola: Solve for Rydberg stage 105/788.
[INFO] Enola: Solve for Rydberg stage 106/788.
[INFO] Enola: Solve for Rydberg stage 107/788.
[INFO] Enola: Solve for Rydberg stage 108/788.
[INFO] Enola: Solve for Rydberg stage 109/788.
[INFO] Enola: Solve for Rydberg stage 110/788.
[INFO] Enola: Solve for Rydberg stage 111/788.
[INFO] Enola: Solve for Rydberg stage 112/788.
[INFO] Enola: Solve for Rydberg stage 113/788.
[INFO] Enola: Solve for Rydberg stage 114/788.
[INFO] Enola: Solve for Rydberg stage 115/788.
[INFO] Enola: Solve for Rydberg stage 116/788.
[INFO] Enola: Solve for Rydberg stage 117/788.
[INFO] Enola: Solve for Rydberg stage 118/788.
[INFO] Enola: Solve for Rydberg stage 119/788.
[INFO] Enola: Solve for Rydberg stage 120/788.
[INFO] Enola: Solve for Rydberg stage 121/788.
[INFO] Enola: Solve for Rydberg stage 122/788.
[INFO] Enola: Solve for Rydberg stage 123/788.
[INFO] Enola: Solve for Rydberg stage 124/788.
[INFO] Enola: Solve for Rydberg stage 125/788.
[INFO] Enola: Solve for Rydberg stage 126/788.
[INFO] Enola: Solve for Rydberg stage 127/788.
[INFO] Enola: Solve for Rydberg stage 128/788.
[INFO] Enola: Solve for Rydberg stage 129/788.
[INFO] Enola: Solve for Rydberg stage 130/788.
[INFO] Enola: Solve for Rydberg stage 131/788.
[INFO] Enola: Solve for Rydberg stage 132/788.
[INFO] Enola: Solve for Rydberg stage 133/788.
[INFO] Enola: Solve for Rydberg stage 134/788.
[INFO] Enola: Solve for Rydberg stage 135/788.
[INFO] Enola: Solve for Rydberg stage 136/788.
[INFO] Enola: Solve for Rydberg stage 137/788.
[INFO] Enola: Solve for Rydberg stage 138/788.
[INFO] Enola: Solve for Rydberg stage 139/788.
[INFO] Enola: Solve for Rydberg stage 140/788.
[INFO] Enola: Solve for Rydberg stage 141/788.
[INFO] Enola: Solve for Rydberg stage 142/788.
[INFO] Enola: Solve for Rydberg stage 143/788.
[INFO] Enola: Solve for Rydberg stage 144/788.
[INFO] Enola: Solve for Rydberg stage 145/788.
[INFO] Enola: Solve for Rydberg stage 146/788.
[INFO] Enola: Solve for Rydberg stage 147/788.
[INFO] Enola: Solve for Rydberg stage 148/788.
[INFO] Enola: Solve for Rydberg stage 149/788.
[INFO] Enola: Solve for Rydberg stage 150/788.
[INFO] Enola: Solve for Rydberg stage 151/788.
[INFO] Enola: Solve for Rydberg stage 152/788.
[INFO] Enola: Solve for Rydberg stage 153/788.
[INFO] Enola: Solve for Rydberg stage 154/788.
[INFO] Enola: Solve for Rydberg stage 155/788.
[INFO] Enola: Solve for Rydberg stage 156/788.
[INFO] Enola: Solve for Rydberg stage 157/788.
[INFO] Enola: Solve for Rydberg stage 158/788.
[INFO] Enola: Solve for Rydberg stage 159/788.
[INFO] Enola: Solve for Rydberg stage 160/788.
[INFO] Enola: Solve for Rydberg stage 161/788.
[INFO] Enola: Solve for Rydberg stage 162/788.
[INFO] Enola: Solve for Rydberg stage 163/788.
[INFO] Enola: Solve for Rydberg stage 164/788.
[INFO] Enola: Solve for Rydberg stage 165/788.
[INFO] Enola: Solve for Rydberg stage 166/788.
[INFO] Enola: Solve for Rydberg stage 167/788.
[INFO] Enola: Solve for Rydberg stage 168/788.
[INFO] Enola: Solve for Rydberg stage 169/788.
[INFO] Enola: Solve for Rydberg stage 170/788.
[INFO] Enola: Solve for Rydberg stage 171/788.
[INFO] Enola: Solve for Rydberg stage 172/788.
[INFO] Enola: Solve for Rydberg stage 173/788.
[INFO] Enola: Solve for Rydberg stage 174/788.
[INFO] Enola: Solve for Rydberg stage 175/788.
[INFO] Enola: Solve for Rydberg stage 176/788.
[INFO] Enola: Solve for Rydberg stage 177/788.
[INFO] Enola: Solve for Rydberg stage 178/788.
[INFO] Enola: Solve for Rydberg stage 179/788.
[INFO] Enola: Solve for Rydberg stage 180/788.
[INFO] Enola: Solve for Rydberg stage 181/788.
[INFO] Enola: Solve for Rydberg stage 182/788.
[INFO] Enola: Solve for Rydberg stage 183/788.
[INFO] Enola: Solve for Rydberg stage 184/788.
[INFO] Enola: Solve for Rydberg stage 185/788.
[INFO] Enola: Solve for Rydberg stage 186/788.
[INFO] Enola: Solve for Rydberg stage 187/788.
[INFO] Enola: Solve for Rydberg stage 188/788.
[INFO] Enola: Solve for Rydberg stage 189/788.
[INFO] Enola: Solve for Rydberg stage 190/788.
[INFO] Enola: Solve for Rydberg stage 191/788.
[INFO] Enola: Solve for Rydberg stage 192/788.
[INFO] Enola: Solve for Rydberg stage 193/788.
[INFO] Enola: Solve for Rydberg stage 194/788.
[INFO] Enola: Solve for Rydberg stage 195/788.
[INFO] Enola: Solve for Rydberg stage 196/788.
[INFO] Enola: Solve for Rydberg stage 197/788.
[INFO] Enola: Solve for Rydberg stage 198/788.
[INFO] Enola: Solve for Rydberg stage 199/788.
[INFO] Enola: Solve for Rydberg stage 200/788.
[INFO] Enola: Solve for Rydberg stage 201/788.
[INFO] Enola: Solve for Rydberg stage 202/788.
[INFO] Enola: Solve for Rydberg stage 203/788.
[INFO] Enola: Solve for Rydberg stage 204/788.
[INFO] Enola: Solve for Rydberg stage 205/788.
[INFO] Enola: Solve for Rydberg stage 206/788.
[INFO] Enola: Solve for Rydberg stage 207/788.
[INFO] Enola: Solve for Rydberg stage 208/788.
[INFO] Enola: Solve for Rydberg stage 209/788.
[INFO] Enola: Solve for Rydberg stage 210/788.
[INFO] Enola: Solve for Rydberg stage 211/788.
[INFO] Enola: Solve for Rydberg stage 212/788.
[INFO] Enola: Solve for Rydberg stage 213/788.
[INFO] Enola: Solve for Rydberg stage 214/788.
[INFO] Enola: Solve for Rydberg stage 215/788.
[INFO] Enola: Solve for Rydberg stage 216/788.
[INFO] Enola: Solve for Rydberg stage 217/788.
[INFO] Enola: Solve for Rydberg stage 218/788.
[INFO] Enola: Solve for Rydberg stage 219/788.
[INFO] Enola: Solve for Rydberg stage 220/788.
[INFO] Enola: Solve for Rydberg stage 221/788.
[INFO] Enola: Solve for Rydberg stage 222/788.
[INFO] Enola: Solve for Rydberg stage 223/788.
[INFO] Enola: Solve for Rydberg stage 224/788.
[INFO] Enola: Solve for Rydberg stage 225/788.
[INFO] Enola: Solve for Rydberg stage 226/788.
[INFO] Enola: Solve for Rydberg stage 227/788.
[INFO] Enola: Solve for Rydberg stage 228/788.
[INFO] Enola: Solve for Rydberg stage 229/788.
[INFO] Enola: Solve for Rydberg stage 230/788.
[INFO] Enola: Solve for Rydberg stage 231/788.
[INFO] Enola: Solve for Rydberg stage 232/788.
[INFO] Enola: Solve for Rydberg stage 233/788.
[INFO] Enola: Solve for Rydberg stage 234/788.
[INFO] Enola: Solve for Rydberg stage 235/788.
[INFO] Enola: Solve for Rydberg stage 236/788.
[INFO] Enola: Solve for Rydberg stage 237/788.
[INFO] Enola: Solve for Rydberg stage 238/788.
[INFO] Enola: Solve for Rydberg stage 239/788.
[INFO] Enola: Solve for Rydberg stage 240/788.
[INFO] Enola: Solve for Rydberg stage 241/788.
[INFO] Enola: Solve for Rydberg stage 242/788.
[INFO] Enola: Solve for Rydberg stage 243/788.
[INFO] Enola: Solve for Rydberg stage 244/788.
[INFO] Enola: Solve for Rydberg stage 245/788.
[INFO] Enola: Solve for Rydberg stage 246/788.
[INFO] Enola: Solve for Rydberg stage 247/788.
[INFO] Enola: Solve for Rydberg stage 248/788.
[INFO] Enola: Solve for Rydberg stage 249/788.
[INFO] Enola: Solve for Rydberg stage 250/788.
[INFO] Enola: Solve for Rydberg stage 251/788.
[INFO] Enola: Solve for Rydberg stage 252/788.
[INFO] Enola: Solve for Rydberg stage 253/788.
[INFO] Enola: Solve for Rydberg stage 254/788.
[INFO] Enola: Solve for Rydberg stage 255/788.
[INFO] Enola: Solve for Rydberg stage 256/788.
[INFO] Enola: Solve for Rydberg stage 257/788.
[INFO] Enola: Solve for Rydberg stage 258/788.
[INFO] Enola: Solve for Rydberg stage 259/788.
[INFO] Enola: Solve for Rydberg stage 260/788.
[INFO] Enola: Solve for Rydberg stage 261/788.
[INFO] Enola: Solve for Rydberg stage 262/788.
[INFO] Enola: Solve for Rydberg stage 263/788.
[INFO] Enola: Solve for Rydberg stage 264/788.
[INFO] Enola: Solve for Rydberg stage 265/788.
[INFO] Enola: Solve for Rydberg stage 266/788.
[INFO] Enola: Solve for Rydberg stage 267/788.
[INFO] Enola: Solve for Rydberg stage 268/788.
[INFO] Enola: Solve for Rydberg stage 269/788.
[INFO] Enola: Solve for Rydberg stage 270/788.
[INFO] Enola: Solve for Rydberg stage 271/788.
[INFO] Enola: Solve for Rydberg stage 272/788.
[INFO] Enola: Solve for Rydberg stage 273/788.
[INFO] Enola: Solve for Rydberg stage 274/788.
[INFO] Enola: Solve for Rydberg stage 275/788.
[INFO] Enola: Solve for Rydberg stage 276/788.
[INFO] Enola: Solve for Rydberg stage 277/788.
[INFO] Enola: Solve for Rydberg stage 278/788.
[INFO] Enola: Solve for Rydberg stage 279/788.
[INFO] Enola: Solve for Rydberg stage 280/788.
[INFO] Enola: Solve for Rydberg stage 281/788.
[INFO] Enola: Solve for Rydberg stage 282/788.
[INFO] Enola: Solve for Rydberg stage 283/788.
[INFO] Enola: Solve for Rydberg stage 284/788.
[INFO] Enola: Solve for Rydberg stage 285/788.
[INFO] Enola: Solve for Rydberg stage 286/788.
[INFO] Enola: Solve for Rydberg stage 287/788.
[INFO] Enola: Solve for Rydberg stage 288/788.
[INFO] Enola: Solve for Rydberg stage 289/788.
[INFO] Enola: Solve for Rydberg stage 290/788.
[INFO] Enola: Solve for Rydberg stage 291/788.
[INFO] Enola: Solve for Rydberg stage 292/788.
[INFO] Enola: Solve for Rydberg stage 293/788.
[INFO] Enola: Solve for Rydberg stage 294/788.
[INFO] Enola: Solve for Rydberg stage 295/788.
[INFO] Enola: Solve for Rydberg stage 296/788.
[INFO] Enola: Solve for Rydberg stage 297/788.
[INFO] Enola: Solve for Rydberg stage 298/788.
[INFO] Enola: Solve for Rydberg stage 299/788.
[INFO] Enola: Solve for Rydberg stage 300/788.
[INFO] Enola: Solve for Rydberg stage 301/788.
[INFO] Enola: Solve for Rydberg stage 302/788.
[INFO] Enola: Solve for Rydberg stage 303/788.
[INFO] Enola: Solve for Rydberg stage 304/788.
[INFO] Enola: Solve for Rydberg stage 305/788.
[INFO] Enola: Solve for Rydberg stage 306/788.
[INFO] Enola: Solve for Rydberg stage 307/788.
[INFO] Enola: Solve for Rydberg stage 308/788.
[INFO] Enola: Solve for Rydberg stage 309/788.
[INFO] Enola: Solve for Rydberg stage 310/788.
[INFO] Enola: Solve for Rydberg stage 311/788.
[INFO] Enola: Solve for Rydberg stage 312/788.
[INFO] Enola: Solve for Rydberg stage 313/788.
[INFO] Enola: Solve for Rydberg stage 314/788.
[INFO] Enola: Solve for Rydberg stage 315/788.
[INFO] Enola: Solve for Rydberg stage 316/788.
[INFO] Enola: Solve for Rydberg stage 317/788.
[INFO] Enola: Solve for Rydberg stage 318/788.
[INFO] Enola: Solve for Rydberg stage 319/788.
[INFO] Enola: Solve for Rydberg stage 320/788.
[INFO] Enola: Solve for Rydberg stage 321/788.
[INFO] Enola: Solve for Rydberg stage 322/788.
[INFO] Enola: Solve for Rydberg stage 323/788.
[INFO] Enola: Solve for Rydberg stage 324/788.
[INFO] Enola: Solve for Rydberg stage 325/788.
[INFO] Enola: Solve for Rydberg stage 326/788.
[INFO] Enola: Solve for Rydberg stage 327/788.
[INFO] Enola: Solve for Rydberg stage 328/788.
[INFO] Enola: Solve for Rydberg stage 329/788.
[INFO] Enola: Solve for Rydberg stage 330/788.
[INFO] Enola: Solve for Rydberg stage 331/788.
[INFO] Enola: Solve for Rydberg stage 332/788.
[INFO] Enola: Solve for Rydberg stage 333/788.
[INFO] Enola: Solve for Rydberg stage 334/788.
[INFO] Enola: Solve for Rydberg stage 335/788.
[INFO] Enola: Solve for Rydberg stage 336/788.
[INFO] Enola: Solve for Rydberg stage 337/788.
[INFO] Enola: Solve for Rydberg stage 338/788.
[INFO] Enola: Solve for Rydberg stage 339/788.
[INFO] Enola: Solve for Rydberg stage 340/788.
[INFO] Enola: Solve for Rydberg stage 341/788.
[INFO] Enola: Solve for Rydberg stage 342/788.
[INFO] Enola: Solve for Rydberg stage 343/788.
[INFO] Enola: Solve for Rydberg stage 344/788.
[INFO] Enola: Solve for Rydberg stage 345/788.
[INFO] Enola: Solve for Rydberg stage 346/788.
[INFO] Enola: Solve for Rydberg stage 347/788.
[INFO] Enola: Solve for Rydberg stage 348/788.
[INFO] Enola: Solve for Rydberg stage 349/788.
[INFO] Enola: Solve for Rydberg stage 350/788.
[INFO] Enola: Solve for Rydberg stage 351/788.
[INFO] Enola: Solve for Rydberg stage 352/788.
[INFO] Enola: Solve for Rydberg stage 353/788.
[INFO] Enola: Solve for Rydberg stage 354/788.
[INFO] Enola: Solve for Rydberg stage 355/788.
[INFO] Enola: Solve for Rydberg stage 356/788.
[INFO] Enola: Solve for Rydberg stage 357/788.
[INFO] Enola: Solve for Rydberg stage 358/788.
[INFO] Enola: Solve for Rydberg stage 359/788.
[INFO] Enola: Solve for Rydberg stage 360/788.
[INFO] Enola: Solve for Rydberg stage 361/788.
[INFO] Enola: Solve for Rydberg stage 362/788.
[INFO] Enola: Solve for Rydberg stage 363/788.
[INFO] Enola: Solve for Rydberg stage 364/788.
[INFO] Enola: Solve for Rydberg stage 365/788.
[INFO] Enola: Solve for Rydberg stage 366/788.
[INFO] Enola: Solve for Rydberg stage 367/788.
[INFO] Enola: Solve for Rydberg stage 368/788.
[INFO] Enola: Solve for Rydberg stage 369/788.
[INFO] Enola: Solve for Rydberg stage 370/788.
[INFO] Enola: Solve for Rydberg stage 371/788.
[INFO] Enola: Solve for Rydberg stage 372/788.
[INFO] Enola: Solve for Rydberg stage 373/788.
[INFO] Enola: Solve for Rydberg stage 374/788.
[INFO] Enola: Solve for Rydberg stage 375/788.
[INFO] Enola: Solve for Rydberg stage 376/788.
[INFO] Enola: Solve for Rydberg stage 377/788.
[INFO] Enola: Solve for Rydberg stage 378/788.
[INFO] Enola: Solve for Rydberg stage 379/788.
[INFO] Enola: Solve for Rydberg stage 380/788.
[INFO] Enola: Solve for Rydberg stage 381/788.
[INFO] Enola: Solve for Rydberg stage 382/788.
[INFO] Enola: Solve for Rydberg stage 383/788.
[INFO] Enola: Solve for Rydberg stage 384/788.
[INFO] Enola: Solve for Rydberg stage 385/788.
[INFO] Enola: Solve for Rydberg stage 386/788.
[INFO] Enola: Solve for Rydberg stage 387/788.
[INFO] Enola: Solve for Rydberg stage 388/788.
[INFO] Enola: Solve for Rydberg stage 389/788.
[INFO] Enola: Solve for Rydberg stage 390/788.
[INFO] Enola: Solve for Rydberg stage 391/788.
[INFO] Enola: Solve for Rydberg stage 392/788.
[INFO] Enola: Solve for Rydberg stage 393/788.
[INFO] Enola: Solve for Rydberg stage 394/788.
[INFO] Enola: Solve for Rydberg stage 395/788.
[INFO] Enola: Solve for Rydberg stage 396/788.
[INFO] Enola: Solve for Rydberg stage 397/788.
[INFO] Enola: Solve for Rydberg stage 398/788.
[INFO] Enola: Solve for Rydberg stage 399/788.
[INFO] Enola: Solve for Rydberg stage 400/788.
[INFO] Enola: Solve for Rydberg stage 401/788.
[INFO] Enola: Solve for Rydberg stage 402/788.
[INFO] Enola: Solve for Rydberg stage 403/788.
[INFO] Enola: Solve for Rydberg stage 404/788.
[INFO] Enola: Solve for Rydberg stage 405/788.
[INFO] Enola: Solve for Rydberg stage 406/788.
[INFO] Enola: Solve for Rydberg stage 407/788.
[INFO] Enola: Solve for Rydberg stage 408/788.
[INFO] Enola: Solve for Rydberg stage 409/788.
[INFO] Enola: Solve for Rydberg stage 410/788.
[INFO] Enola: Solve for Rydberg stage 411/788.
[INFO] Enola: Solve for Rydberg stage 412/788.
[INFO] Enola: Solve for Rydberg stage 413/788.
[INFO] Enola: Solve for Rydberg stage 414/788.
[INFO] Enola: Solve for Rydberg stage 415/788.
[INFO] Enola: Solve for Rydberg stage 416/788.
[INFO] Enola: Solve for Rydberg stage 417/788.
[INFO] Enola: Solve for Rydberg stage 418/788.
[INFO] Enola: Solve for Rydberg stage 419/788.
[INFO] Enola: Solve for Rydberg stage 420/788.
[INFO] Enola: Solve for Rydberg stage 421/788.
[INFO] Enola: Solve for Rydberg stage 422/788.
[INFO] Enola: Solve for Rydberg stage 423/788.
[INFO] Enola: Solve for Rydberg stage 424/788.
[INFO] Enola: Solve for Rydberg stage 425/788.
[INFO] Enola: Solve for Rydberg stage 426/788.
[INFO] Enola: Solve for Rydberg stage 427/788.
[INFO] Enola: Solve for Rydberg stage 428/788.
[INFO] Enola: Solve for Rydberg stage 429/788.
[INFO] Enola: Solve for Rydberg stage 430/788.
[INFO] Enola: Solve for Rydberg stage 431/788.
[INFO] Enola: Solve for Rydberg stage 432/788.
[INFO] Enola: Solve for Rydberg stage 433/788.
[INFO] Enola: Solve for Rydberg stage 434/788.
[INFO] Enola: Solve for Rydberg stage 435/788.
[INFO] Enola: Solve for Rydberg stage 436/788.
[INFO] Enola: Solve for Rydberg stage 437/788.
[INFO] Enola: Solve for Rydberg stage 438/788.
[INFO] Enola: Solve for Rydberg stage 439/788.
[INFO] Enola: Solve for Rydberg stage 440/788.
[INFO] Enola: Solve for Rydberg stage 441/788.
[INFO] Enola: Solve for Rydberg stage 442/788.
[INFO] Enola: Solve for Rydberg stage 443/788.
[INFO] Enola: Solve for Rydberg stage 444/788.
[INFO] Enola: Solve for Rydberg stage 445/788.
[INFO] Enola: Solve for Rydberg stage 446/788.
[INFO] Enola: Solve for Rydberg stage 447/788.
[INFO] Enola: Solve for Rydberg stage 448/788.
[INFO] Enola: Solve for Rydberg stage 449/788.
[INFO] Enola: Solve for Rydberg stage 450/788.
[INFO] Enola: Solve for Rydberg stage 451/788.
[INFO] Enola: Solve for Rydberg stage 452/788.
[INFO] Enola: Solve for Rydberg stage 453/788.
[INFO] Enola: Solve for Rydberg stage 454/788.
[INFO] Enola: Solve for Rydberg stage 455/788.
[INFO] Enola: Solve for Rydberg stage 456/788.
[INFO] Enola: Solve for Rydberg stage 457/788.
[INFO] Enola: Solve for Rydberg stage 458/788.
[INFO] Enola: Solve for Rydberg stage 459/788.
[INFO] Enola: Solve for Rydberg stage 460/788.
[INFO] Enola: Solve for Rydberg stage 461/788.
[INFO] Enola: Solve for Rydberg stage 462/788.
[INFO] Enola: Solve for Rydberg stage 463/788.
[INFO] Enola: Solve for Rydberg stage 464/788.
[INFO] Enola: Solve for Rydberg stage 465/788.
[INFO] Enola: Solve for Rydberg stage 466/788.
[INFO] Enola: Solve for Rydberg stage 467/788.
[INFO] Enola: Solve for Rydberg stage 468/788.
[INFO] Enola: Solve for Rydberg stage 469/788.
[INFO] Enola: Solve for Rydberg stage 470/788.
[INFO] Enola: Solve for Rydberg stage 471/788.
[INFO] Enola: Solve for Rydberg stage 472/788.
[INFO] Enola: Solve for Rydberg stage 473/788.
[INFO] Enola: Solve for Rydberg stage 474/788.
[INFO] Enola: Solve for Rydberg stage 475/788.
[INFO] Enola: Solve for Rydberg stage 476/788.
[INFO] Enola: Solve for Rydberg stage 477/788.
[INFO] Enola: Solve for Rydberg stage 478/788.
[INFO] Enola: Solve for Rydberg stage 479/788.
[INFO] Enola: Solve for Rydberg stage 480/788.
[INFO] Enola: Solve for Rydberg stage 481/788.
[INFO] Enola: Solve for Rydberg stage 482/788.
[INFO] Enola: Solve for Rydberg stage 483/788.
[INFO] Enola: Solve for Rydberg stage 484/788.
[INFO] Enola: Solve for Rydberg stage 485/788.
[INFO] Enola: Solve for Rydberg stage 486/788.
[INFO] Enola: Solve for Rydberg stage 487/788.
[INFO] Enola: Solve for Rydberg stage 488/788.
[INFO] Enola: Solve for Rydberg stage 489/788.
[INFO] Enola: Solve for Rydberg stage 490/788.
[INFO] Enola: Solve for Rydberg stage 491/788.
[INFO] Enola: Solve for Rydberg stage 492/788.
[INFO] Enola: Solve for Rydberg stage 493/788.
[INFO] Enola: Solve for Rydberg stage 494/788.
[INFO] Enola: Solve for Rydberg stage 495/788.
[INFO] Enola: Solve for Rydberg stage 496/788.
[INFO] Enola: Solve for Rydberg stage 497/788.
[INFO] Enola: Solve for Rydberg stage 498/788.
[INFO] Enola: Solve for Rydberg stage 499/788.
[INFO] Enola: Solve for Rydberg stage 500/788.
[INFO] Enola: Solve for Rydberg stage 501/788.
[INFO] Enola: Solve for Rydberg stage 502/788.
[INFO] Enola: Solve for Rydberg stage 503/788.
[INFO] Enola: Solve for Rydberg stage 504/788.
[INFO] Enola: Solve for Rydberg stage 505/788.
[INFO] Enola: Solve for Rydberg stage 506/788.
[INFO] Enola: Solve for Rydberg stage 507/788.
[INFO] Enola: Solve for Rydberg stage 508/788.
[INFO] Enola: Solve for Rydberg stage 509/788.
[INFO] Enola: Solve for Rydberg stage 510/788.
[INFO] Enola: Solve for Rydberg stage 511/788.
[INFO] Enola: Solve for Rydberg stage 512/788.
[INFO] Enola: Solve for Rydberg stage 513/788.
[INFO] Enola: Solve for Rydberg stage 514/788.
[INFO] Enola: Solve for Rydberg stage 515/788.
[INFO] Enola: Solve for Rydberg stage 516/788.
[INFO] Enola: Solve for Rydberg stage 517/788.
[INFO] Enola: Solve for Rydberg stage 518/788.
[INFO] Enola: Solve for Rydberg stage 519/788.
[INFO] Enola: Solve for Rydberg stage 520/788.
[INFO] Enola: Solve for Rydberg stage 521/788.
[INFO] Enola: Solve for Rydberg stage 522/788.
[INFO] Enola: Solve for Rydberg stage 523/788.
[INFO] Enola: Solve for Rydberg stage 524/788.
[INFO] Enola: Solve for Rydberg stage 525/788.
[INFO] Enola: Solve for Rydberg stage 526/788.
[INFO] Enola: Solve for Rydberg stage 527/788.
[INFO] Enola: Solve for Rydberg stage 528/788.
[INFO] Enola: Solve for Rydberg stage 529/788.
[INFO] Enola: Solve for Rydberg stage 530/788.
[INFO] Enola: Solve for Rydberg stage 531/788.
[INFO] Enola: Solve for Rydberg stage 532/788.
[INFO] Enola: Solve for Rydberg stage 533/788.
[INFO] Enola: Solve for Rydberg stage 534/788.
[INFO] Enola: Solve for Rydberg stage 535/788.
[INFO] Enola: Solve for Rydberg stage 536/788.
[INFO] Enola: Solve for Rydberg stage 537/788.
[INFO] Enola: Solve for Rydberg stage 538/788.
[INFO] Enola: Solve for Rydberg stage 539/788.
[INFO] Enola: Solve for Rydberg stage 540/788.
[INFO] Enola: Solve for Rydberg stage 541/788.
[INFO] Enola: Solve for Rydberg stage 542/788.
[INFO] Enola: Solve for Rydberg stage 543/788.
[INFO] Enola: Solve for Rydberg stage 544/788.
[INFO] Enola: Solve for Rydberg stage 545/788.
[INFO] Enola: Solve for Rydberg stage 546/788.
[INFO] Enola: Solve for Rydberg stage 547/788.
[INFO] Enola: Solve for Rydberg stage 548/788.
[INFO] Enola: Solve for Rydberg stage 549/788.
[INFO] Enola: Solve for Rydberg stage 550/788.
[INFO] Enola: Solve for Rydberg stage 551/788.
[INFO] Enola: Solve for Rydberg stage 552/788.
[INFO] Enola: Solve for Rydberg stage 553/788.
[INFO] Enola: Solve for Rydberg stage 554/788.
[INFO] Enola: Solve for Rydberg stage 555/788.
[INFO] Enola: Solve for Rydberg stage 556/788.
[INFO] Enola: Solve for Rydberg stage 557/788.
[INFO] Enola: Solve for Rydberg stage 558/788.
[INFO] Enola: Solve for Rydberg stage 559/788.
[INFO] Enola: Solve for Rydberg stage 560/788.
[INFO] Enola: Solve for Rydberg stage 561/788.
[INFO] Enola: Solve for Rydberg stage 562/788.
[INFO] Enola: Solve for Rydberg stage 563/788.
[INFO] Enola: Solve for Rydberg stage 564/788.
[INFO] Enola: Solve for Rydberg stage 565/788.
[INFO] Enola: Solve for Rydberg stage 566/788.
[INFO] Enola: Solve for Rydberg stage 567/788.
[INFO] Enola: Solve for Rydberg stage 568/788.
[INFO] Enola: Solve for Rydberg stage 569/788.
[INFO] Enola: Solve for Rydberg stage 570/788.
[INFO] Enola: Solve for Rydberg stage 571/788.
[INFO] Enola: Solve for Rydberg stage 572/788.
[INFO] Enola: Solve for Rydberg stage 573/788.
[INFO] Enola: Solve for Rydberg stage 574/788.
[INFO] Enola: Solve for Rydberg stage 575/788.
[INFO] Enola: Solve for Rydberg stage 576/788.
[INFO] Enola: Solve for Rydberg stage 577/788.
[INFO] Enola: Solve for Rydberg stage 578/788.
[INFO] Enola: Solve for Rydberg stage 579/788.
[INFO] Enola: Solve for Rydberg stage 580/788.
[INFO] Enola: Solve for Rydberg stage 581/788.
[INFO] Enola: Solve for Rydberg stage 582/788.
[INFO] Enola: Solve for Rydberg stage 583/788.
[INFO] Enola: Solve for Rydberg stage 584/788.
[INFO] Enola: Solve for Rydberg stage 585/788.
[INFO] Enola: Solve for Rydberg stage 586/788.
[INFO] Enola: Solve for Rydberg stage 587/788.
[INFO] Enola: Solve for Rydberg stage 588/788.
[INFO] Enola: Solve for Rydberg stage 589/788.
[INFO] Enola: Solve for Rydberg stage 590/788.
[INFO] Enola: Solve for Rydberg stage 591/788.
[INFO] Enola: Solve for Rydberg stage 592/788.
[INFO] Enola: Solve for Rydberg stage 593/788.
[INFO] Enola: Solve for Rydberg stage 594/788.
[INFO] Enola: Solve for Rydberg stage 595/788.
[INFO] Enola: Solve for Rydberg stage 596/788.
[INFO] Enola: Solve for Rydberg stage 597/788.
[INFO] Enola: Solve for Rydberg stage 598/788.
[INFO] Enola: Solve for Rydberg stage 599/788.
[INFO] Enola: Solve for Rydberg stage 600/788.
[INFO] Enola: Solve for Rydberg stage 601/788.
[INFO] Enola: Solve for Rydberg stage 602/788.
[INFO] Enola: Solve for Rydberg stage 603/788.
[INFO] Enola: Solve for Rydberg stage 604/788.
[INFO] Enola: Solve for Rydberg stage 605/788.
[INFO] Enola: Solve for Rydberg stage 606/788.
[INFO] Enola: Solve for Rydberg stage 607/788.
[INFO] Enola: Solve for Rydberg stage 608/788.
[INFO] Enola: Solve for Rydberg stage 609/788.
[INFO] Enola: Solve for Rydberg stage 610/788.
[INFO] Enola: Solve for Rydberg stage 611/788.
[INFO] Enola: Solve for Rydberg stage 612/788.
[INFO] Enola: Solve for Rydberg stage 613/788.
[INFO] Enola: Solve for Rydberg stage 614/788.
[INFO] Enola: Solve for Rydberg stage 615/788.
[INFO] Enola: Solve for Rydberg stage 616/788.
[INFO] Enola: Solve for Rydberg stage 617/788.
[INFO] Enola: Solve for Rydberg stage 618/788.
[INFO] Enola: Solve for Rydberg stage 619/788.
[INFO] Enola: Solve for Rydberg stage 620/788.
[INFO] Enola: Solve for Rydberg stage 621/788.
[INFO] Enola: Solve for Rydberg stage 622/788.
[INFO] Enola: Solve for Rydberg stage 623/788.
[INFO] Enola: Solve for Rydberg stage 624/788.
[INFO] Enola: Solve for Rydberg stage 625/788.
[INFO] Enola: Solve for Rydberg stage 626/788.
[INFO] Enola: Solve for Rydberg stage 627/788.
[INFO] Enola: Solve for Rydberg stage 628/788.
[INFO] Enola: Solve for Rydberg stage 629/788.
[INFO] Enola: Solve for Rydberg stage 630/788.
[INFO] Enola: Solve for Rydberg stage 631/788.
[INFO] Enola: Solve for Rydberg stage 632/788.
[INFO] Enola: Solve for Rydberg stage 633/788.
[INFO] Enola: Solve for Rydberg stage 634/788.
[INFO] Enola: Solve for Rydberg stage 635/788.
[INFO] Enola: Solve for Rydberg stage 636/788.
[INFO] Enola: Solve for Rydberg stage 637/788.
[INFO] Enola: Solve for Rydberg stage 638/788.
[INFO] Enola: Solve for Rydberg stage 639/788.
[INFO] Enola: Solve for Rydberg stage 640/788.
[INFO] Enola: Solve for Rydberg stage 641/788.
[INFO] Enola: Solve for Rydberg stage 642/788.
[INFO] Enola: Solve for Rydberg stage 643/788.
[INFO] Enola: Solve for Rydberg stage 644/788.
[INFO] Enola: Solve for Rydberg stage 645/788.
[INFO] Enola: Solve for Rydberg stage 646/788.
[INFO] Enola: Solve for Rydberg stage 647/788.
[INFO] Enola: Solve for Rydberg stage 648/788.
[INFO] Enola: Solve for Rydberg stage 649/788.
[INFO] Enola: Solve for Rydberg stage 650/788.
[INFO] Enola: Solve for Rydberg stage 651/788.
[INFO] Enola: Solve for Rydberg stage 652/788.
[INFO] Enola: Solve for Rydberg stage 653/788.
[INFO] Enola: Solve for Rydberg stage 654/788.
[INFO] Enola: Solve for Rydberg stage 655/788.
[INFO] Enola: Solve for Rydberg stage 656/788.
[INFO] Enola: Solve for Rydberg stage 657/788.
[INFO] Enola: Solve for Rydberg stage 658/788.
[INFO] Enola: Solve for Rydberg stage 659/788.
[INFO] Enola: Solve for Rydberg stage 660/788.
[INFO] Enola: Solve for Rydberg stage 661/788.
[INFO] Enola: Solve for Rydberg stage 662/788.
[INFO] Enola: Solve for Rydberg stage 663/788.
[INFO] Enola: Solve for Rydberg stage 664/788.
[INFO] Enola: Solve for Rydberg stage 665/788.
[INFO] Enola: Solve for Rydberg stage 666/788.
[INFO] Enola: Solve for Rydberg stage 667/788.
[INFO] Enola: Solve for Rydberg stage 668/788.
[INFO] Enola: Solve for Rydberg stage 669/788.
[INFO] Enola: Solve for Rydberg stage 670/788.
[INFO] Enola: Solve for Rydberg stage 671/788.
[INFO] Enola: Solve for Rydberg stage 672/788.
[INFO] Enola: Solve for Rydberg stage 673/788.
[INFO] Enola: Solve for Rydberg stage 674/788.
[INFO] Enola: Solve for Rydberg stage 675/788.
[INFO] Enola: Solve for Rydberg stage 676/788.
[INFO] Enola: Solve for Rydberg stage 677/788.
[INFO] Enola: Solve for Rydberg stage 678/788.
[INFO] Enola: Solve for Rydberg stage 679/788.
[INFO] Enola: Solve for Rydberg stage 680/788.
[INFO] Enola: Solve for Rydberg stage 681/788.
[INFO] Enola: Solve for Rydberg stage 682/788.
[INFO] Enola: Solve for Rydberg stage 683/788.
[INFO] Enola: Solve for Rydberg stage 684/788.
[INFO] Enola: Solve for Rydberg stage 685/788.
[INFO] Enola: Solve for Rydberg stage 686/788.
[INFO] Enola: Solve for Rydberg stage 687/788.
[INFO] Enola: Solve for Rydberg stage 688/788.
[INFO] Enola: Solve for Rydberg stage 689/788.
[INFO] Enola: Solve for Rydberg stage 690/788.
[INFO] Enola: Solve for Rydberg stage 691/788.
[INFO] Enola: Solve for Rydberg stage 692/788.
[INFO] Enola: Solve for Rydberg stage 693/788.
[INFO] Enola: Solve for Rydberg stage 694/788.
[INFO] Enola: Solve for Rydberg stage 695/788.
[INFO] Enola: Solve for Rydberg stage 696/788.
[INFO] Enola: Solve for Rydberg stage 697/788.
[INFO] Enola: Solve for Rydberg stage 698/788.
[INFO] Enola: Solve for Rydberg stage 699/788.
[INFO] Enola: Solve for Rydberg stage 700/788.
[INFO] Enola: Solve for Rydberg stage 701/788.
[INFO] Enola: Solve for Rydberg stage 702/788.
[INFO] Enola: Solve for Rydberg stage 703/788.
[INFO] Enola: Solve for Rydberg stage 704/788.
[INFO] Enola: Solve for Rydberg stage 705/788.
[INFO] Enola: Solve for Rydberg stage 706/788.
[INFO] Enola: Solve for Rydberg stage 707/788.
[INFO] Enola: Solve for Rydberg stage 708/788.
[INFO] Enola: Solve for Rydberg stage 709/788.
[INFO] Enola: Solve for Rydberg stage 710/788.
[INFO] Enola: Solve for Rydberg stage 711/788.
[INFO] Enola: Solve for Rydberg stage 712/788.
[INFO] Enola: Solve for Rydberg stage 713/788.
[INFO] Enola: Solve for Rydberg stage 714/788.
[INFO] Enola: Solve for Rydberg stage 715/788.
[INFO] Enola: Solve for Rydberg stage 716/788.
[INFO] Enola: Solve for Rydberg stage 717/788.
[INFO] Enola: Solve for Rydberg stage 718/788.
[INFO] Enola: Solve for Rydberg stage 719/788.
[INFO] Enola: Solve for Rydberg stage 720/788.
[INFO] Enola: Solve for Rydberg stage 721/788.
[INFO] Enola: Solve for Rydberg stage 722/788.
[INFO] Enola: Solve for Rydberg stage 723/788.
[INFO] Enola: Solve for Rydberg stage 724/788.
[INFO] Enola: Solve for Rydberg stage 725/788.
[INFO] Enola: Solve for Rydberg stage 726/788.
[INFO] Enola: Solve for Rydberg stage 727/788.
[INFO] Enola: Solve for Rydberg stage 728/788.
[INFO] Enola: Solve for Rydberg stage 729/788.
[INFO] Enola: Solve for Rydberg stage 730/788.
[INFO] Enola: Solve for Rydberg stage 731/788.
[INFO] Enola: Solve for Rydberg stage 732/788.
[INFO] Enola: Solve for Rydberg stage 733/788.
[INFO] Enola: Solve for Rydberg stage 734/788.
[INFO] Enola: Solve for Rydberg stage 735/788.
[INFO] Enola: Solve for Rydberg stage 736/788.
[INFO] Enola: Solve for Rydberg stage 737/788.
[INFO] Enola: Solve for Rydberg stage 738/788.
[INFO] Enola: Solve for Rydberg stage 739/788.
[INFO] Enola: Solve for Rydberg stage 740/788.
[INFO] Enola: Solve for Rydberg stage 741/788.
[INFO] Enola: Solve for Rydberg stage 742/788.
[INFO] Enola: Solve for Rydberg stage 743/788.
[INFO] Enola: Solve for Rydberg stage 744/788.
[INFO] Enola: Solve for Rydberg stage 745/788.
[INFO] Enola: Solve for Rydberg stage 746/788.
[INFO] Enola: Solve for Rydberg stage 747/788.
[INFO] Enola: Solve for Rydberg stage 748/788.
[INFO] Enola: Solve for Rydberg stage 749/788.
[INFO] Enola: Solve for Rydberg stage 750/788.
[INFO] Enola: Solve for Rydberg stage 751/788.
[INFO] Enola: Solve for Rydberg stage 752/788.
[INFO] Enola: Solve for Rydberg stage 753/788.
[INFO] Enola: Solve for Rydberg stage 754/788.
[INFO] Enola: Solve for Rydberg stage 755/788.
[INFO] Enola: Solve for Rydberg stage 756/788.
[INFO] Enola: Solve for Rydberg stage 757/788.
[INFO] Enola: Solve for Rydberg stage 758/788.
[INFO] Enola: Solve for Rydberg stage 759/788.
[INFO] Enola: Solve for Rydberg stage 760/788.
[INFO] Enola: Solve for Rydberg stage 761/788.
[INFO] Enola: Solve for Rydberg stage 762/788.
[INFO] Enola: Solve for Rydberg stage 763/788.
[INFO] Enola: Solve for Rydberg stage 764/788.
[INFO] Enola: Solve for Rydberg stage 765/788.
[INFO] Enola: Solve for Rydberg stage 766/788.
[INFO] Enola: Solve for Rydberg stage 767/788.
[INFO] Enola: Solve for Rydberg stage 768/788.
[INFO] Enola: Solve for Rydberg stage 769/788.
[INFO] Enola: Solve for Rydberg stage 770/788.
[INFO] Enola: Solve for Rydberg stage 771/788.
[INFO] Enola: Solve for Rydberg stage 772/788.
[INFO] Enola: Solve for Rydberg stage 773/788.
[INFO] Enola: Solve for Rydberg stage 774/788.
[INFO] Enola: Solve for Rydberg stage 775/788.
[INFO] Enola: Solve for Rydberg stage 776/788.
[INFO] Enola: Solve for Rydberg stage 777/788.
[INFO] Enola: Solve for Rydberg stage 778/788.
[INFO] Enola: Solve for Rydberg stage 779/788.
[INFO] Enola: Solve for Rydberg stage 780/788.
[INFO] Enola: Solve for Rydberg stage 781/788.
[INFO] Enola: Solve for Rydberg stage 782/788.
[INFO] Enola: Solve for Rydberg stage 783/788.
[INFO] Enola: Solve for Rydberg stage 784/788.
[INFO] Enola: Solve for Rydberg stage 785/788.
[INFO] Enola: Solve for Rydberg stage 786/788.
[INFO] Enola: Solve for Rydberg stage 787/788.
[INFO] Enola: Solve for Rydberg stage 788/788.
[INFO] Enola: Solve for Rydberg stage 789/788.
[INFO] Enola: Time for routing: 0.1111764907836914s
[INFO] Enola: Total Time: 2.699104070663452s
Compilation successful.

2026-03-25 17:27:18,829 - BenchmarkManager - INFO - enola (run 1/1) - Running /u/halle/heiz/home_at/BachelorProject/benchmarks/uf_fix50_20-100/uf50-0120.qasm
2026-03-25 17:27:21,806 - Compiler.enola - INFO - STDOUT:
[INFO] Enola: Start Solving
[INFO] Enola: Run scheduling
[INFO] Enola: Time for scheduling: 0.0006463527679443359s
75
[INFO] Enola: Time for placement: 8.344650268554688e-06s
[INFO] Enola: Solve for Rydberg stage 2/814.
[INFO] Enola: Solve for Rydberg stage 3/814.
[INFO] Enola: Solve for Rydberg stage 4/814.
[INFO] Enola: Solve for Rydberg stage 5/814.
[INFO] Enola: Solve for Rydberg stage 6/814.
[INFO] Enola: Solve for Rydberg stage 7/814.
[INFO] Enola: Solve for Rydberg stage 8/814.
[INFO] Enola: Solve for Rydberg stage 9/814.
[INFO] Enola: Solve for Rydberg stage 10/814.
[INFO] Enola: Solve for Rydberg stage 11/814.
[INFO] Enola: Solve for Rydberg stage 12/814.
[INFO] Enola: Solve for Rydberg stage 13/814.
[INFO] Enola: Solve for Rydberg stage 14/814.
[INFO] Enola: Solve for Rydberg stage 15/814.
[INFO] Enola: Solve for Rydberg stage 16/814.
[INFO] Enola: Solve for Rydberg stage 17/814.
[INFO] Enola: Solve for Rydberg stage 18/814.
[INFO] Enola: Solve for Rydberg stage 19/814.
[INFO] Enola: Solve for Rydberg stage 20/814.
[INFO] Enola: Solve for Rydberg stage 21/814.
[INFO] Enola: Solve for Rydberg stage 22/814.
[INFO] Enola: Solve for Rydberg stage 23/814.
[INFO] Enola: Solve for Rydberg stage 24/814.
[INFO] Enola: Solve for Rydberg stage 25/814.
[INFO] Enola: Solve for Rydberg stage 26/814.
[INFO] Enola: Solve for Rydberg stage 27/814.
[INFO] Enola: Solve for Rydberg stage 28/814.
[INFO] Enola: Solve for Rydberg stage 29/814.
[INFO] Enola: Solve for Rydberg stage 30/814.
[INFO] Enola: Solve for Rydberg stage 31/814.
[INFO] Enola: Solve for Rydberg stage 32/814.
[INFO] Enola: Solve for Rydberg stage 33/814.
[INFO] Enola: Solve for Rydberg stage 34/814.
[INFO] Enola: Solve for Rydberg stage 35/814.
[INFO] Enola: Solve for Rydberg stage 36/814.
[INFO] Enola: Solve for Rydberg stage 37/814.
[INFO] Enola: Solve for Rydberg stage 38/814.
[INFO] Enola: Solve for Rydberg stage 39/814.
[INFO] Enola: Solve for Rydberg stage 40/814.
[INFO] Enola: Solve for Rydberg stage 41/814.
[INFO] Enola: Solve for Rydberg stage 42/814.
[INFO] Enola: Solve for Rydberg stage 43/814.
[INFO] Enola: Solve for Rydberg stage 44/814.
[INFO] Enola: Solve for Rydberg stage 45/814.
[INFO] Enola: Solve for Rydberg stage 46/814.
[INFO] Enola: Solve for Rydberg stage 47/814.
[INFO] Enola: Solve for Rydberg stage 48/814.
[INFO] Enola: Solve for Rydberg stage 49/814.
[INFO] Enola: Solve for Rydberg stage 50/814.
[INFO] Enola: Solve for Rydberg stage 51/814.
[INFO] Enola: Solve for Rydberg stage 52/814.
[INFO] Enola: Solve for Rydberg stage 53/814.
[INFO] Enola: Solve for Rydberg stage 54/814.
[INFO] Enola: Solve for Rydberg stage 55/814.
[INFO] Enola: Solve for Rydberg stage 56/814.
[INFO] Enola: Solve for Rydberg stage 57/814.
[INFO] Enola: Solve for Rydberg stage 58/814.
[INFO] Enola: Solve for Rydberg stage 59/814.
[INFO] Enola: Solve for Rydberg stage 60/814.
[INFO] Enola: Solve for Rydberg stage 61/814.
[INFO] Enola: Solve for Rydberg stage 62/814.
[INFO] Enola: Solve for Rydberg stage 63/814.
[INFO] Enola: Solve for Rydberg stage 64/814.
[INFO] Enola: Solve for Rydberg stage 65/814.
[INFO] Enola: Solve for Rydberg stage 66/814.
[INFO] Enola: Solve for Rydberg stage 67/814.
[INFO] Enola: Solve for Rydberg stage 68/814.
[INFO] Enola: Solve for Rydberg stage 69/814.
[INFO] Enola: Solve for Rydberg stage 70/814.
[INFO] Enola: Solve for Rydberg stage 71/814.
[INFO] Enola: Solve for Rydberg stage 72/814.
[INFO] Enola: Solve for Rydberg stage 73/814.
[INFO] Enola: Solve for Rydberg stage 74/814.
[INFO] Enola: Solve for Rydberg stage 75/814.
[INFO] Enola: Solve for Rydberg stage 76/814.
[INFO] Enola: Solve for Rydberg stage 77/814.
[INFO] Enola: Solve for Rydberg stage 78/814.
[INFO] Enola: Solve for Rydberg stage 79/814.
[INFO] Enola: Solve for Rydberg stage 80/814.
[INFO] Enola: Solve for Rydberg stage 81/814.
[INFO] Enola: Solve for Rydberg stage 82/814.
[INFO] Enola: Solve for Rydberg stage 83/814.
[INFO] Enola: Solve for Rydberg stage 84/814.
[INFO] Enola: Solve for Rydberg stage 85/814.
[INFO] Enola: Solve for Rydberg stage 86/814.
[INFO] Enola: Solve for Rydberg stage 87/814.
[INFO] Enola: Solve for Rydberg stage 88/814.
[INFO] Enola: Solve for Rydberg stage 89/814.
[INFO] Enola: Solve for Rydberg stage 90/814.
[INFO] Enola: Solve for Rydberg stage 91/814.
[INFO] Enola: Solve for Rydberg stage 92/814.
[INFO] Enola: Solve for Rydberg stage 93/814.
[INFO] Enola: Solve for Rydberg stage 94/814.
[INFO] Enola: Solve for Rydberg stage 95/814.
[INFO] Enola: Solve for Rydberg stage 96/814.
[INFO] Enola: Solve for Rydberg stage 97/814.
[INFO] Enola: Solve for Rydberg stage 98/814.
[INFO] Enola: Solve for Rydberg stage 99/814.
[INFO] Enola: Solve for Rydberg stage 100/814.
[INFO] Enola: Solve for Rydberg stage 101/814.
[INFO] Enola: Solve for Rydberg stage 102/814.
[INFO] Enola: Solve for Rydberg stage 103/814.
[INFO] Enola: Solve for Rydberg stage 104/814.
[INFO] Enola: Solve for Rydberg stage 105/814.
[INFO] Enola: Solve for Rydberg stage 106/814.
[INFO] Enola: Solve for Rydberg stage 107/814.
[INFO] Enola: Solve for Rydberg stage 108/814.
[INFO] Enola: Solve for Rydberg stage 109/814.
[INFO] Enola: Solve for Rydberg stage 110/814.
[INFO] Enola: Solve for Rydberg stage 111/814.
[INFO] Enola: Solve for Rydberg stage 112/814.
[INFO] Enola: Solve for Rydberg stage 113/814.
[INFO] Enola: Solve for Rydberg stage 114/814.
[INFO] Enola: Solve for Rydberg stage 115/814.
[INFO] Enola: Solve for Rydberg stage 116/814.
[INFO] Enola: Solve for Rydberg stage 117/814.
[INFO] Enola: Solve for Rydberg stage 118/814.
[INFO] Enola: Solve for Rydberg stage 119/814.
[INFO] Enola: Solve for Rydberg stage 120/814.
[INFO] Enola: Solve for Rydberg stage 121/814.
[INFO] Enola: Solve for Rydberg stage 122/814.
[INFO] Enola: Solve for Rydberg stage 123/814.
[INFO] Enola: Solve for Rydberg stage 124/814.
[INFO] Enola: Solve for Rydberg stage 125/814.
[INFO] Enola: Solve for Rydberg stage 126/814.
[INFO] Enola: Solve for Rydberg stage 127/814.
[INFO] Enola: Solve for Rydberg stage 128/814.
[INFO] Enola: Solve for Rydberg stage 129/814.
[INFO] Enola: Solve for Rydberg stage 130/814.
[INFO] Enola: Solve for Rydberg stage 131/814.
[INFO] Enola: Solve for Rydberg stage 132/814.
[INFO] Enola: Solve for Rydberg stage 133/814.
[INFO] Enola: Solve for Rydberg stage 134/814.
[INFO] Enola: Solve for Rydberg stage 135/814.
[INFO] Enola: Solve for Rydberg stage 136/814.
[INFO] Enola: Solve for Rydberg stage 137/814.
[INFO] Enola: Solve for Rydberg stage 138/814.
[INFO] Enola: Solve for Rydberg stage 139/814.
[INFO] Enola: Solve for Rydberg stage 140/814.
[INFO] Enola: Solve for Rydberg stage 141/814.
[INFO] Enola: Solve for Rydberg stage 142/814.
[INFO] Enola: Solve for Rydberg stage 143/814.
[INFO] Enola: Solve for Rydberg stage 144/814.
[INFO] Enola: Solve for Rydberg stage 145/814.
[INFO] Enola: Solve for Rydberg stage 146/814.
[INFO] Enola: Solve for Rydberg stage 147/814.
[INFO] Enola: Solve for Rydberg stage 148/814.
[INFO] Enola: Solve for Rydberg stage 149/814.
[INFO] Enola: Solve for Rydberg stage 150/814.
[INFO] Enola: Solve for Rydberg stage 151/814.
[INFO] Enola: Solve for Rydberg stage 152/814.
[INFO] Enola: Solve for Rydberg stage 153/814.
[INFO] Enola: Solve for Rydberg stage 154/814.
[INFO] Enola: Solve for Rydberg stage 155/814.
[INFO] Enola: Solve for Rydberg stage 156/814.
[INFO] Enola: Solve for Rydberg stage 157/814.
[INFO] Enola: Solve for Rydberg stage 158/814.
[INFO] Enola: Solve for Rydberg stage 159/814.
[INFO] Enola: Solve for Rydberg stage 160/814.
[INFO] Enola: Solve for Rydberg stage 161/814.
[INFO] Enola: Solve for Rydberg stage 162/814.
[INFO] Enola: Solve for Rydberg stage 163/814.
[INFO] Enola: Solve for Rydberg stage 164/814.
[INFO] Enola: Solve for Rydberg stage 165/814.
[INFO] Enola: Solve for Rydberg stage 166/814.
[INFO] Enola: Solve for Rydberg stage 167/814.
[INFO] Enola: Solve for Rydberg stage 168/814.
[INFO] Enola: Solve for Rydberg stage 169/814.
[INFO] Enola: Solve for Rydberg stage 170/814.
[INFO] Enola: Solve for Rydberg stage 171/814.
[INFO] Enola: Solve for Rydberg stage 172/814.
[INFO] Enola: Solve for Rydberg stage 173/814.
[INFO] Enola: Solve for Rydberg stage 174/814.
[INFO] Enola: Solve for Rydberg stage 175/814.
[INFO] Enola: Solve for Rydberg stage 176/814.
[INFO] Enola: Solve for Rydberg stage 177/814.
[INFO] Enola: Solve for Rydberg stage 178/814.
[INFO] Enola: Solve for Rydberg stage 179/814.
[INFO] Enola: Solve for Rydberg stage 180/814.
[INFO] Enola: Solve for Rydberg stage 181/814.
[INFO] Enola: Solve for Rydberg stage 182/814.
[INFO] Enola: Solve for Rydberg stage 183/814.
[INFO] Enola: Solve for Rydberg stage 184/814.
[INFO] Enola: Solve for Rydberg stage 185/814.
[INFO] Enola: Solve for Rydberg stage 186/814.
[INFO] Enola: Solve for Rydberg stage 187/814.
[INFO] Enola: Solve for Rydberg stage 188/814.
[INFO] Enola: Solve for Rydberg stage 189/814.
[INFO] Enola: Solve for Rydberg stage 190/814.
[INFO] Enola: Solve for Rydberg stage 191/814.
[INFO] Enola: Solve for Rydberg stage 192/814.
[INFO] Enola: Solve for Rydberg stage 193/814.
[INFO] Enola: Solve for Rydberg stage 194/814.
[INFO] Enola: Solve for Rydberg stage 195/814.
[INFO] Enola: Solve for Rydberg stage 196/814.
[INFO] Enola: Solve for Rydberg stage 197/814.
[INFO] Enola: Solve for Rydberg stage 198/814.
[INFO] Enola: Solve for Rydberg stage 199/814.
[INFO] Enola: Solve for Rydberg stage 200/814.
[INFO] Enola: Solve for Rydberg stage 201/814.
[INFO] Enola: Solve for Rydberg stage 202/814.
[INFO] Enola: Solve for Rydberg stage 203/814.
[INFO] Enola: Solve for Rydberg stage 204/814.
[INFO] Enola: Solve for Rydberg stage 205/814.
[INFO] Enola: Solve for Rydberg stage 206/814.
[INFO] Enola: Solve for Rydberg stage 207/814.
[INFO] Enola: Solve for Rydberg stage 208/814.
[INFO] Enola: Solve for Rydberg stage 209/814.
[INFO] Enola: Solve for Rydberg stage 210/814.
[INFO] Enola: Solve for Rydberg stage 211/814.
[INFO] Enola: Solve for Rydberg stage 212/814.
[INFO] Enola: Solve for Rydberg stage 213/814.
[INFO] Enola: Solve for Rydberg stage 214/814.
[INFO] Enola: Solve for Rydberg stage 215/814.
[INFO] Enola: Solve for Rydberg stage 216/814.
[INFO] Enola: Solve for Rydberg stage 217/814.
[INFO] Enola: Solve for Rydberg stage 218/814.
[INFO] Enola: Solve for Rydberg stage 219/814.
[INFO] Enola: Solve for Rydberg stage 220/814.
[INFO] Enola: Solve for Rydberg stage 221/814.
[INFO] Enola: Solve for Rydberg stage 222/814.
[INFO] Enola: Solve for Rydberg stage 223/814.
[INFO] Enola: Solve for Rydberg stage 224/814.
[INFO] Enola: Solve for Rydberg stage 225/814.
[INFO] Enola: Solve for Rydberg stage 226/814.
[INFO] Enola: Solve for Rydberg stage 227/814.
[INFO] Enola: Solve for Rydberg stage 228/814.
[INFO] Enola: Solve for Rydberg stage 229/814.
[INFO] Enola: Solve for Rydberg stage 230/814.
[INFO] Enola: Solve for Rydberg stage 231/814.
[INFO] Enola: Solve for Rydberg stage 232/814.
[INFO] Enola: Solve for Rydberg stage 233/814.
[INFO] Enola: Solve for Rydberg stage 234/814.
[INFO] Enola: Solve for Rydberg stage 235/814.
[INFO] Enola: Solve for Rydberg stage 236/814.
[INFO] Enola: Solve for Rydberg stage 237/814.
[INFO] Enola: Solve for Rydberg stage 238/814.
[INFO] Enola: Solve for Rydberg stage 239/814.
[INFO] Enola: Solve for Rydberg stage 240/814.
[INFO] Enola: Solve for Rydberg stage 241/814.
[INFO] Enola: Solve for Rydberg stage 242/814.
[INFO] Enola: Solve for Rydberg stage 243/814.
[INFO] Enola: Solve for Rydberg stage 244/814.
[INFO] Enola: Solve for Rydberg stage 245/814.
[INFO] Enola: Solve for Rydberg stage 246/814.
[INFO] Enola: Solve for Rydberg stage 247/814.
[INFO] Enola: Solve for Rydberg stage 248/814.
[INFO] Enola: Solve for Rydberg stage 249/814.
[INFO] Enola: Solve for Rydberg stage 250/814.
[INFO] Enola: Solve for Rydberg stage 251/814.
[INFO] Enola: Solve for Rydberg stage 252/814.
[INFO] Enola: Solve for Rydberg stage 253/814.
[INFO] Enola: Solve for Rydberg stage 254/814.
[INFO] Enola: Solve for Rydberg stage 255/814.
[INFO] Enola: Solve for Rydberg stage 256/814.
[INFO] Enola: Solve for Rydberg stage 257/814.
[INFO] Enola: Solve for Rydberg stage 258/814.
[INFO] Enola: Solve for Rydberg stage 259/814.
[INFO] Enola: Solve for Rydberg stage 260/814.
[INFO] Enola: Solve for Rydberg stage 261/814.
[INFO] Enola: Solve for Rydberg stage 262/814.
[INFO] Enola: Solve for Rydberg stage 263/814.
[INFO] Enola: Solve for Rydberg stage 264/814.
[INFO] Enola: Solve for Rydberg stage 265/814.
[INFO] Enola: Solve for Rydberg stage 266/814.
[INFO] Enola: Solve for Rydberg stage 267/814.
[INFO] Enola: Solve for Rydberg stage 268/814.
[INFO] Enola: Solve for Rydberg stage 269/814.
[INFO] Enola: Solve for Rydberg stage 270/814.
[INFO] Enola: Solve for Rydberg stage 271/814.
[INFO] Enola: Solve for Rydberg stage 272/814.
[INFO] Enola: Solve for Rydberg stage 273/814.
[INFO] Enola: Solve for Rydberg stage 274/814.
[INFO] Enola: Solve for Rydberg stage 275/814.
[INFO] Enola: Solve for Rydberg stage 276/814.
[INFO] Enola: Solve for Rydberg stage 277/814.
[INFO] Enola: Solve for Rydberg stage 278/814.
[INFO] Enola: Solve for Rydberg stage 279/814.
[INFO] Enola: Solve for Rydberg stage 280/814.
[INFO] Enola: Solve for Rydberg stage 281/814.
[INFO] Enola: Solve for Rydberg stage 282/814.
[INFO] Enola: Solve for Rydberg stage 283/814.
[INFO] Enola: Solve for Rydberg stage 284/814.
[INFO] Enola: Solve for Rydberg stage 285/814.
[INFO] Enola: Solve for Rydberg stage 286/814.
[INFO] Enola: Solve for Rydberg stage 287/814.
[INFO] Enola: Solve for Rydberg stage 288/814.
[INFO] Enola: Solve for Rydberg stage 289/814.
[INFO] Enola: Solve for Rydberg stage 290/814.
[INFO] Enola: Solve for Rydberg stage 291/814.
[INFO] Enola: Solve for Rydberg stage 292/814.
[INFO] Enola: Solve for Rydberg stage 293/814.
[INFO] Enola: Solve for Rydberg stage 294/814.
[INFO] Enola: Solve for Rydberg stage 295/814.
[INFO] Enola: Solve for Rydberg stage 296/814.
[INFO] Enola: Solve for Rydberg stage 297/814.
[INFO] Enola: Solve for Rydberg stage 298/814.
[INFO] Enola: Solve for Rydberg stage 299/814.
[INFO] Enola: Solve for Rydberg stage 300/814.
[INFO] Enola: Solve for Rydberg stage 301/814.
[INFO] Enola: Solve for Rydberg stage 302/814.
[INFO] Enola: Solve for Rydberg stage 303/814.
[INFO] Enola: Solve for Rydberg stage 304/814.
[INFO] Enola: Solve for Rydberg stage 305/814.
[INFO] Enola: Solve for Rydberg stage 306/814.
[INFO] Enola: Solve for Rydberg stage 307/814.
[INFO] Enola: Solve for Rydberg stage 308/814.
[INFO] Enola: Solve for Rydberg stage 309/814.
[INFO] Enola: Solve for Rydberg stage 310/814.
[INFO] Enola: Solve for Rydberg stage 311/814.
[INFO] Enola: Solve for Rydberg stage 312/814.
[INFO] Enola: Solve for Rydberg stage 313/814.
[INFO] Enola: Solve for Rydberg stage 314/814.
[INFO] Enola: Solve for Rydberg stage 315/814.
[INFO] Enola: Solve for Rydberg stage 316/814.
[INFO] Enola: Solve for Rydberg stage 317/814.
[INFO] Enola: Solve for Rydberg stage 318/814.
[INFO] Enola: Solve for Rydberg stage 319/814.
[INFO] Enola: Solve for Rydberg stage 320/814.
[INFO] Enola: Solve for Rydberg stage 321/814.
[INFO] Enola: Solve for Rydberg stage 322/814.
[INFO] Enola: Solve for Rydberg stage 323/814.
[INFO] Enola: Solve for Rydberg stage 324/814.
[INFO] Enola: Solve for Rydberg stage 325/814.
[INFO] Enola: Solve for Rydberg stage 326/814.
[INFO] Enola: Solve for Rydberg stage 327/814.
[INFO] Enola: Solve for Rydberg stage 328/814.
[INFO] Enola: Solve for Rydberg stage 329/814.
[INFO] Enola: Solve for Rydberg stage 330/814.
[INFO] Enola: Solve for Rydberg stage 331/814.
[INFO] Enola: Solve for Rydberg stage 332/814.
[INFO] Enola: Solve for Rydberg stage 333/814.
[INFO] Enola: Solve for Rydberg stage 334/814.
[INFO] Enola: Solve for Rydberg stage 335/814.
[INFO] Enola: Solve for Rydberg stage 336/814.
[INFO] Enola: Solve for Rydberg stage 337/814.
[INFO] Enola: Solve for Rydberg stage 338/814.
[INFO] Enola: Solve for Rydberg stage 339/814.
[INFO] Enola: Solve for Rydberg stage 340/814.
[INFO] Enola: Solve for Rydberg stage 341/814.
[INFO] Enola: Solve for Rydberg stage 342/814.
[INFO] Enola: Solve for Rydberg stage 343/814.
[INFO] Enola: Solve for Rydberg stage 344/814.
[INFO] Enola: Solve for Rydberg stage 345/814.
[INFO] Enola: Solve for Rydberg stage 346/814.
[INFO] Enola: Solve for Rydberg stage 347/814.
[INFO] Enola: Solve for Rydberg stage 348/814.
[INFO] Enola: Solve for Rydberg stage 349/814.
[INFO] Enola: Solve for Rydberg stage 350/814.
[INFO] Enola: Solve for Rydberg stage 351/814.
[INFO] Enola: Solve for Rydberg stage 352/814.
[INFO] Enola: Solve for Rydberg stage 353/814.
[INFO] Enola: Solve for Rydberg stage 354/814.
[INFO] Enola: Solve for Rydberg stage 355/814.
[INFO] Enola: Solve for Rydberg stage 356/814.
[INFO] Enola: Solve for Rydberg stage 357/814.
[INFO] Enola: Solve for Rydberg stage 358/814.
[INFO] Enola: Solve for Rydberg stage 359/814.
[INFO] Enola: Solve for Rydberg stage 360/814.
[INFO] Enola: Solve for Rydberg stage 361/814.
[INFO] Enola: Solve for Rydberg stage 362/814.
[INFO] Enola: Solve for Rydberg stage 363/814.
[INFO] Enola: Solve for Rydberg stage 364/814.
[INFO] Enola: Solve for Rydberg stage 365/814.
[INFO] Enola: Solve for Rydberg stage 366/814.
[INFO] Enola: Solve for Rydberg stage 367/814.
[INFO] Enola: Solve for Rydberg stage 368/814.
[INFO] Enola: Solve for Rydberg stage 369/814.
[INFO] Enola: Solve for Rydberg stage 370/814.
[INFO] Enola: Solve for Rydberg stage 371/814.
[INFO] Enola: Solve for Rydberg stage 372/814.
[INFO] Enola: Solve for Rydberg stage 373/814.
[INFO] Enola: Solve for Rydberg stage 374/814.
[INFO] Enola: Solve for Rydberg stage 375/814.
[INFO] Enola: Solve for Rydberg stage 376/814.
[INFO] Enola: Solve for Rydberg stage 377/814.
[INFO] Enola: Solve for Rydberg stage 378/814.
[INFO] Enola: Solve for Rydberg stage 379/814.
[INFO] Enola: Solve for Rydberg stage 380/814.
[INFO] Enola: Solve for Rydberg stage 381/814.
[INFO] Enola: Solve for Rydberg stage 382/814.
[INFO] Enola: Solve for Rydberg stage 383/814.
[INFO] Enola: Solve for Rydberg stage 384/814.
[INFO] Enola: Solve for Rydberg stage 385/814.
[INFO] Enola: Solve for Rydberg stage 386/814.
[INFO] Enola: Solve for Rydberg stage 387/814.
[INFO] Enola: Solve for Rydberg stage 388/814.
[INFO] Enola: Solve for Rydberg stage 389/814.
[INFO] Enola: Solve for Rydberg stage 390/814.
[INFO] Enola: Solve for Rydberg stage 391/814.
[INFO] Enola: Solve for Rydberg stage 392/814.
[INFO] Enola: Solve for Rydberg stage 393/814.
[INFO] Enola: Solve for Rydberg stage 394/814.
[INFO] Enola: Solve for Rydberg stage 395/814.
[INFO] Enola: Solve for Rydberg stage 396/814.
[INFO] Enola: Solve for Rydberg stage 397/814.
[INFO] Enola: Solve for Rydberg stage 398/814.
[INFO] Enola: Solve for Rydberg stage 399/814.
[INFO] Enola: Solve for Rydberg stage 400/814.
[INFO] Enola: Solve for Rydberg stage 401/814.
[INFO] Enola: Solve for Rydberg stage 402/814.
[INFO] Enola: Solve for Rydberg stage 403/814.
[INFO] Enola: Solve for Rydberg stage 404/814.
[INFO] Enola: Solve for Rydberg stage 405/814.
[INFO] Enola: Solve for Rydberg stage 406/814.
[INFO] Enola: Solve for Rydberg stage 407/814.
[INFO] Enola: Solve for Rydberg stage 408/814.
[INFO] Enola: Solve for Rydberg stage 409/814.
[INFO] Enola: Solve for Rydberg stage 410/814.
[INFO] Enola: Solve for Rydberg stage 411/814.
[INFO] Enola: Solve for Rydberg stage 412/814.
[INFO] Enola: Solve for Rydberg stage 413/814.
[INFO] Enola: Solve for Rydberg stage 414/814.
[INFO] Enola: Solve for Rydberg stage 415/814.
[INFO] Enola: Solve for Rydberg stage 416/814.
[INFO] Enola: Solve for Rydberg stage 417/814.
[INFO] Enola: Solve for Rydberg stage 418/814.
[INFO] Enola: Solve for Rydberg stage 419/814.
[INFO] Enola: Solve for Rydberg stage 420/814.
[INFO] Enola: Solve for Rydberg stage 421/814.
[INFO] Enola: Solve for Rydberg stage 422/814.
[INFO] Enola: Solve for Rydberg stage 423/814.
[INFO] Enola: Solve for Rydberg stage 424/814.
[INFO] Enola: Solve for Rydberg stage 425/814.
[INFO] Enola: Solve for Rydberg stage 426/814.
[INFO] Enola: Solve for Rydberg stage 427/814.
[INFO] Enola: Solve for Rydberg stage 428/814.
[INFO] Enola: Solve for Rydberg stage 429/814.
[INFO] Enola: Solve for Rydberg stage 430/814.
[INFO] Enola: Solve for Rydberg stage 431/814.
[INFO] Enola: Solve for Rydberg stage 432/814.
[INFO] Enola: Solve for Rydberg stage 433/814.
[INFO] Enola: Solve for Rydberg stage 434/814.
[INFO] Enola: Solve for Rydberg stage 435/814.
[INFO] Enola: Solve for Rydberg stage 436/814.
[INFO] Enola: Solve for Rydberg stage 437/814.
[INFO] Enola: Solve for Rydberg stage 438/814.
[INFO] Enola: Solve for Rydberg stage 439/814.
[INFO] Enola: Solve for Rydberg stage 440/814.
[INFO] Enola: Solve for Rydberg stage 441/814.
[INFO] Enola: Solve for Rydberg stage 442/814.
[INFO] Enola: Solve for Rydberg stage 443/814.
[INFO] Enola: Solve for Rydberg stage 444/814.
[INFO] Enola: Solve for Rydberg stage 445/814.
[INFO] Enola: Solve for Rydberg stage 446/814.
[INFO] Enola: Solve for Rydberg stage 447/814.
[INFO] Enola: Solve for Rydberg stage 448/814.
[INFO] Enola: Solve for Rydberg stage 449/814.
[INFO] Enola: Solve for Rydberg stage 450/814.
[INFO] Enola: Solve for Rydberg stage 451/814.
[INFO] Enola: Solve for Rydberg stage 452/814.
[INFO] Enola: Solve for Rydberg stage 453/814.
[INFO] Enola: Solve for Rydberg stage 454/814.
[INFO] Enola: Solve for Rydberg stage 455/814.
[INFO] Enola: Solve for Rydberg stage 456/814.
[INFO] Enola: Solve for Rydberg stage 457/814.
[INFO] Enola: Solve for Rydberg stage 458/814.
[INFO] Enola: Solve for Rydberg stage 459/814.
[INFO] Enola: Solve for Rydberg stage 460/814.
[INFO] Enola: Solve for Rydberg stage 461/814.
[INFO] Enola: Solve for Rydberg stage 462/814.
[INFO] Enola: Solve for Rydberg stage 463/814.
[INFO] Enola: Solve for Rydberg stage 464/814.
[INFO] Enola: Solve for Rydberg stage 465/814.
[INFO] Enola: Solve for Rydberg stage 466/814.
[INFO] Enola: Solve for Rydberg stage 467/814.
[INFO] Enola: Solve for Rydberg stage 468/814.
[INFO] Enola: Solve for Rydberg stage 469/814.
[INFO] Enola: Solve for Rydberg stage 470/814.
[INFO] Enola: Solve for Rydberg stage 471/814.
[INFO] Enola: Solve for Rydberg stage 472/814.
[INFO] Enola: Solve for Rydberg stage 473/814.
[INFO] Enola: Solve for Rydberg stage 474/814.
[INFO] Enola: Solve for Rydberg stage 475/814.
[INFO] Enola: Solve for Rydberg stage 476/814.
[INFO] Enola: Solve for Rydberg stage 477/814.
[INFO] Enola: Solve for Rydberg stage 478/814.
[INFO] Enola: Solve for Rydberg stage 479/814.
[INFO] Enola: Solve for Rydberg stage 480/814.
[INFO] Enola: Solve for Rydberg stage 481/814.
[INFO] Enola: Solve for Rydberg stage 482/814.
[INFO] Enola: Solve for Rydberg stage 483/814.
[INFO] Enola: Solve for Rydberg stage 484/814.
[INFO] Enola: Solve for Rydberg stage 485/814.
[INFO] Enola: Solve for Rydberg stage 486/814.
[INFO] Enola: Solve for Rydberg stage 487/814.
[INFO] Enola: Solve for Rydberg stage 488/814.
[INFO] Enola: Solve for Rydberg stage 489/814.
[INFO] Enola: Solve for Rydberg stage 490/814.
[INFO] Enola: Solve for Rydberg stage 491/814.
[INFO] Enola: Solve for Rydberg stage 492/814.
[INFO] Enola: Solve for Rydberg stage 493/814.
[INFO] Enola: Solve for Rydberg stage 494/814.
[INFO] Enola: Solve for Rydberg stage 495/814.
[INFO] Enola: Solve for Rydberg stage 496/814.
[INFO] Enola: Solve for Rydberg stage 497/814.
[INFO] Enola: Solve for Rydberg stage 498/814.
[INFO] Enola: Solve for Rydberg stage 499/814.
[INFO] Enola: Solve for Rydberg stage 500/814.
[INFO] Enola: Solve for Rydberg stage 501/814.
[INFO] Enola: Solve for Rydberg stage 502/814.
[INFO] Enola: Solve for Rydberg stage 503/814.
[INFO] Enola: Solve for Rydberg stage 504/814.
[INFO] Enola: Solve for Rydberg stage 505/814.
[INFO] Enola: Solve for Rydberg stage 506/814.
[INFO] Enola: Solve for Rydberg stage 507/814.
[INFO] Enola: Solve for Rydberg stage 508/814.
[INFO] Enola: Solve for Rydberg stage 509/814.
[INFO] Enola: Solve for Rydberg stage 510/814.
[INFO] Enola: Solve for Rydberg stage 511/814.
[INFO] Enola: Solve for Rydberg stage 512/814.
[INFO] Enola: Solve for Rydberg stage 513/814.
[INFO] Enola: Solve for Rydberg stage 514/814.
[INFO] Enola: Solve for Rydberg stage 515/814.
[INFO] Enola: Solve for Rydberg stage 516/814.
[INFO] Enola: Solve for Rydberg stage 517/814.
[INFO] Enola: Solve for Rydberg stage 518/814.
[INFO] Enola: Solve for Rydberg stage 519/814.
[INFO] Enola: Solve for Rydberg stage 520/814.
[INFO] Enola: Solve for Rydberg stage 521/814.
[INFO] Enola: Solve for Rydberg stage 522/814.
[INFO] Enola: Solve for Rydberg stage 523/814.
[INFO] Enola: Solve for Rydberg stage 524/814.
[INFO] Enola: Solve for Rydberg stage 525/814.
[INFO] Enola: Solve for Rydberg stage 526/814.
[INFO] Enola: Solve for Rydberg stage 527/814.
[INFO] Enola: Solve for Rydberg stage 528/814.
[INFO] Enola: Solve for Rydberg stage 529/814.
[INFO] Enola: Solve for Rydberg stage 530/814.
[INFO] Enola: Solve for Rydberg stage 531/814.
[INFO] Enola: Solve for Rydberg stage 532/814.
[INFO] Enola: Solve for Rydberg stage 533/814.
[INFO] Enola: Solve for Rydberg stage 534/814.
[INFO] Enola: Solve for Rydberg stage 535/814.
[INFO] Enola: Solve for Rydberg stage 536/814.
[INFO] Enola: Solve for Rydberg stage 537/814.
[INFO] Enola: Solve for Rydberg stage 538/814.
[INFO] Enola: Solve for Rydberg stage 539/814.
[INFO] Enola: Solve for Rydberg stage 540/814.
[INFO] Enola: Solve for Rydberg stage 541/814.
[INFO] Enola: Solve for Rydberg stage 542/814.
[INFO] Enola: Solve for Rydberg stage 543/814.
[INFO] Enola: Solve for Rydberg stage 544/814.
[INFO] Enola: Solve for Rydberg stage 545/814.
[INFO] Enola: Solve for Rydberg stage 546/814.
[INFO] Enola: Solve for Rydberg stage 547/814.
[INFO] Enola: Solve for Rydberg stage 548/814.
[INFO] Enola: Solve for Rydberg stage 549/814.
[INFO] Enola: Solve for Rydberg stage 550/814.
[INFO] Enola: Solve for Rydberg stage 551/814.
[INFO] Enola: Solve for Rydberg stage 552/814.
[INFO] Enola: Solve for Rydberg stage 553/814.
[INFO] Enola: Solve for Rydberg stage 554/814.
[INFO] Enola: Solve for Rydberg stage 555/814.
[INFO] Enola: Solve for Rydberg stage 556/814.
[INFO] Enola: Solve for Rydberg stage 557/814.
[INFO] Enola: Solve for Rydberg stage 558/814.
[INFO] Enola: Solve for Rydberg stage 559/814.
[INFO] Enola: Solve for Rydberg stage 560/814.
[INFO] Enola: Solve for Rydberg stage 561/814.
[INFO] Enola: Solve for Rydberg stage 562/814.
[INFO] Enola: Solve for Rydberg stage 563/814.
[INFO] Enola: Solve for Rydberg stage 564/814.
[INFO] Enola: Solve for Rydberg stage 565/814.
[INFO] Enola: Solve for Rydberg stage 566/814.
[INFO] Enola: Solve for Rydberg stage 567/814.
[INFO] Enola: Solve for Rydberg stage 568/814.
[INFO] Enola: Solve for Rydberg stage 569/814.
[INFO] Enola: Solve for Rydberg stage 570/814.
[INFO] Enola: Solve for Rydberg stage 571/814.
[INFO] Enola: Solve for Rydberg stage 572/814.
[INFO] Enola: Solve for Rydberg stage 573/814.
[INFO] Enola: Solve for Rydberg stage 574/814.
[INFO] Enola: Solve for Rydberg stage 575/814.
[INFO] Enola: Solve for Rydberg stage 576/814.
[INFO] Enola: Solve for Rydberg stage 577/814.
[INFO] Enola: Solve for Rydberg stage 578/814.
[INFO] Enola: Solve for Rydberg stage 579/814.
[INFO] Enola: Solve for Rydberg stage 580/814.
[INFO] Enola: Solve for Rydberg stage 581/814.
[INFO] Enola: Solve for Rydberg stage 582/814.
[INFO] Enola: Solve for Rydberg stage 583/814.
[INFO] Enola: Solve for Rydberg stage 584/814.
[INFO] Enola: Solve for Rydberg stage 585/814.
[INFO] Enola: Solve for Rydberg stage 586/814.
[INFO] Enola: Solve for Rydberg stage 587/814.
[INFO] Enola: Solve for Rydberg stage 588/814.
[INFO] Enola: Solve for Rydberg stage 589/814.
[INFO] Enola: Solve for Rydberg stage 590/814.
[INFO] Enola: Solve for Rydberg stage 591/814.
[INFO] Enola: Solve for Rydberg stage 592/814.
[INFO] Enola: Solve for Rydberg stage 593/814.
[INFO] Enola: Solve for Rydberg stage 594/814.
[INFO] Enola: Solve for Rydberg stage 595/814.
[INFO] Enola: Solve for Rydberg stage 596/814.
[INFO] Enola: Solve for Rydberg stage 597/814.
[INFO] Enola: Solve for Rydberg stage 598/814.
[INFO] Enola: Solve for Rydberg stage 599/814.
[INFO] Enola: Solve for Rydberg stage 600/814.
[INFO] Enola: Solve for Rydberg stage 601/814.
[INFO] Enola: Solve for Rydberg stage 602/814.
[INFO] Enola: Solve for Rydberg stage 603/814.
[INFO] Enola: Solve for Rydberg stage 604/814.
[INFO] Enola: Solve for Rydberg stage 605/814.
[INFO] Enola: Solve for Rydberg stage 606/814.
[INFO] Enola: Solve for Rydberg stage 607/814.
[INFO] Enola: Solve for Rydberg stage 608/814.
[INFO] Enola: Solve for Rydberg stage 609/814.
[INFO] Enola: Solve for Rydberg stage 610/814.
[INFO] Enola: Solve for Rydberg stage 611/814.
[INFO] Enola: Solve for Rydberg stage 612/814.
[INFO] Enola: Solve for Rydberg stage 613/814.
[INFO] Enola: Solve for Rydberg stage 614/814.
[INFO] Enola: Solve for Rydberg stage 615/814.
[INFO] Enola: Solve for Rydberg stage 616/814.
[INFO] Enola: Solve for Rydberg stage 617/814.
[INFO] Enola: Solve for Rydberg stage 618/814.
[INFO] Enola: Solve for Rydberg stage 619/814.
[INFO] Enola: Solve for Rydberg stage 620/814.
[INFO] Enola: Solve for Rydberg stage 621/814.
[INFO] Enola: Solve for Rydberg stage 622/814.
[INFO] Enola: Solve for Rydberg stage 623/814.
[INFO] Enola: Solve for Rydberg stage 624/814.
[INFO] Enola: Solve for Rydberg stage 625/814.
[INFO] Enola: Solve for Rydberg stage 626/814.
[INFO] Enola: Solve for Rydberg stage 627/814.
[INFO] Enola: Solve for Rydberg stage 628/814.
[INFO] Enola: Solve for Rydberg stage 629/814.
[INFO] Enola: Solve for Rydberg stage 630/814.
[INFO] Enola: Solve for Rydberg stage 631/814.
[INFO] Enola: Solve for Rydberg stage 632/814.
[INFO] Enola: Solve for Rydberg stage 633/814.
[INFO] Enola: Solve for Rydberg stage 634/814.
[INFO] Enola: Solve for Rydberg stage 635/814.
[INFO] Enola: Solve for Rydberg stage 636/814.
[INFO] Enola: Solve for Rydberg stage 637/814.
[INFO] Enola: Solve for Rydberg stage 638/814.
[INFO] Enola: Solve for Rydberg stage 639/814.
[INFO] Enola: Solve for Rydberg stage 640/814.
[INFO] Enola: Solve for Rydberg stage 641/814.
[INFO] Enola: Solve for Rydberg stage 642/814.
[INFO] Enola: Solve for Rydberg stage 643/814.
[INFO] Enola: Solve for Rydberg stage 644/814.
[INFO] Enola: Solve for Rydberg stage 645/814.
[INFO] Enola: Solve for Rydberg stage 646/814.
[INFO] Enola: Solve for Rydberg stage 647/814.
[INFO] Enola: Solve for Rydberg stage 648/814.
[INFO] Enola: Solve for Rydberg stage 649/814.
[INFO] Enola: Solve for Rydberg stage 650/814.
[INFO] Enola: Solve for Rydberg stage 651/814.
[INFO] Enola: Solve for Rydberg stage 652/814.
[INFO] Enola: Solve for Rydberg stage 653/814.
[INFO] Enola: Solve for Rydberg stage 654/814.
[INFO] Enola: Solve for Rydberg stage 655/814.
[INFO] Enola: Solve for Rydberg stage 656/814.
[INFO] Enola: Solve for Rydberg stage 657/814.
[INFO] Enola: Solve for Rydberg stage 658/814.
[INFO] Enola: Solve for Rydberg stage 659/814.
[INFO] Enola: Solve for Rydberg stage 660/814.
[INFO] Enola: Solve for Rydberg stage 661/814.
[INFO] Enola: Solve for Rydberg stage 662/814.
[INFO] Enola: Solve for Rydberg stage 663/814.
[INFO] Enola: Solve for Rydberg stage 664/814.
[INFO] Enola: Solve for Rydberg stage 665/814.
[INFO] Enola: Solve for Rydberg stage 666/814.
[INFO] Enola: Solve for Rydberg stage 667/814.
[INFO] Enola: Solve for Rydberg stage 668/814.
[INFO] Enola: Solve for Rydberg stage 669/814.
[INFO] Enola: Solve for Rydberg stage 670/814.
[INFO] Enola: Solve for Rydberg stage 671/814.
[INFO] Enola: Solve for Rydberg stage 672/814.
[INFO] Enola: Solve for Rydberg stage 673/814.
[INFO] Enola: Solve for Rydberg stage 674/814.
[INFO] Enola: Solve for Rydberg stage 675/814.
[INFO] Enola: Solve for Rydberg stage 676/814.
[INFO] Enola: Solve for Rydberg stage 677/814.
[INFO] Enola: Solve for Rydberg stage 678/814.
[INFO] Enola: Solve for Rydberg stage 679/814.
[INFO] Enola: Solve for Rydberg stage 680/814.
[INFO] Enola: Solve for Rydberg stage 681/814.
[INFO] Enola: Solve for Rydberg stage 682/814.
[INFO] Enola: Solve for Rydberg stage 683/814.
[INFO] Enola: Solve for Rydberg stage 684/814.
[INFO] Enola: Solve for Rydberg stage 685/814.
[INFO] Enola: Solve for Rydberg stage 686/814.
[INFO] Enola: Solve for Rydberg stage 687/814.
[INFO] Enola: Solve for Rydberg stage 688/814.
[INFO] Enola: Solve for Rydberg stage 689/814.
[INFO] Enola: Solve for Rydberg stage 690/814.
[INFO] Enola: Solve for Rydberg stage 691/814.
[INFO] Enola: Solve for Rydberg stage 692/814.
[INFO] Enola: Solve for Rydberg stage 693/814.
[INFO] Enola: Solve for Rydberg stage 694/814.
[INFO] Enola: Solve for Rydberg stage 695/814.
[INFO] Enola: Solve for Rydberg stage 696/814.
[INFO] Enola: Solve for Rydberg stage 697/814.
[INFO] Enola: Solve for Rydberg stage 698/814.
[INFO] Enola: Solve for Rydberg stage 699/814.
[INFO] Enola: Solve for Rydberg stage 700/814.
[INFO] Enola: Solve for Rydberg stage 701/814.
[INFO] Enola: Solve for Rydberg stage 702/814.
[INFO] Enola: Solve for Rydberg stage 703/814.
[INFO] Enola: Solve for Rydberg stage 704/814.
[INFO] Enola: Solve for Rydberg stage 705/814.
[INFO] Enola: Solve for Rydberg stage 706/814.
[INFO] Enola: Solve for Rydberg stage 707/814.
[INFO] Enola: Solve for Rydberg stage 708/814.
[INFO] Enola: Solve for Rydberg stage 709/814.
[INFO] Enola: Solve for Rydberg stage 710/814.
[INFO] Enola: Solve for Rydberg stage 711/814.
[INFO] Enola: Solve for Rydberg stage 712/814.
[INFO] Enola: Solve for Rydberg stage 713/814.
[INFO] Enola: Solve for Rydberg stage 714/814.
[INFO] Enola: Solve for Rydberg stage 715/814.
[INFO] Enola: Solve for Rydberg stage 716/814.
[INFO] Enola: Solve for Rydberg stage 717/814.
[INFO] Enola: Solve for Rydberg stage 718/814.
[INFO] Enola: Solve for Rydberg stage 719/814.
[INFO] Enola: Solve for Rydberg stage 720/814.
[INFO] Enola: Solve for Rydberg stage 721/814.
[INFO] Enola: Solve for Rydberg stage 722/814.
[INFO] Enola: Solve for Rydberg stage 723/814.
[INFO] Enola: Solve for Rydberg stage 724/814.
[INFO] Enola: Solve for Rydberg stage 725/814.
[INFO] Enola: Solve for Rydberg stage 726/814.
[INFO] Enola: Solve for Rydberg stage 727/814.
[INFO] Enola: Solve for Rydberg stage 728/814.
[INFO] Enola: Solve for Rydberg stage 729/814.
[INFO] Enola: Solve for Rydberg stage 730/814.
[INFO] Enola: Solve for Rydberg stage 731/814.
[INFO] Enola: Solve for Rydberg stage 732/814.
[INFO] Enola: Solve for Rydberg stage 733/814.
[INFO] Enola: Solve for Rydberg stage 734/814.
[INFO] Enola: Solve for Rydberg stage 735/814.
[INFO] Enola: Solve for Rydberg stage 736/814.
[INFO] Enola: Solve for Rydberg stage 737/814.
[INFO] Enola: Solve for Rydberg stage 738/814.
[INFO] Enola: Solve for Rydberg stage 739/814.
[INFO] Enola: Solve for Rydberg stage 740/814.
[INFO] Enola: Solve for Rydberg stage 741/814.
[INFO] Enola: Solve for Rydberg stage 742/814.
[INFO] Enola: Solve for Rydberg stage 743/814.
[INFO] Enola: Solve for Rydberg stage 744/814.
[INFO] Enola: Solve for Rydberg stage 745/814.
[INFO] Enola: Solve for Rydberg stage 746/814.
[INFO] Enola: Solve for Rydberg stage 747/814.
[INFO] Enola: Solve for Rydberg stage 748/814.
[INFO] Enola: Solve for Rydberg stage 749/814.
[INFO] Enola: Solve for Rydberg stage 750/814.
[INFO] Enola: Solve for Rydberg stage 751/814.
[INFO] Enola: Solve for Rydberg stage 752/814.
[INFO] Enola: Solve for Rydberg stage 753/814.
[INFO] Enola: Solve for Rydberg stage 754/814.
[INFO] Enola: Solve for Rydberg stage 755/814.
[INFO] Enola: Solve for Rydberg stage 756/814.
[INFO] Enola: Solve for Rydberg stage 757/814.
[INFO] Enola: Solve for Rydberg stage 758/814.
[INFO] Enola: Solve for Rydberg stage 759/814.
[INFO] Enola: Solve for Rydberg stage 760/814.
[INFO] Enola: Solve for Rydberg stage 761/814.
[INFO] Enola: Solve for Rydberg stage 762/814.
[INFO] Enola: Solve for Rydberg stage 763/814.
[INFO] Enola: Solve for Rydberg stage 764/814.
[INFO] Enola: Solve for Rydberg stage 765/814.
[INFO] Enola: Solve for Rydberg stage 766/814.
[INFO] Enola: Solve for Rydberg stage 767/814.
[INFO] Enola: Solve for Rydberg stage 768/814.
[INFO] Enola: Solve for Rydberg stage 769/814.
[INFO] Enola: Solve for Rydberg stage 770/814.
[INFO] Enola: Solve for Rydberg stage 771/814.
[INFO] Enola: Solve for Rydberg stage 772/814.
[INFO] Enola: Solve for Rydberg stage 773/814.
[INFO] Enola: Solve for Rydberg stage 774/814.
[INFO] Enola: Solve for Rydberg stage 775/814.
[INFO] Enola: Solve for Rydberg stage 776/814.
[INFO] Enola: Solve for Rydberg stage 777/814.
[INFO] Enola: Solve for Rydberg stage 778/814.
[INFO] Enola: Solve for Rydberg stage 779/814.
[INFO] Enola: Solve for Rydberg stage 780/814.
[INFO] Enola: Solve for Rydberg stage 781/814.
[INFO] Enola: Solve for Rydberg stage 782/814.
[INFO] Enola: Solve for Rydberg stage 783/814.
[INFO] Enola: Solve for Rydberg stage 784/814.
[INFO] Enola: Solve for Rydberg stage 785/814.
[INFO] Enola: Solve for Rydberg stage 786/814.
[INFO] Enola: Solve for Rydberg stage 787/814.
[INFO] Enola: Solve for Rydberg stage 788/814.
[INFO] Enola: Solve for Rydberg stage 789/814.
[INFO] Enola: Solve for Rydberg stage 790/814.
[INFO] Enola: Solve for Rydberg stage 791/814.
[INFO] Enola: Solve for Rydberg stage 792/814.
[INFO] Enola: Solve for Rydberg stage 793/814.
[INFO] Enola: Solve for Rydberg stage 794/814.
[INFO] Enola: Solve for Rydberg stage 795/814.
[INFO] Enola: Solve for Rydberg stage 796/814.
[INFO] Enola: Solve for Rydberg stage 797/814.
[INFO] Enola: Solve for Rydberg stage 798/814.
[INFO] Enola: Solve for Rydberg stage 799/814.
[INFO] Enola: Solve for Rydberg stage 800/814.
[INFO] Enola: Solve for Rydberg stage 801/814.
[INFO] Enola: Solve for Rydberg stage 802/814.
[INFO] Enola: Solve for Rydberg stage 803/814.
[INFO] Enola: Solve for Rydberg stage 804/814.
[INFO] Enola: Solve for Rydberg stage 805/814.
[INFO] Enola: Solve for Rydberg stage 806/814.
[INFO] Enola: Solve for Rydberg stage 807/814.
[INFO] Enola: Solve for Rydberg stage 808/814.
[INFO] Enola: Solve for Rydberg stage 809/814.
[INFO] Enola: Solve for Rydberg stage 810/814.
[INFO] Enola: Solve for Rydberg stage 811/814.
[INFO] Enola: Solve for Rydberg stage 812/814.
[INFO] Enola: Solve for Rydberg stage 813/814.
[INFO] Enola: Solve for Rydberg stage 814/814.
[INFO] Enola: Solve for Rydberg stage 815/814.
[INFO] Enola: Time for routing: 0.11001276969909668s
[INFO] Enola: Total Time: 2.014869451522827s
Compilation successful.

2026-03-25 17:27:21,873 - BenchmarkManager - INFO - enola (run 1/1) - Running /u/halle/heiz/home_at/BachelorProject/benchmarks/uf_fix50_20-100/uf50-0130.qasm
2026-03-25 17:27:24,990 - Compiler.enola - INFO - STDOUT:
[INFO] Enola: Start Solving
[INFO] Enola: Run scheduling
[INFO] Enola: Time for scheduling: 0.0006649494171142578s
75
[INFO] Enola: Time for placement: 9.5367431640625e-06s
[INFO] Enola: Solve for Rydberg stage 2/845.
[INFO] Enola: Solve for Rydberg stage 3/845.
[INFO] Enola: Solve for Rydberg stage 4/845.
[INFO] Enola: Solve for Rydberg stage 5/845.
[INFO] Enola: Solve for Rydberg stage 6/845.
[INFO] Enola: Solve for Rydberg stage 7/845.
[INFO] Enola: Solve for Rydberg stage 8/845.
[INFO] Enola: Solve for Rydberg stage 9/845.
[INFO] Enola: Solve for Rydberg stage 10/845.
[INFO] Enola: Solve for Rydberg stage 11/845.
[INFO] Enola: Solve for Rydberg stage 12/845.
[INFO] Enola: Solve for Rydberg stage 13/845.
[INFO] Enola: Solve for Rydberg stage 14/845.
[INFO] Enola: Solve for Rydberg stage 15/845.
[INFO] Enola: Solve for Rydberg stage 16/845.
[INFO] Enola: Solve for Rydberg stage 17/845.
[INFO] Enola: Solve for Rydberg stage 18/845.
[INFO] Enola: Solve for Rydberg stage 19/845.
[INFO] Enola: Solve for Rydberg stage 20/845.
[INFO] Enola: Solve for Rydberg stage 21/845.
[INFO] Enola: Solve for Rydberg stage 22/845.
[INFO] Enola: Solve for Rydberg stage 23/845.
[INFO] Enola: Solve for Rydberg stage 24/845.
[INFO] Enola: Solve for Rydberg stage 25/845.
[INFO] Enola: Solve for Rydberg stage 26/845.
[INFO] Enola: Solve for Rydberg stage 27/845.
[INFO] Enola: Solve for Rydberg stage 28/845.
[INFO] Enola: Solve for Rydberg stage 29/845.
[INFO] Enola: Solve for Rydberg stage 30/845.
[INFO] Enola: Solve for Rydberg stage 31/845.
[INFO] Enola: Solve for Rydberg stage 32/845.
[INFO] Enola: Solve for Rydberg stage 33/845.
[INFO] Enola: Solve for Rydberg stage 34/845.
[INFO] Enola: Solve for Rydberg stage 35/845.
[INFO] Enola: Solve for Rydberg stage 36/845.
[INFO] Enola: Solve for Rydberg stage 37/845.
[INFO] Enola: Solve for Rydberg stage 38/845.
[INFO] Enola: Solve for Rydberg stage 39/845.
[INFO] Enola: Solve for Rydberg stage 40/845.
[INFO] Enola: Solve for Rydberg stage 41/845.
[INFO] Enola: Solve for Rydberg stage 42/845.
[INFO] Enola: Solve for Rydberg stage 43/845.
[INFO] Enola: Solve for Rydberg stage 44/845.
[INFO] Enola: Solve for Rydberg stage 45/845.
[INFO] Enola: Solve for Rydberg stage 46/845.
[INFO] Enola: Solve for Rydberg stage 47/845.
[INFO] Enola: Solve for Rydberg stage 48/845.
[INFO] Enola: Solve for Rydberg stage 49/845.
[INFO] Enola: Solve for Rydberg stage 50/845.
[INFO] Enola: Solve for Rydberg stage 51/845.
[INFO] Enola: Solve for Rydberg stage 52/845.
[INFO] Enola: Solve for Rydberg stage 53/845.
[INFO] Enola: Solve for Rydberg stage 54/845.
[INFO] Enola: Solve for Rydberg stage 55/845.
[INFO] Enola: Solve for Rydberg stage 56/845.
[INFO] Enola: Solve for Rydberg stage 57/845.
[INFO] Enola: Solve for Rydberg stage 58/845.
[INFO] Enola: Solve for Rydberg stage 59/845.
[INFO] Enola: Solve for Rydberg stage 60/845.
[INFO] Enola: Solve for Rydberg stage 61/845.
[INFO] Enola: Solve for Rydberg stage 62/845.
[INFO] Enola: Solve for Rydberg stage 63/845.
[INFO] Enola: Solve for Rydberg stage 64/845.
[INFO] Enola: Solve for Rydberg stage 65/845.
[INFO] Enola: Solve for Rydberg stage 66/845.
[INFO] Enola: Solve for Rydberg stage 67/845.
[INFO] Enola: Solve for Rydberg stage 68/845.
[INFO] Enola: Solve for Rydberg stage 69/845.
[INFO] Enola: Solve for Rydberg stage 70/845.
[INFO] Enola: Solve for Rydberg stage 71/845.
[INFO] Enola: Solve for Rydberg stage 72/845.
[INFO] Enola: Solve for Rydberg stage 73/845.
[INFO] Enola: Solve for Rydberg stage 74/845.
[INFO] Enola: Solve for Rydberg stage 75/845.
[INFO] Enola: Solve for Rydberg stage 76/845.
[INFO] Enola: Solve for Rydberg stage 77/845.
[INFO] Enola: Solve for Rydberg stage 78/845.
[INFO] Enola: Solve for Rydberg stage 79/845.
[INFO] Enola: Solve for Rydberg stage 80/845.
[INFO] Enola: Solve for Rydberg stage 81/845.
[INFO] Enola: Solve for Rydberg stage 82/845.
[INFO] Enola: Solve for Rydberg stage 83/845.
[INFO] Enola: Solve for Rydberg stage 84/845.
[INFO] Enola: Solve for Rydberg stage 85/845.
[INFO] Enola: Solve for Rydberg stage 86/845.
[INFO] Enola: Solve for Rydberg stage 87/845.
[INFO] Enola: Solve for Rydberg stage 88/845.
[INFO] Enola: Solve for Rydberg stage 89/845.
[INFO] Enola: Solve for Rydberg stage 90/845.
[INFO] Enola: Solve for Rydberg stage 91/845.
[INFO] Enola: Solve for Rydberg stage 92/845.
[INFO] Enola: Solve for Rydberg stage 93/845.
[INFO] Enola: Solve for Rydberg stage 94/845.
[INFO] Enola: Solve for Rydberg stage 95/845.
[INFO] Enola: Solve for Rydberg stage 96/845.
[INFO] Enola: Solve for Rydberg stage 97/845.
[INFO] Enola: Solve for Rydberg stage 98/845.
[INFO] Enola: Solve for Rydberg stage 99/845.
[INFO] Enola: Solve for Rydberg stage 100/845.
[INFO] Enola: Solve for Rydberg stage 101/845.
[INFO] Enola: Solve for Rydberg stage 102/845.
[INFO] Enola: Solve for Rydberg stage 103/845.
[INFO] Enola: Solve for Rydberg stage 104/845.
[INFO] Enola: Solve for Rydberg stage 105/845.
[INFO] Enola: Solve for Rydberg stage 106/845.
[INFO] Enola: Solve for Rydberg stage 107/845.
[INFO] Enola: Solve for Rydberg stage 108/845.
[INFO] Enola: Solve for Rydberg stage 109/845.
[INFO] Enola: Solve for Rydberg stage 110/845.
[INFO] Enola: Solve for Rydberg stage 111/845.
[INFO] Enola: Solve for Rydberg stage 112/845.
[INFO] Enola: Solve for Rydberg stage 113/845.
[INFO] Enola: Solve for Rydberg stage 114/845.
[INFO] Enola: Solve for Rydberg stage 115/845.
[INFO] Enola: Solve for Rydberg stage 116/845.
[INFO] Enola: Solve for Rydberg stage 117/845.
[INFO] Enola: Solve for Rydberg stage 118/845.
[INFO] Enola: Solve for Rydberg stage 119/845.
[INFO] Enola: Solve for Rydberg stage 120/845.
[INFO] Enola: Solve for Rydberg stage 121/845.
[INFO] Enola: Solve for Rydberg stage 122/845.
[INFO] Enola: Solve for Rydberg stage 123/845.
[INFO] Enola: Solve for Rydberg stage 124/845.
[INFO] Enola: Solve for Rydberg stage 125/845.
[INFO] Enola: Solve for Rydberg stage 126/845.
[INFO] Enola: Solve for Rydberg stage 127/845.
[INFO] Enola: Solve for Rydberg stage 128/845.
[INFO] Enola: Solve for Rydberg stage 129/845.
[INFO] Enola: Solve for Rydberg stage 130/845.
[INFO] Enola: Solve for Rydberg stage 131/845.
[INFO] Enola: Solve for Rydberg stage 132/845.
[INFO] Enola: Solve for Rydberg stage 133/845.
[INFO] Enola: Solve for Rydberg stage 134/845.
[INFO] Enola: Solve for Rydberg stage 135/845.
[INFO] Enola: Solve for Rydberg stage 136/845.
[INFO] Enola: Solve for Rydberg stage 137/845.
[INFO] Enola: Solve for Rydberg stage 138/845.
[INFO] Enola: Solve for Rydberg stage 139/845.
[INFO] Enola: Solve for Rydberg stage 140/845.
[INFO] Enola: Solve for Rydberg stage 141/845.
[INFO] Enola: Solve for Rydberg stage 142/845.
[INFO] Enola: Solve for Rydberg stage 143/845.
[INFO] Enola: Solve for Rydberg stage 144/845.
[INFO] Enola: Solve for Rydberg stage 145/845.
[INFO] Enola: Solve for Rydberg stage 146/845.
[INFO] Enola: Solve for Rydberg stage 147/845.
[INFO] Enola: Solve for Rydberg stage 148/845.
[INFO] Enola: Solve for Rydberg stage 149/845.
[INFO] Enola: Solve for Rydberg stage 150/845.
[INFO] Enola: Solve for Rydberg stage 151/845.
[INFO] Enola: Solve for Rydberg stage 152/845.
[INFO] Enola: Solve for Rydberg stage 153/845.
[INFO] Enola: Solve for Rydberg stage 154/845.
[INFO] Enola: Solve for Rydberg stage 155/845.
[INFO] Enola: Solve for Rydberg stage 156/845.
[INFO] Enola: Solve for Rydberg stage 157/845.
[INFO] Enola: Solve for Rydberg stage 158/845.
[INFO] Enola: Solve for Rydberg stage 159/845.
[INFO] Enola: Solve for Rydberg stage 160/845.
[INFO] Enola: Solve for Rydberg stage 161/845.
[INFO] Enola: Solve for Rydberg stage 162/845.
[INFO] Enola: Solve for Rydberg stage 163/845.
[INFO] Enola: Solve for Rydberg stage 164/845.
[INFO] Enola: Solve for Rydberg stage 165/845.
[INFO] Enola: Solve for Rydberg stage 166/845.
[INFO] Enola: Solve for Rydberg stage 167/845.
[INFO] Enola: Solve for Rydberg stage 168/845.
[INFO] Enola: Solve for Rydberg stage 169/845.
[INFO] Enola: Solve for Rydberg stage 170/845.
[INFO] Enola: Solve for Rydberg stage 171/845.
[INFO] Enola: Solve for Rydberg stage 172/845.
[INFO] Enola: Solve for Rydberg stage 173/845.
[INFO] Enola: Solve for Rydberg stage 174/845.
[INFO] Enola: Solve for Rydberg stage 175/845.
[INFO] Enola: Solve for Rydberg stage 176/845.
[INFO] Enola: Solve for Rydberg stage 177/845.
[INFO] Enola: Solve for Rydberg stage 178/845.
[INFO] Enola: Solve for Rydberg stage 179/845.
[INFO] Enola: Solve for Rydberg stage 180/845.
[INFO] Enola: Solve for Rydberg stage 181/845.
[INFO] Enola: Solve for Rydberg stage 182/845.
[INFO] Enola: Solve for Rydberg stage 183/845.
[INFO] Enola: Solve for Rydberg stage 184/845.
[INFO] Enola: Solve for Rydberg stage 185/845.
[INFO] Enola: Solve for Rydberg stage 186/845.
[INFO] Enola: Solve for Rydberg stage 187/845.
[INFO] Enola: Solve for Rydberg stage 188/845.
[INFO] Enola: Solve for Rydberg stage 189/845.
[INFO] Enola: Solve for Rydberg stage 190/845.
[INFO] Enola: Solve for Rydberg stage 191/845.
[INFO] Enola: Solve for Rydberg stage 192/845.
[INFO] Enola: Solve for Rydberg stage 193/845.
[INFO] Enola: Solve for Rydberg stage 194/845.
[INFO] Enola: Solve for Rydberg stage 195/845.
[INFO] Enola: Solve for Rydberg stage 196/845.
[INFO] Enola: Solve for Rydberg stage 197/845.
[INFO] Enola: Solve for Rydberg stage 198/845.
[INFO] Enola: Solve for Rydberg stage 199/845.
[INFO] Enola: Solve for Rydberg stage 200/845.
[INFO] Enola: Solve for Rydberg stage 201/845.
[INFO] Enola: Solve for Rydberg stage 202/845.
[INFO] Enola: Solve for Rydberg stage 203/845.
[INFO] Enola: Solve for Rydberg stage 204/845.
[INFO] Enola: Solve for Rydberg stage 205/845.
[INFO] Enola: Solve for Rydberg stage 206/845.
[INFO] Enola: Solve for Rydberg stage 207/845.
[INFO] Enola: Solve for Rydberg stage 208/845.
[INFO] Enola: Solve for Rydberg stage 209/845.
[INFO] Enola: Solve for Rydberg stage 210/845.
[INFO] Enola: Solve for Rydberg stage 211/845.
[INFO] Enola: Solve for Rydberg stage 212/845.
[INFO] Enola: Solve for Rydberg stage 213/845.
[INFO] Enola: Solve for Rydberg stage 214/845.
[INFO] Enola: Solve for Rydberg stage 215/845.
[INFO] Enola: Solve for Rydberg stage 216/845.
[INFO] Enola: Solve for Rydberg stage 217/845.
[INFO] Enola: Solve for Rydberg stage 218/845.
[INFO] Enola: Solve for Rydberg stage 219/845.
[INFO] Enola: Solve for Rydberg stage 220/845.
[INFO] Enola: Solve for Rydberg stage 221/845.
[INFO] Enola: Solve for Rydberg stage 222/845.
[INFO] Enola: Solve for Rydberg stage 223/845.
[INFO] Enola: Solve for Rydberg stage 224/845.
[INFO] Enola: Solve for Rydberg stage 225/845.
[INFO] Enola: Solve for Rydberg stage 226/845.
[INFO] Enola: Solve for Rydberg stage 227/845.
[INFO] Enola: Solve for Rydberg stage 228/845.
[INFO] Enola: Solve for Rydberg stage 229/845.
[INFO] Enola: Solve for Rydberg stage 230/845.
[INFO] Enola: Solve for Rydberg stage 231/845.
[INFO] Enola: Solve for Rydberg stage 232/845.
[INFO] Enola: Solve for Rydberg stage 233/845.
[INFO] Enola: Solve for Rydberg stage 234/845.
[INFO] Enola: Solve for Rydberg stage 235/845.
[INFO] Enola: Solve for Rydberg stage 236/845.
[INFO] Enola: Solve for Rydberg stage 237/845.
[INFO] Enola: Solve for Rydberg stage 238/845.
[INFO] Enola: Solve for Rydberg stage 239/845.
[INFO] Enola: Solve for Rydberg stage 240/845.
[INFO] Enola: Solve for Rydberg stage 241/845.
[INFO] Enola: Solve for Rydberg stage 242/845.
[INFO] Enola: Solve for Rydberg stage 243/845.
[INFO] Enola: Solve for Rydberg stage 244/845.
[INFO] Enola: Solve for Rydberg stage 245/845.
[INFO] Enola: Solve for Rydberg stage 246/845.
[INFO] Enola: Solve for Rydberg stage 247/845.
[INFO] Enola: Solve for Rydberg stage 248/845.
[INFO] Enola: Solve for Rydberg stage 249/845.
[INFO] Enola: Solve for Rydberg stage 250/845.
[INFO] Enola: Solve for Rydberg stage 251/845.
[INFO] Enola: Solve for Rydberg stage 252/845.
[INFO] Enola: Solve for Rydberg stage 253/845.
[INFO] Enola: Solve for Rydberg stage 254/845.
[INFO] Enola: Solve for Rydberg stage 255/845.
[INFO] Enola: Solve for Rydberg stage 256/845.
[INFO] Enola: Solve for Rydberg stage 257/845.
[INFO] Enola: Solve for Rydberg stage 258/845.
[INFO] Enola: Solve for Rydberg stage 259/845.
[INFO] Enola: Solve for Rydberg stage 260/845.
[INFO] Enola: Solve for Rydberg stage 261/845.
[INFO] Enola: Solve for Rydberg stage 262/845.
[INFO] Enola: Solve for Rydberg stage 263/845.
[INFO] Enola: Solve for Rydberg stage 264/845.
[INFO] Enola: Solve for Rydberg stage 265/845.
[INFO] Enola: Solve for Rydberg stage 266/845.
[INFO] Enola: Solve for Rydberg stage 267/845.
[INFO] Enola: Solve for Rydberg stage 268/845.
[INFO] Enola: Solve for Rydberg stage 269/845.
[INFO] Enola: Solve for Rydberg stage 270/845.
[INFO] Enola: Solve for Rydberg stage 271/845.
[INFO] Enola: Solve for Rydberg stage 272/845.
[INFO] Enola: Solve for Rydberg stage 273/845.
[INFO] Enola: Solve for Rydberg stage 274/845.
[INFO] Enola: Solve for Rydberg stage 275/845.
[INFO] Enola: Solve for Rydberg stage 276/845.
[INFO] Enola: Solve for Rydberg stage 277/845.
[INFO] Enola: Solve for Rydberg stage 278/845.
[INFO] Enola: Solve for Rydberg stage 279/845.
[INFO] Enola: Solve for Rydberg stage 280/845.
[INFO] Enola: Solve for Rydberg stage 281/845.
[INFO] Enola: Solve for Rydberg stage 282/845.
[INFO] Enola: Solve for Rydberg stage 283/845.
[INFO] Enola: Solve for Rydberg stage 284/845.
[INFO] Enola: Solve for Rydberg stage 285/845.
[INFO] Enola: Solve for Rydberg stage 286/845.
[INFO] Enola: Solve for Rydberg stage 287/845.
[INFO] Enola: Solve for Rydberg stage 288/845.
[INFO] Enola: Solve for Rydberg stage 289/845.
[INFO] Enola: Solve for Rydberg stage 290/845.
[INFO] Enola: Solve for Rydberg stage 291/845.
[INFO] Enola: Solve for Rydberg stage 292/845.
[INFO] Enola: Solve for Rydberg stage 293/845.
[INFO] Enola: Solve for Rydberg stage 294/845.
[INFO] Enola: Solve for Rydberg stage 295/845.
[INFO] Enola: Solve for Rydberg stage 296/845.
[INFO] Enola: Solve for Rydberg stage 297/845.
[INFO] Enola: Solve for Rydberg stage 298/845.
[INFO] Enola: Solve for Rydberg stage 299/845.
[INFO] Enola: Solve for Rydberg stage 300/845.
[INFO] Enola: Solve for Rydberg stage 301/845.
[INFO] Enola: Solve for Rydberg stage 302/845.
[INFO] Enola: Solve for Rydberg stage 303/845.
[INFO] Enola: Solve for Rydberg stage 304/845.
[INFO] Enola: Solve for Rydberg stage 305/845.
[INFO] Enola: Solve for Rydberg stage 306/845.
[INFO] Enola: Solve for Rydberg stage 307/845.
[INFO] Enola: Solve for Rydberg stage 308/845.
[INFO] Enola: Solve for Rydberg stage 309/845.
[INFO] Enola: Solve for Rydberg stage 310/845.
[INFO] Enola: Solve for Rydberg stage 311/845.
[INFO] Enola: Solve for Rydberg stage 312/845.
[INFO] Enola: Solve for Rydberg stage 313/845.
[INFO] Enola: Solve for Rydberg stage 314/845.
[INFO] Enola: Solve for Rydberg stage 315/845.
[INFO] Enola: Solve for Rydberg stage 316/845.
[INFO] Enola: Solve for Rydberg stage 317/845.
[INFO] Enola: Solve for Rydberg stage 318/845.
[INFO] Enola: Solve for Rydberg stage 319/845.
[INFO] Enola: Solve for Rydberg stage 320/845.
[INFO] Enola: Solve for Rydberg stage 321/845.
[INFO] Enola: Solve for Rydberg stage 322/845.
[INFO] Enola: Solve for Rydberg stage 323/845.
[INFO] Enola: Solve for Rydberg stage 324/845.
[INFO] Enola: Solve for Rydberg stage 325/845.
[INFO] Enola: Solve for Rydberg stage 326/845.
[INFO] Enola: Solve for Rydberg stage 327/845.
[INFO] Enola: Solve for Rydberg stage 328/845.
[INFO] Enola: Solve for Rydberg stage 329/845.
[INFO] Enola: Solve for Rydberg stage 330/845.
[INFO] Enola: Solve for Rydberg stage 331/845.
[INFO] Enola: Solve for Rydberg stage 332/845.
[INFO] Enola: Solve for Rydberg stage 333/845.
[INFO] Enola: Solve for Rydberg stage 334/845.
[INFO] Enola: Solve for Rydberg stage 335/845.
[INFO] Enola: Solve for Rydberg stage 336/845.
[INFO] Enola: Solve for Rydberg stage 337/845.
[INFO] Enola: Solve for Rydberg stage 338/845.
[INFO] Enola: Solve for Rydberg stage 339/845.
[INFO] Enola: Solve for Rydberg stage 340/845.
[INFO] Enola: Solve for Rydberg stage 341/845.
[INFO] Enola: Solve for Rydberg stage 342/845.
[INFO] Enola: Solve for Rydberg stage 343/845.
[INFO] Enola: Solve for Rydberg stage 344/845.
[INFO] Enola: Solve for Rydberg stage 345/845.
[INFO] Enola: Solve for Rydberg stage 346/845.
[INFO] Enola: Solve for Rydberg stage 347/845.
[INFO] Enola: Solve for Rydberg stage 348/845.
[INFO] Enola: Solve for Rydberg stage 349/845.
[INFO] Enola: Solve for Rydberg stage 350/845.
[INFO] Enola: Solve for Rydberg stage 351/845.
[INFO] Enola: Solve for Rydberg stage 352/845.
[INFO] Enola: Solve for Rydberg stage 353/845.
[INFO] Enola: Solve for Rydberg stage 354/845.
[INFO] Enola: Solve for Rydberg stage 355/845.
[INFO] Enola: Solve for Rydberg stage 356/845.
[INFO] Enola: Solve for Rydberg stage 357/845.
[INFO] Enola: Solve for Rydberg stage 358/845.
[INFO] Enola: Solve for Rydberg stage 359/845.
[INFO] Enola: Solve for Rydberg stage 360/845.
[INFO] Enola: Solve for Rydberg stage 361/845.
[INFO] Enola: Solve for Rydberg stage 362/845.
[INFO] Enola: Solve for Rydberg stage 363/845.
[INFO] Enola: Solve for Rydberg stage 364/845.
[INFO] Enola: Solve for Rydberg stage 365/845.
[INFO] Enola: Solve for Rydberg stage 366/845.
[INFO] Enola: Solve for Rydberg stage 367/845.
[INFO] Enola: Solve for Rydberg stage 368/845.
[INFO] Enola: Solve for Rydberg stage 369/845.
[INFO] Enola: Solve for Rydberg stage 370/845.
[INFO] Enola: Solve for Rydberg stage 371/845.
[INFO] Enola: Solve for Rydberg stage 372/845.
[INFO] Enola: Solve for Rydberg stage 373/845.
[INFO] Enola: Solve for Rydberg stage 374/845.
[INFO] Enola: Solve for Rydberg stage 375/845.
[INFO] Enola: Solve for Rydberg stage 376/845.
[INFO] Enola: Solve for Rydberg stage 377/845.
[INFO] Enola: Solve for Rydberg stage 378/845.
[INFO] Enola: Solve for Rydberg stage 379/845.
[INFO] Enola: Solve for Rydberg stage 380/845.
[INFO] Enola: Solve for Rydberg stage 381/845.
[INFO] Enola: Solve for Rydberg stage 382/845.
[INFO] Enola: Solve for Rydberg stage 383/845.
[INFO] Enola: Solve for Rydberg stage 384/845.
[INFO] Enola: Solve for Rydberg stage 385/845.
[INFO] Enola: Solve for Rydberg stage 386/845.
[INFO] Enola: Solve for Rydberg stage 387/845.
[INFO] Enola: Solve for Rydberg stage 388/845.
[INFO] Enola: Solve for Rydberg stage 389/845.
[INFO] Enola: Solve for Rydberg stage 390/845.
[INFO] Enola: Solve for Rydberg stage 391/845.
[INFO] Enola: Solve for Rydberg stage 392/845.
[INFO] Enola: Solve for Rydberg stage 393/845.
[INFO] Enola: Solve for Rydberg stage 394/845.
[INFO] Enola: Solve for Rydberg stage 395/845.
[INFO] Enola: Solve for Rydberg stage 396/845.
[INFO] Enola: Solve for Rydberg stage 397/845.
[INFO] Enola: Solve for Rydberg stage 398/845.
[INFO] Enola: Solve for Rydberg stage 399/845.
[INFO] Enola: Solve for Rydberg stage 400/845.
[INFO] Enola: Solve for Rydberg stage 401/845.
[INFO] Enola: Solve for Rydberg stage 402/845.
[INFO] Enola: Solve for Rydberg stage 403/845.
[INFO] Enola: Solve for Rydberg stage 404/845.
[INFO] Enola: Solve for Rydberg stage 405/845.
[INFO] Enola: Solve for Rydberg stage 406/845.
[INFO] Enola: Solve for Rydberg stage 407/845.
[INFO] Enola: Solve for Rydberg stage 408/845.
[INFO] Enola: Solve for Rydberg stage 409/845.
[INFO] Enola: Solve for Rydberg stage 410/845.
[INFO] Enola: Solve for Rydberg stage 411/845.
[INFO] Enola: Solve for Rydberg stage 412/845.
[INFO] Enola: Solve for Rydberg stage 413/845.
[INFO] Enola: Solve for Rydberg stage 414/845.
[INFO] Enola: Solve for Rydberg stage 415/845.
[INFO] Enola: Solve for Rydberg stage 416/845.
[INFO] Enola: Solve for Rydberg stage 417/845.
[INFO] Enola: Solve for Rydberg stage 418/845.
[INFO] Enola: Solve for Rydberg stage 419/845.
[INFO] Enola: Solve for Rydberg stage 420/845.
[INFO] Enola: Solve for Rydberg stage 421/845.
[INFO] Enola: Solve for Rydberg stage 422/845.
[INFO] Enola: Solve for Rydberg stage 423/845.
[INFO] Enola: Solve for Rydberg stage 424/845.
[INFO] Enola: Solve for Rydberg stage 425/845.
[INFO] Enola: Solve for Rydberg stage 426/845.
[INFO] Enola: Solve for Rydberg stage 427/845.
[INFO] Enola: Solve for Rydberg stage 428/845.
[INFO] Enola: Solve for Rydberg stage 429/845.
[INFO] Enola: Solve for Rydberg stage 430/845.
[INFO] Enola: Solve for Rydberg stage 431/845.
[INFO] Enola: Solve for Rydberg stage 432/845.
[INFO] Enola: Solve for Rydberg stage 433/845.
[INFO] Enola: Solve for Rydberg stage 434/845.
[INFO] Enola: Solve for Rydberg stage 435/845.
[INFO] Enola: Solve for Rydberg stage 436/845.
[INFO] Enola: Solve for Rydberg stage 437/845.
[INFO] Enola: Solve for Rydberg stage 438/845.
[INFO] Enola: Solve for Rydberg stage 439/845.
[INFO] Enola: Solve for Rydberg stage 440/845.
[INFO] Enola: Solve for Rydberg stage 441/845.
[INFO] Enola: Solve for Rydberg stage 442/845.
[INFO] Enola: Solve for Rydberg stage 443/845.
[INFO] Enola: Solve for Rydberg stage 444/845.
[INFO] Enola: Solve for Rydberg stage 445/845.
[INFO] Enola: Solve for Rydberg stage 446/845.
[INFO] Enola: Solve for Rydberg stage 447/845.
[INFO] Enola: Solve for Rydberg stage 448/845.
[INFO] Enola: Solve for Rydberg stage 449/845.
[INFO] Enola: Solve for Rydberg stage 450/845.
[INFO] Enola: Solve for Rydberg stage 451/845.
[INFO] Enola: Solve for Rydberg stage 452/845.
[INFO] Enola: Solve for Rydberg stage 453/845.
[INFO] Enola: Solve for Rydberg stage 454/845.
[INFO] Enola: Solve for Rydberg stage 455/845.
[INFO] Enola: Solve for Rydberg stage 456/845.
[INFO] Enola: Solve for Rydberg stage 457/845.
[INFO] Enola: Solve for Rydberg stage 458/845.
[INFO] Enola: Solve for Rydberg stage 459/845.
[INFO] Enola: Solve for Rydberg stage 460/845.
[INFO] Enola: Solve for Rydberg stage 461/845.
[INFO] Enola: Solve for Rydberg stage 462/845.
[INFO] Enola: Solve for Rydberg stage 463/845.
[INFO] Enola: Solve for Rydberg stage 464/845.
[INFO] Enola: Solve for Rydberg stage 465/845.
[INFO] Enola: Solve for Rydberg stage 466/845.
[INFO] Enola: Solve for Rydberg stage 467/845.
[INFO] Enola: Solve for Rydberg stage 468/845.
[INFO] Enola: Solve for Rydberg stage 469/845.
[INFO] Enola: Solve for Rydberg stage 470/845.
[INFO] Enola: Solve for Rydberg stage 471/845.
[INFO] Enola: Solve for Rydberg stage 472/845.
[INFO] Enola: Solve for Rydberg stage 473/845.
[INFO] Enola: Solve for Rydberg stage 474/845.
[INFO] Enola: Solve for Rydberg stage 475/845.
[INFO] Enola: Solve for Rydberg stage 476/845.
[INFO] Enola: Solve for Rydberg stage 477/845.
[INFO] Enola: Solve for Rydberg stage 478/845.
[INFO] Enola: Solve for Rydberg stage 479/845.
[INFO] Enola: Solve for Rydberg stage 480/845.
[INFO] Enola: Solve for Rydberg stage 481/845.
[INFO] Enola: Solve for Rydberg stage 482/845.
[INFO] Enola: Solve for Rydberg stage 483/845.
[INFO] Enola: Solve for Rydberg stage 484/845.
[INFO] Enola: Solve for Rydberg stage 485/845.
[INFO] Enola: Solve for Rydberg stage 486/845.
[INFO] Enola: Solve for Rydberg stage 487/845.
[INFO] Enola: Solve for Rydberg stage 488/845.
[INFO] Enola: Solve for Rydberg stage 489/845.
[INFO] Enola: Solve for Rydberg stage 490/845.
[INFO] Enola: Solve for Rydberg stage 491/845.
[INFO] Enola: Solve for Rydberg stage 492/845.
[INFO] Enola: Solve for Rydberg stage 493/845.
[INFO] Enola: Solve for Rydberg stage 494/845.
[INFO] Enola: Solve for Rydberg stage 495/845.
[INFO] Enola: Solve for Rydberg stage 496/845.
[INFO] Enola: Solve for Rydberg stage 497/845.
[INFO] Enola: Solve for Rydberg stage 498/845.
[INFO] Enola: Solve for Rydberg stage 499/845.
[INFO] Enola: Solve for Rydberg stage 500/845.
[INFO] Enola: Solve for Rydberg stage 501/845.
[INFO] Enola: Solve for Rydberg stage 502/845.
[INFO] Enola: Solve for Rydberg stage 503/845.
[INFO] Enola: Solve for Rydberg stage 504/845.
[INFO] Enola: Solve for Rydberg stage 505/845.
[INFO] Enola: Solve for Rydberg stage 506/845.
[INFO] Enola: Solve for Rydberg stage 507/845.
[INFO] Enola: Solve for Rydberg stage 508/845.
[INFO] Enola: Solve for Rydberg stage 509/845.
[INFO] Enola: Solve for Rydberg stage 510/845.
[INFO] Enola: Solve for Rydberg stage 511/845.
[INFO] Enola: Solve for Rydberg stage 512/845.
[INFO] Enola: Solve for Rydberg stage 513/845.
[INFO] Enola: Solve for Rydberg stage 514/845.
[INFO] Enola: Solve for Rydberg stage 515/845.
[INFO] Enola: Solve for Rydberg stage 516/845.
[INFO] Enola: Solve for Rydberg stage 517/845.
[INFO] Enola: Solve for Rydberg stage 518/845.
[INFO] Enola: Solve for Rydberg stage 519/845.
[INFO] Enola: Solve for Rydberg stage 520/845.
[INFO] Enola: Solve for Rydberg stage 521/845.
[INFO] Enola: Solve for Rydberg stage 522/845.
[INFO] Enola: Solve for Rydberg stage 523/845.
[INFO] Enola: Solve for Rydberg stage 524/845.
[INFO] Enola: Solve for Rydberg stage 525/845.
[INFO] Enola: Solve for Rydberg stage 526/845.
[INFO] Enola: Solve for Rydberg stage 527/845.
[INFO] Enola: Solve for Rydberg stage 528/845.
[INFO] Enola: Solve for Rydberg stage 529/845.
[INFO] Enola: Solve for Rydberg stage 530/845.
[INFO] Enola: Solve for Rydberg stage 531/845.
[INFO] Enola: Solve for Rydberg stage 532/845.
[INFO] Enola: Solve for Rydberg stage 533/845.
[INFO] Enola: Solve for Rydberg stage 534/845.
[INFO] Enola: Solve for Rydberg stage 535/845.
[INFO] Enola: Solve for Rydberg stage 536/845.
[INFO] Enola: Solve for Rydberg stage 537/845.
[INFO] Enola: Solve for Rydberg stage 538/845.
[INFO] Enola: Solve for Rydberg stage 539/845.
[INFO] Enola: Solve for Rydberg stage 540/845.
[INFO] Enola: Solve for Rydberg stage 541/845.
[INFO] Enola: Solve for Rydberg stage 542/845.
[INFO] Enola: Solve for Rydberg stage 543/845.
[INFO] Enola: Solve for Rydberg stage 544/845.
[INFO] Enola: Solve for Rydberg stage 545/845.
[INFO] Enola: Solve for Rydberg stage 546/845.
[INFO] Enola: Solve for Rydberg stage 547/845.
[INFO] Enola: Solve for Rydberg stage 548/845.
[INFO] Enola: Solve for Rydberg stage 549/845.
[INFO] Enola: Solve for Rydberg stage 550/845.
[INFO] Enola: Solve for Rydberg stage 551/845.
[INFO] Enola: Solve for Rydberg stage 552/845.
[INFO] Enola: Solve for Rydberg stage 553/845.
[INFO] Enola: Solve for Rydberg stage 554/845.
[INFO] Enola: Solve for Rydberg stage 555/845.
[INFO] Enola: Solve for Rydberg stage 556/845.
[INFO] Enola: Solve for Rydberg stage 557/845.
[INFO] Enola: Solve for Rydberg stage 558/845.
[INFO] Enola: Solve for Rydberg stage 559/845.
[INFO] Enola: Solve for Rydberg stage 560/845.
[INFO] Enola: Solve for Rydberg stage 561/845.
[INFO] Enola: Solve for Rydberg stage 562/845.
[INFO] Enola: Solve for Rydberg stage 563/845.
[INFO] Enola: Solve for Rydberg stage 564/845.
[INFO] Enola: Solve for Rydberg stage 565/845.
[INFO] Enola: Solve for Rydberg stage 566/845.
[INFO] Enola: Solve for Rydberg stage 567/845.
[INFO] Enola: Solve for Rydberg stage 568/845.
[INFO] Enola: Solve for Rydberg stage 569/845.
[INFO] Enola: Solve for Rydberg stage 570/845.
[INFO] Enola: Solve for Rydberg stage 571/845.
[INFO] Enola: Solve for Rydberg stage 572/845.
[INFO] Enola: Solve for Rydberg stage 573/845.
[INFO] Enola: Solve for Rydberg stage 574/845.
[INFO] Enola: Solve for Rydberg stage 575/845.
[INFO] Enola: Solve for Rydberg stage 576/845.
[INFO] Enola: Solve for Rydberg stage 577/845.
[INFO] Enola: Solve for Rydberg stage 578/845.
[INFO] Enola: Solve for Rydberg stage 579/845.
[INFO] Enola: Solve for Rydberg stage 580/845.
[INFO] Enola: Solve for Rydberg stage 581/845.
[INFO] Enola: Solve for Rydberg stage 582/845.
[INFO] Enola: Solve for Rydberg stage 583/845.
[INFO] Enola: Solve for Rydberg stage 584/845.
[INFO] Enola: Solve for Rydberg stage 585/845.
[INFO] Enola: Solve for Rydberg stage 586/845.
[INFO] Enola: Solve for Rydberg stage 587/845.
[INFO] Enola: Solve for Rydberg stage 588/845.
[INFO] Enola: Solve for Rydberg stage 589/845.
[INFO] Enola: Solve for Rydberg stage 590/845.
[INFO] Enola: Solve for Rydberg stage 591/845.
[INFO] Enola: Solve for Rydberg stage 592/845.
[INFO] Enola: Solve for Rydberg stage 593/845.
[INFO] Enola: Solve for Rydberg stage 594/845.
[INFO] Enola: Solve for Rydberg stage 595/845.
[INFO] Enola: Solve for Rydberg stage 596/845.
[INFO] Enola: Solve for Rydberg stage 597/845.
[INFO] Enola: Solve for Rydberg stage 598/845.
[INFO] Enola: Solve for Rydberg stage 599/845.
[INFO] Enola: Solve for Rydberg stage 600/845.
[INFO] Enola: Solve for Rydberg stage 601/845.
[INFO] Enola: Solve for Rydberg stage 602/845.
[INFO] Enola: Solve for Rydberg stage 603/845.
[INFO] Enola: Solve for Rydberg stage 604/845.
[INFO] Enola: Solve for Rydberg stage 605/845.
[INFO] Enola: Solve for Rydberg stage 606/845.
[INFO] Enola: Solve for Rydberg stage 607/845.
[INFO] Enola: Solve for Rydberg stage 608/845.
[INFO] Enola: Solve for Rydberg stage 609/845.
[INFO] Enola: Solve for Rydberg stage 610/845.
[INFO] Enola: Solve for Rydberg stage 611/845.
[INFO] Enola: Solve for Rydberg stage 612/845.
[INFO] Enola: Solve for Rydberg stage 613/845.
[INFO] Enola: Solve for Rydberg stage 614/845.
[INFO] Enola: Solve for Rydberg stage 615/845.
[INFO] Enola: Solve for Rydberg stage 616/845.
[INFO] Enola: Solve for Rydberg stage 617/845.
[INFO] Enola: Solve for Rydberg stage 618/845.
[INFO] Enola: Solve for Rydberg stage 619/845.
[INFO] Enola: Solve for Rydberg stage 620/845.
[INFO] Enola: Solve for Rydberg stage 621/845.
[INFO] Enola: Solve for Rydberg stage 622/845.
[INFO] Enola: Solve for Rydberg stage 623/845.
[INFO] Enola: Solve for Rydberg stage 624/845.
[INFO] Enola: Solve for Rydberg stage 625/845.
[INFO] Enola: Solve for Rydberg stage 626/845.
[INFO] Enola: Solve for Rydberg stage 627/845.
[INFO] Enola: Solve for Rydberg stage 628/845.
[INFO] Enola: Solve for Rydberg stage 629/845.
[INFO] Enola: Solve for Rydberg stage 630/845.
[INFO] Enola: Solve for Rydberg stage 631/845.
[INFO] Enola: Solve for Rydberg stage 632/845.
[INFO] Enola: Solve for Rydberg stage 633/845.
[INFO] Enola: Solve for Rydberg stage 634/845.
[INFO] Enola: Solve for Rydberg stage 635/845.
[INFO] Enola: Solve for Rydberg stage 636/845.
[INFO] Enola: Solve for Rydberg stage 637/845.
[INFO] Enola: Solve for Rydberg stage 638/845.
[INFO] Enola: Solve for Rydberg stage 639/845.
[INFO] Enola: Solve for Rydberg stage 640/845.
[INFO] Enola: Solve for Rydberg stage 641/845.
[INFO] Enola: Solve for Rydberg stage 642/845.
[INFO] Enola: Solve for Rydberg stage 643/845.
[INFO] Enola: Solve for Rydberg stage 644/845.
[INFO] Enola: Solve for Rydberg stage 645/845.
[INFO] Enola: Solve for Rydberg stage 646/845.
[INFO] Enola: Solve for Rydberg stage 647/845.
[INFO] Enola: Solve for Rydberg stage 648/845.
[INFO] Enola: Solve for Rydberg stage 649/845.
[INFO] Enola: Solve for Rydberg stage 650/845.
[INFO] Enola: Solve for Rydberg stage 651/845.
[INFO] Enola: Solve for Rydberg stage 652/845.
[INFO] Enola: Solve for Rydberg stage 653/845.
[INFO] Enola: Solve for Rydberg stage 654/845.
[INFO] Enola: Solve for Rydberg stage 655/845.
[INFO] Enola: Solve for Rydberg stage 656/845.
[INFO] Enola: Solve for Rydberg stage 657/845.
[INFO] Enola: Solve for Rydberg stage 658/845.
[INFO] Enola: Solve for Rydberg stage 659/845.
[INFO] Enola: Solve for Rydberg stage 660/845.
[INFO] Enola: Solve for Rydberg stage 661/845.
[INFO] Enola: Solve for Rydberg stage 662/845.
[INFO] Enola: Solve for Rydberg stage 663/845.
[INFO] Enola: Solve for Rydberg stage 664/845.
[INFO] Enola: Solve for Rydberg stage 665/845.
[INFO] Enola: Solve for Rydberg stage 666/845.
[INFO] Enola: Solve for Rydberg stage 667/845.
[INFO] Enola: Solve for Rydberg stage 668/845.
[INFO] Enola: Solve for Rydberg stage 669/845.
[INFO] Enola: Solve for Rydberg stage 670/845.
[INFO] Enola: Solve for Rydberg stage 671/845.
[INFO] Enola: Solve for Rydberg stage 672/845.
[INFO] Enola: Solve for Rydberg stage 673/845.
[INFO] Enola: Solve for Rydberg stage 674/845.
[INFO] Enola: Solve for Rydberg stage 675/845.
[INFO] Enola: Solve for Rydberg stage 676/845.
[INFO] Enola: Solve for Rydberg stage 677/845.
[INFO] Enola: Solve for Rydberg stage 678/845.
[INFO] Enola: Solve for Rydberg stage 679/845.
[INFO] Enola: Solve for Rydberg stage 680/845.
[INFO] Enola: Solve for Rydberg stage 681/845.
[INFO] Enola: Solve for Rydberg stage 682/845.
[INFO] Enola: Solve for Rydberg stage 683/845.
[INFO] Enola: Solve for Rydberg stage 684/845.
[INFO] Enola: Solve for Rydberg stage 685/845.
[INFO] Enola: Solve for Rydberg stage 686/845.
[INFO] Enola: Solve for Rydberg stage 687/845.
[INFO] Enola: Solve for Rydberg stage 688/845.
[INFO] Enola: Solve for Rydberg stage 689/845.
[INFO] Enola: Solve for Rydberg stage 690/845.
[INFO] Enola: Solve for Rydberg stage 691/845.
[INFO] Enola: Solve for Rydberg stage 692/845.
[INFO] Enola: Solve for Rydberg stage 693/845.
[INFO] Enola: Solve for Rydberg stage 694/845.
[INFO] Enola: Solve for Rydberg stage 695/845.
[INFO] Enola: Solve for Rydberg stage 696/845.
[INFO] Enola: Solve for Rydberg stage 697/845.
[INFO] Enola: Solve for Rydberg stage 698/845.
[INFO] Enola: Solve for Rydberg stage 699/845.
[INFO] Enola: Solve for Rydberg stage 700/845.
[INFO] Enola: Solve for Rydberg stage 701/845.
[INFO] Enola: Solve for Rydberg stage 702/845.
[INFO] Enola: Solve for Rydberg stage 703/845.
[INFO] Enola: Solve for Rydberg stage 704/845.
[INFO] Enola: Solve for Rydberg stage 705/845.
[INFO] Enola: Solve for Rydberg stage 706/845.
[INFO] Enola: Solve for Rydberg stage 707/845.
[INFO] Enola: Solve for Rydberg stage 708/845.
[INFO] Enola: Solve for Rydberg stage 709/845.
[INFO] Enola: Solve for Rydberg stage 710/845.
[INFO] Enola: Solve for Rydberg stage 711/845.
[INFO] Enola: Solve for Rydberg stage 712/845.
[INFO] Enola: Solve for Rydberg stage 713/845.
[INFO] Enola: Solve for Rydberg stage 714/845.
[INFO] Enola: Solve for Rydberg stage 715/845.
[INFO] Enola: Solve for Rydberg stage 716/845.
[INFO] Enola: Solve for Rydberg stage 717/845.
[INFO] Enola: Solve for Rydberg stage 718/845.
[INFO] Enola: Solve for Rydberg stage 719/845.
[INFO] Enola: Solve for Rydberg stage 720/845.
[INFO] Enola: Solve for Rydberg stage 721/845.
[INFO] Enola: Solve for Rydberg stage 722/845.
[INFO] Enola: Solve for Rydberg stage 723/845.
[INFO] Enola: Solve for Rydberg stage 724/845.
[INFO] Enola: Solve for Rydberg stage 725/845.
[INFO] Enola: Solve for Rydberg stage 726/845.
[INFO] Enola: Solve for Rydberg stage 727/845.
[INFO] Enola: Solve for Rydberg stage 728/845.
[INFO] Enola: Solve for Rydberg stage 729/845.
[INFO] Enola: Solve for Rydberg stage 730/845.
[INFO] Enola: Solve for Rydberg stage 731/845.
[INFO] Enola: Solve for Rydberg stage 732/845.
[INFO] Enola: Solve for Rydberg stage 733/845.
[INFO] Enola: Solve for Rydberg stage 734/845.
[INFO] Enola: Solve for Rydberg stage 735/845.
[INFO] Enola: Solve for Rydberg stage 736/845.
[INFO] Enola: Solve for Rydberg stage 737/845.
[INFO] Enola: Solve for Rydberg stage 738/845.
[INFO] Enola: Solve for Rydberg stage 739/845.
[INFO] Enola: Solve for Rydberg stage 740/845.
[INFO] Enola: Solve for Rydberg stage 741/845.
[INFO] Enola: Solve for Rydberg stage 742/845.
[INFO] Enola: Solve for Rydberg stage 743/845.
[INFO] Enola: Solve for Rydberg stage 744/845.
[INFO] Enola: Solve for Rydberg stage 745/845.
[INFO] Enola: Solve for Rydberg stage 746/845.
[INFO] Enola: Solve for Rydberg stage 747/845.
[INFO] Enola: Solve for Rydberg stage 748/845.
[INFO] Enola: Solve for Rydberg stage 749/845.
[INFO] Enola: Solve for Rydberg stage 750/845.
[INFO] Enola: Solve for Rydberg stage 751/845.
[INFO] Enola: Solve for Rydberg stage 752/845.
[INFO] Enola: Solve for Rydberg stage 753/845.
[INFO] Enola: Solve for Rydberg stage 754/845.
[INFO] Enola: Solve for Rydberg stage 755/845.
[INFO] Enola: Solve for Rydberg stage 756/845.
[INFO] Enola: Solve for Rydberg stage 757/845.
[INFO] Enola: Solve for Rydberg stage 758/845.
[INFO] Enola: Solve for Rydberg stage 759/845.
[INFO] Enola: Solve for Rydberg stage 760/845.
[INFO] Enola: Solve for Rydberg stage 761/845.
[INFO] Enola: Solve for Rydberg stage 762/845.
[INFO] Enola: Solve for Rydberg stage 763/845.
[INFO] Enola: Solve for Rydberg stage 764/845.
[INFO] Enola: Solve for Rydberg stage 765/845.
[INFO] Enola: Solve for Rydberg stage 766/845.
[INFO] Enola: Solve for Rydberg stage 767/845.
[INFO] Enola: Solve for Rydberg stage 768/845.
[INFO] Enola: Solve for Rydberg stage 769/845.
[INFO] Enola: Solve for Rydberg stage 770/845.
[INFO] Enola: Solve for Rydberg stage 771/845.
[INFO] Enola: Solve for Rydberg stage 772/845.
[INFO] Enola: Solve for Rydberg stage 773/845.
[INFO] Enola: Solve for Rydberg stage 774/845.
[INFO] Enola: Solve for Rydberg stage 775/845.
[INFO] Enola: Solve for Rydberg stage 776/845.
[INFO] Enola: Solve for Rydberg stage 777/845.
[INFO] Enola: Solve for Rydberg stage 778/845.
[INFO] Enola: Solve for Rydberg stage 779/845.
[INFO] Enola: Solve for Rydberg stage 780/845.
[INFO] Enola: Solve for Rydberg stage 781/845.
[INFO] Enola: Solve for Rydberg stage 782/845.
[INFO] Enola: Solve for Rydberg stage 783/845.
[INFO] Enola: Solve for Rydberg stage 784/845.
[INFO] Enola: Solve for Rydberg stage 785/845.
[INFO] Enola: Solve for Rydberg stage 786/845.
[INFO] Enola: Solve for Rydberg stage 787/845.
[INFO] Enola: Solve for Rydberg stage 788/845.
[INFO] Enola: Solve for Rydberg stage 789/845.
[INFO] Enola: Solve for Rydberg stage 790/845.
[INFO] Enola: Solve for Rydberg stage 791/845.
[INFO] Enola: Solve for Rydberg stage 792/845.
[INFO] Enola: Solve for Rydberg stage 793/845.
[INFO] Enola: Solve for Rydberg stage 794/845.
[INFO] Enola: Solve for Rydberg stage 795/845.
[INFO] Enola: Solve for Rydberg stage 796/845.
[INFO] Enola: Solve for Rydberg stage 797/845.
[INFO] Enola: Solve for Rydberg stage 798/845.
[INFO] Enola: Solve for Rydberg stage 799/845.
[INFO] Enola: Solve for Rydberg stage 800/845.
[INFO] Enola: Solve for Rydberg stage 801/845.
[INFO] Enola: Solve for Rydberg stage 802/845.
[INFO] Enola: Solve for Rydberg stage 803/845.
[INFO] Enola: Solve for Rydberg stage 804/845.
[INFO] Enola: Solve for Rydberg stage 805/845.
[INFO] Enola: Solve for Rydberg stage 806/845.
[INFO] Enola: Solve for Rydberg stage 807/845.
[INFO] Enola: Solve for Rydberg stage 808/845.
[INFO] Enola: Solve for Rydberg stage 809/845.
[INFO] Enola: Solve for Rydberg stage 810/845.
[INFO] Enola: Solve for Rydberg stage 811/845.
[INFO] Enola: Solve for Rydberg stage 812/845.
[INFO] Enola: Solve for Rydberg stage 813/845.
[INFO] Enola: Solve for Rydberg stage 814/845.
[INFO] Enola: Solve for Rydberg stage 815/845.
[INFO] Enola: Solve for Rydberg stage 816/845.
[INFO] Enola: Solve for Rydberg stage 817/845.
[INFO] Enola: Solve for Rydberg stage 818/845.
[INFO] Enola: Solve for Rydberg stage 819/845.
[INFO] Enola: Solve for Rydberg stage 820/845.
[INFO] Enola: Solve for Rydberg stage 821/845.
[INFO] Enola: Solve for Rydberg stage 822/845.
[INFO] Enola: Solve for Rydberg stage 823/845.
[INFO] Enola: Solve for Rydberg stage 824/845.
[INFO] Enola: Solve for Rydberg stage 825/845.
[INFO] Enola: Solve for Rydberg stage 826/845.
[INFO] Enola: Solve for Rydberg stage 827/845.
[INFO] Enola: Solve for Rydberg stage 828/845.
[INFO] Enola: Solve for Rydberg stage 829/845.
[INFO] Enola: Solve for Rydberg stage 830/845.
[INFO] Enola: Solve for Rydberg stage 831/845.
[INFO] Enola: Solve for Rydberg stage 832/845.
[INFO] Enola: Solve for Rydberg stage 833/845.
[INFO] Enola: Solve for Rydberg stage 834/845.
[INFO] Enola: Solve for Rydberg stage 835/845.
[INFO] Enola: Solve for Rydberg stage 836/845.
[INFO] Enola: Solve for Rydberg stage 837/845.
[INFO] Enola: Solve for Rydberg stage 838/845.
[INFO] Enola: Solve for Rydberg stage 839/845.
[INFO] Enola: Solve for Rydberg stage 840/845.
[INFO] Enola: Solve for Rydberg stage 841/845.
[INFO] Enola: Solve for Rydberg stage 842/845.
[INFO] Enola: Solve for Rydberg stage 843/845.
[INFO] Enola: Solve for Rydberg stage 844/845.
[INFO] Enola: Solve for Rydberg stage 845/845.
[INFO] Enola: Solve for Rydberg stage 846/845.
[INFO] Enola: Time for routing: 0.11405539512634277s
[INFO] Enola: Total Time: 2.1355533599853516s
Compilation successful.

2026-03-25 17:27:25,060 - BenchmarkManager - INFO - enola (run 1/1) - Running /u/halle/heiz/home_at/BachelorProject/benchmarks/uf_fix50_20-100/uf50-0140.qasm
2026-03-25 17:27:28,140 - Compiler.enola - INFO - STDOUT:
[INFO] Enola: Start Solving
[INFO] Enola: Run scheduling
[INFO] Enola: Time for scheduling: 0.0006427764892578125s
75
[INFO] Enola: Time for placement: 8.58306884765625e-06s
[INFO] Enola: Solve for Rydberg stage 2/812.
[INFO] Enola: Solve for Rydberg stage 3/812.
[INFO] Enola: Solve for Rydberg stage 4/812.
[INFO] Enola: Solve for Rydberg stage 5/812.
[INFO] Enola: Solve for Rydberg stage 6/812.
[INFO] Enola: Solve for Rydberg stage 7/812.
[INFO] Enola: Solve for Rydberg stage 8/812.
[INFO] Enola: Solve for Rydberg stage 9/812.
[INFO] Enola: Solve for Rydberg stage 10/812.
[INFO] Enola: Solve for Rydberg stage 11/812.
[INFO] Enola: Solve for Rydberg stage 12/812.
[INFO] Enola: Solve for Rydberg stage 13/812.
[INFO] Enola: Solve for Rydberg stage 14/812.
[INFO] Enola: Solve for Rydberg stage 15/812.
[INFO] Enola: Solve for Rydberg stage 16/812.
[INFO] Enola: Solve for Rydberg stage 17/812.
[INFO] Enola: Solve for Rydberg stage 18/812.
[INFO] Enola: Solve for Rydberg stage 19/812.
[INFO] Enola: Solve for Rydberg stage 20/812.
[INFO] Enola: Solve for Rydberg stage 21/812.
[INFO] Enola: Solve for Rydberg stage 22/812.
[INFO] Enola: Solve for Rydberg stage 23/812.
[INFO] Enola: Solve for Rydberg stage 24/812.
[INFO] Enola: Solve for Rydberg stage 25/812.
[INFO] Enola: Solve for Rydberg stage 26/812.
[INFO] Enola: Solve for Rydberg stage 27/812.
[INFO] Enola: Solve for Rydberg stage 28/812.
[INFO] Enola: Solve for Rydberg stage 29/812.
[INFO] Enola: Solve for Rydberg stage 30/812.
[INFO] Enola: Solve for Rydberg stage 31/812.
[INFO] Enola: Solve for Rydberg stage 32/812.
[INFO] Enola: Solve for Rydberg stage 33/812.
[INFO] Enola: Solve for Rydberg stage 34/812.
[INFO] Enola: Solve for Rydberg stage 35/812.
[INFO] Enola: Solve for Rydberg stage 36/812.
[INFO] Enola: Solve for Rydberg stage 37/812.
[INFO] Enola: Solve for Rydberg stage 38/812.
[INFO] Enola: Solve for Rydberg stage 39/812.
[INFO] Enola: Solve for Rydberg stage 40/812.
[INFO] Enola: Solve for Rydberg stage 41/812.
[INFO] Enola: Solve for Rydberg stage 42/812.
[INFO] Enola: Solve for Rydberg stage 43/812.
[INFO] Enola: Solve for Rydberg stage 44/812.
[INFO] Enola: Solve for Rydberg stage 45/812.
[INFO] Enola: Solve for Rydberg stage 46/812.
[INFO] Enola: Solve for Rydberg stage 47/812.
[INFO] Enola: Solve for Rydberg stage 48/812.
[INFO] Enola: Solve for Rydberg stage 49/812.
[INFO] Enola: Solve for Rydberg stage 50/812.
[INFO] Enola: Solve for Rydberg stage 51/812.
[INFO] Enola: Solve for Rydberg stage 52/812.
[INFO] Enola: Solve for Rydberg stage 53/812.
[INFO] Enola: Solve for Rydberg stage 54/812.
[INFO] Enola: Solve for Rydberg stage 55/812.
[INFO] Enola: Solve for Rydberg stage 56/812.
[INFO] Enola: Solve for Rydberg stage 57/812.
[INFO] Enola: Solve for Rydberg stage 58/812.
[INFO] Enola: Solve for Rydberg stage 59/812.
[INFO] Enola: Solve for Rydberg stage 60/812.
[INFO] Enola: Solve for Rydberg stage 61/812.
[INFO] Enola: Solve for Rydberg stage 62/812.
[INFO] Enola: Solve for Rydberg stage 63/812.
[INFO] Enola: Solve for Rydberg stage 64/812.
[INFO] Enola: Solve for Rydberg stage 65/812.
[INFO] Enola: Solve for Rydberg stage 66/812.
[INFO] Enola: Solve for Rydberg stage 67/812.
[INFO] Enola: Solve for Rydberg stage 68/812.
[INFO] Enola: Solve for Rydberg stage 69/812.
[INFO] Enola: Solve for Rydberg stage 70/812.
[INFO] Enola: Solve for Rydberg stage 71/812.
[INFO] Enola: Solve for Rydberg stage 72/812.
[INFO] Enola: Solve for Rydberg stage 73/812.
[INFO] Enola: Solve for Rydberg stage 74/812.
[INFO] Enola: Solve for Rydberg stage 75/812.
[INFO] Enola: Solve for Rydberg stage 76/812.
[INFO] Enola: Solve for Rydberg stage 77/812.
[INFO] Enola: Solve for Rydberg stage 78/812.
[INFO] Enola: Solve for Rydberg stage 79/812.
[INFO] Enola: Solve for Rydberg stage 80/812.
[INFO] Enola: Solve for Rydberg stage 81/812.
[INFO] Enola: Solve for Rydberg stage 82/812.
[INFO] Enola: Solve for Rydberg stage 83/812.
[INFO] Enola: Solve for Rydberg stage 84/812.
[INFO] Enola: Solve for Rydberg stage 85/812.
[INFO] Enola: Solve for Rydberg stage 86/812.
[INFO] Enola: Solve for Rydberg stage 87/812.
[INFO] Enola: Solve for Rydberg stage 88/812.
[INFO] Enola: Solve for Rydberg stage 89/812.
[INFO] Enola: Solve for Rydberg stage 90/812.
[INFO] Enola: Solve for Rydberg stage 91/812.
[INFO] Enola: Solve for Rydberg stage 92/812.
[INFO] Enola: Solve for Rydberg stage 93/812.
[INFO] Enola: Solve for Rydberg stage 94/812.
[INFO] Enola: Solve for Rydberg stage 95/812.
[INFO] Enola: Solve for Rydberg stage 96/812.
[INFO] Enola: Solve for Rydberg stage 97/812.
[INFO] Enola: Solve for Rydberg stage 98/812.
[INFO] Enola: Solve for Rydberg stage 99/812.
[INFO] Enola: Solve for Rydberg stage 100/812.
[INFO] Enola: Solve for Rydberg stage 101/812.
[INFO] Enola: Solve for Rydberg stage 102/812.
[INFO] Enola: Solve for Rydberg stage 103/812.
[INFO] Enola: Solve for Rydberg stage 104/812.
[INFO] Enola: Solve for Rydberg stage 105/812.
[INFO] Enola: Solve for Rydberg stage 106/812.
[INFO] Enola: Solve for Rydberg stage 107/812.
[INFO] Enola: Solve for Rydberg stage 108/812.
[INFO] Enola: Solve for Rydberg stage 109/812.
[INFO] Enola: Solve for Rydberg stage 110/812.
[INFO] Enola: Solve for Rydberg stage 111/812.
[INFO] Enola: Solve for Rydberg stage 112/812.
[INFO] Enola: Solve for Rydberg stage 113/812.
[INFO] Enola: Solve for Rydberg stage 114/812.
[INFO] Enola: Solve for Rydberg stage 115/812.
[INFO] Enola: Solve for Rydberg stage 116/812.
[INFO] Enola: Solve for Rydberg stage 117/812.
[INFO] Enola: Solve for Rydberg stage 118/812.
[INFO] Enola: Solve for Rydberg stage 119/812.
[INFO] Enola: Solve for Rydberg stage 120/812.
[INFO] Enola: Solve for Rydberg stage 121/812.
[INFO] Enola: Solve for Rydberg stage 122/812.
[INFO] Enola: Solve for Rydberg stage 123/812.
[INFO] Enola: Solve for Rydberg stage 124/812.
[INFO] Enola: Solve for Rydberg stage 125/812.
[INFO] Enola: Solve for Rydberg stage 126/812.
[INFO] Enola: Solve for Rydberg stage 127/812.
[INFO] Enola: Solve for Rydberg stage 128/812.
[INFO] Enola: Solve for Rydberg stage 129/812.
[INFO] Enola: Solve for Rydberg stage 130/812.
[INFO] Enola: Solve for Rydberg stage 131/812.
[INFO] Enola: Solve for Rydberg stage 132/812.
[INFO] Enola: Solve for Rydberg stage 133/812.
[INFO] Enola: Solve for Rydberg stage 134/812.
[INFO] Enola: Solve for Rydberg stage 135/812.
[INFO] Enola: Solve for Rydberg stage 136/812.
[INFO] Enola: Solve for Rydberg stage 137/812.
[INFO] Enola: Solve for Rydberg stage 138/812.
[INFO] Enola: Solve for Rydberg stage 139/812.
[INFO] Enola: Solve for Rydberg stage 140/812.
[INFO] Enola: Solve for Rydberg stage 141/812.
[INFO] Enola: Solve for Rydberg stage 142/812.
[INFO] Enola: Solve for Rydberg stage 143/812.
[INFO] Enola: Solve for Rydberg stage 144/812.
[INFO] Enola: Solve for Rydberg stage 145/812.
[INFO] Enola: Solve for Rydberg stage 146/812.
[INFO] Enola: Solve for Rydberg stage 147/812.
[INFO] Enola: Solve for Rydberg stage 148/812.
[INFO] Enola: Solve for Rydberg stage 149/812.
[INFO] Enola: Solve for Rydberg stage 150/812.
[INFO] Enola: Solve for Rydberg stage 151/812.
[INFO] Enola: Solve for Rydberg stage 152/812.
[INFO] Enola: Solve for Rydberg stage 153/812.
[INFO] Enola: Solve for Rydberg stage 154/812.
[INFO] Enola: Solve for Rydberg stage 155/812.
[INFO] Enola: Solve for Rydberg stage 156/812.
[INFO] Enola: Solve for Rydberg stage 157/812.
[INFO] Enola: Solve for Rydberg stage 158/812.
[INFO] Enola: Solve for Rydberg stage 159/812.
[INFO] Enola: Solve for Rydberg stage 160/812.
[INFO] Enola: Solve for Rydberg stage 161/812.
[INFO] Enola: Solve for Rydberg stage 162/812.
[INFO] Enola: Solve for Rydberg stage 163/812.
[INFO] Enola: Solve for Rydberg stage 164/812.
[INFO] Enola: Solve for Rydberg stage 165/812.
[INFO] Enola: Solve for Rydberg stage 166/812.
[INFO] Enola: Solve for Rydberg stage 167/812.
[INFO] Enola: Solve for Rydberg stage 168/812.
[INFO] Enola: Solve for Rydberg stage 169/812.
[INFO] Enola: Solve for Rydberg stage 170/812.
[INFO] Enola: Solve for Rydberg stage 171/812.
[INFO] Enola: Solve for Rydberg stage 172/812.
[INFO] Enola: Solve for Rydberg stage 173/812.
[INFO] Enola: Solve for Rydberg stage 174/812.
[INFO] Enola: Solve for Rydberg stage 175/812.
[INFO] Enola: Solve for Rydberg stage 176/812.
[INFO] Enola: Solve for Rydberg stage 177/812.
[INFO] Enola: Solve for Rydberg stage 178/812.
[INFO] Enola: Solve for Rydberg stage 179/812.
[INFO] Enola: Solve for Rydberg stage 180/812.
[INFO] Enola: Solve for Rydberg stage 181/812.
[INFO] Enola: Solve for Rydberg stage 182/812.
[INFO] Enola: Solve for Rydberg stage 183/812.
[INFO] Enola: Solve for Rydberg stage 184/812.
[INFO] Enola: Solve for Rydberg stage 185/812.
[INFO] Enola: Solve for Rydberg stage 186/812.
[INFO] Enola: Solve for Rydberg stage 187/812.
[INFO] Enola: Solve for Rydberg stage 188/812.
[INFO] Enola: Solve for Rydberg stage 189/812.
[INFO] Enola: Solve for Rydberg stage 190/812.
[INFO] Enola: Solve for Rydberg stage 191/812.
[INFO] Enola: Solve for Rydberg stage 192/812.
[INFO] Enola: Solve for Rydberg stage 193/812.
[INFO] Enola: Solve for Rydberg stage 194/812.
[INFO] Enola: Solve for Rydberg stage 195/812.
[INFO] Enola: Solve for Rydberg stage 196/812.
[INFO] Enola: Solve for Rydberg stage 197/812.
[INFO] Enola: Solve for Rydberg stage 198/812.
[INFO] Enola: Solve for Rydberg stage 199/812.
[INFO] Enola: Solve for Rydberg stage 200/812.
[INFO] Enola: Solve for Rydberg stage 201/812.
[INFO] Enola: Solve for Rydberg stage 202/812.
[INFO] Enola: Solve for Rydberg stage 203/812.
[INFO] Enola: Solve for Rydberg stage 204/812.
[INFO] Enola: Solve for Rydberg stage 205/812.
[INFO] Enola: Solve for Rydberg stage 206/812.
[INFO] Enola: Solve for Rydberg stage 207/812.
[INFO] Enola: Solve for Rydberg stage 208/812.
[INFO] Enola: Solve for Rydberg stage 209/812.
[INFO] Enola: Solve for Rydberg stage 210/812.
[INFO] Enola: Solve for Rydberg stage 211/812.
[INFO] Enola: Solve for Rydberg stage 212/812.
[INFO] Enola: Solve for Rydberg stage 213/812.
[INFO] Enola: Solve for Rydberg stage 214/812.
[INFO] Enola: Solve for Rydberg stage 215/812.
[INFO] Enola: Solve for Rydberg stage 216/812.
[INFO] Enola: Solve for Rydberg stage 217/812.
[INFO] Enola: Solve for Rydberg stage 218/812.
[INFO] Enola: Solve for Rydberg stage 219/812.
[INFO] Enola: Solve for Rydberg stage 220/812.
[INFO] Enola: Solve for Rydberg stage 221/812.
[INFO] Enola: Solve for Rydberg stage 222/812.
[INFO] Enola: Solve for Rydberg stage 223/812.
[INFO] Enola: Solve for Rydberg stage 224/812.
[INFO] Enola: Solve for Rydberg stage 225/812.
[INFO] Enola: Solve for Rydberg stage 226/812.
[INFO] Enola: Solve for Rydberg stage 227/812.
[INFO] Enola: Solve for Rydberg stage 228/812.
[INFO] Enola: Solve for Rydberg stage 229/812.
[INFO] Enola: Solve for Rydberg stage 230/812.
[INFO] Enola: Solve for Rydberg stage 231/812.
[INFO] Enola: Solve for Rydberg stage 232/812.
[INFO] Enola: Solve for Rydberg stage 233/812.
[INFO] Enola: Solve for Rydberg stage 234/812.
[INFO] Enola: Solve for Rydberg stage 235/812.
[INFO] Enola: Solve for Rydberg stage 236/812.
[INFO] Enola: Solve for Rydberg stage 237/812.
[INFO] Enola: Solve for Rydberg stage 238/812.
[INFO] Enola: Solve for Rydberg stage 239/812.
[INFO] Enola: Solve for Rydberg stage 240/812.
[INFO] Enola: Solve for Rydberg stage 241/812.
[INFO] Enola: Solve for Rydberg stage 242/812.
[INFO] Enola: Solve for Rydberg stage 243/812.
[INFO] Enola: Solve for Rydberg stage 244/812.
[INFO] Enola: Solve for Rydberg stage 245/812.
[INFO] Enola: Solve for Rydberg stage 246/812.
[INFO] Enola: Solve for Rydberg stage 247/812.
[INFO] Enola: Solve for Rydberg stage 248/812.
[INFO] Enola: Solve for Rydberg stage 249/812.
[INFO] Enola: Solve for Rydberg stage 250/812.
[INFO] Enola: Solve for Rydberg stage 251/812.
[INFO] Enola: Solve for Rydberg stage 252/812.
[INFO] Enola: Solve for Rydberg stage 253/812.
[INFO] Enola: Solve for Rydberg stage 254/812.
[INFO] Enola: Solve for Rydberg stage 255/812.
[INFO] Enola: Solve for Rydberg stage 256/812.
[INFO] Enola: Solve for Rydberg stage 257/812.
[INFO] Enola: Solve for Rydberg stage 258/812.
[INFO] Enola: Solve for Rydberg stage 259/812.
[INFO] Enola: Solve for Rydberg stage 260/812.
[INFO] Enola: Solve for Rydberg stage 261/812.
[INFO] Enola: Solve for Rydberg stage 262/812.
[INFO] Enola: Solve for Rydberg stage 263/812.
[INFO] Enola: Solve for Rydberg stage 264/812.
[INFO] Enola: Solve for Rydberg stage 265/812.
[INFO] Enola: Solve for Rydberg stage 266/812.
[INFO] Enola: Solve for Rydberg stage 267/812.
[INFO] Enola: Solve for Rydberg stage 268/812.
[INFO] Enola: Solve for Rydberg stage 269/812.
[INFO] Enola: Solve for Rydberg stage 270/812.
[INFO] Enola: Solve for Rydberg stage 271/812.
[INFO] Enola: Solve for Rydberg stage 272/812.
[INFO] Enola: Solve for Rydberg stage 273/812.
[INFO] Enola: Solve for Rydberg stage 274/812.
[INFO] Enola: Solve for Rydberg stage 275/812.
[INFO] Enola: Solve for Rydberg stage 276/812.
[INFO] Enola: Solve for Rydberg stage 277/812.
[INFO] Enola: Solve for Rydberg stage 278/812.
[INFO] Enola: Solve for Rydberg stage 279/812.
[INFO] Enola: Solve for Rydberg stage 280/812.
[INFO] Enola: Solve for Rydberg stage 281/812.
[INFO] Enola: Solve for Rydberg stage 282/812.
[INFO] Enola: Solve for Rydberg stage 283/812.
[INFO] Enola: Solve for Rydberg stage 284/812.
[INFO] Enola: Solve for Rydberg stage 285/812.
[INFO] Enola: Solve for Rydberg stage 286/812.
[INFO] Enola: Solve for Rydberg stage 287/812.
[INFO] Enola: Solve for Rydberg stage 288/812.
[INFO] Enola: Solve for Rydberg stage 289/812.
[INFO] Enola: Solve for Rydberg stage 290/812.
[INFO] Enola: Solve for Rydberg stage 291/812.
[INFO] Enola: Solve for Rydberg stage 292/812.
[INFO] Enola: Solve for Rydberg stage 293/812.
[INFO] Enola: Solve for Rydberg stage 294/812.
[INFO] Enola: Solve for Rydberg stage 295/812.
[INFO] Enola: Solve for Rydberg stage 296/812.
[INFO] Enola: Solve for Rydberg stage 297/812.
[INFO] Enola: Solve for Rydberg stage 298/812.
[INFO] Enola: Solve for Rydberg stage 299/812.
[INFO] Enola: Solve for Rydberg stage 300/812.
[INFO] Enola: Solve for Rydberg stage 301/812.
[INFO] Enola: Solve for Rydberg stage 302/812.
[INFO] Enola: Solve for Rydberg stage 303/812.
[INFO] Enola: Solve for Rydberg stage 304/812.
[INFO] Enola: Solve for Rydberg stage 305/812.
[INFO] Enola: Solve for Rydberg stage 306/812.
[INFO] Enola: Solve for Rydberg stage 307/812.
[INFO] Enola: Solve for Rydberg stage 308/812.
[INFO] Enola: Solve for Rydberg stage 309/812.
[INFO] Enola: Solve for Rydberg stage 310/812.
[INFO] Enola: Solve for Rydberg stage 311/812.
[INFO] Enola: Solve for Rydberg stage 312/812.
[INFO] Enola: Solve for Rydberg stage 313/812.
[INFO] Enola: Solve for Rydberg stage 314/812.
[INFO] Enola: Solve for Rydberg stage 315/812.
[INFO] Enola: Solve for Rydberg stage 316/812.
[INFO] Enola: Solve for Rydberg stage 317/812.
[INFO] Enola: Solve for Rydberg stage 318/812.
[INFO] Enola: Solve for Rydberg stage 319/812.
[INFO] Enola: Solve for Rydberg stage 320/812.
[INFO] Enola: Solve for Rydberg stage 321/812.
[INFO] Enola: Solve for Rydberg stage 322/812.
[INFO] Enola: Solve for Rydberg stage 323/812.
[INFO] Enola: Solve for Rydberg stage 324/812.
[INFO] Enola: Solve for Rydberg stage 325/812.
[INFO] Enola: Solve for Rydberg stage 326/812.
[INFO] Enola: Solve for Rydberg stage 327/812.
[INFO] Enola: Solve for Rydberg stage 328/812.
[INFO] Enola: Solve for Rydberg stage 329/812.
[INFO] Enola: Solve for Rydberg stage 330/812.
[INFO] Enola: Solve for Rydberg stage 331/812.
[INFO] Enola: Solve for Rydberg stage 332/812.
[INFO] Enola: Solve for Rydberg stage 333/812.
[INFO] Enola: Solve for Rydberg stage 334/812.
[INFO] Enola: Solve for Rydberg stage 335/812.
[INFO] Enola: Solve for Rydberg stage 336/812.
[INFO] Enola: Solve for Rydberg stage 337/812.
[INFO] Enola: Solve for Rydberg stage 338/812.
[INFO] Enola: Solve for Rydberg stage 339/812.
[INFO] Enola: Solve for Rydberg stage 340/812.
[INFO] Enola: Solve for Rydberg stage 341/812.
[INFO] Enola: Solve for Rydberg stage 342/812.
[INFO] Enola: Solve for Rydberg stage 343/812.
[INFO] Enola: Solve for Rydberg stage 344/812.
[INFO] Enola: Solve for Rydberg stage 345/812.
[INFO] Enola: Solve for Rydberg stage 346/812.
[INFO] Enola: Solve for Rydberg stage 347/812.
[INFO] Enola: Solve for Rydberg stage 348/812.
[INFO] Enola: Solve for Rydberg stage 349/812.
[INFO] Enola: Solve for Rydberg stage 350/812.
[INFO] Enola: Solve for Rydberg stage 351/812.
[INFO] Enola: Solve for Rydberg stage 352/812.
[INFO] Enola: Solve for Rydberg stage 353/812.
[INFO] Enola: Solve for Rydberg stage 354/812.
[INFO] Enola: Solve for Rydberg stage 355/812.
[INFO] Enola: Solve for Rydberg stage 356/812.
[INFO] Enola: Solve for Rydberg stage 357/812.
[INFO] Enola: Solve for Rydberg stage 358/812.
[INFO] Enola: Solve for Rydberg stage 359/812.
[INFO] Enola: Solve for Rydberg stage 360/812.
[INFO] Enola: Solve for Rydberg stage 361/812.
[INFO] Enola: Solve for Rydberg stage 362/812.
[INFO] Enola: Solve for Rydberg stage 363/812.
[INFO] Enola: Solve for Rydberg stage 364/812.
[INFO] Enola: Solve for Rydberg stage 365/812.
[INFO] Enola: Solve for Rydberg stage 366/812.
[INFO] Enola: Solve for Rydberg stage 367/812.
[INFO] Enola: Solve for Rydberg stage 368/812.
[INFO] Enola: Solve for Rydberg stage 369/812.
[INFO] Enola: Solve for Rydberg stage 370/812.
[INFO] Enola: Solve for Rydberg stage 371/812.
[INFO] Enola: Solve for Rydberg stage 372/812.
[INFO] Enola: Solve for Rydberg stage 373/812.
[INFO] Enola: Solve for Rydberg stage 374/812.
[INFO] Enola: Solve for Rydberg stage 375/812.
[INFO] Enola: Solve for Rydberg stage 376/812.
[INFO] Enola: Solve for Rydberg stage 377/812.
[INFO] Enola: Solve for Rydberg stage 378/812.
[INFO] Enola: Solve for Rydberg stage 379/812.
[INFO] Enola: Solve for Rydberg stage 380/812.
[INFO] Enola: Solve for Rydberg stage 381/812.
[INFO] Enola: Solve for Rydberg stage 382/812.
[INFO] Enola: Solve for Rydberg stage 383/812.
[INFO] Enola: Solve for Rydberg stage 384/812.
[INFO] Enola: Solve for Rydberg stage 385/812.
[INFO] Enola: Solve for Rydberg stage 386/812.
[INFO] Enola: Solve for Rydberg stage 387/812.
[INFO] Enola: Solve for Rydberg stage 388/812.
[INFO] Enola: Solve for Rydberg stage 389/812.
[INFO] Enola: Solve for Rydberg stage 390/812.
[INFO] Enola: Solve for Rydberg stage 391/812.
[INFO] Enola: Solve for Rydberg stage 392/812.
[INFO] Enola: Solve for Rydberg stage 393/812.
[INFO] Enola: Solve for Rydberg stage 394/812.
[INFO] Enola: Solve for Rydberg stage 395/812.
[INFO] Enola: Solve for Rydberg stage 396/812.
[INFO] Enola: Solve for Rydberg stage 397/812.
[INFO] Enola: Solve for Rydberg stage 398/812.
[INFO] Enola: Solve for Rydberg stage 399/812.
[INFO] Enola: Solve for Rydberg stage 400/812.
[INFO] Enola: Solve for Rydberg stage 401/812.
[INFO] Enola: Solve for Rydberg stage 402/812.
[INFO] Enola: Solve for Rydberg stage 403/812.
[INFO] Enola: Solve for Rydberg stage 404/812.
[INFO] Enola: Solve for Rydberg stage 405/812.
[INFO] Enola: Solve for Rydberg stage 406/812.
[INFO] Enola: Solve for Rydberg stage 407/812.
[INFO] Enola: Solve for Rydberg stage 408/812.
[INFO] Enola: Solve for Rydberg stage 409/812.
[INFO] Enola: Solve for Rydberg stage 410/812.
[INFO] Enola: Solve for Rydberg stage 411/812.
[INFO] Enola: Solve for Rydberg stage 412/812.
[INFO] Enola: Solve for Rydberg stage 413/812.
[INFO] Enola: Solve for Rydberg stage 414/812.
[INFO] Enola: Solve for Rydberg stage 415/812.
[INFO] Enola: Solve for Rydberg stage 416/812.
[INFO] Enola: Solve for Rydberg stage 417/812.
[INFO] Enola: Solve for Rydberg stage 418/812.
[INFO] Enola: Solve for Rydberg stage 419/812.
[INFO] Enola: Solve for Rydberg stage 420/812.
[INFO] Enola: Solve for Rydberg stage 421/812.
[INFO] Enola: Solve for Rydberg stage 422/812.
[INFO] Enola: Solve for Rydberg stage 423/812.
[INFO] Enola: Solve for Rydberg stage 424/812.
[INFO] Enola: Solve for Rydberg stage 425/812.
[INFO] Enola: Solve for Rydberg stage 426/812.
[INFO] Enola: Solve for Rydberg stage 427/812.
[INFO] Enola: Solve for Rydberg stage 428/812.
[INFO] Enola: Solve for Rydberg stage 429/812.
[INFO] Enola: Solve for Rydberg stage 430/812.
[INFO] Enola: Solve for Rydberg stage 431/812.
[INFO] Enola: Solve for Rydberg stage 432/812.
[INFO] Enola: Solve for Rydberg stage 433/812.
[INFO] Enola: Solve for Rydberg stage 434/812.
[INFO] Enola: Solve for Rydberg stage 435/812.
[INFO] Enola: Solve for Rydberg stage 436/812.
[INFO] Enola: Solve for Rydberg stage 437/812.
[INFO] Enola: Solve for Rydberg stage 438/812.
[INFO] Enola: Solve for Rydberg stage 439/812.
[INFO] Enola: Solve for Rydberg stage 440/812.
[INFO] Enola: Solve for Rydberg stage 441/812.
[INFO] Enola: Solve for Rydberg stage 442/812.
[INFO] Enola: Solve for Rydberg stage 443/812.
[INFO] Enola: Solve for Rydberg stage 444/812.
[INFO] Enola: Solve for Rydberg stage 445/812.
[INFO] Enola: Solve for Rydberg stage 446/812.
[INFO] Enola: Solve for Rydberg stage 447/812.
[INFO] Enola: Solve for Rydberg stage 448/812.
[INFO] Enola: Solve for Rydberg stage 449/812.
[INFO] Enola: Solve for Rydberg stage 450/812.
[INFO] Enola: Solve for Rydberg stage 451/812.
[INFO] Enola: Solve for Rydberg stage 452/812.
[INFO] Enola: Solve for Rydberg stage 453/812.
[INFO] Enola: Solve for Rydberg stage 454/812.
[INFO] Enola: Solve for Rydberg stage 455/812.
[INFO] Enola: Solve for Rydberg stage 456/812.
[INFO] Enola: Solve for Rydberg stage 457/812.
[INFO] Enola: Solve for Rydberg stage 458/812.
[INFO] Enola: Solve for Rydberg stage 459/812.
[INFO] Enola: Solve for Rydberg stage 460/812.
[INFO] Enola: Solve for Rydberg stage 461/812.
[INFO] Enola: Solve for Rydberg stage 462/812.
[INFO] Enola: Solve for Rydberg stage 463/812.
[INFO] Enola: Solve for Rydberg stage 464/812.
[INFO] Enola: Solve for Rydberg stage 465/812.
[INFO] Enola: Solve for Rydberg stage 466/812.
[INFO] Enola: Solve for Rydberg stage 467/812.
[INFO] Enola: Solve for Rydberg stage 468/812.
[INFO] Enola: Solve for Rydberg stage 469/812.
[INFO] Enola: Solve for Rydberg stage 470/812.
[INFO] Enola: Solve for Rydberg stage 471/812.
[INFO] Enola: Solve for Rydberg stage 472/812.
[INFO] Enola: Solve for Rydberg stage 473/812.
[INFO] Enola: Solve for Rydberg stage 474/812.
[INFO] Enola: Solve for Rydberg stage 475/812.
[INFO] Enola: Solve for Rydberg stage 476/812.
[INFO] Enola: Solve for Rydberg stage 477/812.
[INFO] Enola: Solve for Rydberg stage 478/812.
[INFO] Enola: Solve for Rydberg stage 479/812.
[INFO] Enola: Solve for Rydberg stage 480/812.
[INFO] Enola: Solve for Rydberg stage 481/812.
[INFO] Enola: Solve for Rydberg stage 482/812.
[INFO] Enola: Solve for Rydberg stage 483/812.
[INFO] Enola: Solve for Rydberg stage 484/812.
[INFO] Enola: Solve for Rydberg stage 485/812.
[INFO] Enola: Solve for Rydberg stage 486/812.
[INFO] Enola: Solve for Rydberg stage 487/812.
[INFO] Enola: Solve for Rydberg stage 488/812.
[INFO] Enola: Solve for Rydberg stage 489/812.
[INFO] Enola: Solve for Rydberg stage 490/812.
[INFO] Enola: Solve for Rydberg stage 491/812.
[INFO] Enola: Solve for Rydberg stage 492/812.
[INFO] Enola: Solve for Rydberg stage 493/812.
[INFO] Enola: Solve for Rydberg stage 494/812.
[INFO] Enola: Solve for Rydberg stage 495/812.
[INFO] Enola: Solve for Rydberg stage 496/812.
[INFO] Enola: Solve for Rydberg stage 497/812.
[INFO] Enola: Solve for Rydberg stage 498/812.
[INFO] Enola: Solve for Rydberg stage 499/812.
[INFO] Enola: Solve for Rydberg stage 500/812.
[INFO] Enola: Solve for Rydberg stage 501/812.
[INFO] Enola: Solve for Rydberg stage 502/812.
[INFO] Enola: Solve for Rydberg stage 503/812.
[INFO] Enola: Solve for Rydberg stage 504/812.
[INFO] Enola: Solve for Rydberg stage 505/812.
[INFO] Enola: Solve for Rydberg stage 506/812.
[INFO] Enola: Solve for Rydberg stage 507/812.
[INFO] Enola: Solve for Rydberg stage 508/812.
[INFO] Enola: Solve for Rydberg stage 509/812.
[INFO] Enola: Solve for Rydberg stage 510/812.
[INFO] Enola: Solve for Rydberg stage 511/812.
[INFO] Enola: Solve for Rydberg stage 512/812.
[INFO] Enola: Solve for Rydberg stage 513/812.
[INFO] Enola: Solve for Rydberg stage 514/812.
[INFO] Enola: Solve for Rydberg stage 515/812.
[INFO] Enola: Solve for Rydberg stage 516/812.
[INFO] Enola: Solve for Rydberg stage 517/812.
[INFO] Enola: Solve for Rydberg stage 518/812.
[INFO] Enola: Solve for Rydberg stage 519/812.
[INFO] Enola: Solve for Rydberg stage 520/812.
[INFO] Enola: Solve for Rydberg stage 521/812.
[INFO] Enola: Solve for Rydberg stage 522/812.
[INFO] Enola: Solve for Rydberg stage 523/812.
[INFO] Enola: Solve for Rydberg stage 524/812.
[INFO] Enola: Solve for Rydberg stage 525/812.
[INFO] Enola: Solve for Rydberg stage 526/812.
[INFO] Enola: Solve for Rydberg stage 527/812.
[INFO] Enola: Solve for Rydberg stage 528/812.
[INFO] Enola: Solve for Rydberg stage 529/812.
[INFO] Enola: Solve for Rydberg stage 530/812.
[INFO] Enola: Solve for Rydberg stage 531/812.
[INFO] Enola: Solve for Rydberg stage 532/812.
[INFO] Enola: Solve for Rydberg stage 533/812.
[INFO] Enola: Solve for Rydberg stage 534/812.
[INFO] Enola: Solve for Rydberg stage 535/812.
[INFO] Enola: Solve for Rydberg stage 536/812.
[INFO] Enola: Solve for Rydberg stage 537/812.
[INFO] Enola: Solve for Rydberg stage 538/812.
[INFO] Enola: Solve for Rydberg stage 539/812.
[INFO] Enola: Solve for Rydberg stage 540/812.
[INFO] Enola: Solve for Rydberg stage 541/812.
[INFO] Enola: Solve for Rydberg stage 542/812.
[INFO] Enola: Solve for Rydberg stage 543/812.
[INFO] Enola: Solve for Rydberg stage 544/812.
[INFO] Enola: Solve for Rydberg stage 545/812.
[INFO] Enola: Solve for Rydberg stage 546/812.
[INFO] Enola: Solve for Rydberg stage 547/812.
[INFO] Enola: Solve for Rydberg stage 548/812.
[INFO] Enola: Solve for Rydberg stage 549/812.
[INFO] Enola: Solve for Rydberg stage 550/812.
[INFO] Enola: Solve for Rydberg stage 551/812.
[INFO] Enola: Solve for Rydberg stage 552/812.
[INFO] Enola: Solve for Rydberg stage 553/812.
[INFO] Enola: Solve for Rydberg stage 554/812.
[INFO] Enola: Solve for Rydberg stage 555/812.
[INFO] Enola: Solve for Rydberg stage 556/812.
[INFO] Enola: Solve for Rydberg stage 557/812.
[INFO] Enola: Solve for Rydberg stage 558/812.
[INFO] Enola: Solve for Rydberg stage 559/812.
[INFO] Enola: Solve for Rydberg stage 560/812.
[INFO] Enola: Solve for Rydberg stage 561/812.
[INFO] Enola: Solve for Rydberg stage 562/812.
[INFO] Enola: Solve for Rydberg stage 563/812.
[INFO] Enola: Solve for Rydberg stage 564/812.
[INFO] Enola: Solve for Rydberg stage 565/812.
[INFO] Enola: Solve for Rydberg stage 566/812.
[INFO] Enola: Solve for Rydberg stage 567/812.
[INFO] Enola: Solve for Rydberg stage 568/812.
[INFO] Enola: Solve for Rydberg stage 569/812.
[INFO] Enola: Solve for Rydberg stage 570/812.
[INFO] Enola: Solve for Rydberg stage 571/812.
[INFO] Enola: Solve for Rydberg stage 572/812.
[INFO] Enola: Solve for Rydberg stage 573/812.
[INFO] Enola: Solve for Rydberg stage 574/812.
[INFO] Enola: Solve for Rydberg stage 575/812.
[INFO] Enola: Solve for Rydberg stage 576/812.
[INFO] Enola: Solve for Rydberg stage 577/812.
[INFO] Enola: Solve for Rydberg stage 578/812.
[INFO] Enola: Solve for Rydberg stage 579/812.
[INFO] Enola: Solve for Rydberg stage 580/812.
[INFO] Enola: Solve for Rydberg stage 581/812.
[INFO] Enola: Solve for Rydberg stage 582/812.
[INFO] Enola: Solve for Rydberg stage 583/812.
[INFO] Enola: Solve for Rydberg stage 584/812.
[INFO] Enola: Solve for Rydberg stage 585/812.
[INFO] Enola: Solve for Rydberg stage 586/812.
[INFO] Enola: Solve for Rydberg stage 587/812.
[INFO] Enola: Solve for Rydberg stage 588/812.
[INFO] Enola: Solve for Rydberg stage 589/812.
[INFO] Enola: Solve for Rydberg stage 590/812.
[INFO] Enola: Solve for Rydberg stage 591/812.
[INFO] Enola: Solve for Rydberg stage 592/812.
[INFO] Enola: Solve for Rydberg stage 593/812.
[INFO] Enola: Solve for Rydberg stage 594/812.
[INFO] Enola: Solve for Rydberg stage 595/812.
[INFO] Enola: Solve for Rydberg stage 596/812.
[INFO] Enola: Solve for Rydberg stage 597/812.
[INFO] Enola: Solve for Rydberg stage 598/812.
[INFO] Enola: Solve for Rydberg stage 599/812.
[INFO] Enola: Solve for Rydberg stage 600/812.
[INFO] Enola: Solve for Rydberg stage 601/812.
[INFO] Enola: Solve for Rydberg stage 602/812.
[INFO] Enola: Solve for Rydberg stage 603/812.
[INFO] Enola: Solve for Rydberg stage 604/812.
[INFO] Enola: Solve for Rydberg stage 605/812.
[INFO] Enola: Solve for Rydberg stage 606/812.
[INFO] Enola: Solve for Rydberg stage 607/812.
[INFO] Enola: Solve for Rydberg stage 608/812.
[INFO] Enola: Solve for Rydberg stage 609/812.
[INFO] Enola: Solve for Rydberg stage 610/812.
[INFO] Enola: Solve for Rydberg stage 611/812.
[INFO] Enola: Solve for Rydberg stage 612/812.
[INFO] Enola: Solve for Rydberg stage 613/812.
[INFO] Enola: Solve for Rydberg stage 614/812.
[INFO] Enola: Solve for Rydberg stage 615/812.
[INFO] Enola: Solve for Rydberg stage 616/812.
[INFO] Enola: Solve for Rydberg stage 617/812.
[INFO] Enola: Solve for Rydberg stage 618/812.
[INFO] Enola: Solve for Rydberg stage 619/812.
[INFO] Enola: Solve for Rydberg stage 620/812.
[INFO] Enola: Solve for Rydberg stage 621/812.
[INFO] Enola: Solve for Rydberg stage 622/812.
[INFO] Enola: Solve for Rydberg stage 623/812.
[INFO] Enola: Solve for Rydberg stage 624/812.
[INFO] Enola: Solve for Rydberg stage 625/812.
[INFO] Enola: Solve for Rydberg stage 626/812.
[INFO] Enola: Solve for Rydberg stage 627/812.
[INFO] Enola: Solve for Rydberg stage 628/812.
[INFO] Enola: Solve for Rydberg stage 629/812.
[INFO] Enola: Solve for Rydberg stage 630/812.
[INFO] Enola: Solve for Rydberg stage 631/812.
[INFO] Enola: Solve for Rydberg stage 632/812.
[INFO] Enola: Solve for Rydberg stage 633/812.
[INFO] Enola: Solve for Rydberg stage 634/812.
[INFO] Enola: Solve for Rydberg stage 635/812.
[INFO] Enola: Solve for Rydberg stage 636/812.
[INFO] Enola: Solve for Rydberg stage 637/812.
[INFO] Enola: Solve for Rydberg stage 638/812.
[INFO] Enola: Solve for Rydberg stage 639/812.
[INFO] Enola: Solve for Rydberg stage 640/812.
[INFO] Enola: Solve for Rydberg stage 641/812.
[INFO] Enola: Solve for Rydberg stage 642/812.
[INFO] Enola: Solve for Rydberg stage 643/812.
[INFO] Enola: Solve for Rydberg stage 644/812.
[INFO] Enola: Solve for Rydberg stage 645/812.
[INFO] Enola: Solve for Rydberg stage 646/812.
[INFO] Enola: Solve for Rydberg stage 647/812.
[INFO] Enola: Solve for Rydberg stage 648/812.
[INFO] Enola: Solve for Rydberg stage 649/812.
[INFO] Enola: Solve for Rydberg stage 650/812.
[INFO] Enola: Solve for Rydberg stage 651/812.
[INFO] Enola: Solve for Rydberg stage 652/812.
[INFO] Enola: Solve for Rydberg stage 653/812.
[INFO] Enola: Solve for Rydberg stage 654/812.
[INFO] Enola: Solve for Rydberg stage 655/812.
[INFO] Enola: Solve for Rydberg stage 656/812.
[INFO] Enola: Solve for Rydberg stage 657/812.
[INFO] Enola: Solve for Rydberg stage 658/812.
[INFO] Enola: Solve for Rydberg stage 659/812.
[INFO] Enola: Solve for Rydberg stage 660/812.
[INFO] Enola: Solve for Rydberg stage 661/812.
[INFO] Enola: Solve for Rydberg stage 662/812.
[INFO] Enola: Solve for Rydberg stage 663/812.
[INFO] Enola: Solve for Rydberg stage 664/812.
[INFO] Enola: Solve for Rydberg stage 665/812.
[INFO] Enola: Solve for Rydberg stage 666/812.
[INFO] Enola: Solve for Rydberg stage 667/812.
[INFO] Enola: Solve for Rydberg stage 668/812.
[INFO] Enola: Solve for Rydberg stage 669/812.
[INFO] Enola: Solve for Rydberg stage 670/812.
[INFO] Enola: Solve for Rydberg stage 671/812.
[INFO] Enola: Solve for Rydberg stage 672/812.
[INFO] Enola: Solve for Rydberg stage 673/812.
[INFO] Enola: Solve for Rydberg stage 674/812.
[INFO] Enola: Solve for Rydberg stage 675/812.
[INFO] Enola: Solve for Rydberg stage 676/812.
[INFO] Enola: Solve for Rydberg stage 677/812.
[INFO] Enola: Solve for Rydberg stage 678/812.
[INFO] Enola: Solve for Rydberg stage 679/812.
[INFO] Enola: Solve for Rydberg stage 680/812.
[INFO] Enola: Solve for Rydberg stage 681/812.
[INFO] Enola: Solve for Rydberg stage 682/812.
[INFO] Enola: Solve for Rydberg stage 683/812.
[INFO] Enola: Solve for Rydberg stage 684/812.
[INFO] Enola: Solve for Rydberg stage 685/812.
[INFO] Enola: Solve for Rydberg stage 686/812.
[INFO] Enola: Solve for Rydberg stage 687/812.
[INFO] Enola: Solve for Rydberg stage 688/812.
[INFO] Enola: Solve for Rydberg stage 689/812.
[INFO] Enola: Solve for Rydberg stage 690/812.
[INFO] Enola: Solve for Rydberg stage 691/812.
[INFO] Enola: Solve for Rydberg stage 692/812.
[INFO] Enola: Solve for Rydberg stage 693/812.
[INFO] Enola: Solve for Rydberg stage 694/812.
[INFO] Enola: Solve for Rydberg stage 695/812.
[INFO] Enola: Solve for Rydberg stage 696/812.
[INFO] Enola: Solve for Rydberg stage 697/812.
[INFO] Enola: Solve for Rydberg stage 698/812.
[INFO] Enola: Solve for Rydberg stage 699/812.
[INFO] Enola: Solve for Rydberg stage 700/812.
[INFO] Enola: Solve for Rydberg stage 701/812.
[INFO] Enola: Solve for Rydberg stage 702/812.
[INFO] Enola: Solve for Rydberg stage 703/812.
[INFO] Enola: Solve for Rydberg stage 704/812.
[INFO] Enola: Solve for Rydberg stage 705/812.
[INFO] Enola: Solve for Rydberg stage 706/812.
[INFO] Enola: Solve for Rydberg stage 707/812.
[INFO] Enola: Solve for Rydberg stage 708/812.
[INFO] Enola: Solve for Rydberg stage 709/812.
[INFO] Enola: Solve for Rydberg stage 710/812.
[INFO] Enola: Solve for Rydberg stage 711/812.
[INFO] Enola: Solve for Rydberg stage 712/812.
[INFO] Enola: Solve for Rydberg stage 713/812.
[INFO] Enola: Solve for Rydberg stage 714/812.
[INFO] Enola: Solve for Rydberg stage 715/812.
[INFO] Enola: Solve for Rydberg stage 716/812.
[INFO] Enola: Solve for Rydberg stage 717/812.
[INFO] Enola: Solve for Rydberg stage 718/812.
[INFO] Enola: Solve for Rydberg stage 719/812.
[INFO] Enola: Solve for Rydberg stage 720/812.
[INFO] Enola: Solve for Rydberg stage 721/812.
[INFO] Enola: Solve for Rydberg stage 722/812.
[INFO] Enola: Solve for Rydberg stage 723/812.
[INFO] Enola: Solve for Rydberg stage 724/812.
[INFO] Enola: Solve for Rydberg stage 725/812.
[INFO] Enola: Solve for Rydberg stage 726/812.
[INFO] Enola: Solve for Rydberg stage 727/812.
[INFO] Enola: Solve for Rydberg stage 728/812.
[INFO] Enola: Solve for Rydberg stage 729/812.
[INFO] Enola: Solve for Rydberg stage 730/812.
[INFO] Enola: Solve for Rydberg stage 731/812.
[INFO] Enola: Solve for Rydberg stage 732/812.
[INFO] Enola: Solve for Rydberg stage 733/812.
[INFO] Enola: Solve for Rydberg stage 734/812.
[INFO] Enola: Solve for Rydberg stage 735/812.
[INFO] Enola: Solve for Rydberg stage 736/812.
[INFO] Enola: Solve for Rydberg stage 737/812.
[INFO] Enola: Solve for Rydberg stage 738/812.
[INFO] Enola: Solve for Rydberg stage 739/812.
[INFO] Enola: Solve for Rydberg stage 740/812.
[INFO] Enola: Solve for Rydberg stage 741/812.
[INFO] Enola: Solve for Rydberg stage 742/812.
[INFO] Enola: Solve for Rydberg stage 743/812.
[INFO] Enola: Solve for Rydberg stage 744/812.
[INFO] Enola: Solve for Rydberg stage 745/812.
[INFO] Enola: Solve for Rydberg stage 746/812.
[INFO] Enola: Solve for Rydberg stage 747/812.
[INFO] Enola: Solve for Rydberg stage 748/812.
[INFO] Enola: Solve for Rydberg stage 749/812.
[INFO] Enola: Solve for Rydberg stage 750/812.
[INFO] Enola: Solve for Rydberg stage 751/812.
[INFO] Enola: Solve for Rydberg stage 752/812.
[INFO] Enola: Solve for Rydberg stage 753/812.
[INFO] Enola: Solve for Rydberg stage 754/812.
[INFO] Enola: Solve for Rydberg stage 755/812.
[INFO] Enola: Solve for Rydberg stage 756/812.
[INFO] Enola: Solve for Rydberg stage 757/812.
[INFO] Enola: Solve for Rydberg stage 758/812.
[INFO] Enola: Solve for Rydberg stage 759/812.
[INFO] Enola: Solve for Rydberg stage 760/812.
[INFO] Enola: Solve for Rydberg stage 761/812.
[INFO] Enola: Solve for Rydberg stage 762/812.
[INFO] Enola: Solve for Rydberg stage 763/812.
[INFO] Enola: Solve for Rydberg stage 764/812.
[INFO] Enola: Solve for Rydberg stage 765/812.
[INFO] Enola: Solve for Rydberg stage 766/812.
[INFO] Enola: Solve for Rydberg stage 767/812.
[INFO] Enola: Solve for Rydberg stage 768/812.
[INFO] Enola: Solve for Rydberg stage 769/812.
[INFO] Enola: Solve for Rydberg stage 770/812.
[INFO] Enola: Solve for Rydberg stage 771/812.
[INFO] Enola: Solve for Rydberg stage 772/812.
[INFO] Enola: Solve for Rydberg stage 773/812.
[INFO] Enola: Solve for Rydberg stage 774/812.
[INFO] Enola: Solve for Rydberg stage 775/812.
[INFO] Enola: Solve for Rydberg stage 776/812.
[INFO] Enola: Solve for Rydberg stage 777/812.
[INFO] Enola: Solve for Rydberg stage 778/812.
[INFO] Enola: Solve for Rydberg stage 779/812.
[INFO] Enola: Solve for Rydberg stage 780/812.
[INFO] Enola: Solve for Rydberg stage 781/812.
[INFO] Enola: Solve for Rydberg stage 782/812.
[INFO] Enola: Solve for Rydberg stage 783/812.
[INFO] Enola: Solve for Rydberg stage 784/812.
[INFO] Enola: Solve for Rydberg stage 785/812.
[INFO] Enola: Solve for Rydberg stage 786/812.
[INFO] Enola: Solve for Rydberg stage 787/812.
[INFO] Enola: Solve for Rydberg stage 788/812.
[INFO] Enola: Solve for Rydberg stage 789/812.
[INFO] Enola: Solve for Rydberg stage 790/812.
[INFO] Enola: Solve for Rydberg stage 791/812.
[INFO] Enola: Solve for Rydberg stage 792/812.
[INFO] Enola: Solve for Rydberg stage 793/812.
[INFO] Enola: Solve for Rydberg stage 794/812.
[INFO] Enola: Solve for Rydberg stage 795/812.
[INFO] Enola: Solve for Rydberg stage 796/812.
[INFO] Enola: Solve for Rydberg stage 797/812.
[INFO] Enola: Solve for Rydberg stage 798/812.
[INFO] Enola: Solve for Rydberg stage 799/812.
[INFO] Enola: Solve for Rydberg stage 800/812.
[INFO] Enola: Solve for Rydberg stage 801/812.
[INFO] Enola: Solve for Rydberg stage 802/812.
[INFO] Enola: Solve for Rydberg stage 803/812.
[INFO] Enola: Solve for Rydberg stage 804/812.
[INFO] Enola: Solve for Rydberg stage 805/812.
[INFO] Enola: Solve for Rydberg stage 806/812.
[INFO] Enola: Solve for Rydberg stage 807/812.
[INFO] Enola: Solve for Rydberg stage 808/812.
[INFO] Enola: Solve for Rydberg stage 809/812.
[INFO] Enola: Solve for Rydberg stage 810/812.
[INFO] Enola: Solve for Rydberg stage 811/812.
[INFO] Enola: Solve for Rydberg stage 812/812.
[INFO] Enola: Solve for Rydberg stage 813/812.
[INFO] Enola: Time for routing: 0.11293673515319824s
[INFO] Enola: Total Time: 2.1232175827026367s
Compilation successful.

2026-03-25 17:27:28,206 - BenchmarkManager - INFO - enola (run 1/1) - Running /u/halle/heiz/home_at/BachelorProject/benchmarks/uf_fix50_20-100/uf50-0150.qasm
2026-03-25 17:27:31,295 - Compiler.enola - INFO - STDOUT:
[INFO] Enola: Start Solving
[INFO] Enola: Run scheduling
[INFO] Enola: Time for scheduling: 0.000652313232421875s
75
[INFO] Enola: Time for placement: 8.58306884765625e-06s
[INFO] Enola: Solve for Rydberg stage 2/871.
[INFO] Enola: Solve for Rydberg stage 3/871.
[INFO] Enola: Solve for Rydberg stage 4/871.
[INFO] Enola: Solve for Rydberg stage 5/871.
[INFO] Enola: Solve for Rydberg stage 6/871.
[INFO] Enola: Solve for Rydberg stage 7/871.
[INFO] Enola: Solve for Rydberg stage 8/871.
[INFO] Enola: Solve for Rydberg stage 9/871.
[INFO] Enola: Solve for Rydberg stage 10/871.
[INFO] Enola: Solve for Rydberg stage 11/871.
[INFO] Enola: Solve for Rydberg stage 12/871.
[INFO] Enola: Solve for Rydberg stage 13/871.
[INFO] Enola: Solve for Rydberg stage 14/871.
[INFO] Enola: Solve for Rydberg stage 15/871.
[INFO] Enola: Solve for Rydberg stage 16/871.
[INFO] Enola: Solve for Rydberg stage 17/871.
[INFO] Enola: Solve for Rydberg stage 18/871.
[INFO] Enola: Solve for Rydberg stage 19/871.
[INFO] Enola: Solve for Rydberg stage 20/871.
[INFO] Enola: Solve for Rydberg stage 21/871.
[INFO] Enola: Solve for Rydberg stage 22/871.
[INFO] Enola: Solve for Rydberg stage 23/871.
[INFO] Enola: Solve for Rydberg stage 24/871.
[INFO] Enola: Solve for Rydberg stage 25/871.
[INFO] Enola: Solve for Rydberg stage 26/871.
[INFO] Enola: Solve for Rydberg stage 27/871.
[INFO] Enola: Solve for Rydberg stage 28/871.
[INFO] Enola: Solve for Rydberg stage 29/871.
[INFO] Enola: Solve for Rydberg stage 30/871.
[INFO] Enola: Solve for Rydberg stage 31/871.
[INFO] Enola: Solve for Rydberg stage 32/871.
[INFO] Enola: Solve for Rydberg stage 33/871.
[INFO] Enola: Solve for Rydberg stage 34/871.
[INFO] Enola: Solve for Rydberg stage 35/871.
[INFO] Enola: Solve for Rydberg stage 36/871.
[INFO] Enola: Solve for Rydberg stage 37/871.
[INFO] Enola: Solve for Rydberg stage 38/871.
[INFO] Enola: Solve for Rydberg stage 39/871.
[INFO] Enola: Solve for Rydberg stage 40/871.
[INFO] Enola: Solve for Rydberg stage 41/871.
[INFO] Enola: Solve for Rydberg stage 42/871.
[INFO] Enola: Solve for Rydberg stage 43/871.
[INFO] Enola: Solve for Rydberg stage 44/871.
[INFO] Enola: Solve for Rydberg stage 45/871.
[INFO] Enola: Solve for Rydberg stage 46/871.
[INFO] Enola: Solve for Rydberg stage 47/871.
[INFO] Enola: Solve for Rydberg stage 48/871.
[INFO] Enola: Solve for Rydberg stage 49/871.
[INFO] Enola: Solve for Rydberg stage 50/871.
[INFO] Enola: Solve for Rydberg stage 51/871.
[INFO] Enola: Solve for Rydberg stage 52/871.
[INFO] Enola: Solve for Rydberg stage 53/871.
[INFO] Enola: Solve for Rydberg stage 54/871.
[INFO] Enola: Solve for Rydberg stage 55/871.
[INFO] Enola: Solve for Rydberg stage 56/871.
[INFO] Enola: Solve for Rydberg stage 57/871.
[INFO] Enola: Solve for Rydberg stage 58/871.
[INFO] Enola: Solve for Rydberg stage 59/871.
[INFO] Enola: Solve for Rydberg stage 60/871.
[INFO] Enola: Solve for Rydberg stage 61/871.
[INFO] Enola: Solve for Rydberg stage 62/871.
[INFO] Enola: Solve for Rydberg stage 63/871.
[INFO] Enola: Solve for Rydberg stage 64/871.
[INFO] Enola: Solve for Rydberg stage 65/871.
[INFO] Enola: Solve for Rydberg stage 66/871.
[INFO] Enola: Solve for Rydberg stage 67/871.
[INFO] Enola: Solve for Rydberg stage 68/871.
[INFO] Enola: Solve for Rydberg stage 69/871.
[INFO] Enola: Solve for Rydberg stage 70/871.
[INFO] Enola: Solve for Rydberg stage 71/871.
[INFO] Enola: Solve for Rydberg stage 72/871.
[INFO] Enola: Solve for Rydberg stage 73/871.
[INFO] Enola: Solve for Rydberg stage 74/871.
[INFO] Enola: Solve for Rydberg stage 75/871.
[INFO] Enola: Solve for Rydberg stage 76/871.
[INFO] Enola: Solve for Rydberg stage 77/871.
[INFO] Enola: Solve for Rydberg stage 78/871.
[INFO] Enola: Solve for Rydberg stage 79/871.
[INFO] Enola: Solve for Rydberg stage 80/871.
[INFO] Enola: Solve for Rydberg stage 81/871.
[INFO] Enola: Solve for Rydberg stage 82/871.
[INFO] Enola: Solve for Rydberg stage 83/871.
[INFO] Enola: Solve for Rydberg stage 84/871.
[INFO] Enola: Solve for Rydberg stage 85/871.
[INFO] Enola: Solve for Rydberg stage 86/871.
[INFO] Enola: Solve for Rydberg stage 87/871.
[INFO] Enola: Solve for Rydberg stage 88/871.
[INFO] Enola: Solve for Rydberg stage 89/871.
[INFO] Enola: Solve for Rydberg stage 90/871.
[INFO] Enola: Solve for Rydberg stage 91/871.
[INFO] Enola: Solve for Rydberg stage 92/871.
[INFO] Enola: Solve for Rydberg stage 93/871.
[INFO] Enola: Solve for Rydberg stage 94/871.
[INFO] Enola: Solve for Rydberg stage 95/871.
[INFO] Enola: Solve for Rydberg stage 96/871.
[INFO] Enola: Solve for Rydberg stage 97/871.
[INFO] Enola: Solve for Rydberg stage 98/871.
[INFO] Enola: Solve for Rydberg stage 99/871.
[INFO] Enola: Solve for Rydberg stage 100/871.
[INFO] Enola: Solve for Rydberg stage 101/871.
[INFO] Enola: Solve for Rydberg stage 102/871.
[INFO] Enola: Solve for Rydberg stage 103/871.
[INFO] Enola: Solve for Rydberg stage 104/871.
[INFO] Enola: Solve for Rydberg stage 105/871.
[INFO] Enola: Solve for Rydberg stage 106/871.
[INFO] Enola: Solve for Rydberg stage 107/871.
[INFO] Enola: Solve for Rydberg stage 108/871.
[INFO] Enola: Solve for Rydberg stage 109/871.
[INFO] Enola: Solve for Rydberg stage 110/871.
[INFO] Enola: Solve for Rydberg stage 111/871.
[INFO] Enola: Solve for Rydberg stage 112/871.
[INFO] Enola: Solve for Rydberg stage 113/871.
[INFO] Enola: Solve for Rydberg stage 114/871.
[INFO] Enola: Solve for Rydberg stage 115/871.
[INFO] Enola: Solve for Rydberg stage 116/871.
[INFO] Enola: Solve for Rydberg stage 117/871.
[INFO] Enola: Solve for Rydberg stage 118/871.
[INFO] Enola: Solve for Rydberg stage 119/871.
[INFO] Enola: Solve for Rydberg stage 120/871.
[INFO] Enola: Solve for Rydberg stage 121/871.
[INFO] Enola: Solve for Rydberg stage 122/871.
[INFO] Enola: Solve for Rydberg stage 123/871.
[INFO] Enola: Solve for Rydberg stage 124/871.
[INFO] Enola: Solve for Rydberg stage 125/871.
[INFO] Enola: Solve for Rydberg stage 126/871.
[INFO] Enola: Solve for Rydberg stage 127/871.
[INFO] Enola: Solve for Rydberg stage 128/871.
[INFO] Enola: Solve for Rydberg stage 129/871.
[INFO] Enola: Solve for Rydberg stage 130/871.
[INFO] Enola: Solve for Rydberg stage 131/871.
[INFO] Enola: Solve for Rydberg stage 132/871.
[INFO] Enola: Solve for Rydberg stage 133/871.
[INFO] Enola: Solve for Rydberg stage 134/871.
[INFO] Enola: Solve for Rydberg stage 135/871.
[INFO] Enola: Solve for Rydberg stage 136/871.
[INFO] Enola: Solve for Rydberg stage 137/871.
[INFO] Enola: Solve for Rydberg stage 138/871.
[INFO] Enola: Solve for Rydberg stage 139/871.
[INFO] Enola: Solve for Rydberg stage 140/871.
[INFO] Enola: Solve for Rydberg stage 141/871.
[INFO] Enola: Solve for Rydberg stage 142/871.
[INFO] Enola: Solve for Rydberg stage 143/871.
[INFO] Enola: Solve for Rydberg stage 144/871.
[INFO] Enola: Solve for Rydberg stage 145/871.
[INFO] Enola: Solve for Rydberg stage 146/871.
[INFO] Enola: Solve for Rydberg stage 147/871.
[INFO] Enola: Solve for Rydberg stage 148/871.
[INFO] Enola: Solve for Rydberg stage 149/871.
[INFO] Enola: Solve for Rydberg stage 150/871.
[INFO] Enola: Solve for Rydberg stage 151/871.
[INFO] Enola: Solve for Rydberg stage 152/871.
[INFO] Enola: Solve for Rydberg stage 153/871.
[INFO] Enola: Solve for Rydberg stage 154/871.
[INFO] Enola: Solve for Rydberg stage 155/871.
[INFO] Enola: Solve for Rydberg stage 156/871.
[INFO] Enola: Solve for Rydberg stage 157/871.
[INFO] Enola: Solve for Rydberg stage 158/871.
[INFO] Enola: Solve for Rydberg stage 159/871.
[INFO] Enola: Solve for Rydberg stage 160/871.
[INFO] Enola: Solve for Rydberg stage 161/871.
[INFO] Enola: Solve for Rydberg stage 162/871.
[INFO] Enola: Solve for Rydberg stage 163/871.
[INFO] Enola: Solve for Rydberg stage 164/871.
[INFO] Enola: Solve for Rydberg stage 165/871.
[INFO] Enola: Solve for Rydberg stage 166/871.
[INFO] Enola: Solve for Rydberg stage 167/871.
[INFO] Enola: Solve for Rydberg stage 168/871.
[INFO] Enola: Solve for Rydberg stage 169/871.
[INFO] Enola: Solve for Rydberg stage 170/871.
[INFO] Enola: Solve for Rydberg stage 171/871.
[INFO] Enola: Solve for Rydberg stage 172/871.
[INFO] Enola: Solve for Rydberg stage 173/871.
[INFO] Enola: Solve for Rydberg stage 174/871.
[INFO] Enola: Solve for Rydberg stage 175/871.
[INFO] Enola: Solve for Rydberg stage 176/871.
[INFO] Enola: Solve for Rydberg stage 177/871.
[INFO] Enola: Solve for Rydberg stage 178/871.
[INFO] Enola: Solve for Rydberg stage 179/871.
[INFO] Enola: Solve for Rydberg stage 180/871.
[INFO] Enola: Solve for Rydberg stage 181/871.
[INFO] Enola: Solve for Rydberg stage 182/871.
[INFO] Enola: Solve for Rydberg stage 183/871.
[INFO] Enola: Solve for Rydberg stage 184/871.
[INFO] Enola: Solve for Rydberg stage 185/871.
[INFO] Enola: Solve for Rydberg stage 186/871.
[INFO] Enola: Solve for Rydberg stage 187/871.
[INFO] Enola: Solve for Rydberg stage 188/871.
[INFO] Enola: Solve for Rydberg stage 189/871.
[INFO] Enola: Solve for Rydberg stage 190/871.
[INFO] Enola: Solve for Rydberg stage 191/871.
[INFO] Enola: Solve for Rydberg stage 192/871.
[INFO] Enola: Solve for Rydberg stage 193/871.
[INFO] Enola: Solve for Rydberg stage 194/871.
[INFO] Enola: Solve for Rydberg stage 195/871.
[INFO] Enola: Solve for Rydberg stage 196/871.
[INFO] Enola: Solve for Rydberg stage 197/871.
[INFO] Enola: Solve for Rydberg stage 198/871.
[INFO] Enola: Solve for Rydberg stage 199/871.
[INFO] Enola: Solve for Rydberg stage 200/871.
[INFO] Enola: Solve for Rydberg stage 201/871.
[INFO] Enola: Solve for Rydberg stage 202/871.
[INFO] Enola: Solve for Rydberg stage 203/871.
[INFO] Enola: Solve for Rydberg stage 204/871.
[INFO] Enola: Solve for Rydberg stage 205/871.
[INFO] Enola: Solve for Rydberg stage 206/871.
[INFO] Enola: Solve for Rydberg stage 207/871.
[INFO] Enola: Solve for Rydberg stage 208/871.
[INFO] Enola: Solve for Rydberg stage 209/871.
[INFO] Enola: Solve for Rydberg stage 210/871.
[INFO] Enola: Solve for Rydberg stage 211/871.
[INFO] Enola: Solve for Rydberg stage 212/871.
[INFO] Enola: Solve for Rydberg stage 213/871.
[INFO] Enola: Solve for Rydberg stage 214/871.
[INFO] Enola: Solve for Rydberg stage 215/871.
[INFO] Enola: Solve for Rydberg stage 216/871.
[INFO] Enola: Solve for Rydberg stage 217/871.
[INFO] Enola: Solve for Rydberg stage 218/871.
[INFO] Enola: Solve for Rydberg stage 219/871.
[INFO] Enola: Solve for Rydberg stage 220/871.
[INFO] Enola: Solve for Rydberg stage 221/871.
[INFO] Enola: Solve for Rydberg stage 222/871.
[INFO] Enola: Solve for Rydberg stage 223/871.
[INFO] Enola: Solve for Rydberg stage 224/871.
[INFO] Enola: Solve for Rydberg stage 225/871.
[INFO] Enola: Solve for Rydberg stage 226/871.
[INFO] Enola: Solve for Rydberg stage 227/871.
[INFO] Enola: Solve for Rydberg stage 228/871.
[INFO] Enola: Solve for Rydberg stage 229/871.
[INFO] Enola: Solve for Rydberg stage 230/871.
[INFO] Enola: Solve for Rydberg stage 231/871.
[INFO] Enola: Solve for Rydberg stage 232/871.
[INFO] Enola: Solve for Rydberg stage 233/871.
[INFO] Enola: Solve for Rydberg stage 234/871.
[INFO] Enola: Solve for Rydberg stage 235/871.
[INFO] Enola: Solve for Rydberg stage 236/871.
[INFO] Enola: Solve for Rydberg stage 237/871.
[INFO] Enola: Solve for Rydberg stage 238/871.
[INFO] Enola: Solve for Rydberg stage 239/871.
[INFO] Enola: Solve for Rydberg stage 240/871.
[INFO] Enola: Solve for Rydberg stage 241/871.
[INFO] Enola: Solve for Rydberg stage 242/871.
[INFO] Enola: Solve for Rydberg stage 243/871.
[INFO] Enola: Solve for Rydberg stage 244/871.
[INFO] Enola: Solve for Rydberg stage 245/871.
[INFO] Enola: Solve for Rydberg stage 246/871.
[INFO] Enola: Solve for Rydberg stage 247/871.
[INFO] Enola: Solve for Rydberg stage 248/871.
[INFO] Enola: Solve for Rydberg stage 249/871.
[INFO] Enola: Solve for Rydberg stage 250/871.
[INFO] Enola: Solve for Rydberg stage 251/871.
[INFO] Enola: Solve for Rydberg stage 252/871.
[INFO] Enola: Solve for Rydberg stage 253/871.
[INFO] Enola: Solve for Rydberg stage 254/871.
[INFO] Enola: Solve for Rydberg stage 255/871.
[INFO] Enola: Solve for Rydberg stage 256/871.
[INFO] Enola: Solve for Rydberg stage 257/871.
[INFO] Enola: Solve for Rydberg stage 258/871.
[INFO] Enola: Solve for Rydberg stage 259/871.
[INFO] Enola: Solve for Rydberg stage 260/871.
[INFO] Enola: Solve for Rydberg stage 261/871.
[INFO] Enola: Solve for Rydberg stage 262/871.
[INFO] Enola: Solve for Rydberg stage 263/871.
[INFO] Enola: Solve for Rydberg stage 264/871.
[INFO] Enola: Solve for Rydberg stage 265/871.
[INFO] Enola: Solve for Rydberg stage 266/871.
[INFO] Enola: Solve for Rydberg stage 267/871.
[INFO] Enola: Solve for Rydberg stage 268/871.
[INFO] Enola: Solve for Rydberg stage 269/871.
[INFO] Enola: Solve for Rydberg stage 270/871.
[INFO] Enola: Solve for Rydberg stage 271/871.
[INFO] Enola: Solve for Rydberg stage 272/871.
[INFO] Enola: Solve for Rydberg stage 273/871.
[INFO] Enola: Solve for Rydberg stage 274/871.
[INFO] Enola: Solve for Rydberg stage 275/871.
[INFO] Enola: Solve for Rydberg stage 276/871.
[INFO] Enola: Solve for Rydberg stage 277/871.
[INFO] Enola: Solve for Rydberg stage 278/871.
[INFO] Enola: Solve for Rydberg stage 279/871.
[INFO] Enola: Solve for Rydberg stage 280/871.
[INFO] Enola: Solve for Rydberg stage 281/871.
[INFO] Enola: Solve for Rydberg stage 282/871.
[INFO] Enola: Solve for Rydberg stage 283/871.
[INFO] Enola: Solve for Rydberg stage 284/871.
[INFO] Enola: Solve for Rydberg stage 285/871.
[INFO] Enola: Solve for Rydberg stage 286/871.
[INFO] Enola: Solve for Rydberg stage 287/871.
[INFO] Enola: Solve for Rydberg stage 288/871.
[INFO] Enola: Solve for Rydberg stage 289/871.
[INFO] Enola: Solve for Rydberg stage 290/871.
[INFO] Enola: Solve for Rydberg stage 291/871.
[INFO] Enola: Solve for Rydberg stage 292/871.
[INFO] Enola: Solve for Rydberg stage 293/871.
[INFO] Enola: Solve for Rydberg stage 294/871.
[INFO] Enola: Solve for Rydberg stage 295/871.
[INFO] Enola: Solve for Rydberg stage 296/871.
[INFO] Enola: Solve for Rydberg stage 297/871.
[INFO] Enola: Solve for Rydberg stage 298/871.
[INFO] Enola: Solve for Rydberg stage 299/871.
[INFO] Enola: Solve for Rydberg stage 300/871.
[INFO] Enola: Solve for Rydberg stage 301/871.
[INFO] Enola: Solve for Rydberg stage 302/871.
[INFO] Enola: Solve for Rydberg stage 303/871.
[INFO] Enola: Solve for Rydberg stage 304/871.
[INFO] Enola: Solve for Rydberg stage 305/871.
[INFO] Enola: Solve for Rydberg stage 306/871.
[INFO] Enola: Solve for Rydberg stage 307/871.
[INFO] Enola: Solve for Rydberg stage 308/871.
[INFO] Enola: Solve for Rydberg stage 309/871.
[INFO] Enola: Solve for Rydberg stage 310/871.
[INFO] Enola: Solve for Rydberg stage 311/871.
[INFO] Enola: Solve for Rydberg stage 312/871.
[INFO] Enola: Solve for Rydberg stage 313/871.
[INFO] Enola: Solve for Rydberg stage 314/871.
[INFO] Enola: Solve for Rydberg stage 315/871.
[INFO] Enola: Solve for Rydberg stage 316/871.
[INFO] Enola: Solve for Rydberg stage 317/871.
[INFO] Enola: Solve for Rydberg stage 318/871.
[INFO] Enola: Solve for Rydberg stage 319/871.
[INFO] Enola: Solve for Rydberg stage 320/871.
[INFO] Enola: Solve for Rydberg stage 321/871.
[INFO] Enola: Solve for Rydberg stage 322/871.
[INFO] Enola: Solve for Rydberg stage 323/871.
[INFO] Enola: Solve for Rydberg stage 324/871.
[INFO] Enola: Solve for Rydberg stage 325/871.
[INFO] Enola: Solve for Rydberg stage 326/871.
[INFO] Enola: Solve for Rydberg stage 327/871.
[INFO] Enola: Solve for Rydberg stage 328/871.
[INFO] Enola: Solve for Rydberg stage 329/871.
[INFO] Enola: Solve for Rydberg stage 330/871.
[INFO] Enola: Solve for Rydberg stage 331/871.
[INFO] Enola: Solve for Rydberg stage 332/871.
[INFO] Enola: Solve for Rydberg stage 333/871.
[INFO] Enola: Solve for Rydberg stage 334/871.
[INFO] Enola: Solve for Rydberg stage 335/871.
[INFO] Enola: Solve for Rydberg stage 336/871.
[INFO] Enola: Solve for Rydberg stage 337/871.
[INFO] Enola: Solve for Rydberg stage 338/871.
[INFO] Enola: Solve for Rydberg stage 339/871.
[INFO] Enola: Solve for Rydberg stage 340/871.
[INFO] Enola: Solve for Rydberg stage 341/871.
[INFO] Enola: Solve for Rydberg stage 342/871.
[INFO] Enola: Solve for Rydberg stage 343/871.
[INFO] Enola: Solve for Rydberg stage 344/871.
[INFO] Enola: Solve for Rydberg stage 345/871.
[INFO] Enola: Solve for Rydberg stage 346/871.
[INFO] Enola: Solve for Rydberg stage 347/871.
[INFO] Enola: Solve for Rydberg stage 348/871.
[INFO] Enola: Solve for Rydberg stage 349/871.
[INFO] Enola: Solve for Rydberg stage 350/871.
[INFO] Enola: Solve for Rydberg stage 351/871.
[INFO] Enola: Solve for Rydberg stage 352/871.
[INFO] Enola: Solve for Rydberg stage 353/871.
[INFO] Enola: Solve for Rydberg stage 354/871.
[INFO] Enola: Solve for Rydberg stage 355/871.
[INFO] Enola: Solve for Rydberg stage 356/871.
[INFO] Enola: Solve for Rydberg stage 357/871.
[INFO] Enola: Solve for Rydberg stage 358/871.
[INFO] Enola: Solve for Rydberg stage 359/871.
[INFO] Enola: Solve for Rydberg stage 360/871.
[INFO] Enola: Solve for Rydberg stage 361/871.
[INFO] Enola: Solve for Rydberg stage 362/871.
[INFO] Enola: Solve for Rydberg stage 363/871.
[INFO] Enola: Solve for Rydberg stage 364/871.
[INFO] Enola: Solve for Rydberg stage 365/871.
[INFO] Enola: Solve for Rydberg stage 366/871.
[INFO] Enola: Solve for Rydberg stage 367/871.
[INFO] Enola: Solve for Rydberg stage 368/871.
[INFO] Enola: Solve for Rydberg stage 369/871.
[INFO] Enola: Solve for Rydberg stage 370/871.
[INFO] Enola: Solve for Rydberg stage 371/871.
[INFO] Enola: Solve for Rydberg stage 372/871.
[INFO] Enola: Solve for Rydberg stage 373/871.
[INFO] Enola: Solve for Rydberg stage 374/871.
[INFO] Enola: Solve for Rydberg stage 375/871.
[INFO] Enola: Solve for Rydberg stage 376/871.
[INFO] Enola: Solve for Rydberg stage 377/871.
[INFO] Enola: Solve for Rydberg stage 378/871.
[INFO] Enola: Solve for Rydberg stage 379/871.
[INFO] Enola: Solve for Rydberg stage 380/871.
[INFO] Enola: Solve for Rydberg stage 381/871.
[INFO] Enola: Solve for Rydberg stage 382/871.
[INFO] Enola: Solve for Rydberg stage 383/871.
[INFO] Enola: Solve for Rydberg stage 384/871.
[INFO] Enola: Solve for Rydberg stage 385/871.
[INFO] Enola: Solve for Rydberg stage 386/871.
[INFO] Enola: Solve for Rydberg stage 387/871.
[INFO] Enola: Solve for Rydberg stage 388/871.
[INFO] Enola: Solve for Rydberg stage 389/871.
[INFO] Enola: Solve for Rydberg stage 390/871.
[INFO] Enola: Solve for Rydberg stage 391/871.
[INFO] Enola: Solve for Rydberg stage 392/871.
[INFO] Enola: Solve for Rydberg stage 393/871.
[INFO] Enola: Solve for Rydberg stage 394/871.
[INFO] Enola: Solve for Rydberg stage 395/871.
[INFO] Enola: Solve for Rydberg stage 396/871.
[INFO] Enola: Solve for Rydberg stage 397/871.
[INFO] Enola: Solve for Rydberg stage 398/871.
[INFO] Enola: Solve for Rydberg stage 399/871.
[INFO] Enola: Solve for Rydberg stage 400/871.
[INFO] Enola: Solve for Rydberg stage 401/871.
[INFO] Enola: Solve for Rydberg stage 402/871.
[INFO] Enola: Solve for Rydberg stage 403/871.
[INFO] Enola: Solve for Rydberg stage 404/871.
[INFO] Enola: Solve for Rydberg stage 405/871.
[INFO] Enola: Solve for Rydberg stage 406/871.
[INFO] Enola: Solve for Rydberg stage 407/871.
[INFO] Enola: Solve for Rydberg stage 408/871.
[INFO] Enola: Solve for Rydberg stage 409/871.
[INFO] Enola: Solve for Rydberg stage 410/871.
[INFO] Enola: Solve for Rydberg stage 411/871.
[INFO] Enola: Solve for Rydberg stage 412/871.
[INFO] Enola: Solve for Rydberg stage 413/871.
[INFO] Enola: Solve for Rydberg stage 414/871.
[INFO] Enola: Solve for Rydberg stage 415/871.
[INFO] Enola: Solve for Rydberg stage 416/871.
[INFO] Enola: Solve for Rydberg stage 417/871.
[INFO] Enola: Solve for Rydberg stage 418/871.
[INFO] Enola: Solve for Rydberg stage 419/871.
[INFO] Enola: Solve for Rydberg stage 420/871.
[INFO] Enola: Solve for Rydberg stage 421/871.
[INFO] Enola: Solve for Rydberg stage 422/871.
[INFO] Enola: Solve for Rydberg stage 423/871.
[INFO] Enola: Solve for Rydberg stage 424/871.
[INFO] Enola: Solve for Rydberg stage 425/871.
[INFO] Enola: Solve for Rydberg stage 426/871.
[INFO] Enola: Solve for Rydberg stage 427/871.
[INFO] Enola: Solve for Rydberg stage 428/871.
[INFO] Enola: Solve for Rydberg stage 429/871.
[INFO] Enola: Solve for Rydberg stage 430/871.
[INFO] Enola: Solve for Rydberg stage 431/871.
[INFO] Enola: Solve for Rydberg stage 432/871.
[INFO] Enola: Solve for Rydberg stage 433/871.
[INFO] Enola: Solve for Rydberg stage 434/871.
[INFO] Enola: Solve for Rydberg stage 435/871.
[INFO] Enola: Solve for Rydberg stage 436/871.
[INFO] Enola: Solve for Rydberg stage 437/871.
[INFO] Enola: Solve for Rydberg stage 438/871.
[INFO] Enola: Solve for Rydberg stage 439/871.
[INFO] Enola: Solve for Rydberg stage 440/871.
[INFO] Enola: Solve for Rydberg stage 441/871.
[INFO] Enola: Solve for Rydberg stage 442/871.
[INFO] Enola: Solve for Rydberg stage 443/871.
[INFO] Enola: Solve for Rydberg stage 444/871.
[INFO] Enola: Solve for Rydberg stage 445/871.
[INFO] Enola: Solve for Rydberg stage 446/871.
[INFO] Enola: Solve for Rydberg stage 447/871.
[INFO] Enola: Solve for Rydberg stage 448/871.
[INFO] Enola: Solve for Rydberg stage 449/871.
[INFO] Enola: Solve for Rydberg stage 450/871.
[INFO] Enola: Solve for Rydberg stage 451/871.
[INFO] Enola: Solve for Rydberg stage 452/871.
[INFO] Enola: Solve for Rydberg stage 453/871.
[INFO] Enola: Solve for Rydberg stage 454/871.
[INFO] Enola: Solve for Rydberg stage 455/871.
[INFO] Enola: Solve for Rydberg stage 456/871.
[INFO] Enola: Solve for Rydberg stage 457/871.
[INFO] Enola: Solve for Rydberg stage 458/871.
[INFO] Enola: Solve for Rydberg stage 459/871.
[INFO] Enola: Solve for Rydberg stage 460/871.
[INFO] Enola: Solve for Rydberg stage 461/871.
[INFO] Enola: Solve for Rydberg stage 462/871.
[INFO] Enola: Solve for Rydberg stage 463/871.
[INFO] Enola: Solve for Rydberg stage 464/871.
[INFO] Enola: Solve for Rydberg stage 465/871.
[INFO] Enola: Solve for Rydberg stage 466/871.
[INFO] Enola: Solve for Rydberg stage 467/871.
[INFO] Enola: Solve for Rydberg stage 468/871.
[INFO] Enola: Solve for Rydberg stage 469/871.
[INFO] Enola: Solve for Rydberg stage 470/871.
[INFO] Enola: Solve for Rydberg stage 471/871.
[INFO] Enola: Solve for Rydberg stage 472/871.
[INFO] Enola: Solve for Rydberg stage 473/871.
[INFO] Enola: Solve for Rydberg stage 474/871.
[INFO] Enola: Solve for Rydberg stage 475/871.
[INFO] Enola: Solve for Rydberg stage 476/871.
[INFO] Enola: Solve for Rydberg stage 477/871.
[INFO] Enola: Solve for Rydberg stage 478/871.
[INFO] Enola: Solve for Rydberg stage 479/871.
[INFO] Enola: Solve for Rydberg stage 480/871.
[INFO] Enola: Solve for Rydberg stage 481/871.
[INFO] Enola: Solve for Rydberg stage 482/871.
[INFO] Enola: Solve for Rydberg stage 483/871.
[INFO] Enola: Solve for Rydberg stage 484/871.
[INFO] Enola: Solve for Rydberg stage 485/871.
[INFO] Enola: Solve for Rydberg stage 486/871.
[INFO] Enola: Solve for Rydberg stage 487/871.
[INFO] Enola: Solve for Rydberg stage 488/871.
[INFO] Enola: Solve for Rydberg stage 489/871.
[INFO] Enola: Solve for Rydberg stage 490/871.
[INFO] Enola: Solve for Rydberg stage 491/871.
[INFO] Enola: Solve for Rydberg stage 492/871.
[INFO] Enola: Solve for Rydberg stage 493/871.
[INFO] Enola: Solve for Rydberg stage 494/871.
[INFO] Enola: Solve for Rydberg stage 495/871.
[INFO] Enola: Solve for Rydberg stage 496/871.
[INFO] Enola: Solve for Rydberg stage 497/871.
[INFO] Enola: Solve for Rydberg stage 498/871.
[INFO] Enola: Solve for Rydberg stage 499/871.
[INFO] Enola: Solve for Rydberg stage 500/871.
[INFO] Enola: Solve for Rydberg stage 501/871.
[INFO] Enola: Solve for Rydberg stage 502/871.
[INFO] Enola: Solve for Rydberg stage 503/871.
[INFO] Enola: Solve for Rydberg stage 504/871.
[INFO] Enola: Solve for Rydberg stage 505/871.
[INFO] Enola: Solve for Rydberg stage 506/871.
[INFO] Enola: Solve for Rydberg stage 507/871.
[INFO] Enola: Solve for Rydberg stage 508/871.
[INFO] Enola: Solve for Rydberg stage 509/871.
[INFO] Enola: Solve for Rydberg stage 510/871.
[INFO] Enola: Solve for Rydberg stage 511/871.
[INFO] Enola: Solve for Rydberg stage 512/871.
[INFO] Enola: Solve for Rydberg stage 513/871.
[INFO] Enola: Solve for Rydberg stage 514/871.
[INFO] Enola: Solve for Rydberg stage 515/871.
[INFO] Enola: Solve for Rydberg stage 516/871.
[INFO] Enola: Solve for Rydberg stage 517/871.
[INFO] Enola: Solve for Rydberg stage 518/871.
[INFO] Enola: Solve for Rydberg stage 519/871.
[INFO] Enola: Solve for Rydberg stage 520/871.
[INFO] Enola: Solve for Rydberg stage 521/871.
[INFO] Enola: Solve for Rydberg stage 522/871.
[INFO] Enola: Solve for Rydberg stage 523/871.
[INFO] Enola: Solve for Rydberg stage 524/871.
[INFO] Enola: Solve for Rydberg stage 525/871.
[INFO] Enola: Solve for Rydberg stage 526/871.
[INFO] Enola: Solve for Rydberg stage 527/871.
[INFO] Enola: Solve for Rydberg stage 528/871.
[INFO] Enola: Solve for Rydberg stage 529/871.
[INFO] Enola: Solve for Rydberg stage 530/871.
[INFO] Enola: Solve for Rydberg stage 531/871.
[INFO] Enola: Solve for Rydberg stage 532/871.
[INFO] Enola: Solve for Rydberg stage 533/871.
[INFO] Enola: Solve for Rydberg stage 534/871.
[INFO] Enola: Solve for Rydberg stage 535/871.
[INFO] Enola: Solve for Rydberg stage 536/871.
[INFO] Enola: Solve for Rydberg stage 537/871.
[INFO] Enola: Solve for Rydberg stage 538/871.
[INFO] Enola: Solve for Rydberg stage 539/871.
[INFO] Enola: Solve for Rydberg stage 540/871.
[INFO] Enola: Solve for Rydberg stage 541/871.
[INFO] Enola: Solve for Rydberg stage 542/871.
[INFO] Enola: Solve for Rydberg stage 543/871.
[INFO] Enola: Solve for Rydberg stage 544/871.
[INFO] Enola: Solve for Rydberg stage 545/871.
[INFO] Enola: Solve for Rydberg stage 546/871.
[INFO] Enola: Solve for Rydberg stage 547/871.
[INFO] Enola: Solve for Rydberg stage 548/871.
[INFO] Enola: Solve for Rydberg stage 549/871.
[INFO] Enola: Solve for Rydberg stage 550/871.
[INFO] Enola: Solve for Rydberg stage 551/871.
[INFO] Enola: Solve for Rydberg stage 552/871.
[INFO] Enola: Solve for Rydberg stage 553/871.
[INFO] Enola: Solve for Rydberg stage 554/871.
[INFO] Enola: Solve for Rydberg stage 555/871.
[INFO] Enola: Solve for Rydberg stage 556/871.
[INFO] Enola: Solve for Rydberg stage 557/871.
[INFO] Enola: Solve for Rydberg stage 558/871.
[INFO] Enola: Solve for Rydberg stage 559/871.
[INFO] Enola: Solve for Rydberg stage 560/871.
[INFO] Enola: Solve for Rydberg stage 561/871.
[INFO] Enola: Solve for Rydberg stage 562/871.
[INFO] Enola: Solve for Rydberg stage 563/871.
[INFO] Enola: Solve for Rydberg stage 564/871.
[INFO] Enola: Solve for Rydberg stage 565/871.
[INFO] Enola: Solve for Rydberg stage 566/871.
[INFO] Enola: Solve for Rydberg stage 567/871.
[INFO] Enola: Solve for Rydberg stage 568/871.
[INFO] Enola: Solve for Rydberg stage 569/871.
[INFO] Enola: Solve for Rydberg stage 570/871.
[INFO] Enola: Solve for Rydberg stage 571/871.
[INFO] Enola: Solve for Rydberg stage 572/871.
[INFO] Enola: Solve for Rydberg stage 573/871.
[INFO] Enola: Solve for Rydberg stage 574/871.
[INFO] Enola: Solve for Rydberg stage 575/871.
[INFO] Enola: Solve for Rydberg stage 576/871.
[INFO] Enola: Solve for Rydberg stage 577/871.
[INFO] Enola: Solve for Rydberg stage 578/871.
[INFO] Enola: Solve for Rydberg stage 579/871.
[INFO] Enola: Solve for Rydberg stage 580/871.
[INFO] Enola: Solve for Rydberg stage 581/871.
[INFO] Enola: Solve for Rydberg stage 582/871.
[INFO] Enola: Solve for Rydberg stage 583/871.
[INFO] Enola: Solve for Rydberg stage 584/871.
[INFO] Enola: Solve for Rydberg stage 585/871.
[INFO] Enola: Solve for Rydberg stage 586/871.
[INFO] Enola: Solve for Rydberg stage 587/871.
[INFO] Enola: Solve for Rydberg stage 588/871.
[INFO] Enola: Solve for Rydberg stage 589/871.
[INFO] Enola: Solve for Rydberg stage 590/871.
[INFO] Enola: Solve for Rydberg stage 591/871.
[INFO] Enola: Solve for Rydberg stage 592/871.
[INFO] Enola: Solve for Rydberg stage 593/871.
[INFO] Enola: Solve for Rydberg stage 594/871.
[INFO] Enola: Solve for Rydberg stage 595/871.
[INFO] Enola: Solve for Rydberg stage 596/871.
[INFO] Enola: Solve for Rydberg stage 597/871.
[INFO] Enola: Solve for Rydberg stage 598/871.
[INFO] Enola: Solve for Rydberg stage 599/871.
[INFO] Enola: Solve for Rydberg stage 600/871.
[INFO] Enola: Solve for Rydberg stage 601/871.
[INFO] Enola: Solve for Rydberg stage 602/871.
[INFO] Enola: Solve for Rydberg stage 603/871.
[INFO] Enola: Solve for Rydberg stage 604/871.
[INFO] Enola: Solve for Rydberg stage 605/871.
[INFO] Enola: Solve for Rydberg stage 606/871.
[INFO] Enola: Solve for Rydberg stage 607/871.
[INFO] Enola: Solve for Rydberg stage 608/871.
[INFO] Enola: Solve for Rydberg stage 609/871.
[INFO] Enola: Solve for Rydberg stage 610/871.
[INFO] Enola: Solve for Rydberg stage 611/871.
[INFO] Enola: Solve for Rydberg stage 612/871.
[INFO] Enola: Solve for Rydberg stage 613/871.
[INFO] Enola: Solve for Rydberg stage 614/871.
[INFO] Enola: Solve for Rydberg stage 615/871.
[INFO] Enola: Solve for Rydberg stage 616/871.
[INFO] Enola: Solve for Rydberg stage 617/871.
[INFO] Enola: Solve for Rydberg stage 618/871.
[INFO] Enola: Solve for Rydberg stage 619/871.
[INFO] Enola: Solve for Rydberg stage 620/871.
[INFO] Enola: Solve for Rydberg stage 621/871.
[INFO] Enola: Solve for Rydberg stage 622/871.
[INFO] Enola: Solve for Rydberg stage 623/871.
[INFO] Enola: Solve for Rydberg stage 624/871.
[INFO] Enola: Solve for Rydberg stage 625/871.
[INFO] Enola: Solve for Rydberg stage 626/871.
[INFO] Enola: Solve for Rydberg stage 627/871.
[INFO] Enola: Solve for Rydberg stage 628/871.
[INFO] Enola: Solve for Rydberg stage 629/871.
[INFO] Enola: Solve for Rydberg stage 630/871.
[INFO] Enola: Solve for Rydberg stage 631/871.
[INFO] Enola: Solve for Rydberg stage 632/871.
[INFO] Enola: Solve for Rydberg stage 633/871.
[INFO] Enola: Solve for Rydberg stage 634/871.
[INFO] Enola: Solve for Rydberg stage 635/871.
[INFO] Enola: Solve for Rydberg stage 636/871.
[INFO] Enola: Solve for Rydberg stage 637/871.
[INFO] Enola: Solve for Rydberg stage 638/871.
[INFO] Enola: Solve for Rydberg stage 639/871.
[INFO] Enola: Solve for Rydberg stage 640/871.
[INFO] Enola: Solve for Rydberg stage 641/871.
[INFO] Enola: Solve for Rydberg stage 642/871.
[INFO] Enola: Solve for Rydberg stage 643/871.
[INFO] Enola: Solve for Rydberg stage 644/871.
[INFO] Enola: Solve for Rydberg stage 645/871.
[INFO] Enola: Solve for Rydberg stage 646/871.
[INFO] Enola: Solve for Rydberg stage 647/871.
[INFO] Enola: Solve for Rydberg stage 648/871.
[INFO] Enola: Solve for Rydberg stage 649/871.
[INFO] Enola: Solve for Rydberg stage 650/871.
[INFO] Enola: Solve for Rydberg stage 651/871.
[INFO] Enola: Solve for Rydberg stage 652/871.
[INFO] Enola: Solve for Rydberg stage 653/871.
[INFO] Enola: Solve for Rydberg stage 654/871.
[INFO] Enola: Solve for Rydberg stage 655/871.
[INFO] Enola: Solve for Rydberg stage 656/871.
[INFO] Enola: Solve for Rydberg stage 657/871.
[INFO] Enola: Solve for Rydberg stage 658/871.
[INFO] Enola: Solve for Rydberg stage 659/871.
[INFO] Enola: Solve for Rydberg stage 660/871.
[INFO] Enola: Solve for Rydberg stage 661/871.
[INFO] Enola: Solve for Rydberg stage 662/871.
[INFO] Enola: Solve for Rydberg stage 663/871.
[INFO] Enola: Solve for Rydberg stage 664/871.
[INFO] Enola: Solve for Rydberg stage 665/871.
[INFO] Enola: Solve for Rydberg stage 666/871.
[INFO] Enola: Solve for Rydberg stage 667/871.
[INFO] Enola: Solve for Rydberg stage 668/871.
[INFO] Enola: Solve for Rydberg stage 669/871.
[INFO] Enola: Solve for Rydberg stage 670/871.
[INFO] Enola: Solve for Rydberg stage 671/871.
[INFO] Enola: Solve for Rydberg stage 672/871.
[INFO] Enola: Solve for Rydberg stage 673/871.
[INFO] Enola: Solve for Rydberg stage 674/871.
[INFO] Enola: Solve for Rydberg stage 675/871.
[INFO] Enola: Solve for Rydberg stage 676/871.
[INFO] Enola: Solve for Rydberg stage 677/871.
[INFO] Enola: Solve for Rydberg stage 678/871.
[INFO] Enola: Solve for Rydberg stage 679/871.
[INFO] Enola: Solve for Rydberg stage 680/871.
[INFO] Enola: Solve for Rydberg stage 681/871.
[INFO] Enola: Solve for Rydberg stage 682/871.
[INFO] Enola: Solve for Rydberg stage 683/871.
[INFO] Enola: Solve for Rydberg stage 684/871.
[INFO] Enola: Solve for Rydberg stage 685/871.
[INFO] Enola: Solve for Rydberg stage 686/871.
[INFO] Enola: Solve for Rydberg stage 687/871.
[INFO] Enola: Solve for Rydberg stage 688/871.
[INFO] Enola: Solve for Rydberg stage 689/871.
[INFO] Enola: Solve for Rydberg stage 690/871.
[INFO] Enola: Solve for Rydberg stage 691/871.
[INFO] Enola: Solve for Rydberg stage 692/871.
[INFO] Enola: Solve for Rydberg stage 693/871.
[INFO] Enola: Solve for Rydberg stage 694/871.
[INFO] Enola: Solve for Rydberg stage 695/871.
[INFO] Enola: Solve for Rydberg stage 696/871.
[INFO] Enola: Solve for Rydberg stage 697/871.
[INFO] Enola: Solve for Rydberg stage 698/871.
[INFO] Enola: Solve for Rydberg stage 699/871.
[INFO] Enola: Solve for Rydberg stage 700/871.
[INFO] Enola: Solve for Rydberg stage 701/871.
[INFO] Enola: Solve for Rydberg stage 702/871.
[INFO] Enola: Solve for Rydberg stage 703/871.
[INFO] Enola: Solve for Rydberg stage 704/871.
[INFO] Enola: Solve for Rydberg stage 705/871.
[INFO] Enola: Solve for Rydberg stage 706/871.
[INFO] Enola: Solve for Rydberg stage 707/871.
[INFO] Enola: Solve for Rydberg stage 708/871.
[INFO] Enola: Solve for Rydberg stage 709/871.
[INFO] Enola: Solve for Rydberg stage 710/871.
[INFO] Enola: Solve for Rydberg stage 711/871.
[INFO] Enola: Solve for Rydberg stage 712/871.
[INFO] Enola: Solve for Rydberg stage 713/871.
[INFO] Enola: Solve for Rydberg stage 714/871.
[INFO] Enola: Solve for Rydberg stage 715/871.
[INFO] Enola: Solve for Rydberg stage 716/871.
[INFO] Enola: Solve for Rydberg stage 717/871.
[INFO] Enola: Solve for Rydberg stage 718/871.
[INFO] Enola: Solve for Rydberg stage 719/871.
[INFO] Enola: Solve for Rydberg stage 720/871.
[INFO] Enola: Solve for Rydberg stage 721/871.
[INFO] Enola: Solve for Rydberg stage 722/871.
[INFO] Enola: Solve for Rydberg stage 723/871.
[INFO] Enola: Solve for Rydberg stage 724/871.
[INFO] Enola: Solve for Rydberg stage 725/871.
[INFO] Enola: Solve for Rydberg stage 726/871.
[INFO] Enola: Solve for Rydberg stage 727/871.
[INFO] Enola: Solve for Rydberg stage 728/871.
[INFO] Enola: Solve for Rydberg stage 729/871.
[INFO] Enola: Solve for Rydberg stage 730/871.
[INFO] Enola: Solve for Rydberg stage 731/871.
[INFO] Enola: Solve for Rydberg stage 732/871.
[INFO] Enola: Solve for Rydberg stage 733/871.
[INFO] Enola: Solve for Rydberg stage 734/871.
[INFO] Enola: Solve for Rydberg stage 735/871.
[INFO] Enola: Solve for Rydberg stage 736/871.
[INFO] Enola: Solve for Rydberg stage 737/871.
[INFO] Enola: Solve for Rydberg stage 738/871.
[INFO] Enola: Solve for Rydberg stage 739/871.
[INFO] Enola: Solve for Rydberg stage 740/871.
[INFO] Enola: Solve for Rydberg stage 741/871.
[INFO] Enola: Solve for Rydberg stage 742/871.
[INFO] Enola: Solve for Rydberg stage 743/871.
[INFO] Enola: Solve for Rydberg stage 744/871.
[INFO] Enola: Solve for Rydberg stage 745/871.
[INFO] Enola: Solve for Rydberg stage 746/871.
[INFO] Enola: Solve for Rydberg stage 747/871.
[INFO] Enola: Solve for Rydberg stage 748/871.
[INFO] Enola: Solve for Rydberg stage 749/871.
[INFO] Enola: Solve for Rydberg stage 750/871.
[INFO] Enola: Solve for Rydberg stage 751/871.
[INFO] Enola: Solve for Rydberg stage 752/871.
[INFO] Enola: Solve for Rydberg stage 753/871.
[INFO] Enola: Solve for Rydberg stage 754/871.
[INFO] Enola: Solve for Rydberg stage 755/871.
[INFO] Enola: Solve for Rydberg stage 756/871.
[INFO] Enola: Solve for Rydberg stage 757/871.
[INFO] Enola: Solve for Rydberg stage 758/871.
[INFO] Enola: Solve for Rydberg stage 759/871.
[INFO] Enola: Solve for Rydberg stage 760/871.
[INFO] Enola: Solve for Rydberg stage 761/871.
[INFO] Enola: Solve for Rydberg stage 762/871.
[INFO] Enola: Solve for Rydberg stage 763/871.
[INFO] Enola: Solve for Rydberg stage 764/871.
[INFO] Enola: Solve for Rydberg stage 765/871.
[INFO] Enola: Solve for Rydberg stage 766/871.
[INFO] Enola: Solve for Rydberg stage 767/871.
[INFO] Enola: Solve for Rydberg stage 768/871.
[INFO] Enola: Solve for Rydberg stage 769/871.
[INFO] Enola: Solve for Rydberg stage 770/871.
[INFO] Enola: Solve for Rydberg stage 771/871.
[INFO] Enola: Solve for Rydberg stage 772/871.
[INFO] Enola: Solve for Rydberg stage 773/871.
[INFO] Enola: Solve for Rydberg stage 774/871.
[INFO] Enola: Solve for Rydberg stage 775/871.
[INFO] Enola: Solve for Rydberg stage 776/871.
[INFO] Enola: Solve for Rydberg stage 777/871.
[INFO] Enola: Solve for Rydberg stage 778/871.
[INFO] Enola: Solve for Rydberg stage 779/871.
[INFO] Enola: Solve for Rydberg stage 780/871.
[INFO] Enola: Solve for Rydberg stage 781/871.
[INFO] Enola: Solve for Rydberg stage 782/871.
[INFO] Enola: Solve for Rydberg stage 783/871.
[INFO] Enola: Solve for Rydberg stage 784/871.
[INFO] Enola: Solve for Rydberg stage 785/871.
[INFO] Enola: Solve for Rydberg stage 786/871.
[INFO] Enola: Solve for Rydberg stage 787/871.
[INFO] Enola: Solve for Rydberg stage 788/871.
[INFO] Enola: Solve for Rydberg stage 789/871.
[INFO] Enola: Solve for Rydberg stage 790/871.
[INFO] Enola: Solve for Rydberg stage 791/871.
[INFO] Enola: Solve for Rydberg stage 792/871.
[INFO] Enola: Solve for Rydberg stage 793/871.
[INFO] Enola: Solve for Rydberg stage 794/871.
[INFO] Enola: Solve for Rydberg stage 795/871.
[INFO] Enola: Solve for Rydberg stage 796/871.
[INFO] Enola: Solve for Rydberg stage 797/871.
[INFO] Enola: Solve for Rydberg stage 798/871.
[INFO] Enola: Solve for Rydberg stage 799/871.
[INFO] Enola: Solve for Rydberg stage 800/871.
[INFO] Enola: Solve for Rydberg stage 801/871.
[INFO] Enola: Solve for Rydberg stage 802/871.
[INFO] Enola: Solve for Rydberg stage 803/871.
[INFO] Enola: Solve for Rydberg stage 804/871.
[INFO] Enola: Solve for Rydberg stage 805/871.
[INFO] Enola: Solve for Rydberg stage 806/871.
[INFO] Enola: Solve for Rydberg stage 807/871.
[INFO] Enola: Solve for Rydberg stage 808/871.
[INFO] Enola: Solve for Rydberg stage 809/871.
[INFO] Enola: Solve for Rydberg stage 810/871.
[INFO] Enola: Solve for Rydberg stage 811/871.
[INFO] Enola: Solve for Rydberg stage 812/871.
[INFO] Enola: Solve for Rydberg stage 813/871.
[INFO] Enola: Solve for Rydberg stage 814/871.
[INFO] Enola: Solve for Rydberg stage 815/871.
[INFO] Enola: Solve for Rydberg stage 816/871.
[INFO] Enola: Solve for Rydberg stage 817/871.
[INFO] Enola: Solve for Rydberg stage 818/871.
[INFO] Enola: Solve for Rydberg stage 819/871.
[INFO] Enola: Solve for Rydberg stage 820/871.
[INFO] Enola: Solve for Rydberg stage 821/871.
[INFO] Enola: Solve for Rydberg stage 822/871.
[INFO] Enola: Solve for Rydberg stage 823/871.
[INFO] Enola: Solve for Rydberg stage 824/871.
[INFO] Enola: Solve for Rydberg stage 825/871.
[INFO] Enola: Solve for Rydberg stage 826/871.
[INFO] Enola: Solve for Rydberg stage 827/871.
[INFO] Enola: Solve for Rydberg stage 828/871.
[INFO] Enola: Solve for Rydberg stage 829/871.
[INFO] Enola: Solve for Rydberg stage 830/871.
[INFO] Enola: Solve for Rydberg stage 831/871.
[INFO] Enola: Solve for Rydberg stage 832/871.
[INFO] Enola: Solve for Rydberg stage 833/871.
[INFO] Enola: Solve for Rydberg stage 834/871.
[INFO] Enola: Solve for Rydberg stage 835/871.
[INFO] Enola: Solve for Rydberg stage 836/871.
[INFO] Enola: Solve for Rydberg stage 837/871.
[INFO] Enola: Solve for Rydberg stage 838/871.
[INFO] Enola: Solve for Rydberg stage 839/871.
[INFO] Enola: Solve for Rydberg stage 840/871.
[INFO] Enola: Solve for Rydberg stage 841/871.
[INFO] Enola: Solve for Rydberg stage 842/871.
[INFO] Enola: Solve for Rydberg stage 843/871.
[INFO] Enola: Solve for Rydberg stage 844/871.
[INFO] Enola: Solve for Rydberg stage 845/871.
[INFO] Enola: Solve for Rydberg stage 846/871.
[INFO] Enola: Solve for Rydberg stage 847/871.
[INFO] Enola: Solve for Rydberg stage 848/871.
[INFO] Enola: Solve for Rydberg stage 849/871.
[INFO] Enola: Solve for Rydberg stage 850/871.
[INFO] Enola: Solve for Rydberg stage 851/871.
[INFO] Enola: Solve for Rydberg stage 852/871.
[INFO] Enola: Solve for Rydberg stage 853/871.
[INFO] Enola: Solve for Rydberg stage 854/871.
[INFO] Enola: Solve for Rydberg stage 855/871.
[INFO] Enola: Solve for Rydberg stage 856/871.
[INFO] Enola: Solve for Rydberg stage 857/871.
[INFO] Enola: Solve for Rydberg stage 858/871.
[INFO] Enola: Solve for Rydberg stage 859/871.
[INFO] Enola: Solve for Rydberg stage 860/871.
[INFO] Enola: Solve for Rydberg stage 861/871.
[INFO] Enola: Solve for Rydberg stage 862/871.
[INFO] Enola: Solve for Rydberg stage 863/871.
[INFO] Enola: Solve for Rydberg stage 864/871.
[INFO] Enola: Solve for Rydberg stage 865/871.
[INFO] Enola: Solve for Rydberg stage 866/871.
[INFO] Enola: Solve for Rydberg stage 867/871.
[INFO] Enola: Solve for Rydberg stage 868/871.
[INFO] Enola: Solve for Rydberg stage 869/871.
[INFO] Enola: Solve for Rydberg stage 870/871.
[INFO] Enola: Solve for Rydberg stage 871/871.
[INFO] Enola: Solve for Rydberg stage 872/871.
[INFO] Enola: Time for routing: 0.11390256881713867s
[INFO] Enola: Total Time: 2.1264467239379883s
Compilation successful.

2026-03-25 17:27:31,361 - BenchmarkManager - INFO - enola (run 1/1) - Running /u/halle/heiz/home_at/BachelorProject/benchmarks/uf_fix50_20-100/uf50-0160.qasm
2026-03-25 17:27:34,435 - Compiler.enola - INFO - STDOUT:
[INFO] Enola: Start Solving
[INFO] Enola: Run scheduling
[INFO] Enola: Time for scheduling: 0.0006620883941650391s
75
[INFO] Enola: Time for placement: 9.059906005859375e-06s
[INFO] Enola: Solve for Rydberg stage 2/867.
[INFO] Enola: Solve for Rydberg stage 3/867.
[INFO] Enola: Solve for Rydberg stage 4/867.
[INFO] Enola: Solve for Rydberg stage 5/867.
[INFO] Enola: Solve for Rydberg stage 6/867.
[INFO] Enola: Solve for Rydberg stage 7/867.
[INFO] Enola: Solve for Rydberg stage 8/867.
[INFO] Enola: Solve for Rydberg stage 9/867.
[INFO] Enola: Solve for Rydberg stage 10/867.
[INFO] Enola: Solve for Rydberg stage 11/867.
[INFO] Enola: Solve for Rydberg stage 12/867.
[INFO] Enola: Solve for Rydberg stage 13/867.
[INFO] Enola: Solve for Rydberg stage 14/867.
[INFO] Enola: Solve for Rydberg stage 15/867.
[INFO] Enola: Solve for Rydberg stage 16/867.
[INFO] Enola: Solve for Rydberg stage 17/867.
[INFO] Enola: Solve for Rydberg stage 18/867.
[INFO] Enola: Solve for Rydberg stage 19/867.
[INFO] Enola: Solve for Rydberg stage 20/867.
[INFO] Enola: Solve for Rydberg stage 21/867.
[INFO] Enola: Solve for Rydberg stage 22/867.
[INFO] Enola: Solve for Rydberg stage 23/867.
[INFO] Enola: Solve for Rydberg stage 24/867.
[INFO] Enola: Solve for Rydberg stage 25/867.
[INFO] Enola: Solve for Rydberg stage 26/867.
[INFO] Enola: Solve for Rydberg stage 27/867.
[INFO] Enola: Solve for Rydberg stage 28/867.
[INFO] Enola: Solve for Rydberg stage 29/867.
[INFO] Enola: Solve for Rydberg stage 30/867.
[INFO] Enola: Solve for Rydberg stage 31/867.
[INFO] Enola: Solve for Rydberg stage 32/867.
[INFO] Enola: Solve for Rydberg stage 33/867.
[INFO] Enola: Solve for Rydberg stage 34/867.
[INFO] Enola: Solve for Rydberg stage 35/867.
[INFO] Enola: Solve for Rydberg stage 36/867.
[INFO] Enola: Solve for Rydberg stage 37/867.
[INFO] Enola: Solve for Rydberg stage 38/867.
[INFO] Enola: Solve for Rydberg stage 39/867.
[INFO] Enola: Solve for Rydberg stage 40/867.
[INFO] Enola: Solve for Rydberg stage 41/867.
[INFO] Enola: Solve for Rydberg stage 42/867.
[INFO] Enola: Solve for Rydberg stage 43/867.
[INFO] Enola: Solve for Rydberg stage 44/867.
[INFO] Enola: Solve for Rydberg stage 45/867.
[INFO] Enola: Solve for Rydberg stage 46/867.
[INFO] Enola: Solve for Rydberg stage 47/867.
[INFO] Enola: Solve for Rydberg stage 48/867.
[INFO] Enola: Solve for Rydberg stage 49/867.
[INFO] Enola: Solve for Rydberg stage 50/867.
[INFO] Enola: Solve for Rydberg stage 51/867.
[INFO] Enola: Solve for Rydberg stage 52/867.
[INFO] Enola: Solve for Rydberg stage 53/867.
[INFO] Enola: Solve for Rydberg stage 54/867.
[INFO] Enola: Solve for Rydberg stage 55/867.
[INFO] Enola: Solve for Rydberg stage 56/867.
[INFO] Enola: Solve for Rydberg stage 57/867.
[INFO] Enola: Solve for Rydberg stage 58/867.
[INFO] Enola: Solve for Rydberg stage 59/867.
[INFO] Enola: Solve for Rydberg stage 60/867.
[INFO] Enola: Solve for Rydberg stage 61/867.
[INFO] Enola: Solve for Rydberg stage 62/867.
[INFO] Enola: Solve for Rydberg stage 63/867.
[INFO] Enola: Solve for Rydberg stage 64/867.
[INFO] Enola: Solve for Rydberg stage 65/867.
[INFO] Enola: Solve for Rydberg stage 66/867.
[INFO] Enola: Solve for Rydberg stage 67/867.
[INFO] Enola: Solve for Rydberg stage 68/867.
[INFO] Enola: Solve for Rydberg stage 69/867.
[INFO] Enola: Solve for Rydberg stage 70/867.
[INFO] Enola: Solve for Rydberg stage 71/867.
[INFO] Enola: Solve for Rydberg stage 72/867.
[INFO] Enola: Solve for Rydberg stage 73/867.
[INFO] Enola: Solve for Rydberg stage 74/867.
[INFO] Enola: Solve for Rydberg stage 75/867.
[INFO] Enola: Solve for Rydberg stage 76/867.
[INFO] Enola: Solve for Rydberg stage 77/867.
[INFO] Enola: Solve for Rydberg stage 78/867.
[INFO] Enola: Solve for Rydberg stage 79/867.
[INFO] Enola: Solve for Rydberg stage 80/867.
[INFO] Enola: Solve for Rydberg stage 81/867.
[INFO] Enola: Solve for Rydberg stage 82/867.
[INFO] Enola: Solve for Rydberg stage 83/867.
[INFO] Enola: Solve for Rydberg stage 84/867.
[INFO] Enola: Solve for Rydberg stage 85/867.
[INFO] Enola: Solve for Rydberg stage 86/867.
[INFO] Enola: Solve for Rydberg stage 87/867.
[INFO] Enola: Solve for Rydberg stage 88/867.
[INFO] Enola: Solve for Rydberg stage 89/867.
[INFO] Enola: Solve for Rydberg stage 90/867.
[INFO] Enola: Solve for Rydberg stage 91/867.
[INFO] Enola: Solve for Rydberg stage 92/867.
[INFO] Enola: Solve for Rydberg stage 93/867.
[INFO] Enola: Solve for Rydberg stage 94/867.
[INFO] Enola: Solve for Rydberg stage 95/867.
[INFO] Enola: Solve for Rydberg stage 96/867.
[INFO] Enola: Solve for Rydberg stage 97/867.
[INFO] Enola: Solve for Rydberg stage 98/867.
[INFO] Enola: Solve for Rydberg stage 99/867.
[INFO] Enola: Solve for Rydberg stage 100/867.
[INFO] Enola: Solve for Rydberg stage 101/867.
[INFO] Enola: Solve for Rydberg stage 102/867.
[INFO] Enola: Solve for Rydberg stage 103/867.
[INFO] Enola: Solve for Rydberg stage 104/867.
[INFO] Enola: Solve for Rydberg stage 105/867.
[INFO] Enola: Solve for Rydberg stage 106/867.
[INFO] Enola: Solve for Rydberg stage 107/867.
[INFO] Enola: Solve for Rydberg stage 108/867.
[INFO] Enola: Solve for Rydberg stage 109/867.
[INFO] Enola: Solve for Rydberg stage 110/867.
[INFO] Enola: Solve for Rydberg stage 111/867.
[INFO] Enola: Solve for Rydberg stage 112/867.
[INFO] Enola: Solve for Rydberg stage 113/867.
[INFO] Enola: Solve for Rydberg stage 114/867.
[INFO] Enola: Solve for Rydberg stage 115/867.
[INFO] Enola: Solve for Rydberg stage 116/867.
[INFO] Enola: Solve for Rydberg stage 117/867.
[INFO] Enola: Solve for Rydberg stage 118/867.
[INFO] Enola: Solve for Rydberg stage 119/867.
[INFO] Enola: Solve for Rydberg stage 120/867.
[INFO] Enola: Solve for Rydberg stage 121/867.
[INFO] Enola: Solve for Rydberg stage 122/867.
[INFO] Enola: Solve for Rydberg stage 123/867.
[INFO] Enola: Solve for Rydberg stage 124/867.
[INFO] Enola: Solve for Rydberg stage 125/867.
[INFO] Enola: Solve for Rydberg stage 126/867.
[INFO] Enola: Solve for Rydberg stage 127/867.
[INFO] Enola: Solve for Rydberg stage 128/867.
[INFO] Enola: Solve for Rydberg stage 129/867.
[INFO] Enola: Solve for Rydberg stage 130/867.
[INFO] Enola: Solve for Rydberg stage 131/867.
[INFO] Enola: Solve for Rydberg stage 132/867.
[INFO] Enola: Solve for Rydberg stage 133/867.
[INFO] Enola: Solve for Rydberg stage 134/867.
[INFO] Enola: Solve for Rydberg stage 135/867.
[INFO] Enola: Solve for Rydberg stage 136/867.
[INFO] Enola: Solve for Rydberg stage 137/867.
[INFO] Enola: Solve for Rydberg stage 138/867.
[INFO] Enola: Solve for Rydberg stage 139/867.
[INFO] Enola: Solve for Rydberg stage 140/867.
[INFO] Enola: Solve for Rydberg stage 141/867.
[INFO] Enola: Solve for Rydberg stage 142/867.
[INFO] Enola: Solve for Rydberg stage 143/867.
[INFO] Enola: Solve for Rydberg stage 144/867.
[INFO] Enola: Solve for Rydberg stage 145/867.
[INFO] Enola: Solve for Rydberg stage 146/867.
[INFO] Enola: Solve for Rydberg stage 147/867.
[INFO] Enola: Solve for Rydberg stage 148/867.
[INFO] Enola: Solve for Rydberg stage 149/867.
[INFO] Enola: Solve for Rydberg stage 150/867.
[INFO] Enola: Solve for Rydberg stage 151/867.
[INFO] Enola: Solve for Rydberg stage 152/867.
[INFO] Enola: Solve for Rydberg stage 153/867.
[INFO] Enola: Solve for Rydberg stage 154/867.
[INFO] Enola: Solve for Rydberg stage 155/867.
[INFO] Enola: Solve for Rydberg stage 156/867.
[INFO] Enola: Solve for Rydberg stage 157/867.
[INFO] Enola: Solve for Rydberg stage 158/867.
[INFO] Enola: Solve for Rydberg stage 159/867.
[INFO] Enola: Solve for Rydberg stage 160/867.
[INFO] Enola: Solve for Rydberg stage 161/867.
[INFO] Enola: Solve for Rydberg stage 162/867.
[INFO] Enola: Solve for Rydberg stage 163/867.
[INFO] Enola: Solve for Rydberg stage 164/867.
[INFO] Enola: Solve for Rydberg stage 165/867.
[INFO] Enola: Solve for Rydberg stage 166/867.
[INFO] Enola: Solve for Rydberg stage 167/867.
[INFO] Enola: Solve for Rydberg stage 168/867.
[INFO] Enola: Solve for Rydberg stage 169/867.
[INFO] Enola: Solve for Rydberg stage 170/867.
[INFO] Enola: Solve for Rydberg stage 171/867.
[INFO] Enola: Solve for Rydberg stage 172/867.
[INFO] Enola: Solve for Rydberg stage 173/867.
[INFO] Enola: Solve for Rydberg stage 174/867.
[INFO] Enola: Solve for Rydberg stage 175/867.
[INFO] Enola: Solve for Rydberg stage 176/867.
[INFO] Enola: Solve for Rydberg stage 177/867.
[INFO] Enola: Solve for Rydberg stage 178/867.
[INFO] Enola: Solve for Rydberg stage 179/867.
[INFO] Enola: Solve for Rydberg stage 180/867.
[INFO] Enola: Solve for Rydberg stage 181/867.
[INFO] Enola: Solve for Rydberg stage 182/867.
[INFO] Enola: Solve for Rydberg stage 183/867.
[INFO] Enola: Solve for Rydberg stage 184/867.
[INFO] Enola: Solve for Rydberg stage 185/867.
[INFO] Enola: Solve for Rydberg stage 186/867.
[INFO] Enola: Solve for Rydberg stage 187/867.
[INFO] Enola: Solve for Rydberg stage 188/867.
[INFO] Enola: Solve for Rydberg stage 189/867.
[INFO] Enola: Solve for Rydberg stage 190/867.
[INFO] Enola: Solve for Rydberg stage 191/867.
[INFO] Enola: Solve for Rydberg stage 192/867.
[INFO] Enola: Solve for Rydberg stage 193/867.
[INFO] Enola: Solve for Rydberg stage 194/867.
[INFO] Enola: Solve for Rydberg stage 195/867.
[INFO] Enola: Solve for Rydberg stage 196/867.
[INFO] Enola: Solve for Rydberg stage 197/867.
[INFO] Enola: Solve for Rydberg stage 198/867.
[INFO] Enola: Solve for Rydberg stage 199/867.
[INFO] Enola: Solve for Rydberg stage 200/867.
[INFO] Enola: Solve for Rydberg stage 201/867.
[INFO] Enola: Solve for Rydberg stage 202/867.
[INFO] Enola: Solve for Rydberg stage 203/867.
[INFO] Enola: Solve for Rydberg stage 204/867.
[INFO] Enola: Solve for Rydberg stage 205/867.
[INFO] Enola: Solve for Rydberg stage 206/867.
[INFO] Enola: Solve for Rydberg stage 207/867.
[INFO] Enola: Solve for Rydberg stage 208/867.
[INFO] Enola: Solve for Rydberg stage 209/867.
[INFO] Enola: Solve for Rydberg stage 210/867.
[INFO] Enola: Solve for Rydberg stage 211/867.
[INFO] Enola: Solve for Rydberg stage 212/867.
[INFO] Enola: Solve for Rydberg stage 213/867.
[INFO] Enola: Solve for Rydberg stage 214/867.
[INFO] Enola: Solve for Rydberg stage 215/867.
[INFO] Enola: Solve for Rydberg stage 216/867.
[INFO] Enola: Solve for Rydberg stage 217/867.
[INFO] Enola: Solve for Rydberg stage 218/867.
[INFO] Enola: Solve for Rydberg stage 219/867.
[INFO] Enola: Solve for Rydberg stage 220/867.
[INFO] Enola: Solve for Rydberg stage 221/867.
[INFO] Enola: Solve for Rydberg stage 222/867.
[INFO] Enola: Solve for Rydberg stage 223/867.
[INFO] Enola: Solve for Rydberg stage 224/867.
[INFO] Enola: Solve for Rydberg stage 225/867.
[INFO] Enola: Solve for Rydberg stage 226/867.
[INFO] Enola: Solve for Rydberg stage 227/867.
[INFO] Enola: Solve for Rydberg stage 228/867.
[INFO] Enola: Solve for Rydberg stage 229/867.
[INFO] Enola: Solve for Rydberg stage 230/867.
[INFO] Enola: Solve for Rydberg stage 231/867.
[INFO] Enola: Solve for Rydberg stage 232/867.
[INFO] Enola: Solve for Rydberg stage 233/867.
[INFO] Enola: Solve for Rydberg stage 234/867.
[INFO] Enola: Solve for Rydberg stage 235/867.
[INFO] Enola: Solve for Rydberg stage 236/867.
[INFO] Enola: Solve for Rydberg stage 237/867.
[INFO] Enola: Solve for Rydberg stage 238/867.
[INFO] Enola: Solve for Rydberg stage 239/867.
[INFO] Enola: Solve for Rydberg stage 240/867.
[INFO] Enola: Solve for Rydberg stage 241/867.
[INFO] Enola: Solve for Rydberg stage 242/867.
[INFO] Enola: Solve for Rydberg stage 243/867.
[INFO] Enola: Solve for Rydberg stage 244/867.
[INFO] Enola: Solve for Rydberg stage 245/867.
[INFO] Enola: Solve for Rydberg stage 246/867.
[INFO] Enola: Solve for Rydberg stage 247/867.
[INFO] Enola: Solve for Rydberg stage 248/867.
[INFO] Enola: Solve for Rydberg stage 249/867.
[INFO] Enola: Solve for Rydberg stage 250/867.
[INFO] Enola: Solve for Rydberg stage 251/867.
[INFO] Enola: Solve for Rydberg stage 252/867.
[INFO] Enola: Solve for Rydberg stage 253/867.
[INFO] Enola: Solve for Rydberg stage 254/867.
[INFO] Enola: Solve for Rydberg stage 255/867.
[INFO] Enola: Solve for Rydberg stage 256/867.
[INFO] Enola: Solve for Rydberg stage 257/867.
[INFO] Enola: Solve for Rydberg stage 258/867.
[INFO] Enola: Solve for Rydberg stage 259/867.
[INFO] Enola: Solve for Rydberg stage 260/867.
[INFO] Enola: Solve for Rydberg stage 261/867.
[INFO] Enola: Solve for Rydberg stage 262/867.
[INFO] Enola: Solve for Rydberg stage 263/867.
[INFO] Enola: Solve for Rydberg stage 264/867.
[INFO] Enola: Solve for Rydberg stage 265/867.
[INFO] Enola: Solve for Rydberg stage 266/867.
[INFO] Enola: Solve for Rydberg stage 267/867.
[INFO] Enola: Solve for Rydberg stage 268/867.
[INFO] Enola: Solve for Rydberg stage 269/867.
[INFO] Enola: Solve for Rydberg stage 270/867.
[INFO] Enola: Solve for Rydberg stage 271/867.
[INFO] Enola: Solve for Rydberg stage 272/867.
[INFO] Enola: Solve for Rydberg stage 273/867.
[INFO] Enola: Solve for Rydberg stage 274/867.
[INFO] Enola: Solve for Rydberg stage 275/867.
[INFO] Enola: Solve for Rydberg stage 276/867.
[INFO] Enola: Solve for Rydberg stage 277/867.
[INFO] Enola: Solve for Rydberg stage 278/867.
[INFO] Enola: Solve for Rydberg stage 279/867.
[INFO] Enola: Solve for Rydberg stage 280/867.
[INFO] Enola: Solve for Rydberg stage 281/867.
[INFO] Enola: Solve for Rydberg stage 282/867.
[INFO] Enola: Solve for Rydberg stage 283/867.
[INFO] Enola: Solve for Rydberg stage 284/867.
[INFO] Enola: Solve for Rydberg stage 285/867.
[INFO] Enola: Solve for Rydberg stage 286/867.
[INFO] Enola: Solve for Rydberg stage 287/867.
[INFO] Enola: Solve for Rydberg stage 288/867.
[INFO] Enola: Solve for Rydberg stage 289/867.
[INFO] Enola: Solve for Rydberg stage 290/867.
[INFO] Enola: Solve for Rydberg stage 291/867.
[INFO] Enola: Solve for Rydberg stage 292/867.
[INFO] Enola: Solve for Rydberg stage 293/867.
[INFO] Enola: Solve for Rydberg stage 294/867.
[INFO] Enola: Solve for Rydberg stage 295/867.
[INFO] Enola: Solve for Rydberg stage 296/867.
[INFO] Enola: Solve for Rydberg stage 297/867.
[INFO] Enola: Solve for Rydberg stage 298/867.
[INFO] Enola: Solve for Rydberg stage 299/867.
[INFO] Enola: Solve for Rydberg stage 300/867.
[INFO] Enola: Solve for Rydberg stage 301/867.
[INFO] Enola: Solve for Rydberg stage 302/867.
[INFO] Enola: Solve for Rydberg stage 303/867.
[INFO] Enola: Solve for Rydberg stage 304/867.
[INFO] Enola: Solve for Rydberg stage 305/867.
[INFO] Enola: Solve for Rydberg stage 306/867.
[INFO] Enola: Solve for Rydberg stage 307/867.
[INFO] Enola: Solve for Rydberg stage 308/867.
[INFO] Enola: Solve for Rydberg stage 309/867.
[INFO] Enola: Solve for Rydberg stage 310/867.
[INFO] Enola: Solve for Rydberg stage 311/867.
[INFO] Enola: Solve for Rydberg stage 312/867.
[INFO] Enola: Solve for Rydberg stage 313/867.
[INFO] Enola: Solve for Rydberg stage 314/867.
[INFO] Enola: Solve for Rydberg stage 315/867.
[INFO] Enola: Solve for Rydberg stage 316/867.
[INFO] Enola: Solve for Rydberg stage 317/867.
[INFO] Enola: Solve for Rydberg stage 318/867.
[INFO] Enola: Solve for Rydberg stage 319/867.
[INFO] Enola: Solve for Rydberg stage 320/867.
[INFO] Enola: Solve for Rydberg stage 321/867.
[INFO] Enola: Solve for Rydberg stage 322/867.
[INFO] Enola: Solve for Rydberg stage 323/867.
[INFO] Enola: Solve for Rydberg stage 324/867.
[INFO] Enola: Solve for Rydberg stage 325/867.
[INFO] Enola: Solve for Rydberg stage 326/867.
[INFO] Enola: Solve for Rydberg stage 327/867.
[INFO] Enola: Solve for Rydberg stage 328/867.
[INFO] Enola: Solve for Rydberg stage 329/867.
[INFO] Enola: Solve for Rydberg stage 330/867.
[INFO] Enola: Solve for Rydberg stage 331/867.
[INFO] Enola: Solve for Rydberg stage 332/867.
[INFO] Enola: Solve for Rydberg stage 333/867.
[INFO] Enola: Solve for Rydberg stage 334/867.
[INFO] Enola: Solve for Rydberg stage 335/867.
[INFO] Enola: Solve for Rydberg stage 336/867.
[INFO] Enola: Solve for Rydberg stage 337/867.
[INFO] Enola: Solve for Rydberg stage 338/867.
[INFO] Enola: Solve for Rydberg stage 339/867.
[INFO] Enola: Solve for Rydberg stage 340/867.
[INFO] Enola: Solve for Rydberg stage 341/867.
[INFO] Enola: Solve for Rydberg stage 342/867.
[INFO] Enola: Solve for Rydberg stage 343/867.
[INFO] Enola: Solve for Rydberg stage 344/867.
[INFO] Enola: Solve for Rydberg stage 345/867.
[INFO] Enola: Solve for Rydberg stage 346/867.
[INFO] Enola: Solve for Rydberg stage 347/867.
[INFO] Enola: Solve for Rydberg stage 348/867.
[INFO] Enola: Solve for Rydberg stage 349/867.
[INFO] Enola: Solve for Rydberg stage 350/867.
[INFO] Enola: Solve for Rydberg stage 351/867.
[INFO] Enola: Solve for Rydberg stage 352/867.
[INFO] Enola: Solve for Rydberg stage 353/867.
[INFO] Enola: Solve for Rydberg stage 354/867.
[INFO] Enola: Solve for Rydberg stage 355/867.
[INFO] Enola: Solve for Rydberg stage 356/867.
[INFO] Enola: Solve for Rydberg stage 357/867.
[INFO] Enola: Solve for Rydberg stage 358/867.
[INFO] Enola: Solve for Rydberg stage 359/867.
[INFO] Enola: Solve for Rydberg stage 360/867.
[INFO] Enola: Solve for Rydberg stage 361/867.
[INFO] Enola: Solve for Rydberg stage 362/867.
[INFO] Enola: Solve for Rydberg stage 363/867.
[INFO] Enola: Solve for Rydberg stage 364/867.
[INFO] Enola: Solve for Rydberg stage 365/867.
[INFO] Enola: Solve for Rydberg stage 366/867.
[INFO] Enola: Solve for Rydberg stage 367/867.
[INFO] Enola: Solve for Rydberg stage 368/867.
[INFO] Enola: Solve for Rydberg stage 369/867.
[INFO] Enola: Solve for Rydberg stage 370/867.
[INFO] Enola: Solve for Rydberg stage 371/867.
[INFO] Enola: Solve for Rydberg stage 372/867.
[INFO] Enola: Solve for Rydberg stage 373/867.
[INFO] Enola: Solve for Rydberg stage 374/867.
[INFO] Enola: Solve for Rydberg stage 375/867.
[INFO] Enola: Solve for Rydberg stage 376/867.
[INFO] Enola: Solve for Rydberg stage 377/867.
[INFO] Enola: Solve for Rydberg stage 378/867.
[INFO] Enola: Solve for Rydberg stage 379/867.
[INFO] Enola: Solve for Rydberg stage 380/867.
[INFO] Enola: Solve for Rydberg stage 381/867.
[INFO] Enola: Solve for Rydberg stage 382/867.
[INFO] Enola: Solve for Rydberg stage 383/867.
[INFO] Enola: Solve for Rydberg stage 384/867.
[INFO] Enola: Solve for Rydberg stage 385/867.
[INFO] Enola: Solve for Rydberg stage 386/867.
[INFO] Enola: Solve for Rydberg stage 387/867.
[INFO] Enola: Solve for Rydberg stage 388/867.
[INFO] Enola: Solve for Rydberg stage 389/867.
[INFO] Enola: Solve for Rydberg stage 390/867.
[INFO] Enola: Solve for Rydberg stage 391/867.
[INFO] Enola: Solve for Rydberg stage 392/867.
[INFO] Enola: Solve for Rydberg stage 393/867.
[INFO] Enola: Solve for Rydberg stage 394/867.
[INFO] Enola: Solve for Rydberg stage 395/867.
[INFO] Enola: Solve for Rydberg stage 396/867.
[INFO] Enola: Solve for Rydberg stage 397/867.
[INFO] Enola: Solve for Rydberg stage 398/867.
[INFO] Enola: Solve for Rydberg stage 399/867.
[INFO] Enola: Solve for Rydberg stage 400/867.
[INFO] Enola: Solve for Rydberg stage 401/867.
[INFO] Enola: Solve for Rydberg stage 402/867.
[INFO] Enola: Solve for Rydberg stage 403/867.
[INFO] Enola: Solve for Rydberg stage 404/867.
[INFO] Enola: Solve for Rydberg stage 405/867.
[INFO] Enola: Solve for Rydberg stage 406/867.
[INFO] Enola: Solve for Rydberg stage 407/867.
[INFO] Enola: Solve for Rydberg stage 408/867.
[INFO] Enola: Solve for Rydberg stage 409/867.
[INFO] Enola: Solve for Rydberg stage 410/867.
[INFO] Enola: Solve for Rydberg stage 411/867.
[INFO] Enola: Solve for Rydberg stage 412/867.
[INFO] Enola: Solve for Rydberg stage 413/867.
[INFO] Enola: Solve for Rydberg stage 414/867.
[INFO] Enola: Solve for Rydberg stage 415/867.
[INFO] Enola: Solve for Rydberg stage 416/867.
[INFO] Enola: Solve for Rydberg stage 417/867.
[INFO] Enola: Solve for Rydberg stage 418/867.
[INFO] Enola: Solve for Rydberg stage 419/867.
[INFO] Enola: Solve for Rydberg stage 420/867.
[INFO] Enola: Solve for Rydberg stage 421/867.
[INFO] Enola: Solve for Rydberg stage 422/867.
[INFO] Enola: Solve for Rydberg stage 423/867.
[INFO] Enola: Solve for Rydberg stage 424/867.
[INFO] Enola: Solve for Rydberg stage 425/867.
[INFO] Enola: Solve for Rydberg stage 426/867.
[INFO] Enola: Solve for Rydberg stage 427/867.
[INFO] Enola: Solve for Rydberg stage 428/867.
[INFO] Enola: Solve for Rydberg stage 429/867.
[INFO] Enola: Solve for Rydberg stage 430/867.
[INFO] Enola: Solve for Rydberg stage 431/867.
[INFO] Enola: Solve for Rydberg stage 432/867.
[INFO] Enola: Solve for Rydberg stage 433/867.
[INFO] Enola: Solve for Rydberg stage 434/867.
[INFO] Enola: Solve for Rydberg stage 435/867.
[INFO] Enola: Solve for Rydberg stage 436/867.
[INFO] Enola: Solve for Rydberg stage 437/867.
[INFO] Enola: Solve for Rydberg stage 438/867.
[INFO] Enola: Solve for Rydberg stage 439/867.
[INFO] Enola: Solve for Rydberg stage 440/867.
[INFO] Enola: Solve for Rydberg stage 441/867.
[INFO] Enola: Solve for Rydberg stage 442/867.
[INFO] Enola: Solve for Rydberg stage 443/867.
[INFO] Enola: Solve for Rydberg stage 444/867.
[INFO] Enola: Solve for Rydberg stage 445/867.
[INFO] Enola: Solve for Rydberg stage 446/867.
[INFO] Enola: Solve for Rydberg stage 447/867.
[INFO] Enola: Solve for Rydberg stage 448/867.
[INFO] Enola: Solve for Rydberg stage 449/867.
[INFO] Enola: Solve for Rydberg stage 450/867.
[INFO] Enola: Solve for Rydberg stage 451/867.
[INFO] Enola: Solve for Rydberg stage 452/867.
[INFO] Enola: Solve for Rydberg stage 453/867.
[INFO] Enola: Solve for Rydberg stage 454/867.
[INFO] Enola: Solve for Rydberg stage 455/867.
[INFO] Enola: Solve for Rydberg stage 456/867.
[INFO] Enola: Solve for Rydberg stage 457/867.
[INFO] Enola: Solve for Rydberg stage 458/867.
[INFO] Enola: Solve for Rydberg stage 459/867.
[INFO] Enola: Solve for Rydberg stage 460/867.
[INFO] Enola: Solve for Rydberg stage 461/867.
[INFO] Enola: Solve for Rydberg stage 462/867.
[INFO] Enola: Solve for Rydberg stage 463/867.
[INFO] Enola: Solve for Rydberg stage 464/867.
[INFO] Enola: Solve for Rydberg stage 465/867.
[INFO] Enola: Solve for Rydberg stage 466/867.
[INFO] Enola: Solve for Rydberg stage 467/867.
[INFO] Enola: Solve for Rydberg stage 468/867.
[INFO] Enola: Solve for Rydberg stage 469/867.
[INFO] Enola: Solve for Rydberg stage 470/867.
[INFO] Enola: Solve for Rydberg stage 471/867.
[INFO] Enola: Solve for Rydberg stage 472/867.
[INFO] Enola: Solve for Rydberg stage 473/867.
[INFO] Enola: Solve for Rydberg stage 474/867.
[INFO] Enola: Solve for Rydberg stage 475/867.
[INFO] Enola: Solve for Rydberg stage 476/867.
[INFO] Enola: Solve for Rydberg stage 477/867.
[INFO] Enola: Solve for Rydberg stage 478/867.
[INFO] Enola: Solve for Rydberg stage 479/867.
[INFO] Enola: Solve for Rydberg stage 480/867.
[INFO] Enola: Solve for Rydberg stage 481/867.
[INFO] Enola: Solve for Rydberg stage 482/867.
[INFO] Enola: Solve for Rydberg stage 483/867.
[INFO] Enola: Solve for Rydberg stage 484/867.
[INFO] Enola: Solve for Rydberg stage 485/867.
[INFO] Enola: Solve for Rydberg stage 486/867.
[INFO] Enola: Solve for Rydberg stage 487/867.
[INFO] Enola: Solve for Rydberg stage 488/867.
[INFO] Enola: Solve for Rydberg stage 489/867.
[INFO] Enola: Solve for Rydberg stage 490/867.
[INFO] Enola: Solve for Rydberg stage 491/867.
[INFO] Enola: Solve for Rydberg stage 492/867.
[INFO] Enola: Solve for Rydberg stage 493/867.
[INFO] Enola: Solve for Rydberg stage 494/867.
[INFO] Enola: Solve for Rydberg stage 495/867.
[INFO] Enola: Solve for Rydberg stage 496/867.
[INFO] Enola: Solve for Rydberg stage 497/867.
[INFO] Enola: Solve for Rydberg stage 498/867.
[INFO] Enola: Solve for Rydberg stage 499/867.
[INFO] Enola: Solve for Rydberg stage 500/867.
[INFO] Enola: Solve for Rydberg stage 501/867.
[INFO] Enola: Solve for Rydberg stage 502/867.
[INFO] Enola: Solve for Rydberg stage 503/867.
[INFO] Enola: Solve for Rydberg stage 504/867.
[INFO] Enola: Solve for Rydberg stage 505/867.
[INFO] Enola: Solve for Rydberg stage 506/867.
[INFO] Enola: Solve for Rydberg stage 507/867.
[INFO] Enola: Solve for Rydberg stage 508/867.
[INFO] Enola: Solve for Rydberg stage 509/867.
[INFO] Enola: Solve for Rydberg stage 510/867.
[INFO] Enola: Solve for Rydberg stage 511/867.
[INFO] Enola: Solve for Rydberg stage 512/867.
[INFO] Enola: Solve for Rydberg stage 513/867.
[INFO] Enola: Solve for Rydberg stage 514/867.
[INFO] Enola: Solve for Rydberg stage 515/867.
[INFO] Enola: Solve for Rydberg stage 516/867.
[INFO] Enola: Solve for Rydberg stage 517/867.
[INFO] Enola: Solve for Rydberg stage 518/867.
[INFO] Enola: Solve for Rydberg stage 519/867.
[INFO] Enola: Solve for Rydberg stage 520/867.
[INFO] Enola: Solve for Rydberg stage 521/867.
[INFO] Enola: Solve for Rydberg stage 522/867.
[INFO] Enola: Solve for Rydberg stage 523/867.
[INFO] Enola: Solve for Rydberg stage 524/867.
[INFO] Enola: Solve for Rydberg stage 525/867.
[INFO] Enola: Solve for Rydberg stage 526/867.
[INFO] Enola: Solve for Rydberg stage 527/867.
[INFO] Enola: Solve for Rydberg stage 528/867.
[INFO] Enola: Solve for Rydberg stage 529/867.
[INFO] Enola: Solve for Rydberg stage 530/867.
[INFO] Enola: Solve for Rydberg stage 531/867.
[INFO] Enola: Solve for Rydberg stage 532/867.
[INFO] Enola: Solve for Rydberg stage 533/867.
[INFO] Enola: Solve for Rydberg stage 534/867.
[INFO] Enola: Solve for Rydberg stage 535/867.
[INFO] Enola: Solve for Rydberg stage 536/867.
[INFO] Enola: Solve for Rydberg stage 537/867.
[INFO] Enola: Solve for Rydberg stage 538/867.
[INFO] Enola: Solve for Rydberg stage 539/867.
[INFO] Enola: Solve for Rydberg stage 540/867.
[INFO] Enola: Solve for Rydberg stage 541/867.
[INFO] Enola: Solve for Rydberg stage 542/867.
[INFO] Enola: Solve for Rydberg stage 543/867.
[INFO] Enola: Solve for Rydberg stage 544/867.
[INFO] Enola: Solve for Rydberg stage 545/867.
[INFO] Enola: Solve for Rydberg stage 546/867.
[INFO] Enola: Solve for Rydberg stage 547/867.
[INFO] Enola: Solve for Rydberg stage 548/867.
[INFO] Enola: Solve for Rydberg stage 549/867.
[INFO] Enola: Solve for Rydberg stage 550/867.
[INFO] Enola: Solve for Rydberg stage 551/867.
[INFO] Enola: Solve for Rydberg stage 552/867.
[INFO] Enola: Solve for Rydberg stage 553/867.
[INFO] Enola: Solve for Rydberg stage 554/867.
[INFO] Enola: Solve for Rydberg stage 555/867.
[INFO] Enola: Solve for Rydberg stage 556/867.
[INFO] Enola: Solve for Rydberg stage 557/867.
[INFO] Enola: Solve for Rydberg stage 558/867.
[INFO] Enola: Solve for Rydberg stage 559/867.
[INFO] Enola: Solve for Rydberg stage 560/867.
[INFO] Enola: Solve for Rydberg stage 561/867.
[INFO] Enola: Solve for Rydberg stage 562/867.
[INFO] Enola: Solve for Rydberg stage 563/867.
[INFO] Enola: Solve for Rydberg stage 564/867.
[INFO] Enola: Solve for Rydberg stage 565/867.
[INFO] Enola: Solve for Rydberg stage 566/867.
[INFO] Enola: Solve for Rydberg stage 567/867.
[INFO] Enola: Solve for Rydberg stage 568/867.
[INFO] Enola: Solve for Rydberg stage 569/867.
[INFO] Enola: Solve for Rydberg stage 570/867.
[INFO] Enola: Solve for Rydberg stage 571/867.
[INFO] Enola: Solve for Rydberg stage 572/867.
[INFO] Enola: Solve for Rydberg stage 573/867.
[INFO] Enola: Solve for Rydberg stage 574/867.
[INFO] Enola: Solve for Rydberg stage 575/867.
[INFO] Enola: Solve for Rydberg stage 576/867.
[INFO] Enola: Solve for Rydberg stage 577/867.
[INFO] Enola: Solve for Rydberg stage 578/867.
[INFO] Enola: Solve for Rydberg stage 579/867.
[INFO] Enola: Solve for Rydberg stage 580/867.
[INFO] Enola: Solve for Rydberg stage 581/867.
[INFO] Enola: Solve for Rydberg stage 582/867.
[INFO] Enola: Solve for Rydberg stage 583/867.
[INFO] Enola: Solve for Rydberg stage 584/867.
[INFO] Enola: Solve for Rydberg stage 585/867.
[INFO] Enola: Solve for Rydberg stage 586/867.
[INFO] Enola: Solve for Rydberg stage 587/867.
[INFO] Enola: Solve for Rydberg stage 588/867.
[INFO] Enola: Solve for Rydberg stage 589/867.
[INFO] Enola: Solve for Rydberg stage 590/867.
[INFO] Enola: Solve for Rydberg stage 591/867.
[INFO] Enola: Solve for Rydberg stage 592/867.
[INFO] Enola: Solve for Rydberg stage 593/867.
[INFO] Enola: Solve for Rydberg stage 594/867.
[INFO] Enola: Solve for Rydberg stage 595/867.
[INFO] Enola: Solve for Rydberg stage 596/867.
[INFO] Enola: Solve for Rydberg stage 597/867.
[INFO] Enola: Solve for Rydberg stage 598/867.
[INFO] Enola: Solve for Rydberg stage 599/867.
[INFO] Enola: Solve for Rydberg stage 600/867.
[INFO] Enola: Solve for Rydberg stage 601/867.
[INFO] Enola: Solve for Rydberg stage 602/867.
[INFO] Enola: Solve for Rydberg stage 603/867.
[INFO] Enola: Solve for Rydberg stage 604/867.
[INFO] Enola: Solve for Rydberg stage 605/867.
[INFO] Enola: Solve for Rydberg stage 606/867.
[INFO] Enola: Solve for Rydberg stage 607/867.
[INFO] Enola: Solve for Rydberg stage 608/867.
[INFO] Enola: Solve for Rydberg stage 609/867.
[INFO] Enola: Solve for Rydberg stage 610/867.
[INFO] Enola: Solve for Rydberg stage 611/867.
[INFO] Enola: Solve for Rydberg stage 612/867.
[INFO] Enola: Solve for Rydberg stage 613/867.
[INFO] Enola: Solve for Rydberg stage 614/867.
[INFO] Enola: Solve for Rydberg stage 615/867.
[INFO] Enola: Solve for Rydberg stage 616/867.
[INFO] Enola: Solve for Rydberg stage 617/867.
[INFO] Enola: Solve for Rydberg stage 618/867.
[INFO] Enola: Solve for Rydberg stage 619/867.
[INFO] Enola: Solve for Rydberg stage 620/867.
[INFO] Enola: Solve for Rydberg stage 621/867.
[INFO] Enola: Solve for Rydberg stage 622/867.
[INFO] Enola: Solve for Rydberg stage 623/867.
[INFO] Enola: Solve for Rydberg stage 624/867.
[INFO] Enola: Solve for Rydberg stage 625/867.
[INFO] Enola: Solve for Rydberg stage 626/867.
[INFO] Enola: Solve for Rydberg stage 627/867.
[INFO] Enola: Solve for Rydberg stage 628/867.
[INFO] Enola: Solve for Rydberg stage 629/867.
[INFO] Enola: Solve for Rydberg stage 630/867.
[INFO] Enola: Solve for Rydberg stage 631/867.
[INFO] Enola: Solve for Rydberg stage 632/867.
[INFO] Enola: Solve for Rydberg stage 633/867.
[INFO] Enola: Solve for Rydberg stage 634/867.
[INFO] Enola: Solve for Rydberg stage 635/867.
[INFO] Enola: Solve for Rydberg stage 636/867.
[INFO] Enola: Solve for Rydberg stage 637/867.
[INFO] Enola: Solve for Rydberg stage 638/867.
[INFO] Enola: Solve for Rydberg stage 639/867.
[INFO] Enola: Solve for Rydberg stage 640/867.
[INFO] Enola: Solve for Rydberg stage 641/867.
[INFO] Enola: Solve for Rydberg stage 642/867.
[INFO] Enola: Solve for Rydberg stage 643/867.
[INFO] Enola: Solve for Rydberg stage 644/867.
[INFO] Enola: Solve for Rydberg stage 645/867.
[INFO] Enola: Solve for Rydberg stage 646/867.
[INFO] Enola: Solve for Rydberg stage 647/867.
[INFO] Enola: Solve for Rydberg stage 648/867.
[INFO] Enola: Solve for Rydberg stage 649/867.
[INFO] Enola: Solve for Rydberg stage 650/867.
[INFO] Enola: Solve for Rydberg stage 651/867.
[INFO] Enola: Solve for Rydberg stage 652/867.
[INFO] Enola: Solve for Rydberg stage 653/867.
[INFO] Enola: Solve for Rydberg stage 654/867.
[INFO] Enola: Solve for Rydberg stage 655/867.
[INFO] Enola: Solve for Rydberg stage 656/867.
[INFO] Enola: Solve for Rydberg stage 657/867.
[INFO] Enola: Solve for Rydberg stage 658/867.
[INFO] Enola: Solve for Rydberg stage 659/867.
[INFO] Enola: Solve for Rydberg stage 660/867.
[INFO] Enola: Solve for Rydberg stage 661/867.
[INFO] Enola: Solve for Rydberg stage 662/867.
[INFO] Enola: Solve for Rydberg stage 663/867.
[INFO] Enola: Solve for Rydberg stage 664/867.
[INFO] Enola: Solve for Rydberg stage 665/867.
[INFO] Enola: Solve for Rydberg stage 666/867.
[INFO] Enola: Solve for Rydberg stage 667/867.
[INFO] Enola: Solve for Rydberg stage 668/867.
[INFO] Enola: Solve for Rydberg stage 669/867.
[INFO] Enola: Solve for Rydberg stage 670/867.
[INFO] Enola: Solve for Rydberg stage 671/867.
[INFO] Enola: Solve for Rydberg stage 672/867.
[INFO] Enola: Solve for Rydberg stage 673/867.
[INFO] Enola: Solve for Rydberg stage 674/867.
[INFO] Enola: Solve for Rydberg stage 675/867.
[INFO] Enola: Solve for Rydberg stage 676/867.
[INFO] Enola: Solve for Rydberg stage 677/867.
[INFO] Enola: Solve for Rydberg stage 678/867.
[INFO] Enola: Solve for Rydberg stage 679/867.
[INFO] Enola: Solve for Rydberg stage 680/867.
[INFO] Enola: Solve for Rydberg stage 681/867.
[INFO] Enola: Solve for Rydberg stage 682/867.
[INFO] Enola: Solve for Rydberg stage 683/867.
[INFO] Enola: Solve for Rydberg stage 684/867.
[INFO] Enola: Solve for Rydberg stage 685/867.
[INFO] Enola: Solve for Rydberg stage 686/867.
[INFO] Enola: Solve for Rydberg stage 687/867.
[INFO] Enola: Solve for Rydberg stage 688/867.
[INFO] Enola: Solve for Rydberg stage 689/867.
[INFO] Enola: Solve for Rydberg stage 690/867.
[INFO] Enola: Solve for Rydberg stage 691/867.
[INFO] Enola: Solve for Rydberg stage 692/867.
[INFO] Enola: Solve for Rydberg stage 693/867.
[INFO] Enola: Solve for Rydberg stage 694/867.
[INFO] Enola: Solve for Rydberg stage 695/867.
[INFO] Enola: Solve for Rydberg stage 696/867.
[INFO] Enola: Solve for Rydberg stage 697/867.
[INFO] Enola: Solve for Rydberg stage 698/867.
[INFO] Enola: Solve for Rydberg stage 699/867.
[INFO] Enola: Solve for Rydberg stage 700/867.
[INFO] Enola: Solve for Rydberg stage 701/867.
[INFO] Enola: Solve for Rydberg stage 702/867.
[INFO] Enola: Solve for Rydberg stage 703/867.
[INFO] Enola: Solve for Rydberg stage 704/867.
[INFO] Enola: Solve for Rydberg stage 705/867.
[INFO] Enola: Solve for Rydberg stage 706/867.
[INFO] Enola: Solve for Rydberg stage 707/867.
[INFO] Enola: Solve for Rydberg stage 708/867.
[INFO] Enola: Solve for Rydberg stage 709/867.
[INFO] Enola: Solve for Rydberg stage 710/867.
[INFO] Enola: Solve for Rydberg stage 711/867.
[INFO] Enola: Solve for Rydberg stage 712/867.
[INFO] Enola: Solve for Rydberg stage 713/867.
[INFO] Enola: Solve for Rydberg stage 714/867.
[INFO] Enola: Solve for Rydberg stage 715/867.
[INFO] Enola: Solve for Rydberg stage 716/867.
[INFO] Enola: Solve for Rydberg stage 717/867.
[INFO] Enola: Solve for Rydberg stage 718/867.
[INFO] Enola: Solve for Rydberg stage 719/867.
[INFO] Enola: Solve for Rydberg stage 720/867.
[INFO] Enola: Solve for Rydberg stage 721/867.
[INFO] Enola: Solve for Rydberg stage 722/867.
[INFO] Enola: Solve for Rydberg stage 723/867.
[INFO] Enola: Solve for Rydberg stage 724/867.
[INFO] Enola: Solve for Rydberg stage 725/867.
[INFO] Enola: Solve for Rydberg stage 726/867.
[INFO] Enola: Solve for Rydberg stage 727/867.
[INFO] Enola: Solve for Rydberg stage 728/867.
[INFO] Enola: Solve for Rydberg stage 729/867.
[INFO] Enola: Solve for Rydberg stage 730/867.
[INFO] Enola: Solve for Rydberg stage 731/867.
[INFO] Enola: Solve for Rydberg stage 732/867.
[INFO] Enola: Solve for Rydberg stage 733/867.
[INFO] Enola: Solve for Rydberg stage 734/867.
[INFO] Enola: Solve for Rydberg stage 735/867.
[INFO] Enola: Solve for Rydberg stage 736/867.
[INFO] Enola: Solve for Rydberg stage 737/867.
[INFO] Enola: Solve for Rydberg stage 738/867.
[INFO] Enola: Solve for Rydberg stage 739/867.
[INFO] Enola: Solve for Rydberg stage 740/867.
[INFO] Enola: Solve for Rydberg stage 741/867.
[INFO] Enola: Solve for Rydberg stage 742/867.
[INFO] Enola: Solve for Rydberg stage 743/867.
[INFO] Enola: Solve for Rydberg stage 744/867.
[INFO] Enola: Solve for Rydberg stage 745/867.
[INFO] Enola: Solve for Rydberg stage 746/867.
[INFO] Enola: Solve for Rydberg stage 747/867.
[INFO] Enola: Solve for Rydberg stage 748/867.
[INFO] Enola: Solve for Rydberg stage 749/867.
[INFO] Enola: Solve for Rydberg stage 750/867.
[INFO] Enola: Solve for Rydberg stage 751/867.
[INFO] Enola: Solve for Rydberg stage 752/867.
[INFO] Enola: Solve for Rydberg stage 753/867.
[INFO] Enola: Solve for Rydberg stage 754/867.
[INFO] Enola: Solve for Rydberg stage 755/867.
[INFO] Enola: Solve for Rydberg stage 756/867.
[INFO] Enola: Solve for Rydberg stage 757/867.
[INFO] Enola: Solve for Rydberg stage 758/867.
[INFO] Enola: Solve for Rydberg stage 759/867.
[INFO] Enola: Solve for Rydberg stage 760/867.
[INFO] Enola: Solve for Rydberg stage 761/867.
[INFO] Enola: Solve for Rydberg stage 762/867.
[INFO] Enola: Solve for Rydberg stage 763/867.
[INFO] Enola: Solve for Rydberg stage 764/867.
[INFO] Enola: Solve for Rydberg stage 765/867.
[INFO] Enola: Solve for Rydberg stage 766/867.
[INFO] Enola: Solve for Rydberg stage 767/867.
[INFO] Enola: Solve for Rydberg stage 768/867.
[INFO] Enola: Solve for Rydberg stage 769/867.
[INFO] Enola: Solve for Rydberg stage 770/867.
[INFO] Enola: Solve for Rydberg stage 771/867.
[INFO] Enola: Solve for Rydberg stage 772/867.
[INFO] Enola: Solve for Rydberg stage 773/867.
[INFO] Enola: Solve for Rydberg stage 774/867.
[INFO] Enola: Solve for Rydberg stage 775/867.
[INFO] Enola: Solve for Rydberg stage 776/867.
[INFO] Enola: Solve for Rydberg stage 777/867.
[INFO] Enola: Solve for Rydberg stage 778/867.
[INFO] Enola: Solve for Rydberg stage 779/867.
[INFO] Enola: Solve for Rydberg stage 780/867.
[INFO] Enola: Solve for Rydberg stage 781/867.
[INFO] Enola: Solve for Rydberg stage 782/867.
[INFO] Enola: Solve for Rydberg stage 783/867.
[INFO] Enola: Solve for Rydberg stage 784/867.
[INFO] Enola: Solve for Rydberg stage 785/867.
[INFO] Enola: Solve for Rydberg stage 786/867.
[INFO] Enola: Solve for Rydberg stage 787/867.
[INFO] Enola: Solve for Rydberg stage 788/867.
[INFO] Enola: Solve for Rydberg stage 789/867.
[INFO] Enola: Solve for Rydberg stage 790/867.
[INFO] Enola: Solve for Rydberg stage 791/867.
[INFO] Enola: Solve for Rydberg stage 792/867.
[INFO] Enola: Solve for Rydberg stage 793/867.
[INFO] Enola: Solve for Rydberg stage 794/867.
[INFO] Enola: Solve for Rydberg stage 795/867.
[INFO] Enola: Solve for Rydberg stage 796/867.
[INFO] Enola: Solve for Rydberg stage 797/867.
[INFO] Enola: Solve for Rydberg stage 798/867.
[INFO] Enola: Solve for Rydberg stage 799/867.
[INFO] Enola: Solve for Rydberg stage 800/867.
[INFO] Enola: Solve for Rydberg stage 801/867.
[INFO] Enola: Solve for Rydberg stage 802/867.
[INFO] Enola: Solve for Rydberg stage 803/867.
[INFO] Enola: Solve for Rydberg stage 804/867.
[INFO] Enola: Solve for Rydberg stage 805/867.
[INFO] Enola: Solve for Rydberg stage 806/867.
[INFO] Enola: Solve for Rydberg stage 807/867.
[INFO] Enola: Solve for Rydberg stage 808/867.
[INFO] Enola: Solve for Rydberg stage 809/867.
[INFO] Enola: Solve for Rydberg stage 810/867.
[INFO] Enola: Solve for Rydberg stage 811/867.
[INFO] Enola: Solve for Rydberg stage 812/867.
[INFO] Enola: Solve for Rydberg stage 813/867.
[INFO] Enola: Solve for Rydberg stage 814/867.
[INFO] Enola: Solve for Rydberg stage 815/867.
[INFO] Enola: Solve for Rydberg stage 816/867.
[INFO] Enola: Solve for Rydberg stage 817/867.
[INFO] Enola: Solve for Rydberg stage 818/867.
[INFO] Enola: Solve for Rydberg stage 819/867.
[INFO] Enola: Solve for Rydberg stage 820/867.
[INFO] Enola: Solve for Rydberg stage 821/867.
[INFO] Enola: Solve for Rydberg stage 822/867.
[INFO] Enola: Solve for Rydberg stage 823/867.
[INFO] Enola: Solve for Rydberg stage 824/867.
[INFO] Enola: Solve for Rydberg stage 825/867.
[INFO] Enola: Solve for Rydberg stage 826/867.
[INFO] Enola: Solve for Rydberg stage 827/867.
[INFO] Enola: Solve for Rydberg stage 828/867.
[INFO] Enola: Solve for Rydberg stage 829/867.
[INFO] Enola: Solve for Rydberg stage 830/867.
[INFO] Enola: Solve for Rydberg stage 831/867.
[INFO] Enola: Solve for Rydberg stage 832/867.
[INFO] Enola: Solve for Rydberg stage 833/867.
[INFO] Enola: Solve for Rydberg stage 834/867.
[INFO] Enola: Solve for Rydberg stage 835/867.
[INFO] Enola: Solve for Rydberg stage 836/867.
[INFO] Enola: Solve for Rydberg stage 837/867.
[INFO] Enola: Solve for Rydberg stage 838/867.
[INFO] Enola: Solve for Rydberg stage 839/867.
[INFO] Enola: Solve for Rydberg stage 840/867.
[INFO] Enola: Solve for Rydberg stage 841/867.
[INFO] Enola: Solve for Rydberg stage 842/867.
[INFO] Enola: Solve for Rydberg stage 843/867.
[INFO] Enola: Solve for Rydberg stage 844/867.
[INFO] Enola: Solve for Rydberg stage 845/867.
[INFO] Enola: Solve for Rydberg stage 846/867.
[INFO] Enola: Solve for Rydberg stage 847/867.
[INFO] Enola: Solve for Rydberg stage 848/867.
[INFO] Enola: Solve for Rydberg stage 849/867.
[INFO] Enola: Solve for Rydberg stage 850/867.
[INFO] Enola: Solve for Rydberg stage 851/867.
[INFO] Enola: Solve for Rydberg stage 852/867.
[INFO] Enola: Solve for Rydberg stage 853/867.
[INFO] Enola: Solve for Rydberg stage 854/867.
[INFO] Enola: Solve for Rydberg stage 855/867.
[INFO] Enola: Solve for Rydberg stage 856/867.
[INFO] Enola: Solve for Rydberg stage 857/867.
[INFO] Enola: Solve for Rydberg stage 858/867.
[INFO] Enola: Solve for Rydberg stage 859/867.
[INFO] Enola: Solve for Rydberg stage 860/867.
[INFO] Enola: Solve for Rydberg stage 861/867.
[INFO] Enola: Solve for Rydberg stage 862/867.
[INFO] Enola: Solve for Rydberg stage 863/867.
[INFO] Enola: Solve for Rydberg stage 864/867.
[INFO] Enola: Solve for Rydberg stage 865/867.
[INFO] Enola: Solve for Rydberg stage 866/867.
[INFO] Enola: Solve for Rydberg stage 867/867.
[INFO] Enola: Solve for Rydberg stage 868/867.
[INFO] Enola: Time for routing: 0.11222338676452637s
[INFO] Enola: Total Time: 2.1163392066955566s
Compilation successful.

2026-03-25 17:27:34,499 - BenchmarkManager - INFO - enola (run 1/1) - Running /u/halle/heiz/home_at/BachelorProject/benchmarks/uf_fix50_20-100/uf50-0170.qasm
2026-03-25 17:27:37,494 - Compiler.enola - INFO - STDOUT:
[INFO] Enola: Start Solving
[INFO] Enola: Run scheduling
[INFO] Enola: Time for scheduling: 0.0006101131439208984s
75
[INFO] Enola: Time for placement: 1.1682510375976562e-05s
[INFO] Enola: Solve for Rydberg stage 2/714.
[INFO] Enola: Solve for Rydberg stage 3/714.
[INFO] Enola: Solve for Rydberg stage 4/714.
[INFO] Enola: Solve for Rydberg stage 5/714.
[INFO] Enola: Solve for Rydberg stage 6/714.
[INFO] Enola: Solve for Rydberg stage 7/714.
[INFO] Enola: Solve for Rydberg stage 8/714.
[INFO] Enola: Solve for Rydberg stage 9/714.
[INFO] Enola: Solve for Rydberg stage 10/714.
[INFO] Enola: Solve for Rydberg stage 11/714.
[INFO] Enola: Solve for Rydberg stage 12/714.
[INFO] Enola: Solve for Rydberg stage 13/714.
[INFO] Enola: Solve for Rydberg stage 14/714.
[INFO] Enola: Solve for Rydberg stage 15/714.
[INFO] Enola: Solve for Rydberg stage 16/714.
[INFO] Enola: Solve for Rydberg stage 17/714.
[INFO] Enola: Solve for Rydberg stage 18/714.
[INFO] Enola: Solve for Rydberg stage 19/714.
[INFO] Enola: Solve for Rydberg stage 20/714.
[INFO] Enola: Solve for Rydberg stage 21/714.
[INFO] Enola: Solve for Rydberg stage 22/714.
[INFO] Enola: Solve for Rydberg stage 23/714.
[INFO] Enola: Solve for Rydberg stage 24/714.
[INFO] Enola: Solve for Rydberg stage 25/714.
[INFO] Enola: Solve for Rydberg stage 26/714.
[INFO] Enola: Solve for Rydberg stage 27/714.
[INFO] Enola: Solve for Rydberg stage 28/714.
[INFO] Enola: Solve for Rydberg stage 29/714.
[INFO] Enola: Solve for Rydberg stage 30/714.
[INFO] Enola: Solve for Rydberg stage 31/714.
[INFO] Enola: Solve for Rydberg stage 32/714.
[INFO] Enola: Solve for Rydberg stage 33/714.
[INFO] Enola: Solve for Rydberg stage 34/714.
[INFO] Enola: Solve for Rydberg stage 35/714.
[INFO] Enola: Solve for Rydberg stage 36/714.
[INFO] Enola: Solve for Rydberg stage 37/714.
[INFO] Enola: Solve for Rydberg stage 38/714.
[INFO] Enola: Solve for Rydberg stage 39/714.
[INFO] Enola: Solve for Rydberg stage 40/714.
[INFO] Enola: Solve for Rydberg stage 41/714.
[INFO] Enola: Solve for Rydberg stage 42/714.
[INFO] Enola: Solve for Rydberg stage 43/714.
[INFO] Enola: Solve for Rydberg stage 44/714.
[INFO] Enola: Solve for Rydberg stage 45/714.
[INFO] Enola: Solve for Rydberg stage 46/714.
[INFO] Enola: Solve for Rydberg stage 47/714.
[INFO] Enola: Solve for Rydberg stage 48/714.
[INFO] Enola: Solve for Rydberg stage 49/714.
[INFO] Enola: Solve for Rydberg stage 50/714.
[INFO] Enola: Solve for Rydberg stage 51/714.
[INFO] Enola: Solve for Rydberg stage 52/714.
[INFO] Enola: Solve for Rydberg stage 53/714.
[INFO] Enola: Solve for Rydberg stage 54/714.
[INFO] Enola: Solve for Rydberg stage 55/714.
[INFO] Enola: Solve for Rydberg stage 56/714.
[INFO] Enola: Solve for Rydberg stage 57/714.
[INFO] Enola: Solve for Rydberg stage 58/714.
[INFO] Enola: Solve for Rydberg stage 59/714.
[INFO] Enola: Solve for Rydberg stage 60/714.
[INFO] Enola: Solve for Rydberg stage 61/714.
[INFO] Enola: Solve for Rydberg stage 62/714.
[INFO] Enola: Solve for Rydberg stage 63/714.
[INFO] Enola: Solve for Rydberg stage 64/714.
[INFO] Enola: Solve for Rydberg stage 65/714.
[INFO] Enola: Solve for Rydberg stage 66/714.
[INFO] Enola: Solve for Rydberg stage 67/714.
[INFO] Enola: Solve for Rydberg stage 68/714.
[INFO] Enola: Solve for Rydberg stage 69/714.
[INFO] Enola: Solve for Rydberg stage 70/714.
[INFO] Enola: Solve for Rydberg stage 71/714.
[INFO] Enola: Solve for Rydberg stage 72/714.
[INFO] Enola: Solve for Rydberg stage 73/714.
[INFO] Enola: Solve for Rydberg stage 74/714.
[INFO] Enola: Solve for Rydberg stage 75/714.
[INFO] Enola: Solve for Rydberg stage 76/714.
[INFO] Enola: Solve for Rydberg stage 77/714.
[INFO] Enola: Solve for Rydberg stage 78/714.
[INFO] Enola: Solve for Rydberg stage 79/714.
[INFO] Enola: Solve for Rydberg stage 80/714.
[INFO] Enola: Solve for Rydberg stage 81/714.
[INFO] Enola: Solve for Rydberg stage 82/714.
[INFO] Enola: Solve for Rydberg stage 83/714.
[INFO] Enola: Solve for Rydberg stage 84/714.
[INFO] Enola: Solve for Rydberg stage 85/714.
[INFO] Enola: Solve for Rydberg stage 86/714.
[INFO] Enola: Solve for Rydberg stage 87/714.
[INFO] Enola: Solve for Rydberg stage 88/714.
[INFO] Enola: Solve for Rydberg stage 89/714.
[INFO] Enola: Solve for Rydberg stage 90/714.
[INFO] Enola: Solve for Rydberg stage 91/714.
[INFO] Enola: Solve for Rydberg stage 92/714.
[INFO] Enola: Solve for Rydberg stage 93/714.
[INFO] Enola: Solve for Rydberg stage 94/714.
[INFO] Enola: Solve for Rydberg stage 95/714.
[INFO] Enola: Solve for Rydberg stage 96/714.
[INFO] Enola: Solve for Rydberg stage 97/714.
[INFO] Enola: Solve for Rydberg stage 98/714.
[INFO] Enola: Solve for Rydberg stage 99/714.
[INFO] Enola: Solve for Rydberg stage 100/714.
[INFO] Enola: Solve for Rydberg stage 101/714.
[INFO] Enola: Solve for Rydberg stage 102/714.
[INFO] Enola: Solve for Rydberg stage 103/714.
[INFO] Enola: Solve for Rydberg stage 104/714.
[INFO] Enola: Solve for Rydberg stage 105/714.
[INFO] Enola: Solve for Rydberg stage 106/714.
[INFO] Enola: Solve for Rydberg stage 107/714.
[INFO] Enola: Solve for Rydberg stage 108/714.
[INFO] Enola: Solve for Rydberg stage 109/714.
[INFO] Enola: Solve for Rydberg stage 110/714.
[INFO] Enola: Solve for Rydberg stage 111/714.
[INFO] Enola: Solve for Rydberg stage 112/714.
[INFO] Enola: Solve for Rydberg stage 113/714.
[INFO] Enola: Solve for Rydberg stage 114/714.
[INFO] Enola: Solve for Rydberg stage 115/714.
[INFO] Enola: Solve for Rydberg stage 116/714.
[INFO] Enola: Solve for Rydberg stage 117/714.
[INFO] Enola: Solve for Rydberg stage 118/714.
[INFO] Enola: Solve for Rydberg stage 119/714.
[INFO] Enola: Solve for Rydberg stage 120/714.
[INFO] Enola: Solve for Rydberg stage 121/714.
[INFO] Enola: Solve for Rydberg stage 122/714.
[INFO] Enola: Solve for Rydberg stage 123/714.
[INFO] Enola: Solve for Rydberg stage 124/714.
[INFO] Enola: Solve for Rydberg stage 125/714.
[INFO] Enola: Solve for Rydberg stage 126/714.
[INFO] Enola: Solve for Rydberg stage 127/714.
[INFO] Enola: Solve for Rydberg stage 128/714.
[INFO] Enola: Solve for Rydberg stage 129/714.
[INFO] Enola: Solve for Rydberg stage 130/714.
[INFO] Enola: Solve for Rydberg stage 131/714.
[INFO] Enola: Solve for Rydberg stage 132/714.
[INFO] Enola: Solve for Rydberg stage 133/714.
[INFO] Enola: Solve for Rydberg stage 134/714.
[INFO] Enola: Solve for Rydberg stage 135/714.
[INFO] Enola: Solve for Rydberg stage 136/714.
[INFO] Enola: Solve for Rydberg stage 137/714.
[INFO] Enola: Solve for Rydberg stage 138/714.
[INFO] Enola: Solve for Rydberg stage 139/714.
[INFO] Enola: Solve for Rydberg stage 140/714.
[INFO] Enola: Solve for Rydberg stage 141/714.
[INFO] Enola: Solve for Rydberg stage 142/714.
[INFO] Enola: Solve for Rydberg stage 143/714.
[INFO] Enola: Solve for Rydberg stage 144/714.
[INFO] Enola: Solve for Rydberg stage 145/714.
[INFO] Enola: Solve for Rydberg stage 146/714.
[INFO] Enola: Solve for Rydberg stage 147/714.
[INFO] Enola: Solve for Rydberg stage 148/714.
[INFO] Enola: Solve for Rydberg stage 149/714.
[INFO] Enola: Solve for Rydberg stage 150/714.
[INFO] Enola: Solve for Rydberg stage 151/714.
[INFO] Enola: Solve for Rydberg stage 152/714.
[INFO] Enola: Solve for Rydberg stage 153/714.
[INFO] Enola: Solve for Rydberg stage 154/714.
[INFO] Enola: Solve for Rydberg stage 155/714.
[INFO] Enola: Solve for Rydberg stage 156/714.
[INFO] Enola: Solve for Rydberg stage 157/714.
[INFO] Enola: Solve for Rydberg stage 158/714.
[INFO] Enola: Solve for Rydberg stage 159/714.
[INFO] Enola: Solve for Rydberg stage 160/714.
[INFO] Enola: Solve for Rydberg stage 161/714.
[INFO] Enola: Solve for Rydberg stage 162/714.
[INFO] Enola: Solve for Rydberg stage 163/714.
[INFO] Enola: Solve for Rydberg stage 164/714.
[INFO] Enola: Solve for Rydberg stage 165/714.
[INFO] Enola: Solve for Rydberg stage 166/714.
[INFO] Enola: Solve for Rydberg stage 167/714.
[INFO] Enola: Solve for Rydberg stage 168/714.
[INFO] Enola: Solve for Rydberg stage 169/714.
[INFO] Enola: Solve for Rydberg stage 170/714.
[INFO] Enola: Solve for Rydberg stage 171/714.
[INFO] Enola: Solve for Rydberg stage 172/714.
[INFO] Enola: Solve for Rydberg stage 173/714.
[INFO] Enola: Solve for Rydberg stage 174/714.
[INFO] Enola: Solve for Rydberg stage 175/714.
[INFO] Enola: Solve for Rydberg stage 176/714.
[INFO] Enola: Solve for Rydberg stage 177/714.
[INFO] Enola: Solve for Rydberg stage 178/714.
[INFO] Enola: Solve for Rydberg stage 179/714.
[INFO] Enola: Solve for Rydberg stage 180/714.
[INFO] Enola: Solve for Rydberg stage 181/714.
[INFO] Enola: Solve for Rydberg stage 182/714.
[INFO] Enola: Solve for Rydberg stage 183/714.
[INFO] Enola: Solve for Rydberg stage 184/714.
[INFO] Enola: Solve for Rydberg stage 185/714.
[INFO] Enola: Solve for Rydberg stage 186/714.
[INFO] Enola: Solve for Rydberg stage 187/714.
[INFO] Enola: Solve for Rydberg stage 188/714.
[INFO] Enola: Solve for Rydberg stage 189/714.
[INFO] Enola: Solve for Rydberg stage 190/714.
[INFO] Enola: Solve for Rydberg stage 191/714.
[INFO] Enola: Solve for Rydberg stage 192/714.
[INFO] Enola: Solve for Rydberg stage 193/714.
[INFO] Enola: Solve for Rydberg stage 194/714.
[INFO] Enola: Solve for Rydberg stage 195/714.
[INFO] Enola: Solve for Rydberg stage 196/714.
[INFO] Enola: Solve for Rydberg stage 197/714.
[INFO] Enola: Solve for Rydberg stage 198/714.
[INFO] Enola: Solve for Rydberg stage 199/714.
[INFO] Enola: Solve for Rydberg stage 200/714.
[INFO] Enola: Solve for Rydberg stage 201/714.
[INFO] Enola: Solve for Rydberg stage 202/714.
[INFO] Enola: Solve for Rydberg stage 203/714.
[INFO] Enola: Solve for Rydberg stage 204/714.
[INFO] Enola: Solve for Rydberg stage 205/714.
[INFO] Enola: Solve for Rydberg stage 206/714.
[INFO] Enola: Solve for Rydberg stage 207/714.
[INFO] Enola: Solve for Rydberg stage 208/714.
[INFO] Enola: Solve for Rydberg stage 209/714.
[INFO] Enola: Solve for Rydberg stage 210/714.
[INFO] Enola: Solve for Rydberg stage 211/714.
[INFO] Enola: Solve for Rydberg stage 212/714.
[INFO] Enola: Solve for Rydberg stage 213/714.
[INFO] Enola: Solve for Rydberg stage 214/714.
[INFO] Enola: Solve for Rydberg stage 215/714.
[INFO] Enola: Solve for Rydberg stage 216/714.
[INFO] Enola: Solve for Rydberg stage 217/714.
[INFO] Enola: Solve for Rydberg stage 218/714.
[INFO] Enola: Solve for Rydberg stage 219/714.
[INFO] Enola: Solve for Rydberg stage 220/714.
[INFO] Enola: Solve for Rydberg stage 221/714.
[INFO] Enola: Solve for Rydberg stage 222/714.
[INFO] Enola: Solve for Rydberg stage 223/714.
[INFO] Enola: Solve for Rydberg stage 224/714.
[INFO] Enola: Solve for Rydberg stage 225/714.
[INFO] Enola: Solve for Rydberg stage 226/714.
[INFO] Enola: Solve for Rydberg stage 227/714.
[INFO] Enola: Solve for Rydberg stage 228/714.
[INFO] Enola: Solve for Rydberg stage 229/714.
[INFO] Enola: Solve for Rydberg stage 230/714.
[INFO] Enola: Solve for Rydberg stage 231/714.
[INFO] Enola: Solve for Rydberg stage 232/714.
[INFO] Enola: Solve for Rydberg stage 233/714.
[INFO] Enola: Solve for Rydberg stage 234/714.
[INFO] Enola: Solve for Rydberg stage 235/714.
[INFO] Enola: Solve for Rydberg stage 236/714.
[INFO] Enola: Solve for Rydberg stage 237/714.
[INFO] Enola: Solve for Rydberg stage 238/714.
[INFO] Enola: Solve for Rydberg stage 239/714.
[INFO] Enola: Solve for Rydberg stage 240/714.
[INFO] Enola: Solve for Rydberg stage 241/714.
[INFO] Enola: Solve for Rydberg stage 242/714.
[INFO] Enola: Solve for Rydberg stage 243/714.
[INFO] Enola: Solve for Rydberg stage 244/714.
[INFO] Enola: Solve for Rydberg stage 245/714.
[INFO] Enola: Solve for Rydberg stage 246/714.
[INFO] Enola: Solve for Rydberg stage 247/714.
[INFO] Enola: Solve for Rydberg stage 248/714.
[INFO] Enola: Solve for Rydberg stage 249/714.
[INFO] Enola: Solve for Rydberg stage 250/714.
[INFO] Enola: Solve for Rydberg stage 251/714.
[INFO] Enola: Solve for Rydberg stage 252/714.
[INFO] Enola: Solve for Rydberg stage 253/714.
[INFO] Enola: Solve for Rydberg stage 254/714.
[INFO] Enola: Solve for Rydberg stage 255/714.
[INFO] Enola: Solve for Rydberg stage 256/714.
[INFO] Enola: Solve for Rydberg stage 257/714.
[INFO] Enola: Solve for Rydberg stage 258/714.
[INFO] Enola: Solve for Rydberg stage 259/714.
[INFO] Enola: Solve for Rydberg stage 260/714.
[INFO] Enola: Solve for Rydberg stage 261/714.
[INFO] Enola: Solve for Rydberg stage 262/714.
[INFO] Enola: Solve for Rydberg stage 263/714.
[INFO] Enola: Solve for Rydberg stage 264/714.
[INFO] Enola: Solve for Rydberg stage 265/714.
[INFO] Enola: Solve for Rydberg stage 266/714.
[INFO] Enola: Solve for Rydberg stage 267/714.
[INFO] Enola: Solve for Rydberg stage 268/714.
[INFO] Enola: Solve for Rydberg stage 269/714.
[INFO] Enola: Solve for Rydberg stage 270/714.
[INFO] Enola: Solve for Rydberg stage 271/714.
[INFO] Enola: Solve for Rydberg stage 272/714.
[INFO] Enola: Solve for Rydberg stage 273/714.
[INFO] Enola: Solve for Rydberg stage 274/714.
[INFO] Enola: Solve for Rydberg stage 275/714.
[INFO] Enola: Solve for Rydberg stage 276/714.
[INFO] Enola: Solve for Rydberg stage 277/714.
[INFO] Enola: Solve for Rydberg stage 278/714.
[INFO] Enola: Solve for Rydberg stage 279/714.
[INFO] Enola: Solve for Rydberg stage 280/714.
[INFO] Enola: Solve for Rydberg stage 281/714.
[INFO] Enola: Solve for Rydberg stage 282/714.
[INFO] Enola: Solve for Rydberg stage 283/714.
[INFO] Enola: Solve for Rydberg stage 284/714.
[INFO] Enola: Solve for Rydberg stage 285/714.
[INFO] Enola: Solve for Rydberg stage 286/714.
[INFO] Enola: Solve for Rydberg stage 287/714.
[INFO] Enola: Solve for Rydberg stage 288/714.
[INFO] Enola: Solve for Rydberg stage 289/714.
[INFO] Enola: Solve for Rydberg stage 290/714.
[INFO] Enola: Solve for Rydberg stage 291/714.
[INFO] Enola: Solve for Rydberg stage 292/714.
[INFO] Enola: Solve for Rydberg stage 293/714.
[INFO] Enola: Solve for Rydberg stage 294/714.
[INFO] Enola: Solve for Rydberg stage 295/714.
[INFO] Enola: Solve for Rydberg stage 296/714.
[INFO] Enola: Solve for Rydberg stage 297/714.
[INFO] Enola: Solve for Rydberg stage 298/714.
[INFO] Enola: Solve for Rydberg stage 299/714.
[INFO] Enola: Solve for Rydberg stage 300/714.
[INFO] Enola: Solve for Rydberg stage 301/714.
[INFO] Enola: Solve for Rydberg stage 302/714.
[INFO] Enola: Solve for Rydberg stage 303/714.
[INFO] Enola: Solve for Rydberg stage 304/714.
[INFO] Enola: Solve for Rydberg stage 305/714.
[INFO] Enola: Solve for Rydberg stage 306/714.
[INFO] Enola: Solve for Rydberg stage 307/714.
[INFO] Enola: Solve for Rydberg stage 308/714.
[INFO] Enola: Solve for Rydberg stage 309/714.
[INFO] Enola: Solve for Rydberg stage 310/714.
[INFO] Enola: Solve for Rydberg stage 311/714.
[INFO] Enola: Solve for Rydberg stage 312/714.
[INFO] Enola: Solve for Rydberg stage 313/714.
[INFO] Enola: Solve for Rydberg stage 314/714.
[INFO] Enola: Solve for Rydberg stage 315/714.
[INFO] Enola: Solve for Rydberg stage 316/714.
[INFO] Enola: Solve for Rydberg stage 317/714.
[INFO] Enola: Solve for Rydberg stage 318/714.
[INFO] Enola: Solve for Rydberg stage 319/714.
[INFO] Enola: Solve for Rydberg stage 320/714.
[INFO] Enola: Solve for Rydberg stage 321/714.
[INFO] Enola: Solve for Rydberg stage 322/714.
[INFO] Enola: Solve for Rydberg stage 323/714.
[INFO] Enola: Solve for Rydberg stage 324/714.
[INFO] Enola: Solve for Rydberg stage 325/714.
[INFO] Enola: Solve for Rydberg stage 326/714.
[INFO] Enola: Solve for Rydberg stage 327/714.
[INFO] Enola: Solve for Rydberg stage 328/714.
[INFO] Enola: Solve for Rydberg stage 329/714.
[INFO] Enola: Solve for Rydberg stage 330/714.
[INFO] Enola: Solve for Rydberg stage 331/714.
[INFO] Enola: Solve for Rydberg stage 332/714.
[INFO] Enola: Solve for Rydberg stage 333/714.
[INFO] Enola: Solve for Rydberg stage 334/714.
[INFO] Enola: Solve for Rydberg stage 335/714.
[INFO] Enola: Solve for Rydberg stage 336/714.
[INFO] Enola: Solve for Rydberg stage 337/714.
[INFO] Enola: Solve for Rydberg stage 338/714.
[INFO] Enola: Solve for Rydberg stage 339/714.
[INFO] Enola: Solve for Rydberg stage 340/714.
[INFO] Enola: Solve for Rydberg stage 341/714.
[INFO] Enola: Solve for Rydberg stage 342/714.
[INFO] Enola: Solve for Rydberg stage 343/714.
[INFO] Enola: Solve for Rydberg stage 344/714.
[INFO] Enola: Solve for Rydberg stage 345/714.
[INFO] Enola: Solve for Rydberg stage 346/714.
[INFO] Enola: Solve for Rydberg stage 347/714.
[INFO] Enola: Solve for Rydberg stage 348/714.
[INFO] Enola: Solve for Rydberg stage 349/714.
[INFO] Enola: Solve for Rydberg stage 350/714.
[INFO] Enola: Solve for Rydberg stage 351/714.
[INFO] Enola: Solve for Rydberg stage 352/714.
[INFO] Enola: Solve for Rydberg stage 353/714.
[INFO] Enola: Solve for Rydberg stage 354/714.
[INFO] Enola: Solve for Rydberg stage 355/714.
[INFO] Enola: Solve for Rydberg stage 356/714.
[INFO] Enola: Solve for Rydberg stage 357/714.
[INFO] Enola: Solve for Rydberg stage 358/714.
[INFO] Enola: Solve for Rydberg stage 359/714.
[INFO] Enola: Solve for Rydberg stage 360/714.
[INFO] Enola: Solve for Rydberg stage 361/714.
[INFO] Enola: Solve for Rydberg stage 362/714.
[INFO] Enola: Solve for Rydberg stage 363/714.
[INFO] Enola: Solve for Rydberg stage 364/714.
[INFO] Enola: Solve for Rydberg stage 365/714.
[INFO] Enola: Solve for Rydberg stage 366/714.
[INFO] Enola: Solve for Rydberg stage 367/714.
[INFO] Enola: Solve for Rydberg stage 368/714.
[INFO] Enola: Solve for Rydberg stage 369/714.
[INFO] Enola: Solve for Rydberg stage 370/714.
[INFO] Enola: Solve for Rydberg stage 371/714.
[INFO] Enola: Solve for Rydberg stage 372/714.
[INFO] Enola: Solve for Rydberg stage 373/714.
[INFO] Enola: Solve for Rydberg stage 374/714.
[INFO] Enola: Solve for Rydberg stage 375/714.
[INFO] Enola: Solve for Rydberg stage 376/714.
[INFO] Enola: Solve for Rydberg stage 377/714.
[INFO] Enola: Solve for Rydberg stage 378/714.
[INFO] Enola: Solve for Rydberg stage 379/714.
[INFO] Enola: Solve for Rydberg stage 380/714.
[INFO] Enola: Solve for Rydberg stage 381/714.
[INFO] Enola: Solve for Rydberg stage 382/714.
[INFO] Enola: Solve for Rydberg stage 383/714.
[INFO] Enola: Solve for Rydberg stage 384/714.
[INFO] Enola: Solve for Rydberg stage 385/714.
[INFO] Enola: Solve for Rydberg stage 386/714.
[INFO] Enola: Solve for Rydberg stage 387/714.
[INFO] Enola: Solve for Rydberg stage 388/714.
[INFO] Enola: Solve for Rydberg stage 389/714.
[INFO] Enola: Solve for Rydberg stage 390/714.
[INFO] Enola: Solve for Rydberg stage 391/714.
[INFO] Enola: Solve for Rydberg stage 392/714.
[INFO] Enola: Solve for Rydberg stage 393/714.
[INFO] Enola: Solve for Rydberg stage 394/714.
[INFO] Enola: Solve for Rydberg stage 395/714.
[INFO] Enola: Solve for Rydberg stage 396/714.
[INFO] Enola: Solve for Rydberg stage 397/714.
[INFO] Enola: Solve for Rydberg stage 398/714.
[INFO] Enola: Solve for Rydberg stage 399/714.
[INFO] Enola: Solve for Rydberg stage 400/714.
[INFO] Enola: Solve for Rydberg stage 401/714.
[INFO] Enola: Solve for Rydberg stage 402/714.
[INFO] Enola: Solve for Rydberg stage 403/714.
[INFO] Enola: Solve for Rydberg stage 404/714.
[INFO] Enola: Solve for Rydberg stage 405/714.
[INFO] Enola: Solve for Rydberg stage 406/714.
[INFO] Enola: Solve for Rydberg stage 407/714.
[INFO] Enola: Solve for Rydberg stage 408/714.
[INFO] Enola: Solve for Rydberg stage 409/714.
[INFO] Enola: Solve for Rydberg stage 410/714.
[INFO] Enola: Solve for Rydberg stage 411/714.
[INFO] Enola: Solve for Rydberg stage 412/714.
[INFO] Enola: Solve for Rydberg stage 413/714.
[INFO] Enola: Solve for Rydberg stage 414/714.
[INFO] Enola: Solve for Rydberg stage 415/714.
[INFO] Enola: Solve for Rydberg stage 416/714.
[INFO] Enola: Solve for Rydberg stage 417/714.
[INFO] Enola: Solve for Rydberg stage 418/714.
[INFO] Enola: Solve for Rydberg stage 419/714.
[INFO] Enola: Solve for Rydberg stage 420/714.
[INFO] Enola: Solve for Rydberg stage 421/714.
[INFO] Enola: Solve for Rydberg stage 422/714.
[INFO] Enola: Solve for Rydberg stage 423/714.
[INFO] Enola: Solve for Rydberg stage 424/714.
[INFO] Enola: Solve for Rydberg stage 425/714.
[INFO] Enola: Solve for Rydberg stage 426/714.
[INFO] Enola: Solve for Rydberg stage 427/714.
[INFO] Enola: Solve for Rydberg stage 428/714.
[INFO] Enola: Solve for Rydberg stage 429/714.
[INFO] Enola: Solve for Rydberg stage 430/714.
[INFO] Enola: Solve for Rydberg stage 431/714.
[INFO] Enola: Solve for Rydberg stage 432/714.
[INFO] Enola: Solve for Rydberg stage 433/714.
[INFO] Enola: Solve for Rydberg stage 434/714.
[INFO] Enola: Solve for Rydberg stage 435/714.
[INFO] Enola: Solve for Rydberg stage 436/714.
[INFO] Enola: Solve for Rydberg stage 437/714.
[INFO] Enola: Solve for Rydberg stage 438/714.
[INFO] Enola: Solve for Rydberg stage 439/714.
[INFO] Enola: Solve for Rydberg stage 440/714.
[INFO] Enola: Solve for Rydberg stage 441/714.
[INFO] Enola: Solve for Rydberg stage 442/714.
[INFO] Enola: Solve for Rydberg stage 443/714.
[INFO] Enola: Solve for Rydberg stage 444/714.
[INFO] Enola: Solve for Rydberg stage 445/714.
[INFO] Enola: Solve for Rydberg stage 446/714.
[INFO] Enola: Solve for Rydberg stage 447/714.
[INFO] Enola: Solve for Rydberg stage 448/714.
[INFO] Enola: Solve for Rydberg stage 449/714.
[INFO] Enola: Solve for Rydberg stage 450/714.
[INFO] Enola: Solve for Rydberg stage 451/714.
[INFO] Enola: Solve for Rydberg stage 452/714.
[INFO] Enola: Solve for Rydberg stage 453/714.
[INFO] Enola: Solve for Rydberg stage 454/714.
[INFO] Enola: Solve for Rydberg stage 455/714.
[INFO] Enola: Solve for Rydberg stage 456/714.
[INFO] Enola: Solve for Rydberg stage 457/714.
[INFO] Enola: Solve for Rydberg stage 458/714.
[INFO] Enola: Solve for Rydberg stage 459/714.
[INFO] Enola: Solve for Rydberg stage 460/714.
[INFO] Enola: Solve for Rydberg stage 461/714.
[INFO] Enola: Solve for Rydberg stage 462/714.
[INFO] Enola: Solve for Rydberg stage 463/714.
[INFO] Enola: Solve for Rydberg stage 464/714.
[INFO] Enola: Solve for Rydberg stage 465/714.
[INFO] Enola: Solve for Rydberg stage 466/714.
[INFO] Enola: Solve for Rydberg stage 467/714.
[INFO] Enola: Solve for Rydberg stage 468/714.
[INFO] Enola: Solve for Rydberg stage 469/714.
[INFO] Enola: Solve for Rydberg stage 470/714.
[INFO] Enola: Solve for Rydberg stage 471/714.
[INFO] Enola: Solve for Rydberg stage 472/714.
[INFO] Enola: Solve for Rydberg stage 473/714.
[INFO] Enola: Solve for Rydberg stage 474/714.
[INFO] Enola: Solve for Rydberg stage 475/714.
[INFO] Enola: Solve for Rydberg stage 476/714.
[INFO] Enola: Solve for Rydberg stage 477/714.
[INFO] Enola: Solve for Rydberg stage 478/714.
[INFO] Enola: Solve for Rydberg stage 479/714.
[INFO] Enola: Solve for Rydberg stage 480/714.
[INFO] Enola: Solve for Rydberg stage 481/714.
[INFO] Enola: Solve for Rydberg stage 482/714.
[INFO] Enola: Solve for Rydberg stage 483/714.
[INFO] Enola: Solve for Rydberg stage 484/714.
[INFO] Enola: Solve for Rydberg stage 485/714.
[INFO] Enola: Solve for Rydberg stage 486/714.
[INFO] Enola: Solve for Rydberg stage 487/714.
[INFO] Enola: Solve for Rydberg stage 488/714.
[INFO] Enola: Solve for Rydberg stage 489/714.
[INFO] Enola: Solve for Rydberg stage 490/714.
[INFO] Enola: Solve for Rydberg stage 491/714.
[INFO] Enola: Solve for Rydberg stage 492/714.
[INFO] Enola: Solve for Rydberg stage 493/714.
[INFO] Enola: Solve for Rydberg stage 494/714.
[INFO] Enola: Solve for Rydberg stage 495/714.
[INFO] Enola: Solve for Rydberg stage 496/714.
[INFO] Enola: Solve for Rydberg stage 497/714.
[INFO] Enola: Solve for Rydberg stage 498/714.
[INFO] Enola: Solve for Rydberg stage 499/714.
[INFO] Enola: Solve for Rydberg stage 500/714.
[INFO] Enola: Solve for Rydberg stage 501/714.
[INFO] Enola: Solve for Rydberg stage 502/714.
[INFO] Enola: Solve for Rydberg stage 503/714.
[INFO] Enola: Solve for Rydberg stage 504/714.
[INFO] Enola: Solve for Rydberg stage 505/714.
[INFO] Enola: Solve for Rydberg stage 506/714.
[INFO] Enola: Solve for Rydberg stage 507/714.
[INFO] Enola: Solve for Rydberg stage 508/714.
[INFO] Enola: Solve for Rydberg stage 509/714.
[INFO] Enola: Solve for Rydberg stage 510/714.
[INFO] Enola: Solve for Rydberg stage 511/714.
[INFO] Enola: Solve for Rydberg stage 512/714.
[INFO] Enola: Solve for Rydberg stage 513/714.
[INFO] Enola: Solve for Rydberg stage 514/714.
[INFO] Enola: Solve for Rydberg stage 515/714.
[INFO] Enola: Solve for Rydberg stage 516/714.
[INFO] Enola: Solve for Rydberg stage 517/714.
[INFO] Enola: Solve for Rydberg stage 518/714.
[INFO] Enola: Solve for Rydberg stage 519/714.
[INFO] Enola: Solve for Rydberg stage 520/714.
[INFO] Enola: Solve for Rydberg stage 521/714.
[INFO] Enola: Solve for Rydberg stage 522/714.
[INFO] Enola: Solve for Rydberg stage 523/714.
[INFO] Enola: Solve for Rydberg stage 524/714.
[INFO] Enola: Solve for Rydberg stage 525/714.
[INFO] Enola: Solve for Rydberg stage 526/714.
[INFO] Enola: Solve for Rydberg stage 527/714.
[INFO] Enola: Solve for Rydberg stage 528/714.
[INFO] Enola: Solve for Rydberg stage 529/714.
[INFO] Enola: Solve for Rydberg stage 530/714.
[INFO] Enola: Solve for Rydberg stage 531/714.
[INFO] Enola: Solve for Rydberg stage 532/714.
[INFO] Enola: Solve for Rydberg stage 533/714.
[INFO] Enola: Solve for Rydberg stage 534/714.
[INFO] Enola: Solve for Rydberg stage 535/714.
[INFO] Enola: Solve for Rydberg stage 536/714.
[INFO] Enola: Solve for Rydberg stage 537/714.
[INFO] Enola: Solve for Rydberg stage 538/714.
[INFO] Enola: Solve for Rydberg stage 539/714.
[INFO] Enola: Solve for Rydberg stage 540/714.
[INFO] Enola: Solve for Rydberg stage 541/714.
[INFO] Enola: Solve for Rydberg stage 542/714.
[INFO] Enola: Solve for Rydberg stage 543/714.
[INFO] Enola: Solve for Rydberg stage 544/714.
[INFO] Enola: Solve for Rydberg stage 545/714.
[INFO] Enola: Solve for Rydberg stage 546/714.
[INFO] Enola: Solve for Rydberg stage 547/714.
[INFO] Enola: Solve for Rydberg stage 548/714.
[INFO] Enola: Solve for Rydberg stage 549/714.
[INFO] Enola: Solve for Rydberg stage 550/714.
[INFO] Enola: Solve for Rydberg stage 551/714.
[INFO] Enola: Solve for Rydberg stage 552/714.
[INFO] Enola: Solve for Rydberg stage 553/714.
[INFO] Enola: Solve for Rydberg stage 554/714.
[INFO] Enola: Solve for Rydberg stage 555/714.
[INFO] Enola: Solve for Rydberg stage 556/714.
[INFO] Enola: Solve for Rydberg stage 557/714.
[INFO] Enola: Solve for Rydberg stage 558/714.
[INFO] Enola: Solve for Rydberg stage 559/714.
[INFO] Enola: Solve for Rydberg stage 560/714.
[INFO] Enola: Solve for Rydberg stage 561/714.
[INFO] Enola: Solve for Rydberg stage 562/714.
[INFO] Enola: Solve for Rydberg stage 563/714.
[INFO] Enola: Solve for Rydberg stage 564/714.
[INFO] Enola: Solve for Rydberg stage 565/714.
[INFO] Enola: Solve for Rydberg stage 566/714.
[INFO] Enola: Solve for Rydberg stage 567/714.
[INFO] Enola: Solve for Rydberg stage 568/714.
[INFO] Enola: Solve for Rydberg stage 569/714.
[INFO] Enola: Solve for Rydberg stage 570/714.
[INFO] Enola: Solve for Rydberg stage 571/714.
[INFO] Enola: Solve for Rydberg stage 572/714.
[INFO] Enola: Solve for Rydberg stage 573/714.
[INFO] Enola: Solve for Rydberg stage 574/714.
[INFO] Enola: Solve for Rydberg stage 575/714.
[INFO] Enola: Solve for Rydberg stage 576/714.
[INFO] Enola: Solve for Rydberg stage 577/714.
[INFO] Enola: Solve for Rydberg stage 578/714.
[INFO] Enola: Solve for Rydberg stage 579/714.
[INFO] Enola: Solve for Rydberg stage 580/714.
[INFO] Enola: Solve for Rydberg stage 581/714.
[INFO] Enola: Solve for Rydberg stage 582/714.
[INFO] Enola: Solve for Rydberg stage 583/714.
[INFO] Enola: Solve for Rydberg stage 584/714.
[INFO] Enola: Solve for Rydberg stage 585/714.
[INFO] Enola: Solve for Rydberg stage 586/714.
[INFO] Enola: Solve for Rydberg stage 587/714.
[INFO] Enola: Solve for Rydberg stage 588/714.
[INFO] Enola: Solve for Rydberg stage 589/714.
[INFO] Enola: Solve for Rydberg stage 590/714.
[INFO] Enola: Solve for Rydberg stage 591/714.
[INFO] Enola: Solve for Rydberg stage 592/714.
[INFO] Enola: Solve for Rydberg stage 593/714.
[INFO] Enola: Solve for Rydberg stage 594/714.
[INFO] Enola: Solve for Rydberg stage 595/714.
[INFO] Enola: Solve for Rydberg stage 596/714.
[INFO] Enola: Solve for Rydberg stage 597/714.
[INFO] Enola: Solve for Rydberg stage 598/714.
[INFO] Enola: Solve for Rydberg stage 599/714.
[INFO] Enola: Solve for Rydberg stage 600/714.
[INFO] Enola: Solve for Rydberg stage 601/714.
[INFO] Enola: Solve for Rydberg stage 602/714.
[INFO] Enola: Solve for Rydberg stage 603/714.
[INFO] Enola: Solve for Rydberg stage 604/714.
[INFO] Enola: Solve for Rydberg stage 605/714.
[INFO] Enola: Solve for Rydberg stage 606/714.
[INFO] Enola: Solve for Rydberg stage 607/714.
[INFO] Enola: Solve for Rydberg stage 608/714.
[INFO] Enola: Solve for Rydberg stage 609/714.
[INFO] Enola: Solve for Rydberg stage 610/714.
[INFO] Enola: Solve for Rydberg stage 611/714.
[INFO] Enola: Solve for Rydberg stage 612/714.
[INFO] Enola: Solve for Rydberg stage 613/714.
[INFO] Enola: Solve for Rydberg stage 614/714.
[INFO] Enola: Solve for Rydberg stage 615/714.
[INFO] Enola: Solve for Rydberg stage 616/714.
[INFO] Enola: Solve for Rydberg stage 617/714.
[INFO] Enola: Solve for Rydberg stage 618/714.
[INFO] Enola: Solve for Rydberg stage 619/714.
[INFO] Enola: Solve for Rydberg stage 620/714.
[INFO] Enola: Solve for Rydberg stage 621/714.
[INFO] Enola: Solve for Rydberg stage 622/714.
[INFO] Enola: Solve for Rydberg stage 623/714.
[INFO] Enola: Solve for Rydberg stage 624/714.
[INFO] Enola: Solve for Rydberg stage 625/714.
[INFO] Enola: Solve for Rydberg stage 626/714.
[INFO] Enola: Solve for Rydberg stage 627/714.
[INFO] Enola: Solve for Rydberg stage 628/714.
[INFO] Enola: Solve for Rydberg stage 629/714.
[INFO] Enola: Solve for Rydberg stage 630/714.
[INFO] Enola: Solve for Rydberg stage 631/714.
[INFO] Enola: Solve for Rydberg stage 632/714.
[INFO] Enola: Solve for Rydberg stage 633/714.
[INFO] Enola: Solve for Rydberg stage 634/714.
[INFO] Enola: Solve for Rydberg stage 635/714.
[INFO] Enola: Solve for Rydberg stage 636/714.
[INFO] Enola: Solve for Rydberg stage 637/714.
[INFO] Enola: Solve for Rydberg stage 638/714.
[INFO] Enola: Solve for Rydberg stage 639/714.
[INFO] Enola: Solve for Rydberg stage 640/714.
[INFO] Enola: Solve for Rydberg stage 641/714.
[INFO] Enola: Solve for Rydberg stage 642/714.
[INFO] Enola: Solve for Rydberg stage 643/714.
[INFO] Enola: Solve for Rydberg stage 644/714.
[INFO] Enola: Solve for Rydberg stage 645/714.
[INFO] Enola: Solve for Rydberg stage 646/714.
[INFO] Enola: Solve for Rydberg stage 647/714.
[INFO] Enola: Solve for Rydberg stage 648/714.
[INFO] Enola: Solve for Rydberg stage 649/714.
[INFO] Enola: Solve for Rydberg stage 650/714.
[INFO] Enola: Solve for Rydberg stage 651/714.
[INFO] Enola: Solve for Rydberg stage 652/714.
[INFO] Enola: Solve for Rydberg stage 653/714.
[INFO] Enola: Solve for Rydberg stage 654/714.
[INFO] Enola: Solve for Rydberg stage 655/714.
[INFO] Enola: Solve for Rydberg stage 656/714.
[INFO] Enola: Solve for Rydberg stage 657/714.
[INFO] Enola: Solve for Rydberg stage 658/714.
[INFO] Enola: Solve for Rydberg stage 659/714.
[INFO] Enola: Solve for Rydberg stage 660/714.
[INFO] Enola: Solve for Rydberg stage 661/714.
[INFO] Enola: Solve for Rydberg stage 662/714.
[INFO] Enola: Solve for Rydberg stage 663/714.
[INFO] Enola: Solve for Rydberg stage 664/714.
[INFO] Enola: Solve for Rydberg stage 665/714.
[INFO] Enola: Solve for Rydberg stage 666/714.
[INFO] Enola: Solve for Rydberg stage 667/714.
[INFO] Enola: Solve for Rydberg stage 668/714.
[INFO] Enola: Solve for Rydberg stage 669/714.
[INFO] Enola: Solve for Rydberg stage 670/714.
[INFO] Enola: Solve for Rydberg stage 671/714.
[INFO] Enola: Solve for Rydberg stage 672/714.
[INFO] Enola: Solve for Rydberg stage 673/714.
[INFO] Enola: Solve for Rydberg stage 674/714.
[INFO] Enola: Solve for Rydberg stage 675/714.
[INFO] Enola: Solve for Rydberg stage 676/714.
[INFO] Enola: Solve for Rydberg stage 677/714.
[INFO] Enola: Solve for Rydberg stage 678/714.
[INFO] Enola: Solve for Rydberg stage 679/714.
[INFO] Enola: Solve for Rydberg stage 680/714.
[INFO] Enola: Solve for Rydberg stage 681/714.
[INFO] Enola: Solve for Rydberg stage 682/714.
[INFO] Enola: Solve for Rydberg stage 683/714.
[INFO] Enola: Solve for Rydberg stage 684/714.
[INFO] Enola: Solve for Rydberg stage 685/714.
[INFO] Enola: Solve for Rydberg stage 686/714.
[INFO] Enola: Solve for Rydberg stage 687/714.
[INFO] Enola: Solve for Rydberg stage 688/714.
[INFO] Enola: Solve for Rydberg stage 689/714.
[INFO] Enola: Solve for Rydberg stage 690/714.
[INFO] Enola: Solve for Rydberg stage 691/714.
[INFO] Enola: Solve for Rydberg stage 692/714.
[INFO] Enola: Solve for Rydberg stage 693/714.
[INFO] Enola: Solve for Rydberg stage 694/714.
[INFO] Enola: Solve for Rydberg stage 695/714.
[INFO] Enola: Solve for Rydberg stage 696/714.
[INFO] Enola: Solve for Rydberg stage 697/714.
[INFO] Enola: Solve for Rydberg stage 698/714.
[INFO] Enola: Solve for Rydberg stage 699/714.
[INFO] Enola: Solve for Rydberg stage 700/714.
[INFO] Enola: Solve for Rydberg stage 701/714.
[INFO] Enola: Solve for Rydberg stage 702/714.
[INFO] Enola: Solve for Rydberg stage 703/714.
[INFO] Enola: Solve for Rydberg stage 704/714.
[INFO] Enola: Solve for Rydberg stage 705/714.
[INFO] Enola: Solve for Rydberg stage 706/714.
[INFO] Enola: Solve for Rydberg stage 707/714.
[INFO] Enola: Solve for Rydberg stage 708/714.
[INFO] Enola: Solve for Rydberg stage 709/714.
[INFO] Enola: Solve for Rydberg stage 710/714.
[INFO] Enola: Solve for Rydberg stage 711/714.
[INFO] Enola: Solve for Rydberg stage 712/714.
[INFO] Enola: Solve for Rydberg stage 713/714.
[INFO] Enola: Solve for Rydberg stage 714/714.
[INFO] Enola: Solve for Rydberg stage 715/714.
[INFO] Enola: Time for routing: 0.1058053970336914s
[INFO] Enola: Total Time: 2.022606134414673s
Compilation successful.

2026-03-25 17:27:37,554 - BenchmarkManager - INFO - enola (run 1/1) - Running /u/halle/heiz/home_at/BachelorProject/benchmarks/uf_fix50_20-100/uf50-0180.qasm
2026-03-25 17:27:40,511 - Compiler.enola - INFO - STDOUT:
[INFO] Enola: Start Solving
[INFO] Enola: Run scheduling
[INFO] Enola: Time for scheduling: 0.0006363391876220703s
75
[INFO] Enola: Time for placement: 8.344650268554688e-06s
[INFO] Enola: Solve for Rydberg stage 2/767.
[INFO] Enola: Solve for Rydberg stage 3/767.
[INFO] Enola: Solve for Rydberg stage 4/767.
[INFO] Enola: Solve for Rydberg stage 5/767.
[INFO] Enola: Solve for Rydberg stage 6/767.
[INFO] Enola: Solve for Rydberg stage 7/767.
[INFO] Enola: Solve for Rydberg stage 8/767.
[INFO] Enola: Solve for Rydberg stage 9/767.
[INFO] Enola: Solve for Rydberg stage 10/767.
[INFO] Enola: Solve for Rydberg stage 11/767.
[INFO] Enola: Solve for Rydberg stage 12/767.
[INFO] Enola: Solve for Rydberg stage 13/767.
[INFO] Enola: Solve for Rydberg stage 14/767.
[INFO] Enola: Solve for Rydberg stage 15/767.
[INFO] Enola: Solve for Rydberg stage 16/767.
[INFO] Enola: Solve for Rydberg stage 17/767.
[INFO] Enola: Solve for Rydberg stage 18/767.
[INFO] Enola: Solve for Rydberg stage 19/767.
[INFO] Enola: Solve for Rydberg stage 20/767.
[INFO] Enola: Solve for Rydberg stage 21/767.
[INFO] Enola: Solve for Rydberg stage 22/767.
[INFO] Enola: Solve for Rydberg stage 23/767.
[INFO] Enola: Solve for Rydberg stage 24/767.
[INFO] Enola: Solve for Rydberg stage 25/767.
[INFO] Enola: Solve for Rydberg stage 26/767.
[INFO] Enola: Solve for Rydberg stage 27/767.
[INFO] Enola: Solve for Rydberg stage 28/767.
[INFO] Enola: Solve for Rydberg stage 29/767.
[INFO] Enola: Solve for Rydberg stage 30/767.
[INFO] Enola: Solve for Rydberg stage 31/767.
[INFO] Enola: Solve for Rydberg stage 32/767.
[INFO] Enola: Solve for Rydberg stage 33/767.
[INFO] Enola: Solve for Rydberg stage 34/767.
[INFO] Enola: Solve for Rydberg stage 35/767.
[INFO] Enola: Solve for Rydberg stage 36/767.
[INFO] Enola: Solve for Rydberg stage 37/767.
[INFO] Enola: Solve for Rydberg stage 38/767.
[INFO] Enola: Solve for Rydberg stage 39/767.
[INFO] Enola: Solve for Rydberg stage 40/767.
[INFO] Enola: Solve for Rydberg stage 41/767.
[INFO] Enola: Solve for Rydberg stage 42/767.
[INFO] Enola: Solve for Rydberg stage 43/767.
[INFO] Enola: Solve for Rydberg stage 44/767.
[INFO] Enola: Solve for Rydberg stage 45/767.
[INFO] Enola: Solve for Rydberg stage 46/767.
[INFO] Enola: Solve for Rydberg stage 47/767.
[INFO] Enola: Solve for Rydberg stage 48/767.
[INFO] Enola: Solve for Rydberg stage 49/767.
[INFO] Enola: Solve for Rydberg stage 50/767.
[INFO] Enola: Solve for Rydberg stage 51/767.
[INFO] Enola: Solve for Rydberg stage 52/767.
[INFO] Enola: Solve for Rydberg stage 53/767.
[INFO] Enola: Solve for Rydberg stage 54/767.
[INFO] Enola: Solve for Rydberg stage 55/767.
[INFO] Enola: Solve for Rydberg stage 56/767.
[INFO] Enola: Solve for Rydberg stage 57/767.
[INFO] Enola: Solve for Rydberg stage 58/767.
[INFO] Enola: Solve for Rydberg stage 59/767.
[INFO] Enola: Solve for Rydberg stage 60/767.
[INFO] Enola: Solve for Rydberg stage 61/767.
[INFO] Enola: Solve for Rydberg stage 62/767.
[INFO] Enola: Solve for Rydberg stage 63/767.
[INFO] Enola: Solve for Rydberg stage 64/767.
[INFO] Enola: Solve for Rydberg stage 65/767.
[INFO] Enola: Solve for Rydberg stage 66/767.
[INFO] Enola: Solve for Rydberg stage 67/767.
[INFO] Enola: Solve for Rydberg stage 68/767.
[INFO] Enola: Solve for Rydberg stage 69/767.
[INFO] Enola: Solve for Rydberg stage 70/767.
[INFO] Enola: Solve for Rydberg stage 71/767.
[INFO] Enola: Solve for Rydberg stage 72/767.
[INFO] Enola: Solve for Rydberg stage 73/767.
[INFO] Enola: Solve for Rydberg stage 74/767.
[INFO] Enola: Solve for Rydberg stage 75/767.
[INFO] Enola: Solve for Rydberg stage 76/767.
[INFO] Enola: Solve for Rydberg stage 77/767.
[INFO] Enola: Solve for Rydberg stage 78/767.
[INFO] Enola: Solve for Rydberg stage 79/767.
[INFO] Enola: Solve for Rydberg stage 80/767.
[INFO] Enola: Solve for Rydberg stage 81/767.
[INFO] Enola: Solve for Rydberg stage 82/767.
[INFO] Enola: Solve for Rydberg stage 83/767.
[INFO] Enola: Solve for Rydberg stage 84/767.
[INFO] Enola: Solve for Rydberg stage 85/767.
[INFO] Enola: Solve for Rydberg stage 86/767.
[INFO] Enola: Solve for Rydberg stage 87/767.
[INFO] Enola: Solve for Rydberg stage 88/767.
[INFO] Enola: Solve for Rydberg stage 89/767.
[INFO] Enola: Solve for Rydberg stage 90/767.
[INFO] Enola: Solve for Rydberg stage 91/767.
[INFO] Enola: Solve for Rydberg stage 92/767.
[INFO] Enola: Solve for Rydberg stage 93/767.
[INFO] Enola: Solve for Rydberg stage 94/767.
[INFO] Enola: Solve for Rydberg stage 95/767.
[INFO] Enola: Solve for Rydberg stage 96/767.
[INFO] Enola: Solve for Rydberg stage 97/767.
[INFO] Enola: Solve for Rydberg stage 98/767.
[INFO] Enola: Solve for Rydberg stage 99/767.
[INFO] Enola: Solve for Rydberg stage 100/767.
[INFO] Enola: Solve for Rydberg stage 101/767.
[INFO] Enola: Solve for Rydberg stage 102/767.
[INFO] Enola: Solve for Rydberg stage 103/767.
[INFO] Enola: Solve for Rydberg stage 104/767.
[INFO] Enola: Solve for Rydberg stage 105/767.
[INFO] Enola: Solve for Rydberg stage 106/767.
[INFO] Enola: Solve for Rydberg stage 107/767.
[INFO] Enola: Solve for Rydberg stage 108/767.
[INFO] Enola: Solve for Rydberg stage 109/767.
[INFO] Enola: Solve for Rydberg stage 110/767.
[INFO] Enola: Solve for Rydberg stage 111/767.
[INFO] Enola: Solve for Rydberg stage 112/767.
[INFO] Enola: Solve for Rydberg stage 113/767.
[INFO] Enola: Solve for Rydberg stage 114/767.
[INFO] Enola: Solve for Rydberg stage 115/767.
[INFO] Enola: Solve for Rydberg stage 116/767.
[INFO] Enola: Solve for Rydberg stage 117/767.
[INFO] Enola: Solve for Rydberg stage 118/767.
[INFO] Enola: Solve for Rydberg stage 119/767.
[INFO] Enola: Solve for Rydberg stage 120/767.
[INFO] Enola: Solve for Rydberg stage 121/767.
[INFO] Enola: Solve for Rydberg stage 122/767.
[INFO] Enola: Solve for Rydberg stage 123/767.
[INFO] Enola: Solve for Rydberg stage 124/767.
[INFO] Enola: Solve for Rydberg stage 125/767.
[INFO] Enola: Solve for Rydberg stage 126/767.
[INFO] Enola: Solve for Rydberg stage 127/767.
[INFO] Enola: Solve for Rydberg stage 128/767.
[INFO] Enola: Solve for Rydberg stage 129/767.
[INFO] Enola: Solve for Rydberg stage 130/767.
[INFO] Enola: Solve for Rydberg stage 131/767.
[INFO] Enola: Solve for Rydberg stage 132/767.
[INFO] Enola: Solve for Rydberg stage 133/767.
[INFO] Enola: Solve for Rydberg stage 134/767.
[INFO] Enola: Solve for Rydberg stage 135/767.
[INFO] Enola: Solve for Rydberg stage 136/767.
[INFO] Enola: Solve for Rydberg stage 137/767.
[INFO] Enola: Solve for Rydberg stage 138/767.
[INFO] Enola: Solve for Rydberg stage 139/767.
[INFO] Enola: Solve for Rydberg stage 140/767.
[INFO] Enola: Solve for Rydberg stage 141/767.
[INFO] Enola: Solve for Rydberg stage 142/767.
[INFO] Enola: Solve for Rydberg stage 143/767.
[INFO] Enola: Solve for Rydberg stage 144/767.
[INFO] Enola: Solve for Rydberg stage 145/767.
[INFO] Enola: Solve for Rydberg stage 146/767.
[INFO] Enola: Solve for Rydberg stage 147/767.
[INFO] Enola: Solve for Rydberg stage 148/767.
[INFO] Enola: Solve for Rydberg stage 149/767.
[INFO] Enola: Solve for Rydberg stage 150/767.
[INFO] Enola: Solve for Rydberg stage 151/767.
[INFO] Enola: Solve for Rydberg stage 152/767.
[INFO] Enola: Solve for Rydberg stage 153/767.
[INFO] Enola: Solve for Rydberg stage 154/767.
[INFO] Enola: Solve for Rydberg stage 155/767.
[INFO] Enola: Solve for Rydberg stage 156/767.
[INFO] Enola: Solve for Rydberg stage 157/767.
[INFO] Enola: Solve for Rydberg stage 158/767.
[INFO] Enola: Solve for Rydberg stage 159/767.
[INFO] Enola: Solve for Rydberg stage 160/767.
[INFO] Enola: Solve for Rydberg stage 161/767.
[INFO] Enola: Solve for Rydberg stage 162/767.
[INFO] Enola: Solve for Rydberg stage 163/767.
[INFO] Enola: Solve for Rydberg stage 164/767.
[INFO] Enola: Solve for Rydberg stage 165/767.
[INFO] Enola: Solve for Rydberg stage 166/767.
[INFO] Enola: Solve for Rydberg stage 167/767.
[INFO] Enola: Solve for Rydberg stage 168/767.
[INFO] Enola: Solve for Rydberg stage 169/767.
[INFO] Enola: Solve for Rydberg stage 170/767.
[INFO] Enola: Solve for Rydberg stage 171/767.
[INFO] Enola: Solve for Rydberg stage 172/767.
[INFO] Enola: Solve for Rydberg stage 173/767.
[INFO] Enola: Solve for Rydberg stage 174/767.
[INFO] Enola: Solve for Rydberg stage 175/767.
[INFO] Enola: Solve for Rydberg stage 176/767.
[INFO] Enola: Solve for Rydberg stage 177/767.
[INFO] Enola: Solve for Rydberg stage 178/767.
[INFO] Enola: Solve for Rydberg stage 179/767.
[INFO] Enola: Solve for Rydberg stage 180/767.
[INFO] Enola: Solve for Rydberg stage 181/767.
[INFO] Enola: Solve for Rydberg stage 182/767.
[INFO] Enola: Solve for Rydberg stage 183/767.
[INFO] Enola: Solve for Rydberg stage 184/767.
[INFO] Enola: Solve for Rydberg stage 185/767.
[INFO] Enola: Solve for Rydberg stage 186/767.
[INFO] Enola: Solve for Rydberg stage 187/767.
[INFO] Enola: Solve for Rydberg stage 188/767.
[INFO] Enola: Solve for Rydberg stage 189/767.
[INFO] Enola: Solve for Rydberg stage 190/767.
[INFO] Enola: Solve for Rydberg stage 191/767.
[INFO] Enola: Solve for Rydberg stage 192/767.
[INFO] Enola: Solve for Rydberg stage 193/767.
[INFO] Enola: Solve for Rydberg stage 194/767.
[INFO] Enola: Solve for Rydberg stage 195/767.
[INFO] Enola: Solve for Rydberg stage 196/767.
[INFO] Enola: Solve for Rydberg stage 197/767.
[INFO] Enola: Solve for Rydberg stage 198/767.
[INFO] Enola: Solve for Rydberg stage 199/767.
[INFO] Enola: Solve for Rydberg stage 200/767.
[INFO] Enola: Solve for Rydberg stage 201/767.
[INFO] Enola: Solve for Rydberg stage 202/767.
[INFO] Enola: Solve for Rydberg stage 203/767.
[INFO] Enola: Solve for Rydberg stage 204/767.
[INFO] Enola: Solve for Rydberg stage 205/767.
[INFO] Enola: Solve for Rydberg stage 206/767.
[INFO] Enola: Solve for Rydberg stage 207/767.
[INFO] Enola: Solve for Rydberg stage 208/767.
[INFO] Enola: Solve for Rydberg stage 209/767.
[INFO] Enola: Solve for Rydberg stage 210/767.
[INFO] Enola: Solve for Rydberg stage 211/767.
[INFO] Enola: Solve for Rydberg stage 212/767.
[INFO] Enola: Solve for Rydberg stage 213/767.
[INFO] Enola: Solve for Rydberg stage 214/767.
[INFO] Enola: Solve for Rydberg stage 215/767.
[INFO] Enola: Solve for Rydberg stage 216/767.
[INFO] Enola: Solve for Rydberg stage 217/767.
[INFO] Enola: Solve for Rydberg stage 218/767.
[INFO] Enola: Solve for Rydberg stage 219/767.
[INFO] Enola: Solve for Rydberg stage 220/767.
[INFO] Enola: Solve for Rydberg stage 221/767.
[INFO] Enola: Solve for Rydberg stage 222/767.
[INFO] Enola: Solve for Rydberg stage 223/767.
[INFO] Enola: Solve for Rydberg stage 224/767.
[INFO] Enola: Solve for Rydberg stage 225/767.
[INFO] Enola: Solve for Rydberg stage 226/767.
[INFO] Enola: Solve for Rydberg stage 227/767.
[INFO] Enola: Solve for Rydberg stage 228/767.
[INFO] Enola: Solve for Rydberg stage 229/767.
[INFO] Enola: Solve for Rydberg stage 230/767.
[INFO] Enola: Solve for Rydberg stage 231/767.
[INFO] Enola: Solve for Rydberg stage 232/767.
[INFO] Enola: Solve for Rydberg stage 233/767.
[INFO] Enola: Solve for Rydberg stage 234/767.
[INFO] Enola: Solve for Rydberg stage 235/767.
[INFO] Enola: Solve for Rydberg stage 236/767.
[INFO] Enola: Solve for Rydberg stage 237/767.
[INFO] Enola: Solve for Rydberg stage 238/767.
[INFO] Enola: Solve for Rydberg stage 239/767.
[INFO] Enola: Solve for Rydberg stage 240/767.
[INFO] Enola: Solve for Rydberg stage 241/767.
[INFO] Enola: Solve for Rydberg stage 242/767.
[INFO] Enola: Solve for Rydberg stage 243/767.
[INFO] Enola: Solve for Rydberg stage 244/767.
[INFO] Enola: Solve for Rydberg stage 245/767.
[INFO] Enola: Solve for Rydberg stage 246/767.
[INFO] Enola: Solve for Rydberg stage 247/767.
[INFO] Enola: Solve for Rydberg stage 248/767.
[INFO] Enola: Solve for Rydberg stage 249/767.
[INFO] Enola: Solve for Rydberg stage 250/767.
[INFO] Enola: Solve for Rydberg stage 251/767.
[INFO] Enola: Solve for Rydberg stage 252/767.
[INFO] Enola: Solve for Rydberg stage 253/767.
[INFO] Enola: Solve for Rydberg stage 254/767.
[INFO] Enola: Solve for Rydberg stage 255/767.
[INFO] Enola: Solve for Rydberg stage 256/767.
[INFO] Enola: Solve for Rydberg stage 257/767.
[INFO] Enola: Solve for Rydberg stage 258/767.
[INFO] Enola: Solve for Rydberg stage 259/767.
[INFO] Enola: Solve for Rydberg stage 260/767.
[INFO] Enola: Solve for Rydberg stage 261/767.
[INFO] Enola: Solve for Rydberg stage 262/767.
[INFO] Enola: Solve for Rydberg stage 263/767.
[INFO] Enola: Solve for Rydberg stage 264/767.
[INFO] Enola: Solve for Rydberg stage 265/767.
[INFO] Enola: Solve for Rydberg stage 266/767.
[INFO] Enola: Solve for Rydberg stage 267/767.
[INFO] Enola: Solve for Rydberg stage 268/767.
[INFO] Enola: Solve for Rydberg stage 269/767.
[INFO] Enola: Solve for Rydberg stage 270/767.
[INFO] Enola: Solve for Rydberg stage 271/767.
[INFO] Enola: Solve for Rydberg stage 272/767.
[INFO] Enola: Solve for Rydberg stage 273/767.
[INFO] Enola: Solve for Rydberg stage 274/767.
[INFO] Enola: Solve for Rydberg stage 275/767.
[INFO] Enola: Solve for Rydberg stage 276/767.
[INFO] Enola: Solve for Rydberg stage 277/767.
[INFO] Enola: Solve for Rydberg stage 278/767.
[INFO] Enola: Solve for Rydberg stage 279/767.
[INFO] Enola: Solve for Rydberg stage 280/767.
[INFO] Enola: Solve for Rydberg stage 281/767.
[INFO] Enola: Solve for Rydberg stage 282/767.
[INFO] Enola: Solve for Rydberg stage 283/767.
[INFO] Enola: Solve for Rydberg stage 284/767.
[INFO] Enola: Solve for Rydberg stage 285/767.
[INFO] Enola: Solve for Rydberg stage 286/767.
[INFO] Enola: Solve for Rydberg stage 287/767.
[INFO] Enola: Solve for Rydberg stage 288/767.
[INFO] Enola: Solve for Rydberg stage 289/767.
[INFO] Enola: Solve for Rydberg stage 290/767.
[INFO] Enola: Solve for Rydberg stage 291/767.
[INFO] Enola: Solve for Rydberg stage 292/767.
[INFO] Enola: Solve for Rydberg stage 293/767.
[INFO] Enola: Solve for Rydberg stage 294/767.
[INFO] Enola: Solve for Rydberg stage 295/767.
[INFO] Enola: Solve for Rydberg stage 296/767.
[INFO] Enola: Solve for Rydberg stage 297/767.
[INFO] Enola: Solve for Rydberg stage 298/767.
[INFO] Enola: Solve for Rydberg stage 299/767.
[INFO] Enola: Solve for Rydberg stage 300/767.
[INFO] Enola: Solve for Rydberg stage 301/767.
[INFO] Enola: Solve for Rydberg stage 302/767.
[INFO] Enola: Solve for Rydberg stage 303/767.
[INFO] Enola: Solve for Rydberg stage 304/767.
[INFO] Enola: Solve for Rydberg stage 305/767.
[INFO] Enola: Solve for Rydberg stage 306/767.
[INFO] Enola: Solve for Rydberg stage 307/767.
[INFO] Enola: Solve for Rydberg stage 308/767.
[INFO] Enola: Solve for Rydberg stage 309/767.
[INFO] Enola: Solve for Rydberg stage 310/767.
[INFO] Enola: Solve for Rydberg stage 311/767.
[INFO] Enola: Solve for Rydberg stage 312/767.
[INFO] Enola: Solve for Rydberg stage 313/767.
[INFO] Enola: Solve for Rydberg stage 314/767.
[INFO] Enola: Solve for Rydberg stage 315/767.
[INFO] Enola: Solve for Rydberg stage 316/767.
[INFO] Enola: Solve for Rydberg stage 317/767.
[INFO] Enola: Solve for Rydberg stage 318/767.
[INFO] Enola: Solve for Rydberg stage 319/767.
[INFO] Enola: Solve for Rydberg stage 320/767.
[INFO] Enola: Solve for Rydberg stage 321/767.
[INFO] Enola: Solve for Rydberg stage 322/767.
[INFO] Enola: Solve for Rydberg stage 323/767.
[INFO] Enola: Solve for Rydberg stage 324/767.
[INFO] Enola: Solve for Rydberg stage 325/767.
[INFO] Enola: Solve for Rydberg stage 326/767.
[INFO] Enola: Solve for Rydberg stage 327/767.
[INFO] Enola: Solve for Rydberg stage 328/767.
[INFO] Enola: Solve for Rydberg stage 329/767.
[INFO] Enola: Solve for Rydberg stage 330/767.
[INFO] Enola: Solve for Rydberg stage 331/767.
[INFO] Enola: Solve for Rydberg stage 332/767.
[INFO] Enola: Solve for Rydberg stage 333/767.
[INFO] Enola: Solve for Rydberg stage 334/767.
[INFO] Enola: Solve for Rydberg stage 335/767.
[INFO] Enola: Solve for Rydberg stage 336/767.
[INFO] Enola: Solve for Rydberg stage 337/767.
[INFO] Enola: Solve for Rydberg stage 338/767.
[INFO] Enola: Solve for Rydberg stage 339/767.
[INFO] Enola: Solve for Rydberg stage 340/767.
[INFO] Enola: Solve for Rydberg stage 341/767.
[INFO] Enola: Solve for Rydberg stage 342/767.
[INFO] Enola: Solve for Rydberg stage 343/767.
[INFO] Enola: Solve for Rydberg stage 344/767.
[INFO] Enola: Solve for Rydberg stage 345/767.
[INFO] Enola: Solve for Rydberg stage 346/767.
[INFO] Enola: Solve for Rydberg stage 347/767.
[INFO] Enola: Solve for Rydberg stage 348/767.
[INFO] Enola: Solve for Rydberg stage 349/767.
[INFO] Enola: Solve for Rydberg stage 350/767.
[INFO] Enola: Solve for Rydberg stage 351/767.
[INFO] Enola: Solve for Rydberg stage 352/767.
[INFO] Enola: Solve for Rydberg stage 353/767.
[INFO] Enola: Solve for Rydberg stage 354/767.
[INFO] Enola: Solve for Rydberg stage 355/767.
[INFO] Enola: Solve for Rydberg stage 356/767.
[INFO] Enola: Solve for Rydberg stage 357/767.
[INFO] Enola: Solve for Rydberg stage 358/767.
[INFO] Enola: Solve for Rydberg stage 359/767.
[INFO] Enola: Solve for Rydberg stage 360/767.
[INFO] Enola: Solve for Rydberg stage 361/767.
[INFO] Enola: Solve for Rydberg stage 362/767.
[INFO] Enola: Solve for Rydberg stage 363/767.
[INFO] Enola: Solve for Rydberg stage 364/767.
[INFO] Enola: Solve for Rydberg stage 365/767.
[INFO] Enola: Solve for Rydberg stage 366/767.
[INFO] Enola: Solve for Rydberg stage 367/767.
[INFO] Enola: Solve for Rydberg stage 368/767.
[INFO] Enola: Solve for Rydberg stage 369/767.
[INFO] Enola: Solve for Rydberg stage 370/767.
[INFO] Enola: Solve for Rydberg stage 371/767.
[INFO] Enola: Solve for Rydberg stage 372/767.
[INFO] Enola: Solve for Rydberg stage 373/767.
[INFO] Enola: Solve for Rydberg stage 374/767.
[INFO] Enola: Solve for Rydberg stage 375/767.
[INFO] Enola: Solve for Rydberg stage 376/767.
[INFO] Enola: Solve for Rydberg stage 377/767.
[INFO] Enola: Solve for Rydberg stage 378/767.
[INFO] Enola: Solve for Rydberg stage 379/767.
[INFO] Enola: Solve for Rydberg stage 380/767.
[INFO] Enola: Solve for Rydberg stage 381/767.
[INFO] Enola: Solve for Rydberg stage 382/767.
[INFO] Enola: Solve for Rydberg stage 383/767.
[INFO] Enola: Solve for Rydberg stage 384/767.
[INFO] Enola: Solve for Rydberg stage 385/767.
[INFO] Enola: Solve for Rydberg stage 386/767.
[INFO] Enola: Solve for Rydberg stage 387/767.
[INFO] Enola: Solve for Rydberg stage 388/767.
[INFO] Enola: Solve for Rydberg stage 389/767.
[INFO] Enola: Solve for Rydberg stage 390/767.
[INFO] Enola: Solve for Rydberg stage 391/767.
[INFO] Enola: Solve for Rydberg stage 392/767.
[INFO] Enola: Solve for Rydberg stage 393/767.
[INFO] Enola: Solve for Rydberg stage 394/767.
[INFO] Enola: Solve for Rydberg stage 395/767.
[INFO] Enola: Solve for Rydberg stage 396/767.
[INFO] Enola: Solve for Rydberg stage 397/767.
[INFO] Enola: Solve for Rydberg stage 398/767.
[INFO] Enola: Solve for Rydberg stage 399/767.
[INFO] Enola: Solve for Rydberg stage 400/767.
[INFO] Enola: Solve for Rydberg stage 401/767.
[INFO] Enola: Solve for Rydberg stage 402/767.
[INFO] Enola: Solve for Rydberg stage 403/767.
[INFO] Enola: Solve for Rydberg stage 404/767.
[INFO] Enola: Solve for Rydberg stage 405/767.
[INFO] Enola: Solve for Rydberg stage 406/767.
[INFO] Enola: Solve for Rydberg stage 407/767.
[INFO] Enola: Solve for Rydberg stage 408/767.
[INFO] Enola: Solve for Rydberg stage 409/767.
[INFO] Enola: Solve for Rydberg stage 410/767.
[INFO] Enola: Solve for Rydberg stage 411/767.
[INFO] Enola: Solve for Rydberg stage 412/767.
[INFO] Enola: Solve for Rydberg stage 413/767.
[INFO] Enola: Solve for Rydberg stage 414/767.
[INFO] Enola: Solve for Rydberg stage 415/767.
[INFO] Enola: Solve for Rydberg stage 416/767.
[INFO] Enola: Solve for Rydberg stage 417/767.
[INFO] Enola: Solve for Rydberg stage 418/767.
[INFO] Enola: Solve for Rydberg stage 419/767.
[INFO] Enola: Solve for Rydberg stage 420/767.
[INFO] Enola: Solve for Rydberg stage 421/767.
[INFO] Enola: Solve for Rydberg stage 422/767.
[INFO] Enola: Solve for Rydberg stage 423/767.
[INFO] Enola: Solve for Rydberg stage 424/767.
[INFO] Enola: Solve for Rydberg stage 425/767.
[INFO] Enola: Solve for Rydberg stage 426/767.
[INFO] Enola: Solve for Rydberg stage 427/767.
[INFO] Enola: Solve for Rydberg stage 428/767.
[INFO] Enola: Solve for Rydberg stage 429/767.
[INFO] Enola: Solve for Rydberg stage 430/767.
[INFO] Enola: Solve for Rydberg stage 431/767.
[INFO] Enola: Solve for Rydberg stage 432/767.
[INFO] Enola: Solve for Rydberg stage 433/767.
[INFO] Enola: Solve for Rydberg stage 434/767.
[INFO] Enola: Solve for Rydberg stage 435/767.
[INFO] Enola: Solve for Rydberg stage 436/767.
[INFO] Enola: Solve for Rydberg stage 437/767.
[INFO] Enola: Solve for Rydberg stage 438/767.
[INFO] Enola: Solve for Rydberg stage 439/767.
[INFO] Enola: Solve for Rydberg stage 440/767.
[INFO] Enola: Solve for Rydberg stage 441/767.
[INFO] Enola: Solve for Rydberg stage 442/767.
[INFO] Enola: Solve for Rydberg stage 443/767.
[INFO] Enola: Solve for Rydberg stage 444/767.
[INFO] Enola: Solve for Rydberg stage 445/767.
[INFO] Enola: Solve for Rydberg stage 446/767.
[INFO] Enola: Solve for Rydberg stage 447/767.
[INFO] Enola: Solve for Rydberg stage 448/767.
[INFO] Enola: Solve for Rydberg stage 449/767.
[INFO] Enola: Solve for Rydberg stage 450/767.
[INFO] Enola: Solve for Rydberg stage 451/767.
[INFO] Enola: Solve for Rydberg stage 452/767.
[INFO] Enola: Solve for Rydberg stage 453/767.
[INFO] Enola: Solve for Rydberg stage 454/767.
[INFO] Enola: Solve for Rydberg stage 455/767.
[INFO] Enola: Solve for Rydberg stage 456/767.
[INFO] Enola: Solve for Rydberg stage 457/767.
[INFO] Enola: Solve for Rydberg stage 458/767.
[INFO] Enola: Solve for Rydberg stage 459/767.
[INFO] Enola: Solve for Rydberg stage 460/767.
[INFO] Enola: Solve for Rydberg stage 461/767.
[INFO] Enola: Solve for Rydberg stage 462/767.
[INFO] Enola: Solve for Rydberg stage 463/767.
[INFO] Enola: Solve for Rydberg stage 464/767.
[INFO] Enola: Solve for Rydberg stage 465/767.
[INFO] Enola: Solve for Rydberg stage 466/767.
[INFO] Enola: Solve for Rydberg stage 467/767.
[INFO] Enola: Solve for Rydberg stage 468/767.
[INFO] Enola: Solve for Rydberg stage 469/767.
[INFO] Enola: Solve for Rydberg stage 470/767.
[INFO] Enola: Solve for Rydberg stage 471/767.
[INFO] Enola: Solve for Rydberg stage 472/767.
[INFO] Enola: Solve for Rydberg stage 473/767.
[INFO] Enola: Solve for Rydberg stage 474/767.
[INFO] Enola: Solve for Rydberg stage 475/767.
[INFO] Enola: Solve for Rydberg stage 476/767.
[INFO] Enola: Solve for Rydberg stage 477/767.
[INFO] Enola: Solve for Rydberg stage 478/767.
[INFO] Enola: Solve for Rydberg stage 479/767.
[INFO] Enola: Solve for Rydberg stage 480/767.
[INFO] Enola: Solve for Rydberg stage 481/767.
[INFO] Enola: Solve for Rydberg stage 482/767.
[INFO] Enola: Solve for Rydberg stage 483/767.
[INFO] Enola: Solve for Rydberg stage 484/767.
[INFO] Enola: Solve for Rydberg stage 485/767.
[INFO] Enola: Solve for Rydberg stage 486/767.
[INFO] Enola: Solve for Rydberg stage 487/767.
[INFO] Enola: Solve for Rydberg stage 488/767.
[INFO] Enola: Solve for Rydberg stage 489/767.
[INFO] Enola: Solve for Rydberg stage 490/767.
[INFO] Enola: Solve for Rydberg stage 491/767.
[INFO] Enola: Solve for Rydberg stage 492/767.
[INFO] Enola: Solve for Rydberg stage 493/767.
[INFO] Enola: Solve for Rydberg stage 494/767.
[INFO] Enola: Solve for Rydberg stage 495/767.
[INFO] Enola: Solve for Rydberg stage 496/767.
[INFO] Enola: Solve for Rydberg stage 497/767.
[INFO] Enola: Solve for Rydberg stage 498/767.
[INFO] Enola: Solve for Rydberg stage 499/767.
[INFO] Enola: Solve for Rydberg stage 500/767.
[INFO] Enola: Solve for Rydberg stage 501/767.
[INFO] Enola: Solve for Rydberg stage 502/767.
[INFO] Enola: Solve for Rydberg stage 503/767.
[INFO] Enola: Solve for Rydberg stage 504/767.
[INFO] Enola: Solve for Rydberg stage 505/767.
[INFO] Enola: Solve for Rydberg stage 506/767.
[INFO] Enola: Solve for Rydberg stage 507/767.
[INFO] Enola: Solve for Rydberg stage 508/767.
[INFO] Enola: Solve for Rydberg stage 509/767.
[INFO] Enola: Solve for Rydberg stage 510/767.
[INFO] Enola: Solve for Rydberg stage 511/767.
[INFO] Enola: Solve for Rydberg stage 512/767.
[INFO] Enola: Solve for Rydberg stage 513/767.
[INFO] Enola: Solve for Rydberg stage 514/767.
[INFO] Enola: Solve for Rydberg stage 515/767.
[INFO] Enola: Solve for Rydberg stage 516/767.
[INFO] Enola: Solve for Rydberg stage 517/767.
[INFO] Enola: Solve for Rydberg stage 518/767.
[INFO] Enola: Solve for Rydberg stage 519/767.
[INFO] Enola: Solve for Rydberg stage 520/767.
[INFO] Enola: Solve for Rydberg stage 521/767.
[INFO] Enola: Solve for Rydberg stage 522/767.
[INFO] Enola: Solve for Rydberg stage 523/767.
[INFO] Enola: Solve for Rydberg stage 524/767.
[INFO] Enola: Solve for Rydberg stage 525/767.
[INFO] Enola: Solve for Rydberg stage 526/767.
[INFO] Enola: Solve for Rydberg stage 527/767.
[INFO] Enola: Solve for Rydberg stage 528/767.
[INFO] Enola: Solve for Rydberg stage 529/767.
[INFO] Enola: Solve for Rydberg stage 530/767.
[INFO] Enola: Solve for Rydberg stage 531/767.
[INFO] Enola: Solve for Rydberg stage 532/767.
[INFO] Enola: Solve for Rydberg stage 533/767.
[INFO] Enola: Solve for Rydberg stage 534/767.
[INFO] Enola: Solve for Rydberg stage 535/767.
[INFO] Enola: Solve for Rydberg stage 536/767.
[INFO] Enola: Solve for Rydberg stage 537/767.
[INFO] Enola: Solve for Rydberg stage 538/767.
[INFO] Enola: Solve for Rydberg stage 539/767.
[INFO] Enola: Solve for Rydberg stage 540/767.
[INFO] Enola: Solve for Rydberg stage 541/767.
[INFO] Enola: Solve for Rydberg stage 542/767.
[INFO] Enola: Solve for Rydberg stage 543/767.
[INFO] Enola: Solve for Rydberg stage 544/767.
[INFO] Enola: Solve for Rydberg stage 545/767.
[INFO] Enola: Solve for Rydberg stage 546/767.
[INFO] Enola: Solve for Rydberg stage 547/767.
[INFO] Enola: Solve for Rydberg stage 548/767.
[INFO] Enola: Solve for Rydberg stage 549/767.
[INFO] Enola: Solve for Rydberg stage 550/767.
[INFO] Enola: Solve for Rydberg stage 551/767.
[INFO] Enola: Solve for Rydberg stage 552/767.
[INFO] Enola: Solve for Rydberg stage 553/767.
[INFO] Enola: Solve for Rydberg stage 554/767.
[INFO] Enola: Solve for Rydberg stage 555/767.
[INFO] Enola: Solve for Rydberg stage 556/767.
[INFO] Enola: Solve for Rydberg stage 557/767.
[INFO] Enola: Solve for Rydberg stage 558/767.
[INFO] Enola: Solve for Rydberg stage 559/767.
[INFO] Enola: Solve for Rydberg stage 560/767.
[INFO] Enola: Solve for Rydberg stage 561/767.
[INFO] Enola: Solve for Rydberg stage 562/767.
[INFO] Enola: Solve for Rydberg stage 563/767.
[INFO] Enola: Solve for Rydberg stage 564/767.
[INFO] Enola: Solve for Rydberg stage 565/767.
[INFO] Enola: Solve for Rydberg stage 566/767.
[INFO] Enola: Solve for Rydberg stage 567/767.
[INFO] Enola: Solve for Rydberg stage 568/767.
[INFO] Enola: Solve for Rydberg stage 569/767.
[INFO] Enola: Solve for Rydberg stage 570/767.
[INFO] Enola: Solve for Rydberg stage 571/767.
[INFO] Enola: Solve for Rydberg stage 572/767.
[INFO] Enola: Solve for Rydberg stage 573/767.
[INFO] Enola: Solve for Rydberg stage 574/767.
[INFO] Enola: Solve for Rydberg stage 575/767.
[INFO] Enola: Solve for Rydberg stage 576/767.
[INFO] Enola: Solve for Rydberg stage 577/767.
[INFO] Enola: Solve for Rydberg stage 578/767.
[INFO] Enola: Solve for Rydberg stage 579/767.
[INFO] Enola: Solve for Rydberg stage 580/767.
[INFO] Enola: Solve for Rydberg stage 581/767.
[INFO] Enola: Solve for Rydberg stage 582/767.
[INFO] Enola: Solve for Rydberg stage 583/767.
[INFO] Enola: Solve for Rydberg stage 584/767.
[INFO] Enola: Solve for Rydberg stage 585/767.
[INFO] Enola: Solve for Rydberg stage 586/767.
[INFO] Enola: Solve for Rydberg stage 587/767.
[INFO] Enola: Solve for Rydberg stage 588/767.
[INFO] Enola: Solve for Rydberg stage 589/767.
[INFO] Enola: Solve for Rydberg stage 590/767.
[INFO] Enola: Solve for Rydberg stage 591/767.
[INFO] Enola: Solve for Rydberg stage 592/767.
[INFO] Enola: Solve for Rydberg stage 593/767.
[INFO] Enola: Solve for Rydberg stage 594/767.
[INFO] Enola: Solve for Rydberg stage 595/767.
[INFO] Enola: Solve for Rydberg stage 596/767.
[INFO] Enola: Solve for Rydberg stage 597/767.
[INFO] Enola: Solve for Rydberg stage 598/767.
[INFO] Enola: Solve for Rydberg stage 599/767.
[INFO] Enola: Solve for Rydberg stage 600/767.
[INFO] Enola: Solve for Rydberg stage 601/767.
[INFO] Enola: Solve for Rydberg stage 602/767.
[INFO] Enola: Solve for Rydberg stage 603/767.
[INFO] Enola: Solve for Rydberg stage 604/767.
[INFO] Enola: Solve for Rydberg stage 605/767.
[INFO] Enola: Solve for Rydberg stage 606/767.
[INFO] Enola: Solve for Rydberg stage 607/767.
[INFO] Enola: Solve for Rydberg stage 608/767.
[INFO] Enola: Solve for Rydberg stage 609/767.
[INFO] Enola: Solve for Rydberg stage 610/767.
[INFO] Enola: Solve for Rydberg stage 611/767.
[INFO] Enola: Solve for Rydberg stage 612/767.
[INFO] Enola: Solve for Rydberg stage 613/767.
[INFO] Enola: Solve for Rydberg stage 614/767.
[INFO] Enola: Solve for Rydberg stage 615/767.
[INFO] Enola: Solve for Rydberg stage 616/767.
[INFO] Enola: Solve for Rydberg stage 617/767.
[INFO] Enola: Solve for Rydberg stage 618/767.
[INFO] Enola: Solve for Rydberg stage 619/767.
[INFO] Enola: Solve for Rydberg stage 620/767.
[INFO] Enola: Solve for Rydberg stage 621/767.
[INFO] Enola: Solve for Rydberg stage 622/767.
[INFO] Enola: Solve for Rydberg stage 623/767.
[INFO] Enola: Solve for Rydberg stage 624/767.
[INFO] Enola: Solve for Rydberg stage 625/767.
[INFO] Enola: Solve for Rydberg stage 626/767.
[INFO] Enola: Solve for Rydberg stage 627/767.
[INFO] Enola: Solve for Rydberg stage 628/767.
[INFO] Enola: Solve for Rydberg stage 629/767.
[INFO] Enola: Solve for Rydberg stage 630/767.
[INFO] Enola: Solve for Rydberg stage 631/767.
[INFO] Enola: Solve for Rydberg stage 632/767.
[INFO] Enola: Solve for Rydberg stage 633/767.
[INFO] Enola: Solve for Rydberg stage 634/767.
[INFO] Enola: Solve for Rydberg stage 635/767.
[INFO] Enola: Solve for Rydberg stage 636/767.
[INFO] Enola: Solve for Rydberg stage 637/767.
[INFO] Enola: Solve for Rydberg stage 638/767.
[INFO] Enola: Solve for Rydberg stage 639/767.
[INFO] Enola: Solve for Rydberg stage 640/767.
[INFO] Enola: Solve for Rydberg stage 641/767.
[INFO] Enola: Solve for Rydberg stage 642/767.
[INFO] Enola: Solve for Rydberg stage 643/767.
[INFO] Enola: Solve for Rydberg stage 644/767.
[INFO] Enola: Solve for Rydberg stage 645/767.
[INFO] Enola: Solve for Rydberg stage 646/767.
[INFO] Enola: Solve for Rydberg stage 647/767.
[INFO] Enola: Solve for Rydberg stage 648/767.
[INFO] Enola: Solve for Rydberg stage 649/767.
[INFO] Enola: Solve for Rydberg stage 650/767.
[INFO] Enola: Solve for Rydberg stage 651/767.
[INFO] Enola: Solve for Rydberg stage 652/767.
[INFO] Enola: Solve for Rydberg stage 653/767.
[INFO] Enola: Solve for Rydberg stage 654/767.
[INFO] Enola: Solve for Rydberg stage 655/767.
[INFO] Enola: Solve for Rydberg stage 656/767.
[INFO] Enola: Solve for Rydberg stage 657/767.
[INFO] Enola: Solve for Rydberg stage 658/767.
[INFO] Enola: Solve for Rydberg stage 659/767.
[INFO] Enola: Solve for Rydberg stage 660/767.
[INFO] Enola: Solve for Rydberg stage 661/767.
[INFO] Enola: Solve for Rydberg stage 662/767.
[INFO] Enola: Solve for Rydberg stage 663/767.
[INFO] Enola: Solve for Rydberg stage 664/767.
[INFO] Enola: Solve for Rydberg stage 665/767.
[INFO] Enola: Solve for Rydberg stage 666/767.
[INFO] Enola: Solve for Rydberg stage 667/767.
[INFO] Enola: Solve for Rydberg stage 668/767.
[INFO] Enola: Solve for Rydberg stage 669/767.
[INFO] Enola: Solve for Rydberg stage 670/767.
[INFO] Enola: Solve for Rydberg stage 671/767.
[INFO] Enola: Solve for Rydberg stage 672/767.
[INFO] Enola: Solve for Rydberg stage 673/767.
[INFO] Enola: Solve for Rydberg stage 674/767.
[INFO] Enola: Solve for Rydberg stage 675/767.
[INFO] Enola: Solve for Rydberg stage 676/767.
[INFO] Enola: Solve for Rydberg stage 677/767.
[INFO] Enola: Solve for Rydberg stage 678/767.
[INFO] Enola: Solve for Rydberg stage 679/767.
[INFO] Enola: Solve for Rydberg stage 680/767.
[INFO] Enola: Solve for Rydberg stage 681/767.
[INFO] Enola: Solve for Rydberg stage 682/767.
[INFO] Enola: Solve for Rydberg stage 683/767.
[INFO] Enola: Solve for Rydberg stage 684/767.
[INFO] Enola: Solve for Rydberg stage 685/767.
[INFO] Enola: Solve for Rydberg stage 686/767.
[INFO] Enola: Solve for Rydberg stage 687/767.
[INFO] Enola: Solve for Rydberg stage 688/767.
[INFO] Enola: Solve for Rydberg stage 689/767.
[INFO] Enola: Solve for Rydberg stage 690/767.
[INFO] Enola: Solve for Rydberg stage 691/767.
[INFO] Enola: Solve for Rydberg stage 692/767.
[INFO] Enola: Solve for Rydberg stage 693/767.
[INFO] Enola: Solve for Rydberg stage 694/767.
[INFO] Enola: Solve for Rydberg stage 695/767.
[INFO] Enola: Solve for Rydberg stage 696/767.
[INFO] Enola: Solve for Rydberg stage 697/767.
[INFO] Enola: Solve for Rydberg stage 698/767.
[INFO] Enola: Solve for Rydberg stage 699/767.
[INFO] Enola: Solve for Rydberg stage 700/767.
[INFO] Enola: Solve for Rydberg stage 701/767.
[INFO] Enola: Solve for Rydberg stage 702/767.
[INFO] Enola: Solve for Rydberg stage 703/767.
[INFO] Enola: Solve for Rydberg stage 704/767.
[INFO] Enola: Solve for Rydberg stage 705/767.
[INFO] Enola: Solve for Rydberg stage 706/767.
[INFO] Enola: Solve for Rydberg stage 707/767.
[INFO] Enola: Solve for Rydberg stage 708/767.
[INFO] Enola: Solve for Rydberg stage 709/767.
[INFO] Enola: Solve for Rydberg stage 710/767.
[INFO] Enola: Solve for Rydberg stage 711/767.
[INFO] Enola: Solve for Rydberg stage 712/767.
[INFO] Enola: Solve for Rydberg stage 713/767.
[INFO] Enola: Solve for Rydberg stage 714/767.
[INFO] Enola: Solve for Rydberg stage 715/767.
[INFO] Enola: Solve for Rydberg stage 716/767.
[INFO] Enola: Solve for Rydberg stage 717/767.
[INFO] Enola: Solve for Rydberg stage 718/767.
[INFO] Enola: Solve for Rydberg stage 719/767.
[INFO] Enola: Solve for Rydberg stage 720/767.
[INFO] Enola: Solve for Rydberg stage 721/767.
[INFO] Enola: Solve for Rydberg stage 722/767.
[INFO] Enola: Solve for Rydberg stage 723/767.
[INFO] Enola: Solve for Rydberg stage 724/767.
[INFO] Enola: Solve for Rydberg stage 725/767.
[INFO] Enola: Solve for Rydberg stage 726/767.
[INFO] Enola: Solve for Rydberg stage 727/767.
[INFO] Enola: Solve for Rydberg stage 728/767.
[INFO] Enola: Solve for Rydberg stage 729/767.
[INFO] Enola: Solve for Rydberg stage 730/767.
[INFO] Enola: Solve for Rydberg stage 731/767.
[INFO] Enola: Solve for Rydberg stage 732/767.
[INFO] Enola: Solve for Rydberg stage 733/767.
[INFO] Enola: Solve for Rydberg stage 734/767.
[INFO] Enola: Solve for Rydberg stage 735/767.
[INFO] Enola: Solve for Rydberg stage 736/767.
[INFO] Enola: Solve for Rydberg stage 737/767.
[INFO] Enola: Solve for Rydberg stage 738/767.
[INFO] Enola: Solve for Rydberg stage 739/767.
[INFO] Enola: Solve for Rydberg stage 740/767.
[INFO] Enola: Solve for Rydberg stage 741/767.
[INFO] Enola: Solve for Rydberg stage 742/767.
[INFO] Enola: Solve for Rydberg stage 743/767.
[INFO] Enola: Solve for Rydberg stage 744/767.
[INFO] Enola: Solve for Rydberg stage 745/767.
[INFO] Enola: Solve for Rydberg stage 746/767.
[INFO] Enola: Solve for Rydberg stage 747/767.
[INFO] Enola: Solve for Rydberg stage 748/767.
[INFO] Enola: Solve for Rydberg stage 749/767.
[INFO] Enola: Solve for Rydberg stage 750/767.
[INFO] Enola: Solve for Rydberg stage 751/767.
[INFO] Enola: Solve for Rydberg stage 752/767.
[INFO] Enola: Solve for Rydberg stage 753/767.
[INFO] Enola: Solve for Rydberg stage 754/767.
[INFO] Enola: Solve for Rydberg stage 755/767.
[INFO] Enola: Solve for Rydberg stage 756/767.
[INFO] Enola: Solve for Rydberg stage 757/767.
[INFO] Enola: Solve for Rydberg stage 758/767.
[INFO] Enola: Solve for Rydberg stage 759/767.
[INFO] Enola: Solve for Rydberg stage 760/767.
[INFO] Enola: Solve for Rydberg stage 761/767.
[INFO] Enola: Solve for Rydberg stage 762/767.
[INFO] Enola: Solve for Rydberg stage 763/767.
[INFO] Enola: Solve for Rydberg stage 764/767.
[INFO] Enola: Solve for Rydberg stage 765/767.
[INFO] Enola: Solve for Rydberg stage 766/767.
[INFO] Enola: Solve for Rydberg stage 767/767.
[INFO] Enola: Solve for Rydberg stage 768/767.
[INFO] Enola: Time for routing: 0.11001801490783691s
[INFO] Enola: Total Time: 2.025454044342041s
Compilation successful.

2026-03-25 17:27:40,574 - BenchmarkManager - INFO - enola (run 1/1) - Running /u/halle/heiz/home_at/BachelorProject/benchmarks/uf_fix50_20-100/uf50-0190.qasm
2026-03-25 17:27:43,646 - Compiler.enola - INFO - STDOUT:
[INFO] Enola: Start Solving
[INFO] Enola: Run scheduling
[INFO] Enola: Time for scheduling: 0.0006566047668457031s
75
[INFO] Enola: Time for placement: 9.059906005859375e-06s
[INFO] Enola: Solve for Rydberg stage 2/834.
[INFO] Enola: Solve for Rydberg stage 3/834.
[INFO] Enola: Solve for Rydberg stage 4/834.
[INFO] Enola: Solve for Rydberg stage 5/834.
[INFO] Enola: Solve for Rydberg stage 6/834.
[INFO] Enola: Solve for Rydberg stage 7/834.
[INFO] Enola: Solve for Rydberg stage 8/834.
[INFO] Enola: Solve for Rydberg stage 9/834.
[INFO] Enola: Solve for Rydberg stage 10/834.
[INFO] Enola: Solve for Rydberg stage 11/834.
[INFO] Enola: Solve for Rydberg stage 12/834.
[INFO] Enola: Solve for Rydberg stage 13/834.
[INFO] Enola: Solve for Rydberg stage 14/834.
[INFO] Enola: Solve for Rydberg stage 15/834.
[INFO] Enola: Solve for Rydberg stage 16/834.
[INFO] Enola: Solve for Rydberg stage 17/834.
[INFO] Enola: Solve for Rydberg stage 18/834.
[INFO] Enola: Solve for Rydberg stage 19/834.
[INFO] Enola: Solve for Rydberg stage 20/834.
[INFO] Enola: Solve for Rydberg stage 21/834.
[INFO] Enola: Solve for Rydberg stage 22/834.
[INFO] Enola: Solve for Rydberg stage 23/834.
[INFO] Enola: Solve for Rydberg stage 24/834.
[INFO] Enola: Solve for Rydberg stage 25/834.
[INFO] Enola: Solve for Rydberg stage 26/834.
[INFO] Enola: Solve for Rydberg stage 27/834.
[INFO] Enola: Solve for Rydberg stage 28/834.
[INFO] Enola: Solve for Rydberg stage 29/834.
[INFO] Enola: Solve for Rydberg stage 30/834.
[INFO] Enola: Solve for Rydberg stage 31/834.
[INFO] Enola: Solve for Rydberg stage 32/834.
[INFO] Enola: Solve for Rydberg stage 33/834.
[INFO] Enola: Solve for Rydberg stage 34/834.
[INFO] Enola: Solve for Rydberg stage 35/834.
[INFO] Enola: Solve for Rydberg stage 36/834.
[INFO] Enola: Solve for Rydberg stage 37/834.
[INFO] Enola: Solve for Rydberg stage 38/834.
[INFO] Enola: Solve for Rydberg stage 39/834.
[INFO] Enola: Solve for Rydberg stage 40/834.
[INFO] Enola: Solve for Rydberg stage 41/834.
[INFO] Enola: Solve for Rydberg stage 42/834.
[INFO] Enola: Solve for Rydberg stage 43/834.
[INFO] Enola: Solve for Rydberg stage 44/834.
[INFO] Enola: Solve for Rydberg stage 45/834.
[INFO] Enola: Solve for Rydberg stage 46/834.
[INFO] Enola: Solve for Rydberg stage 47/834.
[INFO] Enola: Solve for Rydberg stage 48/834.
[INFO] Enola: Solve for Rydberg stage 49/834.
[INFO] Enola: Solve for Rydberg stage 50/834.
[INFO] Enola: Solve for Rydberg stage 51/834.
[INFO] Enola: Solve for Rydberg stage 52/834.
[INFO] Enola: Solve for Rydberg stage 53/834.
[INFO] Enola: Solve for Rydberg stage 54/834.
[INFO] Enola: Solve for Rydberg stage 55/834.
[INFO] Enola: Solve for Rydberg stage 56/834.
[INFO] Enola: Solve for Rydberg stage 57/834.
[INFO] Enola: Solve for Rydberg stage 58/834.
[INFO] Enola: Solve for Rydberg stage 59/834.
[INFO] Enola: Solve for Rydberg stage 60/834.
[INFO] Enola: Solve for Rydberg stage 61/834.
[INFO] Enola: Solve for Rydberg stage 62/834.
[INFO] Enola: Solve for Rydberg stage 63/834.
[INFO] Enola: Solve for Rydberg stage 64/834.
[INFO] Enola: Solve for Rydberg stage 65/834.
[INFO] Enola: Solve for Rydberg stage 66/834.
[INFO] Enola: Solve for Rydberg stage 67/834.
[INFO] Enola: Solve for Rydberg stage 68/834.
[INFO] Enola: Solve for Rydberg stage 69/834.
[INFO] Enola: Solve for Rydberg stage 70/834.
[INFO] Enola: Solve for Rydberg stage 71/834.
[INFO] Enola: Solve for Rydberg stage 72/834.
[INFO] Enola: Solve for Rydberg stage 73/834.
[INFO] Enola: Solve for Rydberg stage 74/834.
[INFO] Enola: Solve for Rydberg stage 75/834.
[INFO] Enola: Solve for Rydberg stage 76/834.
[INFO] Enola: Solve for Rydberg stage 77/834.
[INFO] Enola: Solve for Rydberg stage 78/834.
[INFO] Enola: Solve for Rydberg stage 79/834.
[INFO] Enola: Solve for Rydberg stage 80/834.
[INFO] Enola: Solve for Rydberg stage 81/834.
[INFO] Enola: Solve for Rydberg stage 82/834.
[INFO] Enola: Solve for Rydberg stage 83/834.
[INFO] Enola: Solve for Rydberg stage 84/834.
[INFO] Enola: Solve for Rydberg stage 85/834.
[INFO] Enola: Solve for Rydberg stage 86/834.
[INFO] Enola: Solve for Rydberg stage 87/834.
[INFO] Enola: Solve for Rydberg stage 88/834.
[INFO] Enola: Solve for Rydberg stage 89/834.
[INFO] Enola: Solve for Rydberg stage 90/834.
[INFO] Enola: Solve for Rydberg stage 91/834.
[INFO] Enola: Solve for Rydberg stage 92/834.
[INFO] Enola: Solve for Rydberg stage 93/834.
[INFO] Enola: Solve for Rydberg stage 94/834.
[INFO] Enola: Solve for Rydberg stage 95/834.
[INFO] Enola: Solve for Rydberg stage 96/834.
[INFO] Enola: Solve for Rydberg stage 97/834.
[INFO] Enola: Solve for Rydberg stage 98/834.
[INFO] Enola: Solve for Rydberg stage 99/834.
[INFO] Enola: Solve for Rydberg stage 100/834.
[INFO] Enola: Solve for Rydberg stage 101/834.
[INFO] Enola: Solve for Rydberg stage 102/834.
[INFO] Enola: Solve for Rydberg stage 103/834.
[INFO] Enola: Solve for Rydberg stage 104/834.
[INFO] Enola: Solve for Rydberg stage 105/834.
[INFO] Enola: Solve for Rydberg stage 106/834.
[INFO] Enola: Solve for Rydberg stage 107/834.
[INFO] Enola: Solve for Rydberg stage 108/834.
[INFO] Enola: Solve for Rydberg stage 109/834.
[INFO] Enola: Solve for Rydberg stage 110/834.
[INFO] Enola: Solve for Rydberg stage 111/834.
[INFO] Enola: Solve for Rydberg stage 112/834.
[INFO] Enola: Solve for Rydberg stage 113/834.
[INFO] Enola: Solve for Rydberg stage 114/834.
[INFO] Enola: Solve for Rydberg stage 115/834.
[INFO] Enola: Solve for Rydberg stage 116/834.
[INFO] Enola: Solve for Rydberg stage 117/834.
[INFO] Enola: Solve for Rydberg stage 118/834.
[INFO] Enola: Solve for Rydberg stage 119/834.
[INFO] Enola: Solve for Rydberg stage 120/834.
[INFO] Enola: Solve for Rydberg stage 121/834.
[INFO] Enola: Solve for Rydberg stage 122/834.
[INFO] Enola: Solve for Rydberg stage 123/834.
[INFO] Enola: Solve for Rydberg stage 124/834.
[INFO] Enola: Solve for Rydberg stage 125/834.
[INFO] Enola: Solve for Rydberg stage 126/834.
[INFO] Enola: Solve for Rydberg stage 127/834.
[INFO] Enola: Solve for Rydberg stage 128/834.
[INFO] Enola: Solve for Rydberg stage 129/834.
[INFO] Enola: Solve for Rydberg stage 130/834.
[INFO] Enola: Solve for Rydberg stage 131/834.
[INFO] Enola: Solve for Rydberg stage 132/834.
[INFO] Enola: Solve for Rydberg stage 133/834.
[INFO] Enola: Solve for Rydberg stage 134/834.
[INFO] Enola: Solve for Rydberg stage 135/834.
[INFO] Enola: Solve for Rydberg stage 136/834.
[INFO] Enola: Solve for Rydberg stage 137/834.
[INFO] Enola: Solve for Rydberg stage 138/834.
[INFO] Enola: Solve for Rydberg stage 139/834.
[INFO] Enola: Solve for Rydberg stage 140/834.
[INFO] Enola: Solve for Rydberg stage 141/834.
[INFO] Enola: Solve for Rydberg stage 142/834.
[INFO] Enola: Solve for Rydberg stage 143/834.
[INFO] Enola: Solve for Rydberg stage 144/834.
[INFO] Enola: Solve for Rydberg stage 145/834.
[INFO] Enola: Solve for Rydberg stage 146/834.
[INFO] Enola: Solve for Rydberg stage 147/834.
[INFO] Enola: Solve for Rydberg stage 148/834.
[INFO] Enola: Solve for Rydberg stage 149/834.
[INFO] Enola: Solve for Rydberg stage 150/834.
[INFO] Enola: Solve for Rydberg stage 151/834.
[INFO] Enola: Solve for Rydberg stage 152/834.
[INFO] Enola: Solve for Rydberg stage 153/834.
[INFO] Enola: Solve for Rydberg stage 154/834.
[INFO] Enola: Solve for Rydberg stage 155/834.
[INFO] Enola: Solve for Rydberg stage 156/834.
[INFO] Enola: Solve for Rydberg stage 157/834.
[INFO] Enola: Solve for Rydberg stage 158/834.
[INFO] Enola: Solve for Rydberg stage 159/834.
[INFO] Enola: Solve for Rydberg stage 160/834.
[INFO] Enola: Solve for Rydberg stage 161/834.
[INFO] Enola: Solve for Rydberg stage 162/834.
[INFO] Enola: Solve for Rydberg stage 163/834.
[INFO] Enola: Solve for Rydberg stage 164/834.
[INFO] Enola: Solve for Rydberg stage 165/834.
[INFO] Enola: Solve for Rydberg stage 166/834.
[INFO] Enola: Solve for Rydberg stage 167/834.
[INFO] Enola: Solve for Rydberg stage 168/834.
[INFO] Enola: Solve for Rydberg stage 169/834.
[INFO] Enola: Solve for Rydberg stage 170/834.
[INFO] Enola: Solve for Rydberg stage 171/834.
[INFO] Enola: Solve for Rydberg stage 172/834.
[INFO] Enola: Solve for Rydberg stage 173/834.
[INFO] Enola: Solve for Rydberg stage 174/834.
[INFO] Enola: Solve for Rydberg stage 175/834.
[INFO] Enola: Solve for Rydberg stage 176/834.
[INFO] Enola: Solve for Rydberg stage 177/834.
[INFO] Enola: Solve for Rydberg stage 178/834.
[INFO] Enola: Solve for Rydberg stage 179/834.
[INFO] Enola: Solve for Rydberg stage 180/834.
[INFO] Enola: Solve for Rydberg stage 181/834.
[INFO] Enola: Solve for Rydberg stage 182/834.
[INFO] Enola: Solve for Rydberg stage 183/834.
[INFO] Enola: Solve for Rydberg stage 184/834.
[INFO] Enola: Solve for Rydberg stage 185/834.
[INFO] Enola: Solve for Rydberg stage 186/834.
[INFO] Enola: Solve for Rydberg stage 187/834.
[INFO] Enola: Solve for Rydberg stage 188/834.
[INFO] Enola: Solve for Rydberg stage 189/834.
[INFO] Enola: Solve for Rydberg stage 190/834.
[INFO] Enola: Solve for Rydberg stage 191/834.
[INFO] Enola: Solve for Rydberg stage 192/834.
[INFO] Enola: Solve for Rydberg stage 193/834.
[INFO] Enola: Solve for Rydberg stage 194/834.
[INFO] Enola: Solve for Rydberg stage 195/834.
[INFO] Enola: Solve for Rydberg stage 196/834.
[INFO] Enola: Solve for Rydberg stage 197/834.
[INFO] Enola: Solve for Rydberg stage 198/834.
[INFO] Enola: Solve for Rydberg stage 199/834.
[INFO] Enola: Solve for Rydberg stage 200/834.
[INFO] Enola: Solve for Rydberg stage 201/834.
[INFO] Enola: Solve for Rydberg stage 202/834.
[INFO] Enola: Solve for Rydberg stage 203/834.
[INFO] Enola: Solve for Rydberg stage 204/834.
[INFO] Enola: Solve for Rydberg stage 205/834.
[INFO] Enola: Solve for Rydberg stage 206/834.
[INFO] Enola: Solve for Rydberg stage 207/834.
[INFO] Enola: Solve for Rydberg stage 208/834.
[INFO] Enola: Solve for Rydberg stage 209/834.
[INFO] Enola: Solve for Rydberg stage 210/834.
[INFO] Enola: Solve for Rydberg stage 211/834.
[INFO] Enola: Solve for Rydberg stage 212/834.
[INFO] Enola: Solve for Rydberg stage 213/834.
[INFO] Enola: Solve for Rydberg stage 214/834.
[INFO] Enola: Solve for Rydberg stage 215/834.
[INFO] Enola: Solve for Rydberg stage 216/834.
[INFO] Enola: Solve for Rydberg stage 217/834.
[INFO] Enola: Solve for Rydberg stage 218/834.
[INFO] Enola: Solve for Rydberg stage 219/834.
[INFO] Enola: Solve for Rydberg stage 220/834.
[INFO] Enola: Solve for Rydberg stage 221/834.
[INFO] Enola: Solve for Rydberg stage 222/834.
[INFO] Enola: Solve for Rydberg stage 223/834.
[INFO] Enola: Solve for Rydberg stage 224/834.
[INFO] Enola: Solve for Rydberg stage 225/834.
[INFO] Enola: Solve for Rydberg stage 226/834.
[INFO] Enola: Solve for Rydberg stage 227/834.
[INFO] Enola: Solve for Rydberg stage 228/834.
[INFO] Enola: Solve for Rydberg stage 229/834.
[INFO] Enola: Solve for Rydberg stage 230/834.
[INFO] Enola: Solve for Rydberg stage 231/834.
[INFO] Enola: Solve for Rydberg stage 232/834.
[INFO] Enola: Solve for Rydberg stage 233/834.
[INFO] Enola: Solve for Rydberg stage 234/834.
[INFO] Enola: Solve for Rydberg stage 235/834.
[INFO] Enola: Solve for Rydberg stage 236/834.
[INFO] Enola: Solve for Rydberg stage 237/834.
[INFO] Enola: Solve for Rydberg stage 238/834.
[INFO] Enola: Solve for Rydberg stage 239/834.
[INFO] Enola: Solve for Rydberg stage 240/834.
[INFO] Enola: Solve for Rydberg stage 241/834.
[INFO] Enola: Solve for Rydberg stage 242/834.
[INFO] Enola: Solve for Rydberg stage 243/834.
[INFO] Enola: Solve for Rydberg stage 244/834.
[INFO] Enola: Solve for Rydberg stage 245/834.
[INFO] Enola: Solve for Rydberg stage 246/834.
[INFO] Enola: Solve for Rydberg stage 247/834.
[INFO] Enola: Solve for Rydberg stage 248/834.
[INFO] Enola: Solve for Rydberg stage 249/834.
[INFO] Enola: Solve for Rydberg stage 250/834.
[INFO] Enola: Solve for Rydberg stage 251/834.
[INFO] Enola: Solve for Rydberg stage 252/834.
[INFO] Enola: Solve for Rydberg stage 253/834.
[INFO] Enola: Solve for Rydberg stage 254/834.
[INFO] Enola: Solve for Rydberg stage 255/834.
[INFO] Enola: Solve for Rydberg stage 256/834.
[INFO] Enola: Solve for Rydberg stage 257/834.
[INFO] Enola: Solve for Rydberg stage 258/834.
[INFO] Enola: Solve for Rydberg stage 259/834.
[INFO] Enola: Solve for Rydberg stage 260/834.
[INFO] Enola: Solve for Rydberg stage 261/834.
[INFO] Enola: Solve for Rydberg stage 262/834.
[INFO] Enola: Solve for Rydberg stage 263/834.
[INFO] Enola: Solve for Rydberg stage 264/834.
[INFO] Enola: Solve for Rydberg stage 265/834.
[INFO] Enola: Solve for Rydberg stage 266/834.
[INFO] Enola: Solve for Rydberg stage 267/834.
[INFO] Enola: Solve for Rydberg stage 268/834.
[INFO] Enola: Solve for Rydberg stage 269/834.
[INFO] Enola: Solve for Rydberg stage 270/834.
[INFO] Enola: Solve for Rydberg stage 271/834.
[INFO] Enola: Solve for Rydberg stage 272/834.
[INFO] Enola: Solve for Rydberg stage 273/834.
[INFO] Enola: Solve for Rydberg stage 274/834.
[INFO] Enola: Solve for Rydberg stage 275/834.
[INFO] Enola: Solve for Rydberg stage 276/834.
[INFO] Enola: Solve for Rydberg stage 277/834.
[INFO] Enola: Solve for Rydberg stage 278/834.
[INFO] Enola: Solve for Rydberg stage 279/834.
[INFO] Enola: Solve for Rydberg stage 280/834.
[INFO] Enola: Solve for Rydberg stage 281/834.
[INFO] Enola: Solve for Rydberg stage 282/834.
[INFO] Enola: Solve for Rydberg stage 283/834.
[INFO] Enola: Solve for Rydberg stage 284/834.
[INFO] Enola: Solve for Rydberg stage 285/834.
[INFO] Enola: Solve for Rydberg stage 286/834.
[INFO] Enola: Solve for Rydberg stage 287/834.
[INFO] Enola: Solve for Rydberg stage 288/834.
[INFO] Enola: Solve for Rydberg stage 289/834.
[INFO] Enola: Solve for Rydberg stage 290/834.
[INFO] Enola: Solve for Rydberg stage 291/834.
[INFO] Enola: Solve for Rydberg stage 292/834.
[INFO] Enola: Solve for Rydberg stage 293/834.
[INFO] Enola: Solve for Rydberg stage 294/834.
[INFO] Enola: Solve for Rydberg stage 295/834.
[INFO] Enola: Solve for Rydberg stage 296/834.
[INFO] Enola: Solve for Rydberg stage 297/834.
[INFO] Enola: Solve for Rydberg stage 298/834.
[INFO] Enola: Solve for Rydberg stage 299/834.
[INFO] Enola: Solve for Rydberg stage 300/834.
[INFO] Enola: Solve for Rydberg stage 301/834.
[INFO] Enola: Solve for Rydberg stage 302/834.
[INFO] Enola: Solve for Rydberg stage 303/834.
[INFO] Enola: Solve for Rydberg stage 304/834.
[INFO] Enola: Solve for Rydberg stage 305/834.
[INFO] Enola: Solve for Rydberg stage 306/834.
[INFO] Enola: Solve for Rydberg stage 307/834.
[INFO] Enola: Solve for Rydberg stage 308/834.
[INFO] Enola: Solve for Rydberg stage 309/834.
[INFO] Enola: Solve for Rydberg stage 310/834.
[INFO] Enola: Solve for Rydberg stage 311/834.
[INFO] Enola: Solve for Rydberg stage 312/834.
[INFO] Enola: Solve for Rydberg stage 313/834.
[INFO] Enola: Solve for Rydberg stage 314/834.
[INFO] Enola: Solve for Rydberg stage 315/834.
[INFO] Enola: Solve for Rydberg stage 316/834.
[INFO] Enola: Solve for Rydberg stage 317/834.
[INFO] Enola: Solve for Rydberg stage 318/834.
[INFO] Enola: Solve for Rydberg stage 319/834.
[INFO] Enola: Solve for Rydberg stage 320/834.
[INFO] Enola: Solve for Rydberg stage 321/834.
[INFO] Enola: Solve for Rydberg stage 322/834.
[INFO] Enola: Solve for Rydberg stage 323/834.
[INFO] Enola: Solve for Rydberg stage 324/834.
[INFO] Enola: Solve for Rydberg stage 325/834.
[INFO] Enola: Solve for Rydberg stage 326/834.
[INFO] Enola: Solve for Rydberg stage 327/834.
[INFO] Enola: Solve for Rydberg stage 328/834.
[INFO] Enola: Solve for Rydberg stage 329/834.
[INFO] Enola: Solve for Rydberg stage 330/834.
[INFO] Enola: Solve for Rydberg stage 331/834.
[INFO] Enola: Solve for Rydberg stage 332/834.
[INFO] Enola: Solve for Rydberg stage 333/834.
[INFO] Enola: Solve for Rydberg stage 334/834.
[INFO] Enola: Solve for Rydberg stage 335/834.
[INFO] Enola: Solve for Rydberg stage 336/834.
[INFO] Enola: Solve for Rydberg stage 337/834.
[INFO] Enola: Solve for Rydberg stage 338/834.
[INFO] Enola: Solve for Rydberg stage 339/834.
[INFO] Enola: Solve for Rydberg stage 340/834.
[INFO] Enola: Solve for Rydberg stage 341/834.
[INFO] Enola: Solve for Rydberg stage 342/834.
[INFO] Enola: Solve for Rydberg stage 343/834.
[INFO] Enola: Solve for Rydberg stage 344/834.
[INFO] Enola: Solve for Rydberg stage 345/834.
[INFO] Enola: Solve for Rydberg stage 346/834.
[INFO] Enola: Solve for Rydberg stage 347/834.
[INFO] Enola: Solve for Rydberg stage 348/834.
[INFO] Enola: Solve for Rydberg stage 349/834.
[INFO] Enola: Solve for Rydberg stage 350/834.
[INFO] Enola: Solve for Rydberg stage 351/834.
[INFO] Enola: Solve for Rydberg stage 352/834.
[INFO] Enola: Solve for Rydberg stage 353/834.
[INFO] Enola: Solve for Rydberg stage 354/834.
[INFO] Enola: Solve for Rydberg stage 355/834.
[INFO] Enola: Solve for Rydberg stage 356/834.
[INFO] Enola: Solve for Rydberg stage 357/834.
[INFO] Enola: Solve for Rydberg stage 358/834.
[INFO] Enola: Solve for Rydberg stage 359/834.
[INFO] Enola: Solve for Rydberg stage 360/834.
[INFO] Enola: Solve for Rydberg stage 361/834.
[INFO] Enola: Solve for Rydberg stage 362/834.
[INFO] Enola: Solve for Rydberg stage 363/834.
[INFO] Enola: Solve for Rydberg stage 364/834.
[INFO] Enola: Solve for Rydberg stage 365/834.
[INFO] Enola: Solve for Rydberg stage 366/834.
[INFO] Enola: Solve for Rydberg stage 367/834.
[INFO] Enola: Solve for Rydberg stage 368/834.
[INFO] Enola: Solve for Rydberg stage 369/834.
[INFO] Enola: Solve for Rydberg stage 370/834.
[INFO] Enola: Solve for Rydberg stage 371/834.
[INFO] Enola: Solve for Rydberg stage 372/834.
[INFO] Enola: Solve for Rydberg stage 373/834.
[INFO] Enola: Solve for Rydberg stage 374/834.
[INFO] Enola: Solve for Rydberg stage 375/834.
[INFO] Enola: Solve for Rydberg stage 376/834.
[INFO] Enola: Solve for Rydberg stage 377/834.
[INFO] Enola: Solve for Rydberg stage 378/834.
[INFO] Enola: Solve for Rydberg stage 379/834.
[INFO] Enola: Solve for Rydberg stage 380/834.
[INFO] Enola: Solve for Rydberg stage 381/834.
[INFO] Enola: Solve for Rydberg stage 382/834.
[INFO] Enola: Solve for Rydberg stage 383/834.
[INFO] Enola: Solve for Rydberg stage 384/834.
[INFO] Enola: Solve for Rydberg stage 385/834.
[INFO] Enola: Solve for Rydberg stage 386/834.
[INFO] Enola: Solve for Rydberg stage 387/834.
[INFO] Enola: Solve for Rydberg stage 388/834.
[INFO] Enola: Solve for Rydberg stage 389/834.
[INFO] Enola: Solve for Rydberg stage 390/834.
[INFO] Enola: Solve for Rydberg stage 391/834.
[INFO] Enola: Solve for Rydberg stage 392/834.
[INFO] Enola: Solve for Rydberg stage 393/834.
[INFO] Enola: Solve for Rydberg stage 394/834.
[INFO] Enola: Solve for Rydberg stage 395/834.
[INFO] Enola: Solve for Rydberg stage 396/834.
[INFO] Enola: Solve for Rydberg stage 397/834.
[INFO] Enola: Solve for Rydberg stage 398/834.
[INFO] Enola: Solve for Rydberg stage 399/834.
[INFO] Enola: Solve for Rydberg stage 400/834.
[INFO] Enola: Solve for Rydberg stage 401/834.
[INFO] Enola: Solve for Rydberg stage 402/834.
[INFO] Enola: Solve for Rydberg stage 403/834.
[INFO] Enola: Solve for Rydberg stage 404/834.
[INFO] Enola: Solve for Rydberg stage 405/834.
[INFO] Enola: Solve for Rydberg stage 406/834.
[INFO] Enola: Solve for Rydberg stage 407/834.
[INFO] Enola: Solve for Rydberg stage 408/834.
[INFO] Enola: Solve for Rydberg stage 409/834.
[INFO] Enola: Solve for Rydberg stage 410/834.
[INFO] Enola: Solve for Rydberg stage 411/834.
[INFO] Enola: Solve for Rydberg stage 412/834.
[INFO] Enola: Solve for Rydberg stage 413/834.
[INFO] Enola: Solve for Rydberg stage 414/834.
[INFO] Enola: Solve for Rydberg stage 415/834.
[INFO] Enola: Solve for Rydberg stage 416/834.
[INFO] Enola: Solve for Rydberg stage 417/834.
[INFO] Enola: Solve for Rydberg stage 418/834.
[INFO] Enola: Solve for Rydberg stage 419/834.
[INFO] Enola: Solve for Rydberg stage 420/834.
[INFO] Enola: Solve for Rydberg stage 421/834.
[INFO] Enola: Solve for Rydberg stage 422/834.
[INFO] Enola: Solve for Rydberg stage 423/834.
[INFO] Enola: Solve for Rydberg stage 424/834.
[INFO] Enola: Solve for Rydberg stage 425/834.
[INFO] Enola: Solve for Rydberg stage 426/834.
[INFO] Enola: Solve for Rydberg stage 427/834.
[INFO] Enola: Solve for Rydberg stage 428/834.
[INFO] Enola: Solve for Rydberg stage 429/834.
[INFO] Enola: Solve for Rydberg stage 430/834.
[INFO] Enola: Solve for Rydberg stage 431/834.
[INFO] Enola: Solve for Rydberg stage 432/834.
[INFO] Enola: Solve for Rydberg stage 433/834.
[INFO] Enola: Solve for Rydberg stage 434/834.
[INFO] Enola: Solve for Rydberg stage 435/834.
[INFO] Enola: Solve for Rydberg stage 436/834.
[INFO] Enola: Solve for Rydberg stage 437/834.
[INFO] Enola: Solve for Rydberg stage 438/834.
[INFO] Enola: Solve for Rydberg stage 439/834.
[INFO] Enola: Solve for Rydberg stage 440/834.
[INFO] Enola: Solve for Rydberg stage 441/834.
[INFO] Enola: Solve for Rydberg stage 442/834.
[INFO] Enola: Solve for Rydberg stage 443/834.
[INFO] Enola: Solve for Rydberg stage 444/834.
[INFO] Enola: Solve for Rydberg stage 445/834.
[INFO] Enola: Solve for Rydberg stage 446/834.
[INFO] Enola: Solve for Rydberg stage 447/834.
[INFO] Enola: Solve for Rydberg stage 448/834.
[INFO] Enola: Solve for Rydberg stage 449/834.
[INFO] Enola: Solve for Rydberg stage 450/834.
[INFO] Enola: Solve for Rydberg stage 451/834.
[INFO] Enola: Solve for Rydberg stage 452/834.
[INFO] Enola: Solve for Rydberg stage 453/834.
[INFO] Enola: Solve for Rydberg stage 454/834.
[INFO] Enola: Solve for Rydberg stage 455/834.
[INFO] Enola: Solve for Rydberg stage 456/834.
[INFO] Enola: Solve for Rydberg stage 457/834.
[INFO] Enola: Solve for Rydberg stage 458/834.
[INFO] Enola: Solve for Rydberg stage 459/834.
[INFO] Enola: Solve for Rydberg stage 460/834.
[INFO] Enola: Solve for Rydberg stage 461/834.
[INFO] Enola: Solve for Rydberg stage 462/834.
[INFO] Enola: Solve for Rydberg stage 463/834.
[INFO] Enola: Solve for Rydberg stage 464/834.
[INFO] Enola: Solve for Rydberg stage 465/834.
[INFO] Enola: Solve for Rydberg stage 466/834.
[INFO] Enola: Solve for Rydberg stage 467/834.
[INFO] Enola: Solve for Rydberg stage 468/834.
[INFO] Enola: Solve for Rydberg stage 469/834.
[INFO] Enola: Solve for Rydberg stage 470/834.
[INFO] Enola: Solve for Rydberg stage 471/834.
[INFO] Enola: Solve for Rydberg stage 472/834.
[INFO] Enola: Solve for Rydberg stage 473/834.
[INFO] Enola: Solve for Rydberg stage 474/834.
[INFO] Enola: Solve for Rydberg stage 475/834.
[INFO] Enola: Solve for Rydberg stage 476/834.
[INFO] Enola: Solve for Rydberg stage 477/834.
[INFO] Enola: Solve for Rydberg stage 478/834.
[INFO] Enola: Solve for Rydberg stage 479/834.
[INFO] Enola: Solve for Rydberg stage 480/834.
[INFO] Enola: Solve for Rydberg stage 481/834.
[INFO] Enola: Solve for Rydberg stage 482/834.
[INFO] Enola: Solve for Rydberg stage 483/834.
[INFO] Enola: Solve for Rydberg stage 484/834.
[INFO] Enola: Solve for Rydberg stage 485/834.
[INFO] Enola: Solve for Rydberg stage 486/834.
[INFO] Enola: Solve for Rydberg stage 487/834.
[INFO] Enola: Solve for Rydberg stage 488/834.
[INFO] Enola: Solve for Rydberg stage 489/834.
[INFO] Enola: Solve for Rydberg stage 490/834.
[INFO] Enola: Solve for Rydberg stage 491/834.
[INFO] Enola: Solve for Rydberg stage 492/834.
[INFO] Enola: Solve for Rydberg stage 493/834.
[INFO] Enola: Solve for Rydberg stage 494/834.
[INFO] Enola: Solve for Rydberg stage 495/834.
[INFO] Enola: Solve for Rydberg stage 496/834.
[INFO] Enola: Solve for Rydberg stage 497/834.
[INFO] Enola: Solve for Rydberg stage 498/834.
[INFO] Enola: Solve for Rydberg stage 499/834.
[INFO] Enola: Solve for Rydberg stage 500/834.
[INFO] Enola: Solve for Rydberg stage 501/834.
[INFO] Enola: Solve for Rydberg stage 502/834.
[INFO] Enola: Solve for Rydberg stage 503/834.
[INFO] Enola: Solve for Rydberg stage 504/834.
[INFO] Enola: Solve for Rydberg stage 505/834.
[INFO] Enola: Solve for Rydberg stage 506/834.
[INFO] Enola: Solve for Rydberg stage 507/834.
[INFO] Enola: Solve for Rydberg stage 508/834.
[INFO] Enola: Solve for Rydberg stage 509/834.
[INFO] Enola: Solve for Rydberg stage 510/834.
[INFO] Enola: Solve for Rydberg stage 511/834.
[INFO] Enola: Solve for Rydberg stage 512/834.
[INFO] Enola: Solve for Rydberg stage 513/834.
[INFO] Enola: Solve for Rydberg stage 514/834.
[INFO] Enola: Solve for Rydberg stage 515/834.
[INFO] Enola: Solve for Rydberg stage 516/834.
[INFO] Enola: Solve for Rydberg stage 517/834.
[INFO] Enola: Solve for Rydberg stage 518/834.
[INFO] Enola: Solve for Rydberg stage 519/834.
[INFO] Enola: Solve for Rydberg stage 520/834.
[INFO] Enola: Solve for Rydberg stage 521/834.
[INFO] Enola: Solve for Rydberg stage 522/834.
[INFO] Enola: Solve for Rydberg stage 523/834.
[INFO] Enola: Solve for Rydberg stage 524/834.
[INFO] Enola: Solve for Rydberg stage 525/834.
[INFO] Enola: Solve for Rydberg stage 526/834.
[INFO] Enola: Solve for Rydberg stage 527/834.
[INFO] Enola: Solve for Rydberg stage 528/834.
[INFO] Enola: Solve for Rydberg stage 529/834.
[INFO] Enola: Solve for Rydberg stage 530/834.
[INFO] Enola: Solve for Rydberg stage 531/834.
[INFO] Enola: Solve for Rydberg stage 532/834.
[INFO] Enola: Solve for Rydberg stage 533/834.
[INFO] Enola: Solve for Rydberg stage 534/834.
[INFO] Enola: Solve for Rydberg stage 535/834.
[INFO] Enola: Solve for Rydberg stage 536/834.
[INFO] Enola: Solve for Rydberg stage 537/834.
[INFO] Enola: Solve for Rydberg stage 538/834.
[INFO] Enola: Solve for Rydberg stage 539/834.
[INFO] Enola: Solve for Rydberg stage 540/834.
[INFO] Enola: Solve for Rydberg stage 541/834.
[INFO] Enola: Solve for Rydberg stage 542/834.
[INFO] Enola: Solve for Rydberg stage 543/834.
[INFO] Enola: Solve for Rydberg stage 544/834.
[INFO] Enola: Solve for Rydberg stage 545/834.
[INFO] Enola: Solve for Rydberg stage 546/834.
[INFO] Enola: Solve for Rydberg stage 547/834.
[INFO] Enola: Solve for Rydberg stage 548/834.
[INFO] Enola: Solve for Rydberg stage 549/834.
[INFO] Enola: Solve for Rydberg stage 550/834.
[INFO] Enola: Solve for Rydberg stage 551/834.
[INFO] Enola: Solve for Rydberg stage 552/834.
[INFO] Enola: Solve for Rydberg stage 553/834.
[INFO] Enola: Solve for Rydberg stage 554/834.
[INFO] Enola: Solve for Rydberg stage 555/834.
[INFO] Enola: Solve for Rydberg stage 556/834.
[INFO] Enola: Solve for Rydberg stage 557/834.
[INFO] Enola: Solve for Rydberg stage 558/834.
[INFO] Enola: Solve for Rydberg stage 559/834.
[INFO] Enola: Solve for Rydberg stage 560/834.
[INFO] Enola: Solve for Rydberg stage 561/834.
[INFO] Enola: Solve for Rydberg stage 562/834.
[INFO] Enola: Solve for Rydberg stage 563/834.
[INFO] Enola: Solve for Rydberg stage 564/834.
[INFO] Enola: Solve for Rydberg stage 565/834.
[INFO] Enola: Solve for Rydberg stage 566/834.
[INFO] Enola: Solve for Rydberg stage 567/834.
[INFO] Enola: Solve for Rydberg stage 568/834.
[INFO] Enola: Solve for Rydberg stage 569/834.
[INFO] Enola: Solve for Rydberg stage 570/834.
[INFO] Enola: Solve for Rydberg stage 571/834.
[INFO] Enola: Solve for Rydberg stage 572/834.
[INFO] Enola: Solve for Rydberg stage 573/834.
[INFO] Enola: Solve for Rydberg stage 574/834.
[INFO] Enola: Solve for Rydberg stage 575/834.
[INFO] Enola: Solve for Rydberg stage 576/834.
[INFO] Enola: Solve for Rydberg stage 577/834.
[INFO] Enola: Solve for Rydberg stage 578/834.
[INFO] Enola: Solve for Rydberg stage 579/834.
[INFO] Enola: Solve for Rydberg stage 580/834.
[INFO] Enola: Solve for Rydberg stage 581/834.
[INFO] Enola: Solve for Rydberg stage 582/834.
[INFO] Enola: Solve for Rydberg stage 583/834.
[INFO] Enola: Solve for Rydberg stage 584/834.
[INFO] Enola: Solve for Rydberg stage 585/834.
[INFO] Enola: Solve for Rydberg stage 586/834.
[INFO] Enola: Solve for Rydberg stage 587/834.
[INFO] Enola: Solve for Rydberg stage 588/834.
[INFO] Enola: Solve for Rydberg stage 589/834.
[INFO] Enola: Solve for Rydberg stage 590/834.
[INFO] Enola: Solve for Rydberg stage 591/834.
[INFO] Enola: Solve for Rydberg stage 592/834.
[INFO] Enola: Solve for Rydberg stage 593/834.
[INFO] Enola: Solve for Rydberg stage 594/834.
[INFO] Enola: Solve for Rydberg stage 595/834.
[INFO] Enola: Solve for Rydberg stage 596/834.
[INFO] Enola: Solve for Rydberg stage 597/834.
[INFO] Enola: Solve for Rydberg stage 598/834.
[INFO] Enola: Solve for Rydberg stage 599/834.
[INFO] Enola: Solve for Rydberg stage 600/834.
[INFO] Enola: Solve for Rydberg stage 601/834.
[INFO] Enola: Solve for Rydberg stage 602/834.
[INFO] Enola: Solve for Rydberg stage 603/834.
[INFO] Enola: Solve for Rydberg stage 604/834.
[INFO] Enola: Solve for Rydberg stage 605/834.
[INFO] Enola: Solve for Rydberg stage 606/834.
[INFO] Enola: Solve for Rydberg stage 607/834.
[INFO] Enola: Solve for Rydberg stage 608/834.
[INFO] Enola: Solve for Rydberg stage 609/834.
[INFO] Enola: Solve for Rydberg stage 610/834.
[INFO] Enola: Solve for Rydberg stage 611/834.
[INFO] Enola: Solve for Rydberg stage 612/834.
[INFO] Enola: Solve for Rydberg stage 613/834.
[INFO] Enola: Solve for Rydberg stage 614/834.
[INFO] Enola: Solve for Rydberg stage 615/834.
[INFO] Enola: Solve for Rydberg stage 616/834.
[INFO] Enola: Solve for Rydberg stage 617/834.
[INFO] Enola: Solve for Rydberg stage 618/834.
[INFO] Enola: Solve for Rydberg stage 619/834.
[INFO] Enola: Solve for Rydberg stage 620/834.
[INFO] Enola: Solve for Rydberg stage 621/834.
[INFO] Enola: Solve for Rydberg stage 622/834.
[INFO] Enola: Solve for Rydberg stage 623/834.
[INFO] Enola: Solve for Rydberg stage 624/834.
[INFO] Enola: Solve for Rydberg stage 625/834.
[INFO] Enola: Solve for Rydberg stage 626/834.
[INFO] Enola: Solve for Rydberg stage 627/834.
[INFO] Enola: Solve for Rydberg stage 628/834.
[INFO] Enola: Solve for Rydberg stage 629/834.
[INFO] Enola: Solve for Rydberg stage 630/834.
[INFO] Enola: Solve for Rydberg stage 631/834.
[INFO] Enola: Solve for Rydberg stage 632/834.
[INFO] Enola: Solve for Rydberg stage 633/834.
[INFO] Enola: Solve for Rydberg stage 634/834.
[INFO] Enola: Solve for Rydberg stage 635/834.
[INFO] Enola: Solve for Rydberg stage 636/834.
[INFO] Enola: Solve for Rydberg stage 637/834.
[INFO] Enola: Solve for Rydberg stage 638/834.
[INFO] Enola: Solve for Rydberg stage 639/834.
[INFO] Enola: Solve for Rydberg stage 640/834.
[INFO] Enola: Solve for Rydberg stage 641/834.
[INFO] Enola: Solve for Rydberg stage 642/834.
[INFO] Enola: Solve for Rydberg stage 643/834.
[INFO] Enola: Solve for Rydberg stage 644/834.
[INFO] Enola: Solve for Rydberg stage 645/834.
[INFO] Enola: Solve for Rydberg stage 646/834.
[INFO] Enola: Solve for Rydberg stage 647/834.
[INFO] Enola: Solve for Rydberg stage 648/834.
[INFO] Enola: Solve for Rydberg stage 649/834.
[INFO] Enola: Solve for Rydberg stage 650/834.
[INFO] Enola: Solve for Rydberg stage 651/834.
[INFO] Enola: Solve for Rydberg stage 652/834.
[INFO] Enola: Solve for Rydberg stage 653/834.
[INFO] Enola: Solve for Rydberg stage 654/834.
[INFO] Enola: Solve for Rydberg stage 655/834.
[INFO] Enola: Solve for Rydberg stage 656/834.
[INFO] Enola: Solve for Rydberg stage 657/834.
[INFO] Enola: Solve for Rydberg stage 658/834.
[INFO] Enola: Solve for Rydberg stage 659/834.
[INFO] Enola: Solve for Rydberg stage 660/834.
[INFO] Enola: Solve for Rydberg stage 661/834.
[INFO] Enola: Solve for Rydberg stage 662/834.
[INFO] Enola: Solve for Rydberg stage 663/834.
[INFO] Enola: Solve for Rydberg stage 664/834.
[INFO] Enola: Solve for Rydberg stage 665/834.
[INFO] Enola: Solve for Rydberg stage 666/834.
[INFO] Enola: Solve for Rydberg stage 667/834.
[INFO] Enola: Solve for Rydberg stage 668/834.
[INFO] Enola: Solve for Rydberg stage 669/834.
[INFO] Enola: Solve for Rydberg stage 670/834.
[INFO] Enola: Solve for Rydberg stage 671/834.
[INFO] Enola: Solve for Rydberg stage 672/834.
[INFO] Enola: Solve for Rydberg stage 673/834.
[INFO] Enola: Solve for Rydberg stage 674/834.
[INFO] Enola: Solve for Rydberg stage 675/834.
[INFO] Enola: Solve for Rydberg stage 676/834.
[INFO] Enola: Solve for Rydberg stage 677/834.
[INFO] Enola: Solve for Rydberg stage 678/834.
[INFO] Enola: Solve for Rydberg stage 679/834.
[INFO] Enola: Solve for Rydberg stage 680/834.
[INFO] Enola: Solve for Rydberg stage 681/834.
[INFO] Enola: Solve for Rydberg stage 682/834.
[INFO] Enola: Solve for Rydberg stage 683/834.
[INFO] Enola: Solve for Rydberg stage 684/834.
[INFO] Enola: Solve for Rydberg stage 685/834.
[INFO] Enola: Solve for Rydberg stage 686/834.
[INFO] Enola: Solve for Rydberg stage 687/834.
[INFO] Enola: Solve for Rydberg stage 688/834.
[INFO] Enola: Solve for Rydberg stage 689/834.
[INFO] Enola: Solve for Rydberg stage 690/834.
[INFO] Enola: Solve for Rydberg stage 691/834.
[INFO] Enola: Solve for Rydberg stage 692/834.
[INFO] Enola: Solve for Rydberg stage 693/834.
[INFO] Enola: Solve for Rydberg stage 694/834.
[INFO] Enola: Solve for Rydberg stage 695/834.
[INFO] Enola: Solve for Rydberg stage 696/834.
[INFO] Enola: Solve for Rydberg stage 697/834.
[INFO] Enola: Solve for Rydberg stage 698/834.
[INFO] Enola: Solve for Rydberg stage 699/834.
[INFO] Enola: Solve for Rydberg stage 700/834.
[INFO] Enola: Solve for Rydberg stage 701/834.
[INFO] Enola: Solve for Rydberg stage 702/834.
[INFO] Enola: Solve for Rydberg stage 703/834.
[INFO] Enola: Solve for Rydberg stage 704/834.
[INFO] Enola: Solve for Rydberg stage 705/834.
[INFO] Enola: Solve for Rydberg stage 706/834.
[INFO] Enola: Solve for Rydberg stage 707/834.
[INFO] Enola: Solve for Rydberg stage 708/834.
[INFO] Enola: Solve for Rydberg stage 709/834.
[INFO] Enola: Solve for Rydberg stage 710/834.
[INFO] Enola: Solve for Rydberg stage 711/834.
[INFO] Enola: Solve for Rydberg stage 712/834.
[INFO] Enola: Solve for Rydberg stage 713/834.
[INFO] Enola: Solve for Rydberg stage 714/834.
[INFO] Enola: Solve for Rydberg stage 715/834.
[INFO] Enola: Solve for Rydberg stage 716/834.
[INFO] Enola: Solve for Rydberg stage 717/834.
[INFO] Enola: Solve for Rydberg stage 718/834.
[INFO] Enola: Solve for Rydberg stage 719/834.
[INFO] Enola: Solve for Rydberg stage 720/834.
[INFO] Enola: Solve for Rydberg stage 721/834.
[INFO] Enola: Solve for Rydberg stage 722/834.
[INFO] Enola: Solve for Rydberg stage 723/834.
[INFO] Enola: Solve for Rydberg stage 724/834.
[INFO] Enola: Solve for Rydberg stage 725/834.
[INFO] Enola: Solve for Rydberg stage 726/834.
[INFO] Enola: Solve for Rydberg stage 727/834.
[INFO] Enola: Solve for Rydberg stage 728/834.
[INFO] Enola: Solve for Rydberg stage 729/834.
[INFO] Enola: Solve for Rydberg stage 730/834.
[INFO] Enola: Solve for Rydberg stage 731/834.
[INFO] Enola: Solve for Rydberg stage 732/834.
[INFO] Enola: Solve for Rydberg stage 733/834.
[INFO] Enola: Solve for Rydberg stage 734/834.
[INFO] Enola: Solve for Rydberg stage 735/834.
[INFO] Enola: Solve for Rydberg stage 736/834.
[INFO] Enola: Solve for Rydberg stage 737/834.
[INFO] Enola: Solve for Rydberg stage 738/834.
[INFO] Enola: Solve for Rydberg stage 739/834.
[INFO] Enola: Solve for Rydberg stage 740/834.
[INFO] Enola: Solve for Rydberg stage 741/834.
[INFO] Enola: Solve for Rydberg stage 742/834.
[INFO] Enola: Solve for Rydberg stage 743/834.
[INFO] Enola: Solve for Rydberg stage 744/834.
[INFO] Enola: Solve for Rydberg stage 745/834.
[INFO] Enola: Solve for Rydberg stage 746/834.
[INFO] Enola: Solve for Rydberg stage 747/834.
[INFO] Enola: Solve for Rydberg stage 748/834.
[INFO] Enola: Solve for Rydberg stage 749/834.
[INFO] Enola: Solve for Rydberg stage 750/834.
[INFO] Enola: Solve for Rydberg stage 751/834.
[INFO] Enola: Solve for Rydberg stage 752/834.
[INFO] Enola: Solve for Rydberg stage 753/834.
[INFO] Enola: Solve for Rydberg stage 754/834.
[INFO] Enola: Solve for Rydberg stage 755/834.
[INFO] Enola: Solve for Rydberg stage 756/834.
[INFO] Enola: Solve for Rydberg stage 757/834.
[INFO] Enola: Solve for Rydberg stage 758/834.
[INFO] Enola: Solve for Rydberg stage 759/834.
[INFO] Enola: Solve for Rydberg stage 760/834.
[INFO] Enola: Solve for Rydberg stage 761/834.
[INFO] Enola: Solve for Rydberg stage 762/834.
[INFO] Enola: Solve for Rydberg stage 763/834.
[INFO] Enola: Solve for Rydberg stage 764/834.
[INFO] Enola: Solve for Rydberg stage 765/834.
[INFO] Enola: Solve for Rydberg stage 766/834.
[INFO] Enola: Solve for Rydberg stage 767/834.
[INFO] Enola: Solve for Rydberg stage 768/834.
[INFO] Enola: Solve for Rydberg stage 769/834.
[INFO] Enola: Solve for Rydberg stage 770/834.
[INFO] Enola: Solve for Rydberg stage 771/834.
[INFO] Enola: Solve for Rydberg stage 772/834.
[INFO] Enola: Solve for Rydberg stage 773/834.
[INFO] Enola: Solve for Rydberg stage 774/834.
[INFO] Enola: Solve for Rydberg stage 775/834.
[INFO] Enola: Solve for Rydberg stage 776/834.
[INFO] Enola: Solve for Rydberg stage 777/834.
[INFO] Enola: Solve for Rydberg stage 778/834.
[INFO] Enola: Solve for Rydberg stage 779/834.
[INFO] Enola: Solve for Rydberg stage 780/834.
[INFO] Enola: Solve for Rydberg stage 781/834.
[INFO] Enola: Solve for Rydberg stage 782/834.
[INFO] Enola: Solve for Rydberg stage 783/834.
[INFO] Enola: Solve for Rydberg stage 784/834.
[INFO] Enola: Solve for Rydberg stage 785/834.
[INFO] Enola: Solve for Rydberg stage 786/834.
[INFO] Enola: Solve for Rydberg stage 787/834.
[INFO] Enola: Solve for Rydberg stage 788/834.
[INFO] Enola: Solve for Rydberg stage 789/834.
[INFO] Enola: Solve for Rydberg stage 790/834.
[INFO] Enola: Solve for Rydberg stage 791/834.
[INFO] Enola: Solve for Rydberg stage 792/834.
[INFO] Enola: Solve for Rydberg stage 793/834.
[INFO] Enola: Solve for Rydberg stage 794/834.
[INFO] Enola: Solve for Rydberg stage 795/834.
[INFO] Enola: Solve for Rydberg stage 796/834.
[INFO] Enola: Solve for Rydberg stage 797/834.
[INFO] Enola: Solve for Rydberg stage 798/834.
[INFO] Enola: Solve for Rydberg stage 799/834.
[INFO] Enola: Solve for Rydberg stage 800/834.
[INFO] Enola: Solve for Rydberg stage 801/834.
[INFO] Enola: Solve for Rydberg stage 802/834.
[INFO] Enola: Solve for Rydberg stage 803/834.
[INFO] Enola: Solve for Rydberg stage 804/834.
[INFO] Enola: Solve for Rydberg stage 805/834.
[INFO] Enola: Solve for Rydberg stage 806/834.
[INFO] Enola: Solve for Rydberg stage 807/834.
[INFO] Enola: Solve for Rydberg stage 808/834.
[INFO] Enola: Solve for Rydberg stage 809/834.
[INFO] Enola: Solve for Rydberg stage 810/834.
[INFO] Enola: Solve for Rydberg stage 811/834.
[INFO] Enola: Solve for Rydberg stage 812/834.
[INFO] Enola: Solve for Rydberg stage 813/834.
[INFO] Enola: Solve for Rydberg stage 814/834.
[INFO] Enola: Solve for Rydberg stage 815/834.
[INFO] Enola: Solve for Rydberg stage 816/834.
[INFO] Enola: Solve for Rydberg stage 817/834.
[INFO] Enola: Solve for Rydberg stage 818/834.
[INFO] Enola: Solve for Rydberg stage 819/834.
[INFO] Enola: Solve for Rydberg stage 820/834.
[INFO] Enola: Solve for Rydberg stage 821/834.
[INFO] Enola: Solve for Rydberg stage 822/834.
[INFO] Enola: Solve for Rydberg stage 823/834.
[INFO] Enola: Solve for Rydberg stage 824/834.
[INFO] Enola: Solve for Rydberg stage 825/834.
[INFO] Enola: Solve for Rydberg stage 826/834.
[INFO] Enola: Solve for Rydberg stage 827/834.
[INFO] Enola: Solve for Rydberg stage 828/834.
[INFO] Enola: Solve for Rydberg stage 829/834.
[INFO] Enola: Solve for Rydberg stage 830/834.
[INFO] Enola: Solve for Rydberg stage 831/834.
[INFO] Enola: Solve for Rydberg stage 832/834.
[INFO] Enola: Solve for Rydberg stage 833/834.
[INFO] Enola: Solve for Rydberg stage 834/834.
[INFO] Enola: Solve for Rydberg stage 835/834.
[INFO] Enola: Time for routing: 0.1095418930053711s
[INFO] Enola: Total Time: 2.072176218032837s
Compilation successful.

2026-03-25 17:27:43,739 - BenchmarkManager - INFO - enola (run 1/1) - Running /u/halle/heiz/home_at/BachelorProject/benchmarks/uf_fix50_20-100/uf50-020.qasm
2026-03-25 17:27:46,831 - Compiler.enola - INFO - STDOUT:
[INFO] Enola: Start Solving
[INFO] Enola: Run scheduling
[INFO] Enola: Time for scheduling: 0.0006277561187744141s
75
[INFO] Enola: Time for placement: 1.2636184692382812e-05s
[INFO] Enola: Solve for Rydberg stage 2/756.
[INFO] Enola: Solve for Rydberg stage 3/756.
[INFO] Enola: Solve for Rydberg stage 4/756.
[INFO] Enola: Solve for Rydberg stage 5/756.
[INFO] Enola: Solve for Rydberg stage 6/756.
[INFO] Enola: Solve for Rydberg stage 7/756.
[INFO] Enola: Solve for Rydberg stage 8/756.
[INFO] Enola: Solve for Rydberg stage 9/756.
[INFO] Enola: Solve for Rydberg stage 10/756.
[INFO] Enola: Solve for Rydberg stage 11/756.
[INFO] Enola: Solve for Rydberg stage 12/756.
[INFO] Enola: Solve for Rydberg stage 13/756.
[INFO] Enola: Solve for Rydberg stage 14/756.
[INFO] Enola: Solve for Rydberg stage 15/756.
[INFO] Enola: Solve for Rydberg stage 16/756.
[INFO] Enola: Solve for Rydberg stage 17/756.
[INFO] Enola: Solve for Rydberg stage 18/756.
[INFO] Enola: Solve for Rydberg stage 19/756.
[INFO] Enola: Solve for Rydberg stage 20/756.
[INFO] Enola: Solve for Rydberg stage 21/756.
[INFO] Enola: Solve for Rydberg stage 22/756.
[INFO] Enola: Solve for Rydberg stage 23/756.
[INFO] Enola: Solve for Rydberg stage 24/756.
[INFO] Enola: Solve for Rydberg stage 25/756.
[INFO] Enola: Solve for Rydberg stage 26/756.
[INFO] Enola: Solve for Rydberg stage 27/756.
[INFO] Enola: Solve for Rydberg stage 28/756.
[INFO] Enola: Solve for Rydberg stage 29/756.
[INFO] Enola: Solve for Rydberg stage 30/756.
[INFO] Enola: Solve for Rydberg stage 31/756.
[INFO] Enola: Solve for Rydberg stage 32/756.
[INFO] Enola: Solve for Rydberg stage 33/756.
[INFO] Enola: Solve for Rydberg stage 34/756.
[INFO] Enola: Solve for Rydberg stage 35/756.
[INFO] Enola: Solve for Rydberg stage 36/756.
[INFO] Enola: Solve for Rydberg stage 37/756.
[INFO] Enola: Solve for Rydberg stage 38/756.
[INFO] Enola: Solve for Rydberg stage 39/756.
[INFO] Enola: Solve for Rydberg stage 40/756.
[INFO] Enola: Solve for Rydberg stage 41/756.
[INFO] Enola: Solve for Rydberg stage 42/756.
[INFO] Enola: Solve for Rydberg stage 43/756.
[INFO] Enola: Solve for Rydberg stage 44/756.
[INFO] Enola: Solve for Rydberg stage 45/756.
[INFO] Enola: Solve for Rydberg stage 46/756.
[INFO] Enola: Solve for Rydberg stage 47/756.
[INFO] Enola: Solve for Rydberg stage 48/756.
[INFO] Enola: Solve for Rydberg stage 49/756.
[INFO] Enola: Solve for Rydberg stage 50/756.
[INFO] Enola: Solve for Rydberg stage 51/756.
[INFO] Enola: Solve for Rydberg stage 52/756.
[INFO] Enola: Solve for Rydberg stage 53/756.
[INFO] Enola: Solve for Rydberg stage 54/756.
[INFO] Enola: Solve for Rydberg stage 55/756.
[INFO] Enola: Solve for Rydberg stage 56/756.
[INFO] Enola: Solve for Rydberg stage 57/756.
[INFO] Enola: Solve for Rydberg stage 58/756.
[INFO] Enola: Solve for Rydberg stage 59/756.
[INFO] Enola: Solve for Rydberg stage 60/756.
[INFO] Enola: Solve for Rydberg stage 61/756.
[INFO] Enola: Solve for Rydberg stage 62/756.
[INFO] Enola: Solve for Rydberg stage 63/756.
[INFO] Enola: Solve for Rydberg stage 64/756.
[INFO] Enola: Solve for Rydberg stage 65/756.
[INFO] Enola: Solve for Rydberg stage 66/756.
[INFO] Enola: Solve for Rydberg stage 67/756.
[INFO] Enola: Solve for Rydberg stage 68/756.
[INFO] Enola: Solve for Rydberg stage 69/756.
[INFO] Enola: Solve for Rydberg stage 70/756.
[INFO] Enola: Solve for Rydberg stage 71/756.
[INFO] Enola: Solve for Rydberg stage 72/756.
[INFO] Enola: Solve for Rydberg stage 73/756.
[INFO] Enola: Solve for Rydberg stage 74/756.
[INFO] Enola: Solve for Rydberg stage 75/756.
[INFO] Enola: Solve for Rydberg stage 76/756.
[INFO] Enola: Solve for Rydberg stage 77/756.
[INFO] Enola: Solve for Rydberg stage 78/756.
[INFO] Enola: Solve for Rydberg stage 79/756.
[INFO] Enola: Solve for Rydberg stage 80/756.
[INFO] Enola: Solve for Rydberg stage 81/756.
[INFO] Enola: Solve for Rydberg stage 82/756.
[INFO] Enola: Solve for Rydberg stage 83/756.
[INFO] Enola: Solve for Rydberg stage 84/756.
[INFO] Enola: Solve for Rydberg stage 85/756.
[INFO] Enola: Solve for Rydberg stage 86/756.
[INFO] Enola: Solve for Rydberg stage 87/756.
[INFO] Enola: Solve for Rydberg stage 88/756.
[INFO] Enola: Solve for Rydberg stage 89/756.
[INFO] Enola: Solve for Rydberg stage 90/756.
[INFO] Enola: Solve for Rydberg stage 91/756.
[INFO] Enola: Solve for Rydberg stage 92/756.
[INFO] Enola: Solve for Rydberg stage 93/756.
[INFO] Enola: Solve for Rydberg stage 94/756.
[INFO] Enola: Solve for Rydberg stage 95/756.
[INFO] Enola: Solve for Rydberg stage 96/756.
[INFO] Enola: Solve for Rydberg stage 97/756.
[INFO] Enola: Solve for Rydberg stage 98/756.
[INFO] Enola: Solve for Rydberg stage 99/756.
[INFO] Enola: Solve for Rydberg stage 100/756.
[INFO] Enola: Solve for Rydberg stage 101/756.
[INFO] Enola: Solve for Rydberg stage 102/756.
[INFO] Enola: Solve for Rydberg stage 103/756.
[INFO] Enola: Solve for Rydberg stage 104/756.
[INFO] Enola: Solve for Rydberg stage 105/756.
[INFO] Enola: Solve for Rydberg stage 106/756.
[INFO] Enola: Solve for Rydberg stage 107/756.
[INFO] Enola: Solve for Rydberg stage 108/756.
[INFO] Enola: Solve for Rydberg stage 109/756.
[INFO] Enola: Solve for Rydberg stage 110/756.
[INFO] Enola: Solve for Rydberg stage 111/756.
[INFO] Enola: Solve for Rydberg stage 112/756.
[INFO] Enola: Solve for Rydberg stage 113/756.
[INFO] Enola: Solve for Rydberg stage 114/756.
[INFO] Enola: Solve for Rydberg stage 115/756.
[INFO] Enola: Solve for Rydberg stage 116/756.
[INFO] Enola: Solve for Rydberg stage 117/756.
[INFO] Enola: Solve for Rydberg stage 118/756.
[INFO] Enola: Solve for Rydberg stage 119/756.
[INFO] Enola: Solve for Rydberg stage 120/756.
[INFO] Enola: Solve for Rydberg stage 121/756.
[INFO] Enola: Solve for Rydberg stage 122/756.
[INFO] Enola: Solve for Rydberg stage 123/756.
[INFO] Enola: Solve for Rydberg stage 124/756.
[INFO] Enola: Solve for Rydberg stage 125/756.
[INFO] Enola: Solve for Rydberg stage 126/756.
[INFO] Enola: Solve for Rydberg stage 127/756.
[INFO] Enola: Solve for Rydberg stage 128/756.
[INFO] Enola: Solve for Rydberg stage 129/756.
[INFO] Enola: Solve for Rydberg stage 130/756.
[INFO] Enola: Solve for Rydberg stage 131/756.
[INFO] Enola: Solve for Rydberg stage 132/756.
[INFO] Enola: Solve for Rydberg stage 133/756.
[INFO] Enola: Solve for Rydberg stage 134/756.
[INFO] Enola: Solve for Rydberg stage 135/756.
[INFO] Enola: Solve for Rydberg stage 136/756.
[INFO] Enola: Solve for Rydberg stage 137/756.
[INFO] Enola: Solve for Rydberg stage 138/756.
[INFO] Enola: Solve for Rydberg stage 139/756.
[INFO] Enola: Solve for Rydberg stage 140/756.
[INFO] Enola: Solve for Rydberg stage 141/756.
[INFO] Enola: Solve for Rydberg stage 142/756.
[INFO] Enola: Solve for Rydberg stage 143/756.
[INFO] Enola: Solve for Rydberg stage 144/756.
[INFO] Enola: Solve for Rydberg stage 145/756.
[INFO] Enola: Solve for Rydberg stage 146/756.
[INFO] Enola: Solve for Rydberg stage 147/756.
[INFO] Enola: Solve for Rydberg stage 148/756.
[INFO] Enola: Solve for Rydberg stage 149/756.
[INFO] Enola: Solve for Rydberg stage 150/756.
[INFO] Enola: Solve for Rydberg stage 151/756.
[INFO] Enola: Solve for Rydberg stage 152/756.
[INFO] Enola: Solve for Rydberg stage 153/756.
[INFO] Enola: Solve for Rydberg stage 154/756.
[INFO] Enola: Solve for Rydberg stage 155/756.
[INFO] Enola: Solve for Rydberg stage 156/756.
[INFO] Enola: Solve for Rydberg stage 157/756.
[INFO] Enola: Solve for Rydberg stage 158/756.
[INFO] Enola: Solve for Rydberg stage 159/756.
[INFO] Enola: Solve for Rydberg stage 160/756.
[INFO] Enola: Solve for Rydberg stage 161/756.
[INFO] Enola: Solve for Rydberg stage 162/756.
[INFO] Enola: Solve for Rydberg stage 163/756.
[INFO] Enola: Solve for Rydberg stage 164/756.
[INFO] Enola: Solve for Rydberg stage 165/756.
[INFO] Enola: Solve for Rydberg stage 166/756.
[INFO] Enola: Solve for Rydberg stage 167/756.
[INFO] Enola: Solve for Rydberg stage 168/756.
[INFO] Enola: Solve for Rydberg stage 169/756.
[INFO] Enola: Solve for Rydberg stage 170/756.
[INFO] Enola: Solve for Rydberg stage 171/756.
[INFO] Enola: Solve for Rydberg stage 172/756.
[INFO] Enola: Solve for Rydberg stage 173/756.
[INFO] Enola: Solve for Rydberg stage 174/756.
[INFO] Enola: Solve for Rydberg stage 175/756.
[INFO] Enola: Solve for Rydberg stage 176/756.
[INFO] Enola: Solve for Rydberg stage 177/756.
[INFO] Enola: Solve for Rydberg stage 178/756.
[INFO] Enola: Solve for Rydberg stage 179/756.
[INFO] Enola: Solve for Rydberg stage 180/756.
[INFO] Enola: Solve for Rydberg stage 181/756.
[INFO] Enola: Solve for Rydberg stage 182/756.
[INFO] Enola: Solve for Rydberg stage 183/756.
[INFO] Enola: Solve for Rydberg stage 184/756.
[INFO] Enola: Solve for Rydberg stage 185/756.
[INFO] Enola: Solve for Rydberg stage 186/756.
[INFO] Enola: Solve for Rydberg stage 187/756.
[INFO] Enola: Solve for Rydberg stage 188/756.
[INFO] Enola: Solve for Rydberg stage 189/756.
[INFO] Enola: Solve for Rydberg stage 190/756.
[INFO] Enola: Solve for Rydberg stage 191/756.
[INFO] Enola: Solve for Rydberg stage 192/756.
[INFO] Enola: Solve for Rydberg stage 193/756.
[INFO] Enola: Solve for Rydberg stage 194/756.
[INFO] Enola: Solve for Rydberg stage 195/756.
[INFO] Enola: Solve for Rydberg stage 196/756.
[INFO] Enola: Solve for Rydberg stage 197/756.
[INFO] Enola: Solve for Rydberg stage 198/756.
[INFO] Enola: Solve for Rydberg stage 199/756.
[INFO] Enola: Solve for Rydberg stage 200/756.
[INFO] Enola: Solve for Rydberg stage 201/756.
[INFO] Enola: Solve for Rydberg stage 202/756.
[INFO] Enola: Solve for Rydberg stage 203/756.
[INFO] Enola: Solve for Rydberg stage 204/756.
[INFO] Enola: Solve for Rydberg stage 205/756.
[INFO] Enola: Solve for Rydberg stage 206/756.
[INFO] Enola: Solve for Rydberg stage 207/756.
[INFO] Enola: Solve for Rydberg stage 208/756.
[INFO] Enola: Solve for Rydberg stage 209/756.
[INFO] Enola: Solve for Rydberg stage 210/756.
[INFO] Enola: Solve for Rydberg stage 211/756.
[INFO] Enola: Solve for Rydberg stage 212/756.
[INFO] Enola: Solve for Rydberg stage 213/756.
[INFO] Enola: Solve for Rydberg stage 214/756.
[INFO] Enola: Solve for Rydberg stage 215/756.
[INFO] Enola: Solve for Rydberg stage 216/756.
[INFO] Enola: Solve for Rydberg stage 217/756.
[INFO] Enola: Solve for Rydberg stage 218/756.
[INFO] Enola: Solve for Rydberg stage 219/756.
[INFO] Enola: Solve for Rydberg stage 220/756.
[INFO] Enola: Solve for Rydberg stage 221/756.
[INFO] Enola: Solve for Rydberg stage 222/756.
[INFO] Enola: Solve for Rydberg stage 223/756.
[INFO] Enola: Solve for Rydberg stage 224/756.
[INFO] Enola: Solve for Rydberg stage 225/756.
[INFO] Enola: Solve for Rydberg stage 226/756.
[INFO] Enola: Solve for Rydberg stage 227/756.
[INFO] Enola: Solve for Rydberg stage 228/756.
[INFO] Enola: Solve for Rydberg stage 229/756.
[INFO] Enola: Solve for Rydberg stage 230/756.
[INFO] Enola: Solve for Rydberg stage 231/756.
[INFO] Enola: Solve for Rydberg stage 232/756.
[INFO] Enola: Solve for Rydberg stage 233/756.
[INFO] Enola: Solve for Rydberg stage 234/756.
[INFO] Enola: Solve for Rydberg stage 235/756.
[INFO] Enola: Solve for Rydberg stage 236/756.
[INFO] Enola: Solve for Rydberg stage 237/756.
[INFO] Enola: Solve for Rydberg stage 238/756.
[INFO] Enola: Solve for Rydberg stage 239/756.
[INFO] Enola: Solve for Rydberg stage 240/756.
[INFO] Enola: Solve for Rydberg stage 241/756.
[INFO] Enola: Solve for Rydberg stage 242/756.
[INFO] Enola: Solve for Rydberg stage 243/756.
[INFO] Enola: Solve for Rydberg stage 244/756.
[INFO] Enola: Solve for Rydberg stage 245/756.
[INFO] Enola: Solve for Rydberg stage 246/756.
[INFO] Enola: Solve for Rydberg stage 247/756.
[INFO] Enola: Solve for Rydberg stage 248/756.
[INFO] Enola: Solve for Rydberg stage 249/756.
[INFO] Enola: Solve for Rydberg stage 250/756.
[INFO] Enola: Solve for Rydberg stage 251/756.
[INFO] Enola: Solve for Rydberg stage 252/756.
[INFO] Enola: Solve for Rydberg stage 253/756.
[INFO] Enola: Solve for Rydberg stage 254/756.
[INFO] Enola: Solve for Rydberg stage 255/756.
[INFO] Enola: Solve for Rydberg stage 256/756.
[INFO] Enola: Solve for Rydberg stage 257/756.
[INFO] Enola: Solve for Rydberg stage 258/756.
[INFO] Enola: Solve for Rydberg stage 259/756.
[INFO] Enola: Solve for Rydberg stage 260/756.
[INFO] Enola: Solve for Rydberg stage 261/756.
[INFO] Enola: Solve for Rydberg stage 262/756.
[INFO] Enola: Solve for Rydberg stage 263/756.
[INFO] Enola: Solve for Rydberg stage 264/756.
[INFO] Enola: Solve for Rydberg stage 265/756.
[INFO] Enola: Solve for Rydberg stage 266/756.
[INFO] Enola: Solve for Rydberg stage 267/756.
[INFO] Enola: Solve for Rydberg stage 268/756.
[INFO] Enola: Solve for Rydberg stage 269/756.
[INFO] Enola: Solve for Rydberg stage 270/756.
[INFO] Enola: Solve for Rydberg stage 271/756.
[INFO] Enola: Solve for Rydberg stage 272/756.
[INFO] Enola: Solve for Rydberg stage 273/756.
[INFO] Enola: Solve for Rydberg stage 274/756.
[INFO] Enola: Solve for Rydberg stage 275/756.
[INFO] Enola: Solve for Rydberg stage 276/756.
[INFO] Enola: Solve for Rydberg stage 277/756.
[INFO] Enola: Solve for Rydberg stage 278/756.
[INFO] Enola: Solve for Rydberg stage 279/756.
[INFO] Enola: Solve for Rydberg stage 280/756.
[INFO] Enola: Solve for Rydberg stage 281/756.
[INFO] Enola: Solve for Rydberg stage 282/756.
[INFO] Enola: Solve for Rydberg stage 283/756.
[INFO] Enola: Solve for Rydberg stage 284/756.
[INFO] Enola: Solve for Rydberg stage 285/756.
[INFO] Enola: Solve for Rydberg stage 286/756.
[INFO] Enola: Solve for Rydberg stage 287/756.
[INFO] Enola: Solve for Rydberg stage 288/756.
[INFO] Enola: Solve for Rydberg stage 289/756.
[INFO] Enola: Solve for Rydberg stage 290/756.
[INFO] Enola: Solve for Rydberg stage 291/756.
[INFO] Enola: Solve for Rydberg stage 292/756.
[INFO] Enola: Solve for Rydberg stage 293/756.
[INFO] Enola: Solve for Rydberg stage 294/756.
[INFO] Enola: Solve for Rydberg stage 295/756.
[INFO] Enola: Solve for Rydberg stage 296/756.
[INFO] Enola: Solve for Rydberg stage 297/756.
[INFO] Enola: Solve for Rydberg stage 298/756.
[INFO] Enola: Solve for Rydberg stage 299/756.
[INFO] Enola: Solve for Rydberg stage 300/756.
[INFO] Enola: Solve for Rydberg stage 301/756.
[INFO] Enola: Solve for Rydberg stage 302/756.
[INFO] Enola: Solve for Rydberg stage 303/756.
[INFO] Enola: Solve for Rydberg stage 304/756.
[INFO] Enola: Solve for Rydberg stage 305/756.
[INFO] Enola: Solve for Rydberg stage 306/756.
[INFO] Enola: Solve for Rydberg stage 307/756.
[INFO] Enola: Solve for Rydberg stage 308/756.
[INFO] Enola: Solve for Rydberg stage 309/756.
[INFO] Enola: Solve for Rydberg stage 310/756.
[INFO] Enola: Solve for Rydberg stage 311/756.
[INFO] Enola: Solve for Rydberg stage 312/756.
[INFO] Enola: Solve for Rydberg stage 313/756.
[INFO] Enola: Solve for Rydberg stage 314/756.
[INFO] Enola: Solve for Rydberg stage 315/756.
[INFO] Enola: Solve for Rydberg stage 316/756.
[INFO] Enola: Solve for Rydberg stage 317/756.
[INFO] Enola: Solve for Rydberg stage 318/756.
[INFO] Enola: Solve for Rydberg stage 319/756.
[INFO] Enola: Solve for Rydberg stage 320/756.
[INFO] Enola: Solve for Rydberg stage 321/756.
[INFO] Enola: Solve for Rydberg stage 322/756.
[INFO] Enola: Solve for Rydberg stage 323/756.
[INFO] Enola: Solve for Rydberg stage 324/756.
[INFO] Enola: Solve for Rydberg stage 325/756.
[INFO] Enola: Solve for Rydberg stage 326/756.
[INFO] Enola: Solve for Rydberg stage 327/756.
[INFO] Enola: Solve for Rydberg stage 328/756.
[INFO] Enola: Solve for Rydberg stage 329/756.
[INFO] Enola: Solve for Rydberg stage 330/756.
[INFO] Enola: Solve for Rydberg stage 331/756.
[INFO] Enola: Solve for Rydberg stage 332/756.
[INFO] Enola: Solve for Rydberg stage 333/756.
[INFO] Enola: Solve for Rydberg stage 334/756.
[INFO] Enola: Solve for Rydberg stage 335/756.
[INFO] Enola: Solve for Rydberg stage 336/756.
[INFO] Enola: Solve for Rydberg stage 337/756.
[INFO] Enola: Solve for Rydberg stage 338/756.
[INFO] Enola: Solve for Rydberg stage 339/756.
[INFO] Enola: Solve for Rydberg stage 340/756.
[INFO] Enola: Solve for Rydberg stage 341/756.
[INFO] Enola: Solve for Rydberg stage 342/756.
[INFO] Enola: Solve for Rydberg stage 343/756.
[INFO] Enola: Solve for Rydberg stage 344/756.
[INFO] Enola: Solve for Rydberg stage 345/756.
[INFO] Enola: Solve for Rydberg stage 346/756.
[INFO] Enola: Solve for Rydberg stage 347/756.
[INFO] Enola: Solve for Rydberg stage 348/756.
[INFO] Enola: Solve for Rydberg stage 349/756.
[INFO] Enola: Solve for Rydberg stage 350/756.
[INFO] Enola: Solve for Rydberg stage 351/756.
[INFO] Enola: Solve for Rydberg stage 352/756.
[INFO] Enola: Solve for Rydberg stage 353/756.
[INFO] Enola: Solve for Rydberg stage 354/756.
[INFO] Enola: Solve for Rydberg stage 355/756.
[INFO] Enola: Solve for Rydberg stage 356/756.
[INFO] Enola: Solve for Rydberg stage 357/756.
[INFO] Enola: Solve for Rydberg stage 358/756.
[INFO] Enola: Solve for Rydberg stage 359/756.
[INFO] Enola: Solve for Rydberg stage 360/756.
[INFO] Enola: Solve for Rydberg stage 361/756.
[INFO] Enola: Solve for Rydberg stage 362/756.
[INFO] Enola: Solve for Rydberg stage 363/756.
[INFO] Enola: Solve for Rydberg stage 364/756.
[INFO] Enola: Solve for Rydberg stage 365/756.
[INFO] Enola: Solve for Rydberg stage 366/756.
[INFO] Enola: Solve for Rydberg stage 367/756.
[INFO] Enola: Solve for Rydberg stage 368/756.
[INFO] Enola: Solve for Rydberg stage 369/756.
[INFO] Enola: Solve for Rydberg stage 370/756.
[INFO] Enola: Solve for Rydberg stage 371/756.
[INFO] Enola: Solve for Rydberg stage 372/756.
[INFO] Enola: Solve for Rydberg stage 373/756.
[INFO] Enola: Solve for Rydberg stage 374/756.
[INFO] Enola: Solve for Rydberg stage 375/756.
[INFO] Enola: Solve for Rydberg stage 376/756.
[INFO] Enola: Solve for Rydberg stage 377/756.
[INFO] Enola: Solve for Rydberg stage 378/756.
[INFO] Enola: Solve for Rydberg stage 379/756.
[INFO] Enola: Solve for Rydberg stage 380/756.
[INFO] Enola: Solve for Rydberg stage 381/756.
[INFO] Enola: Solve for Rydberg stage 382/756.
[INFO] Enola: Solve for Rydberg stage 383/756.
[INFO] Enola: Solve for Rydberg stage 384/756.
[INFO] Enola: Solve for Rydberg stage 385/756.
[INFO] Enola: Solve for Rydberg stage 386/756.
[INFO] Enola: Solve for Rydberg stage 387/756.
[INFO] Enola: Solve for Rydberg stage 388/756.
[INFO] Enola: Solve for Rydberg stage 389/756.
[INFO] Enola: Solve for Rydberg stage 390/756.
[INFO] Enola: Solve for Rydberg stage 391/756.
[INFO] Enola: Solve for Rydberg stage 392/756.
[INFO] Enola: Solve for Rydberg stage 393/756.
[INFO] Enola: Solve for Rydberg stage 394/756.
[INFO] Enola: Solve for Rydberg stage 395/756.
[INFO] Enola: Solve for Rydberg stage 396/756.
[INFO] Enola: Solve for Rydberg stage 397/756.
[INFO] Enola: Solve for Rydberg stage 398/756.
[INFO] Enola: Solve for Rydberg stage 399/756.
[INFO] Enola: Solve for Rydberg stage 400/756.
[INFO] Enola: Solve for Rydberg stage 401/756.
[INFO] Enola: Solve for Rydberg stage 402/756.
[INFO] Enola: Solve for Rydberg stage 403/756.
[INFO] Enola: Solve for Rydberg stage 404/756.
[INFO] Enola: Solve for Rydberg stage 405/756.
[INFO] Enola: Solve for Rydberg stage 406/756.
[INFO] Enola: Solve for Rydberg stage 407/756.
[INFO] Enola: Solve for Rydberg stage 408/756.
[INFO] Enola: Solve for Rydberg stage 409/756.
[INFO] Enola: Solve for Rydberg stage 410/756.
[INFO] Enola: Solve for Rydberg stage 411/756.
[INFO] Enola: Solve for Rydberg stage 412/756.
[INFO] Enola: Solve for Rydberg stage 413/756.
[INFO] Enola: Solve for Rydberg stage 414/756.
[INFO] Enola: Solve for Rydberg stage 415/756.
[INFO] Enola: Solve for Rydberg stage 416/756.
[INFO] Enola: Solve for Rydberg stage 417/756.
[INFO] Enola: Solve for Rydberg stage 418/756.
[INFO] Enola: Solve for Rydberg stage 419/756.
[INFO] Enola: Solve for Rydberg stage 420/756.
[INFO] Enola: Solve for Rydberg stage 421/756.
[INFO] Enola: Solve for Rydberg stage 422/756.
[INFO] Enola: Solve for Rydberg stage 423/756.
[INFO] Enola: Solve for Rydberg stage 424/756.
[INFO] Enola: Solve for Rydberg stage 425/756.
[INFO] Enola: Solve for Rydberg stage 426/756.
[INFO] Enola: Solve for Rydberg stage 427/756.
[INFO] Enola: Solve for Rydberg stage 428/756.
[INFO] Enola: Solve for Rydberg stage 429/756.
[INFO] Enola: Solve for Rydberg stage 430/756.
[INFO] Enola: Solve for Rydberg stage 431/756.
[INFO] Enola: Solve for Rydberg stage 432/756.
[INFO] Enola: Solve for Rydberg stage 433/756.
[INFO] Enola: Solve for Rydberg stage 434/756.
[INFO] Enola: Solve for Rydberg stage 435/756.
[INFO] Enola: Solve for Rydberg stage 436/756.
[INFO] Enola: Solve for Rydberg stage 437/756.
[INFO] Enola: Solve for Rydberg stage 438/756.
[INFO] Enola: Solve for Rydberg stage 439/756.
[INFO] Enola: Solve for Rydberg stage 440/756.
[INFO] Enola: Solve for Rydberg stage 441/756.
[INFO] Enola: Solve for Rydberg stage 442/756.
[INFO] Enola: Solve for Rydberg stage 443/756.
[INFO] Enola: Solve for Rydberg stage 444/756.
[INFO] Enola: Solve for Rydberg stage 445/756.
[INFO] Enola: Solve for Rydberg stage 446/756.
[INFO] Enola: Solve for Rydberg stage 447/756.
[INFO] Enola: Solve for Rydberg stage 448/756.
[INFO] Enola: Solve for Rydberg stage 449/756.
[INFO] Enola: Solve for Rydberg stage 450/756.
[INFO] Enola: Solve for Rydberg stage 451/756.
[INFO] Enola: Solve for Rydberg stage 452/756.
[INFO] Enola: Solve for Rydberg stage 453/756.
[INFO] Enola: Solve for Rydberg stage 454/756.
[INFO] Enola: Solve for Rydberg stage 455/756.
[INFO] Enola: Solve for Rydberg stage 456/756.
[INFO] Enola: Solve for Rydberg stage 457/756.
[INFO] Enola: Solve for Rydberg stage 458/756.
[INFO] Enola: Solve for Rydberg stage 459/756.
[INFO] Enola: Solve for Rydberg stage 460/756.
[INFO] Enola: Solve for Rydberg stage 461/756.
[INFO] Enola: Solve for Rydberg stage 462/756.
[INFO] Enola: Solve for Rydberg stage 463/756.
[INFO] Enola: Solve for Rydberg stage 464/756.
[INFO] Enola: Solve for Rydberg stage 465/756.
[INFO] Enola: Solve for Rydberg stage 466/756.
[INFO] Enola: Solve for Rydberg stage 467/756.
[INFO] Enola: Solve for Rydberg stage 468/756.
[INFO] Enola: Solve for Rydberg stage 469/756.
[INFO] Enola: Solve for Rydberg stage 470/756.
[INFO] Enola: Solve for Rydberg stage 471/756.
[INFO] Enola: Solve for Rydberg stage 472/756.
[INFO] Enola: Solve for Rydberg stage 473/756.
[INFO] Enola: Solve for Rydberg stage 474/756.
[INFO] Enola: Solve for Rydberg stage 475/756.
[INFO] Enola: Solve for Rydberg stage 476/756.
[INFO] Enola: Solve for Rydberg stage 477/756.
[INFO] Enola: Solve for Rydberg stage 478/756.
[INFO] Enola: Solve for Rydberg stage 479/756.
[INFO] Enola: Solve for Rydberg stage 480/756.
[INFO] Enola: Solve for Rydberg stage 481/756.
[INFO] Enola: Solve for Rydberg stage 482/756.
[INFO] Enola: Solve for Rydberg stage 483/756.
[INFO] Enola: Solve for Rydberg stage 484/756.
[INFO] Enola: Solve for Rydberg stage 485/756.
[INFO] Enola: Solve for Rydberg stage 486/756.
[INFO] Enola: Solve for Rydberg stage 487/756.
[INFO] Enola: Solve for Rydberg stage 488/756.
[INFO] Enola: Solve for Rydberg stage 489/756.
[INFO] Enola: Solve for Rydberg stage 490/756.
[INFO] Enola: Solve for Rydberg stage 491/756.
[INFO] Enola: Solve for Rydberg stage 492/756.
[INFO] Enola: Solve for Rydberg stage 493/756.
[INFO] Enola: Solve for Rydberg stage 494/756.
[INFO] Enola: Solve for Rydberg stage 495/756.
[INFO] Enola: Solve for Rydberg stage 496/756.
[INFO] Enola: Solve for Rydberg stage 497/756.
[INFO] Enola: Solve for Rydberg stage 498/756.
[INFO] Enola: Solve for Rydberg stage 499/756.
[INFO] Enola: Solve for Rydberg stage 500/756.
[INFO] Enola: Solve for Rydberg stage 501/756.
[INFO] Enola: Solve for Rydberg stage 502/756.
[INFO] Enola: Solve for Rydberg stage 503/756.
[INFO] Enola: Solve for Rydberg stage 504/756.
[INFO] Enola: Solve for Rydberg stage 505/756.
[INFO] Enola: Solve for Rydberg stage 506/756.
[INFO] Enola: Solve for Rydberg stage 507/756.
[INFO] Enola: Solve for Rydberg stage 508/756.
[INFO] Enola: Solve for Rydberg stage 509/756.
[INFO] Enola: Solve for Rydberg stage 510/756.
[INFO] Enola: Solve for Rydberg stage 511/756.
[INFO] Enola: Solve for Rydberg stage 512/756.
[INFO] Enola: Solve for Rydberg stage 513/756.
[INFO] Enola: Solve for Rydberg stage 514/756.
[INFO] Enola: Solve for Rydberg stage 515/756.
[INFO] Enola: Solve for Rydberg stage 516/756.
[INFO] Enola: Solve for Rydberg stage 517/756.
[INFO] Enola: Solve for Rydberg stage 518/756.
[INFO] Enola: Solve for Rydberg stage 519/756.
[INFO] Enola: Solve for Rydberg stage 520/756.
[INFO] Enola: Solve for Rydberg stage 521/756.
[INFO] Enola: Solve for Rydberg stage 522/756.
[INFO] Enola: Solve for Rydberg stage 523/756.
[INFO] Enola: Solve for Rydberg stage 524/756.
[INFO] Enola: Solve for Rydberg stage 525/756.
[INFO] Enola: Solve for Rydberg stage 526/756.
[INFO] Enola: Solve for Rydberg stage 527/756.
[INFO] Enola: Solve for Rydberg stage 528/756.
[INFO] Enola: Solve for Rydberg stage 529/756.
[INFO] Enola: Solve for Rydberg stage 530/756.
[INFO] Enola: Solve for Rydberg stage 531/756.
[INFO] Enola: Solve for Rydberg stage 532/756.
[INFO] Enola: Solve for Rydberg stage 533/756.
[INFO] Enola: Solve for Rydberg stage 534/756.
[INFO] Enola: Solve for Rydberg stage 535/756.
[INFO] Enola: Solve for Rydberg stage 536/756.
[INFO] Enola: Solve for Rydberg stage 537/756.
[INFO] Enola: Solve for Rydberg stage 538/756.
[INFO] Enola: Solve for Rydberg stage 539/756.
[INFO] Enola: Solve for Rydberg stage 540/756.
[INFO] Enola: Solve for Rydberg stage 541/756.
[INFO] Enola: Solve for Rydberg stage 542/756.
[INFO] Enola: Solve for Rydberg stage 543/756.
[INFO] Enola: Solve for Rydberg stage 544/756.
[INFO] Enola: Solve for Rydberg stage 545/756.
[INFO] Enola: Solve for Rydberg stage 546/756.
[INFO] Enola: Solve for Rydberg stage 547/756.
[INFO] Enola: Solve for Rydberg stage 548/756.
[INFO] Enola: Solve for Rydberg stage 549/756.
[INFO] Enola: Solve for Rydberg stage 550/756.
[INFO] Enola: Solve for Rydberg stage 551/756.
[INFO] Enola: Solve for Rydberg stage 552/756.
[INFO] Enola: Solve for Rydberg stage 553/756.
[INFO] Enola: Solve for Rydberg stage 554/756.
[INFO] Enola: Solve for Rydberg stage 555/756.
[INFO] Enola: Solve for Rydberg stage 556/756.
[INFO] Enola: Solve for Rydberg stage 557/756.
[INFO] Enola: Solve for Rydberg stage 558/756.
[INFO] Enola: Solve for Rydberg stage 559/756.
[INFO] Enola: Solve for Rydberg stage 560/756.
[INFO] Enola: Solve for Rydberg stage 561/756.
[INFO] Enola: Solve for Rydberg stage 562/756.
[INFO] Enola: Solve for Rydberg stage 563/756.
[INFO] Enola: Solve for Rydberg stage 564/756.
[INFO] Enola: Solve for Rydberg stage 565/756.
[INFO] Enola: Solve for Rydberg stage 566/756.
[INFO] Enola: Solve for Rydberg stage 567/756.
[INFO] Enola: Solve for Rydberg stage 568/756.
[INFO] Enola: Solve for Rydberg stage 569/756.
[INFO] Enola: Solve for Rydberg stage 570/756.
[INFO] Enola: Solve for Rydberg stage 571/756.
[INFO] Enola: Solve for Rydberg stage 572/756.
[INFO] Enola: Solve for Rydberg stage 573/756.
[INFO] Enola: Solve for Rydberg stage 574/756.
[INFO] Enola: Solve for Rydberg stage 575/756.
[INFO] Enola: Solve for Rydberg stage 576/756.
[INFO] Enola: Solve for Rydberg stage 577/756.
[INFO] Enola: Solve for Rydberg stage 578/756.
[INFO] Enola: Solve for Rydberg stage 579/756.
[INFO] Enola: Solve for Rydberg stage 580/756.
[INFO] Enola: Solve for Rydberg stage 581/756.
[INFO] Enola: Solve for Rydberg stage 582/756.
[INFO] Enola: Solve for Rydberg stage 583/756.
[INFO] Enola: Solve for Rydberg stage 584/756.
[INFO] Enola: Solve for Rydberg stage 585/756.
[INFO] Enola: Solve for Rydberg stage 586/756.
[INFO] Enola: Solve for Rydberg stage 587/756.
[INFO] Enola: Solve for Rydberg stage 588/756.
[INFO] Enola: Solve for Rydberg stage 589/756.
[INFO] Enola: Solve for Rydberg stage 590/756.
[INFO] Enola: Solve for Rydberg stage 591/756.
[INFO] Enola: Solve for Rydberg stage 592/756.
[INFO] Enola: Solve for Rydberg stage 593/756.
[INFO] Enola: Solve for Rydberg stage 594/756.
[INFO] Enola: Solve for Rydberg stage 595/756.
[INFO] Enola: Solve for Rydberg stage 596/756.
[INFO] Enola: Solve for Rydberg stage 597/756.
[INFO] Enola: Solve for Rydberg stage 598/756.
[INFO] Enola: Solve for Rydberg stage 599/756.
[INFO] Enola: Solve for Rydberg stage 600/756.
[INFO] Enola: Solve for Rydberg stage 601/756.
[INFO] Enola: Solve for Rydberg stage 602/756.
[INFO] Enola: Solve for Rydberg stage 603/756.
[INFO] Enola: Solve for Rydberg stage 604/756.
[INFO] Enola: Solve for Rydberg stage 605/756.
[INFO] Enola: Solve for Rydberg stage 606/756.
[INFO] Enola: Solve for Rydberg stage 607/756.
[INFO] Enola: Solve for Rydberg stage 608/756.
[INFO] Enola: Solve for Rydberg stage 609/756.
[INFO] Enola: Solve for Rydberg stage 610/756.
[INFO] Enola: Solve for Rydberg stage 611/756.
[INFO] Enola: Solve for Rydberg stage 612/756.
[INFO] Enola: Solve for Rydberg stage 613/756.
[INFO] Enola: Solve for Rydberg stage 614/756.
[INFO] Enola: Solve for Rydberg stage 615/756.
[INFO] Enola: Solve for Rydberg stage 616/756.
[INFO] Enola: Solve for Rydberg stage 617/756.
[INFO] Enola: Solve for Rydberg stage 618/756.
[INFO] Enola: Solve for Rydberg stage 619/756.
[INFO] Enola: Solve for Rydberg stage 620/756.
[INFO] Enola: Solve for Rydberg stage 621/756.
[INFO] Enola: Solve for Rydberg stage 622/756.
[INFO] Enola: Solve for Rydberg stage 623/756.
[INFO] Enola: Solve for Rydberg stage 624/756.
[INFO] Enola: Solve for Rydberg stage 625/756.
[INFO] Enola: Solve for Rydberg stage 626/756.
[INFO] Enola: Solve for Rydberg stage 627/756.
[INFO] Enola: Solve for Rydberg stage 628/756.
[INFO] Enola: Solve for Rydberg stage 629/756.
[INFO] Enola: Solve for Rydberg stage 630/756.
[INFO] Enola: Solve for Rydberg stage 631/756.
[INFO] Enola: Solve for Rydberg stage 632/756.
[INFO] Enola: Solve for Rydberg stage 633/756.
[INFO] Enola: Solve for Rydberg stage 634/756.
[INFO] Enola: Solve for Rydberg stage 635/756.
[INFO] Enola: Solve for Rydberg stage 636/756.
[INFO] Enola: Solve for Rydberg stage 637/756.
[INFO] Enola: Solve for Rydberg stage 638/756.
[INFO] Enola: Solve for Rydberg stage 639/756.
[INFO] Enola: Solve for Rydberg stage 640/756.
[INFO] Enola: Solve for Rydberg stage 641/756.
[INFO] Enola: Solve for Rydberg stage 642/756.
[INFO] Enola: Solve for Rydberg stage 643/756.
[INFO] Enola: Solve for Rydberg stage 644/756.
[INFO] Enola: Solve for Rydberg stage 645/756.
[INFO] Enola: Solve for Rydberg stage 646/756.
[INFO] Enola: Solve for Rydberg stage 647/756.
[INFO] Enola: Solve for Rydberg stage 648/756.
[INFO] Enola: Solve for Rydberg stage 649/756.
[INFO] Enola: Solve for Rydberg stage 650/756.
[INFO] Enola: Solve for Rydberg stage 651/756.
[INFO] Enola: Solve for Rydberg stage 652/756.
[INFO] Enola: Solve for Rydberg stage 653/756.
[INFO] Enola: Solve for Rydberg stage 654/756.
[INFO] Enola: Solve for Rydberg stage 655/756.
[INFO] Enola: Solve for Rydberg stage 656/756.
[INFO] Enola: Solve for Rydberg stage 657/756.
[INFO] Enola: Solve for Rydberg stage 658/756.
[INFO] Enola: Solve for Rydberg stage 659/756.
[INFO] Enola: Solve for Rydberg stage 660/756.
[INFO] Enola: Solve for Rydberg stage 661/756.
[INFO] Enola: Solve for Rydberg stage 662/756.
[INFO] Enola: Solve for Rydberg stage 663/756.
[INFO] Enola: Solve for Rydberg stage 664/756.
[INFO] Enola: Solve for Rydberg stage 665/756.
[INFO] Enola: Solve for Rydberg stage 666/756.
[INFO] Enola: Solve for Rydberg stage 667/756.
[INFO] Enola: Solve for Rydberg stage 668/756.
[INFO] Enola: Solve for Rydberg stage 669/756.
[INFO] Enola: Solve for Rydberg stage 670/756.
[INFO] Enola: Solve for Rydberg stage 671/756.
[INFO] Enola: Solve for Rydberg stage 672/756.
[INFO] Enola: Solve for Rydberg stage 673/756.
[INFO] Enola: Solve for Rydberg stage 674/756.
[INFO] Enola: Solve for Rydberg stage 675/756.
[INFO] Enola: Solve for Rydberg stage 676/756.
[INFO] Enola: Solve for Rydberg stage 677/756.
[INFO] Enola: Solve for Rydberg stage 678/756.
[INFO] Enola: Solve for Rydberg stage 679/756.
[INFO] Enola: Solve for Rydberg stage 680/756.
[INFO] Enola: Solve for Rydberg stage 681/756.
[INFO] Enola: Solve for Rydberg stage 682/756.
[INFO] Enola: Solve for Rydberg stage 683/756.
[INFO] Enola: Solve for Rydberg stage 684/756.
[INFO] Enola: Solve for Rydberg stage 685/756.
[INFO] Enola: Solve for Rydberg stage 686/756.
[INFO] Enola: Solve for Rydberg stage 687/756.
[INFO] Enola: Solve for Rydberg stage 688/756.
[INFO] Enola: Solve for Rydberg stage 689/756.
[INFO] Enola: Solve for Rydberg stage 690/756.
[INFO] Enola: Solve for Rydberg stage 691/756.
[INFO] Enola: Solve for Rydberg stage 692/756.
[INFO] Enola: Solve for Rydberg stage 693/756.
[INFO] Enola: Solve for Rydberg stage 694/756.
[INFO] Enola: Solve for Rydberg stage 695/756.
[INFO] Enola: Solve for Rydberg stage 696/756.
[INFO] Enola: Solve for Rydberg stage 697/756.
[INFO] Enola: Solve for Rydberg stage 698/756.
[INFO] Enola: Solve for Rydberg stage 699/756.
[INFO] Enola: Solve for Rydberg stage 700/756.
[INFO] Enola: Solve for Rydberg stage 701/756.
[INFO] Enola: Solve for Rydberg stage 702/756.
[INFO] Enola: Solve for Rydberg stage 703/756.
[INFO] Enola: Solve for Rydberg stage 704/756.
[INFO] Enola: Solve for Rydberg stage 705/756.
[INFO] Enola: Solve for Rydberg stage 706/756.
[INFO] Enola: Solve for Rydberg stage 707/756.
[INFO] Enola: Solve for Rydberg stage 708/756.
[INFO] Enola: Solve for Rydberg stage 709/756.
[INFO] Enola: Solve for Rydberg stage 710/756.
[INFO] Enola: Solve for Rydberg stage 711/756.
[INFO] Enola: Solve for Rydberg stage 712/756.
[INFO] Enola: Solve for Rydberg stage 713/756.
[INFO] Enola: Solve for Rydberg stage 714/756.
[INFO] Enola: Solve for Rydberg stage 715/756.
[INFO] Enola: Solve for Rydberg stage 716/756.
[INFO] Enola: Solve for Rydberg stage 717/756.
[INFO] Enola: Solve for Rydberg stage 718/756.
[INFO] Enola: Solve for Rydberg stage 719/756.
[INFO] Enola: Solve for Rydberg stage 720/756.
[INFO] Enola: Solve for Rydberg stage 721/756.
[INFO] Enola: Solve for Rydberg stage 722/756.
[INFO] Enola: Solve for Rydberg stage 723/756.
[INFO] Enola: Solve for Rydberg stage 724/756.
[INFO] Enola: Solve for Rydberg stage 725/756.
[INFO] Enola: Solve for Rydberg stage 726/756.
[INFO] Enola: Solve for Rydberg stage 727/756.
[INFO] Enola: Solve for Rydberg stage 728/756.
[INFO] Enola: Solve for Rydberg stage 729/756.
[INFO] Enola: Solve for Rydberg stage 730/756.
[INFO] Enola: Solve for Rydberg stage 731/756.
[INFO] Enola: Solve for Rydberg stage 732/756.
[INFO] Enola: Solve for Rydberg stage 733/756.
[INFO] Enola: Solve for Rydberg stage 734/756.
[INFO] Enola: Solve for Rydberg stage 735/756.
[INFO] Enola: Solve for Rydberg stage 736/756.
[INFO] Enola: Solve for Rydberg stage 737/756.
[INFO] Enola: Solve for Rydberg stage 738/756.
[INFO] Enola: Solve for Rydberg stage 739/756.
[INFO] Enola: Solve for Rydberg stage 740/756.
[INFO] Enola: Solve for Rydberg stage 741/756.
[INFO] Enola: Solve for Rydberg stage 742/756.
[INFO] Enola: Solve for Rydberg stage 743/756.
[INFO] Enola: Solve for Rydberg stage 744/756.
[INFO] Enola: Solve for Rydberg stage 745/756.
[INFO] Enola: Solve for Rydberg stage 746/756.
[INFO] Enola: Solve for Rydberg stage 747/756.
[INFO] Enola: Solve for Rydberg stage 748/756.
[INFO] Enola: Solve for Rydberg stage 749/756.
[INFO] Enola: Solve for Rydberg stage 750/756.
[INFO] Enola: Solve for Rydberg stage 751/756.
[INFO] Enola: Solve for Rydberg stage 752/756.
[INFO] Enola: Solve for Rydberg stage 753/756.
[INFO] Enola: Solve for Rydberg stage 754/756.
[INFO] Enola: Solve for Rydberg stage 755/756.
[INFO] Enola: Solve for Rydberg stage 756/756.
[INFO] Enola: Solve for Rydberg stage 757/756.
[INFO] Enola: Time for routing: 0.10882902145385742s
[INFO] Enola: Total Time: 2.106532573699951s
Compilation successful.

2026-03-25 17:27:46,922 - BenchmarkManager - INFO - enola (run 1/1) - Running /u/halle/heiz/home_at/BachelorProject/benchmarks/uf_fix50_20-100/uf50-0200.qasm
2026-03-25 17:27:50,057 - Compiler.enola - INFO - STDOUT:
[INFO] Enola: Start Solving
[INFO] Enola: Run scheduling
[INFO] Enola: Time for scheduling: 0.0006647109985351562s
75
[INFO] Enola: Time for placement: 6.67572021484375e-06s
[INFO] Enola: Solve for Rydberg stage 2/917.
[INFO] Enola: Solve for Rydberg stage 3/917.
[INFO] Enola: Solve for Rydberg stage 4/917.
[INFO] Enola: Solve for Rydberg stage 5/917.
[INFO] Enola: Solve for Rydberg stage 6/917.
[INFO] Enola: Solve for Rydberg stage 7/917.
[INFO] Enola: Solve for Rydberg stage 8/917.
[INFO] Enola: Solve for Rydberg stage 9/917.
[INFO] Enola: Solve for Rydberg stage 10/917.
[INFO] Enola: Solve for Rydberg stage 11/917.
[INFO] Enola: Solve for Rydberg stage 12/917.
[INFO] Enola: Solve for Rydberg stage 13/917.
[INFO] Enola: Solve for Rydberg stage 14/917.
[INFO] Enola: Solve for Rydberg stage 15/917.
[INFO] Enola: Solve for Rydberg stage 16/917.
[INFO] Enola: Solve for Rydberg stage 17/917.
[INFO] Enola: Solve for Rydberg stage 18/917.
[INFO] Enola: Solve for Rydberg stage 19/917.
[INFO] Enola: Solve for Rydberg stage 20/917.
[INFO] Enola: Solve for Rydberg stage 21/917.
[INFO] Enola: Solve for Rydberg stage 22/917.
[INFO] Enola: Solve for Rydberg stage 23/917.
[INFO] Enola: Solve for Rydberg stage 24/917.
[INFO] Enola: Solve for Rydberg stage 25/917.
[INFO] Enola: Solve for Rydberg stage 26/917.
[INFO] Enola: Solve for Rydberg stage 27/917.
[INFO] Enola: Solve for Rydberg stage 28/917.
[INFO] Enola: Solve for Rydberg stage 29/917.
[INFO] Enola: Solve for Rydberg stage 30/917.
[INFO] Enola: Solve for Rydberg stage 31/917.
[INFO] Enola: Solve for Rydberg stage 32/917.
[INFO] Enola: Solve for Rydberg stage 33/917.
[INFO] Enola: Solve for Rydberg stage 34/917.
[INFO] Enola: Solve for Rydberg stage 35/917.
[INFO] Enola: Solve for Rydberg stage 36/917.
[INFO] Enola: Solve for Rydberg stage 37/917.
[INFO] Enola: Solve for Rydberg stage 38/917.
[INFO] Enola: Solve for Rydberg stage 39/917.
[INFO] Enola: Solve for Rydberg stage 40/917.
[INFO] Enola: Solve for Rydberg stage 41/917.
[INFO] Enola: Solve for Rydberg stage 42/917.
[INFO] Enola: Solve for Rydberg stage 43/917.
[INFO] Enola: Solve for Rydberg stage 44/917.
[INFO] Enola: Solve for Rydberg stage 45/917.
[INFO] Enola: Solve for Rydberg stage 46/917.
[INFO] Enola: Solve for Rydberg stage 47/917.
[INFO] Enola: Solve for Rydberg stage 48/917.
[INFO] Enola: Solve for Rydberg stage 49/917.
[INFO] Enola: Solve for Rydberg stage 50/917.
[INFO] Enola: Solve for Rydberg stage 51/917.
[INFO] Enola: Solve for Rydberg stage 52/917.
[INFO] Enola: Solve for Rydberg stage 53/917.
[INFO] Enola: Solve for Rydberg stage 54/917.
[INFO] Enola: Solve for Rydberg stage 55/917.
[INFO] Enola: Solve for Rydberg stage 56/917.
[INFO] Enola: Solve for Rydberg stage 57/917.
[INFO] Enola: Solve for Rydberg stage 58/917.
[INFO] Enola: Solve for Rydberg stage 59/917.
[INFO] Enola: Solve for Rydberg stage 60/917.
[INFO] Enola: Solve for Rydberg stage 61/917.
[INFO] Enola: Solve for Rydberg stage 62/917.
[INFO] Enola: Solve for Rydberg stage 63/917.
[INFO] Enola: Solve for Rydberg stage 64/917.
[INFO] Enola: Solve for Rydberg stage 65/917.
[INFO] Enola: Solve for Rydberg stage 66/917.
[INFO] Enola: Solve for Rydberg stage 67/917.
[INFO] Enola: Solve for Rydberg stage 68/917.
[INFO] Enola: Solve for Rydberg stage 69/917.
[INFO] Enola: Solve for Rydberg stage 70/917.
[INFO] Enola: Solve for Rydberg stage 71/917.
[INFO] Enola: Solve for Rydberg stage 72/917.
[INFO] Enola: Solve for Rydberg stage 73/917.
[INFO] Enola: Solve for Rydberg stage 74/917.
[INFO] Enola: Solve for Rydberg stage 75/917.
[INFO] Enola: Solve for Rydberg stage 76/917.
[INFO] Enola: Solve for Rydberg stage 77/917.
[INFO] Enola: Solve for Rydberg stage 78/917.
[INFO] Enola: Solve for Rydberg stage 79/917.
[INFO] Enola: Solve for Rydberg stage 80/917.
[INFO] Enola: Solve for Rydberg stage 81/917.
[INFO] Enola: Solve for Rydberg stage 82/917.
[INFO] Enola: Solve for Rydberg stage 83/917.
[INFO] Enola: Solve for Rydberg stage 84/917.
[INFO] Enola: Solve for Rydberg stage 85/917.
[INFO] Enola: Solve for Rydberg stage 86/917.
[INFO] Enola: Solve for Rydberg stage 87/917.
[INFO] Enola: Solve for Rydberg stage 88/917.
[INFO] Enola: Solve for Rydberg stage 89/917.
[INFO] Enola: Solve for Rydberg stage 90/917.
[INFO] Enola: Solve for Rydberg stage 91/917.
[INFO] Enola: Solve for Rydberg stage 92/917.
[INFO] Enola: Solve for Rydberg stage 93/917.
[INFO] Enola: Solve for Rydberg stage 94/917.
[INFO] Enola: Solve for Rydberg stage 95/917.
[INFO] Enola: Solve for Rydberg stage 96/917.
[INFO] Enola: Solve for Rydberg stage 97/917.
[INFO] Enola: Solve for Rydberg stage 98/917.
[INFO] Enola: Solve for Rydberg stage 99/917.
[INFO] Enola: Solve for Rydberg stage 100/917.
[INFO] Enola: Solve for Rydberg stage 101/917.
[INFO] Enola: Solve for Rydberg stage 102/917.
[INFO] Enola: Solve for Rydberg stage 103/917.
[INFO] Enola: Solve for Rydberg stage 104/917.
[INFO] Enola: Solve for Rydberg stage 105/917.
[INFO] Enola: Solve for Rydberg stage 106/917.
[INFO] Enola: Solve for Rydberg stage 107/917.
[INFO] Enola: Solve for Rydberg stage 108/917.
[INFO] Enola: Solve for Rydberg stage 109/917.
[INFO] Enola: Solve for Rydberg stage 110/917.
[INFO] Enola: Solve for Rydberg stage 111/917.
[INFO] Enola: Solve for Rydberg stage 112/917.
[INFO] Enola: Solve for Rydberg stage 113/917.
[INFO] Enola: Solve for Rydberg stage 114/917.
[INFO] Enola: Solve for Rydberg stage 115/917.
[INFO] Enola: Solve for Rydberg stage 116/917.
[INFO] Enola: Solve for Rydberg stage 117/917.
[INFO] Enola: Solve for Rydberg stage 118/917.
[INFO] Enola: Solve for Rydberg stage 119/917.
[INFO] Enola: Solve for Rydberg stage 120/917.
[INFO] Enola: Solve for Rydberg stage 121/917.
[INFO] Enola: Solve for Rydberg stage 122/917.
[INFO] Enola: Solve for Rydberg stage 123/917.
[INFO] Enola: Solve for Rydberg stage 124/917.
[INFO] Enola: Solve for Rydberg stage 125/917.
[INFO] Enola: Solve for Rydberg stage 126/917.
[INFO] Enola: Solve for Rydberg stage 127/917.
[INFO] Enola: Solve for Rydberg stage 128/917.
[INFO] Enola: Solve for Rydberg stage 129/917.
[INFO] Enola: Solve for Rydberg stage 130/917.
[INFO] Enola: Solve for Rydberg stage 131/917.
[INFO] Enola: Solve for Rydberg stage 132/917.
[INFO] Enola: Solve for Rydberg stage 133/917.
[INFO] Enola: Solve for Rydberg stage 134/917.
[INFO] Enola: Solve for Rydberg stage 135/917.
[INFO] Enola: Solve for Rydberg stage 136/917.
[INFO] Enola: Solve for Rydberg stage 137/917.
[INFO] Enola: Solve for Rydberg stage 138/917.
[INFO] Enola: Solve for Rydberg stage 139/917.
[INFO] Enola: Solve for Rydberg stage 140/917.
[INFO] Enola: Solve for Rydberg stage 141/917.
[INFO] Enola: Solve for Rydberg stage 142/917.
[INFO] Enola: Solve for Rydberg stage 143/917.
[INFO] Enola: Solve for Rydberg stage 144/917.
[INFO] Enola: Solve for Rydberg stage 145/917.
[INFO] Enola: Solve for Rydberg stage 146/917.
[INFO] Enola: Solve for Rydberg stage 147/917.
[INFO] Enola: Solve for Rydberg stage 148/917.
[INFO] Enola: Solve for Rydberg stage 149/917.
[INFO] Enola: Solve for Rydberg stage 150/917.
[INFO] Enola: Solve for Rydberg stage 151/917.
[INFO] Enola: Solve for Rydberg stage 152/917.
[INFO] Enola: Solve for Rydberg stage 153/917.
[INFO] Enola: Solve for Rydberg stage 154/917.
[INFO] Enola: Solve for Rydberg stage 155/917.
[INFO] Enola: Solve for Rydberg stage 156/917.
[INFO] Enola: Solve for Rydberg stage 157/917.
[INFO] Enola: Solve for Rydberg stage 158/917.
[INFO] Enola: Solve for Rydberg stage 159/917.
[INFO] Enola: Solve for Rydberg stage 160/917.
[INFO] Enola: Solve for Rydberg stage 161/917.
[INFO] Enola: Solve for Rydberg stage 162/917.
[INFO] Enola: Solve for Rydberg stage 163/917.
[INFO] Enola: Solve for Rydberg stage 164/917.
[INFO] Enola: Solve for Rydberg stage 165/917.
[INFO] Enola: Solve for Rydberg stage 166/917.
[INFO] Enola: Solve for Rydberg stage 167/917.
[INFO] Enola: Solve for Rydberg stage 168/917.
[INFO] Enola: Solve for Rydberg stage 169/917.
[INFO] Enola: Solve for Rydberg stage 170/917.
[INFO] Enola: Solve for Rydberg stage 171/917.
[INFO] Enola: Solve for Rydberg stage 172/917.
[INFO] Enola: Solve for Rydberg stage 173/917.
[INFO] Enola: Solve for Rydberg stage 174/917.
[INFO] Enola: Solve for Rydberg stage 175/917.
[INFO] Enola: Solve for Rydberg stage 176/917.
[INFO] Enola: Solve for Rydberg stage 177/917.
[INFO] Enola: Solve for Rydberg stage 178/917.
[INFO] Enola: Solve for Rydberg stage 179/917.
[INFO] Enola: Solve for Rydberg stage 180/917.
[INFO] Enola: Solve for Rydberg stage 181/917.
[INFO] Enola: Solve for Rydberg stage 182/917.
[INFO] Enola: Solve for Rydberg stage 183/917.
[INFO] Enola: Solve for Rydberg stage 184/917.
[INFO] Enola: Solve for Rydberg stage 185/917.
[INFO] Enola: Solve for Rydberg stage 186/917.
[INFO] Enola: Solve for Rydberg stage 187/917.
[INFO] Enola: Solve for Rydberg stage 188/917.
[INFO] Enola: Solve for Rydberg stage 189/917.
[INFO] Enola: Solve for Rydberg stage 190/917.
[INFO] Enola: Solve for Rydberg stage 191/917.
[INFO] Enola: Solve for Rydberg stage 192/917.
[INFO] Enola: Solve for Rydberg stage 193/917.
[INFO] Enola: Solve for Rydberg stage 194/917.
[INFO] Enola: Solve for Rydberg stage 195/917.
[INFO] Enola: Solve for Rydberg stage 196/917.
[INFO] Enola: Solve for Rydberg stage 197/917.
[INFO] Enola: Solve for Rydberg stage 198/917.
[INFO] Enola: Solve for Rydberg stage 199/917.
[INFO] Enola: Solve for Rydberg stage 200/917.
[INFO] Enola: Solve for Rydberg stage 201/917.
[INFO] Enola: Solve for Rydberg stage 202/917.
[INFO] Enola: Solve for Rydberg stage 203/917.
[INFO] Enola: Solve for Rydberg stage 204/917.
[INFO] Enola: Solve for Rydberg stage 205/917.
[INFO] Enola: Solve for Rydberg stage 206/917.
[INFO] Enola: Solve for Rydberg stage 207/917.
[INFO] Enola: Solve for Rydberg stage 208/917.
[INFO] Enola: Solve for Rydberg stage 209/917.
[INFO] Enola: Solve for Rydberg stage 210/917.
[INFO] Enola: Solve for Rydberg stage 211/917.
[INFO] Enola: Solve for Rydberg stage 212/917.
[INFO] Enola: Solve for Rydberg stage 213/917.
[INFO] Enola: Solve for Rydberg stage 214/917.
[INFO] Enola: Solve for Rydberg stage 215/917.
[INFO] Enola: Solve for Rydberg stage 216/917.
[INFO] Enola: Solve for Rydberg stage 217/917.
[INFO] Enola: Solve for Rydberg stage 218/917.
[INFO] Enola: Solve for Rydberg stage 219/917.
[INFO] Enola: Solve for Rydberg stage 220/917.
[INFO] Enola: Solve for Rydberg stage 221/917.
[INFO] Enola: Solve for Rydberg stage 222/917.
[INFO] Enola: Solve for Rydberg stage 223/917.
[INFO] Enola: Solve for Rydberg stage 224/917.
[INFO] Enola: Solve for Rydberg stage 225/917.
[INFO] Enola: Solve for Rydberg stage 226/917.
[INFO] Enola: Solve for Rydberg stage 227/917.
[INFO] Enola: Solve for Rydberg stage 228/917.
[INFO] Enola: Solve for Rydberg stage 229/917.
[INFO] Enola: Solve for Rydberg stage 230/917.
[INFO] Enola: Solve for Rydberg stage 231/917.
[INFO] Enola: Solve for Rydberg stage 232/917.
[INFO] Enola: Solve for Rydberg stage 233/917.
[INFO] Enola: Solve for Rydberg stage 234/917.
[INFO] Enola: Solve for Rydberg stage 235/917.
[INFO] Enola: Solve for Rydberg stage 236/917.
[INFO] Enola: Solve for Rydberg stage 237/917.
[INFO] Enola: Solve for Rydberg stage 238/917.
[INFO] Enola: Solve for Rydberg stage 239/917.
[INFO] Enola: Solve for Rydberg stage 240/917.
[INFO] Enola: Solve for Rydberg stage 241/917.
[INFO] Enola: Solve for Rydberg stage 242/917.
[INFO] Enola: Solve for Rydberg stage 243/917.
[INFO] Enola: Solve for Rydberg stage 244/917.
[INFO] Enola: Solve for Rydberg stage 245/917.
[INFO] Enola: Solve for Rydberg stage 246/917.
[INFO] Enola: Solve for Rydberg stage 247/917.
[INFO] Enola: Solve for Rydberg stage 248/917.
[INFO] Enola: Solve for Rydberg stage 249/917.
[INFO] Enola: Solve for Rydberg stage 250/917.
[INFO] Enola: Solve for Rydberg stage 251/917.
[INFO] Enola: Solve for Rydberg stage 252/917.
[INFO] Enola: Solve for Rydberg stage 253/917.
[INFO] Enola: Solve for Rydberg stage 254/917.
[INFO] Enola: Solve for Rydberg stage 255/917.
[INFO] Enola: Solve for Rydberg stage 256/917.
[INFO] Enola: Solve for Rydberg stage 257/917.
[INFO] Enola: Solve for Rydberg stage 258/917.
[INFO] Enola: Solve for Rydberg stage 259/917.
[INFO] Enola: Solve for Rydberg stage 260/917.
[INFO] Enola: Solve for Rydberg stage 261/917.
[INFO] Enola: Solve for Rydberg stage 262/917.
[INFO] Enola: Solve for Rydberg stage 263/917.
[INFO] Enola: Solve for Rydberg stage 264/917.
[INFO] Enola: Solve for Rydberg stage 265/917.
[INFO] Enola: Solve for Rydberg stage 266/917.
[INFO] Enola: Solve for Rydberg stage 267/917.
[INFO] Enola: Solve for Rydberg stage 268/917.
[INFO] Enola: Solve for Rydberg stage 269/917.
[INFO] Enola: Solve for Rydberg stage 270/917.
[INFO] Enola: Solve for Rydberg stage 271/917.
[INFO] Enola: Solve for Rydberg stage 272/917.
[INFO] Enola: Solve for Rydberg stage 273/917.
[INFO] Enola: Solve for Rydberg stage 274/917.
[INFO] Enola: Solve for Rydberg stage 275/917.
[INFO] Enola: Solve for Rydberg stage 276/917.
[INFO] Enola: Solve for Rydberg stage 277/917.
[INFO] Enola: Solve for Rydberg stage 278/917.
[INFO] Enola: Solve for Rydberg stage 279/917.
[INFO] Enola: Solve for Rydberg stage 280/917.
[INFO] Enola: Solve for Rydberg stage 281/917.
[INFO] Enola: Solve for Rydberg stage 282/917.
[INFO] Enola: Solve for Rydberg stage 283/917.
[INFO] Enola: Solve for Rydberg stage 284/917.
[INFO] Enola: Solve for Rydberg stage 285/917.
[INFO] Enola: Solve for Rydberg stage 286/917.
[INFO] Enola: Solve for Rydberg stage 287/917.
[INFO] Enola: Solve for Rydberg stage 288/917.
[INFO] Enola: Solve for Rydberg stage 289/917.
[INFO] Enola: Solve for Rydberg stage 290/917.
[INFO] Enola: Solve for Rydberg stage 291/917.
[INFO] Enola: Solve for Rydberg stage 292/917.
[INFO] Enola: Solve for Rydberg stage 293/917.
[INFO] Enola: Solve for Rydberg stage 294/917.
[INFO] Enola: Solve for Rydberg stage 295/917.
[INFO] Enola: Solve for Rydberg stage 296/917.
[INFO] Enola: Solve for Rydberg stage 297/917.
[INFO] Enola: Solve for Rydberg stage 298/917.
[INFO] Enola: Solve for Rydberg stage 299/917.
[INFO] Enola: Solve for Rydberg stage 300/917.
[INFO] Enola: Solve for Rydberg stage 301/917.
[INFO] Enola: Solve for Rydberg stage 302/917.
[INFO] Enola: Solve for Rydberg stage 303/917.
[INFO] Enola: Solve for Rydberg stage 304/917.
[INFO] Enola: Solve for Rydberg stage 305/917.
[INFO] Enola: Solve for Rydberg stage 306/917.
[INFO] Enola: Solve for Rydberg stage 307/917.
[INFO] Enola: Solve for Rydberg stage 308/917.
[INFO] Enola: Solve for Rydberg stage 309/917.
[INFO] Enola: Solve for Rydberg stage 310/917.
[INFO] Enola: Solve for Rydberg stage 311/917.
[INFO] Enola: Solve for Rydberg stage 312/917.
[INFO] Enola: Solve for Rydberg stage 313/917.
[INFO] Enola: Solve for Rydberg stage 314/917.
[INFO] Enola: Solve for Rydberg stage 315/917.
[INFO] Enola: Solve for Rydberg stage 316/917.
[INFO] Enola: Solve for Rydberg stage 317/917.
[INFO] Enola: Solve for Rydberg stage 318/917.
[INFO] Enola: Solve for Rydberg stage 319/917.
[INFO] Enola: Solve for Rydberg stage 320/917.
[INFO] Enola: Solve for Rydberg stage 321/917.
[INFO] Enola: Solve for Rydberg stage 322/917.
[INFO] Enola: Solve for Rydberg stage 323/917.
[INFO] Enola: Solve for Rydberg stage 324/917.
[INFO] Enola: Solve for Rydberg stage 325/917.
[INFO] Enola: Solve for Rydberg stage 326/917.
[INFO] Enola: Solve for Rydberg stage 327/917.
[INFO] Enola: Solve for Rydberg stage 328/917.
[INFO] Enola: Solve for Rydberg stage 329/917.
[INFO] Enola: Solve for Rydberg stage 330/917.
[INFO] Enola: Solve for Rydberg stage 331/917.
[INFO] Enola: Solve for Rydberg stage 332/917.
[INFO] Enola: Solve for Rydberg stage 333/917.
[INFO] Enola: Solve for Rydberg stage 334/917.
[INFO] Enola: Solve for Rydberg stage 335/917.
[INFO] Enola: Solve for Rydberg stage 336/917.
[INFO] Enola: Solve for Rydberg stage 337/917.
[INFO] Enola: Solve for Rydberg stage 338/917.
[INFO] Enola: Solve for Rydberg stage 339/917.
[INFO] Enola: Solve for Rydberg stage 340/917.
[INFO] Enola: Solve for Rydberg stage 341/917.
[INFO] Enola: Solve for Rydberg stage 342/917.
[INFO] Enola: Solve for Rydberg stage 343/917.
[INFO] Enola: Solve for Rydberg stage 344/917.
[INFO] Enola: Solve for Rydberg stage 345/917.
[INFO] Enola: Solve for Rydberg stage 346/917.
[INFO] Enola: Solve for Rydberg stage 347/917.
[INFO] Enola: Solve for Rydberg stage 348/917.
[INFO] Enola: Solve for Rydberg stage 349/917.
[INFO] Enola: Solve for Rydberg stage 350/917.
[INFO] Enola: Solve for Rydberg stage 351/917.
[INFO] Enola: Solve for Rydberg stage 352/917.
[INFO] Enola: Solve for Rydberg stage 353/917.
[INFO] Enola: Solve for Rydberg stage 354/917.
[INFO] Enola: Solve for Rydberg stage 355/917.
[INFO] Enola: Solve for Rydberg stage 356/917.
[INFO] Enola: Solve for Rydberg stage 357/917.
[INFO] Enola: Solve for Rydberg stage 358/917.
[INFO] Enola: Solve for Rydberg stage 359/917.
[INFO] Enola: Solve for Rydberg stage 360/917.
[INFO] Enola: Solve for Rydberg stage 361/917.
[INFO] Enola: Solve for Rydberg stage 362/917.
[INFO] Enola: Solve for Rydberg stage 363/917.
[INFO] Enola: Solve for Rydberg stage 364/917.
[INFO] Enola: Solve for Rydberg stage 365/917.
[INFO] Enola: Solve for Rydberg stage 366/917.
[INFO] Enola: Solve for Rydberg stage 367/917.
[INFO] Enola: Solve for Rydberg stage 368/917.
[INFO] Enola: Solve for Rydberg stage 369/917.
[INFO] Enola: Solve for Rydberg stage 370/917.
[INFO] Enola: Solve for Rydberg stage 371/917.
[INFO] Enola: Solve for Rydberg stage 372/917.
[INFO] Enola: Solve for Rydberg stage 373/917.
[INFO] Enola: Solve for Rydberg stage 374/917.
[INFO] Enola: Solve for Rydberg stage 375/917.
[INFO] Enola: Solve for Rydberg stage 376/917.
[INFO] Enola: Solve for Rydberg stage 377/917.
[INFO] Enola: Solve for Rydberg stage 378/917.
[INFO] Enola: Solve for Rydberg stage 379/917.
[INFO] Enola: Solve for Rydberg stage 380/917.
[INFO] Enola: Solve for Rydberg stage 381/917.
[INFO] Enola: Solve for Rydberg stage 382/917.
[INFO] Enola: Solve for Rydberg stage 383/917.
[INFO] Enola: Solve for Rydberg stage 384/917.
[INFO] Enola: Solve for Rydberg stage 385/917.
[INFO] Enola: Solve for Rydberg stage 386/917.
[INFO] Enola: Solve for Rydberg stage 387/917.
[INFO] Enola: Solve for Rydberg stage 388/917.
[INFO] Enola: Solve for Rydberg stage 389/917.
[INFO] Enola: Solve for Rydberg stage 390/917.
[INFO] Enola: Solve for Rydberg stage 391/917.
[INFO] Enola: Solve for Rydberg stage 392/917.
[INFO] Enola: Solve for Rydberg stage 393/917.
[INFO] Enola: Solve for Rydberg stage 394/917.
[INFO] Enola: Solve for Rydberg stage 395/917.
[INFO] Enola: Solve for Rydberg stage 396/917.
[INFO] Enola: Solve for Rydberg stage 397/917.
[INFO] Enola: Solve for Rydberg stage 398/917.
[INFO] Enola: Solve for Rydberg stage 399/917.
[INFO] Enola: Solve for Rydberg stage 400/917.
[INFO] Enola: Solve for Rydberg stage 401/917.
[INFO] Enola: Solve for Rydberg stage 402/917.
[INFO] Enola: Solve for Rydberg stage 403/917.
[INFO] Enola: Solve for Rydberg stage 404/917.
[INFO] Enola: Solve for Rydberg stage 405/917.
[INFO] Enola: Solve for Rydberg stage 406/917.
[INFO] Enola: Solve for Rydberg stage 407/917.
[INFO] Enola: Solve for Rydberg stage 408/917.
[INFO] Enola: Solve for Rydberg stage 409/917.
[INFO] Enola: Solve for Rydberg stage 410/917.
[INFO] Enola: Solve for Rydberg stage 411/917.
[INFO] Enola: Solve for Rydberg stage 412/917.
[INFO] Enola: Solve for Rydberg stage 413/917.
[INFO] Enola: Solve for Rydberg stage 414/917.
[INFO] Enola: Solve for Rydberg stage 415/917.
[INFO] Enola: Solve for Rydberg stage 416/917.
[INFO] Enola: Solve for Rydberg stage 417/917.
[INFO] Enola: Solve for Rydberg stage 418/917.
[INFO] Enola: Solve for Rydberg stage 419/917.
[INFO] Enola: Solve for Rydberg stage 420/917.
[INFO] Enola: Solve for Rydberg stage 421/917.
[INFO] Enola: Solve for Rydberg stage 422/917.
[INFO] Enola: Solve for Rydberg stage 423/917.
[INFO] Enola: Solve for Rydberg stage 424/917.
[INFO] Enola: Solve for Rydberg stage 425/917.
[INFO] Enola: Solve for Rydberg stage 426/917.
[INFO] Enola: Solve for Rydberg stage 427/917.
[INFO] Enola: Solve for Rydberg stage 428/917.
[INFO] Enola: Solve for Rydberg stage 429/917.
[INFO] Enola: Solve for Rydberg stage 430/917.
[INFO] Enola: Solve for Rydberg stage 431/917.
[INFO] Enola: Solve for Rydberg stage 432/917.
[INFO] Enola: Solve for Rydberg stage 433/917.
[INFO] Enola: Solve for Rydberg stage 434/917.
[INFO] Enola: Solve for Rydberg stage 435/917.
[INFO] Enola: Solve for Rydberg stage 436/917.
[INFO] Enola: Solve for Rydberg stage 437/917.
[INFO] Enola: Solve for Rydberg stage 438/917.
[INFO] Enola: Solve for Rydberg stage 439/917.
[INFO] Enola: Solve for Rydberg stage 440/917.
[INFO] Enola: Solve for Rydberg stage 441/917.
[INFO] Enola: Solve for Rydberg stage 442/917.
[INFO] Enola: Solve for Rydberg stage 443/917.
[INFO] Enola: Solve for Rydberg stage 444/917.
[INFO] Enola: Solve for Rydberg stage 445/917.
[INFO] Enola: Solve for Rydberg stage 446/917.
[INFO] Enola: Solve for Rydberg stage 447/917.
[INFO] Enola: Solve for Rydberg stage 448/917.
[INFO] Enola: Solve for Rydberg stage 449/917.
[INFO] Enola: Solve for Rydberg stage 450/917.
[INFO] Enola: Solve for Rydberg stage 451/917.
[INFO] Enola: Solve for Rydberg stage 452/917.
[INFO] Enola: Solve for Rydberg stage 453/917.
[INFO] Enola: Solve for Rydberg stage 454/917.
[INFO] Enola: Solve for Rydberg stage 455/917.
[INFO] Enola: Solve for Rydberg stage 456/917.
[INFO] Enola: Solve for Rydberg stage 457/917.
[INFO] Enola: Solve for Rydberg stage 458/917.
[INFO] Enola: Solve for Rydberg stage 459/917.
[INFO] Enola: Solve for Rydberg stage 460/917.
[INFO] Enola: Solve for Rydberg stage 461/917.
[INFO] Enola: Solve for Rydberg stage 462/917.
[INFO] Enola: Solve for Rydberg stage 463/917.
[INFO] Enola: Solve for Rydberg stage 464/917.
[INFO] Enola: Solve for Rydberg stage 465/917.
[INFO] Enola: Solve for Rydberg stage 466/917.
[INFO] Enola: Solve for Rydberg stage 467/917.
[INFO] Enola: Solve for Rydberg stage 468/917.
[INFO] Enola: Solve for Rydberg stage 469/917.
[INFO] Enola: Solve for Rydberg stage 470/917.
[INFO] Enola: Solve for Rydberg stage 471/917.
[INFO] Enola: Solve for Rydberg stage 472/917.
[INFO] Enola: Solve for Rydberg stage 473/917.
[INFO] Enola: Solve for Rydberg stage 474/917.
[INFO] Enola: Solve for Rydberg stage 475/917.
[INFO] Enola: Solve for Rydberg stage 476/917.
[INFO] Enola: Solve for Rydberg stage 477/917.
[INFO] Enola: Solve for Rydberg stage 478/917.
[INFO] Enola: Solve for Rydberg stage 479/917.
[INFO] Enola: Solve for Rydberg stage 480/917.
[INFO] Enola: Solve for Rydberg stage 481/917.
[INFO] Enola: Solve for Rydberg stage 482/917.
[INFO] Enola: Solve for Rydberg stage 483/917.
[INFO] Enola: Solve for Rydberg stage 484/917.
[INFO] Enola: Solve for Rydberg stage 485/917.
[INFO] Enola: Solve for Rydberg stage 486/917.
[INFO] Enola: Solve for Rydberg stage 487/917.
[INFO] Enola: Solve for Rydberg stage 488/917.
[INFO] Enola: Solve for Rydberg stage 489/917.
[INFO] Enola: Solve for Rydberg stage 490/917.
[INFO] Enola: Solve for Rydberg stage 491/917.
[INFO] Enola: Solve for Rydberg stage 492/917.
[INFO] Enola: Solve for Rydberg stage 493/917.
[INFO] Enola: Solve for Rydberg stage 494/917.
[INFO] Enola: Solve for Rydberg stage 495/917.
[INFO] Enola: Solve for Rydberg stage 496/917.
[INFO] Enola: Solve for Rydberg stage 497/917.
[INFO] Enola: Solve for Rydberg stage 498/917.
[INFO] Enola: Solve for Rydberg stage 499/917.
[INFO] Enola: Solve for Rydberg stage 500/917.
[INFO] Enola: Solve for Rydberg stage 501/917.
[INFO] Enola: Solve for Rydberg stage 502/917.
[INFO] Enola: Solve for Rydberg stage 503/917.
[INFO] Enola: Solve for Rydberg stage 504/917.
[INFO] Enola: Solve for Rydberg stage 505/917.
[INFO] Enola: Solve for Rydberg stage 506/917.
[INFO] Enola: Solve for Rydberg stage 507/917.
[INFO] Enola: Solve for Rydberg stage 508/917.
[INFO] Enola: Solve for Rydberg stage 509/917.
[INFO] Enola: Solve for Rydberg stage 510/917.
[INFO] Enola: Solve for Rydberg stage 511/917.
[INFO] Enola: Solve for Rydberg stage 512/917.
[INFO] Enola: Solve for Rydberg stage 513/917.
[INFO] Enola: Solve for Rydberg stage 514/917.
[INFO] Enola: Solve for Rydberg stage 515/917.
[INFO] Enola: Solve for Rydberg stage 516/917.
[INFO] Enola: Solve for Rydberg stage 517/917.
[INFO] Enola: Solve for Rydberg stage 518/917.
[INFO] Enola: Solve for Rydberg stage 519/917.
[INFO] Enola: Solve for Rydberg stage 520/917.
[INFO] Enola: Solve for Rydberg stage 521/917.
[INFO] Enola: Solve for Rydberg stage 522/917.
[INFO] Enola: Solve for Rydberg stage 523/917.
[INFO] Enola: Solve for Rydberg stage 524/917.
[INFO] Enola: Solve for Rydberg stage 525/917.
[INFO] Enola: Solve for Rydberg stage 526/917.
[INFO] Enola: Solve for Rydberg stage 527/917.
[INFO] Enola: Solve for Rydberg stage 528/917.
[INFO] Enola: Solve for Rydberg stage 529/917.
[INFO] Enola: Solve for Rydberg stage 530/917.
[INFO] Enola: Solve for Rydberg stage 531/917.
[INFO] Enola: Solve for Rydberg stage 532/917.
[INFO] Enola: Solve for Rydberg stage 533/917.
[INFO] Enola: Solve for Rydberg stage 534/917.
[INFO] Enola: Solve for Rydberg stage 535/917.
[INFO] Enola: Solve for Rydberg stage 536/917.
[INFO] Enola: Solve for Rydberg stage 537/917.
[INFO] Enola: Solve for Rydberg stage 538/917.
[INFO] Enola: Solve for Rydberg stage 539/917.
[INFO] Enola: Solve for Rydberg stage 540/917.
[INFO] Enola: Solve for Rydberg stage 541/917.
[INFO] Enola: Solve for Rydberg stage 542/917.
[INFO] Enola: Solve for Rydberg stage 543/917.
[INFO] Enola: Solve for Rydberg stage 544/917.
[INFO] Enola: Solve for Rydberg stage 545/917.
[INFO] Enola: Solve for Rydberg stage 546/917.
[INFO] Enola: Solve for Rydberg stage 547/917.
[INFO] Enola: Solve for Rydberg stage 548/917.
[INFO] Enola: Solve for Rydberg stage 549/917.
[INFO] Enola: Solve for Rydberg stage 550/917.
[INFO] Enola: Solve for Rydberg stage 551/917.
[INFO] Enola: Solve for Rydberg stage 552/917.
[INFO] Enola: Solve for Rydberg stage 553/917.
[INFO] Enola: Solve for Rydberg stage 554/917.
[INFO] Enola: Solve for Rydberg stage 555/917.
[INFO] Enola: Solve for Rydberg stage 556/917.
[INFO] Enola: Solve for Rydberg stage 557/917.
[INFO] Enola: Solve for Rydberg stage 558/917.
[INFO] Enola: Solve for Rydberg stage 559/917.
[INFO] Enola: Solve for Rydberg stage 560/917.
[INFO] Enola: Solve for Rydberg stage 561/917.
[INFO] Enola: Solve for Rydberg stage 562/917.
[INFO] Enola: Solve for Rydberg stage 563/917.
[INFO] Enola: Solve for Rydberg stage 564/917.
[INFO] Enola: Solve for Rydberg stage 565/917.
[INFO] Enola: Solve for Rydberg stage 566/917.
[INFO] Enola: Solve for Rydberg stage 567/917.
[INFO] Enola: Solve for Rydberg stage 568/917.
[INFO] Enola: Solve for Rydberg stage 569/917.
[INFO] Enola: Solve for Rydberg stage 570/917.
[INFO] Enola: Solve for Rydberg stage 571/917.
[INFO] Enola: Solve for Rydberg stage 572/917.
[INFO] Enola: Solve for Rydberg stage 573/917.
[INFO] Enola: Solve for Rydberg stage 574/917.
[INFO] Enola: Solve for Rydberg stage 575/917.
[INFO] Enola: Solve for Rydberg stage 576/917.
[INFO] Enola: Solve for Rydberg stage 577/917.
[INFO] Enola: Solve for Rydberg stage 578/917.
[INFO] Enola: Solve for Rydberg stage 579/917.
[INFO] Enola: Solve for Rydberg stage 580/917.
[INFO] Enola: Solve for Rydberg stage 581/917.
[INFO] Enola: Solve for Rydberg stage 582/917.
[INFO] Enola: Solve for Rydberg stage 583/917.
[INFO] Enola: Solve for Rydberg stage 584/917.
[INFO] Enola: Solve for Rydberg stage 585/917.
[INFO] Enola: Solve for Rydberg stage 586/917.
[INFO] Enola: Solve for Rydberg stage 587/917.
[INFO] Enola: Solve for Rydberg stage 588/917.
[INFO] Enola: Solve for Rydberg stage 589/917.
[INFO] Enola: Solve for Rydberg stage 590/917.
[INFO] Enola: Solve for Rydberg stage 591/917.
[INFO] Enola: Solve for Rydberg stage 592/917.
[INFO] Enola: Solve for Rydberg stage 593/917.
[INFO] Enola: Solve for Rydberg stage 594/917.
[INFO] Enola: Solve for Rydberg stage 595/917.
[INFO] Enola: Solve for Rydberg stage 596/917.
[INFO] Enola: Solve for Rydberg stage 597/917.
[INFO] Enola: Solve for Rydberg stage 598/917.
[INFO] Enola: Solve for Rydberg stage 599/917.
[INFO] Enola: Solve for Rydberg stage 600/917.
[INFO] Enola: Solve for Rydberg stage 601/917.
[INFO] Enola: Solve for Rydberg stage 602/917.
[INFO] Enola: Solve for Rydberg stage 603/917.
[INFO] Enola: Solve for Rydberg stage 604/917.
[INFO] Enola: Solve for Rydberg stage 605/917.
[INFO] Enola: Solve for Rydberg stage 606/917.
[INFO] Enola: Solve for Rydberg stage 607/917.
[INFO] Enola: Solve for Rydberg stage 608/917.
[INFO] Enola: Solve for Rydberg stage 609/917.
[INFO] Enola: Solve for Rydberg stage 610/917.
[INFO] Enola: Solve for Rydberg stage 611/917.
[INFO] Enola: Solve for Rydberg stage 612/917.
[INFO] Enola: Solve for Rydberg stage 613/917.
[INFO] Enola: Solve for Rydberg stage 614/917.
[INFO] Enola: Solve for Rydberg stage 615/917.
[INFO] Enola: Solve for Rydberg stage 616/917.
[INFO] Enola: Solve for Rydberg stage 617/917.
[INFO] Enola: Solve for Rydberg stage 618/917.
[INFO] Enola: Solve for Rydberg stage 619/917.
[INFO] Enola: Solve for Rydberg stage 620/917.
[INFO] Enola: Solve for Rydberg stage 621/917.
[INFO] Enola: Solve for Rydberg stage 622/917.
[INFO] Enola: Solve for Rydberg stage 623/917.
[INFO] Enola: Solve for Rydberg stage 624/917.
[INFO] Enola: Solve for Rydberg stage 625/917.
[INFO] Enola: Solve for Rydberg stage 626/917.
[INFO] Enola: Solve for Rydberg stage 627/917.
[INFO] Enola: Solve for Rydberg stage 628/917.
[INFO] Enola: Solve for Rydberg stage 629/917.
[INFO] Enola: Solve for Rydberg stage 630/917.
[INFO] Enola: Solve for Rydberg stage 631/917.
[INFO] Enola: Solve for Rydberg stage 632/917.
[INFO] Enola: Solve for Rydberg stage 633/917.
[INFO] Enola: Solve for Rydberg stage 634/917.
[INFO] Enola: Solve for Rydberg stage 635/917.
[INFO] Enola: Solve for Rydberg stage 636/917.
[INFO] Enola: Solve for Rydberg stage 637/917.
[INFO] Enola: Solve for Rydberg stage 638/917.
[INFO] Enola: Solve for Rydberg stage 639/917.
[INFO] Enola: Solve for Rydberg stage 640/917.
[INFO] Enola: Solve for Rydberg stage 641/917.
[INFO] Enola: Solve for Rydberg stage 642/917.
[INFO] Enola: Solve for Rydberg stage 643/917.
[INFO] Enola: Solve for Rydberg stage 644/917.
[INFO] Enola: Solve for Rydberg stage 645/917.
[INFO] Enola: Solve for Rydberg stage 646/917.
[INFO] Enola: Solve for Rydberg stage 647/917.
[INFO] Enola: Solve for Rydberg stage 648/917.
[INFO] Enola: Solve for Rydberg stage 649/917.
[INFO] Enola: Solve for Rydberg stage 650/917.
[INFO] Enola: Solve for Rydberg stage 651/917.
[INFO] Enola: Solve for Rydberg stage 652/917.
[INFO] Enola: Solve for Rydberg stage 653/917.
[INFO] Enola: Solve for Rydberg stage 654/917.
[INFO] Enola: Solve for Rydberg stage 655/917.
[INFO] Enola: Solve for Rydberg stage 656/917.
[INFO] Enola: Solve for Rydberg stage 657/917.
[INFO] Enola: Solve for Rydberg stage 658/917.
[INFO] Enola: Solve for Rydberg stage 659/917.
[INFO] Enola: Solve for Rydberg stage 660/917.
[INFO] Enola: Solve for Rydberg stage 661/917.
[INFO] Enola: Solve for Rydberg stage 662/917.
[INFO] Enola: Solve for Rydberg stage 663/917.
[INFO] Enola: Solve for Rydberg stage 664/917.
[INFO] Enola: Solve for Rydberg stage 665/917.
[INFO] Enola: Solve for Rydberg stage 666/917.
[INFO] Enola: Solve for Rydberg stage 667/917.
[INFO] Enola: Solve for Rydberg stage 668/917.
[INFO] Enola: Solve for Rydberg stage 669/917.
[INFO] Enola: Solve for Rydberg stage 670/917.
[INFO] Enola: Solve for Rydberg stage 671/917.
[INFO] Enola: Solve for Rydberg stage 672/917.
[INFO] Enola: Solve for Rydberg stage 673/917.
[INFO] Enola: Solve for Rydberg stage 674/917.
[INFO] Enola: Solve for Rydberg stage 675/917.
[INFO] Enola: Solve for Rydberg stage 676/917.
[INFO] Enola: Solve for Rydberg stage 677/917.
[INFO] Enola: Solve for Rydberg stage 678/917.
[INFO] Enola: Solve for Rydberg stage 679/917.
[INFO] Enola: Solve for Rydberg stage 680/917.
[INFO] Enola: Solve for Rydberg stage 681/917.
[INFO] Enola: Solve for Rydberg stage 682/917.
[INFO] Enola: Solve for Rydberg stage 683/917.
[INFO] Enola: Solve for Rydberg stage 684/917.
[INFO] Enola: Solve for Rydberg stage 685/917.
[INFO] Enola: Solve for Rydberg stage 686/917.
[INFO] Enola: Solve for Rydberg stage 687/917.
[INFO] Enola: Solve for Rydberg stage 688/917.
[INFO] Enola: Solve for Rydberg stage 689/917.
[INFO] Enola: Solve for Rydberg stage 690/917.
[INFO] Enola: Solve for Rydberg stage 691/917.
[INFO] Enola: Solve for Rydberg stage 692/917.
[INFO] Enola: Solve for Rydberg stage 693/917.
[INFO] Enola: Solve for Rydberg stage 694/917.
[INFO] Enola: Solve for Rydberg stage 695/917.
[INFO] Enola: Solve for Rydberg stage 696/917.
[INFO] Enola: Solve for Rydberg stage 697/917.
[INFO] Enola: Solve for Rydberg stage 698/917.
[INFO] Enola: Solve for Rydberg stage 699/917.
[INFO] Enola: Solve for Rydberg stage 700/917.
[INFO] Enola: Solve for Rydberg stage 701/917.
[INFO] Enola: Solve for Rydberg stage 702/917.
[INFO] Enola: Solve for Rydberg stage 703/917.
[INFO] Enola: Solve for Rydberg stage 704/917.
[INFO] Enola: Solve for Rydberg stage 705/917.
[INFO] Enola: Solve for Rydberg stage 706/917.
[INFO] Enola: Solve for Rydberg stage 707/917.
[INFO] Enola: Solve for Rydberg stage 708/917.
[INFO] Enola: Solve for Rydberg stage 709/917.
[INFO] Enola: Solve for Rydberg stage 710/917.
[INFO] Enola: Solve for Rydberg stage 711/917.
[INFO] Enola: Solve for Rydberg stage 712/917.
[INFO] Enola: Solve for Rydberg stage 713/917.
[INFO] Enola: Solve for Rydberg stage 714/917.
[INFO] Enola: Solve for Rydberg stage 715/917.
[INFO] Enola: Solve for Rydberg stage 716/917.
[INFO] Enola: Solve for Rydberg stage 717/917.
[INFO] Enola: Solve for Rydberg stage 718/917.
[INFO] Enola: Solve for Rydberg stage 719/917.
[INFO] Enola: Solve for Rydberg stage 720/917.
[INFO] Enola: Solve for Rydberg stage 721/917.
[INFO] Enola: Solve for Rydberg stage 722/917.
[INFO] Enola: Solve for Rydberg stage 723/917.
[INFO] Enola: Solve for Rydberg stage 724/917.
[INFO] Enola: Solve for Rydberg stage 725/917.
[INFO] Enola: Solve for Rydberg stage 726/917.
[INFO] Enola: Solve for Rydberg stage 727/917.
[INFO] Enola: Solve for Rydberg stage 728/917.
[INFO] Enola: Solve for Rydberg stage 729/917.
[INFO] Enola: Solve for Rydberg stage 730/917.
[INFO] Enola: Solve for Rydberg stage 731/917.
[INFO] Enola: Solve for Rydberg stage 732/917.
[INFO] Enola: Solve for Rydberg stage 733/917.
[INFO] Enola: Solve for Rydberg stage 734/917.
[INFO] Enola: Solve for Rydberg stage 735/917.
[INFO] Enola: Solve for Rydberg stage 736/917.
[INFO] Enola: Solve for Rydberg stage 737/917.
[INFO] Enola: Solve for Rydberg stage 738/917.
[INFO] Enola: Solve for Rydberg stage 739/917.
[INFO] Enola: Solve for Rydberg stage 740/917.
[INFO] Enola: Solve for Rydberg stage 741/917.
[INFO] Enola: Solve for Rydberg stage 742/917.
[INFO] Enola: Solve for Rydberg stage 743/917.
[INFO] Enola: Solve for Rydberg stage 744/917.
[INFO] Enola: Solve for Rydberg stage 745/917.
[INFO] Enola: Solve for Rydberg stage 746/917.
[INFO] Enola: Solve for Rydberg stage 747/917.
[INFO] Enola: Solve for Rydberg stage 748/917.
[INFO] Enola: Solve for Rydberg stage 749/917.
[INFO] Enola: Solve for Rydberg stage 750/917.
[INFO] Enola: Solve for Rydberg stage 751/917.
[INFO] Enola: Solve for Rydberg stage 752/917.
[INFO] Enola: Solve for Rydberg stage 753/917.
[INFO] Enola: Solve for Rydberg stage 754/917.
[INFO] Enola: Solve for Rydberg stage 755/917.
[INFO] Enola: Solve for Rydberg stage 756/917.
[INFO] Enola: Solve for Rydberg stage 757/917.
[INFO] Enola: Solve for Rydberg stage 758/917.
[INFO] Enola: Solve for Rydberg stage 759/917.
[INFO] Enola: Solve for Rydberg stage 760/917.
[INFO] Enola: Solve for Rydberg stage 761/917.
[INFO] Enola: Solve for Rydberg stage 762/917.
[INFO] Enola: Solve for Rydberg stage 763/917.
[INFO] Enola: Solve for Rydberg stage 764/917.
[INFO] Enola: Solve for Rydberg stage 765/917.
[INFO] Enola: Solve for Rydberg stage 766/917.
[INFO] Enola: Solve for Rydberg stage 767/917.
[INFO] Enola: Solve for Rydberg stage 768/917.
[INFO] Enola: Solve for Rydberg stage 769/917.
[INFO] Enola: Solve for Rydberg stage 770/917.
[INFO] Enola: Solve for Rydberg stage 771/917.
[INFO] Enola: Solve for Rydberg stage 772/917.
[INFO] Enola: Solve for Rydberg stage 773/917.
[INFO] Enola: Solve for Rydberg stage 774/917.
[INFO] Enola: Solve for Rydberg stage 775/917.
[INFO] Enola: Solve for Rydberg stage 776/917.
[INFO] Enola: Solve for Rydberg stage 777/917.
[INFO] Enola: Solve for Rydberg stage 778/917.
[INFO] Enola: Solve for Rydberg stage 779/917.
[INFO] Enola: Solve for Rydberg stage 780/917.
[INFO] Enola: Solve for Rydberg stage 781/917.
[INFO] Enola: Solve for Rydberg stage 782/917.
[INFO] Enola: Solve for Rydberg stage 783/917.
[INFO] Enola: Solve for Rydberg stage 784/917.
[INFO] Enola: Solve for Rydberg stage 785/917.
[INFO] Enola: Solve for Rydberg stage 786/917.
[INFO] Enola: Solve for Rydberg stage 787/917.
[INFO] Enola: Solve for Rydberg stage 788/917.
[INFO] Enola: Solve for Rydberg stage 789/917.
[INFO] Enola: Solve for Rydberg stage 790/917.
[INFO] Enola: Solve for Rydberg stage 791/917.
[INFO] Enola: Solve for Rydberg stage 792/917.
[INFO] Enola: Solve for Rydberg stage 793/917.
[INFO] Enola: Solve for Rydberg stage 794/917.
[INFO] Enola: Solve for Rydberg stage 795/917.
[INFO] Enola: Solve for Rydberg stage 796/917.
[INFO] Enola: Solve for Rydberg stage 797/917.
[INFO] Enola: Solve for Rydberg stage 798/917.
[INFO] Enola: Solve for Rydberg stage 799/917.
[INFO] Enola: Solve for Rydberg stage 800/917.
[INFO] Enola: Solve for Rydberg stage 801/917.
[INFO] Enola: Solve for Rydberg stage 802/917.
[INFO] Enola: Solve for Rydberg stage 803/917.
[INFO] Enola: Solve for Rydberg stage 804/917.
[INFO] Enola: Solve for Rydberg stage 805/917.
[INFO] Enola: Solve for Rydberg stage 806/917.
[INFO] Enola: Solve for Rydberg stage 807/917.
[INFO] Enola: Solve for Rydberg stage 808/917.
[INFO] Enola: Solve for Rydberg stage 809/917.
[INFO] Enola: Solve for Rydberg stage 810/917.
[INFO] Enola: Solve for Rydberg stage 811/917.
[INFO] Enola: Solve for Rydberg stage 812/917.
[INFO] Enola: Solve for Rydberg stage 813/917.
[INFO] Enola: Solve for Rydberg stage 814/917.
[INFO] Enola: Solve for Rydberg stage 815/917.
[INFO] Enola: Solve for Rydberg stage 816/917.
[INFO] Enola: Solve for Rydberg stage 817/917.
[INFO] Enola: Solve for Rydberg stage 818/917.
[INFO] Enola: Solve for Rydberg stage 819/917.
[INFO] Enola: Solve for Rydberg stage 820/917.
[INFO] Enola: Solve for Rydberg stage 821/917.
[INFO] Enola: Solve for Rydberg stage 822/917.
[INFO] Enola: Solve for Rydberg stage 823/917.
[INFO] Enola: Solve for Rydberg stage 824/917.
[INFO] Enola: Solve for Rydberg stage 825/917.
[INFO] Enola: Solve for Rydberg stage 826/917.
[INFO] Enola: Solve for Rydberg stage 827/917.
[INFO] Enola: Solve for Rydberg stage 828/917.
[INFO] Enola: Solve for Rydberg stage 829/917.
[INFO] Enola: Solve for Rydberg stage 830/917.
[INFO] Enola: Solve for Rydberg stage 831/917.
[INFO] Enola: Solve for Rydberg stage 832/917.
[INFO] Enola: Solve for Rydberg stage 833/917.
[INFO] Enola: Solve for Rydberg stage 834/917.
[INFO] Enola: Solve for Rydberg stage 835/917.
[INFO] Enola: Solve for Rydberg stage 836/917.
[INFO] Enola: Solve for Rydberg stage 837/917.
[INFO] Enola: Solve for Rydberg stage 838/917.
[INFO] Enola: Solve for Rydberg stage 839/917.
[INFO] Enola: Solve for Rydberg stage 840/917.
[INFO] Enola: Solve for Rydberg stage 841/917.
[INFO] Enola: Solve for Rydberg stage 842/917.
[INFO] Enola: Solve for Rydberg stage 843/917.
[INFO] Enola: Solve for Rydberg stage 844/917.
[INFO] Enola: Solve for Rydberg stage 845/917.
[INFO] Enola: Solve for Rydberg stage 846/917.
[INFO] Enola: Solve for Rydberg stage 847/917.
[INFO] Enola: Solve for Rydberg stage 848/917.
[INFO] Enola: Solve for Rydberg stage 849/917.
[INFO] Enola: Solve for Rydberg stage 850/917.
[INFO] Enola: Solve for Rydberg stage 851/917.
[INFO] Enola: Solve for Rydberg stage 852/917.
[INFO] Enola: Solve for Rydberg stage 853/917.
[INFO] Enola: Solve for Rydberg stage 854/917.
[INFO] Enola: Solve for Rydberg stage 855/917.
[INFO] Enola: Solve for Rydberg stage 856/917.
[INFO] Enola: Solve for Rydberg stage 857/917.
[INFO] Enola: Solve for Rydberg stage 858/917.
[INFO] Enola: Solve for Rydberg stage 859/917.
[INFO] Enola: Solve for Rydberg stage 860/917.
[INFO] Enola: Solve for Rydberg stage 861/917.
[INFO] Enola: Solve for Rydberg stage 862/917.
[INFO] Enola: Solve for Rydberg stage 863/917.
[INFO] Enola: Solve for Rydberg stage 864/917.
[INFO] Enola: Solve for Rydberg stage 865/917.
[INFO] Enola: Solve for Rydberg stage 866/917.
[INFO] Enola: Solve for Rydberg stage 867/917.
[INFO] Enola: Solve for Rydberg stage 868/917.
[INFO] Enola: Solve for Rydberg stage 869/917.
[INFO] Enola: Solve for Rydberg stage 870/917.
[INFO] Enola: Solve for Rydberg stage 871/917.
[INFO] Enola: Solve for Rydberg stage 872/917.
[INFO] Enola: Solve for Rydberg stage 873/917.
[INFO] Enola: Solve for Rydberg stage 874/917.
[INFO] Enola: Solve for Rydberg stage 875/917.
[INFO] Enola: Solve for Rydberg stage 876/917.
[INFO] Enola: Solve for Rydberg stage 877/917.
[INFO] Enola: Solve for Rydberg stage 878/917.
[INFO] Enola: Solve for Rydberg stage 879/917.
[INFO] Enola: Solve for Rydberg stage 880/917.
[INFO] Enola: Solve for Rydberg stage 881/917.
[INFO] Enola: Solve for Rydberg stage 882/917.
[INFO] Enola: Solve for Rydberg stage 883/917.
[INFO] Enola: Solve for Rydberg stage 884/917.
[INFO] Enola: Solve for Rydberg stage 885/917.
[INFO] Enola: Solve for Rydberg stage 886/917.
[INFO] Enola: Solve for Rydberg stage 887/917.
[INFO] Enola: Solve for Rydberg stage 888/917.
[INFO] Enola: Solve for Rydberg stage 889/917.
[INFO] Enola: Solve for Rydberg stage 890/917.
[INFO] Enola: Solve for Rydberg stage 891/917.
[INFO] Enola: Solve for Rydberg stage 892/917.
[INFO] Enola: Solve for Rydberg stage 893/917.
[INFO] Enola: Solve for Rydberg stage 894/917.
[INFO] Enola: Solve for Rydberg stage 895/917.
[INFO] Enola: Solve for Rydberg stage 896/917.
[INFO] Enola: Solve for Rydberg stage 897/917.
[INFO] Enola: Solve for Rydberg stage 898/917.
[INFO] Enola: Solve for Rydberg stage 899/917.
[INFO] Enola: Solve for Rydberg stage 900/917.
[INFO] Enola: Solve for Rydberg stage 901/917.
[INFO] Enola: Solve for Rydberg stage 902/917.
[INFO] Enola: Solve for Rydberg stage 903/917.
[INFO] Enola: Solve for Rydberg stage 904/917.
[INFO] Enola: Solve for Rydberg stage 905/917.
[INFO] Enola: Solve for Rydberg stage 906/917.
[INFO] Enola: Solve for Rydberg stage 907/917.
[INFO] Enola: Solve for Rydberg stage 908/917.
[INFO] Enola: Solve for Rydberg stage 909/917.
[INFO] Enola: Solve for Rydberg stage 910/917.
[INFO] Enola: Solve for Rydberg stage 911/917.
[INFO] Enola: Solve for Rydberg stage 912/917.
[INFO] Enola: Solve for Rydberg stage 913/917.
[INFO] Enola: Solve for Rydberg stage 914/917.
[INFO] Enola: Solve for Rydberg stage 915/917.
[INFO] Enola: Solve for Rydberg stage 916/917.
[INFO] Enola: Solve for Rydberg stage 917/917.
[INFO] Enola: Solve for Rydberg stage 918/917.
[INFO] Enola: Time for routing: 0.11693906784057617s
[INFO] Enola: Total Time: 2.1983652114868164s
Compilation successful.

2026-03-25 17:27:50,120 - BenchmarkManager - INFO - enola (run 1/1) - Running /u/halle/heiz/home_at/BachelorProject/benchmarks/uf_fix50_20-100/uf50-030.qasm
2026-03-25 17:27:53,189 - Compiler.enola - INFO - STDOUT:
[INFO] Enola: Start Solving
[INFO] Enola: Run scheduling
[INFO] Enola: Time for scheduling: 0.00064849853515625s
75
[INFO] Enola: Time for placement: 8.821487426757812e-06s
[INFO] Enola: Solve for Rydberg stage 2/830.
[INFO] Enola: Solve for Rydberg stage 3/830.
[INFO] Enola: Solve for Rydberg stage 4/830.
[INFO] Enola: Solve for Rydberg stage 5/830.
[INFO] Enola: Solve for Rydberg stage 6/830.
[INFO] Enola: Solve for Rydberg stage 7/830.
[INFO] Enola: Solve for Rydberg stage 8/830.
[INFO] Enola: Solve for Rydberg stage 9/830.
[INFO] Enola: Solve for Rydberg stage 10/830.
[INFO] Enola: Solve for Rydberg stage 11/830.
[INFO] Enola: Solve for Rydberg stage 12/830.
[INFO] Enola: Solve for Rydberg stage 13/830.
[INFO] Enola: Solve for Rydberg stage 14/830.
[INFO] Enola: Solve for Rydberg stage 15/830.
[INFO] Enola: Solve for Rydberg stage 16/830.
[INFO] Enola: Solve for Rydberg stage 17/830.
[INFO] Enola: Solve for Rydberg stage 18/830.
[INFO] Enola: Solve for Rydberg stage 19/830.
[INFO] Enola: Solve for Rydberg stage 20/830.
[INFO] Enola: Solve for Rydberg stage 21/830.
[INFO] Enola: Solve for Rydberg stage 22/830.
[INFO] Enola: Solve for Rydberg stage 23/830.
[INFO] Enola: Solve for Rydberg stage 24/830.
[INFO] Enola: Solve for Rydberg stage 25/830.
[INFO] Enola: Solve for Rydberg stage 26/830.
[INFO] Enola: Solve for Rydberg stage 27/830.
[INFO] Enola: Solve for Rydberg stage 28/830.
[INFO] Enola: Solve for Rydberg stage 29/830.
[INFO] Enola: Solve for Rydberg stage 30/830.
[INFO] Enola: Solve for Rydberg stage 31/830.
[INFO] Enola: Solve for Rydberg stage 32/830.
[INFO] Enola: Solve for Rydberg stage 33/830.
[INFO] Enola: Solve for Rydberg stage 34/830.
[INFO] Enola: Solve for Rydberg stage 35/830.
[INFO] Enola: Solve for Rydberg stage 36/830.
[INFO] Enola: Solve for Rydberg stage 37/830.
[INFO] Enola: Solve for Rydberg stage 38/830.
[INFO] Enola: Solve for Rydberg stage 39/830.
[INFO] Enola: Solve for Rydberg stage 40/830.
[INFO] Enola: Solve for Rydberg stage 41/830.
[INFO] Enola: Solve for Rydberg stage 42/830.
[INFO] Enola: Solve for Rydberg stage 43/830.
[INFO] Enola: Solve for Rydberg stage 44/830.
[INFO] Enola: Solve for Rydberg stage 45/830.
[INFO] Enola: Solve for Rydberg stage 46/830.
[INFO] Enola: Solve for Rydberg stage 47/830.
[INFO] Enola: Solve for Rydberg stage 48/830.
[INFO] Enola: Solve for Rydberg stage 49/830.
[INFO] Enola: Solve for Rydberg stage 50/830.
[INFO] Enola: Solve for Rydberg stage 51/830.
[INFO] Enola: Solve for Rydberg stage 52/830.
[INFO] Enola: Solve for Rydberg stage 53/830.
[INFO] Enola: Solve for Rydberg stage 54/830.
[INFO] Enola: Solve for Rydberg stage 55/830.
[INFO] Enola: Solve for Rydberg stage 56/830.
[INFO] Enola: Solve for Rydberg stage 57/830.
[INFO] Enola: Solve for Rydberg stage 58/830.
[INFO] Enola: Solve for Rydberg stage 59/830.
[INFO] Enola: Solve for Rydberg stage 60/830.
[INFO] Enola: Solve for Rydberg stage 61/830.
[INFO] Enola: Solve for Rydberg stage 62/830.
[INFO] Enola: Solve for Rydberg stage 63/830.
[INFO] Enola: Solve for Rydberg stage 64/830.
[INFO] Enola: Solve for Rydberg stage 65/830.
[INFO] Enola: Solve for Rydberg stage 66/830.
[INFO] Enola: Solve for Rydberg stage 67/830.
[INFO] Enola: Solve for Rydberg stage 68/830.
[INFO] Enola: Solve for Rydberg stage 69/830.
[INFO] Enola: Solve for Rydberg stage 70/830.
[INFO] Enola: Solve for Rydberg stage 71/830.
[INFO] Enola: Solve for Rydberg stage 72/830.
[INFO] Enola: Solve for Rydberg stage 73/830.
[INFO] Enola: Solve for Rydberg stage 74/830.
[INFO] Enola: Solve for Rydberg stage 75/830.
[INFO] Enola: Solve for Rydberg stage 76/830.
[INFO] Enola: Solve for Rydberg stage 77/830.
[INFO] Enola: Solve for Rydberg stage 78/830.
[INFO] Enola: Solve for Rydberg stage 79/830.
[INFO] Enola: Solve for Rydberg stage 80/830.
[INFO] Enola: Solve for Rydberg stage 81/830.
[INFO] Enola: Solve for Rydberg stage 82/830.
[INFO] Enola: Solve for Rydberg stage 83/830.
[INFO] Enola: Solve for Rydberg stage 84/830.
[INFO] Enola: Solve for Rydberg stage 85/830.
[INFO] Enola: Solve for Rydberg stage 86/830.
[INFO] Enola: Solve for Rydberg stage 87/830.
[INFO] Enola: Solve for Rydberg stage 88/830.
[INFO] Enola: Solve for Rydberg stage 89/830.
[INFO] Enola: Solve for Rydberg stage 90/830.
[INFO] Enola: Solve for Rydberg stage 91/830.
[INFO] Enola: Solve for Rydberg stage 92/830.
[INFO] Enola: Solve for Rydberg stage 93/830.
[INFO] Enola: Solve for Rydberg stage 94/830.
[INFO] Enola: Solve for Rydberg stage 95/830.
[INFO] Enola: Solve for Rydberg stage 96/830.
[INFO] Enola: Solve for Rydberg stage 97/830.
[INFO] Enola: Solve for Rydberg stage 98/830.
[INFO] Enola: Solve for Rydberg stage 99/830.
[INFO] Enola: Solve for Rydberg stage 100/830.
[INFO] Enola: Solve for Rydberg stage 101/830.
[INFO] Enola: Solve for Rydberg stage 102/830.
[INFO] Enola: Solve for Rydberg stage 103/830.
[INFO] Enola: Solve for Rydberg stage 104/830.
[INFO] Enola: Solve for Rydberg stage 105/830.
[INFO] Enola: Solve for Rydberg stage 106/830.
[INFO] Enola: Solve for Rydberg stage 107/830.
[INFO] Enola: Solve for Rydberg stage 108/830.
[INFO] Enola: Solve for Rydberg stage 109/830.
[INFO] Enola: Solve for Rydberg stage 110/830.
[INFO] Enola: Solve for Rydberg stage 111/830.
[INFO] Enola: Solve for Rydberg stage 112/830.
[INFO] Enola: Solve for Rydberg stage 113/830.
[INFO] Enola: Solve for Rydberg stage 114/830.
[INFO] Enola: Solve for Rydberg stage 115/830.
[INFO] Enola: Solve for Rydberg stage 116/830.
[INFO] Enola: Solve for Rydberg stage 117/830.
[INFO] Enola: Solve for Rydberg stage 118/830.
[INFO] Enola: Solve for Rydberg stage 119/830.
[INFO] Enola: Solve for Rydberg stage 120/830.
[INFO] Enola: Solve for Rydberg stage 121/830.
[INFO] Enola: Solve for Rydberg stage 122/830.
[INFO] Enola: Solve for Rydberg stage 123/830.
[INFO] Enola: Solve for Rydberg stage 124/830.
[INFO] Enola: Solve for Rydberg stage 125/830.
[INFO] Enola: Solve for Rydberg stage 126/830.
[INFO] Enola: Solve for Rydberg stage 127/830.
[INFO] Enola: Solve for Rydberg stage 128/830.
[INFO] Enola: Solve for Rydberg stage 129/830.
[INFO] Enola: Solve for Rydberg stage 130/830.
[INFO] Enola: Solve for Rydberg stage 131/830.
[INFO] Enola: Solve for Rydberg stage 132/830.
[INFO] Enola: Solve for Rydberg stage 133/830.
[INFO] Enola: Solve for Rydberg stage 134/830.
[INFO] Enola: Solve for Rydberg stage 135/830.
[INFO] Enola: Solve for Rydberg stage 136/830.
[INFO] Enola: Solve for Rydberg stage 137/830.
[INFO] Enola: Solve for Rydberg stage 138/830.
[INFO] Enola: Solve for Rydberg stage 139/830.
[INFO] Enola: Solve for Rydberg stage 140/830.
[INFO] Enola: Solve for Rydberg stage 141/830.
[INFO] Enola: Solve for Rydberg stage 142/830.
[INFO] Enola: Solve for Rydberg stage 143/830.
[INFO] Enola: Solve for Rydberg stage 144/830.
[INFO] Enola: Solve for Rydberg stage 145/830.
[INFO] Enola: Solve for Rydberg stage 146/830.
[INFO] Enola: Solve for Rydberg stage 147/830.
[INFO] Enola: Solve for Rydberg stage 148/830.
[INFO] Enola: Solve for Rydberg stage 149/830.
[INFO] Enola: Solve for Rydberg stage 150/830.
[INFO] Enola: Solve for Rydberg stage 151/830.
[INFO] Enola: Solve for Rydberg stage 152/830.
[INFO] Enola: Solve for Rydberg stage 153/830.
[INFO] Enola: Solve for Rydberg stage 154/830.
[INFO] Enola: Solve for Rydberg stage 155/830.
[INFO] Enola: Solve for Rydberg stage 156/830.
[INFO] Enola: Solve for Rydberg stage 157/830.
[INFO] Enola: Solve for Rydberg stage 158/830.
[INFO] Enola: Solve for Rydberg stage 159/830.
[INFO] Enola: Solve for Rydberg stage 160/830.
[INFO] Enola: Solve for Rydberg stage 161/830.
[INFO] Enola: Solve for Rydberg stage 162/830.
[INFO] Enola: Solve for Rydberg stage 163/830.
[INFO] Enola: Solve for Rydberg stage 164/830.
[INFO] Enola: Solve for Rydberg stage 165/830.
[INFO] Enola: Solve for Rydberg stage 166/830.
[INFO] Enola: Solve for Rydberg stage 167/830.
[INFO] Enola: Solve for Rydberg stage 168/830.
[INFO] Enola: Solve for Rydberg stage 169/830.
[INFO] Enola: Solve for Rydberg stage 170/830.
[INFO] Enola: Solve for Rydberg stage 171/830.
[INFO] Enola: Solve for Rydberg stage 172/830.
[INFO] Enola: Solve for Rydberg stage 173/830.
[INFO] Enola: Solve for Rydberg stage 174/830.
[INFO] Enola: Solve for Rydberg stage 175/830.
[INFO] Enola: Solve for Rydberg stage 176/830.
[INFO] Enola: Solve for Rydberg stage 177/830.
[INFO] Enola: Solve for Rydberg stage 178/830.
[INFO] Enola: Solve for Rydberg stage 179/830.
[INFO] Enola: Solve for Rydberg stage 180/830.
[INFO] Enola: Solve for Rydberg stage 181/830.
[INFO] Enola: Solve for Rydberg stage 182/830.
[INFO] Enola: Solve for Rydberg stage 183/830.
[INFO] Enola: Solve for Rydberg stage 184/830.
[INFO] Enola: Solve for Rydberg stage 185/830.
[INFO] Enola: Solve for Rydberg stage 186/830.
[INFO] Enola: Solve for Rydberg stage 187/830.
[INFO] Enola: Solve for Rydberg stage 188/830.
[INFO] Enola: Solve for Rydberg stage 189/830.
[INFO] Enola: Solve for Rydberg stage 190/830.
[INFO] Enola: Solve for Rydberg stage 191/830.
[INFO] Enola: Solve for Rydberg stage 192/830.
[INFO] Enola: Solve for Rydberg stage 193/830.
[INFO] Enola: Solve for Rydberg stage 194/830.
[INFO] Enola: Solve for Rydberg stage 195/830.
[INFO] Enola: Solve for Rydberg stage 196/830.
[INFO] Enola: Solve for Rydberg stage 197/830.
[INFO] Enola: Solve for Rydberg stage 198/830.
[INFO] Enola: Solve for Rydberg stage 199/830.
[INFO] Enola: Solve for Rydberg stage 200/830.
[INFO] Enola: Solve for Rydberg stage 201/830.
[INFO] Enola: Solve for Rydberg stage 202/830.
[INFO] Enola: Solve for Rydberg stage 203/830.
[INFO] Enola: Solve for Rydberg stage 204/830.
[INFO] Enola: Solve for Rydberg stage 205/830.
[INFO] Enola: Solve for Rydberg stage 206/830.
[INFO] Enola: Solve for Rydberg stage 207/830.
[INFO] Enola: Solve for Rydberg stage 208/830.
[INFO] Enola: Solve for Rydberg stage 209/830.
[INFO] Enola: Solve for Rydberg stage 210/830.
[INFO] Enola: Solve for Rydberg stage 211/830.
[INFO] Enola: Solve for Rydberg stage 212/830.
[INFO] Enola: Solve for Rydberg stage 213/830.
[INFO] Enola: Solve for Rydberg stage 214/830.
[INFO] Enola: Solve for Rydberg stage 215/830.
[INFO] Enola: Solve for Rydberg stage 216/830.
[INFO] Enola: Solve for Rydberg stage 217/830.
[INFO] Enola: Solve for Rydberg stage 218/830.
[INFO] Enola: Solve for Rydberg stage 219/830.
[INFO] Enola: Solve for Rydberg stage 220/830.
[INFO] Enola: Solve for Rydberg stage 221/830.
[INFO] Enola: Solve for Rydberg stage 222/830.
[INFO] Enola: Solve for Rydberg stage 223/830.
[INFO] Enola: Solve for Rydberg stage 224/830.
[INFO] Enola: Solve for Rydberg stage 225/830.
[INFO] Enola: Solve for Rydberg stage 226/830.
[INFO] Enola: Solve for Rydberg stage 227/830.
[INFO] Enola: Solve for Rydberg stage 228/830.
[INFO] Enola: Solve for Rydberg stage 229/830.
[INFO] Enola: Solve for Rydberg stage 230/830.
[INFO] Enola: Solve for Rydberg stage 231/830.
[INFO] Enola: Solve for Rydberg stage 232/830.
[INFO] Enola: Solve for Rydberg stage 233/830.
[INFO] Enola: Solve for Rydberg stage 234/830.
[INFO] Enola: Solve for Rydberg stage 235/830.
[INFO] Enola: Solve for Rydberg stage 236/830.
[INFO] Enola: Solve for Rydberg stage 237/830.
[INFO] Enola: Solve for Rydberg stage 238/830.
[INFO] Enola: Solve for Rydberg stage 239/830.
[INFO] Enola: Solve for Rydberg stage 240/830.
[INFO] Enola: Solve for Rydberg stage 241/830.
[INFO] Enola: Solve for Rydberg stage 242/830.
[INFO] Enola: Solve for Rydberg stage 243/830.
[INFO] Enola: Solve for Rydberg stage 244/830.
[INFO] Enola: Solve for Rydberg stage 245/830.
[INFO] Enola: Solve for Rydberg stage 246/830.
[INFO] Enola: Solve for Rydberg stage 247/830.
[INFO] Enola: Solve for Rydberg stage 248/830.
[INFO] Enola: Solve for Rydberg stage 249/830.
[INFO] Enola: Solve for Rydberg stage 250/830.
[INFO] Enola: Solve for Rydberg stage 251/830.
[INFO] Enola: Solve for Rydberg stage 252/830.
[INFO] Enola: Solve for Rydberg stage 253/830.
[INFO] Enola: Solve for Rydberg stage 254/830.
[INFO] Enola: Solve for Rydberg stage 255/830.
[INFO] Enola: Solve for Rydberg stage 256/830.
[INFO] Enola: Solve for Rydberg stage 257/830.
[INFO] Enola: Solve for Rydberg stage 258/830.
[INFO] Enola: Solve for Rydberg stage 259/830.
[INFO] Enola: Solve for Rydberg stage 260/830.
[INFO] Enola: Solve for Rydberg stage 261/830.
[INFO] Enola: Solve for Rydberg stage 262/830.
[INFO] Enola: Solve for Rydberg stage 263/830.
[INFO] Enola: Solve for Rydberg stage 264/830.
[INFO] Enola: Solve for Rydberg stage 265/830.
[INFO] Enola: Solve for Rydberg stage 266/830.
[INFO] Enola: Solve for Rydberg stage 267/830.
[INFO] Enola: Solve for Rydberg stage 268/830.
[INFO] Enola: Solve for Rydberg stage 269/830.
[INFO] Enola: Solve for Rydberg stage 270/830.
[INFO] Enola: Solve for Rydberg stage 271/830.
[INFO] Enola: Solve for Rydberg stage 272/830.
[INFO] Enola: Solve for Rydberg stage 273/830.
[INFO] Enola: Solve for Rydberg stage 274/830.
[INFO] Enola: Solve for Rydberg stage 275/830.
[INFO] Enola: Solve for Rydberg stage 276/830.
[INFO] Enola: Solve for Rydberg stage 277/830.
[INFO] Enola: Solve for Rydberg stage 278/830.
[INFO] Enola: Solve for Rydberg stage 279/830.
[INFO] Enola: Solve for Rydberg stage 280/830.
[INFO] Enola: Solve for Rydberg stage 281/830.
[INFO] Enola: Solve for Rydberg stage 282/830.
[INFO] Enola: Solve for Rydberg stage 283/830.
[INFO] Enola: Solve for Rydberg stage 284/830.
[INFO] Enola: Solve for Rydberg stage 285/830.
[INFO] Enola: Solve for Rydberg stage 286/830.
[INFO] Enola: Solve for Rydberg stage 287/830.
[INFO] Enola: Solve for Rydberg stage 288/830.
[INFO] Enola: Solve for Rydberg stage 289/830.
[INFO] Enola: Solve for Rydberg stage 290/830.
[INFO] Enola: Solve for Rydberg stage 291/830.
[INFO] Enola: Solve for Rydberg stage 292/830.
[INFO] Enola: Solve for Rydberg stage 293/830.
[INFO] Enola: Solve for Rydberg stage 294/830.
[INFO] Enola: Solve for Rydberg stage 295/830.
[INFO] Enola: Solve for Rydberg stage 296/830.
[INFO] Enola: Solve for Rydberg stage 297/830.
[INFO] Enola: Solve for Rydberg stage 298/830.
[INFO] Enola: Solve for Rydberg stage 299/830.
[INFO] Enola: Solve for Rydberg stage 300/830.
[INFO] Enola: Solve for Rydberg stage 301/830.
[INFO] Enola: Solve for Rydberg stage 302/830.
[INFO] Enola: Solve for Rydberg stage 303/830.
[INFO] Enola: Solve for Rydberg stage 304/830.
[INFO] Enola: Solve for Rydberg stage 305/830.
[INFO] Enola: Solve for Rydberg stage 306/830.
[INFO] Enola: Solve for Rydberg stage 307/830.
[INFO] Enola: Solve for Rydberg stage 308/830.
[INFO] Enola: Solve for Rydberg stage 309/830.
[INFO] Enola: Solve for Rydberg stage 310/830.
[INFO] Enola: Solve for Rydberg stage 311/830.
[INFO] Enola: Solve for Rydberg stage 312/830.
[INFO] Enola: Solve for Rydberg stage 313/830.
[INFO] Enola: Solve for Rydberg stage 314/830.
[INFO] Enola: Solve for Rydberg stage 315/830.
[INFO] Enola: Solve for Rydberg stage 316/830.
[INFO] Enola: Solve for Rydberg stage 317/830.
[INFO] Enola: Solve for Rydberg stage 318/830.
[INFO] Enola: Solve for Rydberg stage 319/830.
[INFO] Enola: Solve for Rydberg stage 320/830.
[INFO] Enola: Solve for Rydberg stage 321/830.
[INFO] Enola: Solve for Rydberg stage 322/830.
[INFO] Enola: Solve for Rydberg stage 323/830.
[INFO] Enola: Solve for Rydberg stage 324/830.
[INFO] Enola: Solve for Rydberg stage 325/830.
[INFO] Enola: Solve for Rydberg stage 326/830.
[INFO] Enola: Solve for Rydberg stage 327/830.
[INFO] Enola: Solve for Rydberg stage 328/830.
[INFO] Enola: Solve for Rydberg stage 329/830.
[INFO] Enola: Solve for Rydberg stage 330/830.
[INFO] Enola: Solve for Rydberg stage 331/830.
[INFO] Enola: Solve for Rydberg stage 332/830.
[INFO] Enola: Solve for Rydberg stage 333/830.
[INFO] Enola: Solve for Rydberg stage 334/830.
[INFO] Enola: Solve for Rydberg stage 335/830.
[INFO] Enola: Solve for Rydberg stage 336/830.
[INFO] Enola: Solve for Rydberg stage 337/830.
[INFO] Enola: Solve for Rydberg stage 338/830.
[INFO] Enola: Solve for Rydberg stage 339/830.
[INFO] Enola: Solve for Rydberg stage 340/830.
[INFO] Enola: Solve for Rydberg stage 341/830.
[INFO] Enola: Solve for Rydberg stage 342/830.
[INFO] Enola: Solve for Rydberg stage 343/830.
[INFO] Enola: Solve for Rydberg stage 344/830.
[INFO] Enola: Solve for Rydberg stage 345/830.
[INFO] Enola: Solve for Rydberg stage 346/830.
[INFO] Enola: Solve for Rydberg stage 347/830.
[INFO] Enola: Solve for Rydberg stage 348/830.
[INFO] Enola: Solve for Rydberg stage 349/830.
[INFO] Enola: Solve for Rydberg stage 350/830.
[INFO] Enola: Solve for Rydberg stage 351/830.
[INFO] Enola: Solve for Rydberg stage 352/830.
[INFO] Enola: Solve for Rydberg stage 353/830.
[INFO] Enola: Solve for Rydberg stage 354/830.
[INFO] Enola: Solve for Rydberg stage 355/830.
[INFO] Enola: Solve for Rydberg stage 356/830.
[INFO] Enola: Solve for Rydberg stage 357/830.
[INFO] Enola: Solve for Rydberg stage 358/830.
[INFO] Enola: Solve for Rydberg stage 359/830.
[INFO] Enola: Solve for Rydberg stage 360/830.
[INFO] Enola: Solve for Rydberg stage 361/830.
[INFO] Enola: Solve for Rydberg stage 362/830.
[INFO] Enola: Solve for Rydberg stage 363/830.
[INFO] Enola: Solve for Rydberg stage 364/830.
[INFO] Enola: Solve for Rydberg stage 365/830.
[INFO] Enola: Solve for Rydberg stage 366/830.
[INFO] Enola: Solve for Rydberg stage 367/830.
[INFO] Enola: Solve for Rydberg stage 368/830.
[INFO] Enola: Solve for Rydberg stage 369/830.
[INFO] Enola: Solve for Rydberg stage 370/830.
[INFO] Enola: Solve for Rydberg stage 371/830.
[INFO] Enola: Solve for Rydberg stage 372/830.
[INFO] Enola: Solve for Rydberg stage 373/830.
[INFO] Enola: Solve for Rydberg stage 374/830.
[INFO] Enola: Solve for Rydberg stage 375/830.
[INFO] Enola: Solve for Rydberg stage 376/830.
[INFO] Enola: Solve for Rydberg stage 377/830.
[INFO] Enola: Solve for Rydberg stage 378/830.
[INFO] Enola: Solve for Rydberg stage 379/830.
[INFO] Enola: Solve for Rydberg stage 380/830.
[INFO] Enola: Solve for Rydberg stage 381/830.
[INFO] Enola: Solve for Rydberg stage 382/830.
[INFO] Enola: Solve for Rydberg stage 383/830.
[INFO] Enola: Solve for Rydberg stage 384/830.
[INFO] Enola: Solve for Rydberg stage 385/830.
[INFO] Enola: Solve for Rydberg stage 386/830.
[INFO] Enola: Solve for Rydberg stage 387/830.
[INFO] Enola: Solve for Rydberg stage 388/830.
[INFO] Enola: Solve for Rydberg stage 389/830.
[INFO] Enola: Solve for Rydberg stage 390/830.
[INFO] Enola: Solve for Rydberg stage 391/830.
[INFO] Enola: Solve for Rydberg stage 392/830.
[INFO] Enola: Solve for Rydberg stage 393/830.
[INFO] Enola: Solve for Rydberg stage 394/830.
[INFO] Enola: Solve for Rydberg stage 395/830.
[INFO] Enola: Solve for Rydberg stage 396/830.
[INFO] Enola: Solve for Rydberg stage 397/830.
[INFO] Enola: Solve for Rydberg stage 398/830.
[INFO] Enola: Solve for Rydberg stage 399/830.
[INFO] Enola: Solve for Rydberg stage 400/830.
[INFO] Enola: Solve for Rydberg stage 401/830.
[INFO] Enola: Solve for Rydberg stage 402/830.
[INFO] Enola: Solve for Rydberg stage 403/830.
[INFO] Enola: Solve for Rydberg stage 404/830.
[INFO] Enola: Solve for Rydberg stage 405/830.
[INFO] Enola: Solve for Rydberg stage 406/830.
[INFO] Enola: Solve for Rydberg stage 407/830.
[INFO] Enola: Solve for Rydberg stage 408/830.
[INFO] Enola: Solve for Rydberg stage 409/830.
[INFO] Enola: Solve for Rydberg stage 410/830.
[INFO] Enola: Solve for Rydberg stage 411/830.
[INFO] Enola: Solve for Rydberg stage 412/830.
[INFO] Enola: Solve for Rydberg stage 413/830.
[INFO] Enola: Solve for Rydberg stage 414/830.
[INFO] Enola: Solve for Rydberg stage 415/830.
[INFO] Enola: Solve for Rydberg stage 416/830.
[INFO] Enola: Solve for Rydberg stage 417/830.
[INFO] Enola: Solve for Rydberg stage 418/830.
[INFO] Enola: Solve for Rydberg stage 419/830.
[INFO] Enola: Solve for Rydberg stage 420/830.
[INFO] Enola: Solve for Rydberg stage 421/830.
[INFO] Enola: Solve for Rydberg stage 422/830.
[INFO] Enola: Solve for Rydberg stage 423/830.
[INFO] Enola: Solve for Rydberg stage 424/830.
[INFO] Enola: Solve for Rydberg stage 425/830.
[INFO] Enola: Solve for Rydberg stage 426/830.
[INFO] Enola: Solve for Rydberg stage 427/830.
[INFO] Enola: Solve for Rydberg stage 428/830.
[INFO] Enola: Solve for Rydberg stage 429/830.
[INFO] Enola: Solve for Rydberg stage 430/830.
[INFO] Enola: Solve for Rydberg stage 431/830.
[INFO] Enola: Solve for Rydberg stage 432/830.
[INFO] Enola: Solve for Rydberg stage 433/830.
[INFO] Enola: Solve for Rydberg stage 434/830.
[INFO] Enola: Solve for Rydberg stage 435/830.
[INFO] Enola: Solve for Rydberg stage 436/830.
[INFO] Enola: Solve for Rydberg stage 437/830.
[INFO] Enola: Solve for Rydberg stage 438/830.
[INFO] Enola: Solve for Rydberg stage 439/830.
[INFO] Enola: Solve for Rydberg stage 440/830.
[INFO] Enola: Solve for Rydberg stage 441/830.
[INFO] Enola: Solve for Rydberg stage 442/830.
[INFO] Enola: Solve for Rydberg stage 443/830.
[INFO] Enola: Solve for Rydberg stage 444/830.
[INFO] Enola: Solve for Rydberg stage 445/830.
[INFO] Enola: Solve for Rydberg stage 446/830.
[INFO] Enola: Solve for Rydberg stage 447/830.
[INFO] Enola: Solve for Rydberg stage 448/830.
[INFO] Enola: Solve for Rydberg stage 449/830.
[INFO] Enola: Solve for Rydberg stage 450/830.
[INFO] Enola: Solve for Rydberg stage 451/830.
[INFO] Enola: Solve for Rydberg stage 452/830.
[INFO] Enola: Solve for Rydberg stage 453/830.
[INFO] Enola: Solve for Rydberg stage 454/830.
[INFO] Enola: Solve for Rydberg stage 455/830.
[INFO] Enola: Solve for Rydberg stage 456/830.
[INFO] Enola: Solve for Rydberg stage 457/830.
[INFO] Enola: Solve for Rydberg stage 458/830.
[INFO] Enola: Solve for Rydberg stage 459/830.
[INFO] Enola: Solve for Rydberg stage 460/830.
[INFO] Enola: Solve for Rydberg stage 461/830.
[INFO] Enola: Solve for Rydberg stage 462/830.
[INFO] Enola: Solve for Rydberg stage 463/830.
[INFO] Enola: Solve for Rydberg stage 464/830.
[INFO] Enola: Solve for Rydberg stage 465/830.
[INFO] Enola: Solve for Rydberg stage 466/830.
[INFO] Enola: Solve for Rydberg stage 467/830.
[INFO] Enola: Solve for Rydberg stage 468/830.
[INFO] Enola: Solve for Rydberg stage 469/830.
[INFO] Enola: Solve for Rydberg stage 470/830.
[INFO] Enola: Solve for Rydberg stage 471/830.
[INFO] Enola: Solve for Rydberg stage 472/830.
[INFO] Enola: Solve for Rydberg stage 473/830.
[INFO] Enola: Solve for Rydberg stage 474/830.
[INFO] Enola: Solve for Rydberg stage 475/830.
[INFO] Enola: Solve for Rydberg stage 476/830.
[INFO] Enola: Solve for Rydberg stage 477/830.
[INFO] Enola: Solve for Rydberg stage 478/830.
[INFO] Enola: Solve for Rydberg stage 479/830.
[INFO] Enola: Solve for Rydberg stage 480/830.
[INFO] Enola: Solve for Rydberg stage 481/830.
[INFO] Enola: Solve for Rydberg stage 482/830.
[INFO] Enola: Solve for Rydberg stage 483/830.
[INFO] Enola: Solve for Rydberg stage 484/830.
[INFO] Enola: Solve for Rydberg stage 485/830.
[INFO] Enola: Solve for Rydberg stage 486/830.
[INFO] Enola: Solve for Rydberg stage 487/830.
[INFO] Enola: Solve for Rydberg stage 488/830.
[INFO] Enola: Solve for Rydberg stage 489/830.
[INFO] Enola: Solve for Rydberg stage 490/830.
[INFO] Enola: Solve for Rydberg stage 491/830.
[INFO] Enola: Solve for Rydberg stage 492/830.
[INFO] Enola: Solve for Rydberg stage 493/830.
[INFO] Enola: Solve for Rydberg stage 494/830.
[INFO] Enola: Solve for Rydberg stage 495/830.
[INFO] Enola: Solve for Rydberg stage 496/830.
[INFO] Enola: Solve for Rydberg stage 497/830.
[INFO] Enola: Solve for Rydberg stage 498/830.
[INFO] Enola: Solve for Rydberg stage 499/830.
[INFO] Enola: Solve for Rydberg stage 500/830.
[INFO] Enola: Solve for Rydberg stage 501/830.
[INFO] Enola: Solve for Rydberg stage 502/830.
[INFO] Enola: Solve for Rydberg stage 503/830.
[INFO] Enola: Solve for Rydberg stage 504/830.
[INFO] Enola: Solve for Rydberg stage 505/830.
[INFO] Enola: Solve for Rydberg stage 506/830.
[INFO] Enola: Solve for Rydberg stage 507/830.
[INFO] Enola: Solve for Rydberg stage 508/830.
[INFO] Enola: Solve for Rydberg stage 509/830.
[INFO] Enola: Solve for Rydberg stage 510/830.
[INFO] Enola: Solve for Rydberg stage 511/830.
[INFO] Enola: Solve for Rydberg stage 512/830.
[INFO] Enola: Solve for Rydberg stage 513/830.
[INFO] Enola: Solve for Rydberg stage 514/830.
[INFO] Enola: Solve for Rydberg stage 515/830.
[INFO] Enola: Solve for Rydberg stage 516/830.
[INFO] Enola: Solve for Rydberg stage 517/830.
[INFO] Enola: Solve for Rydberg stage 518/830.
[INFO] Enola: Solve for Rydberg stage 519/830.
[INFO] Enola: Solve for Rydberg stage 520/830.
[INFO] Enola: Solve for Rydberg stage 521/830.
[INFO] Enola: Solve for Rydberg stage 522/830.
[INFO] Enola: Solve for Rydberg stage 523/830.
[INFO] Enola: Solve for Rydberg stage 524/830.
[INFO] Enola: Solve for Rydberg stage 525/830.
[INFO] Enola: Solve for Rydberg stage 526/830.
[INFO] Enola: Solve for Rydberg stage 527/830.
[INFO] Enola: Solve for Rydberg stage 528/830.
[INFO] Enola: Solve for Rydberg stage 529/830.
[INFO] Enola: Solve for Rydberg stage 530/830.
[INFO] Enola: Solve for Rydberg stage 531/830.
[INFO] Enola: Solve for Rydberg stage 532/830.
[INFO] Enola: Solve for Rydberg stage 533/830.
[INFO] Enola: Solve for Rydberg stage 534/830.
[INFO] Enola: Solve for Rydberg stage 535/830.
[INFO] Enola: Solve for Rydberg stage 536/830.
[INFO] Enola: Solve for Rydberg stage 537/830.
[INFO] Enola: Solve for Rydberg stage 538/830.
[INFO] Enola: Solve for Rydberg stage 539/830.
[INFO] Enola: Solve for Rydberg stage 540/830.
[INFO] Enola: Solve for Rydberg stage 541/830.
[INFO] Enola: Solve for Rydberg stage 542/830.
[INFO] Enola: Solve for Rydberg stage 543/830.
[INFO] Enola: Solve for Rydberg stage 544/830.
[INFO] Enola: Solve for Rydberg stage 545/830.
[INFO] Enola: Solve for Rydberg stage 546/830.
[INFO] Enola: Solve for Rydberg stage 547/830.
[INFO] Enola: Solve for Rydberg stage 548/830.
[INFO] Enola: Solve for Rydberg stage 549/830.
[INFO] Enola: Solve for Rydberg stage 550/830.
[INFO] Enola: Solve for Rydberg stage 551/830.
[INFO] Enola: Solve for Rydberg stage 552/830.
[INFO] Enola: Solve for Rydberg stage 553/830.
[INFO] Enola: Solve for Rydberg stage 554/830.
[INFO] Enola: Solve for Rydberg stage 555/830.
[INFO] Enola: Solve for Rydberg stage 556/830.
[INFO] Enola: Solve for Rydberg stage 557/830.
[INFO] Enola: Solve for Rydberg stage 558/830.
[INFO] Enola: Solve for Rydberg stage 559/830.
[INFO] Enola: Solve for Rydberg stage 560/830.
[INFO] Enola: Solve for Rydberg stage 561/830.
[INFO] Enola: Solve for Rydberg stage 562/830.
[INFO] Enola: Solve for Rydberg stage 563/830.
[INFO] Enola: Solve for Rydberg stage 564/830.
[INFO] Enola: Solve for Rydberg stage 565/830.
[INFO] Enola: Solve for Rydberg stage 566/830.
[INFO] Enola: Solve for Rydberg stage 567/830.
[INFO] Enola: Solve for Rydberg stage 568/830.
[INFO] Enola: Solve for Rydberg stage 569/830.
[INFO] Enola: Solve for Rydberg stage 570/830.
[INFO] Enola: Solve for Rydberg stage 571/830.
[INFO] Enola: Solve for Rydberg stage 572/830.
[INFO] Enola: Solve for Rydberg stage 573/830.
[INFO] Enola: Solve for Rydberg stage 574/830.
[INFO] Enola: Solve for Rydberg stage 575/830.
[INFO] Enola: Solve for Rydberg stage 576/830.
[INFO] Enola: Solve for Rydberg stage 577/830.
[INFO] Enola: Solve for Rydberg stage 578/830.
[INFO] Enola: Solve for Rydberg stage 579/830.
[INFO] Enola: Solve for Rydberg stage 580/830.
[INFO] Enola: Solve for Rydberg stage 581/830.
[INFO] Enola: Solve for Rydberg stage 582/830.
[INFO] Enola: Solve for Rydberg stage 583/830.
[INFO] Enola: Solve for Rydberg stage 584/830.
[INFO] Enola: Solve for Rydberg stage 585/830.
[INFO] Enola: Solve for Rydberg stage 586/830.
[INFO] Enola: Solve for Rydberg stage 587/830.
[INFO] Enola: Solve for Rydberg stage 588/830.
[INFO] Enola: Solve for Rydberg stage 589/830.
[INFO] Enola: Solve for Rydberg stage 590/830.
[INFO] Enola: Solve for Rydberg stage 591/830.
[INFO] Enola: Solve for Rydberg stage 592/830.
[INFO] Enola: Solve for Rydberg stage 593/830.
[INFO] Enola: Solve for Rydberg stage 594/830.
[INFO] Enola: Solve for Rydberg stage 595/830.
[INFO] Enola: Solve for Rydberg stage 596/830.
[INFO] Enola: Solve for Rydberg stage 597/830.
[INFO] Enola: Solve for Rydberg stage 598/830.
[INFO] Enola: Solve for Rydberg stage 599/830.
[INFO] Enola: Solve for Rydberg stage 600/830.
[INFO] Enola: Solve for Rydberg stage 601/830.
[INFO] Enola: Solve for Rydberg stage 602/830.
[INFO] Enola: Solve for Rydberg stage 603/830.
[INFO] Enola: Solve for Rydberg stage 604/830.
[INFO] Enola: Solve for Rydberg stage 605/830.
[INFO] Enola: Solve for Rydberg stage 606/830.
[INFO] Enola: Solve for Rydberg stage 607/830.
[INFO] Enola: Solve for Rydberg stage 608/830.
[INFO] Enola: Solve for Rydberg stage 609/830.
[INFO] Enola: Solve for Rydberg stage 610/830.
[INFO] Enola: Solve for Rydberg stage 611/830.
[INFO] Enola: Solve for Rydberg stage 612/830.
[INFO] Enola: Solve for Rydberg stage 613/830.
[INFO] Enola: Solve for Rydberg stage 614/830.
[INFO] Enola: Solve for Rydberg stage 615/830.
[INFO] Enola: Solve for Rydberg stage 616/830.
[INFO] Enola: Solve for Rydberg stage 617/830.
[INFO] Enola: Solve for Rydberg stage 618/830.
[INFO] Enola: Solve for Rydberg stage 619/830.
[INFO] Enola: Solve for Rydberg stage 620/830.
[INFO] Enola: Solve for Rydberg stage 621/830.
[INFO] Enola: Solve for Rydberg stage 622/830.
[INFO] Enola: Solve for Rydberg stage 623/830.
[INFO] Enola: Solve for Rydberg stage 624/830.
[INFO] Enola: Solve for Rydberg stage 625/830.
[INFO] Enola: Solve for Rydberg stage 626/830.
[INFO] Enola: Solve for Rydberg stage 627/830.
[INFO] Enola: Solve for Rydberg stage 628/830.
[INFO] Enola: Solve for Rydberg stage 629/830.
[INFO] Enola: Solve for Rydberg stage 630/830.
[INFO] Enola: Solve for Rydberg stage 631/830.
[INFO] Enola: Solve for Rydberg stage 632/830.
[INFO] Enola: Solve for Rydberg stage 633/830.
[INFO] Enola: Solve for Rydberg stage 634/830.
[INFO] Enola: Solve for Rydberg stage 635/830.
[INFO] Enola: Solve for Rydberg stage 636/830.
[INFO] Enola: Solve for Rydberg stage 637/830.
[INFO] Enola: Solve for Rydberg stage 638/830.
[INFO] Enola: Solve for Rydberg stage 639/830.
[INFO] Enola: Solve for Rydberg stage 640/830.
[INFO] Enola: Solve for Rydberg stage 641/830.
[INFO] Enola: Solve for Rydberg stage 642/830.
[INFO] Enola: Solve for Rydberg stage 643/830.
[INFO] Enola: Solve for Rydberg stage 644/830.
[INFO] Enola: Solve for Rydberg stage 645/830.
[INFO] Enola: Solve for Rydberg stage 646/830.
[INFO] Enola: Solve for Rydberg stage 647/830.
[INFO] Enola: Solve for Rydberg stage 648/830.
[INFO] Enola: Solve for Rydberg stage 649/830.
[INFO] Enola: Solve for Rydberg stage 650/830.
[INFO] Enola: Solve for Rydberg stage 651/830.
[INFO] Enola: Solve for Rydberg stage 652/830.
[INFO] Enola: Solve for Rydberg stage 653/830.
[INFO] Enola: Solve for Rydberg stage 654/830.
[INFO] Enola: Solve for Rydberg stage 655/830.
[INFO] Enola: Solve for Rydberg stage 656/830.
[INFO] Enola: Solve for Rydberg stage 657/830.
[INFO] Enola: Solve for Rydberg stage 658/830.
[INFO] Enola: Solve for Rydberg stage 659/830.
[INFO] Enola: Solve for Rydberg stage 660/830.
[INFO] Enola: Solve for Rydberg stage 661/830.
[INFO] Enola: Solve for Rydberg stage 662/830.
[INFO] Enola: Solve for Rydberg stage 663/830.
[INFO] Enola: Solve for Rydberg stage 664/830.
[INFO] Enola: Solve for Rydberg stage 665/830.
[INFO] Enola: Solve for Rydberg stage 666/830.
[INFO] Enola: Solve for Rydberg stage 667/830.
[INFO] Enola: Solve for Rydberg stage 668/830.
[INFO] Enola: Solve for Rydberg stage 669/830.
[INFO] Enola: Solve for Rydberg stage 670/830.
[INFO] Enola: Solve for Rydberg stage 671/830.
[INFO] Enola: Solve for Rydberg stage 672/830.
[INFO] Enola: Solve for Rydberg stage 673/830.
[INFO] Enola: Solve for Rydberg stage 674/830.
[INFO] Enola: Solve for Rydberg stage 675/830.
[INFO] Enola: Solve for Rydberg stage 676/830.
[INFO] Enola: Solve for Rydberg stage 677/830.
[INFO] Enola: Solve for Rydberg stage 678/830.
[INFO] Enola: Solve for Rydberg stage 679/830.
[INFO] Enola: Solve for Rydberg stage 680/830.
[INFO] Enola: Solve for Rydberg stage 681/830.
[INFO] Enola: Solve for Rydberg stage 682/830.
[INFO] Enola: Solve for Rydberg stage 683/830.
[INFO] Enola: Solve for Rydberg stage 684/830.
[INFO] Enola: Solve for Rydberg stage 685/830.
[INFO] Enola: Solve for Rydberg stage 686/830.
[INFO] Enola: Solve for Rydberg stage 687/830.
[INFO] Enola: Solve for Rydberg stage 688/830.
[INFO] Enola: Solve for Rydberg stage 689/830.
[INFO] Enola: Solve for Rydberg stage 690/830.
[INFO] Enola: Solve for Rydberg stage 691/830.
[INFO] Enola: Solve for Rydberg stage 692/830.
[INFO] Enola: Solve for Rydberg stage 693/830.
[INFO] Enola: Solve for Rydberg stage 694/830.
[INFO] Enola: Solve for Rydberg stage 695/830.
[INFO] Enola: Solve for Rydberg stage 696/830.
[INFO] Enola: Solve for Rydberg stage 697/830.
[INFO] Enola: Solve for Rydberg stage 698/830.
[INFO] Enola: Solve for Rydberg stage 699/830.
[INFO] Enola: Solve for Rydberg stage 700/830.
[INFO] Enola: Solve for Rydberg stage 701/830.
[INFO] Enola: Solve for Rydberg stage 702/830.
[INFO] Enola: Solve for Rydberg stage 703/830.
[INFO] Enola: Solve for Rydberg stage 704/830.
[INFO] Enola: Solve for Rydberg stage 705/830.
[INFO] Enola: Solve for Rydberg stage 706/830.
[INFO] Enola: Solve for Rydberg stage 707/830.
[INFO] Enola: Solve for Rydberg stage 708/830.
[INFO] Enola: Solve for Rydberg stage 709/830.
[INFO] Enola: Solve for Rydberg stage 710/830.
[INFO] Enola: Solve for Rydberg stage 711/830.
[INFO] Enola: Solve for Rydberg stage 712/830.
[INFO] Enola: Solve for Rydberg stage 713/830.
[INFO] Enola: Solve for Rydberg stage 714/830.
[INFO] Enola: Solve for Rydberg stage 715/830.
[INFO] Enola: Solve for Rydberg stage 716/830.
[INFO] Enola: Solve for Rydberg stage 717/830.
[INFO] Enola: Solve for Rydberg stage 718/830.
[INFO] Enola: Solve for Rydberg stage 719/830.
[INFO] Enola: Solve for Rydberg stage 720/830.
[INFO] Enola: Solve for Rydberg stage 721/830.
[INFO] Enola: Solve for Rydberg stage 722/830.
[INFO] Enola: Solve for Rydberg stage 723/830.
[INFO] Enola: Solve for Rydberg stage 724/830.
[INFO] Enola: Solve for Rydberg stage 725/830.
[INFO] Enola: Solve for Rydberg stage 726/830.
[INFO] Enola: Solve for Rydberg stage 727/830.
[INFO] Enola: Solve for Rydberg stage 728/830.
[INFO] Enola: Solve for Rydberg stage 729/830.
[INFO] Enola: Solve for Rydberg stage 730/830.
[INFO] Enola: Solve for Rydberg stage 731/830.
[INFO] Enola: Solve for Rydberg stage 732/830.
[INFO] Enola: Solve for Rydberg stage 733/830.
[INFO] Enola: Solve for Rydberg stage 734/830.
[INFO] Enola: Solve for Rydberg stage 735/830.
[INFO] Enola: Solve for Rydberg stage 736/830.
[INFO] Enola: Solve for Rydberg stage 737/830.
[INFO] Enola: Solve for Rydberg stage 738/830.
[INFO] Enola: Solve for Rydberg stage 739/830.
[INFO] Enola: Solve for Rydberg stage 740/830.
[INFO] Enola: Solve for Rydberg stage 741/830.
[INFO] Enola: Solve for Rydberg stage 742/830.
[INFO] Enola: Solve for Rydberg stage 743/830.
[INFO] Enola: Solve for Rydberg stage 744/830.
[INFO] Enola: Solve for Rydberg stage 745/830.
[INFO] Enola: Solve for Rydberg stage 746/830.
[INFO] Enola: Solve for Rydberg stage 747/830.
[INFO] Enola: Solve for Rydberg stage 748/830.
[INFO] Enola: Solve for Rydberg stage 749/830.
[INFO] Enola: Solve for Rydberg stage 750/830.
[INFO] Enola: Solve for Rydberg stage 751/830.
[INFO] Enola: Solve for Rydberg stage 752/830.
[INFO] Enola: Solve for Rydberg stage 753/830.
[INFO] Enola: Solve for Rydberg stage 754/830.
[INFO] Enola: Solve for Rydberg stage 755/830.
[INFO] Enola: Solve for Rydberg stage 756/830.
[INFO] Enola: Solve for Rydberg stage 757/830.
[INFO] Enola: Solve for Rydberg stage 758/830.
[INFO] Enola: Solve for Rydberg stage 759/830.
[INFO] Enola: Solve for Rydberg stage 760/830.
[INFO] Enola: Solve for Rydberg stage 761/830.
[INFO] Enola: Solve for Rydberg stage 762/830.
[INFO] Enola: Solve for Rydberg stage 763/830.
[INFO] Enola: Solve for Rydberg stage 764/830.
[INFO] Enola: Solve for Rydberg stage 765/830.
[INFO] Enola: Solve for Rydberg stage 766/830.
[INFO] Enola: Solve for Rydberg stage 767/830.
[INFO] Enola: Solve for Rydberg stage 768/830.
[INFO] Enola: Solve for Rydberg stage 769/830.
[INFO] Enola: Solve for Rydberg stage 770/830.
[INFO] Enola: Solve for Rydberg stage 771/830.
[INFO] Enola: Solve for Rydberg stage 772/830.
[INFO] Enola: Solve for Rydberg stage 773/830.
[INFO] Enola: Solve for Rydberg stage 774/830.
[INFO] Enola: Solve for Rydberg stage 775/830.
[INFO] Enola: Solve for Rydberg stage 776/830.
[INFO] Enola: Solve for Rydberg stage 777/830.
[INFO] Enola: Solve for Rydberg stage 778/830.
[INFO] Enola: Solve for Rydberg stage 779/830.
[INFO] Enola: Solve for Rydberg stage 780/830.
[INFO] Enola: Solve for Rydberg stage 781/830.
[INFO] Enola: Solve for Rydberg stage 782/830.
[INFO] Enola: Solve for Rydberg stage 783/830.
[INFO] Enola: Solve for Rydberg stage 784/830.
[INFO] Enola: Solve for Rydberg stage 785/830.
[INFO] Enola: Solve for Rydberg stage 786/830.
[INFO] Enola: Solve for Rydberg stage 787/830.
[INFO] Enola: Solve for Rydberg stage 788/830.
[INFO] Enola: Solve for Rydberg stage 789/830.
[INFO] Enola: Solve for Rydberg stage 790/830.
[INFO] Enola: Solve for Rydberg stage 791/830.
[INFO] Enola: Solve for Rydberg stage 792/830.
[INFO] Enola: Solve for Rydberg stage 793/830.
[INFO] Enola: Solve for Rydberg stage 794/830.
[INFO] Enola: Solve for Rydberg stage 795/830.
[INFO] Enola: Solve for Rydberg stage 796/830.
[INFO] Enola: Solve for Rydberg stage 797/830.
[INFO] Enola: Solve for Rydberg stage 798/830.
[INFO] Enola: Solve for Rydberg stage 799/830.
[INFO] Enola: Solve for Rydberg stage 800/830.
[INFO] Enola: Solve for Rydberg stage 801/830.
[INFO] Enola: Solve for Rydberg stage 802/830.
[INFO] Enola: Solve for Rydberg stage 803/830.
[INFO] Enola: Solve for Rydberg stage 804/830.
[INFO] Enola: Solve for Rydberg stage 805/830.
[INFO] Enola: Solve for Rydberg stage 806/830.
[INFO] Enola: Solve for Rydberg stage 807/830.
[INFO] Enola: Solve for Rydberg stage 808/830.
[INFO] Enola: Solve for Rydberg stage 809/830.
[INFO] Enola: Solve for Rydberg stage 810/830.
[INFO] Enola: Solve for Rydberg stage 811/830.
[INFO] Enola: Solve for Rydberg stage 812/830.
[INFO] Enola: Solve for Rydberg stage 813/830.
[INFO] Enola: Solve for Rydberg stage 814/830.
[INFO] Enola: Solve for Rydberg stage 815/830.
[INFO] Enola: Solve for Rydberg stage 816/830.
[INFO] Enola: Solve for Rydberg stage 817/830.
[INFO] Enola: Solve for Rydberg stage 818/830.
[INFO] Enola: Solve for Rydberg stage 819/830.
[INFO] Enola: Solve for Rydberg stage 820/830.
[INFO] Enola: Solve for Rydberg stage 821/830.
[INFO] Enola: Solve for Rydberg stage 822/830.
[INFO] Enola: Solve for Rydberg stage 823/830.
[INFO] Enola: Solve for Rydberg stage 824/830.
[INFO] Enola: Solve for Rydberg stage 825/830.
[INFO] Enola: Solve for Rydberg stage 826/830.
[INFO] Enola: Solve for Rydberg stage 827/830.
[INFO] Enola: Solve for Rydberg stage 828/830.
[INFO] Enola: Solve for Rydberg stage 829/830.
[INFO] Enola: Solve for Rydberg stage 830/830.
[INFO] Enola: Solve for Rydberg stage 831/830.
[INFO] Enola: Time for routing: 0.11212396621704102s
[INFO] Enola: Total Time: 2.087878465652466s
Compilation successful.

2026-03-25 17:27:53,247 - BenchmarkManager - INFO - enola (run 1/1) - Running /u/halle/heiz/home_at/BachelorProject/benchmarks/uf_fix50_20-100/uf50-040.qasm
2026-03-25 17:27:56,305 - Compiler.enola - INFO - STDOUT:
[INFO] Enola: Start Solving
[INFO] Enola: Run scheduling
[INFO] Enola: Time for scheduling: 0.0006706714630126953s
75
[INFO] Enola: Time for placement: 8.821487426757812e-06s
[INFO] Enola: Solve for Rydberg stage 2/884.
[INFO] Enola: Solve for Rydberg stage 3/884.
[INFO] Enola: Solve for Rydberg stage 4/884.
[INFO] Enola: Solve for Rydberg stage 5/884.
[INFO] Enola: Solve for Rydberg stage 6/884.
[INFO] Enola: Solve for Rydberg stage 7/884.
[INFO] Enola: Solve for Rydberg stage 8/884.
[INFO] Enola: Solve for Rydberg stage 9/884.
[INFO] Enola: Solve for Rydberg stage 10/884.
[INFO] Enola: Solve for Rydberg stage 11/884.
[INFO] Enola: Solve for Rydberg stage 12/884.
[INFO] Enola: Solve for Rydberg stage 13/884.
[INFO] Enola: Solve for Rydberg stage 14/884.
[INFO] Enola: Solve for Rydberg stage 15/884.
[INFO] Enola: Solve for Rydberg stage 16/884.
[INFO] Enola: Solve for Rydberg stage 17/884.
[INFO] Enola: Solve for Rydberg stage 18/884.
[INFO] Enola: Solve for Rydberg stage 19/884.
[INFO] Enola: Solve for Rydberg stage 20/884.
[INFO] Enola: Solve for Rydberg stage 21/884.
[INFO] Enola: Solve for Rydberg stage 22/884.
[INFO] Enola: Solve for Rydberg stage 23/884.
[INFO] Enola: Solve for Rydberg stage 24/884.
[INFO] Enola: Solve for Rydberg stage 25/884.
[INFO] Enola: Solve for Rydberg stage 26/884.
[INFO] Enola: Solve for Rydberg stage 27/884.
[INFO] Enola: Solve for Rydberg stage 28/884.
[INFO] Enola: Solve for Rydberg stage 29/884.
[INFO] Enola: Solve for Rydberg stage 30/884.
[INFO] Enola: Solve for Rydberg stage 31/884.
[INFO] Enola: Solve for Rydberg stage 32/884.
[INFO] Enola: Solve for Rydberg stage 33/884.
[INFO] Enola: Solve for Rydberg stage 34/884.
[INFO] Enola: Solve for Rydberg stage 35/884.
[INFO] Enola: Solve for Rydberg stage 36/884.
[INFO] Enola: Solve for Rydberg stage 37/884.
[INFO] Enola: Solve for Rydberg stage 38/884.
[INFO] Enola: Solve for Rydberg stage 39/884.
[INFO] Enola: Solve for Rydberg stage 40/884.
[INFO] Enola: Solve for Rydberg stage 41/884.
[INFO] Enola: Solve for Rydberg stage 42/884.
[INFO] Enola: Solve for Rydberg stage 43/884.
[INFO] Enola: Solve for Rydberg stage 44/884.
[INFO] Enola: Solve for Rydberg stage 45/884.
[INFO] Enola: Solve for Rydberg stage 46/884.
[INFO] Enola: Solve for Rydberg stage 47/884.
[INFO] Enola: Solve for Rydberg stage 48/884.
[INFO] Enola: Solve for Rydberg stage 49/884.
[INFO] Enola: Solve for Rydberg stage 50/884.
[INFO] Enola: Solve for Rydberg stage 51/884.
[INFO] Enola: Solve for Rydberg stage 52/884.
[INFO] Enola: Solve for Rydberg stage 53/884.
[INFO] Enola: Solve for Rydberg stage 54/884.
[INFO] Enola: Solve for Rydberg stage 55/884.
[INFO] Enola: Solve for Rydberg stage 56/884.
[INFO] Enola: Solve for Rydberg stage 57/884.
[INFO] Enola: Solve for Rydberg stage 58/884.
[INFO] Enola: Solve for Rydberg stage 59/884.
[INFO] Enola: Solve for Rydberg stage 60/884.
[INFO] Enola: Solve for Rydberg stage 61/884.
[INFO] Enola: Solve for Rydberg stage 62/884.
[INFO] Enola: Solve for Rydberg stage 63/884.
[INFO] Enola: Solve for Rydberg stage 64/884.
[INFO] Enola: Solve for Rydberg stage 65/884.
[INFO] Enola: Solve for Rydberg stage 66/884.
[INFO] Enola: Solve for Rydberg stage 67/884.
[INFO] Enola: Solve for Rydberg stage 68/884.
[INFO] Enola: Solve for Rydberg stage 69/884.
[INFO] Enola: Solve for Rydberg stage 70/884.
[INFO] Enola: Solve for Rydberg stage 71/884.
[INFO] Enola: Solve for Rydberg stage 72/884.
[INFO] Enola: Solve for Rydberg stage 73/884.
[INFO] Enola: Solve for Rydberg stage 74/884.
[INFO] Enola: Solve for Rydberg stage 75/884.
[INFO] Enola: Solve for Rydberg stage 76/884.
[INFO] Enola: Solve for Rydberg stage 77/884.
[INFO] Enola: Solve for Rydberg stage 78/884.
[INFO] Enola: Solve for Rydberg stage 79/884.
[INFO] Enola: Solve for Rydberg stage 80/884.
[INFO] Enola: Solve for Rydberg stage 81/884.
[INFO] Enola: Solve for Rydberg stage 82/884.
[INFO] Enola: Solve for Rydberg stage 83/884.
[INFO] Enola: Solve for Rydberg stage 84/884.
[INFO] Enola: Solve for Rydberg stage 85/884.
[INFO] Enola: Solve for Rydberg stage 86/884.
[INFO] Enola: Solve for Rydberg stage 87/884.
[INFO] Enola: Solve for Rydberg stage 88/884.
[INFO] Enola: Solve for Rydberg stage 89/884.
[INFO] Enola: Solve for Rydberg stage 90/884.
[INFO] Enola: Solve for Rydberg stage 91/884.
[INFO] Enola: Solve for Rydberg stage 92/884.
[INFO] Enola: Solve for Rydberg stage 93/884.
[INFO] Enola: Solve for Rydberg stage 94/884.
[INFO] Enola: Solve for Rydberg stage 95/884.
[INFO] Enola: Solve for Rydberg stage 96/884.
[INFO] Enola: Solve for Rydberg stage 97/884.
[INFO] Enola: Solve for Rydberg stage 98/884.
[INFO] Enola: Solve for Rydberg stage 99/884.
[INFO] Enola: Solve for Rydberg stage 100/884.
[INFO] Enola: Solve for Rydberg stage 101/884.
[INFO] Enola: Solve for Rydberg stage 102/884.
[INFO] Enola: Solve for Rydberg stage 103/884.
[INFO] Enola: Solve for Rydberg stage 104/884.
[INFO] Enola: Solve for Rydberg stage 105/884.
[INFO] Enola: Solve for Rydberg stage 106/884.
[INFO] Enola: Solve for Rydberg stage 107/884.
[INFO] Enola: Solve for Rydberg stage 108/884.
[INFO] Enola: Solve for Rydberg stage 109/884.
[INFO] Enola: Solve for Rydberg stage 110/884.
[INFO] Enola: Solve for Rydberg stage 111/884.
[INFO] Enola: Solve for Rydberg stage 112/884.
[INFO] Enola: Solve for Rydberg stage 113/884.
[INFO] Enola: Solve for Rydberg stage 114/884.
[INFO] Enola: Solve for Rydberg stage 115/884.
[INFO] Enola: Solve for Rydberg stage 116/884.
[INFO] Enola: Solve for Rydberg stage 117/884.
[INFO] Enola: Solve for Rydberg stage 118/884.
[INFO] Enola: Solve for Rydberg stage 119/884.
[INFO] Enola: Solve for Rydberg stage 120/884.
[INFO] Enola: Solve for Rydberg stage 121/884.
[INFO] Enola: Solve for Rydberg stage 122/884.
[INFO] Enola: Solve for Rydberg stage 123/884.
[INFO] Enola: Solve for Rydberg stage 124/884.
[INFO] Enola: Solve for Rydberg stage 125/884.
[INFO] Enola: Solve for Rydberg stage 126/884.
[INFO] Enola: Solve for Rydberg stage 127/884.
[INFO] Enola: Solve for Rydberg stage 128/884.
[INFO] Enola: Solve for Rydberg stage 129/884.
[INFO] Enola: Solve for Rydberg stage 130/884.
[INFO] Enola: Solve for Rydberg stage 131/884.
[INFO] Enola: Solve for Rydberg stage 132/884.
[INFO] Enola: Solve for Rydberg stage 133/884.
[INFO] Enola: Solve for Rydberg stage 134/884.
[INFO] Enola: Solve for Rydberg stage 135/884.
[INFO] Enola: Solve for Rydberg stage 136/884.
[INFO] Enola: Solve for Rydberg stage 137/884.
[INFO] Enola: Solve for Rydberg stage 138/884.
[INFO] Enola: Solve for Rydberg stage 139/884.
[INFO] Enola: Solve for Rydberg stage 140/884.
[INFO] Enola: Solve for Rydberg stage 141/884.
[INFO] Enola: Solve for Rydberg stage 142/884.
[INFO] Enola: Solve for Rydberg stage 143/884.
[INFO] Enola: Solve for Rydberg stage 144/884.
[INFO] Enola: Solve for Rydberg stage 145/884.
[INFO] Enola: Solve for Rydberg stage 146/884.
[INFO] Enola: Solve for Rydberg stage 147/884.
[INFO] Enola: Solve for Rydberg stage 148/884.
[INFO] Enola: Solve for Rydberg stage 149/884.
[INFO] Enola: Solve for Rydberg stage 150/884.
[INFO] Enola: Solve for Rydberg stage 151/884.
[INFO] Enola: Solve for Rydberg stage 152/884.
[INFO] Enola: Solve for Rydberg stage 153/884.
[INFO] Enola: Solve for Rydberg stage 154/884.
[INFO] Enola: Solve for Rydberg stage 155/884.
[INFO] Enola: Solve for Rydberg stage 156/884.
[INFO] Enola: Solve for Rydberg stage 157/884.
[INFO] Enola: Solve for Rydberg stage 158/884.
[INFO] Enola: Solve for Rydberg stage 159/884.
[INFO] Enola: Solve for Rydberg stage 160/884.
[INFO] Enola: Solve for Rydberg stage 161/884.
[INFO] Enola: Solve for Rydberg stage 162/884.
[INFO] Enola: Solve for Rydberg stage 163/884.
[INFO] Enola: Solve for Rydberg stage 164/884.
[INFO] Enola: Solve for Rydberg stage 165/884.
[INFO] Enola: Solve for Rydberg stage 166/884.
[INFO] Enola: Solve for Rydberg stage 167/884.
[INFO] Enola: Solve for Rydberg stage 168/884.
[INFO] Enola: Solve for Rydberg stage 169/884.
[INFO] Enola: Solve for Rydberg stage 170/884.
[INFO] Enola: Solve for Rydberg stage 171/884.
[INFO] Enola: Solve for Rydberg stage 172/884.
[INFO] Enola: Solve for Rydberg stage 173/884.
[INFO] Enola: Solve for Rydberg stage 174/884.
[INFO] Enola: Solve for Rydberg stage 175/884.
[INFO] Enola: Solve for Rydberg stage 176/884.
[INFO] Enola: Solve for Rydberg stage 177/884.
[INFO] Enola: Solve for Rydberg stage 178/884.
[INFO] Enola: Solve for Rydberg stage 179/884.
[INFO] Enola: Solve for Rydberg stage 180/884.
[INFO] Enola: Solve for Rydberg stage 181/884.
[INFO] Enola: Solve for Rydberg stage 182/884.
[INFO] Enola: Solve for Rydberg stage 183/884.
[INFO] Enola: Solve for Rydberg stage 184/884.
[INFO] Enola: Solve for Rydberg stage 185/884.
[INFO] Enola: Solve for Rydberg stage 186/884.
[INFO] Enola: Solve for Rydberg stage 187/884.
[INFO] Enola: Solve for Rydberg stage 188/884.
[INFO] Enola: Solve for Rydberg stage 189/884.
[INFO] Enola: Solve for Rydberg stage 190/884.
[INFO] Enola: Solve for Rydberg stage 191/884.
[INFO] Enola: Solve for Rydberg stage 192/884.
[INFO] Enola: Solve for Rydberg stage 193/884.
[INFO] Enola: Solve for Rydberg stage 194/884.
[INFO] Enola: Solve for Rydberg stage 195/884.
[INFO] Enola: Solve for Rydberg stage 196/884.
[INFO] Enola: Solve for Rydberg stage 197/884.
[INFO] Enola: Solve for Rydberg stage 198/884.
[INFO] Enola: Solve for Rydberg stage 199/884.
[INFO] Enola: Solve for Rydberg stage 200/884.
[INFO] Enola: Solve for Rydberg stage 201/884.
[INFO] Enola: Solve for Rydberg stage 202/884.
[INFO] Enola: Solve for Rydberg stage 203/884.
[INFO] Enola: Solve for Rydberg stage 204/884.
[INFO] Enola: Solve for Rydberg stage 205/884.
[INFO] Enola: Solve for Rydberg stage 206/884.
[INFO] Enola: Solve for Rydberg stage 207/884.
[INFO] Enola: Solve for Rydberg stage 208/884.
[INFO] Enola: Solve for Rydberg stage 209/884.
[INFO] Enola: Solve for Rydberg stage 210/884.
[INFO] Enola: Solve for Rydberg stage 211/884.
[INFO] Enola: Solve for Rydberg stage 212/884.
[INFO] Enola: Solve for Rydberg stage 213/884.
[INFO] Enola: Solve for Rydberg stage 214/884.
[INFO] Enola: Solve for Rydberg stage 215/884.
[INFO] Enola: Solve for Rydberg stage 216/884.
[INFO] Enola: Solve for Rydberg stage 217/884.
[INFO] Enola: Solve for Rydberg stage 218/884.
[INFO] Enola: Solve for Rydberg stage 219/884.
[INFO] Enola: Solve for Rydberg stage 220/884.
[INFO] Enola: Solve for Rydberg stage 221/884.
[INFO] Enola: Solve for Rydberg stage 222/884.
[INFO] Enola: Solve for Rydberg stage 223/884.
[INFO] Enola: Solve for Rydberg stage 224/884.
[INFO] Enola: Solve for Rydberg stage 225/884.
[INFO] Enola: Solve for Rydberg stage 226/884.
[INFO] Enola: Solve for Rydberg stage 227/884.
[INFO] Enola: Solve for Rydberg stage 228/884.
[INFO] Enola: Solve for Rydberg stage 229/884.
[INFO] Enola: Solve for Rydberg stage 230/884.
[INFO] Enola: Solve for Rydberg stage 231/884.
[INFO] Enola: Solve for Rydberg stage 232/884.
[INFO] Enola: Solve for Rydberg stage 233/884.
[INFO] Enola: Solve for Rydberg stage 234/884.
[INFO] Enola: Solve for Rydberg stage 235/884.
[INFO] Enola: Solve for Rydberg stage 236/884.
[INFO] Enola: Solve for Rydberg stage 237/884.
[INFO] Enola: Solve for Rydberg stage 238/884.
[INFO] Enola: Solve for Rydberg stage 239/884.
[INFO] Enola: Solve for Rydberg stage 240/884.
[INFO] Enola: Solve for Rydberg stage 241/884.
[INFO] Enola: Solve for Rydberg stage 242/884.
[INFO] Enola: Solve for Rydberg stage 243/884.
[INFO] Enola: Solve for Rydberg stage 244/884.
[INFO] Enola: Solve for Rydberg stage 245/884.
[INFO] Enola: Solve for Rydberg stage 246/884.
[INFO] Enola: Solve for Rydberg stage 247/884.
[INFO] Enola: Solve for Rydberg stage 248/884.
[INFO] Enola: Solve for Rydberg stage 249/884.
[INFO] Enola: Solve for Rydberg stage 250/884.
[INFO] Enola: Solve for Rydberg stage 251/884.
[INFO] Enola: Solve for Rydberg stage 252/884.
[INFO] Enola: Solve for Rydberg stage 253/884.
[INFO] Enola: Solve for Rydberg stage 254/884.
[INFO] Enola: Solve for Rydberg stage 255/884.
[INFO] Enola: Solve for Rydberg stage 256/884.
[INFO] Enola: Solve for Rydberg stage 257/884.
[INFO] Enola: Solve for Rydberg stage 258/884.
[INFO] Enola: Solve for Rydberg stage 259/884.
[INFO] Enola: Solve for Rydberg stage 260/884.
[INFO] Enola: Solve for Rydberg stage 261/884.
[INFO] Enola: Solve for Rydberg stage 262/884.
[INFO] Enola: Solve for Rydberg stage 263/884.
[INFO] Enola: Solve for Rydberg stage 264/884.
[INFO] Enola: Solve for Rydberg stage 265/884.
[INFO] Enola: Solve for Rydberg stage 266/884.
[INFO] Enola: Solve for Rydberg stage 267/884.
[INFO] Enola: Solve for Rydberg stage 268/884.
[INFO] Enola: Solve for Rydberg stage 269/884.
[INFO] Enola: Solve for Rydberg stage 270/884.
[INFO] Enola: Solve for Rydberg stage 271/884.
[INFO] Enola: Solve for Rydberg stage 272/884.
[INFO] Enola: Solve for Rydberg stage 273/884.
[INFO] Enola: Solve for Rydberg stage 274/884.
[INFO] Enola: Solve for Rydberg stage 275/884.
[INFO] Enola: Solve for Rydberg stage 276/884.
[INFO] Enola: Solve for Rydberg stage 277/884.
[INFO] Enola: Solve for Rydberg stage 278/884.
[INFO] Enola: Solve for Rydberg stage 279/884.
[INFO] Enola: Solve for Rydberg stage 280/884.
[INFO] Enola: Solve for Rydberg stage 281/884.
[INFO] Enola: Solve for Rydberg stage 282/884.
[INFO] Enola: Solve for Rydberg stage 283/884.
[INFO] Enola: Solve for Rydberg stage 284/884.
[INFO] Enola: Solve for Rydberg stage 285/884.
[INFO] Enola: Solve for Rydberg stage 286/884.
[INFO] Enola: Solve for Rydberg stage 287/884.
[INFO] Enola: Solve for Rydberg stage 288/884.
[INFO] Enola: Solve for Rydberg stage 289/884.
[INFO] Enola: Solve for Rydberg stage 290/884.
[INFO] Enola: Solve for Rydberg stage 291/884.
[INFO] Enola: Solve for Rydberg stage 292/884.
[INFO] Enola: Solve for Rydberg stage 293/884.
[INFO] Enola: Solve for Rydberg stage 294/884.
[INFO] Enola: Solve for Rydberg stage 295/884.
[INFO] Enola: Solve for Rydberg stage 296/884.
[INFO] Enola: Solve for Rydberg stage 297/884.
[INFO] Enola: Solve for Rydberg stage 298/884.
[INFO] Enola: Solve for Rydberg stage 299/884.
[INFO] Enola: Solve for Rydberg stage 300/884.
[INFO] Enola: Solve for Rydberg stage 301/884.
[INFO] Enola: Solve for Rydberg stage 302/884.
[INFO] Enola: Solve for Rydberg stage 303/884.
[INFO] Enola: Solve for Rydberg stage 304/884.
[INFO] Enola: Solve for Rydberg stage 305/884.
[INFO] Enola: Solve for Rydberg stage 306/884.
[INFO] Enola: Solve for Rydberg stage 307/884.
[INFO] Enola: Solve for Rydberg stage 308/884.
[INFO] Enola: Solve for Rydberg stage 309/884.
[INFO] Enola: Solve for Rydberg stage 310/884.
[INFO] Enola: Solve for Rydberg stage 311/884.
[INFO] Enola: Solve for Rydberg stage 312/884.
[INFO] Enola: Solve for Rydberg stage 313/884.
[INFO] Enola: Solve for Rydberg stage 314/884.
[INFO] Enola: Solve for Rydberg stage 315/884.
[INFO] Enola: Solve for Rydberg stage 316/884.
[INFO] Enola: Solve for Rydberg stage 317/884.
[INFO] Enola: Solve for Rydberg stage 318/884.
[INFO] Enola: Solve for Rydberg stage 319/884.
[INFO] Enola: Solve for Rydberg stage 320/884.
[INFO] Enola: Solve for Rydberg stage 321/884.
[INFO] Enola: Solve for Rydberg stage 322/884.
[INFO] Enola: Solve for Rydberg stage 323/884.
[INFO] Enola: Solve for Rydberg stage 324/884.
[INFO] Enola: Solve for Rydberg stage 325/884.
[INFO] Enola: Solve for Rydberg stage 326/884.
[INFO] Enola: Solve for Rydberg stage 327/884.
[INFO] Enola: Solve for Rydberg stage 328/884.
[INFO] Enola: Solve for Rydberg stage 329/884.
[INFO] Enola: Solve for Rydberg stage 330/884.
[INFO] Enola: Solve for Rydberg stage 331/884.
[INFO] Enola: Solve for Rydberg stage 332/884.
[INFO] Enola: Solve for Rydberg stage 333/884.
[INFO] Enola: Solve for Rydberg stage 334/884.
[INFO] Enola: Solve for Rydberg stage 335/884.
[INFO] Enola: Solve for Rydberg stage 336/884.
[INFO] Enola: Solve for Rydberg stage 337/884.
[INFO] Enola: Solve for Rydberg stage 338/884.
[INFO] Enola: Solve for Rydberg stage 339/884.
[INFO] Enola: Solve for Rydberg stage 340/884.
[INFO] Enola: Solve for Rydberg stage 341/884.
[INFO] Enola: Solve for Rydberg stage 342/884.
[INFO] Enola: Solve for Rydberg stage 343/884.
[INFO] Enola: Solve for Rydberg stage 344/884.
[INFO] Enola: Solve for Rydberg stage 345/884.
[INFO] Enola: Solve for Rydberg stage 346/884.
[INFO] Enola: Solve for Rydberg stage 347/884.
[INFO] Enola: Solve for Rydberg stage 348/884.
[INFO] Enola: Solve for Rydberg stage 349/884.
[INFO] Enola: Solve for Rydberg stage 350/884.
[INFO] Enola: Solve for Rydberg stage 351/884.
[INFO] Enola: Solve for Rydberg stage 352/884.
[INFO] Enola: Solve for Rydberg stage 353/884.
[INFO] Enola: Solve for Rydberg stage 354/884.
[INFO] Enola: Solve for Rydberg stage 355/884.
[INFO] Enola: Solve for Rydberg stage 356/884.
[INFO] Enola: Solve for Rydberg stage 357/884.
[INFO] Enola: Solve for Rydberg stage 358/884.
[INFO] Enola: Solve for Rydberg stage 359/884.
[INFO] Enola: Solve for Rydberg stage 360/884.
[INFO] Enola: Solve for Rydberg stage 361/884.
[INFO] Enola: Solve for Rydberg stage 362/884.
[INFO] Enola: Solve for Rydberg stage 363/884.
[INFO] Enola: Solve for Rydberg stage 364/884.
[INFO] Enola: Solve for Rydberg stage 365/884.
[INFO] Enola: Solve for Rydberg stage 366/884.
[INFO] Enola: Solve for Rydberg stage 367/884.
[INFO] Enola: Solve for Rydberg stage 368/884.
[INFO] Enola: Solve for Rydberg stage 369/884.
[INFO] Enola: Solve for Rydberg stage 370/884.
[INFO] Enola: Solve for Rydberg stage 371/884.
[INFO] Enola: Solve for Rydberg stage 372/884.
[INFO] Enola: Solve for Rydberg stage 373/884.
[INFO] Enola: Solve for Rydberg stage 374/884.
[INFO] Enola: Solve for Rydberg stage 375/884.
[INFO] Enola: Solve for Rydberg stage 376/884.
[INFO] Enola: Solve for Rydberg stage 377/884.
[INFO] Enola: Solve for Rydberg stage 378/884.
[INFO] Enola: Solve for Rydberg stage 379/884.
[INFO] Enola: Solve for Rydberg stage 380/884.
[INFO] Enola: Solve for Rydberg stage 381/884.
[INFO] Enola: Solve for Rydberg stage 382/884.
[INFO] Enola: Solve for Rydberg stage 383/884.
[INFO] Enola: Solve for Rydberg stage 384/884.
[INFO] Enola: Solve for Rydberg stage 385/884.
[INFO] Enola: Solve for Rydberg stage 386/884.
[INFO] Enola: Solve for Rydberg stage 387/884.
[INFO] Enola: Solve for Rydberg stage 388/884.
[INFO] Enola: Solve for Rydberg stage 389/884.
[INFO] Enola: Solve for Rydberg stage 390/884.
[INFO] Enola: Solve for Rydberg stage 391/884.
[INFO] Enola: Solve for Rydberg stage 392/884.
[INFO] Enola: Solve for Rydberg stage 393/884.
[INFO] Enola: Solve for Rydberg stage 394/884.
[INFO] Enola: Solve for Rydberg stage 395/884.
[INFO] Enola: Solve for Rydberg stage 396/884.
[INFO] Enola: Solve for Rydberg stage 397/884.
[INFO] Enola: Solve for Rydberg stage 398/884.
[INFO] Enola: Solve for Rydberg stage 399/884.
[INFO] Enola: Solve for Rydberg stage 400/884.
[INFO] Enola: Solve for Rydberg stage 401/884.
[INFO] Enola: Solve for Rydberg stage 402/884.
[INFO] Enola: Solve for Rydberg stage 403/884.
[INFO] Enola: Solve for Rydberg stage 404/884.
[INFO] Enola: Solve for Rydberg stage 405/884.
[INFO] Enola: Solve for Rydberg stage 406/884.
[INFO] Enola: Solve for Rydberg stage 407/884.
[INFO] Enola: Solve for Rydberg stage 408/884.
[INFO] Enola: Solve for Rydberg stage 409/884.
[INFO] Enola: Solve for Rydberg stage 410/884.
[INFO] Enola: Solve for Rydberg stage 411/884.
[INFO] Enola: Solve for Rydberg stage 412/884.
[INFO] Enola: Solve for Rydberg stage 413/884.
[INFO] Enola: Solve for Rydberg stage 414/884.
[INFO] Enola: Solve for Rydberg stage 415/884.
[INFO] Enola: Solve for Rydberg stage 416/884.
[INFO] Enola: Solve for Rydberg stage 417/884.
[INFO] Enola: Solve for Rydberg stage 418/884.
[INFO] Enola: Solve for Rydberg stage 419/884.
[INFO] Enola: Solve for Rydberg stage 420/884.
[INFO] Enola: Solve for Rydberg stage 421/884.
[INFO] Enola: Solve for Rydberg stage 422/884.
[INFO] Enola: Solve for Rydberg stage 423/884.
[INFO] Enola: Solve for Rydberg stage 424/884.
[INFO] Enola: Solve for Rydberg stage 425/884.
[INFO] Enola: Solve for Rydberg stage 426/884.
[INFO] Enola: Solve for Rydberg stage 427/884.
[INFO] Enola: Solve for Rydberg stage 428/884.
[INFO] Enola: Solve for Rydberg stage 429/884.
[INFO] Enola: Solve for Rydberg stage 430/884.
[INFO] Enola: Solve for Rydberg stage 431/884.
[INFO] Enola: Solve for Rydberg stage 432/884.
[INFO] Enola: Solve for Rydberg stage 433/884.
[INFO] Enola: Solve for Rydberg stage 434/884.
[INFO] Enola: Solve for Rydberg stage 435/884.
[INFO] Enola: Solve for Rydberg stage 436/884.
[INFO] Enola: Solve for Rydberg stage 437/884.
[INFO] Enola: Solve for Rydberg stage 438/884.
[INFO] Enola: Solve for Rydberg stage 439/884.
[INFO] Enola: Solve for Rydberg stage 440/884.
[INFO] Enola: Solve for Rydberg stage 441/884.
[INFO] Enola: Solve for Rydberg stage 442/884.
[INFO] Enola: Solve for Rydberg stage 443/884.
[INFO] Enola: Solve for Rydberg stage 444/884.
[INFO] Enola: Solve for Rydberg stage 445/884.
[INFO] Enola: Solve for Rydberg stage 446/884.
[INFO] Enola: Solve for Rydberg stage 447/884.
[INFO] Enola: Solve for Rydberg stage 448/884.
[INFO] Enola: Solve for Rydberg stage 449/884.
[INFO] Enola: Solve for Rydberg stage 450/884.
[INFO] Enola: Solve for Rydberg stage 451/884.
[INFO] Enola: Solve for Rydberg stage 452/884.
[INFO] Enola: Solve for Rydberg stage 453/884.
[INFO] Enola: Solve for Rydberg stage 454/884.
[INFO] Enola: Solve for Rydberg stage 455/884.
[INFO] Enola: Solve for Rydberg stage 456/884.
[INFO] Enola: Solve for Rydberg stage 457/884.
[INFO] Enola: Solve for Rydberg stage 458/884.
[INFO] Enola: Solve for Rydberg stage 459/884.
[INFO] Enola: Solve for Rydberg stage 460/884.
[INFO] Enola: Solve for Rydberg stage 461/884.
[INFO] Enola: Solve for Rydberg stage 462/884.
[INFO] Enola: Solve for Rydberg stage 463/884.
[INFO] Enola: Solve for Rydberg stage 464/884.
[INFO] Enola: Solve for Rydberg stage 465/884.
[INFO] Enola: Solve for Rydberg stage 466/884.
[INFO] Enola: Solve for Rydberg stage 467/884.
[INFO] Enola: Solve for Rydberg stage 468/884.
[INFO] Enola: Solve for Rydberg stage 469/884.
[INFO] Enola: Solve for Rydberg stage 470/884.
[INFO] Enola: Solve for Rydberg stage 471/884.
[INFO] Enola: Solve for Rydberg stage 472/884.
[INFO] Enola: Solve for Rydberg stage 473/884.
[INFO] Enola: Solve for Rydberg stage 474/884.
[INFO] Enola: Solve for Rydberg stage 475/884.
[INFO] Enola: Solve for Rydberg stage 476/884.
[INFO] Enola: Solve for Rydberg stage 477/884.
[INFO] Enola: Solve for Rydberg stage 478/884.
[INFO] Enola: Solve for Rydberg stage 479/884.
[INFO] Enola: Solve for Rydberg stage 480/884.
[INFO] Enola: Solve for Rydberg stage 481/884.
[INFO] Enola: Solve for Rydberg stage 482/884.
[INFO] Enola: Solve for Rydberg stage 483/884.
[INFO] Enola: Solve for Rydberg stage 484/884.
[INFO] Enola: Solve for Rydberg stage 485/884.
[INFO] Enola: Solve for Rydberg stage 486/884.
[INFO] Enola: Solve for Rydberg stage 487/884.
[INFO] Enola: Solve for Rydberg stage 488/884.
[INFO] Enola: Solve for Rydberg stage 489/884.
[INFO] Enola: Solve for Rydberg stage 490/884.
[INFO] Enola: Solve for Rydberg stage 491/884.
[INFO] Enola: Solve for Rydberg stage 492/884.
[INFO] Enola: Solve for Rydberg stage 493/884.
[INFO] Enola: Solve for Rydberg stage 494/884.
[INFO] Enola: Solve for Rydberg stage 495/884.
[INFO] Enola: Solve for Rydberg stage 496/884.
[INFO] Enola: Solve for Rydberg stage 497/884.
[INFO] Enola: Solve for Rydberg stage 498/884.
[INFO] Enola: Solve for Rydberg stage 499/884.
[INFO] Enola: Solve for Rydberg stage 500/884.
[INFO] Enola: Solve for Rydberg stage 501/884.
[INFO] Enola: Solve for Rydberg stage 502/884.
[INFO] Enola: Solve for Rydberg stage 503/884.
[INFO] Enola: Solve for Rydberg stage 504/884.
[INFO] Enola: Solve for Rydberg stage 505/884.
[INFO] Enola: Solve for Rydberg stage 506/884.
[INFO] Enola: Solve for Rydberg stage 507/884.
[INFO] Enola: Solve for Rydberg stage 508/884.
[INFO] Enola: Solve for Rydberg stage 509/884.
[INFO] Enola: Solve for Rydberg stage 510/884.
[INFO] Enola: Solve for Rydberg stage 511/884.
[INFO] Enola: Solve for Rydberg stage 512/884.
[INFO] Enola: Solve for Rydberg stage 513/884.
[INFO] Enola: Solve for Rydberg stage 514/884.
[INFO] Enola: Solve for Rydberg stage 515/884.
[INFO] Enola: Solve for Rydberg stage 516/884.
[INFO] Enola: Solve for Rydberg stage 517/884.
[INFO] Enola: Solve for Rydberg stage 518/884.
[INFO] Enola: Solve for Rydberg stage 519/884.
[INFO] Enola: Solve for Rydberg stage 520/884.
[INFO] Enola: Solve for Rydberg stage 521/884.
[INFO] Enola: Solve for Rydberg stage 522/884.
[INFO] Enola: Solve for Rydberg stage 523/884.
[INFO] Enola: Solve for Rydberg stage 524/884.
[INFO] Enola: Solve for Rydberg stage 525/884.
[INFO] Enola: Solve for Rydberg stage 526/884.
[INFO] Enola: Solve for Rydberg stage 527/884.
[INFO] Enola: Solve for Rydberg stage 528/884.
[INFO] Enola: Solve for Rydberg stage 529/884.
[INFO] Enola: Solve for Rydberg stage 530/884.
[INFO] Enola: Solve for Rydberg stage 531/884.
[INFO] Enola: Solve for Rydberg stage 532/884.
[INFO] Enola: Solve for Rydberg stage 533/884.
[INFO] Enola: Solve for Rydberg stage 534/884.
[INFO] Enola: Solve for Rydberg stage 535/884.
[INFO] Enola: Solve for Rydberg stage 536/884.
[INFO] Enola: Solve for Rydberg stage 537/884.
[INFO] Enola: Solve for Rydberg stage 538/884.
[INFO] Enola: Solve for Rydberg stage 539/884.
[INFO] Enola: Solve for Rydberg stage 540/884.
[INFO] Enola: Solve for Rydberg stage 541/884.
[INFO] Enola: Solve for Rydberg stage 542/884.
[INFO] Enola: Solve for Rydberg stage 543/884.
[INFO] Enola: Solve for Rydberg stage 544/884.
[INFO] Enola: Solve for Rydberg stage 545/884.
[INFO] Enola: Solve for Rydberg stage 546/884.
[INFO] Enola: Solve for Rydberg stage 547/884.
[INFO] Enola: Solve for Rydberg stage 548/884.
[INFO] Enola: Solve for Rydberg stage 549/884.
[INFO] Enola: Solve for Rydberg stage 550/884.
[INFO] Enola: Solve for Rydberg stage 551/884.
[INFO] Enola: Solve for Rydberg stage 552/884.
[INFO] Enola: Solve for Rydberg stage 553/884.
[INFO] Enola: Solve for Rydberg stage 554/884.
[INFO] Enola: Solve for Rydberg stage 555/884.
[INFO] Enola: Solve for Rydberg stage 556/884.
[INFO] Enola: Solve for Rydberg stage 557/884.
[INFO] Enola: Solve for Rydberg stage 558/884.
[INFO] Enola: Solve for Rydberg stage 559/884.
[INFO] Enola: Solve for Rydberg stage 560/884.
[INFO] Enola: Solve for Rydberg stage 561/884.
[INFO] Enola: Solve for Rydberg stage 562/884.
[INFO] Enola: Solve for Rydberg stage 563/884.
[INFO] Enola: Solve for Rydberg stage 564/884.
[INFO] Enola: Solve for Rydberg stage 565/884.
[INFO] Enola: Solve for Rydberg stage 566/884.
[INFO] Enola: Solve for Rydberg stage 567/884.
[INFO] Enola: Solve for Rydberg stage 568/884.
[INFO] Enola: Solve for Rydberg stage 569/884.
[INFO] Enola: Solve for Rydberg stage 570/884.
[INFO] Enola: Solve for Rydberg stage 571/884.
[INFO] Enola: Solve for Rydberg stage 572/884.
[INFO] Enola: Solve for Rydberg stage 573/884.
[INFO] Enola: Solve for Rydberg stage 574/884.
[INFO] Enola: Solve for Rydberg stage 575/884.
[INFO] Enola: Solve for Rydberg stage 576/884.
[INFO] Enola: Solve for Rydberg stage 577/884.
[INFO] Enola: Solve for Rydberg stage 578/884.
[INFO] Enola: Solve for Rydberg stage 579/884.
[INFO] Enola: Solve for Rydberg stage 580/884.
[INFO] Enola: Solve for Rydberg stage 581/884.
[INFO] Enola: Solve for Rydberg stage 582/884.
[INFO] Enola: Solve for Rydberg stage 583/884.
[INFO] Enola: Solve for Rydberg stage 584/884.
[INFO] Enola: Solve for Rydberg stage 585/884.
[INFO] Enola: Solve for Rydberg stage 586/884.
[INFO] Enola: Solve for Rydberg stage 587/884.
[INFO] Enola: Solve for Rydberg stage 588/884.
[INFO] Enola: Solve for Rydberg stage 589/884.
[INFO] Enola: Solve for Rydberg stage 590/884.
[INFO] Enola: Solve for Rydberg stage 591/884.
[INFO] Enola: Solve for Rydberg stage 592/884.
[INFO] Enola: Solve for Rydberg stage 593/884.
[INFO] Enola: Solve for Rydberg stage 594/884.
[INFO] Enola: Solve for Rydberg stage 595/884.
[INFO] Enola: Solve for Rydberg stage 596/884.
[INFO] Enola: Solve for Rydberg stage 597/884.
[INFO] Enola: Solve for Rydberg stage 598/884.
[INFO] Enola: Solve for Rydberg stage 599/884.
[INFO] Enola: Solve for Rydberg stage 600/884.
[INFO] Enola: Solve for Rydberg stage 601/884.
[INFO] Enola: Solve for Rydberg stage 602/884.
[INFO] Enola: Solve for Rydberg stage 603/884.
[INFO] Enola: Solve for Rydberg stage 604/884.
[INFO] Enola: Solve for Rydberg stage 605/884.
[INFO] Enola: Solve for Rydberg stage 606/884.
[INFO] Enola: Solve for Rydberg stage 607/884.
[INFO] Enola: Solve for Rydberg stage 608/884.
[INFO] Enola: Solve for Rydberg stage 609/884.
[INFO] Enola: Solve for Rydberg stage 610/884.
[INFO] Enola: Solve for Rydberg stage 611/884.
[INFO] Enola: Solve for Rydberg stage 612/884.
[INFO] Enola: Solve for Rydberg stage 613/884.
[INFO] Enola: Solve for Rydberg stage 614/884.
[INFO] Enola: Solve for Rydberg stage 615/884.
[INFO] Enola: Solve for Rydberg stage 616/884.
[INFO] Enola: Solve for Rydberg stage 617/884.
[INFO] Enola: Solve for Rydberg stage 618/884.
[INFO] Enola: Solve for Rydberg stage 619/884.
[INFO] Enola: Solve for Rydberg stage 620/884.
[INFO] Enola: Solve for Rydberg stage 621/884.
[INFO] Enola: Solve for Rydberg stage 622/884.
[INFO] Enola: Solve for Rydberg stage 623/884.
[INFO] Enola: Solve for Rydberg stage 624/884.
[INFO] Enola: Solve for Rydberg stage 625/884.
[INFO] Enola: Solve for Rydberg stage 626/884.
[INFO] Enola: Solve for Rydberg stage 627/884.
[INFO] Enola: Solve for Rydberg stage 628/884.
[INFO] Enola: Solve for Rydberg stage 629/884.
[INFO] Enola: Solve for Rydberg stage 630/884.
[INFO] Enola: Solve for Rydberg stage 631/884.
[INFO] Enola: Solve for Rydberg stage 632/884.
[INFO] Enola: Solve for Rydberg stage 633/884.
[INFO] Enola: Solve for Rydberg stage 634/884.
[INFO] Enola: Solve for Rydberg stage 635/884.
[INFO] Enola: Solve for Rydberg stage 636/884.
[INFO] Enola: Solve for Rydberg stage 637/884.
[INFO] Enola: Solve for Rydberg stage 638/884.
[INFO] Enola: Solve for Rydberg stage 639/884.
[INFO] Enola: Solve for Rydberg stage 640/884.
[INFO] Enola: Solve for Rydberg stage 641/884.
[INFO] Enola: Solve for Rydberg stage 642/884.
[INFO] Enola: Solve for Rydberg stage 643/884.
[INFO] Enola: Solve for Rydberg stage 644/884.
[INFO] Enola: Solve for Rydberg stage 645/884.
[INFO] Enola: Solve for Rydberg stage 646/884.
[INFO] Enola: Solve for Rydberg stage 647/884.
[INFO] Enola: Solve for Rydberg stage 648/884.
[INFO] Enola: Solve for Rydberg stage 649/884.
[INFO] Enola: Solve for Rydberg stage 650/884.
[INFO] Enola: Solve for Rydberg stage 651/884.
[INFO] Enola: Solve for Rydberg stage 652/884.
[INFO] Enola: Solve for Rydberg stage 653/884.
[INFO] Enola: Solve for Rydberg stage 654/884.
[INFO] Enola: Solve for Rydberg stage 655/884.
[INFO] Enola: Solve for Rydberg stage 656/884.
[INFO] Enola: Solve for Rydberg stage 657/884.
[INFO] Enola: Solve for Rydberg stage 658/884.
[INFO] Enola: Solve for Rydberg stage 659/884.
[INFO] Enola: Solve for Rydberg stage 660/884.
[INFO] Enola: Solve for Rydberg stage 661/884.
[INFO] Enola: Solve for Rydberg stage 662/884.
[INFO] Enola: Solve for Rydberg stage 663/884.
[INFO] Enola: Solve for Rydberg stage 664/884.
[INFO] Enola: Solve for Rydberg stage 665/884.
[INFO] Enola: Solve for Rydberg stage 666/884.
[INFO] Enola: Solve for Rydberg stage 667/884.
[INFO] Enola: Solve for Rydberg stage 668/884.
[INFO] Enola: Solve for Rydberg stage 669/884.
[INFO] Enola: Solve for Rydberg stage 670/884.
[INFO] Enola: Solve for Rydberg stage 671/884.
[INFO] Enola: Solve for Rydberg stage 672/884.
[INFO] Enola: Solve for Rydberg stage 673/884.
[INFO] Enola: Solve for Rydberg stage 674/884.
[INFO] Enola: Solve for Rydberg stage 675/884.
[INFO] Enola: Solve for Rydberg stage 676/884.
[INFO] Enola: Solve for Rydberg stage 677/884.
[INFO] Enola: Solve for Rydberg stage 678/884.
[INFO] Enola: Solve for Rydberg stage 679/884.
[INFO] Enola: Solve for Rydberg stage 680/884.
[INFO] Enola: Solve for Rydberg stage 681/884.
[INFO] Enola: Solve for Rydberg stage 682/884.
[INFO] Enola: Solve for Rydberg stage 683/884.
[INFO] Enola: Solve for Rydberg stage 684/884.
[INFO] Enola: Solve for Rydberg stage 685/884.
[INFO] Enola: Solve for Rydberg stage 686/884.
[INFO] Enola: Solve for Rydberg stage 687/884.
[INFO] Enola: Solve for Rydberg stage 688/884.
[INFO] Enola: Solve for Rydberg stage 689/884.
[INFO] Enola: Solve for Rydberg stage 690/884.
[INFO] Enola: Solve for Rydberg stage 691/884.
[INFO] Enola: Solve for Rydberg stage 692/884.
[INFO] Enola: Solve for Rydberg stage 693/884.
[INFO] Enola: Solve for Rydberg stage 694/884.
[INFO] Enola: Solve for Rydberg stage 695/884.
[INFO] Enola: Solve for Rydberg stage 696/884.
[INFO] Enola: Solve for Rydberg stage 697/884.
[INFO] Enola: Solve for Rydberg stage 698/884.
[INFO] Enola: Solve for Rydberg stage 699/884.
[INFO] Enola: Solve for Rydberg stage 700/884.
[INFO] Enola: Solve for Rydberg stage 701/884.
[INFO] Enola: Solve for Rydberg stage 702/884.
[INFO] Enola: Solve for Rydberg stage 703/884.
[INFO] Enola: Solve for Rydberg stage 704/884.
[INFO] Enola: Solve for Rydberg stage 705/884.
[INFO] Enola: Solve for Rydberg stage 706/884.
[INFO] Enola: Solve for Rydberg stage 707/884.
[INFO] Enola: Solve for Rydberg stage 708/884.
[INFO] Enola: Solve for Rydberg stage 709/884.
[INFO] Enola: Solve for Rydberg stage 710/884.
[INFO] Enola: Solve for Rydberg stage 711/884.
[INFO] Enola: Solve for Rydberg stage 712/884.
[INFO] Enola: Solve for Rydberg stage 713/884.
[INFO] Enola: Solve for Rydberg stage 714/884.
[INFO] Enola: Solve for Rydberg stage 715/884.
[INFO] Enola: Solve for Rydberg stage 716/884.
[INFO] Enola: Solve for Rydberg stage 717/884.
[INFO] Enola: Solve for Rydberg stage 718/884.
[INFO] Enola: Solve for Rydberg stage 719/884.
[INFO] Enola: Solve for Rydberg stage 720/884.
[INFO] Enola: Solve for Rydberg stage 721/884.
[INFO] Enola: Solve for Rydberg stage 722/884.
[INFO] Enola: Solve for Rydberg stage 723/884.
[INFO] Enola: Solve for Rydberg stage 724/884.
[INFO] Enola: Solve for Rydberg stage 725/884.
[INFO] Enola: Solve for Rydberg stage 726/884.
[INFO] Enola: Solve for Rydberg stage 727/884.
[INFO] Enola: Solve for Rydberg stage 728/884.
[INFO] Enola: Solve for Rydberg stage 729/884.
[INFO] Enola: Solve for Rydberg stage 730/884.
[INFO] Enola: Solve for Rydberg stage 731/884.
[INFO] Enola: Solve for Rydberg stage 732/884.
[INFO] Enola: Solve for Rydberg stage 733/884.
[INFO] Enola: Solve for Rydberg stage 734/884.
[INFO] Enola: Solve for Rydberg stage 735/884.
[INFO] Enola: Solve for Rydberg stage 736/884.
[INFO] Enola: Solve for Rydberg stage 737/884.
[INFO] Enola: Solve for Rydberg stage 738/884.
[INFO] Enola: Solve for Rydberg stage 739/884.
[INFO] Enola: Solve for Rydberg stage 740/884.
[INFO] Enola: Solve for Rydberg stage 741/884.
[INFO] Enola: Solve for Rydberg stage 742/884.
[INFO] Enola: Solve for Rydberg stage 743/884.
[INFO] Enola: Solve for Rydberg stage 744/884.
[INFO] Enola: Solve for Rydberg stage 745/884.
[INFO] Enola: Solve for Rydberg stage 746/884.
[INFO] Enola: Solve for Rydberg stage 747/884.
[INFO] Enola: Solve for Rydberg stage 748/884.
[INFO] Enola: Solve for Rydberg stage 749/884.
[INFO] Enola: Solve for Rydberg stage 750/884.
[INFO] Enola: Solve for Rydberg stage 751/884.
[INFO] Enola: Solve for Rydberg stage 752/884.
[INFO] Enola: Solve for Rydberg stage 753/884.
[INFO] Enola: Solve for Rydberg stage 754/884.
[INFO] Enola: Solve for Rydberg stage 755/884.
[INFO] Enola: Solve for Rydberg stage 756/884.
[INFO] Enola: Solve for Rydberg stage 757/884.
[INFO] Enola: Solve for Rydberg stage 758/884.
[INFO] Enola: Solve for Rydberg stage 759/884.
[INFO] Enola: Solve for Rydberg stage 760/884.
[INFO] Enola: Solve for Rydberg stage 761/884.
[INFO] Enola: Solve for Rydberg stage 762/884.
[INFO] Enola: Solve for Rydberg stage 763/884.
[INFO] Enola: Solve for Rydberg stage 764/884.
[INFO] Enola: Solve for Rydberg stage 765/884.
[INFO] Enola: Solve for Rydberg stage 766/884.
[INFO] Enola: Solve for Rydberg stage 767/884.
[INFO] Enola: Solve for Rydberg stage 768/884.
[INFO] Enola: Solve for Rydberg stage 769/884.
[INFO] Enola: Solve for Rydberg stage 770/884.
[INFO] Enola: Solve for Rydberg stage 771/884.
[INFO] Enola: Solve for Rydberg stage 772/884.
[INFO] Enola: Solve for Rydberg stage 773/884.
[INFO] Enola: Solve for Rydberg stage 774/884.
[INFO] Enola: Solve for Rydberg stage 775/884.
[INFO] Enola: Solve for Rydberg stage 776/884.
[INFO] Enola: Solve for Rydberg stage 777/884.
[INFO] Enola: Solve for Rydberg stage 778/884.
[INFO] Enola: Solve for Rydberg stage 779/884.
[INFO] Enola: Solve for Rydberg stage 780/884.
[INFO] Enola: Solve for Rydberg stage 781/884.
[INFO] Enola: Solve for Rydberg stage 782/884.
[INFO] Enola: Solve for Rydberg stage 783/884.
[INFO] Enola: Solve for Rydberg stage 784/884.
[INFO] Enola: Solve for Rydberg stage 785/884.
[INFO] Enola: Solve for Rydberg stage 786/884.
[INFO] Enola: Solve for Rydberg stage 787/884.
[INFO] Enola: Solve for Rydberg stage 788/884.
[INFO] Enola: Solve for Rydberg stage 789/884.
[INFO] Enola: Solve for Rydberg stage 790/884.
[INFO] Enola: Solve for Rydberg stage 791/884.
[INFO] Enola: Solve for Rydberg stage 792/884.
[INFO] Enola: Solve for Rydberg stage 793/884.
[INFO] Enola: Solve for Rydberg stage 794/884.
[INFO] Enola: Solve for Rydberg stage 795/884.
[INFO] Enola: Solve for Rydberg stage 796/884.
[INFO] Enola: Solve for Rydberg stage 797/884.
[INFO] Enola: Solve for Rydberg stage 798/884.
[INFO] Enola: Solve for Rydberg stage 799/884.
[INFO] Enola: Solve for Rydberg stage 800/884.
[INFO] Enola: Solve for Rydberg stage 801/884.
[INFO] Enola: Solve for Rydberg stage 802/884.
[INFO] Enola: Solve for Rydberg stage 803/884.
[INFO] Enola: Solve for Rydberg stage 804/884.
[INFO] Enola: Solve for Rydberg stage 805/884.
[INFO] Enola: Solve for Rydberg stage 806/884.
[INFO] Enola: Solve for Rydberg stage 807/884.
[INFO] Enola: Solve for Rydberg stage 808/884.
[INFO] Enola: Solve for Rydberg stage 809/884.
[INFO] Enola: Solve for Rydberg stage 810/884.
[INFO] Enola: Solve for Rydberg stage 811/884.
[INFO] Enola: Solve for Rydberg stage 812/884.
[INFO] Enola: Solve for Rydberg stage 813/884.
[INFO] Enola: Solve for Rydberg stage 814/884.
[INFO] Enola: Solve for Rydberg stage 815/884.
[INFO] Enola: Solve for Rydberg stage 816/884.
[INFO] Enola: Solve for Rydberg stage 817/884.
[INFO] Enola: Solve for Rydberg stage 818/884.
[INFO] Enola: Solve for Rydberg stage 819/884.
[INFO] Enola: Solve for Rydberg stage 820/884.
[INFO] Enola: Solve for Rydberg stage 821/884.
[INFO] Enola: Solve for Rydberg stage 822/884.
[INFO] Enola: Solve for Rydberg stage 823/884.
[INFO] Enola: Solve for Rydberg stage 824/884.
[INFO] Enola: Solve for Rydberg stage 825/884.
[INFO] Enola: Solve for Rydberg stage 826/884.
[INFO] Enola: Solve for Rydberg stage 827/884.
[INFO] Enola: Solve for Rydberg stage 828/884.
[INFO] Enola: Solve for Rydberg stage 829/884.
[INFO] Enola: Solve for Rydberg stage 830/884.
[INFO] Enola: Solve for Rydberg stage 831/884.
[INFO] Enola: Solve for Rydberg stage 832/884.
[INFO] Enola: Solve for Rydberg stage 833/884.
[INFO] Enola: Solve for Rydberg stage 834/884.
[INFO] Enola: Solve for Rydberg stage 835/884.
[INFO] Enola: Solve for Rydberg stage 836/884.
[INFO] Enola: Solve for Rydberg stage 837/884.
[INFO] Enola: Solve for Rydberg stage 838/884.
[INFO] Enola: Solve for Rydberg stage 839/884.
[INFO] Enola: Solve for Rydberg stage 840/884.
[INFO] Enola: Solve for Rydberg stage 841/884.
[INFO] Enola: Solve for Rydberg stage 842/884.
[INFO] Enola: Solve for Rydberg stage 843/884.
[INFO] Enola: Solve for Rydberg stage 844/884.
[INFO] Enola: Solve for Rydberg stage 845/884.
[INFO] Enola: Solve for Rydberg stage 846/884.
[INFO] Enola: Solve for Rydberg stage 847/884.
[INFO] Enola: Solve for Rydberg stage 848/884.
[INFO] Enola: Solve for Rydberg stage 849/884.
[INFO] Enola: Solve for Rydberg stage 850/884.
[INFO] Enola: Solve for Rydberg stage 851/884.
[INFO] Enola: Solve for Rydberg stage 852/884.
[INFO] Enola: Solve for Rydberg stage 853/884.
[INFO] Enola: Solve for Rydberg stage 854/884.
[INFO] Enola: Solve for Rydberg stage 855/884.
[INFO] Enola: Solve for Rydberg stage 856/884.
[INFO] Enola: Solve for Rydberg stage 857/884.
[INFO] Enola: Solve for Rydberg stage 858/884.
[INFO] Enola: Solve for Rydberg stage 859/884.
[INFO] Enola: Solve for Rydberg stage 860/884.
[INFO] Enola: Solve for Rydberg stage 861/884.
[INFO] Enola: Solve for Rydberg stage 862/884.
[INFO] Enola: Solve for Rydberg stage 863/884.
[INFO] Enola: Solve for Rydberg stage 864/884.
[INFO] Enola: Solve for Rydberg stage 865/884.
[INFO] Enola: Solve for Rydberg stage 866/884.
[INFO] Enola: Solve for Rydberg stage 867/884.
[INFO] Enola: Solve for Rydberg stage 868/884.
[INFO] Enola: Solve for Rydberg stage 869/884.
[INFO] Enola: Solve for Rydberg stage 870/884.
[INFO] Enola: Solve for Rydberg stage 871/884.
[INFO] Enola: Solve for Rydberg stage 872/884.
[INFO] Enola: Solve for Rydberg stage 873/884.
[INFO] Enola: Solve for Rydberg stage 874/884.
[INFO] Enola: Solve for Rydberg stage 875/884.
[INFO] Enola: Solve for Rydberg stage 876/884.
[INFO] Enola: Solve for Rydberg stage 877/884.
[INFO] Enola: Solve for Rydberg stage 878/884.
[INFO] Enola: Solve for Rydberg stage 879/884.
[INFO] Enola: Solve for Rydberg stage 880/884.
[INFO] Enola: Solve for Rydberg stage 881/884.
[INFO] Enola: Solve for Rydberg stage 882/884.
[INFO] Enola: Solve for Rydberg stage 883/884.
[INFO] Enola: Solve for Rydberg stage 884/884.
[INFO] Enola: Solve for Rydberg stage 885/884.
[INFO] Enola: Time for routing: 0.11096525192260742s
[INFO] Enola: Total Time: 2.1007347106933594s
Compilation successful.

2026-03-25 17:27:56,420 - BenchmarkManager - INFO - enola (run 1/1) - Running /u/halle/heiz/home_at/BachelorProject/benchmarks/uf_fix50_20-100/uf50-050.qasm
2026-03-25 17:27:59,398 - Compiler.enola - INFO - STDOUT:
[INFO] Enola: Start Solving
[INFO] Enola: Run scheduling
[INFO] Enola: Time for scheduling: 0.0006392002105712891s
75
[INFO] Enola: Time for placement: 8.344650268554688e-06s
[INFO] Enola: Solve for Rydberg stage 2/812.
[INFO] Enola: Solve for Rydberg stage 3/812.
[INFO] Enola: Solve for Rydberg stage 4/812.
[INFO] Enola: Solve for Rydberg stage 5/812.
[INFO] Enola: Solve for Rydberg stage 6/812.
[INFO] Enola: Solve for Rydberg stage 7/812.
[INFO] Enola: Solve for Rydberg stage 8/812.
[INFO] Enola: Solve for Rydberg stage 9/812.
[INFO] Enola: Solve for Rydberg stage 10/812.
[INFO] Enola: Solve for Rydberg stage 11/812.
[INFO] Enola: Solve for Rydberg stage 12/812.
[INFO] Enola: Solve for Rydberg stage 13/812.
[INFO] Enola: Solve for Rydberg stage 14/812.
[INFO] Enola: Solve for Rydberg stage 15/812.
[INFO] Enola: Solve for Rydberg stage 16/812.
[INFO] Enola: Solve for Rydberg stage 17/812.
[INFO] Enola: Solve for Rydberg stage 18/812.
[INFO] Enola: Solve for Rydberg stage 19/812.
[INFO] Enola: Solve for Rydberg stage 20/812.
[INFO] Enola: Solve for Rydberg stage 21/812.
[INFO] Enola: Solve for Rydberg stage 22/812.
[INFO] Enola: Solve for Rydberg stage 23/812.
[INFO] Enola: Solve for Rydberg stage 24/812.
[INFO] Enola: Solve for Rydberg stage 25/812.
[INFO] Enola: Solve for Rydberg stage 26/812.
[INFO] Enola: Solve for Rydberg stage 27/812.
[INFO] Enola: Solve for Rydberg stage 28/812.
[INFO] Enola: Solve for Rydberg stage 29/812.
[INFO] Enola: Solve for Rydberg stage 30/812.
[INFO] Enola: Solve for Rydberg stage 31/812.
[INFO] Enola: Solve for Rydberg stage 32/812.
[INFO] Enola: Solve for Rydberg stage 33/812.
[INFO] Enola: Solve for Rydberg stage 34/812.
[INFO] Enola: Solve for Rydberg stage 35/812.
[INFO] Enola: Solve for Rydberg stage 36/812.
[INFO] Enola: Solve for Rydberg stage 37/812.
[INFO] Enola: Solve for Rydberg stage 38/812.
[INFO] Enola: Solve for Rydberg stage 39/812.
[INFO] Enola: Solve for Rydberg stage 40/812.
[INFO] Enola: Solve for Rydberg stage 41/812.
[INFO] Enola: Solve for Rydberg stage 42/812.
[INFO] Enola: Solve for Rydberg stage 43/812.
[INFO] Enola: Solve for Rydberg stage 44/812.
[INFO] Enola: Solve for Rydberg stage 45/812.
[INFO] Enola: Solve for Rydberg stage 46/812.
[INFO] Enola: Solve for Rydberg stage 47/812.
[INFO] Enola: Solve for Rydberg stage 48/812.
[INFO] Enola: Solve for Rydberg stage 49/812.
[INFO] Enola: Solve for Rydberg stage 50/812.
[INFO] Enola: Solve for Rydberg stage 51/812.
[INFO] Enola: Solve for Rydberg stage 52/812.
[INFO] Enola: Solve for Rydberg stage 53/812.
[INFO] Enola: Solve for Rydberg stage 54/812.
[INFO] Enola: Solve for Rydberg stage 55/812.
[INFO] Enola: Solve for Rydberg stage 56/812.
[INFO] Enola: Solve for Rydberg stage 57/812.
[INFO] Enola: Solve for Rydberg stage 58/812.
[INFO] Enola: Solve for Rydberg stage 59/812.
[INFO] Enola: Solve for Rydberg stage 60/812.
[INFO] Enola: Solve for Rydberg stage 61/812.
[INFO] Enola: Solve for Rydberg stage 62/812.
[INFO] Enola: Solve for Rydberg stage 63/812.
[INFO] Enola: Solve for Rydberg stage 64/812.
[INFO] Enola: Solve for Rydberg stage 65/812.
[INFO] Enola: Solve for Rydberg stage 66/812.
[INFO] Enola: Solve for Rydberg stage 67/812.
[INFO] Enola: Solve for Rydberg stage 68/812.
[INFO] Enola: Solve for Rydberg stage 69/812.
[INFO] Enola: Solve for Rydberg stage 70/812.
[INFO] Enola: Solve for Rydberg stage 71/812.
[INFO] Enola: Solve for Rydberg stage 72/812.
[INFO] Enola: Solve for Rydberg stage 73/812.
[INFO] Enola: Solve for Rydberg stage 74/812.
[INFO] Enola: Solve for Rydberg stage 75/812.
[INFO] Enola: Solve for Rydberg stage 76/812.
[INFO] Enola: Solve for Rydberg stage 77/812.
[INFO] Enola: Solve for Rydberg stage 78/812.
[INFO] Enola: Solve for Rydberg stage 79/812.
[INFO] Enola: Solve for Rydberg stage 80/812.
[INFO] Enola: Solve for Rydberg stage 81/812.
[INFO] Enola: Solve for Rydberg stage 82/812.
[INFO] Enola: Solve for Rydberg stage 83/812.
[INFO] Enola: Solve for Rydberg stage 84/812.
[INFO] Enola: Solve for Rydberg stage 85/812.
[INFO] Enola: Solve for Rydberg stage 86/812.
[INFO] Enola: Solve for Rydberg stage 87/812.
[INFO] Enola: Solve for Rydberg stage 88/812.
[INFO] Enola: Solve for Rydberg stage 89/812.
[INFO] Enola: Solve for Rydberg stage 90/812.
[INFO] Enola: Solve for Rydberg stage 91/812.
[INFO] Enola: Solve for Rydberg stage 92/812.
[INFO] Enola: Solve for Rydberg stage 93/812.
[INFO] Enola: Solve for Rydberg stage 94/812.
[INFO] Enola: Solve for Rydberg stage 95/812.
[INFO] Enola: Solve for Rydberg stage 96/812.
[INFO] Enola: Solve for Rydberg stage 97/812.
[INFO] Enola: Solve for Rydberg stage 98/812.
[INFO] Enola: Solve for Rydberg stage 99/812.
[INFO] Enola: Solve for Rydberg stage 100/812.
[INFO] Enola: Solve for Rydberg stage 101/812.
[INFO] Enola: Solve for Rydberg stage 102/812.
[INFO] Enola: Solve for Rydberg stage 103/812.
[INFO] Enola: Solve for Rydberg stage 104/812.
[INFO] Enola: Solve for Rydberg stage 105/812.
[INFO] Enola: Solve for Rydberg stage 106/812.
[INFO] Enola: Solve for Rydberg stage 107/812.
[INFO] Enola: Solve for Rydberg stage 108/812.
[INFO] Enola: Solve for Rydberg stage 109/812.
[INFO] Enola: Solve for Rydberg stage 110/812.
[INFO] Enola: Solve for Rydberg stage 111/812.
[INFO] Enola: Solve for Rydberg stage 112/812.
[INFO] Enola: Solve for Rydberg stage 113/812.
[INFO] Enola: Solve for Rydberg stage 114/812.
[INFO] Enola: Solve for Rydberg stage 115/812.
[INFO] Enola: Solve for Rydberg stage 116/812.
[INFO] Enola: Solve for Rydberg stage 117/812.
[INFO] Enola: Solve for Rydberg stage 118/812.
[INFO] Enola: Solve for Rydberg stage 119/812.
[INFO] Enola: Solve for Rydberg stage 120/812.
[INFO] Enola: Solve for Rydberg stage 121/812.
[INFO] Enola: Solve for Rydberg stage 122/812.
[INFO] Enola: Solve for Rydberg stage 123/812.
[INFO] Enola: Solve for Rydberg stage 124/812.
[INFO] Enola: Solve for Rydberg stage 125/812.
[INFO] Enola: Solve for Rydberg stage 126/812.
[INFO] Enola: Solve for Rydberg stage 127/812.
[INFO] Enola: Solve for Rydberg stage 128/812.
[INFO] Enola: Solve for Rydberg stage 129/812.
[INFO] Enola: Solve for Rydberg stage 130/812.
[INFO] Enola: Solve for Rydberg stage 131/812.
[INFO] Enola: Solve for Rydberg stage 132/812.
[INFO] Enola: Solve for Rydberg stage 133/812.
[INFO] Enola: Solve for Rydberg stage 134/812.
[INFO] Enola: Solve for Rydberg stage 135/812.
[INFO] Enola: Solve for Rydberg stage 136/812.
[INFO] Enola: Solve for Rydberg stage 137/812.
[INFO] Enola: Solve for Rydberg stage 138/812.
[INFO] Enola: Solve for Rydberg stage 139/812.
[INFO] Enola: Solve for Rydberg stage 140/812.
[INFO] Enola: Solve for Rydberg stage 141/812.
[INFO] Enola: Solve for Rydberg stage 142/812.
[INFO] Enola: Solve for Rydberg stage 143/812.
[INFO] Enola: Solve for Rydberg stage 144/812.
[INFO] Enola: Solve for Rydberg stage 145/812.
[INFO] Enola: Solve for Rydberg stage 146/812.
[INFO] Enola: Solve for Rydberg stage 147/812.
[INFO] Enola: Solve for Rydberg stage 148/812.
[INFO] Enola: Solve for Rydberg stage 149/812.
[INFO] Enola: Solve for Rydberg stage 150/812.
[INFO] Enola: Solve for Rydberg stage 151/812.
[INFO] Enola: Solve for Rydberg stage 152/812.
[INFO] Enola: Solve for Rydberg stage 153/812.
[INFO] Enola: Solve for Rydberg stage 154/812.
[INFO] Enola: Solve for Rydberg stage 155/812.
[INFO] Enola: Solve for Rydberg stage 156/812.
[INFO] Enola: Solve for Rydberg stage 157/812.
[INFO] Enola: Solve for Rydberg stage 158/812.
[INFO] Enola: Solve for Rydberg stage 159/812.
[INFO] Enola: Solve for Rydberg stage 160/812.
[INFO] Enola: Solve for Rydberg stage 161/812.
[INFO] Enola: Solve for Rydberg stage 162/812.
[INFO] Enola: Solve for Rydberg stage 163/812.
[INFO] Enola: Solve for Rydberg stage 164/812.
[INFO] Enola: Solve for Rydberg stage 165/812.
[INFO] Enola: Solve for Rydberg stage 166/812.
[INFO] Enola: Solve for Rydberg stage 167/812.
[INFO] Enola: Solve for Rydberg stage 168/812.
[INFO] Enola: Solve for Rydberg stage 169/812.
[INFO] Enola: Solve for Rydberg stage 170/812.
[INFO] Enola: Solve for Rydberg stage 171/812.
[INFO] Enola: Solve for Rydberg stage 172/812.
[INFO] Enola: Solve for Rydberg stage 173/812.
[INFO] Enola: Solve for Rydberg stage 174/812.
[INFO] Enola: Solve for Rydberg stage 175/812.
[INFO] Enola: Solve for Rydberg stage 176/812.
[INFO] Enola: Solve for Rydberg stage 177/812.
[INFO] Enola: Solve for Rydberg stage 178/812.
[INFO] Enola: Solve for Rydberg stage 179/812.
[INFO] Enola: Solve for Rydberg stage 180/812.
[INFO] Enola: Solve for Rydberg stage 181/812.
[INFO] Enola: Solve for Rydberg stage 182/812.
[INFO] Enola: Solve for Rydberg stage 183/812.
[INFO] Enola: Solve for Rydberg stage 184/812.
[INFO] Enola: Solve for Rydberg stage 185/812.
[INFO] Enola: Solve for Rydberg stage 186/812.
[INFO] Enola: Solve for Rydberg stage 187/812.
[INFO] Enola: Solve for Rydberg stage 188/812.
[INFO] Enola: Solve for Rydberg stage 189/812.
[INFO] Enola: Solve for Rydberg stage 190/812.
[INFO] Enola: Solve for Rydberg stage 191/812.
[INFO] Enola: Solve for Rydberg stage 192/812.
[INFO] Enola: Solve for Rydberg stage 193/812.
[INFO] Enola: Solve for Rydberg stage 194/812.
[INFO] Enola: Solve for Rydberg stage 195/812.
[INFO] Enola: Solve for Rydberg stage 196/812.
[INFO] Enola: Solve for Rydberg stage 197/812.
[INFO] Enola: Solve for Rydberg stage 198/812.
[INFO] Enola: Solve for Rydberg stage 199/812.
[INFO] Enola: Solve for Rydberg stage 200/812.
[INFO] Enola: Solve for Rydberg stage 201/812.
[INFO] Enola: Solve for Rydberg stage 202/812.
[INFO] Enola: Solve for Rydberg stage 203/812.
[INFO] Enola: Solve for Rydberg stage 204/812.
[INFO] Enola: Solve for Rydberg stage 205/812.
[INFO] Enola: Solve for Rydberg stage 206/812.
[INFO] Enola: Solve for Rydberg stage 207/812.
[INFO] Enola: Solve for Rydberg stage 208/812.
[INFO] Enola: Solve for Rydberg stage 209/812.
[INFO] Enola: Solve for Rydberg stage 210/812.
[INFO] Enola: Solve for Rydberg stage 211/812.
[INFO] Enola: Solve for Rydberg stage 212/812.
[INFO] Enola: Solve for Rydberg stage 213/812.
[INFO] Enola: Solve for Rydberg stage 214/812.
[INFO] Enola: Solve for Rydberg stage 215/812.
[INFO] Enola: Solve for Rydberg stage 216/812.
[INFO] Enola: Solve for Rydberg stage 217/812.
[INFO] Enola: Solve for Rydberg stage 218/812.
[INFO] Enola: Solve for Rydberg stage 219/812.
[INFO] Enola: Solve for Rydberg stage 220/812.
[INFO] Enola: Solve for Rydberg stage 221/812.
[INFO] Enola: Solve for Rydberg stage 222/812.
[INFO] Enola: Solve for Rydberg stage 223/812.
[INFO] Enola: Solve for Rydberg stage 224/812.
[INFO] Enola: Solve for Rydberg stage 225/812.
[INFO] Enola: Solve for Rydberg stage 226/812.
[INFO] Enola: Solve for Rydberg stage 227/812.
[INFO] Enola: Solve for Rydberg stage 228/812.
[INFO] Enola: Solve for Rydberg stage 229/812.
[INFO] Enola: Solve for Rydberg stage 230/812.
[INFO] Enola: Solve for Rydberg stage 231/812.
[INFO] Enola: Solve for Rydberg stage 232/812.
[INFO] Enola: Solve for Rydberg stage 233/812.
[INFO] Enola: Solve for Rydberg stage 234/812.
[INFO] Enola: Solve for Rydberg stage 235/812.
[INFO] Enola: Solve for Rydberg stage 236/812.
[INFO] Enola: Solve for Rydberg stage 237/812.
[INFO] Enola: Solve for Rydberg stage 238/812.
[INFO] Enola: Solve for Rydberg stage 239/812.
[INFO] Enola: Solve for Rydberg stage 240/812.
[INFO] Enola: Solve for Rydberg stage 241/812.
[INFO] Enola: Solve for Rydberg stage 242/812.
[INFO] Enola: Solve for Rydberg stage 243/812.
[INFO] Enola: Solve for Rydberg stage 244/812.
[INFO] Enola: Solve for Rydberg stage 245/812.
[INFO] Enola: Solve for Rydberg stage 246/812.
[INFO] Enola: Solve for Rydberg stage 247/812.
[INFO] Enola: Solve for Rydberg stage 248/812.
[INFO] Enola: Solve for Rydberg stage 249/812.
[INFO] Enola: Solve for Rydberg stage 250/812.
[INFO] Enola: Solve for Rydberg stage 251/812.
[INFO] Enola: Solve for Rydberg stage 252/812.
[INFO] Enola: Solve for Rydberg stage 253/812.
[INFO] Enola: Solve for Rydberg stage 254/812.
[INFO] Enola: Solve for Rydberg stage 255/812.
[INFO] Enola: Solve for Rydberg stage 256/812.
[INFO] Enola: Solve for Rydberg stage 257/812.
[INFO] Enola: Solve for Rydberg stage 258/812.
[INFO] Enola: Solve for Rydberg stage 259/812.
[INFO] Enola: Solve for Rydberg stage 260/812.
[INFO] Enola: Solve for Rydberg stage 261/812.
[INFO] Enola: Solve for Rydberg stage 262/812.
[INFO] Enola: Solve for Rydberg stage 263/812.
[INFO] Enola: Solve for Rydberg stage 264/812.
[INFO] Enola: Solve for Rydberg stage 265/812.
[INFO] Enola: Solve for Rydberg stage 266/812.
[INFO] Enola: Solve for Rydberg stage 267/812.
[INFO] Enola: Solve for Rydberg stage 268/812.
[INFO] Enola: Solve for Rydberg stage 269/812.
[INFO] Enola: Solve for Rydberg stage 270/812.
[INFO] Enola: Solve for Rydberg stage 271/812.
[INFO] Enola: Solve for Rydberg stage 272/812.
[INFO] Enola: Solve for Rydberg stage 273/812.
[INFO] Enola: Solve for Rydberg stage 274/812.
[INFO] Enola: Solve for Rydberg stage 275/812.
[INFO] Enola: Solve for Rydberg stage 276/812.
[INFO] Enola: Solve for Rydberg stage 277/812.
[INFO] Enola: Solve for Rydberg stage 278/812.
[INFO] Enola: Solve for Rydberg stage 279/812.
[INFO] Enola: Solve for Rydberg stage 280/812.
[INFO] Enola: Solve for Rydberg stage 281/812.
[INFO] Enola: Solve for Rydberg stage 282/812.
[INFO] Enola: Solve for Rydberg stage 283/812.
[INFO] Enola: Solve for Rydberg stage 284/812.
[INFO] Enola: Solve for Rydberg stage 285/812.
[INFO] Enola: Solve for Rydberg stage 286/812.
[INFO] Enola: Solve for Rydberg stage 287/812.
[INFO] Enola: Solve for Rydberg stage 288/812.
[INFO] Enola: Solve for Rydberg stage 289/812.
[INFO] Enola: Solve for Rydberg stage 290/812.
[INFO] Enola: Solve for Rydberg stage 291/812.
[INFO] Enola: Solve for Rydberg stage 292/812.
[INFO] Enola: Solve for Rydberg stage 293/812.
[INFO] Enola: Solve for Rydberg stage 294/812.
[INFO] Enola: Solve for Rydberg stage 295/812.
[INFO] Enola: Solve for Rydberg stage 296/812.
[INFO] Enola: Solve for Rydberg stage 297/812.
[INFO] Enola: Solve for Rydberg stage 298/812.
[INFO] Enola: Solve for Rydberg stage 299/812.
[INFO] Enola: Solve for Rydberg stage 300/812.
[INFO] Enola: Solve for Rydberg stage 301/812.
[INFO] Enola: Solve for Rydberg stage 302/812.
[INFO] Enola: Solve for Rydberg stage 303/812.
[INFO] Enola: Solve for Rydberg stage 304/812.
[INFO] Enola: Solve for Rydberg stage 305/812.
[INFO] Enola: Solve for Rydberg stage 306/812.
[INFO] Enola: Solve for Rydberg stage 307/812.
[INFO] Enola: Solve for Rydberg stage 308/812.
[INFO] Enola: Solve for Rydberg stage 309/812.
[INFO] Enola: Solve for Rydberg stage 310/812.
[INFO] Enola: Solve for Rydberg stage 311/812.
[INFO] Enola: Solve for Rydberg stage 312/812.
[INFO] Enola: Solve for Rydberg stage 313/812.
[INFO] Enola: Solve for Rydberg stage 314/812.
[INFO] Enola: Solve for Rydberg stage 315/812.
[INFO] Enola: Solve for Rydberg stage 316/812.
[INFO] Enola: Solve for Rydberg stage 317/812.
[INFO] Enola: Solve for Rydberg stage 318/812.
[INFO] Enola: Solve for Rydberg stage 319/812.
[INFO] Enola: Solve for Rydberg stage 320/812.
[INFO] Enola: Solve for Rydberg stage 321/812.
[INFO] Enola: Solve for Rydberg stage 322/812.
[INFO] Enola: Solve for Rydberg stage 323/812.
[INFO] Enola: Solve for Rydberg stage 324/812.
[INFO] Enola: Solve for Rydberg stage 325/812.
[INFO] Enola: Solve for Rydberg stage 326/812.
[INFO] Enola: Solve for Rydberg stage 327/812.
[INFO] Enola: Solve for Rydberg stage 328/812.
[INFO] Enola: Solve for Rydberg stage 329/812.
[INFO] Enola: Solve for Rydberg stage 330/812.
[INFO] Enola: Solve for Rydberg stage 331/812.
[INFO] Enola: Solve for Rydberg stage 332/812.
[INFO] Enola: Solve for Rydberg stage 333/812.
[INFO] Enola: Solve for Rydberg stage 334/812.
[INFO] Enola: Solve for Rydberg stage 335/812.
[INFO] Enola: Solve for Rydberg stage 336/812.
[INFO] Enola: Solve for Rydberg stage 337/812.
[INFO] Enola: Solve for Rydberg stage 338/812.
[INFO] Enola: Solve for Rydberg stage 339/812.
[INFO] Enola: Solve for Rydberg stage 340/812.
[INFO] Enola: Solve for Rydberg stage 341/812.
[INFO] Enola: Solve for Rydberg stage 342/812.
[INFO] Enola: Solve for Rydberg stage 343/812.
[INFO] Enola: Solve for Rydberg stage 344/812.
[INFO] Enola: Solve for Rydberg stage 345/812.
[INFO] Enola: Solve for Rydberg stage 346/812.
[INFO] Enola: Solve for Rydberg stage 347/812.
[INFO] Enola: Solve for Rydberg stage 348/812.
[INFO] Enola: Solve for Rydberg stage 349/812.
[INFO] Enola: Solve for Rydberg stage 350/812.
[INFO] Enola: Solve for Rydberg stage 351/812.
[INFO] Enola: Solve for Rydberg stage 352/812.
[INFO] Enola: Solve for Rydberg stage 353/812.
[INFO] Enola: Solve for Rydberg stage 354/812.
[INFO] Enola: Solve for Rydberg stage 355/812.
[INFO] Enola: Solve for Rydberg stage 356/812.
[INFO] Enola: Solve for Rydberg stage 357/812.
[INFO] Enola: Solve for Rydberg stage 358/812.
[INFO] Enola: Solve for Rydberg stage 359/812.
[INFO] Enola: Solve for Rydberg stage 360/812.
[INFO] Enola: Solve for Rydberg stage 361/812.
[INFO] Enola: Solve for Rydberg stage 362/812.
[INFO] Enola: Solve for Rydberg stage 363/812.
[INFO] Enola: Solve for Rydberg stage 364/812.
[INFO] Enola: Solve for Rydberg stage 365/812.
[INFO] Enola: Solve for Rydberg stage 366/812.
[INFO] Enola: Solve for Rydberg stage 367/812.
[INFO] Enola: Solve for Rydberg stage 368/812.
[INFO] Enola: Solve for Rydberg stage 369/812.
[INFO] Enola: Solve for Rydberg stage 370/812.
[INFO] Enola: Solve for Rydberg stage 371/812.
[INFO] Enola: Solve for Rydberg stage 372/812.
[INFO] Enola: Solve for Rydberg stage 373/812.
[INFO] Enola: Solve for Rydberg stage 374/812.
[INFO] Enola: Solve for Rydberg stage 375/812.
[INFO] Enola: Solve for Rydberg stage 376/812.
[INFO] Enola: Solve for Rydberg stage 377/812.
[INFO] Enola: Solve for Rydberg stage 378/812.
[INFO] Enola: Solve for Rydberg stage 379/812.
[INFO] Enola: Solve for Rydberg stage 380/812.
[INFO] Enola: Solve for Rydberg stage 381/812.
[INFO] Enola: Solve for Rydberg stage 382/812.
[INFO] Enola: Solve for Rydberg stage 383/812.
[INFO] Enola: Solve for Rydberg stage 384/812.
[INFO] Enola: Solve for Rydberg stage 385/812.
[INFO] Enola: Solve for Rydberg stage 386/812.
[INFO] Enola: Solve for Rydberg stage 387/812.
[INFO] Enola: Solve for Rydberg stage 388/812.
[INFO] Enola: Solve for Rydberg stage 389/812.
[INFO] Enola: Solve for Rydberg stage 390/812.
[INFO] Enola: Solve for Rydberg stage 391/812.
[INFO] Enola: Solve for Rydberg stage 392/812.
[INFO] Enola: Solve for Rydberg stage 393/812.
[INFO] Enola: Solve for Rydberg stage 394/812.
[INFO] Enola: Solve for Rydberg stage 395/812.
[INFO] Enola: Solve for Rydberg stage 396/812.
[INFO] Enola: Solve for Rydberg stage 397/812.
[INFO] Enola: Solve for Rydberg stage 398/812.
[INFO] Enola: Solve for Rydberg stage 399/812.
[INFO] Enola: Solve for Rydberg stage 400/812.
[INFO] Enola: Solve for Rydberg stage 401/812.
[INFO] Enola: Solve for Rydberg stage 402/812.
[INFO] Enola: Solve for Rydberg stage 403/812.
[INFO] Enola: Solve for Rydberg stage 404/812.
[INFO] Enola: Solve for Rydberg stage 405/812.
[INFO] Enola: Solve for Rydberg stage 406/812.
[INFO] Enola: Solve for Rydberg stage 407/812.
[INFO] Enola: Solve for Rydberg stage 408/812.
[INFO] Enola: Solve for Rydberg stage 409/812.
[INFO] Enola: Solve for Rydberg stage 410/812.
[INFO] Enola: Solve for Rydberg stage 411/812.
[INFO] Enola: Solve for Rydberg stage 412/812.
[INFO] Enola: Solve for Rydberg stage 413/812.
[INFO] Enola: Solve for Rydberg stage 414/812.
[INFO] Enola: Solve for Rydberg stage 415/812.
[INFO] Enola: Solve for Rydberg stage 416/812.
[INFO] Enola: Solve for Rydberg stage 417/812.
[INFO] Enola: Solve for Rydberg stage 418/812.
[INFO] Enola: Solve for Rydberg stage 419/812.
[INFO] Enola: Solve for Rydberg stage 420/812.
[INFO] Enola: Solve for Rydberg stage 421/812.
[INFO] Enola: Solve for Rydberg stage 422/812.
[INFO] Enola: Solve for Rydberg stage 423/812.
[INFO] Enola: Solve for Rydberg stage 424/812.
[INFO] Enola: Solve for Rydberg stage 425/812.
[INFO] Enola: Solve for Rydberg stage 426/812.
[INFO] Enola: Solve for Rydberg stage 427/812.
[INFO] Enola: Solve for Rydberg stage 428/812.
[INFO] Enola: Solve for Rydberg stage 429/812.
[INFO] Enola: Solve for Rydberg stage 430/812.
[INFO] Enola: Solve for Rydberg stage 431/812.
[INFO] Enola: Solve for Rydberg stage 432/812.
[INFO] Enola: Solve for Rydberg stage 433/812.
[INFO] Enola: Solve for Rydberg stage 434/812.
[INFO] Enola: Solve for Rydberg stage 435/812.
[INFO] Enola: Solve for Rydberg stage 436/812.
[INFO] Enola: Solve for Rydberg stage 437/812.
[INFO] Enola: Solve for Rydberg stage 438/812.
[INFO] Enola: Solve for Rydberg stage 439/812.
[INFO] Enola: Solve for Rydberg stage 440/812.
[INFO] Enola: Solve for Rydberg stage 441/812.
[INFO] Enola: Solve for Rydberg stage 442/812.
[INFO] Enola: Solve for Rydberg stage 443/812.
[INFO] Enola: Solve for Rydberg stage 444/812.
[INFO] Enola: Solve for Rydberg stage 445/812.
[INFO] Enola: Solve for Rydberg stage 446/812.
[INFO] Enola: Solve for Rydberg stage 447/812.
[INFO] Enola: Solve for Rydberg stage 448/812.
[INFO] Enola: Solve for Rydberg stage 449/812.
[INFO] Enola: Solve for Rydberg stage 450/812.
[INFO] Enola: Solve for Rydberg stage 451/812.
[INFO] Enola: Solve for Rydberg stage 452/812.
[INFO] Enola: Solve for Rydberg stage 453/812.
[INFO] Enola: Solve for Rydberg stage 454/812.
[INFO] Enola: Solve for Rydberg stage 455/812.
[INFO] Enola: Solve for Rydberg stage 456/812.
[INFO] Enola: Solve for Rydberg stage 457/812.
[INFO] Enola: Solve for Rydberg stage 458/812.
[INFO] Enola: Solve for Rydberg stage 459/812.
[INFO] Enola: Solve for Rydberg stage 460/812.
[INFO] Enola: Solve for Rydberg stage 461/812.
[INFO] Enola: Solve for Rydberg stage 462/812.
[INFO] Enola: Solve for Rydberg stage 463/812.
[INFO] Enola: Solve for Rydberg stage 464/812.
[INFO] Enola: Solve for Rydberg stage 465/812.
[INFO] Enola: Solve for Rydberg stage 466/812.
[INFO] Enola: Solve for Rydberg stage 467/812.
[INFO] Enola: Solve for Rydberg stage 468/812.
[INFO] Enola: Solve for Rydberg stage 469/812.
[INFO] Enola: Solve for Rydberg stage 470/812.
[INFO] Enola: Solve for Rydberg stage 471/812.
[INFO] Enola: Solve for Rydberg stage 472/812.
[INFO] Enola: Solve for Rydberg stage 473/812.
[INFO] Enola: Solve for Rydberg stage 474/812.
[INFO] Enola: Solve for Rydberg stage 475/812.
[INFO] Enola: Solve for Rydberg stage 476/812.
[INFO] Enola: Solve for Rydberg stage 477/812.
[INFO] Enola: Solve for Rydberg stage 478/812.
[INFO] Enola: Solve for Rydberg stage 479/812.
[INFO] Enola: Solve for Rydberg stage 480/812.
[INFO] Enola: Solve for Rydberg stage 481/812.
[INFO] Enola: Solve for Rydberg stage 482/812.
[INFO] Enola: Solve for Rydberg stage 483/812.
[INFO] Enola: Solve for Rydberg stage 484/812.
[INFO] Enola: Solve for Rydberg stage 485/812.
[INFO] Enola: Solve for Rydberg stage 486/812.
[INFO] Enola: Solve for Rydberg stage 487/812.
[INFO] Enola: Solve for Rydberg stage 488/812.
[INFO] Enola: Solve for Rydberg stage 489/812.
[INFO] Enola: Solve for Rydberg stage 490/812.
[INFO] Enola: Solve for Rydberg stage 491/812.
[INFO] Enola: Solve for Rydberg stage 492/812.
[INFO] Enola: Solve for Rydberg stage 493/812.
[INFO] Enola: Solve for Rydberg stage 494/812.
[INFO] Enola: Solve for Rydberg stage 495/812.
[INFO] Enola: Solve for Rydberg stage 496/812.
[INFO] Enola: Solve for Rydberg stage 497/812.
[INFO] Enola: Solve for Rydberg stage 498/812.
[INFO] Enola: Solve for Rydberg stage 499/812.
[INFO] Enola: Solve for Rydberg stage 500/812.
[INFO] Enola: Solve for Rydberg stage 501/812.
[INFO] Enola: Solve for Rydberg stage 502/812.
[INFO] Enola: Solve for Rydberg stage 503/812.
[INFO] Enola: Solve for Rydberg stage 504/812.
[INFO] Enola: Solve for Rydberg stage 505/812.
[INFO] Enola: Solve for Rydberg stage 506/812.
[INFO] Enola: Solve for Rydberg stage 507/812.
[INFO] Enola: Solve for Rydberg stage 508/812.
[INFO] Enola: Solve for Rydberg stage 509/812.
[INFO] Enola: Solve for Rydberg stage 510/812.
[INFO] Enola: Solve for Rydberg stage 511/812.
[INFO] Enola: Solve for Rydberg stage 512/812.
[INFO] Enola: Solve for Rydberg stage 513/812.
[INFO] Enola: Solve for Rydberg stage 514/812.
[INFO] Enola: Solve for Rydberg stage 515/812.
[INFO] Enola: Solve for Rydberg stage 516/812.
[INFO] Enola: Solve for Rydberg stage 517/812.
[INFO] Enola: Solve for Rydberg stage 518/812.
[INFO] Enola: Solve for Rydberg stage 519/812.
[INFO] Enola: Solve for Rydberg stage 520/812.
[INFO] Enola: Solve for Rydberg stage 521/812.
[INFO] Enola: Solve for Rydberg stage 522/812.
[INFO] Enola: Solve for Rydberg stage 523/812.
[INFO] Enola: Solve for Rydberg stage 524/812.
[INFO] Enola: Solve for Rydberg stage 525/812.
[INFO] Enola: Solve for Rydberg stage 526/812.
[INFO] Enola: Solve for Rydberg stage 527/812.
[INFO] Enola: Solve for Rydberg stage 528/812.
[INFO] Enola: Solve for Rydberg stage 529/812.
[INFO] Enola: Solve for Rydberg stage 530/812.
[INFO] Enola: Solve for Rydberg stage 531/812.
[INFO] Enola: Solve for Rydberg stage 532/812.
[INFO] Enola: Solve for Rydberg stage 533/812.
[INFO] Enola: Solve for Rydberg stage 534/812.
[INFO] Enola: Solve for Rydberg stage 535/812.
[INFO] Enola: Solve for Rydberg stage 536/812.
[INFO] Enola: Solve for Rydberg stage 537/812.
[INFO] Enola: Solve for Rydberg stage 538/812.
[INFO] Enola: Solve for Rydberg stage 539/812.
[INFO] Enola: Solve for Rydberg stage 540/812.
[INFO] Enola: Solve for Rydberg stage 541/812.
[INFO] Enola: Solve for Rydberg stage 542/812.
[INFO] Enola: Solve for Rydberg stage 543/812.
[INFO] Enola: Solve for Rydberg stage 544/812.
[INFO] Enola: Solve for Rydberg stage 545/812.
[INFO] Enola: Solve for Rydberg stage 546/812.
[INFO] Enola: Solve for Rydberg stage 547/812.
[INFO] Enola: Solve for Rydberg stage 548/812.
[INFO] Enola: Solve for Rydberg stage 549/812.
[INFO] Enola: Solve for Rydberg stage 550/812.
[INFO] Enola: Solve for Rydberg stage 551/812.
[INFO] Enola: Solve for Rydberg stage 552/812.
[INFO] Enola: Solve for Rydberg stage 553/812.
[INFO] Enola: Solve for Rydberg stage 554/812.
[INFO] Enola: Solve for Rydberg stage 555/812.
[INFO] Enola: Solve for Rydberg stage 556/812.
[INFO] Enola: Solve for Rydberg stage 557/812.
[INFO] Enola: Solve for Rydberg stage 558/812.
[INFO] Enola: Solve for Rydberg stage 559/812.
[INFO] Enola: Solve for Rydberg stage 560/812.
[INFO] Enola: Solve for Rydberg stage 561/812.
[INFO] Enola: Solve for Rydberg stage 562/812.
[INFO] Enola: Solve for Rydberg stage 563/812.
[INFO] Enola: Solve for Rydberg stage 564/812.
[INFO] Enola: Solve for Rydberg stage 565/812.
[INFO] Enola: Solve for Rydberg stage 566/812.
[INFO] Enola: Solve for Rydberg stage 567/812.
[INFO] Enola: Solve for Rydberg stage 568/812.
[INFO] Enola: Solve for Rydberg stage 569/812.
[INFO] Enola: Solve for Rydberg stage 570/812.
[INFO] Enola: Solve for Rydberg stage 571/812.
[INFO] Enola: Solve for Rydberg stage 572/812.
[INFO] Enola: Solve for Rydberg stage 573/812.
[INFO] Enola: Solve for Rydberg stage 574/812.
[INFO] Enola: Solve for Rydberg stage 575/812.
[INFO] Enola: Solve for Rydberg stage 576/812.
[INFO] Enola: Solve for Rydberg stage 577/812.
[INFO] Enola: Solve for Rydberg stage 578/812.
[INFO] Enola: Solve for Rydberg stage 579/812.
[INFO] Enola: Solve for Rydberg stage 580/812.
[INFO] Enola: Solve for Rydberg stage 581/812.
[INFO] Enola: Solve for Rydberg stage 582/812.
[INFO] Enola: Solve for Rydberg stage 583/812.
[INFO] Enola: Solve for Rydberg stage 584/812.
[INFO] Enola: Solve for Rydberg stage 585/812.
[INFO] Enola: Solve for Rydberg stage 586/812.
[INFO] Enola: Solve for Rydberg stage 587/812.
[INFO] Enola: Solve for Rydberg stage 588/812.
[INFO] Enola: Solve for Rydberg stage 589/812.
[INFO] Enola: Solve for Rydberg stage 590/812.
[INFO] Enola: Solve for Rydberg stage 591/812.
[INFO] Enola: Solve for Rydberg stage 592/812.
[INFO] Enola: Solve for Rydberg stage 593/812.
[INFO] Enola: Solve for Rydberg stage 594/812.
[INFO] Enola: Solve for Rydberg stage 595/812.
[INFO] Enola: Solve for Rydberg stage 596/812.
[INFO] Enola: Solve for Rydberg stage 597/812.
[INFO] Enola: Solve for Rydberg stage 598/812.
[INFO] Enola: Solve for Rydberg stage 599/812.
[INFO] Enola: Solve for Rydberg stage 600/812.
[INFO] Enola: Solve for Rydberg stage 601/812.
[INFO] Enola: Solve for Rydberg stage 602/812.
[INFO] Enola: Solve for Rydberg stage 603/812.
[INFO] Enola: Solve for Rydberg stage 604/812.
[INFO] Enola: Solve for Rydberg stage 605/812.
[INFO] Enola: Solve for Rydberg stage 606/812.
[INFO] Enola: Solve for Rydberg stage 607/812.
[INFO] Enola: Solve for Rydberg stage 608/812.
[INFO] Enola: Solve for Rydberg stage 609/812.
[INFO] Enola: Solve for Rydberg stage 610/812.
[INFO] Enola: Solve for Rydberg stage 611/812.
[INFO] Enola: Solve for Rydberg stage 612/812.
[INFO] Enola: Solve for Rydberg stage 613/812.
[INFO] Enola: Solve for Rydberg stage 614/812.
[INFO] Enola: Solve for Rydberg stage 615/812.
[INFO] Enola: Solve for Rydberg stage 616/812.
[INFO] Enola: Solve for Rydberg stage 617/812.
[INFO] Enola: Solve for Rydberg stage 618/812.
[INFO] Enola: Solve for Rydberg stage 619/812.
[INFO] Enola: Solve for Rydberg stage 620/812.
[INFO] Enola: Solve for Rydberg stage 621/812.
[INFO] Enola: Solve for Rydberg stage 622/812.
[INFO] Enola: Solve for Rydberg stage 623/812.
[INFO] Enola: Solve for Rydberg stage 624/812.
[INFO] Enola: Solve for Rydberg stage 625/812.
[INFO] Enola: Solve for Rydberg stage 626/812.
[INFO] Enola: Solve for Rydberg stage 627/812.
[INFO] Enola: Solve for Rydberg stage 628/812.
[INFO] Enola: Solve for Rydberg stage 629/812.
[INFO] Enola: Solve for Rydberg stage 630/812.
[INFO] Enola: Solve for Rydberg stage 631/812.
[INFO] Enola: Solve for Rydberg stage 632/812.
[INFO] Enola: Solve for Rydberg stage 633/812.
[INFO] Enola: Solve for Rydberg stage 634/812.
[INFO] Enola: Solve for Rydberg stage 635/812.
[INFO] Enola: Solve for Rydberg stage 636/812.
[INFO] Enola: Solve for Rydberg stage 637/812.
[INFO] Enola: Solve for Rydberg stage 638/812.
[INFO] Enola: Solve for Rydberg stage 639/812.
[INFO] Enola: Solve for Rydberg stage 640/812.
[INFO] Enola: Solve for Rydberg stage 641/812.
[INFO] Enola: Solve for Rydberg stage 642/812.
[INFO] Enola: Solve for Rydberg stage 643/812.
[INFO] Enola: Solve for Rydberg stage 644/812.
[INFO] Enola: Solve for Rydberg stage 645/812.
[INFO] Enola: Solve for Rydberg stage 646/812.
[INFO] Enola: Solve for Rydberg stage 647/812.
[INFO] Enola: Solve for Rydberg stage 648/812.
[INFO] Enola: Solve for Rydberg stage 649/812.
[INFO] Enola: Solve for Rydberg stage 650/812.
[INFO] Enola: Solve for Rydberg stage 651/812.
[INFO] Enola: Solve for Rydberg stage 652/812.
[INFO] Enola: Solve for Rydberg stage 653/812.
[INFO] Enola: Solve for Rydberg stage 654/812.
[INFO] Enola: Solve for Rydberg stage 655/812.
[INFO] Enola: Solve for Rydberg stage 656/812.
[INFO] Enola: Solve for Rydberg stage 657/812.
[INFO] Enola: Solve for Rydberg stage 658/812.
[INFO] Enola: Solve for Rydberg stage 659/812.
[INFO] Enola: Solve for Rydberg stage 660/812.
[INFO] Enola: Solve for Rydberg stage 661/812.
[INFO] Enola: Solve for Rydberg stage 662/812.
[INFO] Enola: Solve for Rydberg stage 663/812.
[INFO] Enola: Solve for Rydberg stage 664/812.
[INFO] Enola: Solve for Rydberg stage 665/812.
[INFO] Enola: Solve for Rydberg stage 666/812.
[INFO] Enola: Solve for Rydberg stage 667/812.
[INFO] Enola: Solve for Rydberg stage 668/812.
[INFO] Enola: Solve for Rydberg stage 669/812.
[INFO] Enola: Solve for Rydberg stage 670/812.
[INFO] Enola: Solve for Rydberg stage 671/812.
[INFO] Enola: Solve for Rydberg stage 672/812.
[INFO] Enola: Solve for Rydberg stage 673/812.
[INFO] Enola: Solve for Rydberg stage 674/812.
[INFO] Enola: Solve for Rydberg stage 675/812.
[INFO] Enola: Solve for Rydberg stage 676/812.
[INFO] Enola: Solve for Rydberg stage 677/812.
[INFO] Enola: Solve for Rydberg stage 678/812.
[INFO] Enola: Solve for Rydberg stage 679/812.
[INFO] Enola: Solve for Rydberg stage 680/812.
[INFO] Enola: Solve for Rydberg stage 681/812.
[INFO] Enola: Solve for Rydberg stage 682/812.
[INFO] Enola: Solve for Rydberg stage 683/812.
[INFO] Enola: Solve for Rydberg stage 684/812.
[INFO] Enola: Solve for Rydberg stage 685/812.
[INFO] Enola: Solve for Rydberg stage 686/812.
[INFO] Enola: Solve for Rydberg stage 687/812.
[INFO] Enola: Solve for Rydberg stage 688/812.
[INFO] Enola: Solve for Rydberg stage 689/812.
[INFO] Enola: Solve for Rydberg stage 690/812.
[INFO] Enola: Solve for Rydberg stage 691/812.
[INFO] Enola: Solve for Rydberg stage 692/812.
[INFO] Enola: Solve for Rydberg stage 693/812.
[INFO] Enola: Solve for Rydberg stage 694/812.
[INFO] Enola: Solve for Rydberg stage 695/812.
[INFO] Enola: Solve for Rydberg stage 696/812.
[INFO] Enola: Solve for Rydberg stage 697/812.
[INFO] Enola: Solve for Rydberg stage 698/812.
[INFO] Enola: Solve for Rydberg stage 699/812.
[INFO] Enola: Solve for Rydberg stage 700/812.
[INFO] Enola: Solve for Rydberg stage 701/812.
[INFO] Enola: Solve for Rydberg stage 702/812.
[INFO] Enola: Solve for Rydberg stage 703/812.
[INFO] Enola: Solve for Rydberg stage 704/812.
[INFO] Enola: Solve for Rydberg stage 705/812.
[INFO] Enola: Solve for Rydberg stage 706/812.
[INFO] Enola: Solve for Rydberg stage 707/812.
[INFO] Enola: Solve for Rydberg stage 708/812.
[INFO] Enola: Solve for Rydberg stage 709/812.
[INFO] Enola: Solve for Rydberg stage 710/812.
[INFO] Enola: Solve for Rydberg stage 711/812.
[INFO] Enola: Solve for Rydberg stage 712/812.
[INFO] Enola: Solve for Rydberg stage 713/812.
[INFO] Enola: Solve for Rydberg stage 714/812.
[INFO] Enola: Solve for Rydberg stage 715/812.
[INFO] Enola: Solve for Rydberg stage 716/812.
[INFO] Enola: Solve for Rydberg stage 717/812.
[INFO] Enola: Solve for Rydberg stage 718/812.
[INFO] Enola: Solve for Rydberg stage 719/812.
[INFO] Enola: Solve for Rydberg stage 720/812.
[INFO] Enola: Solve for Rydberg stage 721/812.
[INFO] Enola: Solve for Rydberg stage 722/812.
[INFO] Enola: Solve for Rydberg stage 723/812.
[INFO] Enola: Solve for Rydberg stage 724/812.
[INFO] Enola: Solve for Rydberg stage 725/812.
[INFO] Enola: Solve for Rydberg stage 726/812.
[INFO] Enola: Solve for Rydberg stage 727/812.
[INFO] Enola: Solve for Rydberg stage 728/812.
[INFO] Enola: Solve for Rydberg stage 729/812.
[INFO] Enola: Solve for Rydberg stage 730/812.
[INFO] Enola: Solve for Rydberg stage 731/812.
[INFO] Enola: Solve for Rydberg stage 732/812.
[INFO] Enola: Solve for Rydberg stage 733/812.
[INFO] Enola: Solve for Rydberg stage 734/812.
[INFO] Enola: Solve for Rydberg stage 735/812.
[INFO] Enola: Solve for Rydberg stage 736/812.
[INFO] Enola: Solve for Rydberg stage 737/812.
[INFO] Enola: Solve for Rydberg stage 738/812.
[INFO] Enola: Solve for Rydberg stage 739/812.
[INFO] Enola: Solve for Rydberg stage 740/812.
[INFO] Enola: Solve for Rydberg stage 741/812.
[INFO] Enola: Solve for Rydberg stage 742/812.
[INFO] Enola: Solve for Rydberg stage 743/812.
[INFO] Enola: Solve for Rydberg stage 744/812.
[INFO] Enola: Solve for Rydberg stage 745/812.
[INFO] Enola: Solve for Rydberg stage 746/812.
[INFO] Enola: Solve for Rydberg stage 747/812.
[INFO] Enola: Solve for Rydberg stage 748/812.
[INFO] Enola: Solve for Rydberg stage 749/812.
[INFO] Enola: Solve for Rydberg stage 750/812.
[INFO] Enola: Solve for Rydberg stage 751/812.
[INFO] Enola: Solve for Rydberg stage 752/812.
[INFO] Enola: Solve for Rydberg stage 753/812.
[INFO] Enola: Solve for Rydberg stage 754/812.
[INFO] Enola: Solve for Rydberg stage 755/812.
[INFO] Enola: Solve for Rydberg stage 756/812.
[INFO] Enola: Solve for Rydberg stage 757/812.
[INFO] Enola: Solve for Rydberg stage 758/812.
[INFO] Enola: Solve for Rydberg stage 759/812.
[INFO] Enola: Solve for Rydberg stage 760/812.
[INFO] Enola: Solve for Rydberg stage 761/812.
[INFO] Enola: Solve for Rydberg stage 762/812.
[INFO] Enola: Solve for Rydberg stage 763/812.
[INFO] Enola: Solve for Rydberg stage 764/812.
[INFO] Enola: Solve for Rydberg stage 765/812.
[INFO] Enola: Solve for Rydberg stage 766/812.
[INFO] Enola: Solve for Rydberg stage 767/812.
[INFO] Enola: Solve for Rydberg stage 768/812.
[INFO] Enola: Solve for Rydberg stage 769/812.
[INFO] Enola: Solve for Rydberg stage 770/812.
[INFO] Enola: Solve for Rydberg stage 771/812.
[INFO] Enola: Solve for Rydberg stage 772/812.
[INFO] Enola: Solve for Rydberg stage 773/812.
[INFO] Enola: Solve for Rydberg stage 774/812.
[INFO] Enola: Solve for Rydberg stage 775/812.
[INFO] Enola: Solve for Rydberg stage 776/812.
[INFO] Enola: Solve for Rydberg stage 777/812.
[INFO] Enola: Solve for Rydberg stage 778/812.
[INFO] Enola: Solve for Rydberg stage 779/812.
[INFO] Enola: Solve for Rydberg stage 780/812.
[INFO] Enola: Solve for Rydberg stage 781/812.
[INFO] Enola: Solve for Rydberg stage 782/812.
[INFO] Enola: Solve for Rydberg stage 783/812.
[INFO] Enola: Solve for Rydberg stage 784/812.
[INFO] Enola: Solve for Rydberg stage 785/812.
[INFO] Enola: Solve for Rydberg stage 786/812.
[INFO] Enola: Solve for Rydberg stage 787/812.
[INFO] Enola: Solve for Rydberg stage 788/812.
[INFO] Enola: Solve for Rydberg stage 789/812.
[INFO] Enola: Solve for Rydberg stage 790/812.
[INFO] Enola: Solve for Rydberg stage 791/812.
[INFO] Enola: Solve for Rydberg stage 792/812.
[INFO] Enola: Solve for Rydberg stage 793/812.
[INFO] Enola: Solve for Rydberg stage 794/812.
[INFO] Enola: Solve for Rydberg stage 795/812.
[INFO] Enola: Solve for Rydberg stage 796/812.
[INFO] Enola: Solve for Rydberg stage 797/812.
[INFO] Enola: Solve for Rydberg stage 798/812.
[INFO] Enola: Solve for Rydberg stage 799/812.
[INFO] Enola: Solve for Rydberg stage 800/812.
[INFO] Enola: Solve for Rydberg stage 801/812.
[INFO] Enola: Solve for Rydberg stage 802/812.
[INFO] Enola: Solve for Rydberg stage 803/812.
[INFO] Enola: Solve for Rydberg stage 804/812.
[INFO] Enola: Solve for Rydberg stage 805/812.
[INFO] Enola: Solve for Rydberg stage 806/812.
[INFO] Enola: Solve for Rydberg stage 807/812.
[INFO] Enola: Solve for Rydberg stage 808/812.
[INFO] Enola: Solve for Rydberg stage 809/812.
[INFO] Enola: Solve for Rydberg stage 810/812.
[INFO] Enola: Solve for Rydberg stage 811/812.
[INFO] Enola: Solve for Rydberg stage 812/812.
[INFO] Enola: Solve for Rydberg stage 813/812.
[INFO] Enola: Time for routing: 0.11070895195007324s
[INFO] Enola: Total Time: 2.0519747734069824s
Compilation successful.

2026-03-25 17:27:59,460 - BenchmarkManager - INFO - enola (run 1/1) - Running /u/halle/heiz/home_at/BachelorProject/benchmarks/uf_fix50_20-100/uf50-060.qasm
2026-03-25 17:28:02,398 - Compiler.enola - INFO - STDOUT:
[INFO] Enola: Start Solving
[INFO] Enola: Run scheduling
[INFO] Enola: Time for scheduling: 0.0006458759307861328s
75
[INFO] Enola: Time for placement: 8.344650268554688e-06s
[INFO] Enola: Solve for Rydberg stage 2/844.
[INFO] Enola: Solve for Rydberg stage 3/844.
[INFO] Enola: Solve for Rydberg stage 4/844.
[INFO] Enola: Solve for Rydberg stage 5/844.
[INFO] Enola: Solve for Rydberg stage 6/844.
[INFO] Enola: Solve for Rydberg stage 7/844.
[INFO] Enola: Solve for Rydberg stage 8/844.
[INFO] Enola: Solve for Rydberg stage 9/844.
[INFO] Enola: Solve for Rydberg stage 10/844.
[INFO] Enola: Solve for Rydberg stage 11/844.
[INFO] Enola: Solve for Rydberg stage 12/844.
[INFO] Enola: Solve for Rydberg stage 13/844.
[INFO] Enola: Solve for Rydberg stage 14/844.
[INFO] Enola: Solve for Rydberg stage 15/844.
[INFO] Enola: Solve for Rydberg stage 16/844.
[INFO] Enola: Solve for Rydberg stage 17/844.
[INFO] Enola: Solve for Rydberg stage 18/844.
[INFO] Enola: Solve for Rydberg stage 19/844.
[INFO] Enola: Solve for Rydberg stage 20/844.
[INFO] Enola: Solve for Rydberg stage 21/844.
[INFO] Enola: Solve for Rydberg stage 22/844.
[INFO] Enola: Solve for Rydberg stage 23/844.
[INFO] Enola: Solve for Rydberg stage 24/844.
[INFO] Enola: Solve for Rydberg stage 25/844.
[INFO] Enola: Solve for Rydberg stage 26/844.
[INFO] Enola: Solve for Rydberg stage 27/844.
[INFO] Enola: Solve for Rydberg stage 28/844.
[INFO] Enola: Solve for Rydberg stage 29/844.
[INFO] Enola: Solve for Rydberg stage 30/844.
[INFO] Enola: Solve for Rydberg stage 31/844.
[INFO] Enola: Solve for Rydberg stage 32/844.
[INFO] Enola: Solve for Rydberg stage 33/844.
[INFO] Enola: Solve for Rydberg stage 34/844.
[INFO] Enola: Solve for Rydberg stage 35/844.
[INFO] Enola: Solve for Rydberg stage 36/844.
[INFO] Enola: Solve for Rydberg stage 37/844.
[INFO] Enola: Solve for Rydberg stage 38/844.
[INFO] Enola: Solve for Rydberg stage 39/844.
[INFO] Enola: Solve for Rydberg stage 40/844.
[INFO] Enola: Solve for Rydberg stage 41/844.
[INFO] Enola: Solve for Rydberg stage 42/844.
[INFO] Enola: Solve for Rydberg stage 43/844.
[INFO] Enola: Solve for Rydberg stage 44/844.
[INFO] Enola: Solve for Rydberg stage 45/844.
[INFO] Enola: Solve for Rydberg stage 46/844.
[INFO] Enola: Solve for Rydberg stage 47/844.
[INFO] Enola: Solve for Rydberg stage 48/844.
[INFO] Enola: Solve for Rydberg stage 49/844.
[INFO] Enola: Solve for Rydberg stage 50/844.
[INFO] Enola: Solve for Rydberg stage 51/844.
[INFO] Enola: Solve for Rydberg stage 52/844.
[INFO] Enola: Solve for Rydberg stage 53/844.
[INFO] Enola: Solve for Rydberg stage 54/844.
[INFO] Enola: Solve for Rydberg stage 55/844.
[INFO] Enola: Solve for Rydberg stage 56/844.
[INFO] Enola: Solve for Rydberg stage 57/844.
[INFO] Enola: Solve for Rydberg stage 58/844.
[INFO] Enola: Solve for Rydberg stage 59/844.
[INFO] Enola: Solve for Rydberg stage 60/844.
[INFO] Enola: Solve for Rydberg stage 61/844.
[INFO] Enola: Solve for Rydberg stage 62/844.
[INFO] Enola: Solve for Rydberg stage 63/844.
[INFO] Enola: Solve for Rydberg stage 64/844.
[INFO] Enola: Solve for Rydberg stage 65/844.
[INFO] Enola: Solve for Rydberg stage 66/844.
[INFO] Enola: Solve for Rydberg stage 67/844.
[INFO] Enola: Solve for Rydberg stage 68/844.
[INFO] Enola: Solve for Rydberg stage 69/844.
[INFO] Enola: Solve for Rydberg stage 70/844.
[INFO] Enola: Solve for Rydberg stage 71/844.
[INFO] Enola: Solve for Rydberg stage 72/844.
[INFO] Enola: Solve for Rydberg stage 73/844.
[INFO] Enola: Solve for Rydberg stage 74/844.
[INFO] Enola: Solve for Rydberg stage 75/844.
[INFO] Enola: Solve for Rydberg stage 76/844.
[INFO] Enola: Solve for Rydberg stage 77/844.
[INFO] Enola: Solve for Rydberg stage 78/844.
[INFO] Enola: Solve for Rydberg stage 79/844.
[INFO] Enola: Solve for Rydberg stage 80/844.
[INFO] Enola: Solve for Rydberg stage 81/844.
[INFO] Enola: Solve for Rydberg stage 82/844.
[INFO] Enola: Solve for Rydberg stage 83/844.
[INFO] Enola: Solve for Rydberg stage 84/844.
[INFO] Enola: Solve for Rydberg stage 85/844.
[INFO] Enola: Solve for Rydberg stage 86/844.
[INFO] Enola: Solve for Rydberg stage 87/844.
[INFO] Enola: Solve for Rydberg stage 88/844.
[INFO] Enola: Solve for Rydberg stage 89/844.
[INFO] Enola: Solve for Rydberg stage 90/844.
[INFO] Enola: Solve for Rydberg stage 91/844.
[INFO] Enola: Solve for Rydberg stage 92/844.
[INFO] Enola: Solve for Rydberg stage 93/844.
[INFO] Enola: Solve for Rydberg stage 94/844.
[INFO] Enola: Solve for Rydberg stage 95/844.
[INFO] Enola: Solve for Rydberg stage 96/844.
[INFO] Enola: Solve for Rydberg stage 97/844.
[INFO] Enola: Solve for Rydberg stage 98/844.
[INFO] Enola: Solve for Rydberg stage 99/844.
[INFO] Enola: Solve for Rydberg stage 100/844.
[INFO] Enola: Solve for Rydberg stage 101/844.
[INFO] Enola: Solve for Rydberg stage 102/844.
[INFO] Enola: Solve for Rydberg stage 103/844.
[INFO] Enola: Solve for Rydberg stage 104/844.
[INFO] Enola: Solve for Rydberg stage 105/844.
[INFO] Enola: Solve for Rydberg stage 106/844.
[INFO] Enola: Solve for Rydberg stage 107/844.
[INFO] Enola: Solve for Rydberg stage 108/844.
[INFO] Enola: Solve for Rydberg stage 109/844.
[INFO] Enola: Solve for Rydberg stage 110/844.
[INFO] Enola: Solve for Rydberg stage 111/844.
[INFO] Enola: Solve for Rydberg stage 112/844.
[INFO] Enola: Solve for Rydberg stage 113/844.
[INFO] Enola: Solve for Rydberg stage 114/844.
[INFO] Enola: Solve for Rydberg stage 115/844.
[INFO] Enola: Solve for Rydberg stage 116/844.
[INFO] Enola: Solve for Rydberg stage 117/844.
[INFO] Enola: Solve for Rydberg stage 118/844.
[INFO] Enola: Solve for Rydberg stage 119/844.
[INFO] Enola: Solve for Rydberg stage 120/844.
[INFO] Enola: Solve for Rydberg stage 121/844.
[INFO] Enola: Solve for Rydberg stage 122/844.
[INFO] Enola: Solve for Rydberg stage 123/844.
[INFO] Enola: Solve for Rydberg stage 124/844.
[INFO] Enola: Solve for Rydberg stage 125/844.
[INFO] Enola: Solve for Rydberg stage 126/844.
[INFO] Enola: Solve for Rydberg stage 127/844.
[INFO] Enola: Solve for Rydberg stage 128/844.
[INFO] Enola: Solve for Rydberg stage 129/844.
[INFO] Enola: Solve for Rydberg stage 130/844.
[INFO] Enola: Solve for Rydberg stage 131/844.
[INFO] Enola: Solve for Rydberg stage 132/844.
[INFO] Enola: Solve for Rydberg stage 133/844.
[INFO] Enola: Solve for Rydberg stage 134/844.
[INFO] Enola: Solve for Rydberg stage 135/844.
[INFO] Enola: Solve for Rydberg stage 136/844.
[INFO] Enola: Solve for Rydberg stage 137/844.
[INFO] Enola: Solve for Rydberg stage 138/844.
[INFO] Enola: Solve for Rydberg stage 139/844.
[INFO] Enola: Solve for Rydberg stage 140/844.
[INFO] Enola: Solve for Rydberg stage 141/844.
[INFO] Enola: Solve for Rydberg stage 142/844.
[INFO] Enola: Solve for Rydberg stage 143/844.
[INFO] Enola: Solve for Rydberg stage 144/844.
[INFO] Enola: Solve for Rydberg stage 145/844.
[INFO] Enola: Solve for Rydberg stage 146/844.
[INFO] Enola: Solve for Rydberg stage 147/844.
[INFO] Enola: Solve for Rydberg stage 148/844.
[INFO] Enola: Solve for Rydberg stage 149/844.
[INFO] Enola: Solve for Rydberg stage 150/844.
[INFO] Enola: Solve for Rydberg stage 151/844.
[INFO] Enola: Solve for Rydberg stage 152/844.
[INFO] Enola: Solve for Rydberg stage 153/844.
[INFO] Enola: Solve for Rydberg stage 154/844.
[INFO] Enola: Solve for Rydberg stage 155/844.
[INFO] Enola: Solve for Rydberg stage 156/844.
[INFO] Enola: Solve for Rydberg stage 157/844.
[INFO] Enola: Solve for Rydberg stage 158/844.
[INFO] Enola: Solve for Rydberg stage 159/844.
[INFO] Enola: Solve for Rydberg stage 160/844.
[INFO] Enola: Solve for Rydberg stage 161/844.
[INFO] Enola: Solve for Rydberg stage 162/844.
[INFO] Enola: Solve for Rydberg stage 163/844.
[INFO] Enola: Solve for Rydberg stage 164/844.
[INFO] Enola: Solve for Rydberg stage 165/844.
[INFO] Enola: Solve for Rydberg stage 166/844.
[INFO] Enola: Solve for Rydberg stage 167/844.
[INFO] Enola: Solve for Rydberg stage 168/844.
[INFO] Enola: Solve for Rydberg stage 169/844.
[INFO] Enola: Solve for Rydberg stage 170/844.
[INFO] Enola: Solve for Rydberg stage 171/844.
[INFO] Enola: Solve for Rydberg stage 172/844.
[INFO] Enola: Solve for Rydberg stage 173/844.
[INFO] Enola: Solve for Rydberg stage 174/844.
[INFO] Enola: Solve for Rydberg stage 175/844.
[INFO] Enola: Solve for Rydberg stage 176/844.
[INFO] Enola: Solve for Rydberg stage 177/844.
[INFO] Enola: Solve for Rydberg stage 178/844.
[INFO] Enola: Solve for Rydberg stage 179/844.
[INFO] Enola: Solve for Rydberg stage 180/844.
[INFO] Enola: Solve for Rydberg stage 181/844.
[INFO] Enola: Solve for Rydberg stage 182/844.
[INFO] Enola: Solve for Rydberg stage 183/844.
[INFO] Enola: Solve for Rydberg stage 184/844.
[INFO] Enola: Solve for Rydberg stage 185/844.
[INFO] Enola: Solve for Rydberg stage 186/844.
[INFO] Enola: Solve for Rydberg stage 187/844.
[INFO] Enola: Solve for Rydberg stage 188/844.
[INFO] Enola: Solve for Rydberg stage 189/844.
[INFO] Enola: Solve for Rydberg stage 190/844.
[INFO] Enola: Solve for Rydberg stage 191/844.
[INFO] Enola: Solve for Rydberg stage 192/844.
[INFO] Enola: Solve for Rydberg stage 193/844.
[INFO] Enola: Solve for Rydberg stage 194/844.
[INFO] Enola: Solve for Rydberg stage 195/844.
[INFO] Enola: Solve for Rydberg stage 196/844.
[INFO] Enola: Solve for Rydberg stage 197/844.
[INFO] Enola: Solve for Rydberg stage 198/844.
[INFO] Enola: Solve for Rydberg stage 199/844.
[INFO] Enola: Solve for Rydberg stage 200/844.
[INFO] Enola: Solve for Rydberg stage 201/844.
[INFO] Enola: Solve for Rydberg stage 202/844.
[INFO] Enola: Solve for Rydberg stage 203/844.
[INFO] Enola: Solve for Rydberg stage 204/844.
[INFO] Enola: Solve for Rydberg stage 205/844.
[INFO] Enola: Solve for Rydberg stage 206/844.
[INFO] Enola: Solve for Rydberg stage 207/844.
[INFO] Enola: Solve for Rydberg stage 208/844.
[INFO] Enola: Solve for Rydberg stage 209/844.
[INFO] Enola: Solve for Rydberg stage 210/844.
[INFO] Enola: Solve for Rydberg stage 211/844.
[INFO] Enola: Solve for Rydberg stage 212/844.
[INFO] Enola: Solve for Rydberg stage 213/844.
[INFO] Enola: Solve for Rydberg stage 214/844.
[INFO] Enola: Solve for Rydberg stage 215/844.
[INFO] Enola: Solve for Rydberg stage 216/844.
[INFO] Enola: Solve for Rydberg stage 217/844.
[INFO] Enola: Solve for Rydberg stage 218/844.
[INFO] Enola: Solve for Rydberg stage 219/844.
[INFO] Enola: Solve for Rydberg stage 220/844.
[INFO] Enola: Solve for Rydberg stage 221/844.
[INFO] Enola: Solve for Rydberg stage 222/844.
[INFO] Enola: Solve for Rydberg stage 223/844.
[INFO] Enola: Solve for Rydberg stage 224/844.
[INFO] Enola: Solve for Rydberg stage 225/844.
[INFO] Enola: Solve for Rydberg stage 226/844.
[INFO] Enola: Solve for Rydberg stage 227/844.
[INFO] Enola: Solve for Rydberg stage 228/844.
[INFO] Enola: Solve for Rydberg stage 229/844.
[INFO] Enola: Solve for Rydberg stage 230/844.
[INFO] Enola: Solve for Rydberg stage 231/844.
[INFO] Enola: Solve for Rydberg stage 232/844.
[INFO] Enola: Solve for Rydberg stage 233/844.
[INFO] Enola: Solve for Rydberg stage 234/844.
[INFO] Enola: Solve for Rydberg stage 235/844.
[INFO] Enola: Solve for Rydberg stage 236/844.
[INFO] Enola: Solve for Rydberg stage 237/844.
[INFO] Enola: Solve for Rydberg stage 238/844.
[INFO] Enola: Solve for Rydberg stage 239/844.
[INFO] Enola: Solve for Rydberg stage 240/844.
[INFO] Enola: Solve for Rydberg stage 241/844.
[INFO] Enola: Solve for Rydberg stage 242/844.
[INFO] Enola: Solve for Rydberg stage 243/844.
[INFO] Enola: Solve for Rydberg stage 244/844.
[INFO] Enola: Solve for Rydberg stage 245/844.
[INFO] Enola: Solve for Rydberg stage 246/844.
[INFO] Enola: Solve for Rydberg stage 247/844.
[INFO] Enola: Solve for Rydberg stage 248/844.
[INFO] Enola: Solve for Rydberg stage 249/844.
[INFO] Enola: Solve for Rydberg stage 250/844.
[INFO] Enola: Solve for Rydberg stage 251/844.
[INFO] Enola: Solve for Rydberg stage 252/844.
[INFO] Enola: Solve for Rydberg stage 253/844.
[INFO] Enola: Solve for Rydberg stage 254/844.
[INFO] Enola: Solve for Rydberg stage 255/844.
[INFO] Enola: Solve for Rydberg stage 256/844.
[INFO] Enola: Solve for Rydberg stage 257/844.
[INFO] Enola: Solve for Rydberg stage 258/844.
[INFO] Enola: Solve for Rydberg stage 259/844.
[INFO] Enola: Solve for Rydberg stage 260/844.
[INFO] Enola: Solve for Rydberg stage 261/844.
[INFO] Enola: Solve for Rydberg stage 262/844.
[INFO] Enola: Solve for Rydberg stage 263/844.
[INFO] Enola: Solve for Rydberg stage 264/844.
[INFO] Enola: Solve for Rydberg stage 265/844.
[INFO] Enola: Solve for Rydberg stage 266/844.
[INFO] Enola: Solve for Rydberg stage 267/844.
[INFO] Enola: Solve for Rydberg stage 268/844.
[INFO] Enola: Solve for Rydberg stage 269/844.
[INFO] Enola: Solve for Rydberg stage 270/844.
[INFO] Enola: Solve for Rydberg stage 271/844.
[INFO] Enola: Solve for Rydberg stage 272/844.
[INFO] Enola: Solve for Rydberg stage 273/844.
[INFO] Enola: Solve for Rydberg stage 274/844.
[INFO] Enola: Solve for Rydberg stage 275/844.
[INFO] Enola: Solve for Rydberg stage 276/844.
[INFO] Enola: Solve for Rydberg stage 277/844.
[INFO] Enola: Solve for Rydberg stage 278/844.
[INFO] Enola: Solve for Rydberg stage 279/844.
[INFO] Enola: Solve for Rydberg stage 280/844.
[INFO] Enola: Solve for Rydberg stage 281/844.
[INFO] Enola: Solve for Rydberg stage 282/844.
[INFO] Enola: Solve for Rydberg stage 283/844.
[INFO] Enola: Solve for Rydberg stage 284/844.
[INFO] Enola: Solve for Rydberg stage 285/844.
[INFO] Enola: Solve for Rydberg stage 286/844.
[INFO] Enola: Solve for Rydberg stage 287/844.
[INFO] Enola: Solve for Rydberg stage 288/844.
[INFO] Enola: Solve for Rydberg stage 289/844.
[INFO] Enola: Solve for Rydberg stage 290/844.
[INFO] Enola: Solve for Rydberg stage 291/844.
[INFO] Enola: Solve for Rydberg stage 292/844.
[INFO] Enola: Solve for Rydberg stage 293/844.
[INFO] Enola: Solve for Rydberg stage 294/844.
[INFO] Enola: Solve for Rydberg stage 295/844.
[INFO] Enola: Solve for Rydberg stage 296/844.
[INFO] Enola: Solve for Rydberg stage 297/844.
[INFO] Enola: Solve for Rydberg stage 298/844.
[INFO] Enola: Solve for Rydberg stage 299/844.
[INFO] Enola: Solve for Rydberg stage 300/844.
[INFO] Enola: Solve for Rydberg stage 301/844.
[INFO] Enola: Solve for Rydberg stage 302/844.
[INFO] Enola: Solve for Rydberg stage 303/844.
[INFO] Enola: Solve for Rydberg stage 304/844.
[INFO] Enola: Solve for Rydberg stage 305/844.
[INFO] Enola: Solve for Rydberg stage 306/844.
[INFO] Enola: Solve for Rydberg stage 307/844.
[INFO] Enola: Solve for Rydberg stage 308/844.
[INFO] Enola: Solve for Rydberg stage 309/844.
[INFO] Enola: Solve for Rydberg stage 310/844.
[INFO] Enola: Solve for Rydberg stage 311/844.
[INFO] Enola: Solve for Rydberg stage 312/844.
[INFO] Enola: Solve for Rydberg stage 313/844.
[INFO] Enola: Solve for Rydberg stage 314/844.
[INFO] Enola: Solve for Rydberg stage 315/844.
[INFO] Enola: Solve for Rydberg stage 316/844.
[INFO] Enola: Solve for Rydberg stage 317/844.
[INFO] Enola: Solve for Rydberg stage 318/844.
[INFO] Enola: Solve for Rydberg stage 319/844.
[INFO] Enola: Solve for Rydberg stage 320/844.
[INFO] Enola: Solve for Rydberg stage 321/844.
[INFO] Enola: Solve for Rydberg stage 322/844.
[INFO] Enola: Solve for Rydberg stage 323/844.
[INFO] Enola: Solve for Rydberg stage 324/844.
[INFO] Enola: Solve for Rydberg stage 325/844.
[INFO] Enola: Solve for Rydberg stage 326/844.
[INFO] Enola: Solve for Rydberg stage 327/844.
[INFO] Enola: Solve for Rydberg stage 328/844.
[INFO] Enola: Solve for Rydberg stage 329/844.
[INFO] Enola: Solve for Rydberg stage 330/844.
[INFO] Enola: Solve for Rydberg stage 331/844.
[INFO] Enola: Solve for Rydberg stage 332/844.
[INFO] Enola: Solve for Rydberg stage 333/844.
[INFO] Enola: Solve for Rydberg stage 334/844.
[INFO] Enola: Solve for Rydberg stage 335/844.
[INFO] Enola: Solve for Rydberg stage 336/844.
[INFO] Enola: Solve for Rydberg stage 337/844.
[INFO] Enola: Solve for Rydberg stage 338/844.
[INFO] Enola: Solve for Rydberg stage 339/844.
[INFO] Enola: Solve for Rydberg stage 340/844.
[INFO] Enola: Solve for Rydberg stage 341/844.
[INFO] Enola: Solve for Rydberg stage 342/844.
[INFO] Enola: Solve for Rydberg stage 343/844.
[INFO] Enola: Solve for Rydberg stage 344/844.
[INFO] Enola: Solve for Rydberg stage 345/844.
[INFO] Enola: Solve for Rydberg stage 346/844.
[INFO] Enola: Solve for Rydberg stage 347/844.
[INFO] Enola: Solve for Rydberg stage 348/844.
[INFO] Enola: Solve for Rydberg stage 349/844.
[INFO] Enola: Solve for Rydberg stage 350/844.
[INFO] Enola: Solve for Rydberg stage 351/844.
[INFO] Enola: Solve for Rydberg stage 352/844.
[INFO] Enola: Solve for Rydberg stage 353/844.
[INFO] Enola: Solve for Rydberg stage 354/844.
[INFO] Enola: Solve for Rydberg stage 355/844.
[INFO] Enola: Solve for Rydberg stage 356/844.
[INFO] Enola: Solve for Rydberg stage 357/844.
[INFO] Enola: Solve for Rydberg stage 358/844.
[INFO] Enola: Solve for Rydberg stage 359/844.
[INFO] Enola: Solve for Rydberg stage 360/844.
[INFO] Enola: Solve for Rydberg stage 361/844.
[INFO] Enola: Solve for Rydberg stage 362/844.
[INFO] Enola: Solve for Rydberg stage 363/844.
[INFO] Enola: Solve for Rydberg stage 364/844.
[INFO] Enola: Solve for Rydberg stage 365/844.
[INFO] Enola: Solve for Rydberg stage 366/844.
[INFO] Enola: Solve for Rydberg stage 367/844.
[INFO] Enola: Solve for Rydberg stage 368/844.
[INFO] Enola: Solve for Rydberg stage 369/844.
[INFO] Enola: Solve for Rydberg stage 370/844.
[INFO] Enola: Solve for Rydberg stage 371/844.
[INFO] Enola: Solve for Rydberg stage 372/844.
[INFO] Enola: Solve for Rydberg stage 373/844.
[INFO] Enola: Solve for Rydberg stage 374/844.
[INFO] Enola: Solve for Rydberg stage 375/844.
[INFO] Enola: Solve for Rydberg stage 376/844.
[INFO] Enola: Solve for Rydberg stage 377/844.
[INFO] Enola: Solve for Rydberg stage 378/844.
[INFO] Enola: Solve for Rydberg stage 379/844.
[INFO] Enola: Solve for Rydberg stage 380/844.
[INFO] Enola: Solve for Rydberg stage 381/844.
[INFO] Enola: Solve for Rydberg stage 382/844.
[INFO] Enola: Solve for Rydberg stage 383/844.
[INFO] Enola: Solve for Rydberg stage 384/844.
[INFO] Enola: Solve for Rydberg stage 385/844.
[INFO] Enola: Solve for Rydberg stage 386/844.
[INFO] Enola: Solve for Rydberg stage 387/844.
[INFO] Enola: Solve for Rydberg stage 388/844.
[INFO] Enola: Solve for Rydberg stage 389/844.
[INFO] Enola: Solve for Rydberg stage 390/844.
[INFO] Enola: Solve for Rydberg stage 391/844.
[INFO] Enola: Solve for Rydberg stage 392/844.
[INFO] Enola: Solve for Rydberg stage 393/844.
[INFO] Enola: Solve for Rydberg stage 394/844.
[INFO] Enola: Solve for Rydberg stage 395/844.
[INFO] Enola: Solve for Rydberg stage 396/844.
[INFO] Enola: Solve for Rydberg stage 397/844.
[INFO] Enola: Solve for Rydberg stage 398/844.
[INFO] Enola: Solve for Rydberg stage 399/844.
[INFO] Enola: Solve for Rydberg stage 400/844.
[INFO] Enola: Solve for Rydberg stage 401/844.
[INFO] Enola: Solve for Rydberg stage 402/844.
[INFO] Enola: Solve for Rydberg stage 403/844.
[INFO] Enola: Solve for Rydberg stage 404/844.
[INFO] Enola: Solve for Rydberg stage 405/844.
[INFO] Enola: Solve for Rydberg stage 406/844.
[INFO] Enola: Solve for Rydberg stage 407/844.
[INFO] Enola: Solve for Rydberg stage 408/844.
[INFO] Enola: Solve for Rydberg stage 409/844.
[INFO] Enola: Solve for Rydberg stage 410/844.
[INFO] Enola: Solve for Rydberg stage 411/844.
[INFO] Enola: Solve for Rydberg stage 412/844.
[INFO] Enola: Solve for Rydberg stage 413/844.
[INFO] Enola: Solve for Rydberg stage 414/844.
[INFO] Enola: Solve for Rydberg stage 415/844.
[INFO] Enola: Solve for Rydberg stage 416/844.
[INFO] Enola: Solve for Rydberg stage 417/844.
[INFO] Enola: Solve for Rydberg stage 418/844.
[INFO] Enola: Solve for Rydberg stage 419/844.
[INFO] Enola: Solve for Rydberg stage 420/844.
[INFO] Enola: Solve for Rydberg stage 421/844.
[INFO] Enola: Solve for Rydberg stage 422/844.
[INFO] Enola: Solve for Rydberg stage 423/844.
[INFO] Enola: Solve for Rydberg stage 424/844.
[INFO] Enola: Solve for Rydberg stage 425/844.
[INFO] Enola: Solve for Rydberg stage 426/844.
[INFO] Enola: Solve for Rydberg stage 427/844.
[INFO] Enola: Solve for Rydberg stage 428/844.
[INFO] Enola: Solve for Rydberg stage 429/844.
[INFO] Enola: Solve for Rydberg stage 430/844.
[INFO] Enola: Solve for Rydberg stage 431/844.
[INFO] Enola: Solve for Rydberg stage 432/844.
[INFO] Enola: Solve for Rydberg stage 433/844.
[INFO] Enola: Solve for Rydberg stage 434/844.
[INFO] Enola: Solve for Rydberg stage 435/844.
[INFO] Enola: Solve for Rydberg stage 436/844.
[INFO] Enola: Solve for Rydberg stage 437/844.
[INFO] Enola: Solve for Rydberg stage 438/844.
[INFO] Enola: Solve for Rydberg stage 439/844.
[INFO] Enola: Solve for Rydberg stage 440/844.
[INFO] Enola: Solve for Rydberg stage 441/844.
[INFO] Enola: Solve for Rydberg stage 442/844.
[INFO] Enola: Solve for Rydberg stage 443/844.
[INFO] Enola: Solve for Rydberg stage 444/844.
[INFO] Enola: Solve for Rydberg stage 445/844.
[INFO] Enola: Solve for Rydberg stage 446/844.
[INFO] Enola: Solve for Rydberg stage 447/844.
[INFO] Enola: Solve for Rydberg stage 448/844.
[INFO] Enola: Solve for Rydberg stage 449/844.
[INFO] Enola: Solve for Rydberg stage 450/844.
[INFO] Enola: Solve for Rydberg stage 451/844.
[INFO] Enola: Solve for Rydberg stage 452/844.
[INFO] Enola: Solve for Rydberg stage 453/844.
[INFO] Enola: Solve for Rydberg stage 454/844.
[INFO] Enola: Solve for Rydberg stage 455/844.
[INFO] Enola: Solve for Rydberg stage 456/844.
[INFO] Enola: Solve for Rydberg stage 457/844.
[INFO] Enola: Solve for Rydberg stage 458/844.
[INFO] Enola: Solve for Rydberg stage 459/844.
[INFO] Enola: Solve for Rydberg stage 460/844.
[INFO] Enola: Solve for Rydberg stage 461/844.
[INFO] Enola: Solve for Rydberg stage 462/844.
[INFO] Enola: Solve for Rydberg stage 463/844.
[INFO] Enola: Solve for Rydberg stage 464/844.
[INFO] Enola: Solve for Rydberg stage 465/844.
[INFO] Enola: Solve for Rydberg stage 466/844.
[INFO] Enola: Solve for Rydberg stage 467/844.
[INFO] Enola: Solve for Rydberg stage 468/844.
[INFO] Enola: Solve for Rydberg stage 469/844.
[INFO] Enola: Solve for Rydberg stage 470/844.
[INFO] Enola: Solve for Rydberg stage 471/844.
[INFO] Enola: Solve for Rydberg stage 472/844.
[INFO] Enola: Solve for Rydberg stage 473/844.
[INFO] Enola: Solve for Rydberg stage 474/844.
[INFO] Enola: Solve for Rydberg stage 475/844.
[INFO] Enola: Solve for Rydberg stage 476/844.
[INFO] Enola: Solve for Rydberg stage 477/844.
[INFO] Enola: Solve for Rydberg stage 478/844.
[INFO] Enola: Solve for Rydberg stage 479/844.
[INFO] Enola: Solve for Rydberg stage 480/844.
[INFO] Enola: Solve for Rydberg stage 481/844.
[INFO] Enola: Solve for Rydberg stage 482/844.
[INFO] Enola: Solve for Rydberg stage 483/844.
[INFO] Enola: Solve for Rydberg stage 484/844.
[INFO] Enola: Solve for Rydberg stage 485/844.
[INFO] Enola: Solve for Rydberg stage 486/844.
[INFO] Enola: Solve for Rydberg stage 487/844.
[INFO] Enola: Solve for Rydberg stage 488/844.
[INFO] Enola: Solve for Rydberg stage 489/844.
[INFO] Enola: Solve for Rydberg stage 490/844.
[INFO] Enola: Solve for Rydberg stage 491/844.
[INFO] Enola: Solve for Rydberg stage 492/844.
[INFO] Enola: Solve for Rydberg stage 493/844.
[INFO] Enola: Solve for Rydberg stage 494/844.
[INFO] Enola: Solve for Rydberg stage 495/844.
[INFO] Enola: Solve for Rydberg stage 496/844.
[INFO] Enola: Solve for Rydberg stage 497/844.
[INFO] Enola: Solve for Rydberg stage 498/844.
[INFO] Enola: Solve for Rydberg stage 499/844.
[INFO] Enola: Solve for Rydberg stage 500/844.
[INFO] Enola: Solve for Rydberg stage 501/844.
[INFO] Enola: Solve for Rydberg stage 502/844.
[INFO] Enola: Solve for Rydberg stage 503/844.
[INFO] Enola: Solve for Rydberg stage 504/844.
[INFO] Enola: Solve for Rydberg stage 505/844.
[INFO] Enola: Solve for Rydberg stage 506/844.
[INFO] Enola: Solve for Rydberg stage 507/844.
[INFO] Enola: Solve for Rydberg stage 508/844.
[INFO] Enola: Solve for Rydberg stage 509/844.
[INFO] Enola: Solve for Rydberg stage 510/844.
[INFO] Enola: Solve for Rydberg stage 511/844.
[INFO] Enola: Solve for Rydberg stage 512/844.
[INFO] Enola: Solve for Rydberg stage 513/844.
[INFO] Enola: Solve for Rydberg stage 514/844.
[INFO] Enola: Solve for Rydberg stage 515/844.
[INFO] Enola: Solve for Rydberg stage 516/844.
[INFO] Enola: Solve for Rydberg stage 517/844.
[INFO] Enola: Solve for Rydberg stage 518/844.
[INFO] Enola: Solve for Rydberg stage 519/844.
[INFO] Enola: Solve for Rydberg stage 520/844.
[INFO] Enola: Solve for Rydberg stage 521/844.
[INFO] Enola: Solve for Rydberg stage 522/844.
[INFO] Enola: Solve for Rydberg stage 523/844.
[INFO] Enola: Solve for Rydberg stage 524/844.
[INFO] Enola: Solve for Rydberg stage 525/844.
[INFO] Enola: Solve for Rydberg stage 526/844.
[INFO] Enola: Solve for Rydberg stage 527/844.
[INFO] Enola: Solve for Rydberg stage 528/844.
[INFO] Enola: Solve for Rydberg stage 529/844.
[INFO] Enola: Solve for Rydberg stage 530/844.
[INFO] Enola: Solve for Rydberg stage 531/844.
[INFO] Enola: Solve for Rydberg stage 532/844.
[INFO] Enola: Solve for Rydberg stage 533/844.
[INFO] Enola: Solve for Rydberg stage 534/844.
[INFO] Enola: Solve for Rydberg stage 535/844.
[INFO] Enola: Solve for Rydberg stage 536/844.
[INFO] Enola: Solve for Rydberg stage 537/844.
[INFO] Enola: Solve for Rydberg stage 538/844.
[INFO] Enola: Solve for Rydberg stage 539/844.
[INFO] Enola: Solve for Rydberg stage 540/844.
[INFO] Enola: Solve for Rydberg stage 541/844.
[INFO] Enola: Solve for Rydberg stage 542/844.
[INFO] Enola: Solve for Rydberg stage 543/844.
[INFO] Enola: Solve for Rydberg stage 544/844.
[INFO] Enola: Solve for Rydberg stage 545/844.
[INFO] Enola: Solve for Rydberg stage 546/844.
[INFO] Enola: Solve for Rydberg stage 547/844.
[INFO] Enola: Solve for Rydberg stage 548/844.
[INFO] Enola: Solve for Rydberg stage 549/844.
[INFO] Enola: Solve for Rydberg stage 550/844.
[INFO] Enola: Solve for Rydberg stage 551/844.
[INFO] Enola: Solve for Rydberg stage 552/844.
[INFO] Enola: Solve for Rydberg stage 553/844.
[INFO] Enola: Solve for Rydberg stage 554/844.
[INFO] Enola: Solve for Rydberg stage 555/844.
[INFO] Enola: Solve for Rydberg stage 556/844.
[INFO] Enola: Solve for Rydberg stage 557/844.
[INFO] Enola: Solve for Rydberg stage 558/844.
[INFO] Enola: Solve for Rydberg stage 559/844.
[INFO] Enola: Solve for Rydberg stage 560/844.
[INFO] Enola: Solve for Rydberg stage 561/844.
[INFO] Enola: Solve for Rydberg stage 562/844.
[INFO] Enola: Solve for Rydberg stage 563/844.
[INFO] Enola: Solve for Rydberg stage 564/844.
[INFO] Enola: Solve for Rydberg stage 565/844.
[INFO] Enola: Solve for Rydberg stage 566/844.
[INFO] Enola: Solve for Rydberg stage 567/844.
[INFO] Enola: Solve for Rydberg stage 568/844.
[INFO] Enola: Solve for Rydberg stage 569/844.
[INFO] Enola: Solve for Rydberg stage 570/844.
[INFO] Enola: Solve for Rydberg stage 571/844.
[INFO] Enola: Solve for Rydberg stage 572/844.
[INFO] Enola: Solve for Rydberg stage 573/844.
[INFO] Enola: Solve for Rydberg stage 574/844.
[INFO] Enola: Solve for Rydberg stage 575/844.
[INFO] Enola: Solve for Rydberg stage 576/844.
[INFO] Enola: Solve for Rydberg stage 577/844.
[INFO] Enola: Solve for Rydberg stage 578/844.
[INFO] Enola: Solve for Rydberg stage 579/844.
[INFO] Enola: Solve for Rydberg stage 580/844.
[INFO] Enola: Solve for Rydberg stage 581/844.
[INFO] Enola: Solve for Rydberg stage 582/844.
[INFO] Enola: Solve for Rydberg stage 583/844.
[INFO] Enola: Solve for Rydberg stage 584/844.
[INFO] Enola: Solve for Rydberg stage 585/844.
[INFO] Enola: Solve for Rydberg stage 586/844.
[INFO] Enola: Solve for Rydberg stage 587/844.
[INFO] Enola: Solve for Rydberg stage 588/844.
[INFO] Enola: Solve for Rydberg stage 589/844.
[INFO] Enola: Solve for Rydberg stage 590/844.
[INFO] Enola: Solve for Rydberg stage 591/844.
[INFO] Enola: Solve for Rydberg stage 592/844.
[INFO] Enola: Solve for Rydberg stage 593/844.
[INFO] Enola: Solve for Rydberg stage 594/844.
[INFO] Enola: Solve for Rydberg stage 595/844.
[INFO] Enola: Solve for Rydberg stage 596/844.
[INFO] Enola: Solve for Rydberg stage 597/844.
[INFO] Enola: Solve for Rydberg stage 598/844.
[INFO] Enola: Solve for Rydberg stage 599/844.
[INFO] Enola: Solve for Rydberg stage 600/844.
[INFO] Enola: Solve for Rydberg stage 601/844.
[INFO] Enola: Solve for Rydberg stage 602/844.
[INFO] Enola: Solve for Rydberg stage 603/844.
[INFO] Enola: Solve for Rydberg stage 604/844.
[INFO] Enola: Solve for Rydberg stage 605/844.
[INFO] Enola: Solve for Rydberg stage 606/844.
[INFO] Enola: Solve for Rydberg stage 607/844.
[INFO] Enola: Solve for Rydberg stage 608/844.
[INFO] Enola: Solve for Rydberg stage 609/844.
[INFO] Enola: Solve for Rydberg stage 610/844.
[INFO] Enola: Solve for Rydberg stage 611/844.
[INFO] Enola: Solve for Rydberg stage 612/844.
[INFO] Enola: Solve for Rydberg stage 613/844.
[INFO] Enola: Solve for Rydberg stage 614/844.
[INFO] Enola: Solve for Rydberg stage 615/844.
[INFO] Enola: Solve for Rydberg stage 616/844.
[INFO] Enola: Solve for Rydberg stage 617/844.
[INFO] Enola: Solve for Rydberg stage 618/844.
[INFO] Enola: Solve for Rydberg stage 619/844.
[INFO] Enola: Solve for Rydberg stage 620/844.
[INFO] Enola: Solve for Rydberg stage 621/844.
[INFO] Enola: Solve for Rydberg stage 622/844.
[INFO] Enola: Solve for Rydberg stage 623/844.
[INFO] Enola: Solve for Rydberg stage 624/844.
[INFO] Enola: Solve for Rydberg stage 625/844.
[INFO] Enola: Solve for Rydberg stage 626/844.
[INFO] Enola: Solve for Rydberg stage 627/844.
[INFO] Enola: Solve for Rydberg stage 628/844.
[INFO] Enola: Solve for Rydberg stage 629/844.
[INFO] Enola: Solve for Rydberg stage 630/844.
[INFO] Enola: Solve for Rydberg stage 631/844.
[INFO] Enola: Solve for Rydberg stage 632/844.
[INFO] Enola: Solve for Rydberg stage 633/844.
[INFO] Enola: Solve for Rydberg stage 634/844.
[INFO] Enola: Solve for Rydberg stage 635/844.
[INFO] Enola: Solve for Rydberg stage 636/844.
[INFO] Enola: Solve for Rydberg stage 637/844.
[INFO] Enola: Solve for Rydberg stage 638/844.
[INFO] Enola: Solve for Rydberg stage 639/844.
[INFO] Enola: Solve for Rydberg stage 640/844.
[INFO] Enola: Solve for Rydberg stage 641/844.
[INFO] Enola: Solve for Rydberg stage 642/844.
[INFO] Enola: Solve for Rydberg stage 643/844.
[INFO] Enola: Solve for Rydberg stage 644/844.
[INFO] Enola: Solve for Rydberg stage 645/844.
[INFO] Enola: Solve for Rydberg stage 646/844.
[INFO] Enola: Solve for Rydberg stage 647/844.
[INFO] Enola: Solve for Rydberg stage 648/844.
[INFO] Enola: Solve for Rydberg stage 649/844.
[INFO] Enola: Solve for Rydberg stage 650/844.
[INFO] Enola: Solve for Rydberg stage 651/844.
[INFO] Enola: Solve for Rydberg stage 652/844.
[INFO] Enola: Solve for Rydberg stage 653/844.
[INFO] Enola: Solve for Rydberg stage 654/844.
[INFO] Enola: Solve for Rydberg stage 655/844.
[INFO] Enola: Solve for Rydberg stage 656/844.
[INFO] Enola: Solve for Rydberg stage 657/844.
[INFO] Enola: Solve for Rydberg stage 658/844.
[INFO] Enola: Solve for Rydberg stage 659/844.
[INFO] Enola: Solve for Rydberg stage 660/844.
[INFO] Enola: Solve for Rydberg stage 661/844.
[INFO] Enola: Solve for Rydberg stage 662/844.
[INFO] Enola: Solve for Rydberg stage 663/844.
[INFO] Enola: Solve for Rydberg stage 664/844.
[INFO] Enola: Solve for Rydberg stage 665/844.
[INFO] Enola: Solve for Rydberg stage 666/844.
[INFO] Enola: Solve for Rydberg stage 667/844.
[INFO] Enola: Solve for Rydberg stage 668/844.
[INFO] Enola: Solve for Rydberg stage 669/844.
[INFO] Enola: Solve for Rydberg stage 670/844.
[INFO] Enola: Solve for Rydberg stage 671/844.
[INFO] Enola: Solve for Rydberg stage 672/844.
[INFO] Enola: Solve for Rydberg stage 673/844.
[INFO] Enola: Solve for Rydberg stage 674/844.
[INFO] Enola: Solve for Rydberg stage 675/844.
[INFO] Enola: Solve for Rydberg stage 676/844.
[INFO] Enola: Solve for Rydberg stage 677/844.
[INFO] Enola: Solve for Rydberg stage 678/844.
[INFO] Enola: Solve for Rydberg stage 679/844.
[INFO] Enola: Solve for Rydberg stage 680/844.
[INFO] Enola: Solve for Rydberg stage 681/844.
[INFO] Enola: Solve for Rydberg stage 682/844.
[INFO] Enola: Solve for Rydberg stage 683/844.
[INFO] Enola: Solve for Rydberg stage 684/844.
[INFO] Enola: Solve for Rydberg stage 685/844.
[INFO] Enola: Solve for Rydberg stage 686/844.
[INFO] Enola: Solve for Rydberg stage 687/844.
[INFO] Enola: Solve for Rydberg stage 688/844.
[INFO] Enola: Solve for Rydberg stage 689/844.
[INFO] Enola: Solve for Rydberg stage 690/844.
[INFO] Enola: Solve for Rydberg stage 691/844.
[INFO] Enola: Solve for Rydberg stage 692/844.
[INFO] Enola: Solve for Rydberg stage 693/844.
[INFO] Enola: Solve for Rydberg stage 694/844.
[INFO] Enola: Solve for Rydberg stage 695/844.
[INFO] Enola: Solve for Rydberg stage 696/844.
[INFO] Enola: Solve for Rydberg stage 697/844.
[INFO] Enola: Solve for Rydberg stage 698/844.
[INFO] Enola: Solve for Rydberg stage 699/844.
[INFO] Enola: Solve for Rydberg stage 700/844.
[INFO] Enola: Solve for Rydberg stage 701/844.
[INFO] Enola: Solve for Rydberg stage 702/844.
[INFO] Enola: Solve for Rydberg stage 703/844.
[INFO] Enola: Solve for Rydberg stage 704/844.
[INFO] Enola: Solve for Rydberg stage 705/844.
[INFO] Enola: Solve for Rydberg stage 706/844.
[INFO] Enola: Solve for Rydberg stage 707/844.
[INFO] Enola: Solve for Rydberg stage 708/844.
[INFO] Enola: Solve for Rydberg stage 709/844.
[INFO] Enola: Solve for Rydberg stage 710/844.
[INFO] Enola: Solve for Rydberg stage 711/844.
[INFO] Enola: Solve for Rydberg stage 712/844.
[INFO] Enola: Solve for Rydberg stage 713/844.
[INFO] Enola: Solve for Rydberg stage 714/844.
[INFO] Enola: Solve for Rydberg stage 715/844.
[INFO] Enola: Solve for Rydberg stage 716/844.
[INFO] Enola: Solve for Rydberg stage 717/844.
[INFO] Enola: Solve for Rydberg stage 718/844.
[INFO] Enola: Solve for Rydberg stage 719/844.
[INFO] Enola: Solve for Rydberg stage 720/844.
[INFO] Enola: Solve for Rydberg stage 721/844.
[INFO] Enola: Solve for Rydberg stage 722/844.
[INFO] Enola: Solve for Rydberg stage 723/844.
[INFO] Enola: Solve for Rydberg stage 724/844.
[INFO] Enola: Solve for Rydberg stage 725/844.
[INFO] Enola: Solve for Rydberg stage 726/844.
[INFO] Enola: Solve for Rydberg stage 727/844.
[INFO] Enola: Solve for Rydberg stage 728/844.
[INFO] Enola: Solve for Rydberg stage 729/844.
[INFO] Enola: Solve for Rydberg stage 730/844.
[INFO] Enola: Solve for Rydberg stage 731/844.
[INFO] Enola: Solve for Rydberg stage 732/844.
[INFO] Enola: Solve for Rydberg stage 733/844.
[INFO] Enola: Solve for Rydberg stage 734/844.
[INFO] Enola: Solve for Rydberg stage 735/844.
[INFO] Enola: Solve for Rydberg stage 736/844.
[INFO] Enola: Solve for Rydberg stage 737/844.
[INFO] Enola: Solve for Rydberg stage 738/844.
[INFO] Enola: Solve for Rydberg stage 739/844.
[INFO] Enola: Solve for Rydberg stage 740/844.
[INFO] Enola: Solve for Rydberg stage 741/844.
[INFO] Enola: Solve for Rydberg stage 742/844.
[INFO] Enola: Solve for Rydberg stage 743/844.
[INFO] Enola: Solve for Rydberg stage 744/844.
[INFO] Enola: Solve for Rydberg stage 745/844.
[INFO] Enola: Solve for Rydberg stage 746/844.
[INFO] Enola: Solve for Rydberg stage 747/844.
[INFO] Enola: Solve for Rydberg stage 748/844.
[INFO] Enola: Solve for Rydberg stage 749/844.
[INFO] Enola: Solve for Rydberg stage 750/844.
[INFO] Enola: Solve for Rydberg stage 751/844.
[INFO] Enola: Solve for Rydberg stage 752/844.
[INFO] Enola: Solve for Rydberg stage 753/844.
[INFO] Enola: Solve for Rydberg stage 754/844.
[INFO] Enola: Solve for Rydberg stage 755/844.
[INFO] Enola: Solve for Rydberg stage 756/844.
[INFO] Enola: Solve for Rydberg stage 757/844.
[INFO] Enola: Solve for Rydberg stage 758/844.
[INFO] Enola: Solve for Rydberg stage 759/844.
[INFO] Enola: Solve for Rydberg stage 760/844.
[INFO] Enola: Solve for Rydberg stage 761/844.
[INFO] Enola: Solve for Rydberg stage 762/844.
[INFO] Enola: Solve for Rydberg stage 763/844.
[INFO] Enola: Solve for Rydberg stage 764/844.
[INFO] Enola: Solve for Rydberg stage 765/844.
[INFO] Enola: Solve for Rydberg stage 766/844.
[INFO] Enola: Solve for Rydberg stage 767/844.
[INFO] Enola: Solve for Rydberg stage 768/844.
[INFO] Enola: Solve for Rydberg stage 769/844.
[INFO] Enola: Solve for Rydberg stage 770/844.
[INFO] Enola: Solve for Rydberg stage 771/844.
[INFO] Enola: Solve for Rydberg stage 772/844.
[INFO] Enola: Solve for Rydberg stage 773/844.
[INFO] Enola: Solve for Rydberg stage 774/844.
[INFO] Enola: Solve for Rydberg stage 775/844.
[INFO] Enola: Solve for Rydberg stage 776/844.
[INFO] Enola: Solve for Rydberg stage 777/844.
[INFO] Enola: Solve for Rydberg stage 778/844.
[INFO] Enola: Solve for Rydberg stage 779/844.
[INFO] Enola: Solve for Rydberg stage 780/844.
[INFO] Enola: Solve for Rydberg stage 781/844.
[INFO] Enola: Solve for Rydberg stage 782/844.
[INFO] Enola: Solve for Rydberg stage 783/844.
[INFO] Enola: Solve for Rydberg stage 784/844.
[INFO] Enola: Solve for Rydberg stage 785/844.
[INFO] Enola: Solve for Rydberg stage 786/844.
[INFO] Enola: Solve for Rydberg stage 787/844.
[INFO] Enola: Solve for Rydberg stage 788/844.
[INFO] Enola: Solve for Rydberg stage 789/844.
[INFO] Enola: Solve for Rydberg stage 790/844.
[INFO] Enola: Solve for Rydberg stage 791/844.
[INFO] Enola: Solve for Rydberg stage 792/844.
[INFO] Enola: Solve for Rydberg stage 793/844.
[INFO] Enola: Solve for Rydberg stage 794/844.
[INFO] Enola: Solve for Rydberg stage 795/844.
[INFO] Enola: Solve for Rydberg stage 796/844.
[INFO] Enola: Solve for Rydberg stage 797/844.
[INFO] Enola: Solve for Rydberg stage 798/844.
[INFO] Enola: Solve for Rydberg stage 799/844.
[INFO] Enola: Solve for Rydberg stage 800/844.
[INFO] Enola: Solve for Rydberg stage 801/844.
[INFO] Enola: Solve for Rydberg stage 802/844.
[INFO] Enola: Solve for Rydberg stage 803/844.
[INFO] Enola: Solve for Rydberg stage 804/844.
[INFO] Enola: Solve for Rydberg stage 805/844.
[INFO] Enola: Solve for Rydberg stage 806/844.
[INFO] Enola: Solve for Rydberg stage 807/844.
[INFO] Enola: Solve for Rydberg stage 808/844.
[INFO] Enola: Solve for Rydberg stage 809/844.
[INFO] Enola: Solve for Rydberg stage 810/844.
[INFO] Enola: Solve for Rydberg stage 811/844.
[INFO] Enola: Solve for Rydberg stage 812/844.
[INFO] Enola: Solve for Rydberg stage 813/844.
[INFO] Enola: Solve for Rydberg stage 814/844.
[INFO] Enola: Solve for Rydberg stage 815/844.
[INFO] Enola: Solve for Rydberg stage 816/844.
[INFO] Enola: Solve for Rydberg stage 817/844.
[INFO] Enola: Solve for Rydberg stage 818/844.
[INFO] Enola: Solve for Rydberg stage 819/844.
[INFO] Enola: Solve for Rydberg stage 820/844.
[INFO] Enola: Solve for Rydberg stage 821/844.
[INFO] Enola: Solve for Rydberg stage 822/844.
[INFO] Enola: Solve for Rydberg stage 823/844.
[INFO] Enola: Solve for Rydberg stage 824/844.
[INFO] Enola: Solve for Rydberg stage 825/844.
[INFO] Enola: Solve for Rydberg stage 826/844.
[INFO] Enola: Solve for Rydberg stage 827/844.
[INFO] Enola: Solve for Rydberg stage 828/844.
[INFO] Enola: Solve for Rydberg stage 829/844.
[INFO] Enola: Solve for Rydberg stage 830/844.
[INFO] Enola: Solve for Rydberg stage 831/844.
[INFO] Enola: Solve for Rydberg stage 832/844.
[INFO] Enola: Solve for Rydberg stage 833/844.
[INFO] Enola: Solve for Rydberg stage 834/844.
[INFO] Enola: Solve for Rydberg stage 835/844.
[INFO] Enola: Solve for Rydberg stage 836/844.
[INFO] Enola: Solve for Rydberg stage 837/844.
[INFO] Enola: Solve for Rydberg stage 838/844.
[INFO] Enola: Solve for Rydberg stage 839/844.
[INFO] Enola: Solve for Rydberg stage 840/844.
[INFO] Enola: Solve for Rydberg stage 841/844.
[INFO] Enola: Solve for Rydberg stage 842/844.
[INFO] Enola: Solve for Rydberg stage 843/844.
[INFO] Enola: Solve for Rydberg stage 844/844.
[INFO] Enola: Solve for Rydberg stage 845/844.
[INFO] Enola: Time for routing: 0.10827875137329102s
[INFO] Enola: Total Time: 1.9613006114959717s
Compilation successful.

2026-03-25 17:28:02,485 - BenchmarkManager - INFO - enola (run 1/1) - Running /u/halle/heiz/home_at/BachelorProject/benchmarks/uf_fix50_20-100/uf50-070.qasm
2026-03-25 17:28:05,573 - Compiler.enola - INFO - STDOUT:
[INFO] Enola: Start Solving
[INFO] Enola: Run scheduling
[INFO] Enola: Time for scheduling: 0.0006656646728515625s
75
[INFO] Enola: Time for placement: 8.344650268554688e-06s
[INFO] Enola: Solve for Rydberg stage 2/922.
[INFO] Enola: Solve for Rydberg stage 3/922.
[INFO] Enola: Solve for Rydberg stage 4/922.
[INFO] Enola: Solve for Rydberg stage 5/922.
[INFO] Enola: Solve for Rydberg stage 6/922.
[INFO] Enola: Solve for Rydberg stage 7/922.
[INFO] Enola: Solve for Rydberg stage 8/922.
[INFO] Enola: Solve for Rydberg stage 9/922.
[INFO] Enola: Solve for Rydberg stage 10/922.
[INFO] Enola: Solve for Rydberg stage 11/922.
[INFO] Enola: Solve for Rydberg stage 12/922.
[INFO] Enola: Solve for Rydberg stage 13/922.
[INFO] Enola: Solve for Rydberg stage 14/922.
[INFO] Enola: Solve for Rydberg stage 15/922.
[INFO] Enola: Solve for Rydberg stage 16/922.
[INFO] Enola: Solve for Rydberg stage 17/922.
[INFO] Enola: Solve for Rydberg stage 18/922.
[INFO] Enola: Solve for Rydberg stage 19/922.
[INFO] Enola: Solve for Rydberg stage 20/922.
[INFO] Enola: Solve for Rydberg stage 21/922.
[INFO] Enola: Solve for Rydberg stage 22/922.
[INFO] Enola: Solve for Rydberg stage 23/922.
[INFO] Enola: Solve for Rydberg stage 24/922.
[INFO] Enola: Solve for Rydberg stage 25/922.
[INFO] Enola: Solve for Rydberg stage 26/922.
[INFO] Enola: Solve for Rydberg stage 27/922.
[INFO] Enola: Solve for Rydberg stage 28/922.
[INFO] Enola: Solve for Rydberg stage 29/922.
[INFO] Enola: Solve for Rydberg stage 30/922.
[INFO] Enola: Solve for Rydberg stage 31/922.
[INFO] Enola: Solve for Rydberg stage 32/922.
[INFO] Enola: Solve for Rydberg stage 33/922.
[INFO] Enola: Solve for Rydberg stage 34/922.
[INFO] Enola: Solve for Rydberg stage 35/922.
[INFO] Enola: Solve for Rydberg stage 36/922.
[INFO] Enola: Solve for Rydberg stage 37/922.
[INFO] Enola: Solve for Rydberg stage 38/922.
[INFO] Enola: Solve for Rydberg stage 39/922.
[INFO] Enola: Solve for Rydberg stage 40/922.
[INFO] Enola: Solve for Rydberg stage 41/922.
[INFO] Enola: Solve for Rydberg stage 42/922.
[INFO] Enola: Solve for Rydberg stage 43/922.
[INFO] Enola: Solve for Rydberg stage 44/922.
[INFO] Enola: Solve for Rydberg stage 45/922.
[INFO] Enola: Solve for Rydberg stage 46/922.
[INFO] Enola: Solve for Rydberg stage 47/922.
[INFO] Enola: Solve for Rydberg stage 48/922.
[INFO] Enola: Solve for Rydberg stage 49/922.
[INFO] Enola: Solve for Rydberg stage 50/922.
[INFO] Enola: Solve for Rydberg stage 51/922.
[INFO] Enola: Solve for Rydberg stage 52/922.
[INFO] Enola: Solve for Rydberg stage 53/922.
[INFO] Enola: Solve for Rydberg stage 54/922.
[INFO] Enola: Solve for Rydberg stage 55/922.
[INFO] Enola: Solve for Rydberg stage 56/922.
[INFO] Enola: Solve for Rydberg stage 57/922.
[INFO] Enola: Solve for Rydberg stage 58/922.
[INFO] Enola: Solve for Rydberg stage 59/922.
[INFO] Enola: Solve for Rydberg stage 60/922.
[INFO] Enola: Solve for Rydberg stage 61/922.
[INFO] Enola: Solve for Rydberg stage 62/922.
[INFO] Enola: Solve for Rydberg stage 63/922.
[INFO] Enola: Solve for Rydberg stage 64/922.
[INFO] Enola: Solve for Rydberg stage 65/922.
[INFO] Enola: Solve for Rydberg stage 66/922.
[INFO] Enola: Solve for Rydberg stage 67/922.
[INFO] Enola: Solve for Rydberg stage 68/922.
[INFO] Enola: Solve for Rydberg stage 69/922.
[INFO] Enola: Solve for Rydberg stage 70/922.
[INFO] Enola: Solve for Rydberg stage 71/922.
[INFO] Enola: Solve for Rydberg stage 72/922.
[INFO] Enola: Solve for Rydberg stage 73/922.
[INFO] Enola: Solve for Rydberg stage 74/922.
[INFO] Enola: Solve for Rydberg stage 75/922.
[INFO] Enola: Solve for Rydberg stage 76/922.
[INFO] Enola: Solve for Rydberg stage 77/922.
[INFO] Enola: Solve for Rydberg stage 78/922.
[INFO] Enola: Solve for Rydberg stage 79/922.
[INFO] Enola: Solve for Rydberg stage 80/922.
[INFO] Enola: Solve for Rydberg stage 81/922.
[INFO] Enola: Solve for Rydberg stage 82/922.
[INFO] Enola: Solve for Rydberg stage 83/922.
[INFO] Enola: Solve for Rydberg stage 84/922.
[INFO] Enola: Solve for Rydberg stage 85/922.
[INFO] Enola: Solve for Rydberg stage 86/922.
[INFO] Enola: Solve for Rydberg stage 87/922.
[INFO] Enola: Solve for Rydberg stage 88/922.
[INFO] Enola: Solve for Rydberg stage 89/922.
[INFO] Enola: Solve for Rydberg stage 90/922.
[INFO] Enola: Solve for Rydberg stage 91/922.
[INFO] Enola: Solve for Rydberg stage 92/922.
[INFO] Enola: Solve for Rydberg stage 93/922.
[INFO] Enola: Solve for Rydberg stage 94/922.
[INFO] Enola: Solve for Rydberg stage 95/922.
[INFO] Enola: Solve for Rydberg stage 96/922.
[INFO] Enola: Solve for Rydberg stage 97/922.
[INFO] Enola: Solve for Rydberg stage 98/922.
[INFO] Enola: Solve for Rydberg stage 99/922.
[INFO] Enola: Solve for Rydberg stage 100/922.
[INFO] Enola: Solve for Rydberg stage 101/922.
[INFO] Enola: Solve for Rydberg stage 102/922.
[INFO] Enola: Solve for Rydberg stage 103/922.
[INFO] Enola: Solve for Rydberg stage 104/922.
[INFO] Enola: Solve for Rydberg stage 105/922.
[INFO] Enola: Solve for Rydberg stage 106/922.
[INFO] Enola: Solve for Rydberg stage 107/922.
[INFO] Enola: Solve for Rydberg stage 108/922.
[INFO] Enola: Solve for Rydberg stage 109/922.
[INFO] Enola: Solve for Rydberg stage 110/922.
[INFO] Enola: Solve for Rydberg stage 111/922.
[INFO] Enola: Solve for Rydberg stage 112/922.
[INFO] Enola: Solve for Rydberg stage 113/922.
[INFO] Enola: Solve for Rydberg stage 114/922.
[INFO] Enola: Solve for Rydberg stage 115/922.
[INFO] Enola: Solve for Rydberg stage 116/922.
[INFO] Enola: Solve for Rydberg stage 117/922.
[INFO] Enola: Solve for Rydberg stage 118/922.
[INFO] Enola: Solve for Rydberg stage 119/922.
[INFO] Enola: Solve for Rydberg stage 120/922.
[INFO] Enola: Solve for Rydberg stage 121/922.
[INFO] Enola: Solve for Rydberg stage 122/922.
[INFO] Enola: Solve for Rydberg stage 123/922.
[INFO] Enola: Solve for Rydberg stage 124/922.
[INFO] Enola: Solve for Rydberg stage 125/922.
[INFO] Enola: Solve for Rydberg stage 126/922.
[INFO] Enola: Solve for Rydberg stage 127/922.
[INFO] Enola: Solve for Rydberg stage 128/922.
[INFO] Enola: Solve for Rydberg stage 129/922.
[INFO] Enola: Solve for Rydberg stage 130/922.
[INFO] Enola: Solve for Rydberg stage 131/922.
[INFO] Enola: Solve for Rydberg stage 132/922.
[INFO] Enola: Solve for Rydberg stage 133/922.
[INFO] Enola: Solve for Rydberg stage 134/922.
[INFO] Enola: Solve for Rydberg stage 135/922.
[INFO] Enola: Solve for Rydberg stage 136/922.
[INFO] Enola: Solve for Rydberg stage 137/922.
[INFO] Enola: Solve for Rydberg stage 138/922.
[INFO] Enola: Solve for Rydberg stage 139/922.
[INFO] Enola: Solve for Rydberg stage 140/922.
[INFO] Enola: Solve for Rydberg stage 141/922.
[INFO] Enola: Solve for Rydberg stage 142/922.
[INFO] Enola: Solve for Rydberg stage 143/922.
[INFO] Enola: Solve for Rydberg stage 144/922.
[INFO] Enola: Solve for Rydberg stage 145/922.
[INFO] Enola: Solve for Rydberg stage 146/922.
[INFO] Enola: Solve for Rydberg stage 147/922.
[INFO] Enola: Solve for Rydberg stage 148/922.
[INFO] Enola: Solve for Rydberg stage 149/922.
[INFO] Enola: Solve for Rydberg stage 150/922.
[INFO] Enola: Solve for Rydberg stage 151/922.
[INFO] Enola: Solve for Rydberg stage 152/922.
[INFO] Enola: Solve for Rydberg stage 153/922.
[INFO] Enola: Solve for Rydberg stage 154/922.
[INFO] Enola: Solve for Rydberg stage 155/922.
[INFO] Enola: Solve for Rydberg stage 156/922.
[INFO] Enola: Solve for Rydberg stage 157/922.
[INFO] Enola: Solve for Rydberg stage 158/922.
[INFO] Enola: Solve for Rydberg stage 159/922.
[INFO] Enola: Solve for Rydberg stage 160/922.
[INFO] Enola: Solve for Rydberg stage 161/922.
[INFO] Enola: Solve for Rydberg stage 162/922.
[INFO] Enola: Solve for Rydberg stage 163/922.
[INFO] Enola: Solve for Rydberg stage 164/922.
[INFO] Enola: Solve for Rydberg stage 165/922.
[INFO] Enola: Solve for Rydberg stage 166/922.
[INFO] Enola: Solve for Rydberg stage 167/922.
[INFO] Enola: Solve for Rydberg stage 168/922.
[INFO] Enola: Solve for Rydberg stage 169/922.
[INFO] Enola: Solve for Rydberg stage 170/922.
[INFO] Enola: Solve for Rydberg stage 171/922.
[INFO] Enola: Solve for Rydberg stage 172/922.
[INFO] Enola: Solve for Rydberg stage 173/922.
[INFO] Enola: Solve for Rydberg stage 174/922.
[INFO] Enola: Solve for Rydberg stage 175/922.
[INFO] Enola: Solve for Rydberg stage 176/922.
[INFO] Enola: Solve for Rydberg stage 177/922.
[INFO] Enola: Solve for Rydberg stage 178/922.
[INFO] Enola: Solve for Rydberg stage 179/922.
[INFO] Enola: Solve for Rydberg stage 180/922.
[INFO] Enola: Solve for Rydberg stage 181/922.
[INFO] Enola: Solve for Rydberg stage 182/922.
[INFO] Enola: Solve for Rydberg stage 183/922.
[INFO] Enola: Solve for Rydberg stage 184/922.
[INFO] Enola: Solve for Rydberg stage 185/922.
[INFO] Enola: Solve for Rydberg stage 186/922.
[INFO] Enola: Solve for Rydberg stage 187/922.
[INFO] Enola: Solve for Rydberg stage 188/922.
[INFO] Enola: Solve for Rydberg stage 189/922.
[INFO] Enola: Solve for Rydberg stage 190/922.
[INFO] Enola: Solve for Rydberg stage 191/922.
[INFO] Enola: Solve for Rydberg stage 192/922.
[INFO] Enola: Solve for Rydberg stage 193/922.
[INFO] Enola: Solve for Rydberg stage 194/922.
[INFO] Enola: Solve for Rydberg stage 195/922.
[INFO] Enola: Solve for Rydberg stage 196/922.
[INFO] Enola: Solve for Rydberg stage 197/922.
[INFO] Enola: Solve for Rydberg stage 198/922.
[INFO] Enola: Solve for Rydberg stage 199/922.
[INFO] Enola: Solve for Rydberg stage 200/922.
[INFO] Enola: Solve for Rydberg stage 201/922.
[INFO] Enola: Solve for Rydberg stage 202/922.
[INFO] Enola: Solve for Rydberg stage 203/922.
[INFO] Enola: Solve for Rydberg stage 204/922.
[INFO] Enola: Solve for Rydberg stage 205/922.
[INFO] Enola: Solve for Rydberg stage 206/922.
[INFO] Enola: Solve for Rydberg stage 207/922.
[INFO] Enola: Solve for Rydberg stage 208/922.
[INFO] Enola: Solve for Rydberg stage 209/922.
[INFO] Enola: Solve for Rydberg stage 210/922.
[INFO] Enola: Solve for Rydberg stage 211/922.
[INFO] Enola: Solve for Rydberg stage 212/922.
[INFO] Enola: Solve for Rydberg stage 213/922.
[INFO] Enola: Solve for Rydberg stage 214/922.
[INFO] Enola: Solve for Rydberg stage 215/922.
[INFO] Enola: Solve for Rydberg stage 216/922.
[INFO] Enola: Solve for Rydberg stage 217/922.
[INFO] Enola: Solve for Rydberg stage 218/922.
[INFO] Enola: Solve for Rydberg stage 219/922.
[INFO] Enola: Solve for Rydberg stage 220/922.
[INFO] Enola: Solve for Rydberg stage 221/922.
[INFO] Enola: Solve for Rydberg stage 222/922.
[INFO] Enola: Solve for Rydberg stage 223/922.
[INFO] Enola: Solve for Rydberg stage 224/922.
[INFO] Enola: Solve for Rydberg stage 225/922.
[INFO] Enola: Solve for Rydberg stage 226/922.
[INFO] Enola: Solve for Rydberg stage 227/922.
[INFO] Enola: Solve for Rydberg stage 228/922.
[INFO] Enola: Solve for Rydberg stage 229/922.
[INFO] Enola: Solve for Rydberg stage 230/922.
[INFO] Enola: Solve for Rydberg stage 231/922.
[INFO] Enola: Solve for Rydberg stage 232/922.
[INFO] Enola: Solve for Rydberg stage 233/922.
[INFO] Enola: Solve for Rydberg stage 234/922.
[INFO] Enola: Solve for Rydberg stage 235/922.
[INFO] Enola: Solve for Rydberg stage 236/922.
[INFO] Enola: Solve for Rydberg stage 237/922.
[INFO] Enola: Solve for Rydberg stage 238/922.
[INFO] Enola: Solve for Rydberg stage 239/922.
[INFO] Enola: Solve for Rydberg stage 240/922.
[INFO] Enola: Solve for Rydberg stage 241/922.
[INFO] Enola: Solve for Rydberg stage 242/922.
[INFO] Enola: Solve for Rydberg stage 243/922.
[INFO] Enola: Solve for Rydberg stage 244/922.
[INFO] Enola: Solve for Rydberg stage 245/922.
[INFO] Enola: Solve for Rydberg stage 246/922.
[INFO] Enola: Solve for Rydberg stage 247/922.
[INFO] Enola: Solve for Rydberg stage 248/922.
[INFO] Enola: Solve for Rydberg stage 249/922.
[INFO] Enola: Solve for Rydberg stage 250/922.
[INFO] Enola: Solve for Rydberg stage 251/922.
[INFO] Enola: Solve for Rydberg stage 252/922.
[INFO] Enola: Solve for Rydberg stage 253/922.
[INFO] Enola: Solve for Rydberg stage 254/922.
[INFO] Enola: Solve for Rydberg stage 255/922.
[INFO] Enola: Solve for Rydberg stage 256/922.
[INFO] Enola: Solve for Rydberg stage 257/922.
[INFO] Enola: Solve for Rydberg stage 258/922.
[INFO] Enola: Solve for Rydberg stage 259/922.
[INFO] Enola: Solve for Rydberg stage 260/922.
[INFO] Enola: Solve for Rydberg stage 261/922.
[INFO] Enola: Solve for Rydberg stage 262/922.
[INFO] Enola: Solve for Rydberg stage 263/922.
[INFO] Enola: Solve for Rydberg stage 264/922.
[INFO] Enola: Solve for Rydberg stage 265/922.
[INFO] Enola: Solve for Rydberg stage 266/922.
[INFO] Enola: Solve for Rydberg stage 267/922.
[INFO] Enola: Solve for Rydberg stage 268/922.
[INFO] Enola: Solve for Rydberg stage 269/922.
[INFO] Enola: Solve for Rydberg stage 270/922.
[INFO] Enola: Solve for Rydberg stage 271/922.
[INFO] Enola: Solve for Rydberg stage 272/922.
[INFO] Enola: Solve for Rydberg stage 273/922.
[INFO] Enola: Solve for Rydberg stage 274/922.
[INFO] Enola: Solve for Rydberg stage 275/922.
[INFO] Enola: Solve for Rydberg stage 276/922.
[INFO] Enola: Solve for Rydberg stage 277/922.
[INFO] Enola: Solve for Rydberg stage 278/922.
[INFO] Enola: Solve for Rydberg stage 279/922.
[INFO] Enola: Solve for Rydberg stage 280/922.
[INFO] Enola: Solve for Rydberg stage 281/922.
[INFO] Enola: Solve for Rydberg stage 282/922.
[INFO] Enola: Solve for Rydberg stage 283/922.
[INFO] Enola: Solve for Rydberg stage 284/922.
[INFO] Enola: Solve for Rydberg stage 285/922.
[INFO] Enola: Solve for Rydberg stage 286/922.
[INFO] Enola: Solve for Rydberg stage 287/922.
[INFO] Enola: Solve for Rydberg stage 288/922.
[INFO] Enola: Solve for Rydberg stage 289/922.
[INFO] Enola: Solve for Rydberg stage 290/922.
[INFO] Enola: Solve for Rydberg stage 291/922.
[INFO] Enola: Solve for Rydberg stage 292/922.
[INFO] Enola: Solve for Rydberg stage 293/922.
[INFO] Enola: Solve for Rydberg stage 294/922.
[INFO] Enola: Solve for Rydberg stage 295/922.
[INFO] Enola: Solve for Rydberg stage 296/922.
[INFO] Enola: Solve for Rydberg stage 297/922.
[INFO] Enola: Solve for Rydberg stage 298/922.
[INFO] Enola: Solve for Rydberg stage 299/922.
[INFO] Enola: Solve for Rydberg stage 300/922.
[INFO] Enola: Solve for Rydberg stage 301/922.
[INFO] Enola: Solve for Rydberg stage 302/922.
[INFO] Enola: Solve for Rydberg stage 303/922.
[INFO] Enola: Solve for Rydberg stage 304/922.
[INFO] Enola: Solve for Rydberg stage 305/922.
[INFO] Enola: Solve for Rydberg stage 306/922.
[INFO] Enola: Solve for Rydberg stage 307/922.
[INFO] Enola: Solve for Rydberg stage 308/922.
[INFO] Enola: Solve for Rydberg stage 309/922.
[INFO] Enola: Solve for Rydberg stage 310/922.
[INFO] Enola: Solve for Rydberg stage 311/922.
[INFO] Enola: Solve for Rydberg stage 312/922.
[INFO] Enola: Solve for Rydberg stage 313/922.
[INFO] Enola: Solve for Rydberg stage 314/922.
[INFO] Enola: Solve for Rydberg stage 315/922.
[INFO] Enola: Solve for Rydberg stage 316/922.
[INFO] Enola: Solve for Rydberg stage 317/922.
[INFO] Enola: Solve for Rydberg stage 318/922.
[INFO] Enola: Solve for Rydberg stage 319/922.
[INFO] Enola: Solve for Rydberg stage 320/922.
[INFO] Enola: Solve for Rydberg stage 321/922.
[INFO] Enola: Solve for Rydberg stage 322/922.
[INFO] Enola: Solve for Rydberg stage 323/922.
[INFO] Enola: Solve for Rydberg stage 324/922.
[INFO] Enola: Solve for Rydberg stage 325/922.
[INFO] Enola: Solve for Rydberg stage 326/922.
[INFO] Enola: Solve for Rydberg stage 327/922.
[INFO] Enola: Solve for Rydberg stage 328/922.
[INFO] Enola: Solve for Rydberg stage 329/922.
[INFO] Enola: Solve for Rydberg stage 330/922.
[INFO] Enola: Solve for Rydberg stage 331/922.
[INFO] Enola: Solve for Rydberg stage 332/922.
[INFO] Enola: Solve for Rydberg stage 333/922.
[INFO] Enola: Solve for Rydberg stage 334/922.
[INFO] Enola: Solve for Rydberg stage 335/922.
[INFO] Enola: Solve for Rydberg stage 336/922.
[INFO] Enola: Solve for Rydberg stage 337/922.
[INFO] Enola: Solve for Rydberg stage 338/922.
[INFO] Enola: Solve for Rydberg stage 339/922.
[INFO] Enola: Solve for Rydberg stage 340/922.
[INFO] Enola: Solve for Rydberg stage 341/922.
[INFO] Enola: Solve for Rydberg stage 342/922.
[INFO] Enola: Solve for Rydberg stage 343/922.
[INFO] Enola: Solve for Rydberg stage 344/922.
[INFO] Enola: Solve for Rydberg stage 345/922.
[INFO] Enola: Solve for Rydberg stage 346/922.
[INFO] Enola: Solve for Rydberg stage 347/922.
[INFO] Enola: Solve for Rydberg stage 348/922.
[INFO] Enola: Solve for Rydberg stage 349/922.
[INFO] Enola: Solve for Rydberg stage 350/922.
[INFO] Enola: Solve for Rydberg stage 351/922.
[INFO] Enola: Solve for Rydberg stage 352/922.
[INFO] Enola: Solve for Rydberg stage 353/922.
[INFO] Enola: Solve for Rydberg stage 354/922.
[INFO] Enola: Solve for Rydberg stage 355/922.
[INFO] Enola: Solve for Rydberg stage 356/922.
[INFO] Enola: Solve for Rydberg stage 357/922.
[INFO] Enola: Solve for Rydberg stage 358/922.
[INFO] Enola: Solve for Rydberg stage 359/922.
[INFO] Enola: Solve for Rydberg stage 360/922.
[INFO] Enola: Solve for Rydberg stage 361/922.
[INFO] Enola: Solve for Rydberg stage 362/922.
[INFO] Enola: Solve for Rydberg stage 363/922.
[INFO] Enola: Solve for Rydberg stage 364/922.
[INFO] Enola: Solve for Rydberg stage 365/922.
[INFO] Enola: Solve for Rydberg stage 366/922.
[INFO] Enola: Solve for Rydberg stage 367/922.
[INFO] Enola: Solve for Rydberg stage 368/922.
[INFO] Enola: Solve for Rydberg stage 369/922.
[INFO] Enola: Solve for Rydberg stage 370/922.
[INFO] Enola: Solve for Rydberg stage 371/922.
[INFO] Enola: Solve for Rydberg stage 372/922.
[INFO] Enola: Solve for Rydberg stage 373/922.
[INFO] Enola: Solve for Rydberg stage 374/922.
[INFO] Enola: Solve for Rydberg stage 375/922.
[INFO] Enola: Solve for Rydberg stage 376/922.
[INFO] Enola: Solve for Rydberg stage 377/922.
[INFO] Enola: Solve for Rydberg stage 378/922.
[INFO] Enola: Solve for Rydberg stage 379/922.
[INFO] Enola: Solve for Rydberg stage 380/922.
[INFO] Enola: Solve for Rydberg stage 381/922.
[INFO] Enola: Solve for Rydberg stage 382/922.
[INFO] Enola: Solve for Rydberg stage 383/922.
[INFO] Enola: Solve for Rydberg stage 384/922.
[INFO] Enola: Solve for Rydberg stage 385/922.
[INFO] Enola: Solve for Rydberg stage 386/922.
[INFO] Enola: Solve for Rydberg stage 387/922.
[INFO] Enola: Solve for Rydberg stage 388/922.
[INFO] Enola: Solve for Rydberg stage 389/922.
[INFO] Enola: Solve for Rydberg stage 390/922.
[INFO] Enola: Solve for Rydberg stage 391/922.
[INFO] Enola: Solve for Rydberg stage 392/922.
[INFO] Enola: Solve for Rydberg stage 393/922.
[INFO] Enola: Solve for Rydberg stage 394/922.
[INFO] Enola: Solve for Rydberg stage 395/922.
[INFO] Enola: Solve for Rydberg stage 396/922.
[INFO] Enola: Solve for Rydberg stage 397/922.
[INFO] Enola: Solve for Rydberg stage 398/922.
[INFO] Enola: Solve for Rydberg stage 399/922.
[INFO] Enola: Solve for Rydberg stage 400/922.
[INFO] Enola: Solve for Rydberg stage 401/922.
[INFO] Enola: Solve for Rydberg stage 402/922.
[INFO] Enola: Solve for Rydberg stage 403/922.
[INFO] Enola: Solve for Rydberg stage 404/922.
[INFO] Enola: Solve for Rydberg stage 405/922.
[INFO] Enola: Solve for Rydberg stage 406/922.
[INFO] Enola: Solve for Rydberg stage 407/922.
[INFO] Enola: Solve for Rydberg stage 408/922.
[INFO] Enola: Solve for Rydberg stage 409/922.
[INFO] Enola: Solve for Rydberg stage 410/922.
[INFO] Enola: Solve for Rydberg stage 411/922.
[INFO] Enola: Solve for Rydberg stage 412/922.
[INFO] Enola: Solve for Rydberg stage 413/922.
[INFO] Enola: Solve for Rydberg stage 414/922.
[INFO] Enola: Solve for Rydberg stage 415/922.
[INFO] Enola: Solve for Rydberg stage 416/922.
[INFO] Enola: Solve for Rydberg stage 417/922.
[INFO] Enola: Solve for Rydberg stage 418/922.
[INFO] Enola: Solve for Rydberg stage 419/922.
[INFO] Enola: Solve for Rydberg stage 420/922.
[INFO] Enola: Solve for Rydberg stage 421/922.
[INFO] Enola: Solve for Rydberg stage 422/922.
[INFO] Enola: Solve for Rydberg stage 423/922.
[INFO] Enola: Solve for Rydberg stage 424/922.
[INFO] Enola: Solve for Rydberg stage 425/922.
[INFO] Enola: Solve for Rydberg stage 426/922.
[INFO] Enola: Solve for Rydberg stage 427/922.
[INFO] Enola: Solve for Rydberg stage 428/922.
[INFO] Enola: Solve for Rydberg stage 429/922.
[INFO] Enola: Solve for Rydberg stage 430/922.
[INFO] Enola: Solve for Rydberg stage 431/922.
[INFO] Enola: Solve for Rydberg stage 432/922.
[INFO] Enola: Solve for Rydberg stage 433/922.
[INFO] Enola: Solve for Rydberg stage 434/922.
[INFO] Enola: Solve for Rydberg stage 435/922.
[INFO] Enola: Solve for Rydberg stage 436/922.
[INFO] Enola: Solve for Rydberg stage 437/922.
[INFO] Enola: Solve for Rydberg stage 438/922.
[INFO] Enola: Solve for Rydberg stage 439/922.
[INFO] Enola: Solve for Rydberg stage 440/922.
[INFO] Enola: Solve for Rydberg stage 441/922.
[INFO] Enola: Solve for Rydberg stage 442/922.
[INFO] Enola: Solve for Rydberg stage 443/922.
[INFO] Enola: Solve for Rydberg stage 444/922.
[INFO] Enola: Solve for Rydberg stage 445/922.
[INFO] Enola: Solve for Rydberg stage 446/922.
[INFO] Enola: Solve for Rydberg stage 447/922.
[INFO] Enola: Solve for Rydberg stage 448/922.
[INFO] Enola: Solve for Rydberg stage 449/922.
[INFO] Enola: Solve for Rydberg stage 450/922.
[INFO] Enola: Solve for Rydberg stage 451/922.
[INFO] Enola: Solve for Rydberg stage 452/922.
[INFO] Enola: Solve for Rydberg stage 453/922.
[INFO] Enola: Solve for Rydberg stage 454/922.
[INFO] Enola: Solve for Rydberg stage 455/922.
[INFO] Enola: Solve for Rydberg stage 456/922.
[INFO] Enola: Solve for Rydberg stage 457/922.
[INFO] Enola: Solve for Rydberg stage 458/922.
[INFO] Enola: Solve for Rydberg stage 459/922.
[INFO] Enola: Solve for Rydberg stage 460/922.
[INFO] Enola: Solve for Rydberg stage 461/922.
[INFO] Enola: Solve for Rydberg stage 462/922.
[INFO] Enola: Solve for Rydberg stage 463/922.
[INFO] Enola: Solve for Rydberg stage 464/922.
[INFO] Enola: Solve for Rydberg stage 465/922.
[INFO] Enola: Solve for Rydberg stage 466/922.
[INFO] Enola: Solve for Rydberg stage 467/922.
[INFO] Enola: Solve for Rydberg stage 468/922.
[INFO] Enola: Solve for Rydberg stage 469/922.
[INFO] Enola: Solve for Rydberg stage 470/922.
[INFO] Enola: Solve for Rydberg stage 471/922.
[INFO] Enola: Solve for Rydberg stage 472/922.
[INFO] Enola: Solve for Rydberg stage 473/922.
[INFO] Enola: Solve for Rydberg stage 474/922.
[INFO] Enola: Solve for Rydberg stage 475/922.
[INFO] Enola: Solve for Rydberg stage 476/922.
[INFO] Enola: Solve for Rydberg stage 477/922.
[INFO] Enola: Solve for Rydberg stage 478/922.
[INFO] Enola: Solve for Rydberg stage 479/922.
[INFO] Enola: Solve for Rydberg stage 480/922.
[INFO] Enola: Solve for Rydberg stage 481/922.
[INFO] Enola: Solve for Rydberg stage 482/922.
[INFO] Enola: Solve for Rydberg stage 483/922.
[INFO] Enola: Solve for Rydberg stage 484/922.
[INFO] Enola: Solve for Rydberg stage 485/922.
[INFO] Enola: Solve for Rydberg stage 486/922.
[INFO] Enola: Solve for Rydberg stage 487/922.
[INFO] Enola: Solve for Rydberg stage 488/922.
[INFO] Enola: Solve for Rydberg stage 489/922.
[INFO] Enola: Solve for Rydberg stage 490/922.
[INFO] Enola: Solve for Rydberg stage 491/922.
[INFO] Enola: Solve for Rydberg stage 492/922.
[INFO] Enola: Solve for Rydberg stage 493/922.
[INFO] Enola: Solve for Rydberg stage 494/922.
[INFO] Enola: Solve for Rydberg stage 495/922.
[INFO] Enola: Solve for Rydberg stage 496/922.
[INFO] Enola: Solve for Rydberg stage 497/922.
[INFO] Enola: Solve for Rydberg stage 498/922.
[INFO] Enola: Solve for Rydberg stage 499/922.
[INFO] Enola: Solve for Rydberg stage 500/922.
[INFO] Enola: Solve for Rydberg stage 501/922.
[INFO] Enola: Solve for Rydberg stage 502/922.
[INFO] Enola: Solve for Rydberg stage 503/922.
[INFO] Enola: Solve for Rydberg stage 504/922.
[INFO] Enola: Solve for Rydberg stage 505/922.
[INFO] Enola: Solve for Rydberg stage 506/922.
[INFO] Enola: Solve for Rydberg stage 507/922.
[INFO] Enola: Solve for Rydberg stage 508/922.
[INFO] Enola: Solve for Rydberg stage 509/922.
[INFO] Enola: Solve for Rydberg stage 510/922.
[INFO] Enola: Solve for Rydberg stage 511/922.
[INFO] Enola: Solve for Rydberg stage 512/922.
[INFO] Enola: Solve for Rydberg stage 513/922.
[INFO] Enola: Solve for Rydberg stage 514/922.
[INFO] Enola: Solve for Rydberg stage 515/922.
[INFO] Enola: Solve for Rydberg stage 516/922.
[INFO] Enola: Solve for Rydberg stage 517/922.
[INFO] Enola: Solve for Rydberg stage 518/922.
[INFO] Enola: Solve for Rydberg stage 519/922.
[INFO] Enola: Solve for Rydberg stage 520/922.
[INFO] Enola: Solve for Rydberg stage 521/922.
[INFO] Enola: Solve for Rydberg stage 522/922.
[INFO] Enola: Solve for Rydberg stage 523/922.
[INFO] Enola: Solve for Rydberg stage 524/922.
[INFO] Enola: Solve for Rydberg stage 525/922.
[INFO] Enola: Solve for Rydberg stage 526/922.
[INFO] Enola: Solve for Rydberg stage 527/922.
[INFO] Enola: Solve for Rydberg stage 528/922.
[INFO] Enola: Solve for Rydberg stage 529/922.
[INFO] Enola: Solve for Rydberg stage 530/922.
[INFO] Enola: Solve for Rydberg stage 531/922.
[INFO] Enola: Solve for Rydberg stage 532/922.
[INFO] Enola: Solve for Rydberg stage 533/922.
[INFO] Enola: Solve for Rydberg stage 534/922.
[INFO] Enola: Solve for Rydberg stage 535/922.
[INFO] Enola: Solve for Rydberg stage 536/922.
[INFO] Enola: Solve for Rydberg stage 537/922.
[INFO] Enola: Solve for Rydberg stage 538/922.
[INFO] Enola: Solve for Rydberg stage 539/922.
[INFO] Enola: Solve for Rydberg stage 540/922.
[INFO] Enola: Solve for Rydberg stage 541/922.
[INFO] Enola: Solve for Rydberg stage 542/922.
[INFO] Enola: Solve for Rydberg stage 543/922.
[INFO] Enola: Solve for Rydberg stage 544/922.
[INFO] Enola: Solve for Rydberg stage 545/922.
[INFO] Enola: Solve for Rydberg stage 546/922.
[INFO] Enola: Solve for Rydberg stage 547/922.
[INFO] Enola: Solve for Rydberg stage 548/922.
[INFO] Enola: Solve for Rydberg stage 549/922.
[INFO] Enola: Solve for Rydberg stage 550/922.
[INFO] Enola: Solve for Rydberg stage 551/922.
[INFO] Enola: Solve for Rydberg stage 552/922.
[INFO] Enola: Solve for Rydberg stage 553/922.
[INFO] Enola: Solve for Rydberg stage 554/922.
[INFO] Enola: Solve for Rydberg stage 555/922.
[INFO] Enola: Solve for Rydberg stage 556/922.
[INFO] Enola: Solve for Rydberg stage 557/922.
[INFO] Enola: Solve for Rydberg stage 558/922.
[INFO] Enola: Solve for Rydberg stage 559/922.
[INFO] Enola: Solve for Rydberg stage 560/922.
[INFO] Enola: Solve for Rydberg stage 561/922.
[INFO] Enola: Solve for Rydberg stage 562/922.
[INFO] Enola: Solve for Rydberg stage 563/922.
[INFO] Enola: Solve for Rydberg stage 564/922.
[INFO] Enola: Solve for Rydberg stage 565/922.
[INFO] Enola: Solve for Rydberg stage 566/922.
[INFO] Enola: Solve for Rydberg stage 567/922.
[INFO] Enola: Solve for Rydberg stage 568/922.
[INFO] Enola: Solve for Rydberg stage 569/922.
[INFO] Enola: Solve for Rydberg stage 570/922.
[INFO] Enola: Solve for Rydberg stage 571/922.
[INFO] Enola: Solve for Rydberg stage 572/922.
[INFO] Enola: Solve for Rydberg stage 573/922.
[INFO] Enola: Solve for Rydberg stage 574/922.
[INFO] Enola: Solve for Rydberg stage 575/922.
[INFO] Enola: Solve for Rydberg stage 576/922.
[INFO] Enola: Solve for Rydberg stage 577/922.
[INFO] Enola: Solve for Rydberg stage 578/922.
[INFO] Enola: Solve for Rydberg stage 579/922.
[INFO] Enola: Solve for Rydberg stage 580/922.
[INFO] Enola: Solve for Rydberg stage 581/922.
[INFO] Enola: Solve for Rydberg stage 582/922.
[INFO] Enola: Solve for Rydberg stage 583/922.
[INFO] Enola: Solve for Rydberg stage 584/922.
[INFO] Enola: Solve for Rydberg stage 585/922.
[INFO] Enola: Solve for Rydberg stage 586/922.
[INFO] Enola: Solve for Rydberg stage 587/922.
[INFO] Enola: Solve for Rydberg stage 588/922.
[INFO] Enola: Solve for Rydberg stage 589/922.
[INFO] Enola: Solve for Rydberg stage 590/922.
[INFO] Enola: Solve for Rydberg stage 591/922.
[INFO] Enola: Solve for Rydberg stage 592/922.
[INFO] Enola: Solve for Rydberg stage 593/922.
[INFO] Enola: Solve for Rydberg stage 594/922.
[INFO] Enola: Solve for Rydberg stage 595/922.
[INFO] Enola: Solve for Rydberg stage 596/922.
[INFO] Enola: Solve for Rydberg stage 597/922.
[INFO] Enola: Solve for Rydberg stage 598/922.
[INFO] Enola: Solve for Rydberg stage 599/922.
[INFO] Enola: Solve for Rydberg stage 600/922.
[INFO] Enola: Solve for Rydberg stage 601/922.
[INFO] Enola: Solve for Rydberg stage 602/922.
[INFO] Enola: Solve for Rydberg stage 603/922.
[INFO] Enola: Solve for Rydberg stage 604/922.
[INFO] Enola: Solve for Rydberg stage 605/922.
[INFO] Enola: Solve for Rydberg stage 606/922.
[INFO] Enola: Solve for Rydberg stage 607/922.
[INFO] Enola: Solve for Rydberg stage 608/922.
[INFO] Enola: Solve for Rydberg stage 609/922.
[INFO] Enola: Solve for Rydberg stage 610/922.
[INFO] Enola: Solve for Rydberg stage 611/922.
[INFO] Enola: Solve for Rydberg stage 612/922.
[INFO] Enola: Solve for Rydberg stage 613/922.
[INFO] Enola: Solve for Rydberg stage 614/922.
[INFO] Enola: Solve for Rydberg stage 615/922.
[INFO] Enola: Solve for Rydberg stage 616/922.
[INFO] Enola: Solve for Rydberg stage 617/922.
[INFO] Enola: Solve for Rydberg stage 618/922.
[INFO] Enola: Solve for Rydberg stage 619/922.
[INFO] Enola: Solve for Rydberg stage 620/922.
[INFO] Enola: Solve for Rydberg stage 621/922.
[INFO] Enola: Solve for Rydberg stage 622/922.
[INFO] Enola: Solve for Rydberg stage 623/922.
[INFO] Enola: Solve for Rydberg stage 624/922.
[INFO] Enola: Solve for Rydberg stage 625/922.
[INFO] Enola: Solve for Rydberg stage 626/922.
[INFO] Enola: Solve for Rydberg stage 627/922.
[INFO] Enola: Solve for Rydberg stage 628/922.
[INFO] Enola: Solve for Rydberg stage 629/922.
[INFO] Enola: Solve for Rydberg stage 630/922.
[INFO] Enola: Solve for Rydberg stage 631/922.
[INFO] Enola: Solve for Rydberg stage 632/922.
[INFO] Enola: Solve for Rydberg stage 633/922.
[INFO] Enola: Solve for Rydberg stage 634/922.
[INFO] Enola: Solve for Rydberg stage 635/922.
[INFO] Enola: Solve for Rydberg stage 636/922.
[INFO] Enola: Solve for Rydberg stage 637/922.
[INFO] Enola: Solve for Rydberg stage 638/922.
[INFO] Enola: Solve for Rydberg stage 639/922.
[INFO] Enola: Solve for Rydberg stage 640/922.
[INFO] Enola: Solve for Rydberg stage 641/922.
[INFO] Enola: Solve for Rydberg stage 642/922.
[INFO] Enola: Solve for Rydberg stage 643/922.
[INFO] Enola: Solve for Rydberg stage 644/922.
[INFO] Enola: Solve for Rydberg stage 645/922.
[INFO] Enola: Solve for Rydberg stage 646/922.
[INFO] Enola: Solve for Rydberg stage 647/922.
[INFO] Enola: Solve for Rydberg stage 648/922.
[INFO] Enola: Solve for Rydberg stage 649/922.
[INFO] Enola: Solve for Rydberg stage 650/922.
[INFO] Enola: Solve for Rydberg stage 651/922.
[INFO] Enola: Solve for Rydberg stage 652/922.
[INFO] Enola: Solve for Rydberg stage 653/922.
[INFO] Enola: Solve for Rydberg stage 654/922.
[INFO] Enola: Solve for Rydberg stage 655/922.
[INFO] Enola: Solve for Rydberg stage 656/922.
[INFO] Enola: Solve for Rydberg stage 657/922.
[INFO] Enola: Solve for Rydberg stage 658/922.
[INFO] Enola: Solve for Rydberg stage 659/922.
[INFO] Enola: Solve for Rydberg stage 660/922.
[INFO] Enola: Solve for Rydberg stage 661/922.
[INFO] Enola: Solve for Rydberg stage 662/922.
[INFO] Enola: Solve for Rydberg stage 663/922.
[INFO] Enola: Solve for Rydberg stage 664/922.
[INFO] Enola: Solve for Rydberg stage 665/922.
[INFO] Enola: Solve for Rydberg stage 666/922.
[INFO] Enola: Solve for Rydberg stage 667/922.
[INFO] Enola: Solve for Rydberg stage 668/922.
[INFO] Enola: Solve for Rydberg stage 669/922.
[INFO] Enola: Solve for Rydberg stage 670/922.
[INFO] Enola: Solve for Rydberg stage 671/922.
[INFO] Enola: Solve for Rydberg stage 672/922.
[INFO] Enola: Solve for Rydberg stage 673/922.
[INFO] Enola: Solve for Rydberg stage 674/922.
[INFO] Enola: Solve for Rydberg stage 675/922.
[INFO] Enola: Solve for Rydberg stage 676/922.
[INFO] Enola: Solve for Rydberg stage 677/922.
[INFO] Enola: Solve for Rydberg stage 678/922.
[INFO] Enola: Solve for Rydberg stage 679/922.
[INFO] Enola: Solve for Rydberg stage 680/922.
[INFO] Enola: Solve for Rydberg stage 681/922.
[INFO] Enola: Solve for Rydberg stage 682/922.
[INFO] Enola: Solve for Rydberg stage 683/922.
[INFO] Enola: Solve for Rydberg stage 684/922.
[INFO] Enola: Solve for Rydberg stage 685/922.
[INFO] Enola: Solve for Rydberg stage 686/922.
[INFO] Enola: Solve for Rydberg stage 687/922.
[INFO] Enola: Solve for Rydberg stage 688/922.
[INFO] Enola: Solve for Rydberg stage 689/922.
[INFO] Enola: Solve for Rydberg stage 690/922.
[INFO] Enola: Solve for Rydberg stage 691/922.
[INFO] Enola: Solve for Rydberg stage 692/922.
[INFO] Enola: Solve for Rydberg stage 693/922.
[INFO] Enola: Solve for Rydberg stage 694/922.
[INFO] Enola: Solve for Rydberg stage 695/922.
[INFO] Enola: Solve for Rydberg stage 696/922.
[INFO] Enola: Solve for Rydberg stage 697/922.
[INFO] Enola: Solve for Rydberg stage 698/922.
[INFO] Enola: Solve for Rydberg stage 699/922.
[INFO] Enola: Solve for Rydberg stage 700/922.
[INFO] Enola: Solve for Rydberg stage 701/922.
[INFO] Enola: Solve for Rydberg stage 702/922.
[INFO] Enola: Solve for Rydberg stage 703/922.
[INFO] Enola: Solve for Rydberg stage 704/922.
[INFO] Enola: Solve for Rydberg stage 705/922.
[INFO] Enola: Solve for Rydberg stage 706/922.
[INFO] Enola: Solve for Rydberg stage 707/922.
[INFO] Enola: Solve for Rydberg stage 708/922.
[INFO] Enola: Solve for Rydberg stage 709/922.
[INFO] Enola: Solve for Rydberg stage 710/922.
[INFO] Enola: Solve for Rydberg stage 711/922.
[INFO] Enola: Solve for Rydberg stage 712/922.
[INFO] Enola: Solve for Rydberg stage 713/922.
[INFO] Enola: Solve for Rydberg stage 714/922.
[INFO] Enola: Solve for Rydberg stage 715/922.
[INFO] Enola: Solve for Rydberg stage 716/922.
[INFO] Enola: Solve for Rydberg stage 717/922.
[INFO] Enola: Solve for Rydberg stage 718/922.
[INFO] Enola: Solve for Rydberg stage 719/922.
[INFO] Enola: Solve for Rydberg stage 720/922.
[INFO] Enola: Solve for Rydberg stage 721/922.
[INFO] Enola: Solve for Rydberg stage 722/922.
[INFO] Enola: Solve for Rydberg stage 723/922.
[INFO] Enola: Solve for Rydberg stage 724/922.
[INFO] Enola: Solve for Rydberg stage 725/922.
[INFO] Enola: Solve for Rydberg stage 726/922.
[INFO] Enola: Solve for Rydberg stage 727/922.
[INFO] Enola: Solve for Rydberg stage 728/922.
[INFO] Enola: Solve for Rydberg stage 729/922.
[INFO] Enola: Solve for Rydberg stage 730/922.
[INFO] Enola: Solve for Rydberg stage 731/922.
[INFO] Enola: Solve for Rydberg stage 732/922.
[INFO] Enola: Solve for Rydberg stage 733/922.
[INFO] Enola: Solve for Rydberg stage 734/922.
[INFO] Enola: Solve for Rydberg stage 735/922.
[INFO] Enola: Solve for Rydberg stage 736/922.
[INFO] Enola: Solve for Rydberg stage 737/922.
[INFO] Enola: Solve for Rydberg stage 738/922.
[INFO] Enola: Solve for Rydberg stage 739/922.
[INFO] Enola: Solve for Rydberg stage 740/922.
[INFO] Enola: Solve for Rydberg stage 741/922.
[INFO] Enola: Solve for Rydberg stage 742/922.
[INFO] Enola: Solve for Rydberg stage 743/922.
[INFO] Enola: Solve for Rydberg stage 744/922.
[INFO] Enola: Solve for Rydberg stage 745/922.
[INFO] Enola: Solve for Rydberg stage 746/922.
[INFO] Enola: Solve for Rydberg stage 747/922.
[INFO] Enola: Solve for Rydberg stage 748/922.
[INFO] Enola: Solve for Rydberg stage 749/922.
[INFO] Enola: Solve for Rydberg stage 750/922.
[INFO] Enola: Solve for Rydberg stage 751/922.
[INFO] Enola: Solve for Rydberg stage 752/922.
[INFO] Enola: Solve for Rydberg stage 753/922.
[INFO] Enola: Solve for Rydberg stage 754/922.
[INFO] Enola: Solve for Rydberg stage 755/922.
[INFO] Enola: Solve for Rydberg stage 756/922.
[INFO] Enola: Solve for Rydberg stage 757/922.
[INFO] Enola: Solve for Rydberg stage 758/922.
[INFO] Enola: Solve for Rydberg stage 759/922.
[INFO] Enola: Solve for Rydberg stage 760/922.
[INFO] Enola: Solve for Rydberg stage 761/922.
[INFO] Enola: Solve for Rydberg stage 762/922.
[INFO] Enola: Solve for Rydberg stage 763/922.
[INFO] Enola: Solve for Rydberg stage 764/922.
[INFO] Enola: Solve for Rydberg stage 765/922.
[INFO] Enola: Solve for Rydberg stage 766/922.
[INFO] Enola: Solve for Rydberg stage 767/922.
[INFO] Enola: Solve for Rydberg stage 768/922.
[INFO] Enola: Solve for Rydberg stage 769/922.
[INFO] Enola: Solve for Rydberg stage 770/922.
[INFO] Enola: Solve for Rydberg stage 771/922.
[INFO] Enola: Solve for Rydberg stage 772/922.
[INFO] Enola: Solve for Rydberg stage 773/922.
[INFO] Enola: Solve for Rydberg stage 774/922.
[INFO] Enola: Solve for Rydberg stage 775/922.
[INFO] Enola: Solve for Rydberg stage 776/922.
[INFO] Enola: Solve for Rydberg stage 777/922.
[INFO] Enola: Solve for Rydberg stage 778/922.
[INFO] Enola: Solve for Rydberg stage 779/922.
[INFO] Enola: Solve for Rydberg stage 780/922.
[INFO] Enola: Solve for Rydberg stage 781/922.
[INFO] Enola: Solve for Rydberg stage 782/922.
[INFO] Enola: Solve for Rydberg stage 783/922.
[INFO] Enola: Solve for Rydberg stage 784/922.
[INFO] Enola: Solve for Rydberg stage 785/922.
[INFO] Enola: Solve for Rydberg stage 786/922.
[INFO] Enola: Solve for Rydberg stage 787/922.
[INFO] Enola: Solve for Rydberg stage 788/922.
[INFO] Enola: Solve for Rydberg stage 789/922.
[INFO] Enola: Solve for Rydberg stage 790/922.
[INFO] Enola: Solve for Rydberg stage 791/922.
[INFO] Enola: Solve for Rydberg stage 792/922.
[INFO] Enola: Solve for Rydberg stage 793/922.
[INFO] Enola: Solve for Rydberg stage 794/922.
[INFO] Enola: Solve for Rydberg stage 795/922.
[INFO] Enola: Solve for Rydberg stage 796/922.
[INFO] Enola: Solve for Rydberg stage 797/922.
[INFO] Enola: Solve for Rydberg stage 798/922.
[INFO] Enola: Solve for Rydberg stage 799/922.
[INFO] Enola: Solve for Rydberg stage 800/922.
[INFO] Enola: Solve for Rydberg stage 801/922.
[INFO] Enola: Solve for Rydberg stage 802/922.
[INFO] Enola: Solve for Rydberg stage 803/922.
[INFO] Enola: Solve for Rydberg stage 804/922.
[INFO] Enola: Solve for Rydberg stage 805/922.
[INFO] Enola: Solve for Rydberg stage 806/922.
[INFO] Enola: Solve for Rydberg stage 807/922.
[INFO] Enola: Solve for Rydberg stage 808/922.
[INFO] Enola: Solve for Rydberg stage 809/922.
[INFO] Enola: Solve for Rydberg stage 810/922.
[INFO] Enola: Solve for Rydberg stage 811/922.
[INFO] Enola: Solve for Rydberg stage 812/922.
[INFO] Enola: Solve for Rydberg stage 813/922.
[INFO] Enola: Solve for Rydberg stage 814/922.
[INFO] Enola: Solve for Rydberg stage 815/922.
[INFO] Enola: Solve for Rydberg stage 816/922.
[INFO] Enola: Solve for Rydberg stage 817/922.
[INFO] Enola: Solve for Rydberg stage 818/922.
[INFO] Enola: Solve for Rydberg stage 819/922.
[INFO] Enola: Solve for Rydberg stage 820/922.
[INFO] Enola: Solve for Rydberg stage 821/922.
[INFO] Enola: Solve for Rydberg stage 822/922.
[INFO] Enola: Solve for Rydberg stage 823/922.
[INFO] Enola: Solve for Rydberg stage 824/922.
[INFO] Enola: Solve for Rydberg stage 825/922.
[INFO] Enola: Solve for Rydberg stage 826/922.
[INFO] Enola: Solve for Rydberg stage 827/922.
[INFO] Enola: Solve for Rydberg stage 828/922.
[INFO] Enola: Solve for Rydberg stage 829/922.
[INFO] Enola: Solve for Rydberg stage 830/922.
[INFO] Enola: Solve for Rydberg stage 831/922.
[INFO] Enola: Solve for Rydberg stage 832/922.
[INFO] Enola: Solve for Rydberg stage 833/922.
[INFO] Enola: Solve for Rydberg stage 834/922.
[INFO] Enola: Solve for Rydberg stage 835/922.
[INFO] Enola: Solve for Rydberg stage 836/922.
[INFO] Enola: Solve for Rydberg stage 837/922.
[INFO] Enola: Solve for Rydberg stage 838/922.
[INFO] Enola: Solve for Rydberg stage 839/922.
[INFO] Enola: Solve for Rydberg stage 840/922.
[INFO] Enola: Solve for Rydberg stage 841/922.
[INFO] Enola: Solve for Rydberg stage 842/922.
[INFO] Enola: Solve for Rydberg stage 843/922.
[INFO] Enola: Solve for Rydberg stage 844/922.
[INFO] Enola: Solve for Rydberg stage 845/922.
[INFO] Enola: Solve for Rydberg stage 846/922.
[INFO] Enola: Solve for Rydberg stage 847/922.
[INFO] Enola: Solve for Rydberg stage 848/922.
[INFO] Enola: Solve for Rydberg stage 849/922.
[INFO] Enola: Solve for Rydberg stage 850/922.
[INFO] Enola: Solve for Rydberg stage 851/922.
[INFO] Enola: Solve for Rydberg stage 852/922.
[INFO] Enola: Solve for Rydberg stage 853/922.
[INFO] Enola: Solve for Rydberg stage 854/922.
[INFO] Enola: Solve for Rydberg stage 855/922.
[INFO] Enola: Solve for Rydberg stage 856/922.
[INFO] Enola: Solve for Rydberg stage 857/922.
[INFO] Enola: Solve for Rydberg stage 858/922.
[INFO] Enola: Solve for Rydberg stage 859/922.
[INFO] Enola: Solve for Rydberg stage 860/922.
[INFO] Enola: Solve for Rydberg stage 861/922.
[INFO] Enola: Solve for Rydberg stage 862/922.
[INFO] Enola: Solve for Rydberg stage 863/922.
[INFO] Enola: Solve for Rydberg stage 864/922.
[INFO] Enola: Solve for Rydberg stage 865/922.
[INFO] Enola: Solve for Rydberg stage 866/922.
[INFO] Enola: Solve for Rydberg stage 867/922.
[INFO] Enola: Solve for Rydberg stage 868/922.
[INFO] Enola: Solve for Rydberg stage 869/922.
[INFO] Enola: Solve for Rydberg stage 870/922.
[INFO] Enola: Solve for Rydberg stage 871/922.
[INFO] Enola: Solve for Rydberg stage 872/922.
[INFO] Enola: Solve for Rydberg stage 873/922.
[INFO] Enola: Solve for Rydberg stage 874/922.
[INFO] Enola: Solve for Rydberg stage 875/922.
[INFO] Enola: Solve for Rydberg stage 876/922.
[INFO] Enola: Solve for Rydberg stage 877/922.
[INFO] Enola: Solve for Rydberg stage 878/922.
[INFO] Enola: Solve for Rydberg stage 879/922.
[INFO] Enola: Solve for Rydberg stage 880/922.
[INFO] Enola: Solve for Rydberg stage 881/922.
[INFO] Enola: Solve for Rydberg stage 882/922.
[INFO] Enola: Solve for Rydberg stage 883/922.
[INFO] Enola: Solve for Rydberg stage 884/922.
[INFO] Enola: Solve for Rydberg stage 885/922.
[INFO] Enola: Solve for Rydberg stage 886/922.
[INFO] Enola: Solve for Rydberg stage 887/922.
[INFO] Enola: Solve for Rydberg stage 888/922.
[INFO] Enola: Solve for Rydberg stage 889/922.
[INFO] Enola: Solve for Rydberg stage 890/922.
[INFO] Enola: Solve for Rydberg stage 891/922.
[INFO] Enola: Solve for Rydberg stage 892/922.
[INFO] Enola: Solve for Rydberg stage 893/922.
[INFO] Enola: Solve for Rydberg stage 894/922.
[INFO] Enola: Solve for Rydberg stage 895/922.
[INFO] Enola: Solve for Rydberg stage 896/922.
[INFO] Enola: Solve for Rydberg stage 897/922.
[INFO] Enola: Solve for Rydberg stage 898/922.
[INFO] Enola: Solve for Rydberg stage 899/922.
[INFO] Enola: Solve for Rydberg stage 900/922.
[INFO] Enola: Solve for Rydberg stage 901/922.
[INFO] Enola: Solve for Rydberg stage 902/922.
[INFO] Enola: Solve for Rydberg stage 903/922.
[INFO] Enola: Solve for Rydberg stage 904/922.
[INFO] Enola: Solve for Rydberg stage 905/922.
[INFO] Enola: Solve for Rydberg stage 906/922.
[INFO] Enola: Solve for Rydberg stage 907/922.
[INFO] Enola: Solve for Rydberg stage 908/922.
[INFO] Enola: Solve for Rydberg stage 909/922.
[INFO] Enola: Solve for Rydberg stage 910/922.
[INFO] Enola: Solve for Rydberg stage 911/922.
[INFO] Enola: Solve for Rydberg stage 912/922.
[INFO] Enola: Solve for Rydberg stage 913/922.
[INFO] Enola: Solve for Rydberg stage 914/922.
[INFO] Enola: Solve for Rydberg stage 915/922.
[INFO] Enola: Solve for Rydberg stage 916/922.
[INFO] Enola: Solve for Rydberg stage 917/922.
[INFO] Enola: Solve for Rydberg stage 918/922.
[INFO] Enola: Solve for Rydberg stage 919/922.
[INFO] Enola: Solve for Rydberg stage 920/922.
[INFO] Enola: Solve for Rydberg stage 921/922.
[INFO] Enola: Solve for Rydberg stage 922/922.
[INFO] Enola: Solve for Rydberg stage 923/922.
[INFO] Enola: Time for routing: 0.11318516731262207s
[INFO] Enola: Total Time: 2.1027467250823975s
Compilation successful.

2026-03-25 17:28:05,633 - BenchmarkManager - INFO - enola (run 1/1) - Running /u/halle/heiz/home_at/BachelorProject/benchmarks/uf_fix50_20-100/uf50-080.qasm
2026-03-25 17:28:08,717 - Compiler.enola - INFO - STDOUT:
[INFO] Enola: Start Solving
[INFO] Enola: Run scheduling
[INFO] Enola: Time for scheduling: 0.0006694793701171875s
75
[INFO] Enola: Time for placement: 8.106231689453125e-06s
[INFO] Enola: Solve for Rydberg stage 2/921.
[INFO] Enola: Solve for Rydberg stage 3/921.
[INFO] Enola: Solve for Rydberg stage 4/921.
[INFO] Enola: Solve for Rydberg stage 5/921.
[INFO] Enola: Solve for Rydberg stage 6/921.
[INFO] Enola: Solve for Rydberg stage 7/921.
[INFO] Enola: Solve for Rydberg stage 8/921.
[INFO] Enola: Solve for Rydberg stage 9/921.
[INFO] Enola: Solve for Rydberg stage 10/921.
[INFO] Enola: Solve for Rydberg stage 11/921.
[INFO] Enola: Solve for Rydberg stage 12/921.
[INFO] Enola: Solve for Rydberg stage 13/921.
[INFO] Enola: Solve for Rydberg stage 14/921.
[INFO] Enola: Solve for Rydberg stage 15/921.
[INFO] Enola: Solve for Rydberg stage 16/921.
[INFO] Enola: Solve for Rydberg stage 17/921.
[INFO] Enola: Solve for Rydberg stage 18/921.
[INFO] Enola: Solve for Rydberg stage 19/921.
[INFO] Enola: Solve for Rydberg stage 20/921.
[INFO] Enola: Solve for Rydberg stage 21/921.
[INFO] Enola: Solve for Rydberg stage 22/921.
[INFO] Enola: Solve for Rydberg stage 23/921.
[INFO] Enola: Solve for Rydberg stage 24/921.
[INFO] Enola: Solve for Rydberg stage 25/921.
[INFO] Enola: Solve for Rydberg stage 26/921.
[INFO] Enola: Solve for Rydberg stage 27/921.
[INFO] Enola: Solve for Rydberg stage 28/921.
[INFO] Enola: Solve for Rydberg stage 29/921.
[INFO] Enola: Solve for Rydberg stage 30/921.
[INFO] Enola: Solve for Rydberg stage 31/921.
[INFO] Enola: Solve for Rydberg stage 32/921.
[INFO] Enola: Solve for Rydberg stage 33/921.
[INFO] Enola: Solve for Rydberg stage 34/921.
[INFO] Enola: Solve for Rydberg stage 35/921.
[INFO] Enola: Solve for Rydberg stage 36/921.
[INFO] Enola: Solve for Rydberg stage 37/921.
[INFO] Enola: Solve for Rydberg stage 38/921.
[INFO] Enola: Solve for Rydberg stage 39/921.
[INFO] Enola: Solve for Rydberg stage 40/921.
[INFO] Enola: Solve for Rydberg stage 41/921.
[INFO] Enola: Solve for Rydberg stage 42/921.
[INFO] Enola: Solve for Rydberg stage 43/921.
[INFO] Enola: Solve for Rydberg stage 44/921.
[INFO] Enola: Solve for Rydberg stage 45/921.
[INFO] Enola: Solve for Rydberg stage 46/921.
[INFO] Enola: Solve for Rydberg stage 47/921.
[INFO] Enola: Solve for Rydberg stage 48/921.
[INFO] Enola: Solve for Rydberg stage 49/921.
[INFO] Enola: Solve for Rydberg stage 50/921.
[INFO] Enola: Solve for Rydberg stage 51/921.
[INFO] Enola: Solve for Rydberg stage 52/921.
[INFO] Enola: Solve for Rydberg stage 53/921.
[INFO] Enola: Solve for Rydberg stage 54/921.
[INFO] Enola: Solve for Rydberg stage 55/921.
[INFO] Enola: Solve for Rydberg stage 56/921.
[INFO] Enola: Solve for Rydberg stage 57/921.
[INFO] Enola: Solve for Rydberg stage 58/921.
[INFO] Enola: Solve for Rydberg stage 59/921.
[INFO] Enola: Solve for Rydberg stage 60/921.
[INFO] Enola: Solve for Rydberg stage 61/921.
[INFO] Enola: Solve for Rydberg stage 62/921.
[INFO] Enola: Solve for Rydberg stage 63/921.
[INFO] Enola: Solve for Rydberg stage 64/921.
[INFO] Enola: Solve for Rydberg stage 65/921.
[INFO] Enola: Solve for Rydberg stage 66/921.
[INFO] Enola: Solve for Rydberg stage 67/921.
[INFO] Enola: Solve for Rydberg stage 68/921.
[INFO] Enola: Solve for Rydberg stage 69/921.
[INFO] Enola: Solve for Rydberg stage 70/921.
[INFO] Enola: Solve for Rydberg stage 71/921.
[INFO] Enola: Solve for Rydberg stage 72/921.
[INFO] Enola: Solve for Rydberg stage 73/921.
[INFO] Enola: Solve for Rydberg stage 74/921.
[INFO] Enola: Solve for Rydberg stage 75/921.
[INFO] Enola: Solve for Rydberg stage 76/921.
[INFO] Enola: Solve for Rydberg stage 77/921.
[INFO] Enola: Solve for Rydberg stage 78/921.
[INFO] Enola: Solve for Rydberg stage 79/921.
[INFO] Enola: Solve for Rydberg stage 80/921.
[INFO] Enola: Solve for Rydberg stage 81/921.
[INFO] Enola: Solve for Rydberg stage 82/921.
[INFO] Enola: Solve for Rydberg stage 83/921.
[INFO] Enola: Solve for Rydberg stage 84/921.
[INFO] Enola: Solve for Rydberg stage 85/921.
[INFO] Enola: Solve for Rydberg stage 86/921.
[INFO] Enola: Solve for Rydberg stage 87/921.
[INFO] Enola: Solve for Rydberg stage 88/921.
[INFO] Enola: Solve for Rydberg stage 89/921.
[INFO] Enola: Solve for Rydberg stage 90/921.
[INFO] Enola: Solve for Rydberg stage 91/921.
[INFO] Enola: Solve for Rydberg stage 92/921.
[INFO] Enola: Solve for Rydberg stage 93/921.
[INFO] Enola: Solve for Rydberg stage 94/921.
[INFO] Enola: Solve for Rydberg stage 95/921.
[INFO] Enola: Solve for Rydberg stage 96/921.
[INFO] Enola: Solve for Rydberg stage 97/921.
[INFO] Enola: Solve for Rydberg stage 98/921.
[INFO] Enola: Solve for Rydberg stage 99/921.
[INFO] Enola: Solve for Rydberg stage 100/921.
[INFO] Enola: Solve for Rydberg stage 101/921.
[INFO] Enola: Solve for Rydberg stage 102/921.
[INFO] Enola: Solve for Rydberg stage 103/921.
[INFO] Enola: Solve for Rydberg stage 104/921.
[INFO] Enola: Solve for Rydberg stage 105/921.
[INFO] Enola: Solve for Rydberg stage 106/921.
[INFO] Enola: Solve for Rydberg stage 107/921.
[INFO] Enola: Solve for Rydberg stage 108/921.
[INFO] Enola: Solve for Rydberg stage 109/921.
[INFO] Enola: Solve for Rydberg stage 110/921.
[INFO] Enola: Solve for Rydberg stage 111/921.
[INFO] Enola: Solve for Rydberg stage 112/921.
[INFO] Enola: Solve for Rydberg stage 113/921.
[INFO] Enola: Solve for Rydberg stage 114/921.
[INFO] Enola: Solve for Rydberg stage 115/921.
[INFO] Enola: Solve for Rydberg stage 116/921.
[INFO] Enola: Solve for Rydberg stage 117/921.
[INFO] Enola: Solve for Rydberg stage 118/921.
[INFO] Enola: Solve for Rydberg stage 119/921.
[INFO] Enola: Solve for Rydberg stage 120/921.
[INFO] Enola: Solve for Rydberg stage 121/921.
[INFO] Enola: Solve for Rydberg stage 122/921.
[INFO] Enola: Solve for Rydberg stage 123/921.
[INFO] Enola: Solve for Rydberg stage 124/921.
[INFO] Enola: Solve for Rydberg stage 125/921.
[INFO] Enola: Solve for Rydberg stage 126/921.
[INFO] Enola: Solve for Rydberg stage 127/921.
[INFO] Enola: Solve for Rydberg stage 128/921.
[INFO] Enola: Solve for Rydberg stage 129/921.
[INFO] Enola: Solve for Rydberg stage 130/921.
[INFO] Enola: Solve for Rydberg stage 131/921.
[INFO] Enola: Solve for Rydberg stage 132/921.
[INFO] Enola: Solve for Rydberg stage 133/921.
[INFO] Enola: Solve for Rydberg stage 134/921.
[INFO] Enola: Solve for Rydberg stage 135/921.
[INFO] Enola: Solve for Rydberg stage 136/921.
[INFO] Enola: Solve for Rydberg stage 137/921.
[INFO] Enola: Solve for Rydberg stage 138/921.
[INFO] Enola: Solve for Rydberg stage 139/921.
[INFO] Enola: Solve for Rydberg stage 140/921.
[INFO] Enola: Solve for Rydberg stage 141/921.
[INFO] Enola: Solve for Rydberg stage 142/921.
[INFO] Enola: Solve for Rydberg stage 143/921.
[INFO] Enola: Solve for Rydberg stage 144/921.
[INFO] Enola: Solve for Rydberg stage 145/921.
[INFO] Enola: Solve for Rydberg stage 146/921.
[INFO] Enola: Solve for Rydberg stage 147/921.
[INFO] Enola: Solve for Rydberg stage 148/921.
[INFO] Enola: Solve for Rydberg stage 149/921.
[INFO] Enola: Solve for Rydberg stage 150/921.
[INFO] Enola: Solve for Rydberg stage 151/921.
[INFO] Enola: Solve for Rydberg stage 152/921.
[INFO] Enola: Solve for Rydberg stage 153/921.
[INFO] Enola: Solve for Rydberg stage 154/921.
[INFO] Enola: Solve for Rydberg stage 155/921.
[INFO] Enola: Solve for Rydberg stage 156/921.
[INFO] Enola: Solve for Rydberg stage 157/921.
[INFO] Enola: Solve for Rydberg stage 158/921.
[INFO] Enola: Solve for Rydberg stage 159/921.
[INFO] Enola: Solve for Rydberg stage 160/921.
[INFO] Enola: Solve for Rydberg stage 161/921.
[INFO] Enola: Solve for Rydberg stage 162/921.
[INFO] Enola: Solve for Rydberg stage 163/921.
[INFO] Enola: Solve for Rydberg stage 164/921.
[INFO] Enola: Solve for Rydberg stage 165/921.
[INFO] Enola: Solve for Rydberg stage 166/921.
[INFO] Enola: Solve for Rydberg stage 167/921.
[INFO] Enola: Solve for Rydberg stage 168/921.
[INFO] Enola: Solve for Rydberg stage 169/921.
[INFO] Enola: Solve for Rydberg stage 170/921.
[INFO] Enola: Solve for Rydberg stage 171/921.
[INFO] Enola: Solve for Rydberg stage 172/921.
[INFO] Enola: Solve for Rydberg stage 173/921.
[INFO] Enola: Solve for Rydberg stage 174/921.
[INFO] Enola: Solve for Rydberg stage 175/921.
[INFO] Enola: Solve for Rydberg stage 176/921.
[INFO] Enola: Solve for Rydberg stage 177/921.
[INFO] Enola: Solve for Rydberg stage 178/921.
[INFO] Enola: Solve for Rydberg stage 179/921.
[INFO] Enola: Solve for Rydberg stage 180/921.
[INFO] Enola: Solve for Rydberg stage 181/921.
[INFO] Enola: Solve for Rydberg stage 182/921.
[INFO] Enola: Solve for Rydberg stage 183/921.
[INFO] Enola: Solve for Rydberg stage 184/921.
[INFO] Enola: Solve for Rydberg stage 185/921.
[INFO] Enola: Solve for Rydberg stage 186/921.
[INFO] Enola: Solve for Rydberg stage 187/921.
[INFO] Enola: Solve for Rydberg stage 188/921.
[INFO] Enola: Solve for Rydberg stage 189/921.
[INFO] Enola: Solve for Rydberg stage 190/921.
[INFO] Enola: Solve for Rydberg stage 191/921.
[INFO] Enola: Solve for Rydberg stage 192/921.
[INFO] Enola: Solve for Rydberg stage 193/921.
[INFO] Enola: Solve for Rydberg stage 194/921.
[INFO] Enola: Solve for Rydberg stage 195/921.
[INFO] Enola: Solve for Rydberg stage 196/921.
[INFO] Enola: Solve for Rydberg stage 197/921.
[INFO] Enola: Solve for Rydberg stage 198/921.
[INFO] Enola: Solve for Rydberg stage 199/921.
[INFO] Enola: Solve for Rydberg stage 200/921.
[INFO] Enola: Solve for Rydberg stage 201/921.
[INFO] Enola: Solve for Rydberg stage 202/921.
[INFO] Enola: Solve for Rydberg stage 203/921.
[INFO] Enola: Solve for Rydberg stage 204/921.
[INFO] Enola: Solve for Rydberg stage 205/921.
[INFO] Enola: Solve for Rydberg stage 206/921.
[INFO] Enola: Solve for Rydberg stage 207/921.
[INFO] Enola: Solve for Rydberg stage 208/921.
[INFO] Enola: Solve for Rydberg stage 209/921.
[INFO] Enola: Solve for Rydberg stage 210/921.
[INFO] Enola: Solve for Rydberg stage 211/921.
[INFO] Enola: Solve for Rydberg stage 212/921.
[INFO] Enola: Solve for Rydberg stage 213/921.
[INFO] Enola: Solve for Rydberg stage 214/921.
[INFO] Enola: Solve for Rydberg stage 215/921.
[INFO] Enola: Solve for Rydberg stage 216/921.
[INFO] Enola: Solve for Rydberg stage 217/921.
[INFO] Enola: Solve for Rydberg stage 218/921.
[INFO] Enola: Solve for Rydberg stage 219/921.
[INFO] Enola: Solve for Rydberg stage 220/921.
[INFO] Enola: Solve for Rydberg stage 221/921.
[INFO] Enola: Solve for Rydberg stage 222/921.
[INFO] Enola: Solve for Rydberg stage 223/921.
[INFO] Enola: Solve for Rydberg stage 224/921.
[INFO] Enola: Solve for Rydberg stage 225/921.
[INFO] Enola: Solve for Rydberg stage 226/921.
[INFO] Enola: Solve for Rydberg stage 227/921.
[INFO] Enola: Solve for Rydberg stage 228/921.
[INFO] Enola: Solve for Rydberg stage 229/921.
[INFO] Enola: Solve for Rydberg stage 230/921.
[INFO] Enola: Solve for Rydberg stage 231/921.
[INFO] Enola: Solve for Rydberg stage 232/921.
[INFO] Enola: Solve for Rydberg stage 233/921.
[INFO] Enola: Solve for Rydberg stage 234/921.
[INFO] Enola: Solve for Rydberg stage 235/921.
[INFO] Enola: Solve for Rydberg stage 236/921.
[INFO] Enola: Solve for Rydberg stage 237/921.
[INFO] Enola: Solve for Rydberg stage 238/921.
[INFO] Enola: Solve for Rydberg stage 239/921.
[INFO] Enola: Solve for Rydberg stage 240/921.
[INFO] Enola: Solve for Rydberg stage 241/921.
[INFO] Enola: Solve for Rydberg stage 242/921.
[INFO] Enola: Solve for Rydberg stage 243/921.
[INFO] Enola: Solve for Rydberg stage 244/921.
[INFO] Enola: Solve for Rydberg stage 245/921.
[INFO] Enola: Solve for Rydberg stage 246/921.
[INFO] Enola: Solve for Rydberg stage 247/921.
[INFO] Enola: Solve for Rydberg stage 248/921.
[INFO] Enola: Solve for Rydberg stage 249/921.
[INFO] Enola: Solve for Rydberg stage 250/921.
[INFO] Enola: Solve for Rydberg stage 251/921.
[INFO] Enola: Solve for Rydberg stage 252/921.
[INFO] Enola: Solve for Rydberg stage 253/921.
[INFO] Enola: Solve for Rydberg stage 254/921.
[INFO] Enola: Solve for Rydberg stage 255/921.
[INFO] Enola: Solve for Rydberg stage 256/921.
[INFO] Enola: Solve for Rydberg stage 257/921.
[INFO] Enola: Solve for Rydberg stage 258/921.
[INFO] Enola: Solve for Rydberg stage 259/921.
[INFO] Enola: Solve for Rydberg stage 260/921.
[INFO] Enola: Solve for Rydberg stage 261/921.
[INFO] Enola: Solve for Rydberg stage 262/921.
[INFO] Enola: Solve for Rydberg stage 263/921.
[INFO] Enola: Solve for Rydberg stage 264/921.
[INFO] Enola: Solve for Rydberg stage 265/921.
[INFO] Enola: Solve for Rydberg stage 266/921.
[INFO] Enola: Solve for Rydberg stage 267/921.
[INFO] Enola: Solve for Rydberg stage 268/921.
[INFO] Enola: Solve for Rydberg stage 269/921.
[INFO] Enola: Solve for Rydberg stage 270/921.
[INFO] Enola: Solve for Rydberg stage 271/921.
[INFO] Enola: Solve for Rydberg stage 272/921.
[INFO] Enola: Solve for Rydberg stage 273/921.
[INFO] Enola: Solve for Rydberg stage 274/921.
[INFO] Enola: Solve for Rydberg stage 275/921.
[INFO] Enola: Solve for Rydberg stage 276/921.
[INFO] Enola: Solve for Rydberg stage 277/921.
[INFO] Enola: Solve for Rydberg stage 278/921.
[INFO] Enola: Solve for Rydberg stage 279/921.
[INFO] Enola: Solve for Rydberg stage 280/921.
[INFO] Enola: Solve for Rydberg stage 281/921.
[INFO] Enola: Solve for Rydberg stage 282/921.
[INFO] Enola: Solve for Rydberg stage 283/921.
[INFO] Enola: Solve for Rydberg stage 284/921.
[INFO] Enola: Solve for Rydberg stage 285/921.
[INFO] Enola: Solve for Rydberg stage 286/921.
[INFO] Enola: Solve for Rydberg stage 287/921.
[INFO] Enola: Solve for Rydberg stage 288/921.
[INFO] Enola: Solve for Rydberg stage 289/921.
[INFO] Enola: Solve for Rydberg stage 290/921.
[INFO] Enola: Solve for Rydberg stage 291/921.
[INFO] Enola: Solve for Rydberg stage 292/921.
[INFO] Enola: Solve for Rydberg stage 293/921.
[INFO] Enola: Solve for Rydberg stage 294/921.
[INFO] Enola: Solve for Rydberg stage 295/921.
[INFO] Enola: Solve for Rydberg stage 296/921.
[INFO] Enola: Solve for Rydberg stage 297/921.
[INFO] Enola: Solve for Rydberg stage 298/921.
[INFO] Enola: Solve for Rydberg stage 299/921.
[INFO] Enola: Solve for Rydberg stage 300/921.
[INFO] Enola: Solve for Rydberg stage 301/921.
[INFO] Enola: Solve for Rydberg stage 302/921.
[INFO] Enola: Solve for Rydberg stage 303/921.
[INFO] Enola: Solve for Rydberg stage 304/921.
[INFO] Enola: Solve for Rydberg stage 305/921.
[INFO] Enola: Solve for Rydberg stage 306/921.
[INFO] Enola: Solve for Rydberg stage 307/921.
[INFO] Enola: Solve for Rydberg stage 308/921.
[INFO] Enola: Solve for Rydberg stage 309/921.
[INFO] Enola: Solve for Rydberg stage 310/921.
[INFO] Enola: Solve for Rydberg stage 311/921.
[INFO] Enola: Solve for Rydberg stage 312/921.
[INFO] Enola: Solve for Rydberg stage 313/921.
[INFO] Enola: Solve for Rydberg stage 314/921.
[INFO] Enola: Solve for Rydberg stage 315/921.
[INFO] Enola: Solve for Rydberg stage 316/921.
[INFO] Enola: Solve for Rydberg stage 317/921.
[INFO] Enola: Solve for Rydberg stage 318/921.
[INFO] Enola: Solve for Rydberg stage 319/921.
[INFO] Enola: Solve for Rydberg stage 320/921.
[INFO] Enola: Solve for Rydberg stage 321/921.
[INFO] Enola: Solve for Rydberg stage 322/921.
[INFO] Enola: Solve for Rydberg stage 323/921.
[INFO] Enola: Solve for Rydberg stage 324/921.
[INFO] Enola: Solve for Rydberg stage 325/921.
[INFO] Enola: Solve for Rydberg stage 326/921.
[INFO] Enola: Solve for Rydberg stage 327/921.
[INFO] Enola: Solve for Rydberg stage 328/921.
[INFO] Enola: Solve for Rydberg stage 329/921.
[INFO] Enola: Solve for Rydberg stage 330/921.
[INFO] Enola: Solve for Rydberg stage 331/921.
[INFO] Enola: Solve for Rydberg stage 332/921.
[INFO] Enola: Solve for Rydberg stage 333/921.
[INFO] Enola: Solve for Rydberg stage 334/921.
[INFO] Enola: Solve for Rydberg stage 335/921.
[INFO] Enola: Solve for Rydberg stage 336/921.
[INFO] Enola: Solve for Rydberg stage 337/921.
[INFO] Enola: Solve for Rydberg stage 338/921.
[INFO] Enola: Solve for Rydberg stage 339/921.
[INFO] Enola: Solve for Rydberg stage 340/921.
[INFO] Enola: Solve for Rydberg stage 341/921.
[INFO] Enola: Solve for Rydberg stage 342/921.
[INFO] Enola: Solve for Rydberg stage 343/921.
[INFO] Enola: Solve for Rydberg stage 344/921.
[INFO] Enola: Solve for Rydberg stage 345/921.
[INFO] Enola: Solve for Rydberg stage 346/921.
[INFO] Enola: Solve for Rydberg stage 347/921.
[INFO] Enola: Solve for Rydberg stage 348/921.
[INFO] Enola: Solve for Rydberg stage 349/921.
[INFO] Enola: Solve for Rydberg stage 350/921.
[INFO] Enola: Solve for Rydberg stage 351/921.
[INFO] Enola: Solve for Rydberg stage 352/921.
[INFO] Enola: Solve for Rydberg stage 353/921.
[INFO] Enola: Solve for Rydberg stage 354/921.
[INFO] Enola: Solve for Rydberg stage 355/921.
[INFO] Enola: Solve for Rydberg stage 356/921.
[INFO] Enola: Solve for Rydberg stage 357/921.
[INFO] Enola: Solve for Rydberg stage 358/921.
[INFO] Enola: Solve for Rydberg stage 359/921.
[INFO] Enola: Solve for Rydberg stage 360/921.
[INFO] Enola: Solve for Rydberg stage 361/921.
[INFO] Enola: Solve for Rydberg stage 362/921.
[INFO] Enola: Solve for Rydberg stage 363/921.
[INFO] Enola: Solve for Rydberg stage 364/921.
[INFO] Enola: Solve for Rydberg stage 365/921.
[INFO] Enola: Solve for Rydberg stage 366/921.
[INFO] Enola: Solve for Rydberg stage 367/921.
[INFO] Enola: Solve for Rydberg stage 368/921.
[INFO] Enola: Solve for Rydberg stage 369/921.
[INFO] Enola: Solve for Rydberg stage 370/921.
[INFO] Enola: Solve for Rydberg stage 371/921.
[INFO] Enola: Solve for Rydberg stage 372/921.
[INFO] Enola: Solve for Rydberg stage 373/921.
[INFO] Enola: Solve for Rydberg stage 374/921.
[INFO] Enola: Solve for Rydberg stage 375/921.
[INFO] Enola: Solve for Rydberg stage 376/921.
[INFO] Enola: Solve for Rydberg stage 377/921.
[INFO] Enola: Solve for Rydberg stage 378/921.
[INFO] Enola: Solve for Rydberg stage 379/921.
[INFO] Enola: Solve for Rydberg stage 380/921.
[INFO] Enola: Solve for Rydberg stage 381/921.
[INFO] Enola: Solve for Rydberg stage 382/921.
[INFO] Enola: Solve for Rydberg stage 383/921.
[INFO] Enola: Solve for Rydberg stage 384/921.
[INFO] Enola: Solve for Rydberg stage 385/921.
[INFO] Enola: Solve for Rydberg stage 386/921.
[INFO] Enola: Solve for Rydberg stage 387/921.
[INFO] Enola: Solve for Rydberg stage 388/921.
[INFO] Enola: Solve for Rydberg stage 389/921.
[INFO] Enola: Solve for Rydberg stage 390/921.
[INFO] Enola: Solve for Rydberg stage 391/921.
[INFO] Enola: Solve for Rydberg stage 392/921.
[INFO] Enola: Solve for Rydberg stage 393/921.
[INFO] Enola: Solve for Rydberg stage 394/921.
[INFO] Enola: Solve for Rydberg stage 395/921.
[INFO] Enola: Solve for Rydberg stage 396/921.
[INFO] Enola: Solve for Rydberg stage 397/921.
[INFO] Enola: Solve for Rydberg stage 398/921.
[INFO] Enola: Solve for Rydberg stage 399/921.
[INFO] Enola: Solve for Rydberg stage 400/921.
[INFO] Enola: Solve for Rydberg stage 401/921.
[INFO] Enola: Solve for Rydberg stage 402/921.
[INFO] Enola: Solve for Rydberg stage 403/921.
[INFO] Enola: Solve for Rydberg stage 404/921.
[INFO] Enola: Solve for Rydberg stage 405/921.
[INFO] Enola: Solve for Rydberg stage 406/921.
[INFO] Enola: Solve for Rydberg stage 407/921.
[INFO] Enola: Solve for Rydberg stage 408/921.
[INFO] Enola: Solve for Rydberg stage 409/921.
[INFO] Enola: Solve for Rydberg stage 410/921.
[INFO] Enola: Solve for Rydberg stage 411/921.
[INFO] Enola: Solve for Rydberg stage 412/921.
[INFO] Enola: Solve for Rydberg stage 413/921.
[INFO] Enola: Solve for Rydberg stage 414/921.
[INFO] Enola: Solve for Rydberg stage 415/921.
[INFO] Enola: Solve for Rydberg stage 416/921.
[INFO] Enola: Solve for Rydberg stage 417/921.
[INFO] Enola: Solve for Rydberg stage 418/921.
[INFO] Enola: Solve for Rydberg stage 419/921.
[INFO] Enola: Solve for Rydberg stage 420/921.
[INFO] Enola: Solve for Rydberg stage 421/921.
[INFO] Enola: Solve for Rydberg stage 422/921.
[INFO] Enola: Solve for Rydberg stage 423/921.
[INFO] Enola: Solve for Rydberg stage 424/921.
[INFO] Enola: Solve for Rydberg stage 425/921.
[INFO] Enola: Solve for Rydberg stage 426/921.
[INFO] Enola: Solve for Rydberg stage 427/921.
[INFO] Enola: Solve for Rydberg stage 428/921.
[INFO] Enola: Solve for Rydberg stage 429/921.
[INFO] Enola: Solve for Rydberg stage 430/921.
[INFO] Enola: Solve for Rydberg stage 431/921.
[INFO] Enola: Solve for Rydberg stage 432/921.
[INFO] Enola: Solve for Rydberg stage 433/921.
[INFO] Enola: Solve for Rydberg stage 434/921.
[INFO] Enola: Solve for Rydberg stage 435/921.
[INFO] Enola: Solve for Rydberg stage 436/921.
[INFO] Enola: Solve for Rydberg stage 437/921.
[INFO] Enola: Solve for Rydberg stage 438/921.
[INFO] Enola: Solve for Rydberg stage 439/921.
[INFO] Enola: Solve for Rydberg stage 440/921.
[INFO] Enola: Solve for Rydberg stage 441/921.
[INFO] Enola: Solve for Rydberg stage 442/921.
[INFO] Enola: Solve for Rydberg stage 443/921.
[INFO] Enola: Solve for Rydberg stage 444/921.
[INFO] Enola: Solve for Rydberg stage 445/921.
[INFO] Enola: Solve for Rydberg stage 446/921.
[INFO] Enola: Solve for Rydberg stage 447/921.
[INFO] Enola: Solve for Rydberg stage 448/921.
[INFO] Enola: Solve for Rydberg stage 449/921.
[INFO] Enola: Solve for Rydberg stage 450/921.
[INFO] Enola: Solve for Rydberg stage 451/921.
[INFO] Enola: Solve for Rydberg stage 452/921.
[INFO] Enola: Solve for Rydberg stage 453/921.
[INFO] Enola: Solve for Rydberg stage 454/921.
[INFO] Enola: Solve for Rydberg stage 455/921.
[INFO] Enola: Solve for Rydberg stage 456/921.
[INFO] Enola: Solve for Rydberg stage 457/921.
[INFO] Enola: Solve for Rydberg stage 458/921.
[INFO] Enola: Solve for Rydberg stage 459/921.
[INFO] Enola: Solve for Rydberg stage 460/921.
[INFO] Enola: Solve for Rydberg stage 461/921.
[INFO] Enola: Solve for Rydberg stage 462/921.
[INFO] Enola: Solve for Rydberg stage 463/921.
[INFO] Enola: Solve for Rydberg stage 464/921.
[INFO] Enola: Solve for Rydberg stage 465/921.
[INFO] Enola: Solve for Rydberg stage 466/921.
[INFO] Enola: Solve for Rydberg stage 467/921.
[INFO] Enola: Solve for Rydberg stage 468/921.
[INFO] Enola: Solve for Rydberg stage 469/921.
[INFO] Enola: Solve for Rydberg stage 470/921.
[INFO] Enola: Solve for Rydberg stage 471/921.
[INFO] Enola: Solve for Rydberg stage 472/921.
[INFO] Enola: Solve for Rydberg stage 473/921.
[INFO] Enola: Solve for Rydberg stage 474/921.
[INFO] Enola: Solve for Rydberg stage 475/921.
[INFO] Enola: Solve for Rydberg stage 476/921.
[INFO] Enola: Solve for Rydberg stage 477/921.
[INFO] Enola: Solve for Rydberg stage 478/921.
[INFO] Enola: Solve for Rydberg stage 479/921.
[INFO] Enola: Solve for Rydberg stage 480/921.
[INFO] Enola: Solve for Rydberg stage 481/921.
[INFO] Enola: Solve for Rydberg stage 482/921.
[INFO] Enola: Solve for Rydberg stage 483/921.
[INFO] Enola: Solve for Rydberg stage 484/921.
[INFO] Enola: Solve for Rydberg stage 485/921.
[INFO] Enola: Solve for Rydberg stage 486/921.
[INFO] Enola: Solve for Rydberg stage 487/921.
[INFO] Enola: Solve for Rydberg stage 488/921.
[INFO] Enola: Solve for Rydberg stage 489/921.
[INFO] Enola: Solve for Rydberg stage 490/921.
[INFO] Enola: Solve for Rydberg stage 491/921.
[INFO] Enola: Solve for Rydberg stage 492/921.
[INFO] Enola: Solve for Rydberg stage 493/921.
[INFO] Enola: Solve for Rydberg stage 494/921.
[INFO] Enola: Solve for Rydberg stage 495/921.
[INFO] Enola: Solve for Rydberg stage 496/921.
[INFO] Enola: Solve for Rydberg stage 497/921.
[INFO] Enola: Solve for Rydberg stage 498/921.
[INFO] Enola: Solve for Rydberg stage 499/921.
[INFO] Enola: Solve for Rydberg stage 500/921.
[INFO] Enola: Solve for Rydberg stage 501/921.
[INFO] Enola: Solve for Rydberg stage 502/921.
[INFO] Enola: Solve for Rydberg stage 503/921.
[INFO] Enola: Solve for Rydberg stage 504/921.
[INFO] Enola: Solve for Rydberg stage 505/921.
[INFO] Enola: Solve for Rydberg stage 506/921.
[INFO] Enola: Solve for Rydberg stage 507/921.
[INFO] Enola: Solve for Rydberg stage 508/921.
[INFO] Enola: Solve for Rydberg stage 509/921.
[INFO] Enola: Solve for Rydberg stage 510/921.
[INFO] Enola: Solve for Rydberg stage 511/921.
[INFO] Enola: Solve for Rydberg stage 512/921.
[INFO] Enola: Solve for Rydberg stage 513/921.
[INFO] Enola: Solve for Rydberg stage 514/921.
[INFO] Enola: Solve for Rydberg stage 515/921.
[INFO] Enola: Solve for Rydberg stage 516/921.
[INFO] Enola: Solve for Rydberg stage 517/921.
[INFO] Enola: Solve for Rydberg stage 518/921.
[INFO] Enola: Solve for Rydberg stage 519/921.
[INFO] Enola: Solve for Rydberg stage 520/921.
[INFO] Enola: Solve for Rydberg stage 521/921.
[INFO] Enola: Solve for Rydberg stage 522/921.
[INFO] Enola: Solve for Rydberg stage 523/921.
[INFO] Enola: Solve for Rydberg stage 524/921.
[INFO] Enola: Solve for Rydberg stage 525/921.
[INFO] Enola: Solve for Rydberg stage 526/921.
[INFO] Enola: Solve for Rydberg stage 527/921.
[INFO] Enola: Solve for Rydberg stage 528/921.
[INFO] Enola: Solve for Rydberg stage 529/921.
[INFO] Enola: Solve for Rydberg stage 530/921.
[INFO] Enola: Solve for Rydberg stage 531/921.
[INFO] Enola: Solve for Rydberg stage 532/921.
[INFO] Enola: Solve for Rydberg stage 533/921.
[INFO] Enola: Solve for Rydberg stage 534/921.
[INFO] Enola: Solve for Rydberg stage 535/921.
[INFO] Enola: Solve for Rydberg stage 536/921.
[INFO] Enola: Solve for Rydberg stage 537/921.
[INFO] Enola: Solve for Rydberg stage 538/921.
[INFO] Enola: Solve for Rydberg stage 539/921.
[INFO] Enola: Solve for Rydberg stage 540/921.
[INFO] Enola: Solve for Rydberg stage 541/921.
[INFO] Enola: Solve for Rydberg stage 542/921.
[INFO] Enola: Solve for Rydberg stage 543/921.
[INFO] Enola: Solve for Rydberg stage 544/921.
[INFO] Enola: Solve for Rydberg stage 545/921.
[INFO] Enola: Solve for Rydberg stage 546/921.
[INFO] Enola: Solve for Rydberg stage 547/921.
[INFO] Enola: Solve for Rydberg stage 548/921.
[INFO] Enola: Solve for Rydberg stage 549/921.
[INFO] Enola: Solve for Rydberg stage 550/921.
[INFO] Enola: Solve for Rydberg stage 551/921.
[INFO] Enola: Solve for Rydberg stage 552/921.
[INFO] Enola: Solve for Rydberg stage 553/921.
[INFO] Enola: Solve for Rydberg stage 554/921.
[INFO] Enola: Solve for Rydberg stage 555/921.
[INFO] Enola: Solve for Rydberg stage 556/921.
[INFO] Enola: Solve for Rydberg stage 557/921.
[INFO] Enola: Solve for Rydberg stage 558/921.
[INFO] Enola: Solve for Rydberg stage 559/921.
[INFO] Enola: Solve for Rydberg stage 560/921.
[INFO] Enola: Solve for Rydberg stage 561/921.
[INFO] Enola: Solve for Rydberg stage 562/921.
[INFO] Enola: Solve for Rydberg stage 563/921.
[INFO] Enola: Solve for Rydberg stage 564/921.
[INFO] Enola: Solve for Rydberg stage 565/921.
[INFO] Enola: Solve for Rydberg stage 566/921.
[INFO] Enola: Solve for Rydberg stage 567/921.
[INFO] Enola: Solve for Rydberg stage 568/921.
[INFO] Enola: Solve for Rydberg stage 569/921.
[INFO] Enola: Solve for Rydberg stage 570/921.
[INFO] Enola: Solve for Rydberg stage 571/921.
[INFO] Enola: Solve for Rydberg stage 572/921.
[INFO] Enola: Solve for Rydberg stage 573/921.
[INFO] Enola: Solve for Rydberg stage 574/921.
[INFO] Enola: Solve for Rydberg stage 575/921.
[INFO] Enola: Solve for Rydberg stage 576/921.
[INFO] Enola: Solve for Rydberg stage 577/921.
[INFO] Enola: Solve for Rydberg stage 578/921.
[INFO] Enola: Solve for Rydberg stage 579/921.
[INFO] Enola: Solve for Rydberg stage 580/921.
[INFO] Enola: Solve for Rydberg stage 581/921.
[INFO] Enola: Solve for Rydberg stage 582/921.
[INFO] Enola: Solve for Rydberg stage 583/921.
[INFO] Enola: Solve for Rydberg stage 584/921.
[INFO] Enola: Solve for Rydberg stage 585/921.
[INFO] Enola: Solve for Rydberg stage 586/921.
[INFO] Enola: Solve for Rydberg stage 587/921.
[INFO] Enola: Solve for Rydberg stage 588/921.
[INFO] Enola: Solve for Rydberg stage 589/921.
[INFO] Enola: Solve for Rydberg stage 590/921.
[INFO] Enola: Solve for Rydberg stage 591/921.
[INFO] Enola: Solve for Rydberg stage 592/921.
[INFO] Enola: Solve for Rydberg stage 593/921.
[INFO] Enola: Solve for Rydberg stage 594/921.
[INFO] Enola: Solve for Rydberg stage 595/921.
[INFO] Enola: Solve for Rydberg stage 596/921.
[INFO] Enola: Solve for Rydberg stage 597/921.
[INFO] Enola: Solve for Rydberg stage 598/921.
[INFO] Enola: Solve for Rydberg stage 599/921.
[INFO] Enola: Solve for Rydberg stage 600/921.
[INFO] Enola: Solve for Rydberg stage 601/921.
[INFO] Enola: Solve for Rydberg stage 602/921.
[INFO] Enola: Solve for Rydberg stage 603/921.
[INFO] Enola: Solve for Rydberg stage 604/921.
[INFO] Enola: Solve for Rydberg stage 605/921.
[INFO] Enola: Solve for Rydberg stage 606/921.
[INFO] Enola: Solve for Rydberg stage 607/921.
[INFO] Enola: Solve for Rydberg stage 608/921.
[INFO] Enola: Solve for Rydberg stage 609/921.
[INFO] Enola: Solve for Rydberg stage 610/921.
[INFO] Enola: Solve for Rydberg stage 611/921.
[INFO] Enola: Solve for Rydberg stage 612/921.
[INFO] Enola: Solve for Rydberg stage 613/921.
[INFO] Enola: Solve for Rydberg stage 614/921.
[INFO] Enola: Solve for Rydberg stage 615/921.
[INFO] Enola: Solve for Rydberg stage 616/921.
[INFO] Enola: Solve for Rydberg stage 617/921.
[INFO] Enola: Solve for Rydberg stage 618/921.
[INFO] Enola: Solve for Rydberg stage 619/921.
[INFO] Enola: Solve for Rydberg stage 620/921.
[INFO] Enola: Solve for Rydberg stage 621/921.
[INFO] Enola: Solve for Rydberg stage 622/921.
[INFO] Enola: Solve for Rydberg stage 623/921.
[INFO] Enola: Solve for Rydberg stage 624/921.
[INFO] Enola: Solve for Rydberg stage 625/921.
[INFO] Enola: Solve for Rydberg stage 626/921.
[INFO] Enola: Solve for Rydberg stage 627/921.
[INFO] Enola: Solve for Rydberg stage 628/921.
[INFO] Enola: Solve for Rydberg stage 629/921.
[INFO] Enola: Solve for Rydberg stage 630/921.
[INFO] Enola: Solve for Rydberg stage 631/921.
[INFO] Enola: Solve for Rydberg stage 632/921.
[INFO] Enola: Solve for Rydberg stage 633/921.
[INFO] Enola: Solve for Rydberg stage 634/921.
[INFO] Enola: Solve for Rydberg stage 635/921.
[INFO] Enola: Solve for Rydberg stage 636/921.
[INFO] Enola: Solve for Rydberg stage 637/921.
[INFO] Enola: Solve for Rydberg stage 638/921.
[INFO] Enola: Solve for Rydberg stage 639/921.
[INFO] Enola: Solve for Rydberg stage 640/921.
[INFO] Enola: Solve for Rydberg stage 641/921.
[INFO] Enola: Solve for Rydberg stage 642/921.
[INFO] Enola: Solve for Rydberg stage 643/921.
[INFO] Enola: Solve for Rydberg stage 644/921.
[INFO] Enola: Solve for Rydberg stage 645/921.
[INFO] Enola: Solve for Rydberg stage 646/921.
[INFO] Enola: Solve for Rydberg stage 647/921.
[INFO] Enola: Solve for Rydberg stage 648/921.
[INFO] Enola: Solve for Rydberg stage 649/921.
[INFO] Enola: Solve for Rydberg stage 650/921.
[INFO] Enola: Solve for Rydberg stage 651/921.
[INFO] Enola: Solve for Rydberg stage 652/921.
[INFO] Enola: Solve for Rydberg stage 653/921.
[INFO] Enola: Solve for Rydberg stage 654/921.
[INFO] Enola: Solve for Rydberg stage 655/921.
[INFO] Enola: Solve for Rydberg stage 656/921.
[INFO] Enola: Solve for Rydberg stage 657/921.
[INFO] Enola: Solve for Rydberg stage 658/921.
[INFO] Enola: Solve for Rydberg stage 659/921.
[INFO] Enola: Solve for Rydberg stage 660/921.
[INFO] Enola: Solve for Rydberg stage 661/921.
[INFO] Enola: Solve for Rydberg stage 662/921.
[INFO] Enola: Solve for Rydberg stage 663/921.
[INFO] Enola: Solve for Rydberg stage 664/921.
[INFO] Enola: Solve for Rydberg stage 665/921.
[INFO] Enola: Solve for Rydberg stage 666/921.
[INFO] Enola: Solve for Rydberg stage 667/921.
[INFO] Enola: Solve for Rydberg stage 668/921.
[INFO] Enola: Solve for Rydberg stage 669/921.
[INFO] Enola: Solve for Rydberg stage 670/921.
[INFO] Enola: Solve for Rydberg stage 671/921.
[INFO] Enola: Solve for Rydberg stage 672/921.
[INFO] Enola: Solve for Rydberg stage 673/921.
[INFO] Enola: Solve for Rydberg stage 674/921.
[INFO] Enola: Solve for Rydberg stage 675/921.
[INFO] Enola: Solve for Rydberg stage 676/921.
[INFO] Enola: Solve for Rydberg stage 677/921.
[INFO] Enola: Solve for Rydberg stage 678/921.
[INFO] Enola: Solve for Rydberg stage 679/921.
[INFO] Enola: Solve for Rydberg stage 680/921.
[INFO] Enola: Solve for Rydberg stage 681/921.
[INFO] Enola: Solve for Rydberg stage 682/921.
[INFO] Enola: Solve for Rydberg stage 683/921.
[INFO] Enola: Solve for Rydberg stage 684/921.
[INFO] Enola: Solve for Rydberg stage 685/921.
[INFO] Enola: Solve for Rydberg stage 686/921.
[INFO] Enola: Solve for Rydberg stage 687/921.
[INFO] Enola: Solve for Rydberg stage 688/921.
[INFO] Enola: Solve for Rydberg stage 689/921.
[INFO] Enola: Solve for Rydberg stage 690/921.
[INFO] Enola: Solve for Rydberg stage 691/921.
[INFO] Enola: Solve for Rydberg stage 692/921.
[INFO] Enola: Solve for Rydberg stage 693/921.
[INFO] Enola: Solve for Rydberg stage 694/921.
[INFO] Enola: Solve for Rydberg stage 695/921.
[INFO] Enola: Solve for Rydberg stage 696/921.
[INFO] Enola: Solve for Rydberg stage 697/921.
[INFO] Enola: Solve for Rydberg stage 698/921.
[INFO] Enola: Solve for Rydberg stage 699/921.
[INFO] Enola: Solve for Rydberg stage 700/921.
[INFO] Enola: Solve for Rydberg stage 701/921.
[INFO] Enola: Solve for Rydberg stage 702/921.
[INFO] Enola: Solve for Rydberg stage 703/921.
[INFO] Enola: Solve for Rydberg stage 704/921.
[INFO] Enola: Solve for Rydberg stage 705/921.
[INFO] Enola: Solve for Rydberg stage 706/921.
[INFO] Enola: Solve for Rydberg stage 707/921.
[INFO] Enola: Solve for Rydberg stage 708/921.
[INFO] Enola: Solve for Rydberg stage 709/921.
[INFO] Enola: Solve for Rydberg stage 710/921.
[INFO] Enola: Solve for Rydberg stage 711/921.
[INFO] Enola: Solve for Rydberg stage 712/921.
[INFO] Enola: Solve for Rydberg stage 713/921.
[INFO] Enola: Solve for Rydberg stage 714/921.
[INFO] Enola: Solve for Rydberg stage 715/921.
[INFO] Enola: Solve for Rydberg stage 716/921.
[INFO] Enola: Solve for Rydberg stage 717/921.
[INFO] Enola: Solve for Rydberg stage 718/921.
[INFO] Enola: Solve for Rydberg stage 719/921.
[INFO] Enola: Solve for Rydberg stage 720/921.
[INFO] Enola: Solve for Rydberg stage 721/921.
[INFO] Enola: Solve for Rydberg stage 722/921.
[INFO] Enola: Solve for Rydberg stage 723/921.
[INFO] Enola: Solve for Rydberg stage 724/921.
[INFO] Enola: Solve for Rydberg stage 725/921.
[INFO] Enola: Solve for Rydberg stage 726/921.
[INFO] Enola: Solve for Rydberg stage 727/921.
[INFO] Enola: Solve for Rydberg stage 728/921.
[INFO] Enola: Solve for Rydberg stage 729/921.
[INFO] Enola: Solve for Rydberg stage 730/921.
[INFO] Enola: Solve for Rydberg stage 731/921.
[INFO] Enola: Solve for Rydberg stage 732/921.
[INFO] Enola: Solve for Rydberg stage 733/921.
[INFO] Enola: Solve for Rydberg stage 734/921.
[INFO] Enola: Solve for Rydberg stage 735/921.
[INFO] Enola: Solve for Rydberg stage 736/921.
[INFO] Enola: Solve for Rydberg stage 737/921.
[INFO] Enola: Solve for Rydberg stage 738/921.
[INFO] Enola: Solve for Rydberg stage 739/921.
[INFO] Enola: Solve for Rydberg stage 740/921.
[INFO] Enola: Solve for Rydberg stage 741/921.
[INFO] Enola: Solve for Rydberg stage 742/921.
[INFO] Enola: Solve for Rydberg stage 743/921.
[INFO] Enola: Solve for Rydberg stage 744/921.
[INFO] Enola: Solve for Rydberg stage 745/921.
[INFO] Enola: Solve for Rydberg stage 746/921.
[INFO] Enola: Solve for Rydberg stage 747/921.
[INFO] Enola: Solve for Rydberg stage 748/921.
[INFO] Enola: Solve for Rydberg stage 749/921.
[INFO] Enola: Solve for Rydberg stage 750/921.
[INFO] Enola: Solve for Rydberg stage 751/921.
[INFO] Enola: Solve for Rydberg stage 752/921.
[INFO] Enola: Solve for Rydberg stage 753/921.
[INFO] Enola: Solve for Rydberg stage 754/921.
[INFO] Enola: Solve for Rydberg stage 755/921.
[INFO] Enola: Solve for Rydberg stage 756/921.
[INFO] Enola: Solve for Rydberg stage 757/921.
[INFO] Enola: Solve for Rydberg stage 758/921.
[INFO] Enola: Solve for Rydberg stage 759/921.
[INFO] Enola: Solve for Rydberg stage 760/921.
[INFO] Enola: Solve for Rydberg stage 761/921.
[INFO] Enola: Solve for Rydberg stage 762/921.
[INFO] Enola: Solve for Rydberg stage 763/921.
[INFO] Enola: Solve for Rydberg stage 764/921.
[INFO] Enola: Solve for Rydberg stage 765/921.
[INFO] Enola: Solve for Rydberg stage 766/921.
[INFO] Enola: Solve for Rydberg stage 767/921.
[INFO] Enola: Solve for Rydberg stage 768/921.
[INFO] Enola: Solve for Rydberg stage 769/921.
[INFO] Enola: Solve for Rydberg stage 770/921.
[INFO] Enola: Solve for Rydberg stage 771/921.
[INFO] Enola: Solve for Rydberg stage 772/921.
[INFO] Enola: Solve for Rydberg stage 773/921.
[INFO] Enola: Solve for Rydberg stage 774/921.
[INFO] Enola: Solve for Rydberg stage 775/921.
[INFO] Enola: Solve for Rydberg stage 776/921.
[INFO] Enola: Solve for Rydberg stage 777/921.
[INFO] Enola: Solve for Rydberg stage 778/921.
[INFO] Enola: Solve for Rydberg stage 779/921.
[INFO] Enola: Solve for Rydberg stage 780/921.
[INFO] Enola: Solve for Rydberg stage 781/921.
[INFO] Enola: Solve for Rydberg stage 782/921.
[INFO] Enola: Solve for Rydberg stage 783/921.
[INFO] Enola: Solve for Rydberg stage 784/921.
[INFO] Enola: Solve for Rydberg stage 785/921.
[INFO] Enola: Solve for Rydberg stage 786/921.
[INFO] Enola: Solve for Rydberg stage 787/921.
[INFO] Enola: Solve for Rydberg stage 788/921.
[INFO] Enola: Solve for Rydberg stage 789/921.
[INFO] Enola: Solve for Rydberg stage 790/921.
[INFO] Enola: Solve for Rydberg stage 791/921.
[INFO] Enola: Solve for Rydberg stage 792/921.
[INFO] Enola: Solve for Rydberg stage 793/921.
[INFO] Enola: Solve for Rydberg stage 794/921.
[INFO] Enola: Solve for Rydberg stage 795/921.
[INFO] Enola: Solve for Rydberg stage 796/921.
[INFO] Enola: Solve for Rydberg stage 797/921.
[INFO] Enola: Solve for Rydberg stage 798/921.
[INFO] Enola: Solve for Rydberg stage 799/921.
[INFO] Enola: Solve for Rydberg stage 800/921.
[INFO] Enola: Solve for Rydberg stage 801/921.
[INFO] Enola: Solve for Rydberg stage 802/921.
[INFO] Enola: Solve for Rydberg stage 803/921.
[INFO] Enola: Solve for Rydberg stage 804/921.
[INFO] Enola: Solve for Rydberg stage 805/921.
[INFO] Enola: Solve for Rydberg stage 806/921.
[INFO] Enola: Solve for Rydberg stage 807/921.
[INFO] Enola: Solve for Rydberg stage 808/921.
[INFO] Enola: Solve for Rydberg stage 809/921.
[INFO] Enola: Solve for Rydberg stage 810/921.
[INFO] Enola: Solve for Rydberg stage 811/921.
[INFO] Enola: Solve for Rydberg stage 812/921.
[INFO] Enola: Solve for Rydberg stage 813/921.
[INFO] Enola: Solve for Rydberg stage 814/921.
[INFO] Enola: Solve for Rydberg stage 815/921.
[INFO] Enola: Solve for Rydberg stage 816/921.
[INFO] Enola: Solve for Rydberg stage 817/921.
[INFO] Enola: Solve for Rydberg stage 818/921.
[INFO] Enola: Solve for Rydberg stage 819/921.
[INFO] Enola: Solve for Rydberg stage 820/921.
[INFO] Enola: Solve for Rydberg stage 821/921.
[INFO] Enola: Solve for Rydberg stage 822/921.
[INFO] Enola: Solve for Rydberg stage 823/921.
[INFO] Enola: Solve for Rydberg stage 824/921.
[INFO] Enola: Solve for Rydberg stage 825/921.
[INFO] Enola: Solve for Rydberg stage 826/921.
[INFO] Enola: Solve for Rydberg stage 827/921.
[INFO] Enola: Solve for Rydberg stage 828/921.
[INFO] Enola: Solve for Rydberg stage 829/921.
[INFO] Enola: Solve for Rydberg stage 830/921.
[INFO] Enola: Solve for Rydberg stage 831/921.
[INFO] Enola: Solve for Rydberg stage 832/921.
[INFO] Enola: Solve for Rydberg stage 833/921.
[INFO] Enola: Solve for Rydberg stage 834/921.
[INFO] Enola: Solve for Rydberg stage 835/921.
[INFO] Enola: Solve for Rydberg stage 836/921.
[INFO] Enola: Solve for Rydberg stage 837/921.
[INFO] Enola: Solve for Rydberg stage 838/921.
[INFO] Enola: Solve for Rydberg stage 839/921.
[INFO] Enola: Solve for Rydberg stage 840/921.
[INFO] Enola: Solve for Rydberg stage 841/921.
[INFO] Enola: Solve for Rydberg stage 842/921.
[INFO] Enola: Solve for Rydberg stage 843/921.
[INFO] Enola: Solve for Rydberg stage 844/921.
[INFO] Enola: Solve for Rydberg stage 845/921.
[INFO] Enola: Solve for Rydberg stage 846/921.
[INFO] Enola: Solve for Rydberg stage 847/921.
[INFO] Enola: Solve for Rydberg stage 848/921.
[INFO] Enola: Solve for Rydberg stage 849/921.
[INFO] Enola: Solve for Rydberg stage 850/921.
[INFO] Enola: Solve for Rydberg stage 851/921.
[INFO] Enola: Solve for Rydberg stage 852/921.
[INFO] Enola: Solve for Rydberg stage 853/921.
[INFO] Enola: Solve for Rydberg stage 854/921.
[INFO] Enola: Solve for Rydberg stage 855/921.
[INFO] Enola: Solve for Rydberg stage 856/921.
[INFO] Enola: Solve for Rydberg stage 857/921.
[INFO] Enola: Solve for Rydberg stage 858/921.
[INFO] Enola: Solve for Rydberg stage 859/921.
[INFO] Enola: Solve for Rydberg stage 860/921.
[INFO] Enola: Solve for Rydberg stage 861/921.
[INFO] Enola: Solve for Rydberg stage 862/921.
[INFO] Enola: Solve for Rydberg stage 863/921.
[INFO] Enola: Solve for Rydberg stage 864/921.
[INFO] Enola: Solve for Rydberg stage 865/921.
[INFO] Enola: Solve for Rydberg stage 866/921.
[INFO] Enola: Solve for Rydberg stage 867/921.
[INFO] Enola: Solve for Rydberg stage 868/921.
[INFO] Enola: Solve for Rydberg stage 869/921.
[INFO] Enola: Solve for Rydberg stage 870/921.
[INFO] Enola: Solve for Rydberg stage 871/921.
[INFO] Enola: Solve for Rydberg stage 872/921.
[INFO] Enola: Solve for Rydberg stage 873/921.
[INFO] Enola: Solve for Rydberg stage 874/921.
[INFO] Enola: Solve for Rydberg stage 875/921.
[INFO] Enola: Solve for Rydberg stage 876/921.
[INFO] Enola: Solve for Rydberg stage 877/921.
[INFO] Enola: Solve for Rydberg stage 878/921.
[INFO] Enola: Solve for Rydberg stage 879/921.
[INFO] Enola: Solve for Rydberg stage 880/921.
[INFO] Enola: Solve for Rydberg stage 881/921.
[INFO] Enola: Solve for Rydberg stage 882/921.
[INFO] Enola: Solve for Rydberg stage 883/921.
[INFO] Enola: Solve for Rydberg stage 884/921.
[INFO] Enola: Solve for Rydberg stage 885/921.
[INFO] Enola: Solve for Rydberg stage 886/921.
[INFO] Enola: Solve for Rydberg stage 887/921.
[INFO] Enola: Solve for Rydberg stage 888/921.
[INFO] Enola: Solve for Rydberg stage 889/921.
[INFO] Enola: Solve for Rydberg stage 890/921.
[INFO] Enola: Solve for Rydberg stage 891/921.
[INFO] Enola: Solve for Rydberg stage 892/921.
[INFO] Enola: Solve for Rydberg stage 893/921.
[INFO] Enola: Solve for Rydberg stage 894/921.
[INFO] Enola: Solve for Rydberg stage 895/921.
[INFO] Enola: Solve for Rydberg stage 896/921.
[INFO] Enola: Solve for Rydberg stage 897/921.
[INFO] Enola: Solve for Rydberg stage 898/921.
[INFO] Enola: Solve for Rydberg stage 899/921.
[INFO] Enola: Solve for Rydberg stage 900/921.
[INFO] Enola: Solve for Rydberg stage 901/921.
[INFO] Enola: Solve for Rydberg stage 902/921.
[INFO] Enola: Solve for Rydberg stage 903/921.
[INFO] Enola: Solve for Rydberg stage 904/921.
[INFO] Enola: Solve for Rydberg stage 905/921.
[INFO] Enola: Solve for Rydberg stage 906/921.
[INFO] Enola: Solve for Rydberg stage 907/921.
[INFO] Enola: Solve for Rydberg stage 908/921.
[INFO] Enola: Solve for Rydberg stage 909/921.
[INFO] Enola: Solve for Rydberg stage 910/921.
[INFO] Enola: Solve for Rydberg stage 911/921.
[INFO] Enola: Solve for Rydberg stage 912/921.
[INFO] Enola: Solve for Rydberg stage 913/921.
[INFO] Enola: Solve for Rydberg stage 914/921.
[INFO] Enola: Solve for Rydberg stage 915/921.
[INFO] Enola: Solve for Rydberg stage 916/921.
[INFO] Enola: Solve for Rydberg stage 917/921.
[INFO] Enola: Solve for Rydberg stage 918/921.
[INFO] Enola: Solve for Rydberg stage 919/921.
[INFO] Enola: Solve for Rydberg stage 920/921.
[INFO] Enola: Solve for Rydberg stage 921/921.
[INFO] Enola: Solve for Rydberg stage 922/921.
[INFO] Enola: Time for routing: 0.11296868324279785s
[INFO] Enola: Total Time: 2.101067304611206s
Compilation successful.

2026-03-25 17:28:08,807 - BenchmarkManager - INFO - enola (run 1/1) - Running /u/halle/heiz/home_at/BachelorProject/benchmarks/uf_fix50_20-100/uf50-090.qasm
2026-03-25 17:28:12,119 - Compiler.enola - INFO - STDOUT:
[INFO] Enola: Start Solving
[INFO] Enola: Run scheduling
[INFO] Enola: Time for scheduling: 0.0006861686706542969s
75
[INFO] Enola: Time for placement: 8.821487426757812e-06s
[INFO] Enola: Solve for Rydberg stage 2/932.
[INFO] Enola: Solve for Rydberg stage 3/932.
[INFO] Enola: Solve for Rydberg stage 4/932.
[INFO] Enola: Solve for Rydberg stage 5/932.
[INFO] Enola: Solve for Rydberg stage 6/932.
[INFO] Enola: Solve for Rydberg stage 7/932.
[INFO] Enola: Solve for Rydberg stage 8/932.
[INFO] Enola: Solve for Rydberg stage 9/932.
[INFO] Enola: Solve for Rydberg stage 10/932.
[INFO] Enola: Solve for Rydberg stage 11/932.
[INFO] Enola: Solve for Rydberg stage 12/932.
[INFO] Enola: Solve for Rydberg stage 13/932.
[INFO] Enola: Solve for Rydberg stage 14/932.
[INFO] Enola: Solve for Rydberg stage 15/932.
[INFO] Enola: Solve for Rydberg stage 16/932.
[INFO] Enola: Solve for Rydberg stage 17/932.
[INFO] Enola: Solve for Rydberg stage 18/932.
[INFO] Enola: Solve for Rydberg stage 19/932.
[INFO] Enola: Solve for Rydberg stage 20/932.
[INFO] Enola: Solve for Rydberg stage 21/932.
[INFO] Enola: Solve for Rydberg stage 22/932.
[INFO] Enola: Solve for Rydberg stage 23/932.
[INFO] Enola: Solve for Rydberg stage 24/932.
[INFO] Enola: Solve for Rydberg stage 25/932.
[INFO] Enola: Solve for Rydberg stage 26/932.
[INFO] Enola: Solve for Rydberg stage 27/932.
[INFO] Enola: Solve for Rydberg stage 28/932.
[INFO] Enola: Solve for Rydberg stage 29/932.
[INFO] Enola: Solve for Rydberg stage 30/932.
[INFO] Enola: Solve for Rydberg stage 31/932.
[INFO] Enola: Solve for Rydberg stage 32/932.
[INFO] Enola: Solve for Rydberg stage 33/932.
[INFO] Enola: Solve for Rydberg stage 34/932.
[INFO] Enola: Solve for Rydberg stage 35/932.
[INFO] Enola: Solve for Rydberg stage 36/932.
[INFO] Enola: Solve for Rydberg stage 37/932.
[INFO] Enola: Solve for Rydberg stage 38/932.
[INFO] Enola: Solve for Rydberg stage 39/932.
[INFO] Enola: Solve for Rydberg stage 40/932.
[INFO] Enola: Solve for Rydberg stage 41/932.
[INFO] Enola: Solve for Rydberg stage 42/932.
[INFO] Enola: Solve for Rydberg stage 43/932.
[INFO] Enola: Solve for Rydberg stage 44/932.
[INFO] Enola: Solve for Rydberg stage 45/932.
[INFO] Enola: Solve for Rydberg stage 46/932.
[INFO] Enola: Solve for Rydberg stage 47/932.
[INFO] Enola: Solve for Rydberg stage 48/932.
[INFO] Enola: Solve for Rydberg stage 49/932.
[INFO] Enola: Solve for Rydberg stage 50/932.
[INFO] Enola: Solve for Rydberg stage 51/932.
[INFO] Enola: Solve for Rydberg stage 52/932.
[INFO] Enola: Solve for Rydberg stage 53/932.
[INFO] Enola: Solve for Rydberg stage 54/932.
[INFO] Enola: Solve for Rydberg stage 55/932.
[INFO] Enola: Solve for Rydberg stage 56/932.
[INFO] Enola: Solve for Rydberg stage 57/932.
[INFO] Enola: Solve for Rydberg stage 58/932.
[INFO] Enola: Solve for Rydberg stage 59/932.
[INFO] Enola: Solve for Rydberg stage 60/932.
[INFO] Enola: Solve for Rydberg stage 61/932.
[INFO] Enola: Solve for Rydberg stage 62/932.
[INFO] Enola: Solve for Rydberg stage 63/932.
[INFO] Enola: Solve for Rydberg stage 64/932.
[INFO] Enola: Solve for Rydberg stage 65/932.
[INFO] Enola: Solve for Rydberg stage 66/932.
[INFO] Enola: Solve for Rydberg stage 67/932.
[INFO] Enola: Solve for Rydberg stage 68/932.
[INFO] Enola: Solve for Rydberg stage 69/932.
[INFO] Enola: Solve for Rydberg stage 70/932.
[INFO] Enola: Solve for Rydberg stage 71/932.
[INFO] Enola: Solve for Rydberg stage 72/932.
[INFO] Enola: Solve for Rydberg stage 73/932.
[INFO] Enola: Solve for Rydberg stage 74/932.
[INFO] Enola: Solve for Rydberg stage 75/932.
[INFO] Enola: Solve for Rydberg stage 76/932.
[INFO] Enola: Solve for Rydberg stage 77/932.
[INFO] Enola: Solve for Rydberg stage 78/932.
[INFO] Enola: Solve for Rydberg stage 79/932.
[INFO] Enola: Solve for Rydberg stage 80/932.
[INFO] Enola: Solve for Rydberg stage 81/932.
[INFO] Enola: Solve for Rydberg stage 82/932.
[INFO] Enola: Solve for Rydberg stage 83/932.
[INFO] Enola: Solve for Rydberg stage 84/932.
[INFO] Enola: Solve for Rydberg stage 85/932.
[INFO] Enola: Solve for Rydberg stage 86/932.
[INFO] Enola: Solve for Rydberg stage 87/932.
[INFO] Enola: Solve for Rydberg stage 88/932.
[INFO] Enola: Solve for Rydberg stage 89/932.
[INFO] Enola: Solve for Rydberg stage 90/932.
[INFO] Enola: Solve for Rydberg stage 91/932.
[INFO] Enola: Solve for Rydberg stage 92/932.
[INFO] Enola: Solve for Rydberg stage 93/932.
[INFO] Enola: Solve for Rydberg stage 94/932.
[INFO] Enola: Solve for Rydberg stage 95/932.
[INFO] Enola: Solve for Rydberg stage 96/932.
[INFO] Enola: Solve for Rydberg stage 97/932.
[INFO] Enola: Solve for Rydberg stage 98/932.
[INFO] Enola: Solve for Rydberg stage 99/932.
[INFO] Enola: Solve for Rydberg stage 100/932.
[INFO] Enola: Solve for Rydberg stage 101/932.
[INFO] Enola: Solve for Rydberg stage 102/932.
[INFO] Enola: Solve for Rydberg stage 103/932.
[INFO] Enola: Solve for Rydberg stage 104/932.
[INFO] Enola: Solve for Rydberg stage 105/932.
[INFO] Enola: Solve for Rydberg stage 106/932.
[INFO] Enola: Solve for Rydberg stage 107/932.
[INFO] Enola: Solve for Rydberg stage 108/932.
[INFO] Enola: Solve for Rydberg stage 109/932.
[INFO] Enola: Solve for Rydberg stage 110/932.
[INFO] Enola: Solve for Rydberg stage 111/932.
[INFO] Enola: Solve for Rydberg stage 112/932.
[INFO] Enola: Solve for Rydberg stage 113/932.
[INFO] Enola: Solve for Rydberg stage 114/932.
[INFO] Enola: Solve for Rydberg stage 115/932.
[INFO] Enola: Solve for Rydberg stage 116/932.
[INFO] Enola: Solve for Rydberg stage 117/932.
[INFO] Enola: Solve for Rydberg stage 118/932.
[INFO] Enola: Solve for Rydberg stage 119/932.
[INFO] Enola: Solve for Rydberg stage 120/932.
[INFO] Enola: Solve for Rydberg stage 121/932.
[INFO] Enola: Solve for Rydberg stage 122/932.
[INFO] Enola: Solve for Rydberg stage 123/932.
[INFO] Enola: Solve for Rydberg stage 124/932.
[INFO] Enola: Solve for Rydberg stage 125/932.
[INFO] Enola: Solve for Rydberg stage 126/932.
[INFO] Enola: Solve for Rydberg stage 127/932.
[INFO] Enola: Solve for Rydberg stage 128/932.
[INFO] Enola: Solve for Rydberg stage 129/932.
[INFO] Enola: Solve for Rydberg stage 130/932.
[INFO] Enola: Solve for Rydberg stage 131/932.
[INFO] Enola: Solve for Rydberg stage 132/932.
[INFO] Enola: Solve for Rydberg stage 133/932.
[INFO] Enola: Solve for Rydberg stage 134/932.
[INFO] Enola: Solve for Rydberg stage 135/932.
[INFO] Enola: Solve for Rydberg stage 136/932.
[INFO] Enola: Solve for Rydberg stage 137/932.
[INFO] Enola: Solve for Rydberg stage 138/932.
[INFO] Enola: Solve for Rydberg stage 139/932.
[INFO] Enola: Solve for Rydberg stage 140/932.
[INFO] Enola: Solve for Rydberg stage 141/932.
[INFO] Enola: Solve for Rydberg stage 142/932.
[INFO] Enola: Solve for Rydberg stage 143/932.
[INFO] Enola: Solve for Rydberg stage 144/932.
[INFO] Enola: Solve for Rydberg stage 145/932.
[INFO] Enola: Solve for Rydberg stage 146/932.
[INFO] Enola: Solve for Rydberg stage 147/932.
[INFO] Enola: Solve for Rydberg stage 148/932.
[INFO] Enola: Solve for Rydberg stage 149/932.
[INFO] Enola: Solve for Rydberg stage 150/932.
[INFO] Enola: Solve for Rydberg stage 151/932.
[INFO] Enola: Solve for Rydberg stage 152/932.
[INFO] Enola: Solve for Rydberg stage 153/932.
[INFO] Enola: Solve for Rydberg stage 154/932.
[INFO] Enola: Solve for Rydberg stage 155/932.
[INFO] Enola: Solve for Rydberg stage 156/932.
[INFO] Enola: Solve for Rydberg stage 157/932.
[INFO] Enola: Solve for Rydberg stage 158/932.
[INFO] Enola: Solve for Rydberg stage 159/932.
[INFO] Enola: Solve for Rydberg stage 160/932.
[INFO] Enola: Solve for Rydberg stage 161/932.
[INFO] Enola: Solve for Rydberg stage 162/932.
[INFO] Enola: Solve for Rydberg stage 163/932.
[INFO] Enola: Solve for Rydberg stage 164/932.
[INFO] Enola: Solve for Rydberg stage 165/932.
[INFO] Enola: Solve for Rydberg stage 166/932.
[INFO] Enola: Solve for Rydberg stage 167/932.
[INFO] Enola: Solve for Rydberg stage 168/932.
[INFO] Enola: Solve for Rydberg stage 169/932.
[INFO] Enola: Solve for Rydberg stage 170/932.
[INFO] Enola: Solve for Rydberg stage 171/932.
[INFO] Enola: Solve for Rydberg stage 172/932.
[INFO] Enola: Solve for Rydberg stage 173/932.
[INFO] Enola: Solve for Rydberg stage 174/932.
[INFO] Enola: Solve for Rydberg stage 175/932.
[INFO] Enola: Solve for Rydberg stage 176/932.
[INFO] Enola: Solve for Rydberg stage 177/932.
[INFO] Enola: Solve for Rydberg stage 178/932.
[INFO] Enola: Solve for Rydberg stage 179/932.
[INFO] Enola: Solve for Rydberg stage 180/932.
[INFO] Enola: Solve for Rydberg stage 181/932.
[INFO] Enola: Solve for Rydberg stage 182/932.
[INFO] Enola: Solve for Rydberg stage 183/932.
[INFO] Enola: Solve for Rydberg stage 184/932.
[INFO] Enola: Solve for Rydberg stage 185/932.
[INFO] Enola: Solve for Rydberg stage 186/932.
[INFO] Enola: Solve for Rydberg stage 187/932.
[INFO] Enola: Solve for Rydberg stage 188/932.
[INFO] Enola: Solve for Rydberg stage 189/932.
[INFO] Enola: Solve for Rydberg stage 190/932.
[INFO] Enola: Solve for Rydberg stage 191/932.
[INFO] Enola: Solve for Rydberg stage 192/932.
[INFO] Enola: Solve for Rydberg stage 193/932.
[INFO] Enola: Solve for Rydberg stage 194/932.
[INFO] Enola: Solve for Rydberg stage 195/932.
[INFO] Enola: Solve for Rydberg stage 196/932.
[INFO] Enola: Solve for Rydberg stage 197/932.
[INFO] Enola: Solve for Rydberg stage 198/932.
[INFO] Enola: Solve for Rydberg stage 199/932.
[INFO] Enola: Solve for Rydberg stage 200/932.
[INFO] Enola: Solve for Rydberg stage 201/932.
[INFO] Enola: Solve for Rydberg stage 202/932.
[INFO] Enola: Solve for Rydberg stage 203/932.
[INFO] Enola: Solve for Rydberg stage 204/932.
[INFO] Enola: Solve for Rydberg stage 205/932.
[INFO] Enola: Solve for Rydberg stage 206/932.
[INFO] Enola: Solve for Rydberg stage 207/932.
[INFO] Enola: Solve for Rydberg stage 208/932.
[INFO] Enola: Solve for Rydberg stage 209/932.
[INFO] Enola: Solve for Rydberg stage 210/932.
[INFO] Enola: Solve for Rydberg stage 211/932.
[INFO] Enola: Solve for Rydberg stage 212/932.
[INFO] Enola: Solve for Rydberg stage 213/932.
[INFO] Enola: Solve for Rydberg stage 214/932.
[INFO] Enola: Solve for Rydberg stage 215/932.
[INFO] Enola: Solve for Rydberg stage 216/932.
[INFO] Enola: Solve for Rydberg stage 217/932.
[INFO] Enola: Solve for Rydberg stage 218/932.
[INFO] Enola: Solve for Rydberg stage 219/932.
[INFO] Enola: Solve for Rydberg stage 220/932.
[INFO] Enola: Solve for Rydberg stage 221/932.
[INFO] Enola: Solve for Rydberg stage 222/932.
[INFO] Enola: Solve for Rydberg stage 223/932.
[INFO] Enola: Solve for Rydberg stage 224/932.
[INFO] Enola: Solve for Rydberg stage 225/932.
[INFO] Enola: Solve for Rydberg stage 226/932.
[INFO] Enola: Solve for Rydberg stage 227/932.
[INFO] Enola: Solve for Rydberg stage 228/932.
[INFO] Enola: Solve for Rydberg stage 229/932.
[INFO] Enola: Solve for Rydberg stage 230/932.
[INFO] Enola: Solve for Rydberg stage 231/932.
[INFO] Enola: Solve for Rydberg stage 232/932.
[INFO] Enola: Solve for Rydberg stage 233/932.
[INFO] Enola: Solve for Rydberg stage 234/932.
[INFO] Enola: Solve for Rydberg stage 235/932.
[INFO] Enola: Solve for Rydberg stage 236/932.
[INFO] Enola: Solve for Rydberg stage 237/932.
[INFO] Enola: Solve for Rydberg stage 238/932.
[INFO] Enola: Solve for Rydberg stage 239/932.
[INFO] Enola: Solve for Rydberg stage 240/932.
[INFO] Enola: Solve for Rydberg stage 241/932.
[INFO] Enola: Solve for Rydberg stage 242/932.
[INFO] Enola: Solve for Rydberg stage 243/932.
[INFO] Enola: Solve for Rydberg stage 244/932.
[INFO] Enola: Solve for Rydberg stage 245/932.
[INFO] Enola: Solve for Rydberg stage 246/932.
[INFO] Enola: Solve for Rydberg stage 247/932.
[INFO] Enola: Solve for Rydberg stage 248/932.
[INFO] Enola: Solve for Rydberg stage 249/932.
[INFO] Enola: Solve for Rydberg stage 250/932.
[INFO] Enola: Solve for Rydberg stage 251/932.
[INFO] Enola: Solve for Rydberg stage 252/932.
[INFO] Enola: Solve for Rydberg stage 253/932.
[INFO] Enola: Solve for Rydberg stage 254/932.
[INFO] Enola: Solve for Rydberg stage 255/932.
[INFO] Enola: Solve for Rydberg stage 256/932.
[INFO] Enola: Solve for Rydberg stage 257/932.
[INFO] Enola: Solve for Rydberg stage 258/932.
[INFO] Enola: Solve for Rydberg stage 259/932.
[INFO] Enola: Solve for Rydberg stage 260/932.
[INFO] Enola: Solve for Rydberg stage 261/932.
[INFO] Enola: Solve for Rydberg stage 262/932.
[INFO] Enola: Solve for Rydberg stage 263/932.
[INFO] Enola: Solve for Rydberg stage 264/932.
[INFO] Enola: Solve for Rydberg stage 265/932.
[INFO] Enola: Solve for Rydberg stage 266/932.
[INFO] Enola: Solve for Rydberg stage 267/932.
[INFO] Enola: Solve for Rydberg stage 268/932.
[INFO] Enola: Solve for Rydberg stage 269/932.
[INFO] Enola: Solve for Rydberg stage 270/932.
[INFO] Enola: Solve for Rydberg stage 271/932.
[INFO] Enola: Solve for Rydberg stage 272/932.
[INFO] Enola: Solve for Rydberg stage 273/932.
[INFO] Enola: Solve for Rydberg stage 274/932.
[INFO] Enola: Solve for Rydberg stage 275/932.
[INFO] Enola: Solve for Rydberg stage 276/932.
[INFO] Enola: Solve for Rydberg stage 277/932.
[INFO] Enola: Solve for Rydberg stage 278/932.
[INFO] Enola: Solve for Rydberg stage 279/932.
[INFO] Enola: Solve for Rydberg stage 280/932.
[INFO] Enola: Solve for Rydberg stage 281/932.
[INFO] Enola: Solve for Rydberg stage 282/932.
[INFO] Enola: Solve for Rydberg stage 283/932.
[INFO] Enola: Solve for Rydberg stage 284/932.
[INFO] Enola: Solve for Rydberg stage 285/932.
[INFO] Enola: Solve for Rydberg stage 286/932.
[INFO] Enola: Solve for Rydberg stage 287/932.
[INFO] Enola: Solve for Rydberg stage 288/932.
[INFO] Enola: Solve for Rydberg stage 289/932.
[INFO] Enola: Solve for Rydberg stage 290/932.
[INFO] Enola: Solve for Rydberg stage 291/932.
[INFO] Enola: Solve for Rydberg stage 292/932.
[INFO] Enola: Solve for Rydberg stage 293/932.
[INFO] Enola: Solve for Rydberg stage 294/932.
[INFO] Enola: Solve for Rydberg stage 295/932.
[INFO] Enola: Solve for Rydberg stage 296/932.
[INFO] Enola: Solve for Rydberg stage 297/932.
[INFO] Enola: Solve for Rydberg stage 298/932.
[INFO] Enola: Solve for Rydberg stage 299/932.
[INFO] Enola: Solve for Rydberg stage 300/932.
[INFO] Enola: Solve for Rydberg stage 301/932.
[INFO] Enola: Solve for Rydberg stage 302/932.
[INFO] Enola: Solve for Rydberg stage 303/932.
[INFO] Enola: Solve for Rydberg stage 304/932.
[INFO] Enola: Solve for Rydberg stage 305/932.
[INFO] Enola: Solve for Rydberg stage 306/932.
[INFO] Enola: Solve for Rydberg stage 307/932.
[INFO] Enola: Solve for Rydberg stage 308/932.
[INFO] Enola: Solve for Rydberg stage 309/932.
[INFO] Enola: Solve for Rydberg stage 310/932.
[INFO] Enola: Solve for Rydberg stage 311/932.
[INFO] Enola: Solve for Rydberg stage 312/932.
[INFO] Enola: Solve for Rydberg stage 313/932.
[INFO] Enola: Solve for Rydberg stage 314/932.
[INFO] Enola: Solve for Rydberg stage 315/932.
[INFO] Enola: Solve for Rydberg stage 316/932.
[INFO] Enola: Solve for Rydberg stage 317/932.
[INFO] Enola: Solve for Rydberg stage 318/932.
[INFO] Enola: Solve for Rydberg stage 319/932.
[INFO] Enola: Solve for Rydberg stage 320/932.
[INFO] Enola: Solve for Rydberg stage 321/932.
[INFO] Enola: Solve for Rydberg stage 322/932.
[INFO] Enola: Solve for Rydberg stage 323/932.
[INFO] Enola: Solve for Rydberg stage 324/932.
[INFO] Enola: Solve for Rydberg stage 325/932.
[INFO] Enola: Solve for Rydberg stage 326/932.
[INFO] Enola: Solve for Rydberg stage 327/932.
[INFO] Enola: Solve for Rydberg stage 328/932.
[INFO] Enola: Solve for Rydberg stage 329/932.
[INFO] Enola: Solve for Rydberg stage 330/932.
[INFO] Enola: Solve for Rydberg stage 331/932.
[INFO] Enola: Solve for Rydberg stage 332/932.
[INFO] Enola: Solve for Rydberg stage 333/932.
[INFO] Enola: Solve for Rydberg stage 334/932.
[INFO] Enola: Solve for Rydberg stage 335/932.
[INFO] Enola: Solve for Rydberg stage 336/932.
[INFO] Enola: Solve for Rydberg stage 337/932.
[INFO] Enola: Solve for Rydberg stage 338/932.
[INFO] Enola: Solve for Rydberg stage 339/932.
[INFO] Enola: Solve for Rydberg stage 340/932.
[INFO] Enola: Solve for Rydberg stage 341/932.
[INFO] Enola: Solve for Rydberg stage 342/932.
[INFO] Enola: Solve for Rydberg stage 343/932.
[INFO] Enola: Solve for Rydberg stage 344/932.
[INFO] Enola: Solve for Rydberg stage 345/932.
[INFO] Enola: Solve for Rydberg stage 346/932.
[INFO] Enola: Solve for Rydberg stage 347/932.
[INFO] Enola: Solve for Rydberg stage 348/932.
[INFO] Enola: Solve for Rydberg stage 349/932.
[INFO] Enola: Solve for Rydberg stage 350/932.
[INFO] Enola: Solve for Rydberg stage 351/932.
[INFO] Enola: Solve for Rydberg stage 352/932.
[INFO] Enola: Solve for Rydberg stage 353/932.
[INFO] Enola: Solve for Rydberg stage 354/932.
[INFO] Enola: Solve for Rydberg stage 355/932.
[INFO] Enola: Solve for Rydberg stage 356/932.
[INFO] Enola: Solve for Rydberg stage 357/932.
[INFO] Enola: Solve for Rydberg stage 358/932.
[INFO] Enola: Solve for Rydberg stage 359/932.
[INFO] Enola: Solve for Rydberg stage 360/932.
[INFO] Enola: Solve for Rydberg stage 361/932.
[INFO] Enola: Solve for Rydberg stage 362/932.
[INFO] Enola: Solve for Rydberg stage 363/932.
[INFO] Enola: Solve for Rydberg stage 364/932.
[INFO] Enola: Solve for Rydberg stage 365/932.
[INFO] Enola: Solve for Rydberg stage 366/932.
[INFO] Enola: Solve for Rydberg stage 367/932.
[INFO] Enola: Solve for Rydberg stage 368/932.
[INFO] Enola: Solve for Rydberg stage 369/932.
[INFO] Enola: Solve for Rydberg stage 370/932.
[INFO] Enola: Solve for Rydberg stage 371/932.
[INFO] Enola: Solve for Rydberg stage 372/932.
[INFO] Enola: Solve for Rydberg stage 373/932.
[INFO] Enola: Solve for Rydberg stage 374/932.
[INFO] Enola: Solve for Rydberg stage 375/932.
[INFO] Enola: Solve for Rydberg stage 376/932.
[INFO] Enola: Solve for Rydberg stage 377/932.
[INFO] Enola: Solve for Rydberg stage 378/932.
[INFO] Enola: Solve for Rydberg stage 379/932.
[INFO] Enola: Solve for Rydberg stage 380/932.
[INFO] Enola: Solve for Rydberg stage 381/932.
[INFO] Enola: Solve for Rydberg stage 382/932.
[INFO] Enola: Solve for Rydberg stage 383/932.
[INFO] Enola: Solve for Rydberg stage 384/932.
[INFO] Enola: Solve for Rydberg stage 385/932.
[INFO] Enola: Solve for Rydberg stage 386/932.
[INFO] Enola: Solve for Rydberg stage 387/932.
[INFO] Enola: Solve for Rydberg stage 388/932.
[INFO] Enola: Solve for Rydberg stage 389/932.
[INFO] Enola: Solve for Rydberg stage 390/932.
[INFO] Enola: Solve for Rydberg stage 391/932.
[INFO] Enola: Solve for Rydberg stage 392/932.
[INFO] Enola: Solve for Rydberg stage 393/932.
[INFO] Enola: Solve for Rydberg stage 394/932.
[INFO] Enola: Solve for Rydberg stage 395/932.
[INFO] Enola: Solve for Rydberg stage 396/932.
[INFO] Enola: Solve for Rydberg stage 397/932.
[INFO] Enola: Solve for Rydberg stage 398/932.
[INFO] Enola: Solve for Rydberg stage 399/932.
[INFO] Enola: Solve for Rydberg stage 400/932.
[INFO] Enola: Solve for Rydberg stage 401/932.
[INFO] Enola: Solve for Rydberg stage 402/932.
[INFO] Enola: Solve for Rydberg stage 403/932.
[INFO] Enola: Solve for Rydberg stage 404/932.
[INFO] Enola: Solve for Rydberg stage 405/932.
[INFO] Enola: Solve for Rydberg stage 406/932.
[INFO] Enola: Solve for Rydberg stage 407/932.
[INFO] Enola: Solve for Rydberg stage 408/932.
[INFO] Enola: Solve for Rydberg stage 409/932.
[INFO] Enola: Solve for Rydberg stage 410/932.
[INFO] Enola: Solve for Rydberg stage 411/932.
[INFO] Enola: Solve for Rydberg stage 412/932.
[INFO] Enola: Solve for Rydberg stage 413/932.
[INFO] Enola: Solve for Rydberg stage 414/932.
[INFO] Enola: Solve for Rydberg stage 415/932.
[INFO] Enola: Solve for Rydberg stage 416/932.
[INFO] Enola: Solve for Rydberg stage 417/932.
[INFO] Enola: Solve for Rydberg stage 418/932.
[INFO] Enola: Solve for Rydberg stage 419/932.
[INFO] Enola: Solve for Rydberg stage 420/932.
[INFO] Enola: Solve for Rydberg stage 421/932.
[INFO] Enola: Solve for Rydberg stage 422/932.
[INFO] Enola: Solve for Rydberg stage 423/932.
[INFO] Enola: Solve for Rydberg stage 424/932.
[INFO] Enola: Solve for Rydberg stage 425/932.
[INFO] Enola: Solve for Rydberg stage 426/932.
[INFO] Enola: Solve for Rydberg stage 427/932.
[INFO] Enola: Solve for Rydberg stage 428/932.
[INFO] Enola: Solve for Rydberg stage 429/932.
[INFO] Enola: Solve for Rydberg stage 430/932.
[INFO] Enola: Solve for Rydberg stage 431/932.
[INFO] Enola: Solve for Rydberg stage 432/932.
[INFO] Enola: Solve for Rydberg stage 433/932.
[INFO] Enola: Solve for Rydberg stage 434/932.
[INFO] Enola: Solve for Rydberg stage 435/932.
[INFO] Enola: Solve for Rydberg stage 436/932.
[INFO] Enola: Solve for Rydberg stage 437/932.
[INFO] Enola: Solve for Rydberg stage 438/932.
[INFO] Enola: Solve for Rydberg stage 439/932.
[INFO] Enola: Solve for Rydberg stage 440/932.
[INFO] Enola: Solve for Rydberg stage 441/932.
[INFO] Enola: Solve for Rydberg stage 442/932.
[INFO] Enola: Solve for Rydberg stage 443/932.
[INFO] Enola: Solve for Rydberg stage 444/932.
[INFO] Enola: Solve for Rydberg stage 445/932.
[INFO] Enola: Solve for Rydberg stage 446/932.
[INFO] Enola: Solve for Rydberg stage 447/932.
[INFO] Enola: Solve for Rydberg stage 448/932.
[INFO] Enola: Solve for Rydberg stage 449/932.
[INFO] Enola: Solve for Rydberg stage 450/932.
[INFO] Enola: Solve for Rydberg stage 451/932.
[INFO] Enola: Solve for Rydberg stage 452/932.
[INFO] Enola: Solve for Rydberg stage 453/932.
[INFO] Enola: Solve for Rydberg stage 454/932.
[INFO] Enola: Solve for Rydberg stage 455/932.
[INFO] Enola: Solve for Rydberg stage 456/932.
[INFO] Enola: Solve for Rydberg stage 457/932.
[INFO] Enola: Solve for Rydberg stage 458/932.
[INFO] Enola: Solve for Rydberg stage 459/932.
[INFO] Enola: Solve for Rydberg stage 460/932.
[INFO] Enola: Solve for Rydberg stage 461/932.
[INFO] Enola: Solve for Rydberg stage 462/932.
[INFO] Enola: Solve for Rydberg stage 463/932.
[INFO] Enola: Solve for Rydberg stage 464/932.
[INFO] Enola: Solve for Rydberg stage 465/932.
[INFO] Enola: Solve for Rydberg stage 466/932.
[INFO] Enola: Solve for Rydberg stage 467/932.
[INFO] Enola: Solve for Rydberg stage 468/932.
[INFO] Enola: Solve for Rydberg stage 469/932.
[INFO] Enola: Solve for Rydberg stage 470/932.
[INFO] Enola: Solve for Rydberg stage 471/932.
[INFO] Enola: Solve for Rydberg stage 472/932.
[INFO] Enola: Solve for Rydberg stage 473/932.
[INFO] Enola: Solve for Rydberg stage 474/932.
[INFO] Enola: Solve for Rydberg stage 475/932.
[INFO] Enola: Solve for Rydberg stage 476/932.
[INFO] Enola: Solve for Rydberg stage 477/932.
[INFO] Enola: Solve for Rydberg stage 478/932.
[INFO] Enola: Solve for Rydberg stage 479/932.
[INFO] Enola: Solve for Rydberg stage 480/932.
[INFO] Enola: Solve for Rydberg stage 481/932.
[INFO] Enola: Solve for Rydberg stage 482/932.
[INFO] Enola: Solve for Rydberg stage 483/932.
[INFO] Enola: Solve for Rydberg stage 484/932.
[INFO] Enola: Solve for Rydberg stage 485/932.
[INFO] Enola: Solve for Rydberg stage 486/932.
[INFO] Enola: Solve for Rydberg stage 487/932.
[INFO] Enola: Solve for Rydberg stage 488/932.
[INFO] Enola: Solve for Rydberg stage 489/932.
[INFO] Enola: Solve for Rydberg stage 490/932.
[INFO] Enola: Solve for Rydberg stage 491/932.
[INFO] Enola: Solve for Rydberg stage 492/932.
[INFO] Enola: Solve for Rydberg stage 493/932.
[INFO] Enola: Solve for Rydberg stage 494/932.
[INFO] Enola: Solve for Rydberg stage 495/932.
[INFO] Enola: Solve for Rydberg stage 496/932.
[INFO] Enola: Solve for Rydberg stage 497/932.
[INFO] Enola: Solve for Rydberg stage 498/932.
[INFO] Enola: Solve for Rydberg stage 499/932.
[INFO] Enola: Solve for Rydberg stage 500/932.
[INFO] Enola: Solve for Rydberg stage 501/932.
[INFO] Enola: Solve for Rydberg stage 502/932.
[INFO] Enola: Solve for Rydberg stage 503/932.
[INFO] Enola: Solve for Rydberg stage 504/932.
[INFO] Enola: Solve for Rydberg stage 505/932.
[INFO] Enola: Solve for Rydberg stage 506/932.
[INFO] Enola: Solve for Rydberg stage 507/932.
[INFO] Enola: Solve for Rydberg stage 508/932.
[INFO] Enola: Solve for Rydberg stage 509/932.
[INFO] Enola: Solve for Rydberg stage 510/932.
[INFO] Enola: Solve for Rydberg stage 511/932.
[INFO] Enola: Solve for Rydberg stage 512/932.
[INFO] Enola: Solve for Rydberg stage 513/932.
[INFO] Enola: Solve for Rydberg stage 514/932.
[INFO] Enola: Solve for Rydberg stage 515/932.
[INFO] Enola: Solve for Rydberg stage 516/932.
[INFO] Enola: Solve for Rydberg stage 517/932.
[INFO] Enola: Solve for Rydberg stage 518/932.
[INFO] Enola: Solve for Rydberg stage 519/932.
[INFO] Enola: Solve for Rydberg stage 520/932.
[INFO] Enola: Solve for Rydberg stage 521/932.
[INFO] Enola: Solve for Rydberg stage 522/932.
[INFO] Enola: Solve for Rydberg stage 523/932.
[INFO] Enola: Solve for Rydberg stage 524/932.
[INFO] Enola: Solve for Rydberg stage 525/932.
[INFO] Enola: Solve for Rydberg stage 526/932.
[INFO] Enola: Solve for Rydberg stage 527/932.
[INFO] Enola: Solve for Rydberg stage 528/932.
[INFO] Enola: Solve for Rydberg stage 529/932.
[INFO] Enola: Solve for Rydberg stage 530/932.
[INFO] Enola: Solve for Rydberg stage 531/932.
[INFO] Enola: Solve for Rydberg stage 532/932.
[INFO] Enola: Solve for Rydberg stage 533/932.
[INFO] Enola: Solve for Rydberg stage 534/932.
[INFO] Enola: Solve for Rydberg stage 535/932.
[INFO] Enola: Solve for Rydberg stage 536/932.
[INFO] Enola: Solve for Rydberg stage 537/932.
[INFO] Enola: Solve for Rydberg stage 538/932.
[INFO] Enola: Solve for Rydberg stage 539/932.
[INFO] Enola: Solve for Rydberg stage 540/932.
[INFO] Enola: Solve for Rydberg stage 541/932.
[INFO] Enola: Solve for Rydberg stage 542/932.
[INFO] Enola: Solve for Rydberg stage 543/932.
[INFO] Enola: Solve for Rydberg stage 544/932.
[INFO] Enola: Solve for Rydberg stage 545/932.
[INFO] Enola: Solve for Rydberg stage 546/932.
[INFO] Enola: Solve for Rydberg stage 547/932.
[INFO] Enola: Solve for Rydberg stage 548/932.
[INFO] Enola: Solve for Rydberg stage 549/932.
[INFO] Enola: Solve for Rydberg stage 550/932.
[INFO] Enola: Solve for Rydberg stage 551/932.
[INFO] Enola: Solve for Rydberg stage 552/932.
[INFO] Enola: Solve for Rydberg stage 553/932.
[INFO] Enola: Solve for Rydberg stage 554/932.
[INFO] Enola: Solve for Rydberg stage 555/932.
[INFO] Enola: Solve for Rydberg stage 556/932.
[INFO] Enola: Solve for Rydberg stage 557/932.
[INFO] Enola: Solve for Rydberg stage 558/932.
[INFO] Enola: Solve for Rydberg stage 559/932.
[INFO] Enola: Solve for Rydberg stage 560/932.
[INFO] Enola: Solve for Rydberg stage 561/932.
[INFO] Enola: Solve for Rydberg stage 562/932.
[INFO] Enola: Solve for Rydberg stage 563/932.
[INFO] Enola: Solve for Rydberg stage 564/932.
[INFO] Enola: Solve for Rydberg stage 565/932.
[INFO] Enola: Solve for Rydberg stage 566/932.
[INFO] Enola: Solve for Rydberg stage 567/932.
[INFO] Enola: Solve for Rydberg stage 568/932.
[INFO] Enola: Solve for Rydberg stage 569/932.
[INFO] Enola: Solve for Rydberg stage 570/932.
[INFO] Enola: Solve for Rydberg stage 571/932.
[INFO] Enola: Solve for Rydberg stage 572/932.
[INFO] Enola: Solve for Rydberg stage 573/932.
[INFO] Enola: Solve for Rydberg stage 574/932.
[INFO] Enola: Solve for Rydberg stage 575/932.
[INFO] Enola: Solve for Rydberg stage 576/932.
[INFO] Enola: Solve for Rydberg stage 577/932.
[INFO] Enola: Solve for Rydberg stage 578/932.
[INFO] Enola: Solve for Rydberg stage 579/932.
[INFO] Enola: Solve for Rydberg stage 580/932.
[INFO] Enola: Solve for Rydberg stage 581/932.
[INFO] Enola: Solve for Rydberg stage 582/932.
[INFO] Enola: Solve for Rydberg stage 583/932.
[INFO] Enola: Solve for Rydberg stage 584/932.
[INFO] Enola: Solve for Rydberg stage 585/932.
[INFO] Enola: Solve for Rydberg stage 586/932.
[INFO] Enola: Solve for Rydberg stage 587/932.
[INFO] Enola: Solve for Rydberg stage 588/932.
[INFO] Enola: Solve for Rydberg stage 589/932.
[INFO] Enola: Solve for Rydberg stage 590/932.
[INFO] Enola: Solve for Rydberg stage 591/932.
[INFO] Enola: Solve for Rydberg stage 592/932.
[INFO] Enola: Solve for Rydberg stage 593/932.
[INFO] Enola: Solve for Rydberg stage 594/932.
[INFO] Enola: Solve for Rydberg stage 595/932.
[INFO] Enola: Solve for Rydberg stage 596/932.
[INFO] Enola: Solve for Rydberg stage 597/932.
[INFO] Enola: Solve for Rydberg stage 598/932.
[INFO] Enola: Solve for Rydberg stage 599/932.
[INFO] Enola: Solve for Rydberg stage 600/932.
[INFO] Enola: Solve for Rydberg stage 601/932.
[INFO] Enola: Solve for Rydberg stage 602/932.
[INFO] Enola: Solve for Rydberg stage 603/932.
[INFO] Enola: Solve for Rydberg stage 604/932.
[INFO] Enola: Solve for Rydberg stage 605/932.
[INFO] Enola: Solve for Rydberg stage 606/932.
[INFO] Enola: Solve for Rydberg stage 607/932.
[INFO] Enola: Solve for Rydberg stage 608/932.
[INFO] Enola: Solve for Rydberg stage 609/932.
[INFO] Enola: Solve for Rydberg stage 610/932.
[INFO] Enola: Solve for Rydberg stage 611/932.
[INFO] Enola: Solve for Rydberg stage 612/932.
[INFO] Enola: Solve for Rydberg stage 613/932.
[INFO] Enola: Solve for Rydberg stage 614/932.
[INFO] Enola: Solve for Rydberg stage 615/932.
[INFO] Enola: Solve for Rydberg stage 616/932.
[INFO] Enola: Solve for Rydberg stage 617/932.
[INFO] Enola: Solve for Rydberg stage 618/932.
[INFO] Enola: Solve for Rydberg stage 619/932.
[INFO] Enola: Solve for Rydberg stage 620/932.
[INFO] Enola: Solve for Rydberg stage 621/932.
[INFO] Enola: Solve for Rydberg stage 622/932.
[INFO] Enola: Solve for Rydberg stage 623/932.
[INFO] Enola: Solve for Rydberg stage 624/932.
[INFO] Enola: Solve for Rydberg stage 625/932.
[INFO] Enola: Solve for Rydberg stage 626/932.
[INFO] Enola: Solve for Rydberg stage 627/932.
[INFO] Enola: Solve for Rydberg stage 628/932.
[INFO] Enola: Solve for Rydberg stage 629/932.
[INFO] Enola: Solve for Rydberg stage 630/932.
[INFO] Enola: Solve for Rydberg stage 631/932.
[INFO] Enola: Solve for Rydberg stage 632/932.
[INFO] Enola: Solve for Rydberg stage 633/932.
[INFO] Enola: Solve for Rydberg stage 634/932.
[INFO] Enola: Solve for Rydberg stage 635/932.
[INFO] Enola: Solve for Rydberg stage 636/932.
[INFO] Enola: Solve for Rydberg stage 637/932.
[INFO] Enola: Solve for Rydberg stage 638/932.
[INFO] Enola: Solve for Rydberg stage 639/932.
[INFO] Enola: Solve for Rydberg stage 640/932.
[INFO] Enola: Solve for Rydberg stage 641/932.
[INFO] Enola: Solve for Rydberg stage 642/932.
[INFO] Enola: Solve for Rydberg stage 643/932.
[INFO] Enola: Solve for Rydberg stage 644/932.
[INFO] Enola: Solve for Rydberg stage 645/932.
[INFO] Enola: Solve for Rydberg stage 646/932.
[INFO] Enola: Solve for Rydberg stage 647/932.
[INFO] Enola: Solve for Rydberg stage 648/932.
[INFO] Enola: Solve for Rydberg stage 649/932.
[INFO] Enola: Solve for Rydberg stage 650/932.
[INFO] Enola: Solve for Rydberg stage 651/932.
[INFO] Enola: Solve for Rydberg stage 652/932.
[INFO] Enola: Solve for Rydberg stage 653/932.
[INFO] Enola: Solve for Rydberg stage 654/932.
[INFO] Enola: Solve for Rydberg stage 655/932.
[INFO] Enola: Solve for Rydberg stage 656/932.
[INFO] Enola: Solve for Rydberg stage 657/932.
[INFO] Enola: Solve for Rydberg stage 658/932.
[INFO] Enola: Solve for Rydberg stage 659/932.
[INFO] Enola: Solve for Rydberg stage 660/932.
[INFO] Enola: Solve for Rydberg stage 661/932.
[INFO] Enola: Solve for Rydberg stage 662/932.
[INFO] Enola: Solve for Rydberg stage 663/932.
[INFO] Enola: Solve for Rydberg stage 664/932.
[INFO] Enola: Solve for Rydberg stage 665/932.
[INFO] Enola: Solve for Rydberg stage 666/932.
[INFO] Enola: Solve for Rydberg stage 667/932.
[INFO] Enola: Solve for Rydberg stage 668/932.
[INFO] Enola: Solve for Rydberg stage 669/932.
[INFO] Enola: Solve for Rydberg stage 670/932.
[INFO] Enola: Solve for Rydberg stage 671/932.
[INFO] Enola: Solve for Rydberg stage 672/932.
[INFO] Enola: Solve for Rydberg stage 673/932.
[INFO] Enola: Solve for Rydberg stage 674/932.
[INFO] Enola: Solve for Rydberg stage 675/932.
[INFO] Enola: Solve for Rydberg stage 676/932.
[INFO] Enola: Solve for Rydberg stage 677/932.
[INFO] Enola: Solve for Rydberg stage 678/932.
[INFO] Enola: Solve for Rydberg stage 679/932.
[INFO] Enola: Solve for Rydberg stage 680/932.
[INFO] Enola: Solve for Rydberg stage 681/932.
[INFO] Enola: Solve for Rydberg stage 682/932.
[INFO] Enola: Solve for Rydberg stage 683/932.
[INFO] Enola: Solve for Rydberg stage 684/932.
[INFO] Enola: Solve for Rydberg stage 685/932.
[INFO] Enola: Solve for Rydberg stage 686/932.
[INFO] Enola: Solve for Rydberg stage 687/932.
[INFO] Enola: Solve for Rydberg stage 688/932.
[INFO] Enola: Solve for Rydberg stage 689/932.
[INFO] Enola: Solve for Rydberg stage 690/932.
[INFO] Enola: Solve for Rydberg stage 691/932.
[INFO] Enola: Solve for Rydberg stage 692/932.
[INFO] Enola: Solve for Rydberg stage 693/932.
[INFO] Enola: Solve for Rydberg stage 694/932.
[INFO] Enola: Solve for Rydberg stage 695/932.
[INFO] Enola: Solve for Rydberg stage 696/932.
[INFO] Enola: Solve for Rydberg stage 697/932.
[INFO] Enola: Solve for Rydberg stage 698/932.
[INFO] Enola: Solve for Rydberg stage 699/932.
[INFO] Enola: Solve for Rydberg stage 700/932.
[INFO] Enola: Solve for Rydberg stage 701/932.
[INFO] Enola: Solve for Rydberg stage 702/932.
[INFO] Enola: Solve for Rydberg stage 703/932.
[INFO] Enola: Solve for Rydberg stage 704/932.
[INFO] Enola: Solve for Rydberg stage 705/932.
[INFO] Enola: Solve for Rydberg stage 706/932.
[INFO] Enola: Solve for Rydberg stage 707/932.
[INFO] Enola: Solve for Rydberg stage 708/932.
[INFO] Enola: Solve for Rydberg stage 709/932.
[INFO] Enola: Solve for Rydberg stage 710/932.
[INFO] Enola: Solve for Rydberg stage 711/932.
[INFO] Enola: Solve for Rydberg stage 712/932.
[INFO] Enola: Solve for Rydberg stage 713/932.
[INFO] Enola: Solve for Rydberg stage 714/932.
[INFO] Enola: Solve for Rydberg stage 715/932.
[INFO] Enola: Solve for Rydberg stage 716/932.
[INFO] Enola: Solve for Rydberg stage 717/932.
[INFO] Enola: Solve for Rydberg stage 718/932.
[INFO] Enola: Solve for Rydberg stage 719/932.
[INFO] Enola: Solve for Rydberg stage 720/932.
[INFO] Enola: Solve for Rydberg stage 721/932.
[INFO] Enola: Solve for Rydberg stage 722/932.
[INFO] Enola: Solve for Rydberg stage 723/932.
[INFO] Enola: Solve for Rydberg stage 724/932.
[INFO] Enola: Solve for Rydberg stage 725/932.
[INFO] Enola: Solve for Rydberg stage 726/932.
[INFO] Enola: Solve for Rydberg stage 727/932.
[INFO] Enola: Solve for Rydberg stage 728/932.
[INFO] Enola: Solve for Rydberg stage 729/932.
[INFO] Enola: Solve for Rydberg stage 730/932.
[INFO] Enola: Solve for Rydberg stage 731/932.
[INFO] Enola: Solve for Rydberg stage 732/932.
[INFO] Enola: Solve for Rydberg stage 733/932.
[INFO] Enola: Solve for Rydberg stage 734/932.
[INFO] Enola: Solve for Rydberg stage 735/932.
[INFO] Enola: Solve for Rydberg stage 736/932.
[INFO] Enola: Solve for Rydberg stage 737/932.
[INFO] Enola: Solve for Rydberg stage 738/932.
[INFO] Enola: Solve for Rydberg stage 739/932.
[INFO] Enola: Solve for Rydberg stage 740/932.
[INFO] Enola: Solve for Rydberg stage 741/932.
[INFO] Enola: Solve for Rydberg stage 742/932.
[INFO] Enola: Solve for Rydberg stage 743/932.
[INFO] Enola: Solve for Rydberg stage 744/932.
[INFO] Enola: Solve for Rydberg stage 745/932.
[INFO] Enola: Solve for Rydberg stage 746/932.
[INFO] Enola: Solve for Rydberg stage 747/932.
[INFO] Enola: Solve for Rydberg stage 748/932.
[INFO] Enola: Solve for Rydberg stage 749/932.
[INFO] Enola: Solve for Rydberg stage 750/932.
[INFO] Enola: Solve for Rydberg stage 751/932.
[INFO] Enola: Solve for Rydberg stage 752/932.
[INFO] Enola: Solve for Rydberg stage 753/932.
[INFO] Enola: Solve for Rydberg stage 754/932.
[INFO] Enola: Solve for Rydberg stage 755/932.
[INFO] Enola: Solve for Rydberg stage 756/932.
[INFO] Enola: Solve for Rydberg stage 757/932.
[INFO] Enola: Solve for Rydberg stage 758/932.
[INFO] Enola: Solve for Rydberg stage 759/932.
[INFO] Enola: Solve for Rydberg stage 760/932.
[INFO] Enola: Solve for Rydberg stage 761/932.
[INFO] Enola: Solve for Rydberg stage 762/932.
[INFO] Enola: Solve for Rydberg stage 763/932.
[INFO] Enola: Solve for Rydberg stage 764/932.
[INFO] Enola: Solve for Rydberg stage 765/932.
[INFO] Enola: Solve for Rydberg stage 766/932.
[INFO] Enola: Solve for Rydberg stage 767/932.
[INFO] Enola: Solve for Rydberg stage 768/932.
[INFO] Enola: Solve for Rydberg stage 769/932.
[INFO] Enola: Solve for Rydberg stage 770/932.
[INFO] Enola: Solve for Rydberg stage 771/932.
[INFO] Enola: Solve for Rydberg stage 772/932.
[INFO] Enola: Solve for Rydberg stage 773/932.
[INFO] Enola: Solve for Rydberg stage 774/932.
[INFO] Enola: Solve for Rydberg stage 775/932.
[INFO] Enola: Solve for Rydberg stage 776/932.
[INFO] Enola: Solve for Rydberg stage 777/932.
[INFO] Enola: Solve for Rydberg stage 778/932.
[INFO] Enola: Solve for Rydberg stage 779/932.
[INFO] Enola: Solve for Rydberg stage 780/932.
[INFO] Enola: Solve for Rydberg stage 781/932.
[INFO] Enola: Solve for Rydberg stage 782/932.
[INFO] Enola: Solve for Rydberg stage 783/932.
[INFO] Enola: Solve for Rydberg stage 784/932.
[INFO] Enola: Solve for Rydberg stage 785/932.
[INFO] Enola: Solve for Rydberg stage 786/932.
[INFO] Enola: Solve for Rydberg stage 787/932.
[INFO] Enola: Solve for Rydberg stage 788/932.
[INFO] Enola: Solve for Rydberg stage 789/932.
[INFO] Enola: Solve for Rydberg stage 790/932.
[INFO] Enola: Solve for Rydberg stage 791/932.
[INFO] Enola: Solve for Rydberg stage 792/932.
[INFO] Enola: Solve for Rydberg stage 793/932.
[INFO] Enola: Solve for Rydberg stage 794/932.
[INFO] Enola: Solve for Rydberg stage 795/932.
[INFO] Enola: Solve for Rydberg stage 796/932.
[INFO] Enola: Solve for Rydberg stage 797/932.
[INFO] Enola: Solve for Rydberg stage 798/932.
[INFO] Enola: Solve for Rydberg stage 799/932.
[INFO] Enola: Solve for Rydberg stage 800/932.
[INFO] Enola: Solve for Rydberg stage 801/932.
[INFO] Enola: Solve for Rydberg stage 802/932.
[INFO] Enola: Solve for Rydberg stage 803/932.
[INFO] Enola: Solve for Rydberg stage 804/932.
[INFO] Enola: Solve for Rydberg stage 805/932.
[INFO] Enola: Solve for Rydberg stage 806/932.
[INFO] Enola: Solve for Rydberg stage 807/932.
[INFO] Enola: Solve for Rydberg stage 808/932.
[INFO] Enola: Solve for Rydberg stage 809/932.
[INFO] Enola: Solve for Rydberg stage 810/932.
[INFO] Enola: Solve for Rydberg stage 811/932.
[INFO] Enola: Solve for Rydberg stage 812/932.
[INFO] Enola: Solve for Rydberg stage 813/932.
[INFO] Enola: Solve for Rydberg stage 814/932.
[INFO] Enola: Solve for Rydberg stage 815/932.
[INFO] Enola: Solve for Rydberg stage 816/932.
[INFO] Enola: Solve for Rydberg stage 817/932.
[INFO] Enola: Solve for Rydberg stage 818/932.
[INFO] Enola: Solve for Rydberg stage 819/932.
[INFO] Enola: Solve for Rydberg stage 820/932.
[INFO] Enola: Solve for Rydberg stage 821/932.
[INFO] Enola: Solve for Rydberg stage 822/932.
[INFO] Enola: Solve for Rydberg stage 823/932.
[INFO] Enola: Solve for Rydberg stage 824/932.
[INFO] Enola: Solve for Rydberg stage 825/932.
[INFO] Enola: Solve for Rydberg stage 826/932.
[INFO] Enola: Solve for Rydberg stage 827/932.
[INFO] Enola: Solve for Rydberg stage 828/932.
[INFO] Enola: Solve for Rydberg stage 829/932.
[INFO] Enola: Solve for Rydberg stage 830/932.
[INFO] Enola: Solve for Rydberg stage 831/932.
[INFO] Enola: Solve for Rydberg stage 832/932.
[INFO] Enola: Solve for Rydberg stage 833/932.
[INFO] Enola: Solve for Rydberg stage 834/932.
[INFO] Enola: Solve for Rydberg stage 835/932.
[INFO] Enola: Solve for Rydberg stage 836/932.
[INFO] Enola: Solve for Rydberg stage 837/932.
[INFO] Enola: Solve for Rydberg stage 838/932.
[INFO] Enola: Solve for Rydberg stage 839/932.
[INFO] Enola: Solve for Rydberg stage 840/932.
[INFO] Enola: Solve for Rydberg stage 841/932.
[INFO] Enola: Solve for Rydberg stage 842/932.
[INFO] Enola: Solve for Rydberg stage 843/932.
[INFO] Enola: Solve for Rydberg stage 844/932.
[INFO] Enola: Solve for Rydberg stage 845/932.
[INFO] Enola: Solve for Rydberg stage 846/932.
[INFO] Enola: Solve for Rydberg stage 847/932.
[INFO] Enola: Solve for Rydberg stage 848/932.
[INFO] Enola: Solve for Rydberg stage 849/932.
[INFO] Enola: Solve for Rydberg stage 850/932.
[INFO] Enola: Solve for Rydberg stage 851/932.
[INFO] Enola: Solve for Rydberg stage 852/932.
[INFO] Enola: Solve for Rydberg stage 853/932.
[INFO] Enola: Solve for Rydberg stage 854/932.
[INFO] Enola: Solve for Rydberg stage 855/932.
[INFO] Enola: Solve for Rydberg stage 856/932.
[INFO] Enola: Solve for Rydberg stage 857/932.
[INFO] Enola: Solve for Rydberg stage 858/932.
[INFO] Enola: Solve for Rydberg stage 859/932.
[INFO] Enola: Solve for Rydberg stage 860/932.
[INFO] Enola: Solve for Rydberg stage 861/932.
[INFO] Enola: Solve for Rydberg stage 862/932.
[INFO] Enola: Solve for Rydberg stage 863/932.
[INFO] Enola: Solve for Rydberg stage 864/932.
[INFO] Enola: Solve for Rydberg stage 865/932.
[INFO] Enola: Solve for Rydberg stage 866/932.
[INFO] Enola: Solve for Rydberg stage 867/932.
[INFO] Enola: Solve for Rydberg stage 868/932.
[INFO] Enola: Solve for Rydberg stage 869/932.
[INFO] Enola: Solve for Rydberg stage 870/932.
[INFO] Enola: Solve for Rydberg stage 871/932.
[INFO] Enola: Solve for Rydberg stage 872/932.
[INFO] Enola: Solve for Rydberg stage 873/932.
[INFO] Enola: Solve for Rydberg stage 874/932.
[INFO] Enola: Solve for Rydberg stage 875/932.
[INFO] Enola: Solve for Rydberg stage 876/932.
[INFO] Enola: Solve for Rydberg stage 877/932.
[INFO] Enola: Solve for Rydberg stage 878/932.
[INFO] Enola: Solve for Rydberg stage 879/932.
[INFO] Enola: Solve for Rydberg stage 880/932.
[INFO] Enola: Solve for Rydberg stage 881/932.
[INFO] Enola: Solve for Rydberg stage 882/932.
[INFO] Enola: Solve for Rydberg stage 883/932.
[INFO] Enola: Solve for Rydberg stage 884/932.
[INFO] Enola: Solve for Rydberg stage 885/932.
[INFO] Enola: Solve for Rydberg stage 886/932.
[INFO] Enola: Solve for Rydberg stage 887/932.
[INFO] Enola: Solve for Rydberg stage 888/932.
[INFO] Enola: Solve for Rydberg stage 889/932.
[INFO] Enola: Solve for Rydberg stage 890/932.
[INFO] Enola: Solve for Rydberg stage 891/932.
[INFO] Enola: Solve for Rydberg stage 892/932.
[INFO] Enola: Solve for Rydberg stage 893/932.
[INFO] Enola: Solve for Rydberg stage 894/932.
[INFO] Enola: Solve for Rydberg stage 895/932.
[INFO] Enola: Solve for Rydberg stage 896/932.
[INFO] Enola: Solve for Rydberg stage 897/932.
[INFO] Enola: Solve for Rydberg stage 898/932.
[INFO] Enola: Solve for Rydberg stage 899/932.
[INFO] Enola: Solve for Rydberg stage 900/932.
[INFO] Enola: Solve for Rydberg stage 901/932.
[INFO] Enola: Solve for Rydberg stage 902/932.
[INFO] Enola: Solve for Rydberg stage 903/932.
[INFO] Enola: Solve for Rydberg stage 904/932.
[INFO] Enola: Solve for Rydberg stage 905/932.
[INFO] Enola: Solve for Rydberg stage 906/932.
[INFO] Enola: Solve for Rydberg stage 907/932.
[INFO] Enola: Solve for Rydberg stage 908/932.
[INFO] Enola: Solve for Rydberg stage 909/932.
[INFO] Enola: Solve for Rydberg stage 910/932.
[INFO] Enola: Solve for Rydberg stage 911/932.
[INFO] Enola: Solve for Rydberg stage 912/932.
[INFO] Enola: Solve for Rydberg stage 913/932.
[INFO] Enola: Solve for Rydberg stage 914/932.
[INFO] Enola: Solve for Rydberg stage 915/932.
[INFO] Enola: Solve for Rydberg stage 916/932.
[INFO] Enola: Solve for Rydberg stage 917/932.
[INFO] Enola: Solve for Rydberg stage 918/932.
[INFO] Enola: Solve for Rydberg stage 919/932.
[INFO] Enola: Solve for Rydberg stage 920/932.
[INFO] Enola: Solve for Rydberg stage 921/932.
[INFO] Enola: Solve for Rydberg stage 922/932.
[INFO] Enola: Solve for Rydberg stage 923/932.
[INFO] Enola: Solve for Rydberg stage 924/932.
[INFO] Enola: Solve for Rydberg stage 925/932.
[INFO] Enola: Solve for Rydberg stage 926/932.
[INFO] Enola: Solve for Rydberg stage 927/932.
[INFO] Enola: Solve for Rydberg stage 928/932.
[INFO] Enola: Solve for Rydberg stage 929/932.
[INFO] Enola: Solve for Rydberg stage 930/932.
[INFO] Enola: Solve for Rydberg stage 931/932.
[INFO] Enola: Solve for Rydberg stage 932/932.
[INFO] Enola: Solve for Rydberg stage 933/932.
[INFO] Enola: Time for routing: 0.11632919311523438s
[INFO] Enola: Total Time: 2.191822052001953s
Compilation successful.

2026-03-25 17:28:12,182 - BenchmarkManager - INFO - Wrote metrics summary for enola: results/metrics/20260325_172622_arch/enola.json
