2026-03-25 13:01:23,893 - BenchmarkManager - INFO - Initializing 1 compilers...
2026-03-25 13:01:23,894 - BenchmarkManager - INFO - Output directory for enola: results/circuits/enola
2026-03-25 13:01:23,894 - BenchmarkManager - INFO - Starting benchmark execution ...
2026-03-25 13:01:23,897 - BenchmarkManager - INFO - Found 5 QASM benchmark circuits in '/u/halle/heiz/home_at/BachelorProject/benchmarks/uf_50-250_fix10'
2026-03-25 13:01:23,897 - BenchmarkManager - INFO -   - /u/halle/heiz/home_at/BachelorProject/benchmarks/uf_50-250_fix10/uf100-010.qasm
2026-03-25 13:01:23,897 - BenchmarkManager - INFO -   - /u/halle/heiz/home_at/BachelorProject/benchmarks/uf_50-250_fix10/uf150-010.qasm
2026-03-25 13:01:23,898 - BenchmarkManager - INFO -   - /u/halle/heiz/home_at/BachelorProject/benchmarks/uf_50-250_fix10/uf200-010.qasm
2026-03-25 13:01:23,900 - BenchmarkManager - INFO -   - /u/halle/heiz/home_at/BachelorProject/benchmarks/uf_50-250_fix10/uf250-010.qasm
2026-03-25 13:01:23,901 - BenchmarkManager - INFO -   - /u/halle/heiz/home_at/BachelorProject/benchmarks/uf_50-250_fix10/uf50-010.qasm
2026-03-25 13:01:23,901 - BenchmarkManager - INFO - enola (run 1/1) - Running /u/halle/heiz/home_at/BachelorProject/benchmarks/uf_50-250_fix10/uf100-010.qasm
2026-03-25 13:01:23,901 - Compiler.enola - INFO - Array width: 100, Array height: 5, AOD columns: 250, AOD rows: 1
2026-03-25 13:01:32,556 - Compiler.enola - INFO - STDOUT:
[INFO] Enola: Start Solving
[INFO] Enola: Run scheduling
[INFO] Enola: Time for scheduling: 0.0012962818145751953s
100
[INFO] Enola: Time for placement: 1.430511474609375e-05s
[INFO] Enola: Solve for Rydberg stage 2/1247.
[INFO] Enola: Solve for Rydberg stage 3/1247.
[INFO] Enola: Solve for Rydberg stage 4/1247.
[INFO] Enola: Solve for Rydberg stage 5/1247.
[INFO] Enola: Solve for Rydberg stage 6/1247.
[INFO] Enola: Solve for Rydberg stage 7/1247.
[INFO] Enola: Solve for Rydberg stage 8/1247.
[INFO] Enola: Solve for Rydberg stage 9/1247.
[INFO] Enola: Solve for Rydberg stage 10/1247.
[INFO] Enola: Solve for Rydberg stage 11/1247.
[INFO] Enola: Solve for Rydberg stage 12/1247.
[INFO] Enola: Solve for Rydberg stage 13/1247.
[INFO] Enola: Solve for Rydberg stage 14/1247.
[INFO] Enola: Solve for Rydberg stage 15/1247.
[INFO] Enola: Solve for Rydberg stage 16/1247.
[INFO] Enola: Solve for Rydberg stage 17/1247.
[INFO] Enola: Solve for Rydberg stage 18/1247.
[INFO] Enola: Solve for Rydberg stage 19/1247.
[INFO] Enola: Solve for Rydberg stage 20/1247.
[INFO] Enola: Solve for Rydberg stage 21/1247.
[INFO] Enola: Solve for Rydberg stage 22/1247.
[INFO] Enola: Solve for Rydberg stage 23/1247.
[INFO] Enola: Solve for Rydberg stage 24/1247.
[INFO] Enola: Solve for Rydberg stage 25/1247.
[INFO] Enola: Solve for Rydberg stage 26/1247.
[INFO] Enola: Solve for Rydberg stage 27/1247.
[INFO] Enola: Solve for Rydberg stage 28/1247.
[INFO] Enola: Solve for Rydberg stage 29/1247.
[INFO] Enola: Solve for Rydberg stage 30/1247.
[INFO] Enola: Solve for Rydberg stage 31/1247.
[INFO] Enola: Solve for Rydberg stage 32/1247.
[INFO] Enola: Solve for Rydberg stage 33/1247.
[INFO] Enola: Solve for Rydberg stage 34/1247.
[INFO] Enola: Solve for Rydberg stage 35/1247.
[INFO] Enola: Solve for Rydberg stage 36/1247.
[INFO] Enola: Solve for Rydberg stage 37/1247.
[INFO] Enola: Solve for Rydberg stage 38/1247.
[INFO] Enola: Solve for Rydberg stage 39/1247.
[INFO] Enola: Solve for Rydberg stage 40/1247.
[INFO] Enola: Solve for Rydberg stage 41/1247.
[INFO] Enola: Solve for Rydberg stage 42/1247.
[INFO] Enola: Solve for Rydberg stage 43/1247.
[INFO] Enola: Solve for Rydberg stage 44/1247.
[INFO] Enola: Solve for Rydberg stage 45/1247.
[INFO] Enola: Solve for Rydberg stage 46/1247.
[INFO] Enola: Solve for Rydberg stage 47/1247.
[INFO] Enola: Solve for Rydberg stage 48/1247.
[INFO] Enola: Solve for Rydberg stage 49/1247.
[INFO] Enola: Solve for Rydberg stage 50/1247.
[INFO] Enola: Solve for Rydberg stage 51/1247.
[INFO] Enola: Solve for Rydberg stage 52/1247.
[INFO] Enola: Solve for Rydberg stage 53/1247.
[INFO] Enola: Solve for Rydberg stage 54/1247.
[INFO] Enola: Solve for Rydberg stage 55/1247.
[INFO] Enola: Solve for Rydberg stage 56/1247.
[INFO] Enola: Solve for Rydberg stage 57/1247.
[INFO] Enola: Solve for Rydberg stage 58/1247.
[INFO] Enola: Solve for Rydberg stage 59/1247.
[INFO] Enola: Solve for Rydberg stage 60/1247.
[INFO] Enola: Solve for Rydberg stage 61/1247.
[INFO] Enola: Solve for Rydberg stage 62/1247.
[INFO] Enola: Solve for Rydberg stage 63/1247.
[INFO] Enola: Solve for Rydberg stage 64/1247.
[INFO] Enola: Solve for Rydberg stage 65/1247.
[INFO] Enola: Solve for Rydberg stage 66/1247.
[INFO] Enola: Solve for Rydberg stage 67/1247.
[INFO] Enola: Solve for Rydberg stage 68/1247.
[INFO] Enola: Solve for Rydberg stage 69/1247.
[INFO] Enola: Solve for Rydberg stage 70/1247.
[INFO] Enola: Solve for Rydberg stage 71/1247.
[INFO] Enola: Solve for Rydberg stage 72/1247.
[INFO] Enola: Solve for Rydberg stage 73/1247.
[INFO] Enola: Solve for Rydberg stage 74/1247.
[INFO] Enola: Solve for Rydberg stage 75/1247.
[INFO] Enola: Solve for Rydberg stage 76/1247.
[INFO] Enola: Solve for Rydberg stage 77/1247.
[INFO] Enola: Solve for Rydberg stage 78/1247.
[INFO] Enola: Solve for Rydberg stage 79/1247.
[INFO] Enola: Solve for Rydberg stage 80/1247.
[INFO] Enola: Solve for Rydberg stage 81/1247.
[INFO] Enola: Solve for Rydberg stage 82/1247.
[INFO] Enola: Solve for Rydberg stage 83/1247.
[INFO] Enola: Solve for Rydberg stage 84/1247.
[INFO] Enola: Solve for Rydberg stage 85/1247.
[INFO] Enola: Solve for Rydberg stage 86/1247.
[INFO] Enola: Solve for Rydberg stage 87/1247.
[INFO] Enola: Solve for Rydberg stage 88/1247.
[INFO] Enola: Solve for Rydberg stage 89/1247.
[INFO] Enola: Solve for Rydberg stage 90/1247.
[INFO] Enola: Solve for Rydberg stage 91/1247.
[INFO] Enola: Solve for Rydberg stage 92/1247.
[INFO] Enola: Solve for Rydberg stage 93/1247.
[INFO] Enola: Solve for Rydberg stage 94/1247.
[INFO] Enola: Solve for Rydberg stage 95/1247.
[INFO] Enola: Solve for Rydberg stage 96/1247.
[INFO] Enola: Solve for Rydberg stage 97/1247.
[INFO] Enola: Solve for Rydberg stage 98/1247.
[INFO] Enola: Solve for Rydberg stage 99/1247.
[INFO] Enola: Solve for Rydberg stage 100/1247.
[INFO] Enola: Solve for Rydberg stage 101/1247.
[INFO] Enola: Solve for Rydberg stage 102/1247.
[INFO] Enola: Solve for Rydberg stage 103/1247.
[INFO] Enola: Solve for Rydberg stage 104/1247.
[INFO] Enola: Solve for Rydberg stage 105/1247.
[INFO] Enola: Solve for Rydberg stage 106/1247.
[INFO] Enola: Solve for Rydberg stage 107/1247.
[INFO] Enola: Solve for Rydberg stage 108/1247.
[INFO] Enola: Solve for Rydberg stage 109/1247.
[INFO] Enola: Solve for Rydberg stage 110/1247.
[INFO] Enola: Solve for Rydberg stage 111/1247.
[INFO] Enola: Solve for Rydberg stage 112/1247.
[INFO] Enola: Solve for Rydberg stage 113/1247.
[INFO] Enola: Solve for Rydberg stage 114/1247.
[INFO] Enola: Solve for Rydberg stage 115/1247.
[INFO] Enola: Solve for Rydberg stage 116/1247.
[INFO] Enola: Solve for Rydberg stage 117/1247.
[INFO] Enola: Solve for Rydberg stage 118/1247.
[INFO] Enola: Solve for Rydberg stage 119/1247.
[INFO] Enola: Solve for Rydberg stage 120/1247.
[INFO] Enola: Solve for Rydberg stage 121/1247.
[INFO] Enola: Solve for Rydberg stage 122/1247.
[INFO] Enola: Solve for Rydberg stage 123/1247.
[INFO] Enola: Solve for Rydberg stage 124/1247.
[INFO] Enola: Solve for Rydberg stage 125/1247.
[INFO] Enola: Solve for Rydberg stage 126/1247.
[INFO] Enola: Solve for Rydberg stage 127/1247.
[INFO] Enola: Solve for Rydberg stage 128/1247.
[INFO] Enola: Solve for Rydberg stage 129/1247.
[INFO] Enola: Solve for Rydberg stage 130/1247.
[INFO] Enola: Solve for Rydberg stage 131/1247.
[INFO] Enola: Solve for Rydberg stage 132/1247.
[INFO] Enola: Solve for Rydberg stage 133/1247.
[INFO] Enola: Solve for Rydberg stage 134/1247.
[INFO] Enola: Solve for Rydberg stage 135/1247.
[INFO] Enola: Solve for Rydberg stage 136/1247.
[INFO] Enola: Solve for Rydberg stage 137/1247.
[INFO] Enola: Solve for Rydberg stage 138/1247.
[INFO] Enola: Solve for Rydberg stage 139/1247.
[INFO] Enola: Solve for Rydberg stage 140/1247.
[INFO] Enola: Solve for Rydberg stage 141/1247.
[INFO] Enola: Solve for Rydberg stage 142/1247.
[INFO] Enola: Solve for Rydberg stage 143/1247.
[INFO] Enola: Solve for Rydberg stage 144/1247.
[INFO] Enola: Solve for Rydberg stage 145/1247.
[INFO] Enola: Solve for Rydberg stage 146/1247.
[INFO] Enola: Solve for Rydberg stage 147/1247.
[INFO] Enola: Solve for Rydberg stage 148/1247.
[INFO] Enola: Solve for Rydberg stage 149/1247.
[INFO] Enola: Solve for Rydberg stage 150/1247.
[INFO] Enola: Solve for Rydberg stage 151/1247.
[INFO] Enola: Solve for Rydberg stage 152/1247.
[INFO] Enola: Solve for Rydberg stage 153/1247.
[INFO] Enola: Solve for Rydberg stage 154/1247.
[INFO] Enola: Solve for Rydberg stage 155/1247.
[INFO] Enola: Solve for Rydberg stage 156/1247.
[INFO] Enola: Solve for Rydberg stage 157/1247.
[INFO] Enola: Solve for Rydberg stage 158/1247.
[INFO] Enola: Solve for Rydberg stage 159/1247.
[INFO] Enola: Solve for Rydberg stage 160/1247.
[INFO] Enola: Solve for Rydberg stage 161/1247.
[INFO] Enola: Solve for Rydberg stage 162/1247.
[INFO] Enola: Solve for Rydberg stage 163/1247.
[INFO] Enola: Solve for Rydberg stage 164/1247.
[INFO] Enola: Solve for Rydberg stage 165/1247.
[INFO] Enola: Solve for Rydberg stage 166/1247.
[INFO] Enola: Solve for Rydberg stage 167/1247.
[INFO] Enola: Solve for Rydberg stage 168/1247.
[INFO] Enola: Solve for Rydberg stage 169/1247.
[INFO] Enola: Solve for Rydberg stage 170/1247.
[INFO] Enola: Solve for Rydberg stage 171/1247.
[INFO] Enola: Solve for Rydberg stage 172/1247.
[INFO] Enola: Solve for Rydberg stage 173/1247.
[INFO] Enola: Solve for Rydberg stage 174/1247.
[INFO] Enola: Solve for Rydberg stage 175/1247.
[INFO] Enola: Solve for Rydberg stage 176/1247.
[INFO] Enola: Solve for Rydberg stage 177/1247.
[INFO] Enola: Solve for Rydberg stage 178/1247.
[INFO] Enola: Solve for Rydberg stage 179/1247.
[INFO] Enola: Solve for Rydberg stage 180/1247.
[INFO] Enola: Solve for Rydberg stage 181/1247.
[INFO] Enola: Solve for Rydberg stage 182/1247.
[INFO] Enola: Solve for Rydberg stage 183/1247.
[INFO] Enola: Solve for Rydberg stage 184/1247.
[INFO] Enola: Solve for Rydberg stage 185/1247.
[INFO] Enola: Solve for Rydberg stage 186/1247.
[INFO] Enola: Solve for Rydberg stage 187/1247.
[INFO] Enola: Solve for Rydberg stage 188/1247.
[INFO] Enola: Solve for Rydberg stage 189/1247.
[INFO] Enola: Solve for Rydberg stage 190/1247.
[INFO] Enola: Solve for Rydberg stage 191/1247.
[INFO] Enola: Solve for Rydberg stage 192/1247.
[INFO] Enola: Solve for Rydberg stage 193/1247.
[INFO] Enola: Solve for Rydberg stage 194/1247.
[INFO] Enola: Solve for Rydberg stage 195/1247.
[INFO] Enola: Solve for Rydberg stage 196/1247.
[INFO] Enola: Solve for Rydberg stage 197/1247.
[INFO] Enola: Solve for Rydberg stage 198/1247.
[INFO] Enola: Solve for Rydberg stage 199/1247.
[INFO] Enola: Solve for Rydberg stage 200/1247.
[INFO] Enola: Solve for Rydberg stage 201/1247.
[INFO] Enola: Solve for Rydberg stage 202/1247.
[INFO] Enola: Solve for Rydberg stage 203/1247.
[INFO] Enola: Solve for Rydberg stage 204/1247.
[INFO] Enola: Solve for Rydberg stage 205/1247.
[INFO] Enola: Solve for Rydberg stage 206/1247.
[INFO] Enola: Solve for Rydberg stage 207/1247.
[INFO] Enola: Solve for Rydberg stage 208/1247.
[INFO] Enola: Solve for Rydberg stage 209/1247.
[INFO] Enola: Solve for Rydberg stage 210/1247.
[INFO] Enola: Solve for Rydberg stage 211/1247.
[INFO] Enola: Solve for Rydberg stage 212/1247.
[INFO] Enola: Solve for Rydberg stage 213/1247.
[INFO] Enola: Solve for Rydberg stage 214/1247.
[INFO] Enola: Solve for Rydberg stage 215/1247.
[INFO] Enola: Solve for Rydberg stage 216/1247.
[INFO] Enola: Solve for Rydberg stage 217/1247.
[INFO] Enola: Solve for Rydberg stage 218/1247.
[INFO] Enola: Solve for Rydberg stage 219/1247.
[INFO] Enola: Solve for Rydberg stage 220/1247.
[INFO] Enola: Solve for Rydberg stage 221/1247.
[INFO] Enola: Solve for Rydberg stage 222/1247.
[INFO] Enola: Solve for Rydberg stage 223/1247.
[INFO] Enola: Solve for Rydberg stage 224/1247.
[INFO] Enola: Solve for Rydberg stage 225/1247.
[INFO] Enola: Solve for Rydberg stage 226/1247.
[INFO] Enola: Solve for Rydberg stage 227/1247.
[INFO] Enola: Solve for Rydberg stage 228/1247.
[INFO] Enola: Solve for Rydberg stage 229/1247.
[INFO] Enola: Solve for Rydberg stage 230/1247.
[INFO] Enola: Solve for Rydberg stage 231/1247.
[INFO] Enola: Solve for Rydberg stage 232/1247.
[INFO] Enola: Solve for Rydberg stage 233/1247.
[INFO] Enola: Solve for Rydberg stage 234/1247.
[INFO] Enola: Solve for Rydberg stage 235/1247.
[INFO] Enola: Solve for Rydberg stage 236/1247.
[INFO] Enola: Solve for Rydberg stage 237/1247.
[INFO] Enola: Solve for Rydberg stage 238/1247.
[INFO] Enola: Solve for Rydberg stage 239/1247.
[INFO] Enola: Solve for Rydberg stage 240/1247.
[INFO] Enola: Solve for Rydberg stage 241/1247.
[INFO] Enola: Solve for Rydberg stage 242/1247.
[INFO] Enola: Solve for Rydberg stage 243/1247.
[INFO] Enola: Solve for Rydberg stage 244/1247.
[INFO] Enola: Solve for Rydberg stage 245/1247.
[INFO] Enola: Solve for Rydberg stage 246/1247.
[INFO] Enola: Solve for Rydberg stage 247/1247.
[INFO] Enola: Solve for Rydberg stage 248/1247.
[INFO] Enola: Solve for Rydberg stage 249/1247.
[INFO] Enola: Solve for Rydberg stage 250/1247.
[INFO] Enola: Solve for Rydberg stage 251/1247.
[INFO] Enola: Solve for Rydberg stage 252/1247.
[INFO] Enola: Solve for Rydberg stage 253/1247.
[INFO] Enola: Solve for Rydberg stage 254/1247.
[INFO] Enola: Solve for Rydberg stage 255/1247.
[INFO] Enola: Solve for Rydberg stage 256/1247.
[INFO] Enola: Solve for Rydberg stage 257/1247.
[INFO] Enola: Solve for Rydberg stage 258/1247.
[INFO] Enola: Solve for Rydberg stage 259/1247.
[INFO] Enola: Solve for Rydberg stage 260/1247.
[INFO] Enola: Solve for Rydberg stage 261/1247.
[INFO] Enola: Solve for Rydberg stage 262/1247.
[INFO] Enola: Solve for Rydberg stage 263/1247.
[INFO] Enola: Solve for Rydberg stage 264/1247.
[INFO] Enola: Solve for Rydberg stage 265/1247.
[INFO] Enola: Solve for Rydberg stage 266/1247.
[INFO] Enola: Solve for Rydberg stage 267/1247.
[INFO] Enola: Solve for Rydberg stage 268/1247.
[INFO] Enola: Solve for Rydberg stage 269/1247.
[INFO] Enola: Solve for Rydberg stage 270/1247.
[INFO] Enola: Solve for Rydberg stage 271/1247.
[INFO] Enola: Solve for Rydberg stage 272/1247.
[INFO] Enola: Solve for Rydberg stage 273/1247.
[INFO] Enola: Solve for Rydberg stage 274/1247.
[INFO] Enola: Solve for Rydberg stage 275/1247.
[INFO] Enola: Solve for Rydberg stage 276/1247.
[INFO] Enola: Solve for Rydberg stage 277/1247.
[INFO] Enola: Solve for Rydberg stage 278/1247.
[INFO] Enola: Solve for Rydberg stage 279/1247.
[INFO] Enola: Solve for Rydberg stage 280/1247.
[INFO] Enola: Solve for Rydberg stage 281/1247.
[INFO] Enola: Solve for Rydberg stage 282/1247.
[INFO] Enola: Solve for Rydberg stage 283/1247.
[INFO] Enola: Solve for Rydberg stage 284/1247.
[INFO] Enola: Solve for Rydberg stage 285/1247.
[INFO] Enola: Solve for Rydberg stage 286/1247.
[INFO] Enola: Solve for Rydberg stage 287/1247.
[INFO] Enola: Solve for Rydberg stage 288/1247.
[INFO] Enola: Solve for Rydberg stage 289/1247.
[INFO] Enola: Solve for Rydberg stage 290/1247.
[INFO] Enola: Solve for Rydberg stage 291/1247.
[INFO] Enola: Solve for Rydberg stage 292/1247.
[INFO] Enola: Solve for Rydberg stage 293/1247.
[INFO] Enola: Solve for Rydberg stage 294/1247.
[INFO] Enola: Solve for Rydberg stage 295/1247.
[INFO] Enola: Solve for Rydberg stage 296/1247.
[INFO] Enola: Solve for Rydberg stage 297/1247.
[INFO] Enola: Solve for Rydberg stage 298/1247.
[INFO] Enola: Solve for Rydberg stage 299/1247.
[INFO] Enola: Solve for Rydberg stage 300/1247.
[INFO] Enola: Solve for Rydberg stage 301/1247.
[INFO] Enola: Solve for Rydberg stage 302/1247.
[INFO] Enola: Solve for Rydberg stage 303/1247.
[INFO] Enola: Solve for Rydberg stage 304/1247.
[INFO] Enola: Solve for Rydberg stage 305/1247.
[INFO] Enola: Solve for Rydberg stage 306/1247.
[INFO] Enola: Solve for Rydberg stage 307/1247.
[INFO] Enola: Solve for Rydberg stage 308/1247.
[INFO] Enola: Solve for Rydberg stage 309/1247.
[INFO] Enola: Solve for Rydberg stage 310/1247.
[INFO] Enola: Solve for Rydberg stage 311/1247.
[INFO] Enola: Solve for Rydberg stage 312/1247.
[INFO] Enola: Solve for Rydberg stage 313/1247.
[INFO] Enola: Solve for Rydberg stage 314/1247.
[INFO] Enola: Solve for Rydberg stage 315/1247.
[INFO] Enola: Solve for Rydberg stage 316/1247.
[INFO] Enola: Solve for Rydberg stage 317/1247.
[INFO] Enola: Solve for Rydberg stage 318/1247.
[INFO] Enola: Solve for Rydberg stage 319/1247.
[INFO] Enola: Solve for Rydberg stage 320/1247.
[INFO] Enola: Solve for Rydberg stage 321/1247.
[INFO] Enola: Solve for Rydberg stage 322/1247.
[INFO] Enola: Solve for Rydberg stage 323/1247.
[INFO] Enola: Solve for Rydberg stage 324/1247.
[INFO] Enola: Solve for Rydberg stage 325/1247.
[INFO] Enola: Solve for Rydberg stage 326/1247.
[INFO] Enola: Solve for Rydberg stage 327/1247.
[INFO] Enola: Solve for Rydberg stage 328/1247.
[INFO] Enola: Solve for Rydberg stage 329/1247.
[INFO] Enola: Solve for Rydberg stage 330/1247.
[INFO] Enola: Solve for Rydberg stage 331/1247.
[INFO] Enola: Solve for Rydberg stage 332/1247.
[INFO] Enola: Solve for Rydberg stage 333/1247.
[INFO] Enola: Solve for Rydberg stage 334/1247.
[INFO] Enola: Solve for Rydberg stage 335/1247.
[INFO] Enola: Solve for Rydberg stage 336/1247.
[INFO] Enola: Solve for Rydberg stage 337/1247.
[INFO] Enola: Solve for Rydberg stage 338/1247.
[INFO] Enola: Solve for Rydberg stage 339/1247.
[INFO] Enola: Solve for Rydberg stage 340/1247.
[INFO] Enola: Solve for Rydberg stage 341/1247.
[INFO] Enola: Solve for Rydberg stage 342/1247.
[INFO] Enola: Solve for Rydberg stage 343/1247.
[INFO] Enola: Solve for Rydberg stage 344/1247.
[INFO] Enola: Solve for Rydberg stage 345/1247.
[INFO] Enola: Solve for Rydberg stage 346/1247.
[INFO] Enola: Solve for Rydberg stage 347/1247.
[INFO] Enola: Solve for Rydberg stage 348/1247.
[INFO] Enola: Solve for Rydberg stage 349/1247.
[INFO] Enola: Solve for Rydberg stage 350/1247.
[INFO] Enola: Solve for Rydberg stage 351/1247.
[INFO] Enola: Solve for Rydberg stage 352/1247.
[INFO] Enola: Solve for Rydberg stage 353/1247.
[INFO] Enola: Solve for Rydberg stage 354/1247.
[INFO] Enola: Solve for Rydberg stage 355/1247.
[INFO] Enola: Solve for Rydberg stage 356/1247.
[INFO] Enola: Solve for Rydberg stage 357/1247.
[INFO] Enola: Solve for Rydberg stage 358/1247.
[INFO] Enola: Solve for Rydberg stage 359/1247.
[INFO] Enola: Solve for Rydberg stage 360/1247.
[INFO] Enola: Solve for Rydberg stage 361/1247.
[INFO] Enola: Solve for Rydberg stage 362/1247.
[INFO] Enola: Solve for Rydberg stage 363/1247.
[INFO] Enola: Solve for Rydberg stage 364/1247.
[INFO] Enola: Solve for Rydberg stage 365/1247.
[INFO] Enola: Solve for Rydberg stage 366/1247.
[INFO] Enola: Solve for Rydberg stage 367/1247.
[INFO] Enola: Solve for Rydberg stage 368/1247.
[INFO] Enola: Solve for Rydberg stage 369/1247.
[INFO] Enola: Solve for Rydberg stage 370/1247.
[INFO] Enola: Solve for Rydberg stage 371/1247.
[INFO] Enola: Solve for Rydberg stage 372/1247.
[INFO] Enola: Solve for Rydberg stage 373/1247.
[INFO] Enola: Solve for Rydberg stage 374/1247.
[INFO] Enola: Solve for Rydberg stage 375/1247.
[INFO] Enola: Solve for Rydberg stage 376/1247.
[INFO] Enola: Solve for Rydberg stage 377/1247.
[INFO] Enola: Solve for Rydberg stage 378/1247.
[INFO] Enola: Solve for Rydberg stage 379/1247.
[INFO] Enola: Solve for Rydberg stage 380/1247.
[INFO] Enola: Solve for Rydberg stage 381/1247.
[INFO] Enola: Solve for Rydberg stage 382/1247.
[INFO] Enola: Solve for Rydberg stage 383/1247.
[INFO] Enola: Solve for Rydberg stage 384/1247.
[INFO] Enola: Solve for Rydberg stage 385/1247.
[INFO] Enola: Solve for Rydberg stage 386/1247.
[INFO] Enola: Solve for Rydberg stage 387/1247.
[INFO] Enola: Solve for Rydberg stage 388/1247.
[INFO] Enola: Solve for Rydberg stage 389/1247.
[INFO] Enola: Solve for Rydberg stage 390/1247.
[INFO] Enola: Solve for Rydberg stage 391/1247.
[INFO] Enola: Solve for Rydberg stage 392/1247.
[INFO] Enola: Solve for Rydberg stage 393/1247.
[INFO] Enola: Solve for Rydberg stage 394/1247.
[INFO] Enola: Solve for Rydberg stage 395/1247.
[INFO] Enola: Solve for Rydberg stage 396/1247.
[INFO] Enola: Solve for Rydberg stage 397/1247.
[INFO] Enola: Solve for Rydberg stage 398/1247.
[INFO] Enola: Solve for Rydberg stage 399/1247.
[INFO] Enola: Solve for Rydberg stage 400/1247.
[INFO] Enola: Solve for Rydberg stage 401/1247.
[INFO] Enola: Solve for Rydberg stage 402/1247.
[INFO] Enola: Solve for Rydberg stage 403/1247.
[INFO] Enola: Solve for Rydberg stage 404/1247.
[INFO] Enola: Solve for Rydberg stage 405/1247.
[INFO] Enola: Solve for Rydberg stage 406/1247.
[INFO] Enola: Solve for Rydberg stage 407/1247.
[INFO] Enola: Solve for Rydberg stage 408/1247.
[INFO] Enola: Solve for Rydberg stage 409/1247.
[INFO] Enola: Solve for Rydberg stage 410/1247.
[INFO] Enola: Solve for Rydberg stage 411/1247.
[INFO] Enola: Solve for Rydberg stage 412/1247.
[INFO] Enola: Solve for Rydberg stage 413/1247.
[INFO] Enola: Solve for Rydberg stage 414/1247.
[INFO] Enola: Solve for Rydberg stage 415/1247.
[INFO] Enola: Solve for Rydberg stage 416/1247.
[INFO] Enola: Solve for Rydberg stage 417/1247.
[INFO] Enola: Solve for Rydberg stage 418/1247.
[INFO] Enola: Solve for Rydberg stage 419/1247.
[INFO] Enola: Solve for Rydberg stage 420/1247.
[INFO] Enola: Solve for Rydberg stage 421/1247.
[INFO] Enola: Solve for Rydberg stage 422/1247.
[INFO] Enola: Solve for Rydberg stage 423/1247.
[INFO] Enola: Solve for Rydberg stage 424/1247.
[INFO] Enola: Solve for Rydberg stage 425/1247.
[INFO] Enola: Solve for Rydberg stage 426/1247.
[INFO] Enola: Solve for Rydberg stage 427/1247.
[INFO] Enola: Solve for Rydberg stage 428/1247.
[INFO] Enola: Solve for Rydberg stage 429/1247.
[INFO] Enola: Solve for Rydberg stage 430/1247.
[INFO] Enola: Solve for Rydberg stage 431/1247.
[INFO] Enola: Solve for Rydberg stage 432/1247.
[INFO] Enola: Solve for Rydberg stage 433/1247.
[INFO] Enola: Solve for Rydberg stage 434/1247.
[INFO] Enola: Solve for Rydberg stage 435/1247.
[INFO] Enola: Solve for Rydberg stage 436/1247.
[INFO] Enola: Solve for Rydberg stage 437/1247.
[INFO] Enola: Solve for Rydberg stage 438/1247.
[INFO] Enola: Solve for Rydberg stage 439/1247.
[INFO] Enola: Solve for Rydberg stage 440/1247.
[INFO] Enola: Solve for Rydberg stage 441/1247.
[INFO] Enola: Solve for Rydberg stage 442/1247.
[INFO] Enola: Solve for Rydberg stage 443/1247.
[INFO] Enola: Solve for Rydberg stage 444/1247.
[INFO] Enola: Solve for Rydberg stage 445/1247.
[INFO] Enola: Solve for Rydberg stage 446/1247.
[INFO] Enola: Solve for Rydberg stage 447/1247.
[INFO] Enola: Solve for Rydberg stage 448/1247.
[INFO] Enola: Solve for Rydberg stage 449/1247.
[INFO] Enola: Solve for Rydberg stage 450/1247.
[INFO] Enola: Solve for Rydberg stage 451/1247.
[INFO] Enola: Solve for Rydberg stage 452/1247.
[INFO] Enola: Solve for Rydberg stage 453/1247.
[INFO] Enola: Solve for Rydberg stage 454/1247.
[INFO] Enola: Solve for Rydberg stage 455/1247.
[INFO] Enola: Solve for Rydberg stage 456/1247.
[INFO] Enola: Solve for Rydberg stage 457/1247.
[INFO] Enola: Solve for Rydberg stage 458/1247.
[INFO] Enola: Solve for Rydberg stage 459/1247.
[INFO] Enola: Solve for Rydberg stage 460/1247.
[INFO] Enola: Solve for Rydberg stage 461/1247.
[INFO] Enola: Solve for Rydberg stage 462/1247.
[INFO] Enola: Solve for Rydberg stage 463/1247.
[INFO] Enola: Solve for Rydberg stage 464/1247.
[INFO] Enola: Solve for Rydberg stage 465/1247.
[INFO] Enola: Solve for Rydberg stage 466/1247.
[INFO] Enola: Solve for Rydberg stage 467/1247.
[INFO] Enola: Solve for Rydberg stage 468/1247.
[INFO] Enola: Solve for Rydberg stage 469/1247.
[INFO] Enola: Solve for Rydberg stage 470/1247.
[INFO] Enola: Solve for Rydberg stage 471/1247.
[INFO] Enola: Solve for Rydberg stage 472/1247.
[INFO] Enola: Solve for Rydberg stage 473/1247.
[INFO] Enola: Solve for Rydberg stage 474/1247.
[INFO] Enola: Solve for Rydberg stage 475/1247.
[INFO] Enola: Solve for Rydberg stage 476/1247.
[INFO] Enola: Solve for Rydberg stage 477/1247.
[INFO] Enola: Solve for Rydberg stage 478/1247.
[INFO] Enola: Solve for Rydberg stage 479/1247.
[INFO] Enola: Solve for Rydberg stage 480/1247.
[INFO] Enola: Solve for Rydberg stage 481/1247.
[INFO] Enola: Solve for Rydberg stage 482/1247.
[INFO] Enola: Solve for Rydberg stage 483/1247.
[INFO] Enola: Solve for Rydberg stage 484/1247.
[INFO] Enola: Solve for Rydberg stage 485/1247.
[INFO] Enola: Solve for Rydberg stage 486/1247.
[INFO] Enola: Solve for Rydberg stage 487/1247.
[INFO] Enola: Solve for Rydberg stage 488/1247.
[INFO] Enola: Solve for Rydberg stage 489/1247.
[INFO] Enola: Solve for Rydberg stage 490/1247.
[INFO] Enola: Solve for Rydberg stage 491/1247.
[INFO] Enola: Solve for Rydberg stage 492/1247.
[INFO] Enola: Solve for Rydberg stage 493/1247.
[INFO] Enola: Solve for Rydberg stage 494/1247.
[INFO] Enola: Solve for Rydberg stage 495/1247.
[INFO] Enola: Solve for Rydberg stage 496/1247.
[INFO] Enola: Solve for Rydberg stage 497/1247.
[INFO] Enola: Solve for Rydberg stage 498/1247.
[INFO] Enola: Solve for Rydberg stage 499/1247.
[INFO] Enola: Solve for Rydberg stage 500/1247.
[INFO] Enola: Solve for Rydberg stage 501/1247.
[INFO] Enola: Solve for Rydberg stage 502/1247.
[INFO] Enola: Solve for Rydberg stage 503/1247.
[INFO] Enola: Solve for Rydberg stage 504/1247.
[INFO] Enola: Solve for Rydberg stage 505/1247.
[INFO] Enola: Solve for Rydberg stage 506/1247.
[INFO] Enola: Solve for Rydberg stage 507/1247.
[INFO] Enola: Solve for Rydberg stage 508/1247.
[INFO] Enola: Solve for Rydberg stage 509/1247.
[INFO] Enola: Solve for Rydberg stage 510/1247.
[INFO] Enola: Solve for Rydberg stage 511/1247.
[INFO] Enola: Solve for Rydberg stage 512/1247.
[INFO] Enola: Solve for Rydberg stage 513/1247.
[INFO] Enola: Solve for Rydberg stage 514/1247.
[INFO] Enola: Solve for Rydberg stage 515/1247.
[INFO] Enola: Solve for Rydberg stage 516/1247.
[INFO] Enola: Solve for Rydberg stage 517/1247.
[INFO] Enola: Solve for Rydberg stage 518/1247.
[INFO] Enola: Solve for Rydberg stage 519/1247.
[INFO] Enola: Solve for Rydberg stage 520/1247.
[INFO] Enola: Solve for Rydberg stage 521/1247.
[INFO] Enola: Solve for Rydberg stage 522/1247.
[INFO] Enola: Solve for Rydberg stage 523/1247.
[INFO] Enola: Solve for Rydberg stage 524/1247.
[INFO] Enola: Solve for Rydberg stage 525/1247.
[INFO] Enola: Solve for Rydberg stage 526/1247.
[INFO] Enola: Solve for Rydberg stage 527/1247.
[INFO] Enola: Solve for Rydberg stage 528/1247.
[INFO] Enola: Solve for Rydberg stage 529/1247.
[INFO] Enola: Solve for Rydberg stage 530/1247.
[INFO] Enola: Solve for Rydberg stage 531/1247.
[INFO] Enola: Solve for Rydberg stage 532/1247.
[INFO] Enola: Solve for Rydberg stage 533/1247.
[INFO] Enola: Solve for Rydberg stage 534/1247.
[INFO] Enola: Solve for Rydberg stage 535/1247.
[INFO] Enola: Solve for Rydberg stage 536/1247.
[INFO] Enola: Solve for Rydberg stage 537/1247.
[INFO] Enola: Solve for Rydberg stage 538/1247.
[INFO] Enola: Solve for Rydberg stage 539/1247.
[INFO] Enola: Solve for Rydberg stage 540/1247.
[INFO] Enola: Solve for Rydberg stage 541/1247.
[INFO] Enola: Solve for Rydberg stage 542/1247.
[INFO] Enola: Solve for Rydberg stage 543/1247.
[INFO] Enola: Solve for Rydberg stage 544/1247.
[INFO] Enola: Solve for Rydberg stage 545/1247.
[INFO] Enola: Solve for Rydberg stage 546/1247.
[INFO] Enola: Solve for Rydberg stage 547/1247.
[INFO] Enola: Solve for Rydberg stage 548/1247.
[INFO] Enola: Solve for Rydberg stage 549/1247.
[INFO] Enola: Solve for Rydberg stage 550/1247.
[INFO] Enola: Solve for Rydberg stage 551/1247.
[INFO] Enola: Solve for Rydberg stage 552/1247.
[INFO] Enola: Solve for Rydberg stage 553/1247.
[INFO] Enola: Solve for Rydberg stage 554/1247.
[INFO] Enola: Solve for Rydberg stage 555/1247.
[INFO] Enola: Solve for Rydberg stage 556/1247.
[INFO] Enola: Solve for Rydberg stage 557/1247.
[INFO] Enola: Solve for Rydberg stage 558/1247.
[INFO] Enola: Solve for Rydberg stage 559/1247.
[INFO] Enola: Solve for Rydberg stage 560/1247.
[INFO] Enola: Solve for Rydberg stage 561/1247.
[INFO] Enola: Solve for Rydberg stage 562/1247.
[INFO] Enola: Solve for Rydberg stage 563/1247.
[INFO] Enola: Solve for Rydberg stage 564/1247.
[INFO] Enola: Solve for Rydberg stage 565/1247.
[INFO] Enola: Solve for Rydberg stage 566/1247.
[INFO] Enola: Solve for Rydberg stage 567/1247.
[INFO] Enola: Solve for Rydberg stage 568/1247.
[INFO] Enola: Solve for Rydberg stage 569/1247.
[INFO] Enola: Solve for Rydberg stage 570/1247.
[INFO] Enola: Solve for Rydberg stage 571/1247.
[INFO] Enola: Solve for Rydberg stage 572/1247.
[INFO] Enola: Solve for Rydberg stage 573/1247.
[INFO] Enola: Solve for Rydberg stage 574/1247.
[INFO] Enola: Solve for Rydberg stage 575/1247.
[INFO] Enola: Solve for Rydberg stage 576/1247.
[INFO] Enola: Solve for Rydberg stage 577/1247.
[INFO] Enola: Solve for Rydberg stage 578/1247.
[INFO] Enola: Solve for Rydberg stage 579/1247.
[INFO] Enola: Solve for Rydberg stage 580/1247.
[INFO] Enola: Solve for Rydberg stage 581/1247.
[INFO] Enola: Solve for Rydberg stage 582/1247.
[INFO] Enola: Solve for Rydberg stage 583/1247.
[INFO] Enola: Solve for Rydberg stage 584/1247.
[INFO] Enola: Solve for Rydberg stage 585/1247.
[INFO] Enola: Solve for Rydberg stage 586/1247.
[INFO] Enola: Solve for Rydberg stage 587/1247.
[INFO] Enola: Solve for Rydberg stage 588/1247.
[INFO] Enola: Solve for Rydberg stage 589/1247.
[INFO] Enola: Solve for Rydberg stage 590/1247.
[INFO] Enola: Solve for Rydberg stage 591/1247.
[INFO] Enola: Solve for Rydberg stage 592/1247.
[INFO] Enola: Solve for Rydberg stage 593/1247.
[INFO] Enola: Solve for Rydberg stage 594/1247.
[INFO] Enola: Solve for Rydberg stage 595/1247.
[INFO] Enola: Solve for Rydberg stage 596/1247.
[INFO] Enola: Solve for Rydberg stage 597/1247.
[INFO] Enola: Solve for Rydberg stage 598/1247.
[INFO] Enola: Solve for Rydberg stage 599/1247.
[INFO] Enola: Solve for Rydberg stage 600/1247.
[INFO] Enola: Solve for Rydberg stage 601/1247.
[INFO] Enola: Solve for Rydberg stage 602/1247.
[INFO] Enola: Solve for Rydberg stage 603/1247.
[INFO] Enola: Solve for Rydberg stage 604/1247.
[INFO] Enola: Solve for Rydberg stage 605/1247.
[INFO] Enola: Solve for Rydberg stage 606/1247.
[INFO] Enola: Solve for Rydberg stage 607/1247.
[INFO] Enola: Solve for Rydberg stage 608/1247.
[INFO] Enola: Solve for Rydberg stage 609/1247.
[INFO] Enola: Solve for Rydberg stage 610/1247.
[INFO] Enola: Solve for Rydberg stage 611/1247.
[INFO] Enola: Solve for Rydberg stage 612/1247.
[INFO] Enola: Solve for Rydberg stage 613/1247.
[INFO] Enola: Solve for Rydberg stage 614/1247.
[INFO] Enola: Solve for Rydberg stage 615/1247.
[INFO] Enola: Solve for Rydberg stage 616/1247.
[INFO] Enola: Solve for Rydberg stage 617/1247.
[INFO] Enola: Solve for Rydberg stage 618/1247.
[INFO] Enola: Solve for Rydberg stage 619/1247.
[INFO] Enola: Solve for Rydberg stage 620/1247.
[INFO] Enola: Solve for Rydberg stage 621/1247.
[INFO] Enola: Solve for Rydberg stage 622/1247.
[INFO] Enola: Solve for Rydberg stage 623/1247.
[INFO] Enola: Solve for Rydberg stage 624/1247.
[INFO] Enola: Solve for Rydberg stage 625/1247.
[INFO] Enola: Solve for Rydberg stage 626/1247.
[INFO] Enola: Solve for Rydberg stage 627/1247.
[INFO] Enola: Solve for Rydberg stage 628/1247.
[INFO] Enola: Solve for Rydberg stage 629/1247.
[INFO] Enola: Solve for Rydberg stage 630/1247.
[INFO] Enola: Solve for Rydberg stage 631/1247.
[INFO] Enola: Solve for Rydberg stage 632/1247.
[INFO] Enola: Solve for Rydberg stage 633/1247.
[INFO] Enola: Solve for Rydberg stage 634/1247.
[INFO] Enola: Solve for Rydberg stage 635/1247.
[INFO] Enola: Solve for Rydberg stage 636/1247.
[INFO] Enola: Solve for Rydberg stage 637/1247.
[INFO] Enola: Solve for Rydberg stage 638/1247.
[INFO] Enola: Solve for Rydberg stage 639/1247.
[INFO] Enola: Solve for Rydberg stage 640/1247.
[INFO] Enola: Solve for Rydberg stage 641/1247.
[INFO] Enola: Solve for Rydberg stage 642/1247.
[INFO] Enola: Solve for Rydberg stage 643/1247.
[INFO] Enola: Solve for Rydberg stage 644/1247.
[INFO] Enola: Solve for Rydberg stage 645/1247.
[INFO] Enola: Solve for Rydberg stage 646/1247.
[INFO] Enola: Solve for Rydberg stage 647/1247.
[INFO] Enola: Solve for Rydberg stage 648/1247.
[INFO] Enola: Solve for Rydberg stage 649/1247.
[INFO] Enola: Solve for Rydberg stage 650/1247.
[INFO] Enola: Solve for Rydberg stage 651/1247.
[INFO] Enola: Solve for Rydberg stage 652/1247.
[INFO] Enola: Solve for Rydberg stage 653/1247.
[INFO] Enola: Solve for Rydberg stage 654/1247.
[INFO] Enola: Solve for Rydberg stage 655/1247.
[INFO] Enola: Solve for Rydberg stage 656/1247.
[INFO] Enola: Solve for Rydberg stage 657/1247.
[INFO] Enola: Solve for Rydberg stage 658/1247.
[INFO] Enola: Solve for Rydberg stage 659/1247.
[INFO] Enola: Solve for Rydberg stage 660/1247.
[INFO] Enola: Solve for Rydberg stage 661/1247.
[INFO] Enola: Solve for Rydberg stage 662/1247.
[INFO] Enola: Solve for Rydberg stage 663/1247.
[INFO] Enola: Solve for Rydberg stage 664/1247.
[INFO] Enola: Solve for Rydberg stage 665/1247.
[INFO] Enola: Solve for Rydberg stage 666/1247.
[INFO] Enola: Solve for Rydberg stage 667/1247.
[INFO] Enola: Solve for Rydberg stage 668/1247.
[INFO] Enola: Solve for Rydberg stage 669/1247.
[INFO] Enola: Solve for Rydberg stage 670/1247.
[INFO] Enola: Solve for Rydberg stage 671/1247.
[INFO] Enola: Solve for Rydberg stage 672/1247.
[INFO] Enola: Solve for Rydberg stage 673/1247.
[INFO] Enola: Solve for Rydberg stage 674/1247.
[INFO] Enola: Solve for Rydberg stage 675/1247.
[INFO] Enola: Solve for Rydberg stage 676/1247.
[INFO] Enola: Solve for Rydberg stage 677/1247.
[INFO] Enola: Solve for Rydberg stage 678/1247.
[INFO] Enola: Solve for Rydberg stage 679/1247.
[INFO] Enola: Solve for Rydberg stage 680/1247.
[INFO] Enola: Solve for Rydberg stage 681/1247.
[INFO] Enola: Solve for Rydberg stage 682/1247.
[INFO] Enola: Solve for Rydberg stage 683/1247.
[INFO] Enola: Solve for Rydberg stage 684/1247.
[INFO] Enola: Solve for Rydberg stage 685/1247.
[INFO] Enola: Solve for Rydberg stage 686/1247.
[INFO] Enola: Solve for Rydberg stage 687/1247.
[INFO] Enola: Solve for Rydberg stage 688/1247.
[INFO] Enola: Solve for Rydberg stage 689/1247.
[INFO] Enola: Solve for Rydberg stage 690/1247.
[INFO] Enola: Solve for Rydberg stage 691/1247.
[INFO] Enola: Solve for Rydberg stage 692/1247.
[INFO] Enola: Solve for Rydberg stage 693/1247.
[INFO] Enola: Solve for Rydberg stage 694/1247.
[INFO] Enola: Solve for Rydberg stage 695/1247.
[INFO] Enola: Solve for Rydberg stage 696/1247.
[INFO] Enola: Solve for Rydberg stage 697/1247.
[INFO] Enola: Solve for Rydberg stage 698/1247.
[INFO] Enola: Solve for Rydberg stage 699/1247.
[INFO] Enola: Solve for Rydberg stage 700/1247.
[INFO] Enola: Solve for Rydberg stage 701/1247.
[INFO] Enola: Solve for Rydberg stage 702/1247.
[INFO] Enola: Solve for Rydberg stage 703/1247.
[INFO] Enola: Solve for Rydberg stage 704/1247.
[INFO] Enola: Solve for Rydberg stage 705/1247.
[INFO] Enola: Solve for Rydberg stage 706/1247.
[INFO] Enola: Solve for Rydberg stage 707/1247.
[INFO] Enola: Solve for Rydberg stage 708/1247.
[INFO] Enola: Solve for Rydberg stage 709/1247.
[INFO] Enola: Solve for Rydberg stage 710/1247.
[INFO] Enola: Solve for Rydberg stage 711/1247.
[INFO] Enola: Solve for Rydberg stage 712/1247.
[INFO] Enola: Solve for Rydberg stage 713/1247.
[INFO] Enola: Solve for Rydberg stage 714/1247.
[INFO] Enola: Solve for Rydberg stage 715/1247.
[INFO] Enola: Solve for Rydberg stage 716/1247.
[INFO] Enola: Solve for Rydberg stage 717/1247.
[INFO] Enola: Solve for Rydberg stage 718/1247.
[INFO] Enola: Solve for Rydberg stage 719/1247.
[INFO] Enola: Solve for Rydberg stage 720/1247.
[INFO] Enola: Solve for Rydberg stage 721/1247.
[INFO] Enola: Solve for Rydberg stage 722/1247.
[INFO] Enola: Solve for Rydberg stage 723/1247.
[INFO] Enola: Solve for Rydberg stage 724/1247.
[INFO] Enola: Solve for Rydberg stage 725/1247.
[INFO] Enola: Solve for Rydberg stage 726/1247.
[INFO] Enola: Solve for Rydberg stage 727/1247.
[INFO] Enola: Solve for Rydberg stage 728/1247.
[INFO] Enola: Solve for Rydberg stage 729/1247.
[INFO] Enola: Solve for Rydberg stage 730/1247.
[INFO] Enola: Solve for Rydberg stage 731/1247.
[INFO] Enola: Solve for Rydberg stage 732/1247.
[INFO] Enola: Solve for Rydberg stage 733/1247.
[INFO] Enola: Solve for Rydberg stage 734/1247.
[INFO] Enola: Solve for Rydberg stage 735/1247.
[INFO] Enola: Solve for Rydberg stage 736/1247.
[INFO] Enola: Solve for Rydberg stage 737/1247.
[INFO] Enola: Solve for Rydberg stage 738/1247.
[INFO] Enola: Solve for Rydberg stage 739/1247.
[INFO] Enola: Solve for Rydberg stage 740/1247.
[INFO] Enola: Solve for Rydberg stage 741/1247.
[INFO] Enola: Solve for Rydberg stage 742/1247.
[INFO] Enola: Solve for Rydberg stage 743/1247.
[INFO] Enola: Solve for Rydberg stage 744/1247.
[INFO] Enola: Solve for Rydberg stage 745/1247.
[INFO] Enola: Solve for Rydberg stage 746/1247.
[INFO] Enola: Solve for Rydberg stage 747/1247.
[INFO] Enola: Solve for Rydberg stage 748/1247.
[INFO] Enola: Solve for Rydberg stage 749/1247.
[INFO] Enola: Solve for Rydberg stage 750/1247.
[INFO] Enola: Solve for Rydberg stage 751/1247.
[INFO] Enola: Solve for Rydberg stage 752/1247.
[INFO] Enola: Solve for Rydberg stage 753/1247.
[INFO] Enola: Solve for Rydberg stage 754/1247.
[INFO] Enola: Solve for Rydberg stage 755/1247.
[INFO] Enola: Solve for Rydberg stage 756/1247.
[INFO] Enola: Solve for Rydberg stage 757/1247.
[INFO] Enola: Solve for Rydberg stage 758/1247.
[INFO] Enola: Solve for Rydberg stage 759/1247.
[INFO] Enola: Solve for Rydberg stage 760/1247.
[INFO] Enola: Solve for Rydberg stage 761/1247.
[INFO] Enola: Solve for Rydberg stage 762/1247.
[INFO] Enola: Solve for Rydberg stage 763/1247.
[INFO] Enola: Solve for Rydberg stage 764/1247.
[INFO] Enola: Solve for Rydberg stage 765/1247.
[INFO] Enola: Solve for Rydberg stage 766/1247.
[INFO] Enola: Solve for Rydberg stage 767/1247.
[INFO] Enola: Solve for Rydberg stage 768/1247.
[INFO] Enola: Solve for Rydberg stage 769/1247.
[INFO] Enola: Solve for Rydberg stage 770/1247.
[INFO] Enola: Solve for Rydberg stage 771/1247.
[INFO] Enola: Solve for Rydberg stage 772/1247.
[INFO] Enola: Solve for Rydberg stage 773/1247.
[INFO] Enola: Solve for Rydberg stage 774/1247.
[INFO] Enola: Solve for Rydberg stage 775/1247.
[INFO] Enola: Solve for Rydberg stage 776/1247.
[INFO] Enola: Solve for Rydberg stage 777/1247.
[INFO] Enola: Solve for Rydberg stage 778/1247.
[INFO] Enola: Solve for Rydberg stage 779/1247.
[INFO] Enola: Solve for Rydberg stage 780/1247.
[INFO] Enola: Solve for Rydberg stage 781/1247.
[INFO] Enola: Solve for Rydberg stage 782/1247.
[INFO] Enola: Solve for Rydberg stage 783/1247.
[INFO] Enola: Solve for Rydberg stage 784/1247.
[INFO] Enola: Solve for Rydberg stage 785/1247.
[INFO] Enola: Solve for Rydberg stage 786/1247.
[INFO] Enola: Solve for Rydberg stage 787/1247.
[INFO] Enola: Solve for Rydberg stage 788/1247.
[INFO] Enola: Solve for Rydberg stage 789/1247.
[INFO] Enola: Solve for Rydberg stage 790/1247.
[INFO] Enola: Solve for Rydberg stage 791/1247.
[INFO] Enola: Solve for Rydberg stage 792/1247.
[INFO] Enola: Solve for Rydberg stage 793/1247.
[INFO] Enola: Solve for Rydberg stage 794/1247.
[INFO] Enola: Solve for Rydberg stage 795/1247.
[INFO] Enola: Solve for Rydberg stage 796/1247.
[INFO] Enola: Solve for Rydberg stage 797/1247.
[INFO] Enola: Solve for Rydberg stage 798/1247.
[INFO] Enola: Solve for Rydberg stage 799/1247.
[INFO] Enola: Solve for Rydberg stage 800/1247.
[INFO] Enola: Solve for Rydberg stage 801/1247.
[INFO] Enola: Solve for Rydberg stage 802/1247.
[INFO] Enola: Solve for Rydberg stage 803/1247.
[INFO] Enola: Solve for Rydberg stage 804/1247.
[INFO] Enola: Solve for Rydberg stage 805/1247.
[INFO] Enola: Solve for Rydberg stage 806/1247.
[INFO] Enola: Solve for Rydberg stage 807/1247.
[INFO] Enola: Solve for Rydberg stage 808/1247.
[INFO] Enola: Solve for Rydberg stage 809/1247.
[INFO] Enola: Solve for Rydberg stage 810/1247.
[INFO] Enola: Solve for Rydberg stage 811/1247.
[INFO] Enola: Solve for Rydberg stage 812/1247.
[INFO] Enola: Solve for Rydberg stage 813/1247.
[INFO] Enola: Solve for Rydberg stage 814/1247.
[INFO] Enola: Solve for Rydberg stage 815/1247.
[INFO] Enola: Solve for Rydberg stage 816/1247.
[INFO] Enola: Solve for Rydberg stage 817/1247.
[INFO] Enola: Solve for Rydberg stage 818/1247.
[INFO] Enola: Solve for Rydberg stage 819/1247.
[INFO] Enola: Solve for Rydberg stage 820/1247.
[INFO] Enola: Solve for Rydberg stage 821/1247.
[INFO] Enola: Solve for Rydberg stage 822/1247.
[INFO] Enola: Solve for Rydberg stage 823/1247.
[INFO] Enola: Solve for Rydberg stage 824/1247.
[INFO] Enola: Solve for Rydberg stage 825/1247.
[INFO] Enola: Solve for Rydberg stage 826/1247.
[INFO] Enola: Solve for Rydberg stage 827/1247.
[INFO] Enola: Solve for Rydberg stage 828/1247.
[INFO] Enola: Solve for Rydberg stage 829/1247.
[INFO] Enola: Solve for Rydberg stage 830/1247.
[INFO] Enola: Solve for Rydberg stage 831/1247.
[INFO] Enola: Solve for Rydberg stage 832/1247.
[INFO] Enola: Solve for Rydberg stage 833/1247.
[INFO] Enola: Solve for Rydberg stage 834/1247.
[INFO] Enola: Solve for Rydberg stage 835/1247.
[INFO] Enola: Solve for Rydberg stage 836/1247.
[INFO] Enola: Solve for Rydberg stage 837/1247.
[INFO] Enola: Solve for Rydberg stage 838/1247.
[INFO] Enola: Solve for Rydberg stage 839/1247.
[INFO] Enola: Solve for Rydberg stage 840/1247.
[INFO] Enola: Solve for Rydberg stage 841/1247.
[INFO] Enola: Solve for Rydberg stage 842/1247.
[INFO] Enola: Solve for Rydberg stage 843/1247.
[INFO] Enola: Solve for Rydberg stage 844/1247.
[INFO] Enola: Solve for Rydberg stage 845/1247.
[INFO] Enola: Solve for Rydberg stage 846/1247.
[INFO] Enola: Solve for Rydberg stage 847/1247.
[INFO] Enola: Solve for Rydberg stage 848/1247.
[INFO] Enola: Solve for Rydberg stage 849/1247.
[INFO] Enola: Solve for Rydberg stage 850/1247.
[INFO] Enola: Solve for Rydberg stage 851/1247.
[INFO] Enola: Solve for Rydberg stage 852/1247.
[INFO] Enola: Solve for Rydberg stage 853/1247.
[INFO] Enola: Solve for Rydberg stage 854/1247.
[INFO] Enola: Solve for Rydberg stage 855/1247.
[INFO] Enola: Solve for Rydberg stage 856/1247.
[INFO] Enola: Solve for Rydberg stage 857/1247.
[INFO] Enola: Solve for Rydberg stage 858/1247.
[INFO] Enola: Solve for Rydberg stage 859/1247.
[INFO] Enola: Solve for Rydberg stage 860/1247.
[INFO] Enola: Solve for Rydberg stage 861/1247.
[INFO] Enola: Solve for Rydberg stage 862/1247.
[INFO] Enola: Solve for Rydberg stage 863/1247.
[INFO] Enola: Solve for Rydberg stage 864/1247.
[INFO] Enola: Solve for Rydberg stage 865/1247.
[INFO] Enola: Solve for Rydberg stage 866/1247.
[INFO] Enola: Solve for Rydberg stage 867/1247.
[INFO] Enola: Solve for Rydberg stage 868/1247.
[INFO] Enola: Solve for Rydberg stage 869/1247.
[INFO] Enola: Solve for Rydberg stage 870/1247.
[INFO] Enola: Solve for Rydberg stage 871/1247.
[INFO] Enola: Solve for Rydberg stage 872/1247.
[INFO] Enola: Solve for Rydberg stage 873/1247.
[INFO] Enola: Solve for Rydberg stage 874/1247.
[INFO] Enola: Solve for Rydberg stage 875/1247.
[INFO] Enola: Solve for Rydberg stage 876/1247.
[INFO] Enola: Solve for Rydberg stage 877/1247.
[INFO] Enola: Solve for Rydberg stage 878/1247.
[INFO] Enola: Solve for Rydberg stage 879/1247.
[INFO] Enola: Solve for Rydberg stage 880/1247.
[INFO] Enola: Solve for Rydberg stage 881/1247.
[INFO] Enola: Solve for Rydberg stage 882/1247.
[INFO] Enola: Solve for Rydberg stage 883/1247.
[INFO] Enola: Solve for Rydberg stage 884/1247.
[INFO] Enola: Solve for Rydberg stage 885/1247.
[INFO] Enola: Solve for Rydberg stage 886/1247.
[INFO] Enola: Solve for Rydberg stage 887/1247.
[INFO] Enola: Solve for Rydberg stage 888/1247.
[INFO] Enola: Solve for Rydberg stage 889/1247.
[INFO] Enola: Solve for Rydberg stage 890/1247.
[INFO] Enola: Solve for Rydberg stage 891/1247.
[INFO] Enola: Solve for Rydberg stage 892/1247.
[INFO] Enola: Solve for Rydberg stage 893/1247.
[INFO] Enola: Solve for Rydberg stage 894/1247.
[INFO] Enola: Solve for Rydberg stage 895/1247.
[INFO] Enola: Solve for Rydberg stage 896/1247.
[INFO] Enola: Solve for Rydberg stage 897/1247.
[INFO] Enola: Solve for Rydberg stage 898/1247.
[INFO] Enola: Solve for Rydberg stage 899/1247.
[INFO] Enola: Solve for Rydberg stage 900/1247.
[INFO] Enola: Solve for Rydberg stage 901/1247.
[INFO] Enola: Solve for Rydberg stage 902/1247.
[INFO] Enola: Solve for Rydberg stage 903/1247.
[INFO] Enola: Solve for Rydberg stage 904/1247.
[INFO] Enola: Solve for Rydberg stage 905/1247.
[INFO] Enola: Solve for Rydberg stage 906/1247.
[INFO] Enola: Solve for Rydberg stage 907/1247.
[INFO] Enola: Solve for Rydberg stage 908/1247.
[INFO] Enola: Solve for Rydberg stage 909/1247.
[INFO] Enola: Solve for Rydberg stage 910/1247.
[INFO] Enola: Solve for Rydberg stage 911/1247.
[INFO] Enola: Solve for Rydberg stage 912/1247.
[INFO] Enola: Solve for Rydberg stage 913/1247.
[INFO] Enola: Solve for Rydberg stage 914/1247.
[INFO] Enola: Solve for Rydberg stage 915/1247.
[INFO] Enola: Solve for Rydberg stage 916/1247.
[INFO] Enola: Solve for Rydberg stage 917/1247.
[INFO] Enola: Solve for Rydberg stage 918/1247.
[INFO] Enola: Solve for Rydberg stage 919/1247.
[INFO] Enola: Solve for Rydberg stage 920/1247.
[INFO] Enola: Solve for Rydberg stage 921/1247.
[INFO] Enola: Solve for Rydberg stage 922/1247.
[INFO] Enola: Solve for Rydberg stage 923/1247.
[INFO] Enola: Solve for Rydberg stage 924/1247.
[INFO] Enola: Solve for Rydberg stage 925/1247.
[INFO] Enola: Solve for Rydberg stage 926/1247.
[INFO] Enola: Solve for Rydberg stage 927/1247.
[INFO] Enola: Solve for Rydberg stage 928/1247.
[INFO] Enola: Solve for Rydberg stage 929/1247.
[INFO] Enola: Solve for Rydberg stage 930/1247.
[INFO] Enola: Solve for Rydberg stage 931/1247.
[INFO] Enola: Solve for Rydberg stage 932/1247.
[INFO] Enola: Solve for Rydberg stage 933/1247.
[INFO] Enola: Solve for Rydberg stage 934/1247.
[INFO] Enola: Solve for Rydberg stage 935/1247.
[INFO] Enola: Solve for Rydberg stage 936/1247.
[INFO] Enola: Solve for Rydberg stage 937/1247.
[INFO] Enola: Solve for Rydberg stage 938/1247.
[INFO] Enola: Solve for Rydberg stage 939/1247.
[INFO] Enola: Solve for Rydberg stage 940/1247.
[INFO] Enola: Solve for Rydberg stage 941/1247.
[INFO] Enola: Solve for Rydberg stage 942/1247.
[INFO] Enola: Solve for Rydberg stage 943/1247.
[INFO] Enola: Solve for Rydberg stage 944/1247.
[INFO] Enola: Solve for Rydberg stage 945/1247.
[INFO] Enola: Solve for Rydberg stage 946/1247.
[INFO] Enola: Solve for Rydberg stage 947/1247.
[INFO] Enola: Solve for Rydberg stage 948/1247.
[INFO] Enola: Solve for Rydberg stage 949/1247.
[INFO] Enola: Solve for Rydberg stage 950/1247.
[INFO] Enola: Solve for Rydberg stage 951/1247.
[INFO] Enola: Solve for Rydberg stage 952/1247.
[INFO] Enola: Solve for Rydberg stage 953/1247.
[INFO] Enola: Solve for Rydberg stage 954/1247.
[INFO] Enola: Solve for Rydberg stage 955/1247.
[INFO] Enola: Solve for Rydberg stage 956/1247.
[INFO] Enola: Solve for Rydberg stage 957/1247.
[INFO] Enola: Solve for Rydberg stage 958/1247.
[INFO] Enola: Solve for Rydberg stage 959/1247.
[INFO] Enola: Solve for Rydberg stage 960/1247.
[INFO] Enola: Solve for Rydberg stage 961/1247.
[INFO] Enola: Solve for Rydberg stage 962/1247.
[INFO] Enola: Solve for Rydberg stage 963/1247.
[INFO] Enola: Solve for Rydberg stage 964/1247.
[INFO] Enola: Solve for Rydberg stage 965/1247.
[INFO] Enola: Solve for Rydberg stage 966/1247.
[INFO] Enola: Solve for Rydberg stage 967/1247.
[INFO] Enola: Solve for Rydberg stage 968/1247.
[INFO] Enola: Solve for Rydberg stage 969/1247.
[INFO] Enola: Solve for Rydberg stage 970/1247.
[INFO] Enola: Solve for Rydberg stage 971/1247.
[INFO] Enola: Solve for Rydberg stage 972/1247.
[INFO] Enola: Solve for Rydberg stage 973/1247.
[INFO] Enola: Solve for Rydberg stage 974/1247.
[INFO] Enola: Solve for Rydberg stage 975/1247.
[INFO] Enola: Solve for Rydberg stage 976/1247.
[INFO] Enola: Solve for Rydberg stage 977/1247.
[INFO] Enola: Solve for Rydberg stage 978/1247.
[INFO] Enola: Solve for Rydberg stage 979/1247.
[INFO] Enola: Solve for Rydberg stage 980/1247.
[INFO] Enola: Solve for Rydberg stage 981/1247.
[INFO] Enola: Solve for Rydberg stage 982/1247.
[INFO] Enola: Solve for Rydberg stage 983/1247.
[INFO] Enola: Solve for Rydberg stage 984/1247.
[INFO] Enola: Solve for Rydberg stage 985/1247.
[INFO] Enola: Solve for Rydberg stage 986/1247.
[INFO] Enola: Solve for Rydberg stage 987/1247.
[INFO] Enola: Solve for Rydberg stage 988/1247.
[INFO] Enola: Solve for Rydberg stage 989/1247.
[INFO] Enola: Solve for Rydberg stage 990/1247.
[INFO] Enola: Solve for Rydberg stage 991/1247.
[INFO] Enola: Solve for Rydberg stage 992/1247.
[INFO] Enola: Solve for Rydberg stage 993/1247.
[INFO] Enola: Solve for Rydberg stage 994/1247.
[INFO] Enola: Solve for Rydberg stage 995/1247.
[INFO] Enola: Solve for Rydberg stage 996/1247.
[INFO] Enola: Solve for Rydberg stage 997/1247.
[INFO] Enola: Solve for Rydberg stage 998/1247.
[INFO] Enola: Solve for Rydberg stage 999/1247.
[INFO] Enola: Solve for Rydberg stage 1000/1247.
[INFO] Enola: Solve for Rydberg stage 1001/1247.
[INFO] Enola: Solve for Rydberg stage 1002/1247.
[INFO] Enola: Solve for Rydberg stage 1003/1247.
[INFO] Enola: Solve for Rydberg stage 1004/1247.
[INFO] Enola: Solve for Rydberg stage 1005/1247.
[INFO] Enola: Solve for Rydberg stage 1006/1247.
[INFO] Enola: Solve for Rydberg stage 1007/1247.
[INFO] Enola: Solve for Rydberg stage 1008/1247.
[INFO] Enola: Solve for Rydberg stage 1009/1247.
[INFO] Enola: Solve for Rydberg stage 1010/1247.
[INFO] Enola: Solve for Rydberg stage 1011/1247.
[INFO] Enola: Solve for Rydberg stage 1012/1247.
[INFO] Enola: Solve for Rydberg stage 1013/1247.
[INFO] Enola: Solve for Rydberg stage 1014/1247.
[INFO] Enola: Solve for Rydberg stage 1015/1247.
[INFO] Enola: Solve for Rydberg stage 1016/1247.
[INFO] Enola: Solve for Rydberg stage 1017/1247.
[INFO] Enola: Solve for Rydberg stage 1018/1247.
[INFO] Enola: Solve for Rydberg stage 1019/1247.
[INFO] Enola: Solve for Rydberg stage 1020/1247.
[INFO] Enola: Solve for Rydberg stage 1021/1247.
[INFO] Enola: Solve for Rydberg stage 1022/1247.
[INFO] Enola: Solve for Rydberg stage 1023/1247.
[INFO] Enola: Solve for Rydberg stage 1024/1247.
[INFO] Enola: Solve for Rydberg stage 1025/1247.
[INFO] Enola: Solve for Rydberg stage 1026/1247.
[INFO] Enola: Solve for Rydberg stage 1027/1247.
[INFO] Enola: Solve for Rydberg stage 1028/1247.
[INFO] Enola: Solve for Rydberg stage 1029/1247.
[INFO] Enola: Solve for Rydberg stage 1030/1247.
[INFO] Enola: Solve for Rydberg stage 1031/1247.
[INFO] Enola: Solve for Rydberg stage 1032/1247.
[INFO] Enola: Solve for Rydberg stage 1033/1247.
[INFO] Enola: Solve for Rydberg stage 1034/1247.
[INFO] Enola: Solve for Rydberg stage 1035/1247.
[INFO] Enola: Solve for Rydberg stage 1036/1247.
[INFO] Enola: Solve for Rydberg stage 1037/1247.
[INFO] Enola: Solve for Rydberg stage 1038/1247.
[INFO] Enola: Solve for Rydberg stage 1039/1247.
[INFO] Enola: Solve for Rydberg stage 1040/1247.
[INFO] Enola: Solve for Rydberg stage 1041/1247.
[INFO] Enola: Solve for Rydberg stage 1042/1247.
[INFO] Enola: Solve for Rydberg stage 1043/1247.
[INFO] Enola: Solve for Rydberg stage 1044/1247.
[INFO] Enola: Solve for Rydberg stage 1045/1247.
[INFO] Enola: Solve for Rydberg stage 1046/1247.
[INFO] Enola: Solve for Rydberg stage 1047/1247.
[INFO] Enola: Solve for Rydberg stage 1048/1247.
[INFO] Enola: Solve for Rydberg stage 1049/1247.
[INFO] Enola: Solve for Rydberg stage 1050/1247.
[INFO] Enola: Solve for Rydberg stage 1051/1247.
[INFO] Enola: Solve for Rydberg stage 1052/1247.
[INFO] Enola: Solve for Rydberg stage 1053/1247.
[INFO] Enola: Solve for Rydberg stage 1054/1247.
[INFO] Enola: Solve for Rydberg stage 1055/1247.
[INFO] Enola: Solve for Rydberg stage 1056/1247.
[INFO] Enola: Solve for Rydberg stage 1057/1247.
[INFO] Enola: Solve for Rydberg stage 1058/1247.
[INFO] Enola: Solve for Rydberg stage 1059/1247.
[INFO] Enola: Solve for Rydberg stage 1060/1247.
[INFO] Enola: Solve for Rydberg stage 1061/1247.
[INFO] Enola: Solve for Rydberg stage 1062/1247.
[INFO] Enola: Solve for Rydberg stage 1063/1247.
[INFO] Enola: Solve for Rydberg stage 1064/1247.
[INFO] Enola: Solve for Rydberg stage 1065/1247.
[INFO] Enola: Solve for Rydberg stage 1066/1247.
[INFO] Enola: Solve for Rydberg stage 1067/1247.
[INFO] Enola: Solve for Rydberg stage 1068/1247.
[INFO] Enola: Solve for Rydberg stage 1069/1247.
[INFO] Enola: Solve for Rydberg stage 1070/1247.
[INFO] Enola: Solve for Rydberg stage 1071/1247.
[INFO] Enola: Solve for Rydberg stage 1072/1247.
[INFO] Enola: Solve for Rydberg stage 1073/1247.
[INFO] Enola: Solve for Rydberg stage 1074/1247.
[INFO] Enola: Solve for Rydberg stage 1075/1247.
[INFO] Enola: Solve for Rydberg stage 1076/1247.
[INFO] Enola: Solve for Rydberg stage 1077/1247.
[INFO] Enola: Solve for Rydberg stage 1078/1247.
[INFO] Enola: Solve for Rydberg stage 1079/1247.
[INFO] Enola: Solve for Rydberg stage 1080/1247.
[INFO] Enola: Solve for Rydberg stage 1081/1247.
[INFO] Enola: Solve for Rydberg stage 1082/1247.
[INFO] Enola: Solve for Rydberg stage 1083/1247.
[INFO] Enola: Solve for Rydberg stage 1084/1247.
[INFO] Enola: Solve for Rydberg stage 1085/1247.
[INFO] Enola: Solve for Rydberg stage 1086/1247.
[INFO] Enola: Solve for Rydberg stage 1087/1247.
[INFO] Enola: Solve for Rydberg stage 1088/1247.
[INFO] Enola: Solve for Rydberg stage 1089/1247.
[INFO] Enola: Solve for Rydberg stage 1090/1247.
[INFO] Enola: Solve for Rydberg stage 1091/1247.
[INFO] Enola: Solve for Rydberg stage 1092/1247.
[INFO] Enola: Solve for Rydberg stage 1093/1247.
[INFO] Enola: Solve for Rydberg stage 1094/1247.
[INFO] Enola: Solve for Rydberg stage 1095/1247.
[INFO] Enola: Solve for Rydberg stage 1096/1247.
[INFO] Enola: Solve for Rydberg stage 1097/1247.
[INFO] Enola: Solve for Rydberg stage 1098/1247.
[INFO] Enola: Solve for Rydberg stage 1099/1247.
[INFO] Enola: Solve for Rydberg stage 1100/1247.
[INFO] Enola: Solve for Rydberg stage 1101/1247.
[INFO] Enola: Solve for Rydberg stage 1102/1247.
[INFO] Enola: Solve for Rydberg stage 1103/1247.
[INFO] Enola: Solve for Rydberg stage 1104/1247.
[INFO] Enola: Solve for Rydberg stage 1105/1247.
[INFO] Enola: Solve for Rydberg stage 1106/1247.
[INFO] Enola: Solve for Rydberg stage 1107/1247.
[INFO] Enola: Solve for Rydberg stage 1108/1247.
[INFO] Enola: Solve for Rydberg stage 1109/1247.
[INFO] Enola: Solve for Rydberg stage 1110/1247.
[INFO] Enola: Solve for Rydberg stage 1111/1247.
[INFO] Enola: Solve for Rydberg stage 1112/1247.
[INFO] Enola: Solve for Rydberg stage 1113/1247.
[INFO] Enola: Solve for Rydberg stage 1114/1247.
[INFO] Enola: Solve for Rydberg stage 1115/1247.
[INFO] Enola: Solve for Rydberg stage 1116/1247.
[INFO] Enola: Solve for Rydberg stage 1117/1247.
[INFO] Enola: Solve for Rydberg stage 1118/1247.
[INFO] Enola: Solve for Rydberg stage 1119/1247.
[INFO] Enola: Solve for Rydberg stage 1120/1247.
[INFO] Enola: Solve for Rydberg stage 1121/1247.
[INFO] Enola: Solve for Rydberg stage 1122/1247.
[INFO] Enola: Solve for Rydberg stage 1123/1247.
[INFO] Enola: Solve for Rydberg stage 1124/1247.
[INFO] Enola: Solve for Rydberg stage 1125/1247.
[INFO] Enola: Solve for Rydberg stage 1126/1247.
[INFO] Enola: Solve for Rydberg stage 1127/1247.
[INFO] Enola: Solve for Rydberg stage 1128/1247.
[INFO] Enola: Solve for Rydberg stage 1129/1247.
[INFO] Enola: Solve for Rydberg stage 1130/1247.
[INFO] Enola: Solve for Rydberg stage 1131/1247.
[INFO] Enola: Solve for Rydberg stage 1132/1247.
[INFO] Enola: Solve for Rydberg stage 1133/1247.
[INFO] Enola: Solve for Rydberg stage 1134/1247.
[INFO] Enola: Solve for Rydberg stage 1135/1247.
[INFO] Enola: Solve for Rydberg stage 1136/1247.
[INFO] Enola: Solve for Rydberg stage 1137/1247.
[INFO] Enola: Solve for Rydberg stage 1138/1247.
[INFO] Enola: Solve for Rydberg stage 1139/1247.
[INFO] Enola: Solve for Rydberg stage 1140/1247.
[INFO] Enola: Solve for Rydberg stage 1141/1247.
[INFO] Enola: Solve for Rydberg stage 1142/1247.
[INFO] Enola: Solve for Rydberg stage 1143/1247.
[INFO] Enola: Solve for Rydberg stage 1144/1247.
[INFO] Enola: Solve for Rydberg stage 1145/1247.
[INFO] Enola: Solve for Rydberg stage 1146/1247.
[INFO] Enola: Solve for Rydberg stage 1147/1247.
[INFO] Enola: Solve for Rydberg stage 1148/1247.
[INFO] Enola: Solve for Rydberg stage 1149/1247.
[INFO] Enola: Solve for Rydberg stage 1150/1247.
[INFO] Enola: Solve for Rydberg stage 1151/1247.
[INFO] Enola: Solve for Rydberg stage 1152/1247.
[INFO] Enola: Solve for Rydberg stage 1153/1247.
[INFO] Enola: Solve for Rydberg stage 1154/1247.
[INFO] Enola: Solve for Rydberg stage 1155/1247.
[INFO] Enola: Solve for Rydberg stage 1156/1247.
[INFO] Enola: Solve for Rydberg stage 1157/1247.
[INFO] Enola: Solve for Rydberg stage 1158/1247.
[INFO] Enola: Solve for Rydberg stage 1159/1247.
[INFO] Enola: Solve for Rydberg stage 1160/1247.
[INFO] Enola: Solve for Rydberg stage 1161/1247.
[INFO] Enola: Solve for Rydberg stage 1162/1247.
[INFO] Enola: Solve for Rydberg stage 1163/1247.
[INFO] Enola: Solve for Rydberg stage 1164/1247.
[INFO] Enola: Solve for Rydberg stage 1165/1247.
[INFO] Enola: Solve for Rydberg stage 1166/1247.
[INFO] Enola: Solve for Rydberg stage 1167/1247.
[INFO] Enola: Solve for Rydberg stage 1168/1247.
[INFO] Enola: Solve for Rydberg stage 1169/1247.
[INFO] Enola: Solve for Rydberg stage 1170/1247.
[INFO] Enola: Solve for Rydberg stage 1171/1247.
[INFO] Enola: Solve for Rydberg stage 1172/1247.
[INFO] Enola: Solve for Rydberg stage 1173/1247.
[INFO] Enola: Solve for Rydberg stage 1174/1247.
[INFO] Enola: Solve for Rydberg stage 1175/1247.
[INFO] Enola: Solve for Rydberg stage 1176/1247.
[INFO] Enola: Solve for Rydberg stage 1177/1247.
[INFO] Enola: Solve for Rydberg stage 1178/1247.
[INFO] Enola: Solve for Rydberg stage 1179/1247.
[INFO] Enola: Solve for Rydberg stage 1180/1247.
[INFO] Enola: Solve for Rydberg stage 1181/1247.
[INFO] Enola: Solve for Rydberg stage 1182/1247.
[INFO] Enola: Solve for Rydberg stage 1183/1247.
[INFO] Enola: Solve for Rydberg stage 1184/1247.
[INFO] Enola: Solve for Rydberg stage 1185/1247.
[INFO] Enola: Solve for Rydberg stage 1186/1247.
[INFO] Enola: Solve for Rydberg stage 1187/1247.
[INFO] Enola: Solve for Rydberg stage 1188/1247.
[INFO] Enola: Solve for Rydberg stage 1189/1247.
[INFO] Enola: Solve for Rydberg stage 1190/1247.
[INFO] Enola: Solve for Rydberg stage 1191/1247.
[INFO] Enola: Solve for Rydberg stage 1192/1247.
[INFO] Enola: Solve for Rydberg stage 1193/1247.
[INFO] Enola: Solve for Rydberg stage 1194/1247.
[INFO] Enola: Solve for Rydberg stage 1195/1247.
[INFO] Enola: Solve for Rydberg stage 1196/1247.
[INFO] Enola: Solve for Rydberg stage 1197/1247.
[INFO] Enola: Solve for Rydberg stage 1198/1247.
[INFO] Enola: Solve for Rydberg stage 1199/1247.
[INFO] Enola: Solve for Rydberg stage 1200/1247.
[INFO] Enola: Solve for Rydberg stage 1201/1247.
[INFO] Enola: Solve for Rydberg stage 1202/1247.
[INFO] Enola: Solve for Rydberg stage 1203/1247.
[INFO] Enola: Solve for Rydberg stage 1204/1247.
[INFO] Enola: Solve for Rydberg stage 1205/1247.
[INFO] Enola: Solve for Rydberg stage 1206/1247.
[INFO] Enola: Solve for Rydberg stage 1207/1247.
[INFO] Enola: Solve for Rydberg stage 1208/1247.
[INFO] Enola: Solve for Rydberg stage 1209/1247.
[INFO] Enola: Solve for Rydberg stage 1210/1247.
[INFO] Enola: Solve for Rydberg stage 1211/1247.
[INFO] Enola: Solve for Rydberg stage 1212/1247.
[INFO] Enola: Solve for Rydberg stage 1213/1247.
[INFO] Enola: Solve for Rydberg stage 1214/1247.
[INFO] Enola: Solve for Rydberg stage 1215/1247.
[INFO] Enola: Solve for Rydberg stage 1216/1247.
[INFO] Enola: Solve for Rydberg stage 1217/1247.
[INFO] Enola: Solve for Rydberg stage 1218/1247.
[INFO] Enola: Solve for Rydberg stage 1219/1247.
[INFO] Enola: Solve for Rydberg stage 1220/1247.
[INFO] Enola: Solve for Rydberg stage 1221/1247.
[INFO] Enola: Solve for Rydberg stage 1222/1247.
[INFO] Enola: Solve for Rydberg stage 1223/1247.
[INFO] Enola: Solve for Rydberg stage 1224/1247.
[INFO] Enola: Solve for Rydberg stage 1225/1247.
[INFO] Enola: Solve for Rydberg stage 1226/1247.
[INFO] Enola: Solve for Rydberg stage 1227/1247.
[INFO] Enola: Solve for Rydberg stage 1228/1247.
[INFO] Enola: Solve for Rydberg stage 1229/1247.
[INFO] Enola: Solve for Rydberg stage 1230/1247.
[INFO] Enola: Solve for Rydberg stage 1231/1247.
[INFO] Enola: Solve for Rydberg stage 1232/1247.
[INFO] Enola: Solve for Rydberg stage 1233/1247.
[INFO] Enola: Solve for Rydberg stage 1234/1247.
[INFO] Enola: Solve for Rydberg stage 1235/1247.
[INFO] Enola: Solve for Rydberg stage 1236/1247.
[INFO] Enola: Solve for Rydberg stage 1237/1247.
[INFO] Enola: Solve for Rydberg stage 1238/1247.
[INFO] Enola: Solve for Rydberg stage 1239/1247.
[INFO] Enola: Solve for Rydberg stage 1240/1247.
[INFO] Enola: Solve for Rydberg stage 1241/1247.
[INFO] Enola: Solve for Rydberg stage 1242/1247.
[INFO] Enola: Solve for Rydberg stage 1243/1247.
[INFO] Enola: Solve for Rydberg stage 1244/1247.
[INFO] Enola: Solve for Rydberg stage 1245/1247.
[INFO] Enola: Solve for Rydberg stage 1246/1247.
[INFO] Enola: Solve for Rydberg stage 1247/1247.
[INFO] Enola: Solve for Rydberg stage 1248/1247.
[INFO] Enola: Time for routing: 0.4524722099304199s
[INFO] Enola: Total Time: 7.233647584915161s
Compilation successful.

2026-03-25 13:01:32,762 - BenchmarkManager - INFO - enola (run 1/1) - Running /u/halle/heiz/home_at/BachelorProject/benchmarks/uf_50-250_fix10/uf150-010.qasm
2026-03-25 13:01:32,762 - Compiler.enola - INFO - Array width: 100, Array height: 5, AOD columns: 250, AOD rows: 1
2026-03-25 13:01:48,130 - Compiler.enola - INFO - STDOUT:
[INFO] Enola: Start Solving
[INFO] Enola: Run scheduling
[INFO] Enola: Time for scheduling: 0.0020265579223632812s
100
[INFO] Enola: Time for placement: 1.7881393432617188e-05s
[INFO] Enola: Solve for Rydberg stage 2/2008.
[INFO] Enola: Solve for Rydberg stage 3/2008.
[INFO] Enola: Solve for Rydberg stage 4/2008.
[INFO] Enola: Solve for Rydberg stage 5/2008.
[INFO] Enola: Solve for Rydberg stage 6/2008.
[INFO] Enola: Solve for Rydberg stage 7/2008.
[INFO] Enola: Solve for Rydberg stage 8/2008.
[INFO] Enola: Solve for Rydberg stage 9/2008.
[INFO] Enola: Solve for Rydberg stage 10/2008.
[INFO] Enola: Solve for Rydberg stage 11/2008.
[INFO] Enola: Solve for Rydberg stage 12/2008.
[INFO] Enola: Solve for Rydberg stage 13/2008.
[INFO] Enola: Solve for Rydberg stage 14/2008.
[INFO] Enola: Solve for Rydberg stage 15/2008.
[INFO] Enola: Solve for Rydberg stage 16/2008.
[INFO] Enola: Solve for Rydberg stage 17/2008.
[INFO] Enola: Solve for Rydberg stage 18/2008.
[INFO] Enola: Solve for Rydberg stage 19/2008.
[INFO] Enola: Solve for Rydberg stage 20/2008.
[INFO] Enola: Solve for Rydberg stage 21/2008.
[INFO] Enola: Solve for Rydberg stage 22/2008.
[INFO] Enola: Solve for Rydberg stage 23/2008.
[INFO] Enola: Solve for Rydberg stage 24/2008.
[INFO] Enola: Solve for Rydberg stage 25/2008.
[INFO] Enola: Solve for Rydberg stage 26/2008.
[INFO] Enola: Solve for Rydberg stage 27/2008.
[INFO] Enola: Solve for Rydberg stage 28/2008.
[INFO] Enola: Solve for Rydberg stage 29/2008.
[INFO] Enola: Solve for Rydberg stage 30/2008.
[INFO] Enola: Solve for Rydberg stage 31/2008.
[INFO] Enola: Solve for Rydberg stage 32/2008.
[INFO] Enola: Solve for Rydberg stage 33/2008.
[INFO] Enola: Solve for Rydberg stage 34/2008.
[INFO] Enola: Solve for Rydberg stage 35/2008.
[INFO] Enola: Solve for Rydberg stage 36/2008.
[INFO] Enola: Solve for Rydberg stage 37/2008.
[INFO] Enola: Solve for Rydberg stage 38/2008.
[INFO] Enola: Solve for Rydberg stage 39/2008.
[INFO] Enola: Solve for Rydberg stage 40/2008.
[INFO] Enola: Solve for Rydberg stage 41/2008.
[INFO] Enola: Solve for Rydberg stage 42/2008.
[INFO] Enola: Solve for Rydberg stage 43/2008.
[INFO] Enola: Solve for Rydberg stage 44/2008.
[INFO] Enola: Solve for Rydberg stage 45/2008.
[INFO] Enola: Solve for Rydberg stage 46/2008.
[INFO] Enola: Solve for Rydberg stage 47/2008.
[INFO] Enola: Solve for Rydberg stage 48/2008.
[INFO] Enola: Solve for Rydberg stage 49/2008.
[INFO] Enola: Solve for Rydberg stage 50/2008.
[INFO] Enola: Solve for Rydberg stage 51/2008.
[INFO] Enola: Solve for Rydberg stage 52/2008.
[INFO] Enola: Solve for Rydberg stage 53/2008.
[INFO] Enola: Solve for Rydberg stage 54/2008.
[INFO] Enola: Solve for Rydberg stage 55/2008.
[INFO] Enola: Solve for Rydberg stage 56/2008.
[INFO] Enola: Solve for Rydberg stage 57/2008.
[INFO] Enola: Solve for Rydberg stage 58/2008.
[INFO] Enola: Solve for Rydberg stage 59/2008.
[INFO] Enola: Solve for Rydberg stage 60/2008.
[INFO] Enola: Solve for Rydberg stage 61/2008.
[INFO] Enola: Solve for Rydberg stage 62/2008.
[INFO] Enola: Solve for Rydberg stage 63/2008.
[INFO] Enola: Solve for Rydberg stage 64/2008.
[INFO] Enola: Solve for Rydberg stage 65/2008.
[INFO] Enola: Solve for Rydberg stage 66/2008.
[INFO] Enola: Solve for Rydberg stage 67/2008.
[INFO] Enola: Solve for Rydberg stage 68/2008.
[INFO] Enola: Solve for Rydberg stage 69/2008.
[INFO] Enola: Solve for Rydberg stage 70/2008.
[INFO] Enola: Solve for Rydberg stage 71/2008.
[INFO] Enola: Solve for Rydberg stage 72/2008.
[INFO] Enola: Solve for Rydberg stage 73/2008.
[INFO] Enola: Solve for Rydberg stage 74/2008.
[INFO] Enola: Solve for Rydberg stage 75/2008.
[INFO] Enola: Solve for Rydberg stage 76/2008.
[INFO] Enola: Solve for Rydberg stage 77/2008.
[INFO] Enola: Solve for Rydberg stage 78/2008.
[INFO] Enola: Solve for Rydberg stage 79/2008.
[INFO] Enola: Solve for Rydberg stage 80/2008.
[INFO] Enola: Solve for Rydberg stage 81/2008.
[INFO] Enola: Solve for Rydberg stage 82/2008.
[INFO] Enola: Solve for Rydberg stage 83/2008.
[INFO] Enola: Solve for Rydberg stage 84/2008.
[INFO] Enola: Solve for Rydberg stage 85/2008.
[INFO] Enola: Solve for Rydberg stage 86/2008.
[INFO] Enola: Solve for Rydberg stage 87/2008.
[INFO] Enola: Solve for Rydberg stage 88/2008.
[INFO] Enola: Solve for Rydberg stage 89/2008.
[INFO] Enola: Solve for Rydberg stage 90/2008.
[INFO] Enola: Solve for Rydberg stage 91/2008.
[INFO] Enola: Solve for Rydberg stage 92/2008.
[INFO] Enola: Solve for Rydberg stage 93/2008.
[INFO] Enola: Solve for Rydberg stage 94/2008.
[INFO] Enola: Solve for Rydberg stage 95/2008.
[INFO] Enola: Solve for Rydberg stage 96/2008.
[INFO] Enola: Solve for Rydberg stage 97/2008.
[INFO] Enola: Solve for Rydberg stage 98/2008.
[INFO] Enola: Solve for Rydberg stage 99/2008.
[INFO] Enola: Solve for Rydberg stage 100/2008.
[INFO] Enola: Solve for Rydberg stage 101/2008.
[INFO] Enola: Solve for Rydberg stage 102/2008.
[INFO] Enola: Solve for Rydberg stage 103/2008.
[INFO] Enola: Solve for Rydberg stage 104/2008.
[INFO] Enola: Solve for Rydberg stage 105/2008.
[INFO] Enola: Solve for Rydberg stage 106/2008.
[INFO] Enola: Solve for Rydberg stage 107/2008.
[INFO] Enola: Solve for Rydberg stage 108/2008.
[INFO] Enola: Solve for Rydberg stage 109/2008.
[INFO] Enola: Solve for Rydberg stage 110/2008.
[INFO] Enola: Solve for Rydberg stage 111/2008.
[INFO] Enola: Solve for Rydberg stage 112/2008.
[INFO] Enola: Solve for Rydberg stage 113/2008.
[INFO] Enola: Solve for Rydberg stage 114/2008.
[INFO] Enola: Solve for Rydberg stage 115/2008.
[INFO] Enola: Solve for Rydberg stage 116/2008.
[INFO] Enola: Solve for Rydberg stage 117/2008.
[INFO] Enola: Solve for Rydberg stage 118/2008.
[INFO] Enola: Solve for Rydberg stage 119/2008.
[INFO] Enola: Solve for Rydberg stage 120/2008.
[INFO] Enola: Solve for Rydberg stage 121/2008.
[INFO] Enola: Solve for Rydberg stage 122/2008.
[INFO] Enola: Solve for Rydberg stage 123/2008.
[INFO] Enola: Solve for Rydberg stage 124/2008.
[INFO] Enola: Solve for Rydberg stage 125/2008.
[INFO] Enola: Solve for Rydberg stage 126/2008.
[INFO] Enola: Solve for Rydberg stage 127/2008.
[INFO] Enola: Solve for Rydberg stage 128/2008.
[INFO] Enola: Solve for Rydberg stage 129/2008.
[INFO] Enola: Solve for Rydberg stage 130/2008.
[INFO] Enola: Solve for Rydberg stage 131/2008.
[INFO] Enola: Solve for Rydberg stage 132/2008.
[INFO] Enola: Solve for Rydberg stage 133/2008.
[INFO] Enola: Solve for Rydberg stage 134/2008.
[INFO] Enola: Solve for Rydberg stage 135/2008.
[INFO] Enola: Solve for Rydberg stage 136/2008.
[INFO] Enola: Solve for Rydberg stage 137/2008.
[INFO] Enola: Solve for Rydberg stage 138/2008.
[INFO] Enola: Solve for Rydberg stage 139/2008.
[INFO] Enola: Solve for Rydberg stage 140/2008.
[INFO] Enola: Solve for Rydberg stage 141/2008.
[INFO] Enola: Solve for Rydberg stage 142/2008.
[INFO] Enola: Solve for Rydberg stage 143/2008.
[INFO] Enola: Solve for Rydberg stage 144/2008.
[INFO] Enola: Solve for Rydberg stage 145/2008.
[INFO] Enola: Solve for Rydberg stage 146/2008.
[INFO] Enola: Solve for Rydberg stage 147/2008.
[INFO] Enola: Solve for Rydberg stage 148/2008.
[INFO] Enola: Solve for Rydberg stage 149/2008.
[INFO] Enola: Solve for Rydberg stage 150/2008.
[INFO] Enola: Solve for Rydberg stage 151/2008.
[INFO] Enola: Solve for Rydberg stage 152/2008.
[INFO] Enola: Solve for Rydberg stage 153/2008.
[INFO] Enola: Solve for Rydberg stage 154/2008.
[INFO] Enola: Solve for Rydberg stage 155/2008.
[INFO] Enola: Solve for Rydberg stage 156/2008.
[INFO] Enola: Solve for Rydberg stage 157/2008.
[INFO] Enola: Solve for Rydberg stage 158/2008.
[INFO] Enola: Solve for Rydberg stage 159/2008.
[INFO] Enola: Solve for Rydberg stage 160/2008.
[INFO] Enola: Solve for Rydberg stage 161/2008.
[INFO] Enola: Solve for Rydberg stage 162/2008.
[INFO] Enola: Solve for Rydberg stage 163/2008.
[INFO] Enola: Solve for Rydberg stage 164/2008.
[INFO] Enola: Solve for Rydberg stage 165/2008.
[INFO] Enola: Solve for Rydberg stage 166/2008.
[INFO] Enola: Solve for Rydberg stage 167/2008.
[INFO] Enola: Solve for Rydberg stage 168/2008.
[INFO] Enola: Solve for Rydberg stage 169/2008.
[INFO] Enola: Solve for Rydberg stage 170/2008.
[INFO] Enola: Solve for Rydberg stage 171/2008.
[INFO] Enola: Solve for Rydberg stage 172/2008.
[INFO] Enola: Solve for Rydberg stage 173/2008.
[INFO] Enola: Solve for Rydberg stage 174/2008.
[INFO] Enola: Solve for Rydberg stage 175/2008.
[INFO] Enola: Solve for Rydberg stage 176/2008.
[INFO] Enola: Solve for Rydberg stage 177/2008.
[INFO] Enola: Solve for Rydberg stage 178/2008.
[INFO] Enola: Solve for Rydberg stage 179/2008.
[INFO] Enola: Solve for Rydberg stage 180/2008.
[INFO] Enola: Solve for Rydberg stage 181/2008.
[INFO] Enola: Solve for Rydberg stage 182/2008.
[INFO] Enola: Solve for Rydberg stage 183/2008.
[INFO] Enola: Solve for Rydberg stage 184/2008.
[INFO] Enola: Solve for Rydberg stage 185/2008.
[INFO] Enola: Solve for Rydberg stage 186/2008.
[INFO] Enola: Solve for Rydberg stage 187/2008.
[INFO] Enola: Solve for Rydberg stage 188/2008.
[INFO] Enola: Solve for Rydberg stage 189/2008.
[INFO] Enola: Solve for Rydberg stage 190/2008.
[INFO] Enola: Solve for Rydberg stage 191/2008.
[INFO] Enola: Solve for Rydberg stage 192/2008.
[INFO] Enola: Solve for Rydberg stage 193/2008.
[INFO] Enola: Solve for Rydberg stage 194/2008.
[INFO] Enola: Solve for Rydberg stage 195/2008.
[INFO] Enola: Solve for Rydberg stage 196/2008.
[INFO] Enola: Solve for Rydberg stage 197/2008.
[INFO] Enola: Solve for Rydberg stage 198/2008.
[INFO] Enola: Solve for Rydberg stage 199/2008.
[INFO] Enola: Solve for Rydberg stage 200/2008.
[INFO] Enola: Solve for Rydberg stage 201/2008.
[INFO] Enola: Solve for Rydberg stage 202/2008.
[INFO] Enola: Solve for Rydberg stage 203/2008.
[INFO] Enola: Solve for Rydberg stage 204/2008.
[INFO] Enola: Solve for Rydberg stage 205/2008.
[INFO] Enola: Solve for Rydberg stage 206/2008.
[INFO] Enola: Solve for Rydberg stage 207/2008.
[INFO] Enola: Solve for Rydberg stage 208/2008.
[INFO] Enola: Solve for Rydberg stage 209/2008.
[INFO] Enola: Solve for Rydberg stage 210/2008.
[INFO] Enola: Solve for Rydberg stage 211/2008.
[INFO] Enola: Solve for Rydberg stage 212/2008.
[INFO] Enola: Solve for Rydberg stage 213/2008.
[INFO] Enola: Solve for Rydberg stage 214/2008.
[INFO] Enola: Solve for Rydberg stage 215/2008.
[INFO] Enola: Solve for Rydberg stage 216/2008.
[INFO] Enola: Solve for Rydberg stage 217/2008.
[INFO] Enola: Solve for Rydberg stage 218/2008.
[INFO] Enola: Solve for Rydberg stage 219/2008.
[INFO] Enola: Solve for Rydberg stage 220/2008.
[INFO] Enola: Solve for Rydberg stage 221/2008.
[INFO] Enola: Solve for Rydberg stage 222/2008.
[INFO] Enola: Solve for Rydberg stage 223/2008.
[INFO] Enola: Solve for Rydberg stage 224/2008.
[INFO] Enola: Solve for Rydberg stage 225/2008.
[INFO] Enola: Solve for Rydberg stage 226/2008.
[INFO] Enola: Solve for Rydberg stage 227/2008.
[INFO] Enola: Solve for Rydberg stage 228/2008.
[INFO] Enola: Solve for Rydberg stage 229/2008.
[INFO] Enola: Solve for Rydberg stage 230/2008.
[INFO] Enola: Solve for Rydberg stage 231/2008.
[INFO] Enola: Solve for Rydberg stage 232/2008.
[INFO] Enola: Solve for Rydberg stage 233/2008.
[INFO] Enola: Solve for Rydberg stage 234/2008.
[INFO] Enola: Solve for Rydberg stage 235/2008.
[INFO] Enola: Solve for Rydberg stage 236/2008.
[INFO] Enola: Solve for Rydberg stage 237/2008.
[INFO] Enola: Solve for Rydberg stage 238/2008.
[INFO] Enola: Solve for Rydberg stage 239/2008.
[INFO] Enola: Solve for Rydberg stage 240/2008.
[INFO] Enola: Solve for Rydberg stage 241/2008.
[INFO] Enola: Solve for Rydberg stage 242/2008.
[INFO] Enola: Solve for Rydberg stage 243/2008.
[INFO] Enola: Solve for Rydberg stage 244/2008.
[INFO] Enola: Solve for Rydberg stage 245/2008.
[INFO] Enola: Solve for Rydberg stage 246/2008.
[INFO] Enola: Solve for Rydberg stage 247/2008.
[INFO] Enola: Solve for Rydberg stage 248/2008.
[INFO] Enola: Solve for Rydberg stage 249/2008.
[INFO] Enola: Solve for Rydberg stage 250/2008.
[INFO] Enola: Solve for Rydberg stage 251/2008.
[INFO] Enola: Solve for Rydberg stage 252/2008.
[INFO] Enola: Solve for Rydberg stage 253/2008.
[INFO] Enola: Solve for Rydberg stage 254/2008.
[INFO] Enola: Solve for Rydberg stage 255/2008.
[INFO] Enola: Solve for Rydberg stage 256/2008.
[INFO] Enola: Solve for Rydberg stage 257/2008.
[INFO] Enola: Solve for Rydberg stage 258/2008.
[INFO] Enola: Solve for Rydberg stage 259/2008.
[INFO] Enola: Solve for Rydberg stage 260/2008.
[INFO] Enola: Solve for Rydberg stage 261/2008.
[INFO] Enola: Solve for Rydberg stage 262/2008.
[INFO] Enola: Solve for Rydberg stage 263/2008.
[INFO] Enola: Solve for Rydberg stage 264/2008.
[INFO] Enola: Solve for Rydberg stage 265/2008.
[INFO] Enola: Solve for Rydberg stage 266/2008.
[INFO] Enola: Solve for Rydberg stage 267/2008.
[INFO] Enola: Solve for Rydberg stage 268/2008.
[INFO] Enola: Solve for Rydberg stage 269/2008.
[INFO] Enola: Solve for Rydberg stage 270/2008.
[INFO] Enola: Solve for Rydberg stage 271/2008.
[INFO] Enola: Solve for Rydberg stage 272/2008.
[INFO] Enola: Solve for Rydberg stage 273/2008.
[INFO] Enola: Solve for Rydberg stage 274/2008.
[INFO] Enola: Solve for Rydberg stage 275/2008.
[INFO] Enola: Solve for Rydberg stage 276/2008.
[INFO] Enola: Solve for Rydberg stage 277/2008.
[INFO] Enola: Solve for Rydberg stage 278/2008.
[INFO] Enola: Solve for Rydberg stage 279/2008.
[INFO] Enola: Solve for Rydberg stage 280/2008.
[INFO] Enola: Solve for Rydberg stage 281/2008.
[INFO] Enola: Solve for Rydberg stage 282/2008.
[INFO] Enola: Solve for Rydberg stage 283/2008.
[INFO] Enola: Solve for Rydberg stage 284/2008.
[INFO] Enola: Solve for Rydberg stage 285/2008.
[INFO] Enola: Solve for Rydberg stage 286/2008.
[INFO] Enola: Solve for Rydberg stage 287/2008.
[INFO] Enola: Solve for Rydberg stage 288/2008.
[INFO] Enola: Solve for Rydberg stage 289/2008.
[INFO] Enola: Solve for Rydberg stage 290/2008.
[INFO] Enola: Solve for Rydberg stage 291/2008.
[INFO] Enola: Solve for Rydberg stage 292/2008.
[INFO] Enola: Solve for Rydberg stage 293/2008.
[INFO] Enola: Solve for Rydberg stage 294/2008.
[INFO] Enola: Solve for Rydberg stage 295/2008.
[INFO] Enola: Solve for Rydberg stage 296/2008.
[INFO] Enola: Solve for Rydberg stage 297/2008.
[INFO] Enola: Solve for Rydberg stage 298/2008.
[INFO] Enola: Solve for Rydberg stage 299/2008.
[INFO] Enola: Solve for Rydberg stage 300/2008.
[INFO] Enola: Solve for Rydberg stage 301/2008.
[INFO] Enola: Solve for Rydberg stage 302/2008.
[INFO] Enola: Solve for Rydberg stage 303/2008.
[INFO] Enola: Solve for Rydberg stage 304/2008.
[INFO] Enola: Solve for Rydberg stage 305/2008.
[INFO] Enola: Solve for Rydberg stage 306/2008.
[INFO] Enola: Solve for Rydberg stage 307/2008.
[INFO] Enola: Solve for Rydberg stage 308/2008.
[INFO] Enola: Solve for Rydberg stage 309/2008.
[INFO] Enola: Solve for Rydberg stage 310/2008.
[INFO] Enola: Solve for Rydberg stage 311/2008.
[INFO] Enola: Solve for Rydberg stage 312/2008.
[INFO] Enola: Solve for Rydberg stage 313/2008.
[INFO] Enola: Solve for Rydberg stage 314/2008.
[INFO] Enola: Solve for Rydberg stage 315/2008.
[INFO] Enola: Solve for Rydberg stage 316/2008.
[INFO] Enola: Solve for Rydberg stage 317/2008.
[INFO] Enola: Solve for Rydberg stage 318/2008.
[INFO] Enola: Solve for Rydberg stage 319/2008.
[INFO] Enola: Solve for Rydberg stage 320/2008.
[INFO] Enola: Solve for Rydberg stage 321/2008.
[INFO] Enola: Solve for Rydberg stage 322/2008.
[INFO] Enola: Solve for Rydberg stage 323/2008.
[INFO] Enola: Solve for Rydberg stage 324/2008.
[INFO] Enola: Solve for Rydberg stage 325/2008.
[INFO] Enola: Solve for Rydberg stage 326/2008.
[INFO] Enola: Solve for Rydberg stage 327/2008.
[INFO] Enola: Solve for Rydberg stage 328/2008.
[INFO] Enola: Solve for Rydberg stage 329/2008.
[INFO] Enola: Solve for Rydberg stage 330/2008.
[INFO] Enola: Solve for Rydberg stage 331/2008.
[INFO] Enola: Solve for Rydberg stage 332/2008.
[INFO] Enola: Solve for Rydberg stage 333/2008.
[INFO] Enola: Solve for Rydberg stage 334/2008.
[INFO] Enola: Solve for Rydberg stage 335/2008.
[INFO] Enola: Solve for Rydberg stage 336/2008.
[INFO] Enola: Solve for Rydberg stage 337/2008.
[INFO] Enola: Solve for Rydberg stage 338/2008.
[INFO] Enola: Solve for Rydberg stage 339/2008.
[INFO] Enola: Solve for Rydberg stage 340/2008.
[INFO] Enola: Solve for Rydberg stage 341/2008.
[INFO] Enola: Solve for Rydberg stage 342/2008.
[INFO] Enola: Solve for Rydberg stage 343/2008.
[INFO] Enola: Solve for Rydberg stage 344/2008.
[INFO] Enola: Solve for Rydberg stage 345/2008.
[INFO] Enola: Solve for Rydberg stage 346/2008.
[INFO] Enola: Solve for Rydberg stage 347/2008.
[INFO] Enola: Solve for Rydberg stage 348/2008.
[INFO] Enola: Solve for Rydberg stage 349/2008.
[INFO] Enola: Solve for Rydberg stage 350/2008.
[INFO] Enola: Solve for Rydberg stage 351/2008.
[INFO] Enola: Solve for Rydberg stage 352/2008.
[INFO] Enola: Solve for Rydberg stage 353/2008.
[INFO] Enola: Solve for Rydberg stage 354/2008.
[INFO] Enola: Solve for Rydberg stage 355/2008.
[INFO] Enola: Solve for Rydberg stage 356/2008.
[INFO] Enola: Solve for Rydberg stage 357/2008.
[INFO] Enola: Solve for Rydberg stage 358/2008.
[INFO] Enola: Solve for Rydberg stage 359/2008.
[INFO] Enola: Solve for Rydberg stage 360/2008.
[INFO] Enola: Solve for Rydberg stage 361/2008.
[INFO] Enola: Solve for Rydberg stage 362/2008.
[INFO] Enola: Solve for Rydberg stage 363/2008.
[INFO] Enola: Solve for Rydberg stage 364/2008.
[INFO] Enola: Solve for Rydberg stage 365/2008.
[INFO] Enola: Solve for Rydberg stage 366/2008.
[INFO] Enola: Solve for Rydberg stage 367/2008.
[INFO] Enola: Solve for Rydberg stage 368/2008.
[INFO] Enola: Solve for Rydberg stage 369/2008.
[INFO] Enola: Solve for Rydberg stage 370/2008.
[INFO] Enola: Solve for Rydberg stage 371/2008.
[INFO] Enola: Solve for Rydberg stage 372/2008.
[INFO] Enola: Solve for Rydberg stage 373/2008.
[INFO] Enola: Solve for Rydberg stage 374/2008.
[INFO] Enola: Solve for Rydberg stage 375/2008.
[INFO] Enola: Solve for Rydberg stage 376/2008.
[INFO] Enola: Solve for Rydberg stage 377/2008.
[INFO] Enola: Solve for Rydberg stage 378/2008.
[INFO] Enola: Solve for Rydberg stage 379/2008.
[INFO] Enola: Solve for Rydberg stage 380/2008.
[INFO] Enola: Solve for Rydberg stage 381/2008.
[INFO] Enola: Solve for Rydberg stage 382/2008.
[INFO] Enola: Solve for Rydberg stage 383/2008.
[INFO] Enola: Solve for Rydberg stage 384/2008.
[INFO] Enola: Solve for Rydberg stage 385/2008.
[INFO] Enola: Solve for Rydberg stage 386/2008.
[INFO] Enola: Solve for Rydberg stage 387/2008.
[INFO] Enola: Solve for Rydberg stage 388/2008.
[INFO] Enola: Solve for Rydberg stage 389/2008.
[INFO] Enola: Solve for Rydberg stage 390/2008.
[INFO] Enola: Solve for Rydberg stage 391/2008.
[INFO] Enola: Solve for Rydberg stage 392/2008.
[INFO] Enola: Solve for Rydberg stage 393/2008.
[INFO] Enola: Solve for Rydberg stage 394/2008.
[INFO] Enola: Solve for Rydberg stage 395/2008.
[INFO] Enola: Solve for Rydberg stage 396/2008.
[INFO] Enola: Solve for Rydberg stage 397/2008.
[INFO] Enola: Solve for Rydberg stage 398/2008.
[INFO] Enola: Solve for Rydberg stage 399/2008.
[INFO] Enola: Solve for Rydberg stage 400/2008.
[INFO] Enola: Solve for Rydberg stage 401/2008.
[INFO] Enola: Solve for Rydberg stage 402/2008.
[INFO] Enola: Solve for Rydberg stage 403/2008.
[INFO] Enola: Solve for Rydberg stage 404/2008.
[INFO] Enola: Solve for Rydberg stage 405/2008.
[INFO] Enola: Solve for Rydberg stage 406/2008.
[INFO] Enola: Solve for Rydberg stage 407/2008.
[INFO] Enola: Solve for Rydberg stage 408/2008.
[INFO] Enola: Solve for Rydberg stage 409/2008.
[INFO] Enola: Solve for Rydberg stage 410/2008.
[INFO] Enola: Solve for Rydberg stage 411/2008.
[INFO] Enola: Solve for Rydberg stage 412/2008.
[INFO] Enola: Solve for Rydberg stage 413/2008.
[INFO] Enola: Solve for Rydberg stage 414/2008.
[INFO] Enola: Solve for Rydberg stage 415/2008.
[INFO] Enola: Solve for Rydberg stage 416/2008.
[INFO] Enola: Solve for Rydberg stage 417/2008.
[INFO] Enola: Solve for Rydberg stage 418/2008.
[INFO] Enola: Solve for Rydberg stage 419/2008.
[INFO] Enola: Solve for Rydberg stage 420/2008.
[INFO] Enola: Solve for Rydberg stage 421/2008.
[INFO] Enola: Solve for Rydberg stage 422/2008.
[INFO] Enola: Solve for Rydberg stage 423/2008.
[INFO] Enola: Solve for Rydberg stage 424/2008.
[INFO] Enola: Solve for Rydberg stage 425/2008.
[INFO] Enola: Solve for Rydberg stage 426/2008.
[INFO] Enola: Solve for Rydberg stage 427/2008.
[INFO] Enola: Solve for Rydberg stage 428/2008.
[INFO] Enola: Solve for Rydberg stage 429/2008.
[INFO] Enola: Solve for Rydberg stage 430/2008.
[INFO] Enola: Solve for Rydberg stage 431/2008.
[INFO] Enola: Solve for Rydberg stage 432/2008.
[INFO] Enola: Solve for Rydberg stage 433/2008.
[INFO] Enola: Solve for Rydberg stage 434/2008.
[INFO] Enola: Solve for Rydberg stage 435/2008.
[INFO] Enola: Solve for Rydberg stage 436/2008.
[INFO] Enola: Solve for Rydberg stage 437/2008.
[INFO] Enola: Solve for Rydberg stage 438/2008.
[INFO] Enola: Solve for Rydberg stage 439/2008.
[INFO] Enola: Solve for Rydberg stage 440/2008.
[INFO] Enola: Solve for Rydberg stage 441/2008.
[INFO] Enola: Solve for Rydberg stage 442/2008.
[INFO] Enola: Solve for Rydberg stage 443/2008.
[INFO] Enola: Solve for Rydberg stage 444/2008.
[INFO] Enola: Solve for Rydberg stage 445/2008.
[INFO] Enola: Solve for Rydberg stage 446/2008.
[INFO] Enola: Solve for Rydberg stage 447/2008.
[INFO] Enola: Solve for Rydberg stage 448/2008.
[INFO] Enola: Solve for Rydberg stage 449/2008.
[INFO] Enola: Solve for Rydberg stage 450/2008.
[INFO] Enola: Solve for Rydberg stage 451/2008.
[INFO] Enola: Solve for Rydberg stage 452/2008.
[INFO] Enola: Solve for Rydberg stage 453/2008.
[INFO] Enola: Solve for Rydberg stage 454/2008.
[INFO] Enola: Solve for Rydberg stage 455/2008.
[INFO] Enola: Solve for Rydberg stage 456/2008.
[INFO] Enola: Solve for Rydberg stage 457/2008.
[INFO] Enola: Solve for Rydberg stage 458/2008.
[INFO] Enola: Solve for Rydberg stage 459/2008.
[INFO] Enola: Solve for Rydberg stage 460/2008.
[INFO] Enola: Solve for Rydberg stage 461/2008.
[INFO] Enola: Solve for Rydberg stage 462/2008.
[INFO] Enola: Solve for Rydberg stage 463/2008.
[INFO] Enola: Solve for Rydberg stage 464/2008.
[INFO] Enola: Solve for Rydberg stage 465/2008.
[INFO] Enola: Solve for Rydberg stage 466/2008.
[INFO] Enola: Solve for Rydberg stage 467/2008.
[INFO] Enola: Solve for Rydberg stage 468/2008.
[INFO] Enola: Solve for Rydberg stage 469/2008.
[INFO] Enola: Solve for Rydberg stage 470/2008.
[INFO] Enola: Solve for Rydberg stage 471/2008.
[INFO] Enola: Solve for Rydberg stage 472/2008.
[INFO] Enola: Solve for Rydberg stage 473/2008.
[INFO] Enola: Solve for Rydberg stage 474/2008.
[INFO] Enola: Solve for Rydberg stage 475/2008.
[INFO] Enola: Solve for Rydberg stage 476/2008.
[INFO] Enola: Solve for Rydberg stage 477/2008.
[INFO] Enola: Solve for Rydberg stage 478/2008.
[INFO] Enola: Solve for Rydberg stage 479/2008.
[INFO] Enola: Solve for Rydberg stage 480/2008.
[INFO] Enola: Solve for Rydberg stage 481/2008.
[INFO] Enola: Solve for Rydberg stage 482/2008.
[INFO] Enola: Solve for Rydberg stage 483/2008.
[INFO] Enola: Solve for Rydberg stage 484/2008.
[INFO] Enola: Solve for Rydberg stage 485/2008.
[INFO] Enola: Solve for Rydberg stage 486/2008.
[INFO] Enola: Solve for Rydberg stage 487/2008.
[INFO] Enola: Solve for Rydberg stage 488/2008.
[INFO] Enola: Solve for Rydberg stage 489/2008.
[INFO] Enola: Solve for Rydberg stage 490/2008.
[INFO] Enola: Solve for Rydberg stage 491/2008.
[INFO] Enola: Solve for Rydberg stage 492/2008.
[INFO] Enola: Solve for Rydberg stage 493/2008.
[INFO] Enola: Solve for Rydberg stage 494/2008.
[INFO] Enola: Solve for Rydberg stage 495/2008.
[INFO] Enola: Solve for Rydberg stage 496/2008.
[INFO] Enola: Solve for Rydberg stage 497/2008.
[INFO] Enola: Solve for Rydberg stage 498/2008.
[INFO] Enola: Solve for Rydberg stage 499/2008.
[INFO] Enola: Solve for Rydberg stage 500/2008.
[INFO] Enola: Solve for Rydberg stage 501/2008.
[INFO] Enola: Solve for Rydberg stage 502/2008.
[INFO] Enola: Solve for Rydberg stage 503/2008.
[INFO] Enola: Solve for Rydberg stage 504/2008.
[INFO] Enola: Solve for Rydberg stage 505/2008.
[INFO] Enola: Solve for Rydberg stage 506/2008.
[INFO] Enola: Solve for Rydberg stage 507/2008.
[INFO] Enola: Solve for Rydberg stage 508/2008.
[INFO] Enola: Solve for Rydberg stage 509/2008.
[INFO] Enola: Solve for Rydberg stage 510/2008.
[INFO] Enola: Solve for Rydberg stage 511/2008.
[INFO] Enola: Solve for Rydberg stage 512/2008.
[INFO] Enola: Solve for Rydberg stage 513/2008.
[INFO] Enola: Solve for Rydberg stage 514/2008.
[INFO] Enola: Solve for Rydberg stage 515/2008.
[INFO] Enola: Solve for Rydberg stage 516/2008.
[INFO] Enola: Solve for Rydberg stage 517/2008.
[INFO] Enola: Solve for Rydberg stage 518/2008.
[INFO] Enola: Solve for Rydberg stage 519/2008.
[INFO] Enola: Solve for Rydberg stage 520/2008.
[INFO] Enola: Solve for Rydberg stage 521/2008.
[INFO] Enola: Solve for Rydberg stage 522/2008.
[INFO] Enola: Solve for Rydberg stage 523/2008.
[INFO] Enola: Solve for Rydberg stage 524/2008.
[INFO] Enola: Solve for Rydberg stage 525/2008.
[INFO] Enola: Solve for Rydberg stage 526/2008.
[INFO] Enola: Solve for Rydberg stage 527/2008.
[INFO] Enola: Solve for Rydberg stage 528/2008.
[INFO] Enola: Solve for Rydberg stage 529/2008.
[INFO] Enola: Solve for Rydberg stage 530/2008.
[INFO] Enola: Solve for Rydberg stage 531/2008.
[INFO] Enola: Solve for Rydberg stage 532/2008.
[INFO] Enola: Solve for Rydberg stage 533/2008.
[INFO] Enola: Solve for Rydberg stage 534/2008.
[INFO] Enola: Solve for Rydberg stage 535/2008.
[INFO] Enola: Solve for Rydberg stage 536/2008.
[INFO] Enola: Solve for Rydberg stage 537/2008.
[INFO] Enola: Solve for Rydberg stage 538/2008.
[INFO] Enola: Solve for Rydberg stage 539/2008.
[INFO] Enola: Solve for Rydberg stage 540/2008.
[INFO] Enola: Solve for Rydberg stage 541/2008.
[INFO] Enola: Solve for Rydberg stage 542/2008.
[INFO] Enola: Solve for Rydberg stage 543/2008.
[INFO] Enola: Solve for Rydberg stage 544/2008.
[INFO] Enola: Solve for Rydberg stage 545/2008.
[INFO] Enola: Solve for Rydberg stage 546/2008.
[INFO] Enola: Solve for Rydberg stage 547/2008.
[INFO] Enola: Solve for Rydberg stage 548/2008.
[INFO] Enola: Solve for Rydberg stage 549/2008.
[INFO] Enola: Solve for Rydberg stage 550/2008.
[INFO] Enola: Solve for Rydberg stage 551/2008.
[INFO] Enola: Solve for Rydberg stage 552/2008.
[INFO] Enola: Solve for Rydberg stage 553/2008.
[INFO] Enola: Solve for Rydberg stage 554/2008.
[INFO] Enola: Solve for Rydberg stage 555/2008.
[INFO] Enola: Solve for Rydberg stage 556/2008.
[INFO] Enola: Solve for Rydberg stage 557/2008.
[INFO] Enola: Solve for Rydberg stage 558/2008.
[INFO] Enola: Solve for Rydberg stage 559/2008.
[INFO] Enola: Solve for Rydberg stage 560/2008.
[INFO] Enola: Solve for Rydberg stage 561/2008.
[INFO] Enola: Solve for Rydberg stage 562/2008.
[INFO] Enola: Solve for Rydberg stage 563/2008.
[INFO] Enola: Solve for Rydberg stage 564/2008.
[INFO] Enola: Solve for Rydberg stage 565/2008.
[INFO] Enola: Solve for Rydberg stage 566/2008.
[INFO] Enola: Solve for Rydberg stage 567/2008.
[INFO] Enola: Solve for Rydberg stage 568/2008.
[INFO] Enola: Solve for Rydberg stage 569/2008.
[INFO] Enola: Solve for Rydberg stage 570/2008.
[INFO] Enola: Solve for Rydberg stage 571/2008.
[INFO] Enola: Solve for Rydberg stage 572/2008.
[INFO] Enola: Solve for Rydberg stage 573/2008.
[INFO] Enola: Solve for Rydberg stage 574/2008.
[INFO] Enola: Solve for Rydberg stage 575/2008.
[INFO] Enola: Solve for Rydberg stage 576/2008.
[INFO] Enola: Solve for Rydberg stage 577/2008.
[INFO] Enola: Solve for Rydberg stage 578/2008.
[INFO] Enola: Solve for Rydberg stage 579/2008.
[INFO] Enola: Solve for Rydberg stage 580/2008.
[INFO] Enola: Solve for Rydberg stage 581/2008.
[INFO] Enola: Solve for Rydberg stage 582/2008.
[INFO] Enola: Solve for Rydberg stage 583/2008.
[INFO] Enola: Solve for Rydberg stage 584/2008.
[INFO] Enola: Solve for Rydberg stage 585/2008.
[INFO] Enola: Solve for Rydberg stage 586/2008.
[INFO] Enola: Solve for Rydberg stage 587/2008.
[INFO] Enola: Solve for Rydberg stage 588/2008.
[INFO] Enola: Solve for Rydberg stage 589/2008.
[INFO] Enola: Solve for Rydberg stage 590/2008.
[INFO] Enola: Solve for Rydberg stage 591/2008.
[INFO] Enola: Solve for Rydberg stage 592/2008.
[INFO] Enola: Solve for Rydberg stage 593/2008.
[INFO] Enola: Solve for Rydberg stage 594/2008.
[INFO] Enola: Solve for Rydberg stage 595/2008.
[INFO] Enola: Solve for Rydberg stage 596/2008.
[INFO] Enola: Solve for Rydberg stage 597/2008.
[INFO] Enola: Solve for Rydberg stage 598/2008.
[INFO] Enola: Solve for Rydberg stage 599/2008.
[INFO] Enola: Solve for Rydberg stage 600/2008.
[INFO] Enola: Solve for Rydberg stage 601/2008.
[INFO] Enola: Solve for Rydberg stage 602/2008.
[INFO] Enola: Solve for Rydberg stage 603/2008.
[INFO] Enola: Solve for Rydberg stage 604/2008.
[INFO] Enola: Solve for Rydberg stage 605/2008.
[INFO] Enola: Solve for Rydberg stage 606/2008.
[INFO] Enola: Solve for Rydberg stage 607/2008.
[INFO] Enola: Solve for Rydberg stage 608/2008.
[INFO] Enola: Solve for Rydberg stage 609/2008.
[INFO] Enola: Solve for Rydberg stage 610/2008.
[INFO] Enola: Solve for Rydberg stage 611/2008.
[INFO] Enola: Solve for Rydberg stage 612/2008.
[INFO] Enola: Solve for Rydberg stage 613/2008.
[INFO] Enola: Solve for Rydberg stage 614/2008.
[INFO] Enola: Solve for Rydberg stage 615/2008.
[INFO] Enola: Solve for Rydberg stage 616/2008.
[INFO] Enola: Solve for Rydberg stage 617/2008.
[INFO] Enola: Solve for Rydberg stage 618/2008.
[INFO] Enola: Solve for Rydberg stage 619/2008.
[INFO] Enola: Solve for Rydberg stage 620/2008.
[INFO] Enola: Solve for Rydberg stage 621/2008.
[INFO] Enola: Solve for Rydberg stage 622/2008.
[INFO] Enola: Solve for Rydberg stage 623/2008.
[INFO] Enola: Solve for Rydberg stage 624/2008.
[INFO] Enola: Solve for Rydberg stage 625/2008.
[INFO] Enola: Solve for Rydberg stage 626/2008.
[INFO] Enola: Solve for Rydberg stage 627/2008.
[INFO] Enola: Solve for Rydberg stage 628/2008.
[INFO] Enola: Solve for Rydberg stage 629/2008.
[INFO] Enola: Solve for Rydberg stage 630/2008.
[INFO] Enola: Solve for Rydberg stage 631/2008.
[INFO] Enola: Solve for Rydberg stage 632/2008.
[INFO] Enola: Solve for Rydberg stage 633/2008.
[INFO] Enola: Solve for Rydberg stage 634/2008.
[INFO] Enola: Solve for Rydberg stage 635/2008.
[INFO] Enola: Solve for Rydberg stage 636/2008.
[INFO] Enola: Solve for Rydberg stage 637/2008.
[INFO] Enola: Solve for Rydberg stage 638/2008.
[INFO] Enola: Solve for Rydberg stage 639/2008.
[INFO] Enola: Solve for Rydberg stage 640/2008.
[INFO] Enola: Solve for Rydberg stage 641/2008.
[INFO] Enola: Solve for Rydberg stage 642/2008.
[INFO] Enola: Solve for Rydberg stage 643/2008.
[INFO] Enola: Solve for Rydberg stage 644/2008.
[INFO] Enola: Solve for Rydberg stage 645/2008.
[INFO] Enola: Solve for Rydberg stage 646/2008.
[INFO] Enola: Solve for Rydberg stage 647/2008.
[INFO] Enola: Solve for Rydberg stage 648/2008.
[INFO] Enola: Solve for Rydberg stage 649/2008.
[INFO] Enola: Solve for Rydberg stage 650/2008.
[INFO] Enola: Solve for Rydberg stage 651/2008.
[INFO] Enola: Solve for Rydberg stage 652/2008.
[INFO] Enola: Solve for Rydberg stage 653/2008.
[INFO] Enola: Solve for Rydberg stage 654/2008.
[INFO] Enola: Solve for Rydberg stage 655/2008.
[INFO] Enola: Solve for Rydberg stage 656/2008.
[INFO] Enola: Solve for Rydberg stage 657/2008.
[INFO] Enola: Solve for Rydberg stage 658/2008.
[INFO] Enola: Solve for Rydberg stage 659/2008.
[INFO] Enola: Solve for Rydberg stage 660/2008.
[INFO] Enola: Solve for Rydberg stage 661/2008.
[INFO] Enola: Solve for Rydberg stage 662/2008.
[INFO] Enola: Solve for Rydberg stage 663/2008.
[INFO] Enola: Solve for Rydberg stage 664/2008.
[INFO] Enola: Solve for Rydberg stage 665/2008.
[INFO] Enola: Solve for Rydberg stage 666/2008.
[INFO] Enola: Solve for Rydberg stage 667/2008.
[INFO] Enola: Solve for Rydberg stage 668/2008.
[INFO] Enola: Solve for Rydberg stage 669/2008.
[INFO] Enola: Solve for Rydberg stage 670/2008.
[INFO] Enola: Solve for Rydberg stage 671/2008.
[INFO] Enola: Solve for Rydberg stage 672/2008.
[INFO] Enola: Solve for Rydberg stage 673/2008.
[INFO] Enola: Solve for Rydberg stage 674/2008.
[INFO] Enola: Solve for Rydberg stage 675/2008.
[INFO] Enola: Solve for Rydberg stage 676/2008.
[INFO] Enola: Solve for Rydberg stage 677/2008.
[INFO] Enola: Solve for Rydberg stage 678/2008.
[INFO] Enola: Solve for Rydberg stage 679/2008.
[INFO] Enola: Solve for Rydberg stage 680/2008.
[INFO] Enola: Solve for Rydberg stage 681/2008.
[INFO] Enola: Solve for Rydberg stage 682/2008.
[INFO] Enola: Solve for Rydberg stage 683/2008.
[INFO] Enola: Solve for Rydberg stage 684/2008.
[INFO] Enola: Solve for Rydberg stage 685/2008.
[INFO] Enola: Solve for Rydberg stage 686/2008.
[INFO] Enola: Solve for Rydberg stage 687/2008.
[INFO] Enola: Solve for Rydberg stage 688/2008.
[INFO] Enola: Solve for Rydberg stage 689/2008.
[INFO] Enola: Solve for Rydberg stage 690/2008.
[INFO] Enola: Solve for Rydberg stage 691/2008.
[INFO] Enola: Solve for Rydberg stage 692/2008.
[INFO] Enola: Solve for Rydberg stage 693/2008.
[INFO] Enola: Solve for Rydberg stage 694/2008.
[INFO] Enola: Solve for Rydberg stage 695/2008.
[INFO] Enola: Solve for Rydberg stage 696/2008.
[INFO] Enola: Solve for Rydberg stage 697/2008.
[INFO] Enola: Solve for Rydberg stage 698/2008.
[INFO] Enola: Solve for Rydberg stage 699/2008.
[INFO] Enola: Solve for Rydberg stage 700/2008.
[INFO] Enola: Solve for Rydberg stage 701/2008.
[INFO] Enola: Solve for Rydberg stage 702/2008.
[INFO] Enola: Solve for Rydberg stage 703/2008.
[INFO] Enola: Solve for Rydberg stage 704/2008.
[INFO] Enola: Solve for Rydberg stage 705/2008.
[INFO] Enola: Solve for Rydberg stage 706/2008.
[INFO] Enola: Solve for Rydberg stage 707/2008.
[INFO] Enola: Solve for Rydberg stage 708/2008.
[INFO] Enola: Solve for Rydberg stage 709/2008.
[INFO] Enola: Solve for Rydberg stage 710/2008.
[INFO] Enola: Solve for Rydberg stage 711/2008.
[INFO] Enola: Solve for Rydberg stage 712/2008.
[INFO] Enola: Solve for Rydberg stage 713/2008.
[INFO] Enola: Solve for Rydberg stage 714/2008.
[INFO] Enola: Solve for Rydberg stage 715/2008.
[INFO] Enola: Solve for Rydberg stage 716/2008.
[INFO] Enola: Solve for Rydberg stage 717/2008.
[INFO] Enola: Solve for Rydberg stage 718/2008.
[INFO] Enola: Solve for Rydberg stage 719/2008.
[INFO] Enola: Solve for Rydberg stage 720/2008.
[INFO] Enola: Solve for Rydberg stage 721/2008.
[INFO] Enola: Solve for Rydberg stage 722/2008.
[INFO] Enola: Solve for Rydberg stage 723/2008.
[INFO] Enola: Solve for Rydberg stage 724/2008.
[INFO] Enola: Solve for Rydberg stage 725/2008.
[INFO] Enola: Solve for Rydberg stage 726/2008.
[INFO] Enola: Solve for Rydberg stage 727/2008.
[INFO] Enola: Solve for Rydberg stage 728/2008.
[INFO] Enola: Solve for Rydberg stage 729/2008.
[INFO] Enola: Solve for Rydberg stage 730/2008.
[INFO] Enola: Solve for Rydberg stage 731/2008.
[INFO] Enola: Solve for Rydberg stage 732/2008.
[INFO] Enola: Solve for Rydberg stage 733/2008.
[INFO] Enola: Solve for Rydberg stage 734/2008.
[INFO] Enola: Solve for Rydberg stage 735/2008.
[INFO] Enola: Solve for Rydberg stage 736/2008.
[INFO] Enola: Solve for Rydberg stage 737/2008.
[INFO] Enola: Solve for Rydberg stage 738/2008.
[INFO] Enola: Solve for Rydberg stage 739/2008.
[INFO] Enola: Solve for Rydberg stage 740/2008.
[INFO] Enola: Solve for Rydberg stage 741/2008.
[INFO] Enola: Solve for Rydberg stage 742/2008.
[INFO] Enola: Solve for Rydberg stage 743/2008.
[INFO] Enola: Solve for Rydberg stage 744/2008.
[INFO] Enola: Solve for Rydberg stage 745/2008.
[INFO] Enola: Solve for Rydberg stage 746/2008.
[INFO] Enola: Solve for Rydberg stage 747/2008.
[INFO] Enola: Solve for Rydberg stage 748/2008.
[INFO] Enola: Solve for Rydberg stage 749/2008.
[INFO] Enola: Solve for Rydberg stage 750/2008.
[INFO] Enola: Solve for Rydberg stage 751/2008.
[INFO] Enola: Solve for Rydberg stage 752/2008.
[INFO] Enola: Solve for Rydberg stage 753/2008.
[INFO] Enola: Solve for Rydberg stage 754/2008.
[INFO] Enola: Solve for Rydberg stage 755/2008.
[INFO] Enola: Solve for Rydberg stage 756/2008.
[INFO] Enola: Solve for Rydberg stage 757/2008.
[INFO] Enola: Solve for Rydberg stage 758/2008.
[INFO] Enola: Solve for Rydberg stage 759/2008.
[INFO] Enola: Solve for Rydberg stage 760/2008.
[INFO] Enola: Solve for Rydberg stage 761/2008.
[INFO] Enola: Solve for Rydberg stage 762/2008.
[INFO] Enola: Solve for Rydberg stage 763/2008.
[INFO] Enola: Solve for Rydberg stage 764/2008.
[INFO] Enola: Solve for Rydberg stage 765/2008.
[INFO] Enola: Solve for Rydberg stage 766/2008.
[INFO] Enola: Solve for Rydberg stage 767/2008.
[INFO] Enola: Solve for Rydberg stage 768/2008.
[INFO] Enola: Solve for Rydberg stage 769/2008.
[INFO] Enola: Solve for Rydberg stage 770/2008.
[INFO] Enola: Solve for Rydberg stage 771/2008.
[INFO] Enola: Solve for Rydberg stage 772/2008.
[INFO] Enola: Solve for Rydberg stage 773/2008.
[INFO] Enola: Solve for Rydberg stage 774/2008.
[INFO] Enola: Solve for Rydberg stage 775/2008.
[INFO] Enola: Solve for Rydberg stage 776/2008.
[INFO] Enola: Solve for Rydberg stage 777/2008.
[INFO] Enola: Solve for Rydberg stage 778/2008.
[INFO] Enola: Solve for Rydberg stage 779/2008.
[INFO] Enola: Solve for Rydberg stage 780/2008.
[INFO] Enola: Solve for Rydberg stage 781/2008.
[INFO] Enola: Solve for Rydberg stage 782/2008.
[INFO] Enola: Solve for Rydberg stage 783/2008.
[INFO] Enola: Solve for Rydberg stage 784/2008.
[INFO] Enola: Solve for Rydberg stage 785/2008.
[INFO] Enola: Solve for Rydberg stage 786/2008.
[INFO] Enola: Solve for Rydberg stage 787/2008.
[INFO] Enola: Solve for Rydberg stage 788/2008.
[INFO] Enola: Solve for Rydberg stage 789/2008.
[INFO] Enola: Solve for Rydberg stage 790/2008.
[INFO] Enola: Solve for Rydberg stage 791/2008.
[INFO] Enola: Solve for Rydberg stage 792/2008.
[INFO] Enola: Solve for Rydberg stage 793/2008.
[INFO] Enola: Solve for Rydberg stage 794/2008.
[INFO] Enola: Solve for Rydberg stage 795/2008.
[INFO] Enola: Solve for Rydberg stage 796/2008.
[INFO] Enola: Solve for Rydberg stage 797/2008.
[INFO] Enola: Solve for Rydberg stage 798/2008.
[INFO] Enola: Solve for Rydberg stage 799/2008.
[INFO] Enola: Solve for Rydberg stage 800/2008.
[INFO] Enola: Solve for Rydberg stage 801/2008.
[INFO] Enola: Solve for Rydberg stage 802/2008.
[INFO] Enola: Solve for Rydberg stage 803/2008.
[INFO] Enola: Solve for Rydberg stage 804/2008.
[INFO] Enola: Solve for Rydberg stage 805/2008.
[INFO] Enola: Solve for Rydberg stage 806/2008.
[INFO] Enola: Solve for Rydberg stage 807/2008.
[INFO] Enola: Solve for Rydberg stage 808/2008.
[INFO] Enola: Solve for Rydberg stage 809/2008.
[INFO] Enola: Solve for Rydberg stage 810/2008.
[INFO] Enola: Solve for Rydberg stage 811/2008.
[INFO] Enola: Solve for Rydberg stage 812/2008.
[INFO] Enola: Solve for Rydberg stage 813/2008.
[INFO] Enola: Solve for Rydberg stage 814/2008.
[INFO] Enola: Solve for Rydberg stage 815/2008.
[INFO] Enola: Solve for Rydberg stage 816/2008.
[INFO] Enola: Solve for Rydberg stage 817/2008.
[INFO] Enola: Solve for Rydberg stage 818/2008.
[INFO] Enola: Solve for Rydberg stage 819/2008.
[INFO] Enola: Solve for Rydberg stage 820/2008.
[INFO] Enola: Solve for Rydberg stage 821/2008.
[INFO] Enola: Solve for Rydberg stage 822/2008.
[INFO] Enola: Solve for Rydberg stage 823/2008.
[INFO] Enola: Solve for Rydberg stage 824/2008.
[INFO] Enola: Solve for Rydberg stage 825/2008.
[INFO] Enola: Solve for Rydberg stage 826/2008.
[INFO] Enola: Solve for Rydberg stage 827/2008.
[INFO] Enola: Solve for Rydberg stage 828/2008.
[INFO] Enola: Solve for Rydberg stage 829/2008.
[INFO] Enola: Solve for Rydberg stage 830/2008.
[INFO] Enola: Solve for Rydberg stage 831/2008.
[INFO] Enola: Solve for Rydberg stage 832/2008.
[INFO] Enola: Solve for Rydberg stage 833/2008.
[INFO] Enola: Solve for Rydberg stage 834/2008.
[INFO] Enola: Solve for Rydberg stage 835/2008.
[INFO] Enola: Solve for Rydberg stage 836/2008.
[INFO] Enola: Solve for Rydberg stage 837/2008.
[INFO] Enola: Solve for Rydberg stage 838/2008.
[INFO] Enola: Solve for Rydberg stage 839/2008.
[INFO] Enola: Solve for Rydberg stage 840/2008.
[INFO] Enola: Solve for Rydberg stage 841/2008.
[INFO] Enola: Solve for Rydberg stage 842/2008.
[INFO] Enola: Solve for Rydberg stage 843/2008.
[INFO] Enola: Solve for Rydberg stage 844/2008.
[INFO] Enola: Solve for Rydberg stage 845/2008.
[INFO] Enola: Solve for Rydberg stage 846/2008.
[INFO] Enola: Solve for Rydberg stage 847/2008.
[INFO] Enola: Solve for Rydberg stage 848/2008.
[INFO] Enola: Solve for Rydberg stage 849/2008.
[INFO] Enola: Solve for Rydberg stage 850/2008.
[INFO] Enola: Solve for Rydberg stage 851/2008.
[INFO] Enola: Solve for Rydberg stage 852/2008.
[INFO] Enola: Solve for Rydberg stage 853/2008.
[INFO] Enola: Solve for Rydberg stage 854/2008.
[INFO] Enola: Solve for Rydberg stage 855/2008.
[INFO] Enola: Solve for Rydberg stage 856/2008.
[INFO] Enola: Solve for Rydberg stage 857/2008.
[INFO] Enola: Solve for Rydberg stage 858/2008.
[INFO] Enola: Solve for Rydberg stage 859/2008.
[INFO] Enola: Solve for Rydberg stage 860/2008.
[INFO] Enola: Solve for Rydberg stage 861/2008.
[INFO] Enola: Solve for Rydberg stage 862/2008.
[INFO] Enola: Solve for Rydberg stage 863/2008.
[INFO] Enola: Solve for Rydberg stage 864/2008.
[INFO] Enola: Solve for Rydberg stage 865/2008.
[INFO] Enola: Solve for Rydberg stage 866/2008.
[INFO] Enola: Solve for Rydberg stage 867/2008.
[INFO] Enola: Solve for Rydberg stage 868/2008.
[INFO] Enola: Solve for Rydberg stage 869/2008.
[INFO] Enola: Solve for Rydberg stage 870/2008.
[INFO] Enola: Solve for Rydberg stage 871/2008.
[INFO] Enola: Solve for Rydberg stage 872/2008.
[INFO] Enola: Solve for Rydberg stage 873/2008.
[INFO] Enola: Solve for Rydberg stage 874/2008.
[INFO] Enola: Solve for Rydberg stage 875/2008.
[INFO] Enola: Solve for Rydberg stage 876/2008.
[INFO] Enola: Solve for Rydberg stage 877/2008.
[INFO] Enola: Solve for Rydberg stage 878/2008.
[INFO] Enola: Solve for Rydberg stage 879/2008.
[INFO] Enola: Solve for Rydberg stage 880/2008.
[INFO] Enola: Solve for Rydberg stage 881/2008.
[INFO] Enola: Solve for Rydberg stage 882/2008.
[INFO] Enola: Solve for Rydberg stage 883/2008.
[INFO] Enola: Solve for Rydberg stage 884/2008.
[INFO] Enola: Solve for Rydberg stage 885/2008.
[INFO] Enola: Solve for Rydberg stage 886/2008.
[INFO] Enola: Solve for Rydberg stage 887/2008.
[INFO] Enola: Solve for Rydberg stage 888/2008.
[INFO] Enola: Solve for Rydberg stage 889/2008.
[INFO] Enola: Solve for Rydberg stage 890/2008.
[INFO] Enola: Solve for Rydberg stage 891/2008.
[INFO] Enola: Solve for Rydberg stage 892/2008.
[INFO] Enola: Solve for Rydberg stage 893/2008.
[INFO] Enola: Solve for Rydberg stage 894/2008.
[INFO] Enola: Solve for Rydberg stage 895/2008.
[INFO] Enola: Solve for Rydberg stage 896/2008.
[INFO] Enola: Solve for Rydberg stage 897/2008.
[INFO] Enola: Solve for Rydberg stage 898/2008.
[INFO] Enola: Solve for Rydberg stage 899/2008.
[INFO] Enola: Solve for Rydberg stage 900/2008.
[INFO] Enola: Solve for Rydberg stage 901/2008.
[INFO] Enola: Solve for Rydberg stage 902/2008.
[INFO] Enola: Solve for Rydberg stage 903/2008.
[INFO] Enola: Solve for Rydberg stage 904/2008.
[INFO] Enola: Solve for Rydberg stage 905/2008.
[INFO] Enola: Solve for Rydberg stage 906/2008.
[INFO] Enola: Solve for Rydberg stage 907/2008.
[INFO] Enola: Solve for Rydberg stage 908/2008.
[INFO] Enola: Solve for Rydberg stage 909/2008.
[INFO] Enola: Solve for Rydberg stage 910/2008.
[INFO] Enola: Solve for Rydberg stage 911/2008.
[INFO] Enola: Solve for Rydberg stage 912/2008.
[INFO] Enola: Solve for Rydberg stage 913/2008.
[INFO] Enola: Solve for Rydberg stage 914/2008.
[INFO] Enola: Solve for Rydberg stage 915/2008.
[INFO] Enola: Solve for Rydberg stage 916/2008.
[INFO] Enola: Solve for Rydberg stage 917/2008.
[INFO] Enola: Solve for Rydberg stage 918/2008.
[INFO] Enola: Solve for Rydberg stage 919/2008.
[INFO] Enola: Solve for Rydberg stage 920/2008.
[INFO] Enola: Solve for Rydberg stage 921/2008.
[INFO] Enola: Solve for Rydberg stage 922/2008.
[INFO] Enola: Solve for Rydberg stage 923/2008.
[INFO] Enola: Solve for Rydberg stage 924/2008.
[INFO] Enola: Solve for Rydberg stage 925/2008.
[INFO] Enola: Solve for Rydberg stage 926/2008.
[INFO] Enola: Solve for Rydberg stage 927/2008.
[INFO] Enola: Solve for Rydberg stage 928/2008.
[INFO] Enola: Solve for Rydberg stage 929/2008.
[INFO] Enola: Solve for Rydberg stage 930/2008.
[INFO] Enola: Solve for Rydberg stage 931/2008.
[INFO] Enola: Solve for Rydberg stage 932/2008.
[INFO] Enola: Solve for Rydberg stage 933/2008.
[INFO] Enola: Solve for Rydberg stage 934/2008.
[INFO] Enola: Solve for Rydberg stage 935/2008.
[INFO] Enola: Solve for Rydberg stage 936/2008.
[INFO] Enola: Solve for Rydberg stage 937/2008.
[INFO] Enola: Solve for Rydberg stage 938/2008.
[INFO] Enola: Solve for Rydberg stage 939/2008.
[INFO] Enola: Solve for Rydberg stage 940/2008.
[INFO] Enola: Solve for Rydberg stage 941/2008.
[INFO] Enola: Solve for Rydberg stage 942/2008.
[INFO] Enola: Solve for Rydberg stage 943/2008.
[INFO] Enola: Solve for Rydberg stage 944/2008.
[INFO] Enola: Solve for Rydberg stage 945/2008.
[INFO] Enola: Solve for Rydberg stage 946/2008.
[INFO] Enola: Solve for Rydberg stage 947/2008.
[INFO] Enola: Solve for Rydberg stage 948/2008.
[INFO] Enola: Solve for Rydberg stage 949/2008.
[INFO] Enola: Solve for Rydberg stage 950/2008.
[INFO] Enola: Solve for Rydberg stage 951/2008.
[INFO] Enola: Solve for Rydberg stage 952/2008.
[INFO] Enola: Solve for Rydberg stage 953/2008.
[INFO] Enola: Solve for Rydberg stage 954/2008.
[INFO] Enola: Solve for Rydberg stage 955/2008.
[INFO] Enola: Solve for Rydberg stage 956/2008.
[INFO] Enola: Solve for Rydberg stage 957/2008.
[INFO] Enola: Solve for Rydberg stage 958/2008.
[INFO] Enola: Solve for Rydberg stage 959/2008.
[INFO] Enola: Solve for Rydberg stage 960/2008.
[INFO] Enola: Solve for Rydberg stage 961/2008.
[INFO] Enola: Solve for Rydberg stage 962/2008.
[INFO] Enola: Solve for Rydberg stage 963/2008.
[INFO] Enola: Solve for Rydberg stage 964/2008.
[INFO] Enola: Solve for Rydberg stage 965/2008.
[INFO] Enola: Solve for Rydberg stage 966/2008.
[INFO] Enola: Solve for Rydberg stage 967/2008.
[INFO] Enola: Solve for Rydberg stage 968/2008.
[INFO] Enola: Solve for Rydberg stage 969/2008.
[INFO] Enola: Solve for Rydberg stage 970/2008.
[INFO] Enola: Solve for Rydberg stage 971/2008.
[INFO] Enola: Solve for Rydberg stage 972/2008.
[INFO] Enola: Solve for Rydberg stage 973/2008.
[INFO] Enola: Solve for Rydberg stage 974/2008.
[INFO] Enola: Solve for Rydberg stage 975/2008.
[INFO] Enola: Solve for Rydberg stage 976/2008.
[INFO] Enola: Solve for Rydberg stage 977/2008.
[INFO] Enola: Solve for Rydberg stage 978/2008.
[INFO] Enola: Solve for Rydberg stage 979/2008.
[INFO] Enola: Solve for Rydberg stage 980/2008.
[INFO] Enola: Solve for Rydberg stage 981/2008.
[INFO] Enola: Solve for Rydberg stage 982/2008.
[INFO] Enola: Solve for Rydberg stage 983/2008.
[INFO] Enola: Solve for Rydberg stage 984/2008.
[INFO] Enola: Solve for Rydberg stage 985/2008.
[INFO] Enola: Solve for Rydberg stage 986/2008.
[INFO] Enola: Solve for Rydberg stage 987/2008.
[INFO] Enola: Solve for Rydberg stage 988/2008.
[INFO] Enola: Solve for Rydberg stage 989/2008.
[INFO] Enola: Solve for Rydberg stage 990/2008.
[INFO] Enola: Solve for Rydberg stage 991/2008.
[INFO] Enola: Solve for Rydberg stage 992/2008.
[INFO] Enola: Solve for Rydberg stage 993/2008.
[INFO] Enola: Solve for Rydberg stage 994/2008.
[INFO] Enola: Solve for Rydberg stage 995/2008.
[INFO] Enola: Solve for Rydberg stage 996/2008.
[INFO] Enola: Solve for Rydberg stage 997/2008.
[INFO] Enola: Solve for Rydberg stage 998/2008.
[INFO] Enola: Solve for Rydberg stage 999/2008.
[INFO] Enola: Solve for Rydberg stage 1000/2008.
[INFO] Enola: Solve for Rydberg stage 1001/2008.
[INFO] Enola: Solve for Rydberg stage 1002/2008.
[INFO] Enola: Solve for Rydberg stage 1003/2008.
[INFO] Enola: Solve for Rydberg stage 1004/2008.
[INFO] Enola: Solve for Rydberg stage 1005/2008.
[INFO] Enola: Solve for Rydberg stage 1006/2008.
[INFO] Enola: Solve for Rydberg stage 1007/2008.
[INFO] Enola: Solve for Rydberg stage 1008/2008.
[INFO] Enola: Solve for Rydberg stage 1009/2008.
[INFO] Enola: Solve for Rydberg stage 1010/2008.
[INFO] Enola: Solve for Rydberg stage 1011/2008.
[INFO] Enola: Solve for Rydberg stage 1012/2008.
[INFO] Enola: Solve for Rydberg stage 1013/2008.
[INFO] Enola: Solve for Rydberg stage 1014/2008.
[INFO] Enola: Solve for Rydberg stage 1015/2008.
[INFO] Enola: Solve for Rydberg stage 1016/2008.
[INFO] Enola: Solve for Rydberg stage 1017/2008.
[INFO] Enola: Solve for Rydberg stage 1018/2008.
[INFO] Enola: Solve for Rydberg stage 1019/2008.
[INFO] Enola: Solve for Rydberg stage 1020/2008.
[INFO] Enola: Solve for Rydberg stage 1021/2008.
[INFO] Enola: Solve for Rydberg stage 1022/2008.
[INFO] Enola: Solve for Rydberg stage 1023/2008.
[INFO] Enola: Solve for Rydberg stage 1024/2008.
[INFO] Enola: Solve for Rydberg stage 1025/2008.
[INFO] Enola: Solve for Rydberg stage 1026/2008.
[INFO] Enola: Solve for Rydberg stage 1027/2008.
[INFO] Enola: Solve for Rydberg stage 1028/2008.
[INFO] Enola: Solve for Rydberg stage 1029/2008.
[INFO] Enola: Solve for Rydberg stage 1030/2008.
[INFO] Enola: Solve for Rydberg stage 1031/2008.
[INFO] Enola: Solve for Rydberg stage 1032/2008.
[INFO] Enola: Solve for Rydberg stage 1033/2008.
[INFO] Enola: Solve for Rydberg stage 1034/2008.
[INFO] Enola: Solve for Rydberg stage 1035/2008.
[INFO] Enola: Solve for Rydberg stage 1036/2008.
[INFO] Enola: Solve for Rydberg stage 1037/2008.
[INFO] Enola: Solve for Rydberg stage 1038/2008.
[INFO] Enola: Solve for Rydberg stage 1039/2008.
[INFO] Enola: Solve for Rydberg stage 1040/2008.
[INFO] Enola: Solve for Rydberg stage 1041/2008.
[INFO] Enola: Solve for Rydberg stage 1042/2008.
[INFO] Enola: Solve for Rydberg stage 1043/2008.
[INFO] Enola: Solve for Rydberg stage 1044/2008.
[INFO] Enola: Solve for Rydberg stage 1045/2008.
[INFO] Enola: Solve for Rydberg stage 1046/2008.
[INFO] Enola: Solve for Rydberg stage 1047/2008.
[INFO] Enola: Solve for Rydberg stage 1048/2008.
[INFO] Enola: Solve for Rydberg stage 1049/2008.
[INFO] Enola: Solve for Rydberg stage 1050/2008.
[INFO] Enola: Solve for Rydberg stage 1051/2008.
[INFO] Enola: Solve for Rydberg stage 1052/2008.
[INFO] Enola: Solve for Rydberg stage 1053/2008.
[INFO] Enola: Solve for Rydberg stage 1054/2008.
[INFO] Enola: Solve for Rydberg stage 1055/2008.
[INFO] Enola: Solve for Rydberg stage 1056/2008.
[INFO] Enola: Solve for Rydberg stage 1057/2008.
[INFO] Enola: Solve for Rydberg stage 1058/2008.
[INFO] Enola: Solve for Rydberg stage 1059/2008.
[INFO] Enola: Solve for Rydberg stage 1060/2008.
[INFO] Enola: Solve for Rydberg stage 1061/2008.
[INFO] Enola: Solve for Rydberg stage 1062/2008.
[INFO] Enola: Solve for Rydberg stage 1063/2008.
[INFO] Enola: Solve for Rydberg stage 1064/2008.
[INFO] Enola: Solve for Rydberg stage 1065/2008.
[INFO] Enola: Solve for Rydberg stage 1066/2008.
[INFO] Enola: Solve for Rydberg stage 1067/2008.
[INFO] Enola: Solve for Rydberg stage 1068/2008.
[INFO] Enola: Solve for Rydberg stage 1069/2008.
[INFO] Enola: Solve for Rydberg stage 1070/2008.
[INFO] Enola: Solve for Rydberg stage 1071/2008.
[INFO] Enola: Solve for Rydberg stage 1072/2008.
[INFO] Enola: Solve for Rydberg stage 1073/2008.
[INFO] Enola: Solve for Rydberg stage 1074/2008.
[INFO] Enola: Solve for Rydberg stage 1075/2008.
[INFO] Enola: Solve for Rydberg stage 1076/2008.
[INFO] Enola: Solve for Rydberg stage 1077/2008.
[INFO] Enola: Solve for Rydberg stage 1078/2008.
[INFO] Enola: Solve for Rydberg stage 1079/2008.
[INFO] Enola: Solve for Rydberg stage 1080/2008.
[INFO] Enola: Solve for Rydberg stage 1081/2008.
[INFO] Enola: Solve for Rydberg stage 1082/2008.
[INFO] Enola: Solve for Rydberg stage 1083/2008.
[INFO] Enola: Solve for Rydberg stage 1084/2008.
[INFO] Enola: Solve for Rydberg stage 1085/2008.
[INFO] Enola: Solve for Rydberg stage 1086/2008.
[INFO] Enola: Solve for Rydberg stage 1087/2008.
[INFO] Enola: Solve for Rydberg stage 1088/2008.
[INFO] Enola: Solve for Rydberg stage 1089/2008.
[INFO] Enola: Solve for Rydberg stage 1090/2008.
[INFO] Enola: Solve for Rydberg stage 1091/2008.
[INFO] Enola: Solve for Rydberg stage 1092/2008.
[INFO] Enola: Solve for Rydberg stage 1093/2008.
[INFO] Enola: Solve for Rydberg stage 1094/2008.
[INFO] Enola: Solve for Rydberg stage 1095/2008.
[INFO] Enola: Solve for Rydberg stage 1096/2008.
[INFO] Enola: Solve for Rydberg stage 1097/2008.
[INFO] Enola: Solve for Rydberg stage 1098/2008.
[INFO] Enola: Solve for Rydberg stage 1099/2008.
[INFO] Enola: Solve for Rydberg stage 1100/2008.
[INFO] Enola: Solve for Rydberg stage 1101/2008.
[INFO] Enola: Solve for Rydberg stage 1102/2008.
[INFO] Enola: Solve for Rydberg stage 1103/2008.
[INFO] Enola: Solve for Rydberg stage 1104/2008.
[INFO] Enola: Solve for Rydberg stage 1105/2008.
[INFO] Enola: Solve for Rydberg stage 1106/2008.
[INFO] Enola: Solve for Rydberg stage 1107/2008.
[INFO] Enola: Solve for Rydberg stage 1108/2008.
[INFO] Enola: Solve for Rydberg stage 1109/2008.
[INFO] Enola: Solve for Rydberg stage 1110/2008.
[INFO] Enola: Solve for Rydberg stage 1111/2008.
[INFO] Enola: Solve for Rydberg stage 1112/2008.
[INFO] Enola: Solve for Rydberg stage 1113/2008.
[INFO] Enola: Solve for Rydberg stage 1114/2008.
[INFO] Enola: Solve for Rydberg stage 1115/2008.
[INFO] Enola: Solve for Rydberg stage 1116/2008.
[INFO] Enola: Solve for Rydberg stage 1117/2008.
[INFO] Enola: Solve for Rydberg stage 1118/2008.
[INFO] Enola: Solve for Rydberg stage 1119/2008.
[INFO] Enola: Solve for Rydberg stage 1120/2008.
[INFO] Enola: Solve for Rydberg stage 1121/2008.
[INFO] Enola: Solve for Rydberg stage 1122/2008.
[INFO] Enola: Solve for Rydberg stage 1123/2008.
[INFO] Enola: Solve for Rydberg stage 1124/2008.
[INFO] Enola: Solve for Rydberg stage 1125/2008.
[INFO] Enola: Solve for Rydberg stage 1126/2008.
[INFO] Enola: Solve for Rydberg stage 1127/2008.
[INFO] Enola: Solve for Rydberg stage 1128/2008.
[INFO] Enola: Solve for Rydberg stage 1129/2008.
[INFO] Enola: Solve for Rydberg stage 1130/2008.
[INFO] Enola: Solve for Rydberg stage 1131/2008.
[INFO] Enola: Solve for Rydberg stage 1132/2008.
[INFO] Enola: Solve for Rydberg stage 1133/2008.
[INFO] Enola: Solve for Rydberg stage 1134/2008.
[INFO] Enola: Solve for Rydberg stage 1135/2008.
[INFO] Enola: Solve for Rydberg stage 1136/2008.
[INFO] Enola: Solve for Rydberg stage 1137/2008.
[INFO] Enola: Solve for Rydberg stage 1138/2008.
[INFO] Enola: Solve for Rydberg stage 1139/2008.
[INFO] Enola: Solve for Rydberg stage 1140/2008.
[INFO] Enola: Solve for Rydberg stage 1141/2008.
[INFO] Enola: Solve for Rydberg stage 1142/2008.
[INFO] Enola: Solve for Rydberg stage 1143/2008.
[INFO] Enola: Solve for Rydberg stage 1144/2008.
[INFO] Enola: Solve for Rydberg stage 1145/2008.
[INFO] Enola: Solve for Rydberg stage 1146/2008.
[INFO] Enola: Solve for Rydberg stage 1147/2008.
[INFO] Enola: Solve for Rydberg stage 1148/2008.
[INFO] Enola: Solve for Rydberg stage 1149/2008.
[INFO] Enola: Solve for Rydberg stage 1150/2008.
[INFO] Enola: Solve for Rydberg stage 1151/2008.
[INFO] Enola: Solve for Rydberg stage 1152/2008.
[INFO] Enola: Solve for Rydberg stage 1153/2008.
[INFO] Enola: Solve for Rydberg stage 1154/2008.
[INFO] Enola: Solve for Rydberg stage 1155/2008.
[INFO] Enola: Solve for Rydberg stage 1156/2008.
[INFO] Enola: Solve for Rydberg stage 1157/2008.
[INFO] Enola: Solve for Rydberg stage 1158/2008.
[INFO] Enola: Solve for Rydberg stage 1159/2008.
[INFO] Enola: Solve for Rydberg stage 1160/2008.
[INFO] Enola: Solve for Rydberg stage 1161/2008.
[INFO] Enola: Solve for Rydberg stage 1162/2008.
[INFO] Enola: Solve for Rydberg stage 1163/2008.
[INFO] Enola: Solve for Rydberg stage 1164/2008.
[INFO] Enola: Solve for Rydberg stage 1165/2008.
[INFO] Enola: Solve for Rydberg stage 1166/2008.
[INFO] Enola: Solve for Rydberg stage 1167/2008.
[INFO] Enola: Solve for Rydberg stage 1168/2008.
[INFO] Enola: Solve for Rydberg stage 1169/2008.
[INFO] Enola: Solve for Rydberg stage 1170/2008.
[INFO] Enola: Solve for Rydberg stage 1171/2008.
[INFO] Enola: Solve for Rydberg stage 1172/2008.
[INFO] Enola: Solve for Rydberg stage 1173/2008.
[INFO] Enola: Solve for Rydberg stage 1174/2008.
[INFO] Enola: Solve for Rydberg stage 1175/2008.
[INFO] Enola: Solve for Rydberg stage 1176/2008.
[INFO] Enola: Solve for Rydberg stage 1177/2008.
[INFO] Enola: Solve for Rydberg stage 1178/2008.
[INFO] Enola: Solve for Rydberg stage 1179/2008.
[INFO] Enola: Solve for Rydberg stage 1180/2008.
[INFO] Enola: Solve for Rydberg stage 1181/2008.
[INFO] Enola: Solve for Rydberg stage 1182/2008.
[INFO] Enola: Solve for Rydberg stage 1183/2008.
[INFO] Enola: Solve for Rydberg stage 1184/2008.
[INFO] Enola: Solve for Rydberg stage 1185/2008.
[INFO] Enola: Solve for Rydberg stage 1186/2008.
[INFO] Enola: Solve for Rydberg stage 1187/2008.
[INFO] Enola: Solve for Rydberg stage 1188/2008.
[INFO] Enola: Solve for Rydberg stage 1189/2008.
[INFO] Enola: Solve for Rydberg stage 1190/2008.
[INFO] Enola: Solve for Rydberg stage 1191/2008.
[INFO] Enola: Solve for Rydberg stage 1192/2008.
[INFO] Enola: Solve for Rydberg stage 1193/2008.
[INFO] Enola: Solve for Rydberg stage 1194/2008.
[INFO] Enola: Solve for Rydberg stage 1195/2008.
[INFO] Enola: Solve for Rydberg stage 1196/2008.
[INFO] Enola: Solve for Rydberg stage 1197/2008.
[INFO] Enola: Solve for Rydberg stage 1198/2008.
[INFO] Enola: Solve for Rydberg stage 1199/2008.
[INFO] Enola: Solve for Rydberg stage 1200/2008.
[INFO] Enola: Solve for Rydberg stage 1201/2008.
[INFO] Enola: Solve for Rydberg stage 1202/2008.
[INFO] Enola: Solve for Rydberg stage 1203/2008.
[INFO] Enola: Solve for Rydberg stage 1204/2008.
[INFO] Enola: Solve for Rydberg stage 1205/2008.
[INFO] Enola: Solve for Rydberg stage 1206/2008.
[INFO] Enola: Solve for Rydberg stage 1207/2008.
[INFO] Enola: Solve for Rydberg stage 1208/2008.
[INFO] Enola: Solve for Rydberg stage 1209/2008.
[INFO] Enola: Solve for Rydberg stage 1210/2008.
[INFO] Enola: Solve for Rydberg stage 1211/2008.
[INFO] Enola: Solve for Rydberg stage 1212/2008.
[INFO] Enola: Solve for Rydberg stage 1213/2008.
[INFO] Enola: Solve for Rydberg stage 1214/2008.
[INFO] Enola: Solve for Rydberg stage 1215/2008.
[INFO] Enola: Solve for Rydberg stage 1216/2008.
[INFO] Enola: Solve for Rydberg stage 1217/2008.
[INFO] Enola: Solve for Rydberg stage 1218/2008.
[INFO] Enola: Solve for Rydberg stage 1219/2008.
[INFO] Enola: Solve for Rydberg stage 1220/2008.
[INFO] Enola: Solve for Rydberg stage 1221/2008.
[INFO] Enola: Solve for Rydberg stage 1222/2008.
[INFO] Enola: Solve for Rydberg stage 1223/2008.
[INFO] Enola: Solve for Rydberg stage 1224/2008.
[INFO] Enola: Solve for Rydberg stage 1225/2008.
[INFO] Enola: Solve for Rydberg stage 1226/2008.
[INFO] Enola: Solve for Rydberg stage 1227/2008.
[INFO] Enola: Solve for Rydberg stage 1228/2008.
[INFO] Enola: Solve for Rydberg stage 1229/2008.
[INFO] Enola: Solve for Rydberg stage 1230/2008.
[INFO] Enola: Solve for Rydberg stage 1231/2008.
[INFO] Enola: Solve for Rydberg stage 1232/2008.
[INFO] Enola: Solve for Rydberg stage 1233/2008.
[INFO] Enola: Solve for Rydberg stage 1234/2008.
[INFO] Enola: Solve for Rydberg stage 1235/2008.
[INFO] Enola: Solve for Rydberg stage 1236/2008.
[INFO] Enola: Solve for Rydberg stage 1237/2008.
[INFO] Enola: Solve for Rydberg stage 1238/2008.
[INFO] Enola: Solve for Rydberg stage 1239/2008.
[INFO] Enola: Solve for Rydberg stage 1240/2008.
[INFO] Enola: Solve for Rydberg stage 1241/2008.
[INFO] Enola: Solve for Rydberg stage 1242/2008.
[INFO] Enola: Solve for Rydberg stage 1243/2008.
[INFO] Enola: Solve for Rydberg stage 1244/2008.
[INFO] Enola: Solve for Rydberg stage 1245/2008.
[INFO] Enola: Solve for Rydberg stage 1246/2008.
[INFO] Enola: Solve for Rydberg stage 1247/2008.
[INFO] Enola: Solve for Rydberg stage 1248/2008.
[INFO] Enola: Solve for Rydberg stage 1249/2008.
[INFO] Enola: Solve for Rydberg stage 1250/2008.
[INFO] Enola: Solve for Rydberg stage 1251/2008.
[INFO] Enola: Solve for Rydberg stage 1252/2008.
[INFO] Enola: Solve for Rydberg stage 1253/2008.
[INFO] Enola: Solve for Rydberg stage 1254/2008.
[INFO] Enola: Solve for Rydberg stage 1255/2008.
[INFO] Enola: Solve for Rydberg stage 1256/2008.
[INFO] Enola: Solve for Rydberg stage 1257/2008.
[INFO] Enola: Solve for Rydberg stage 1258/2008.
[INFO] Enola: Solve for Rydberg stage 1259/2008.
[INFO] Enola: Solve for Rydberg stage 1260/2008.
[INFO] Enola: Solve for Rydberg stage 1261/2008.
[INFO] Enola: Solve for Rydberg stage 1262/2008.
[INFO] Enola: Solve for Rydberg stage 1263/2008.
[INFO] Enola: Solve for Rydberg stage 1264/2008.
[INFO] Enola: Solve for Rydberg stage 1265/2008.
[INFO] Enola: Solve for Rydberg stage 1266/2008.
[INFO] Enola: Solve for Rydberg stage 1267/2008.
[INFO] Enola: Solve for Rydberg stage 1268/2008.
[INFO] Enola: Solve for Rydberg stage 1269/2008.
[INFO] Enola: Solve for Rydberg stage 1270/2008.
[INFO] Enola: Solve for Rydberg stage 1271/2008.
[INFO] Enola: Solve for Rydberg stage 1272/2008.
[INFO] Enola: Solve for Rydberg stage 1273/2008.
[INFO] Enola: Solve for Rydberg stage 1274/2008.
[INFO] Enola: Solve for Rydberg stage 1275/2008.
[INFO] Enola: Solve for Rydberg stage 1276/2008.
[INFO] Enola: Solve for Rydberg stage 1277/2008.
[INFO] Enola: Solve for Rydberg stage 1278/2008.
[INFO] Enola: Solve for Rydberg stage 1279/2008.
[INFO] Enola: Solve for Rydberg stage 1280/2008.
[INFO] Enola: Solve for Rydberg stage 1281/2008.
[INFO] Enola: Solve for Rydberg stage 1282/2008.
[INFO] Enola: Solve for Rydberg stage 1283/2008.
[INFO] Enola: Solve for Rydberg stage 1284/2008.
[INFO] Enola: Solve for Rydberg stage 1285/2008.
[INFO] Enola: Solve for Rydberg stage 1286/2008.
[INFO] Enola: Solve for Rydberg stage 1287/2008.
[INFO] Enola: Solve for Rydberg stage 1288/2008.
[INFO] Enola: Solve for Rydberg stage 1289/2008.
[INFO] Enola: Solve for Rydberg stage 1290/2008.
[INFO] Enola: Solve for Rydberg stage 1291/2008.
[INFO] Enola: Solve for Rydberg stage 1292/2008.
[INFO] Enola: Solve for Rydberg stage 1293/2008.
[INFO] Enola: Solve for Rydberg stage 1294/2008.
[INFO] Enola: Solve for Rydberg stage 1295/2008.
[INFO] Enola: Solve for Rydberg stage 1296/2008.
[INFO] Enola: Solve for Rydberg stage 1297/2008.
[INFO] Enola: Solve for Rydberg stage 1298/2008.
[INFO] Enola: Solve for Rydberg stage 1299/2008.
[INFO] Enola: Solve for Rydberg stage 1300/2008.
[INFO] Enola: Solve for Rydberg stage 1301/2008.
[INFO] Enola: Solve for Rydberg stage 1302/2008.
[INFO] Enola: Solve for Rydberg stage 1303/2008.
[INFO] Enola: Solve for Rydberg stage 1304/2008.
[INFO] Enola: Solve for Rydberg stage 1305/2008.
[INFO] Enola: Solve for Rydberg stage 1306/2008.
[INFO] Enola: Solve for Rydberg stage 1307/2008.
[INFO] Enola: Solve for Rydberg stage 1308/2008.
[INFO] Enola: Solve for Rydberg stage 1309/2008.
[INFO] Enola: Solve for Rydberg stage 1310/2008.
[INFO] Enola: Solve for Rydberg stage 1311/2008.
[INFO] Enola: Solve for Rydberg stage 1312/2008.
[INFO] Enola: Solve for Rydberg stage 1313/2008.
[INFO] Enola: Solve for Rydberg stage 1314/2008.
[INFO] Enola: Solve for Rydberg stage 1315/2008.
[INFO] Enola: Solve for Rydberg stage 1316/2008.
[INFO] Enola: Solve for Rydberg stage 1317/2008.
[INFO] Enola: Solve for Rydberg stage 1318/2008.
[INFO] Enola: Solve for Rydberg stage 1319/2008.
[INFO] Enola: Solve for Rydberg stage 1320/2008.
[INFO] Enola: Solve for Rydberg stage 1321/2008.
[INFO] Enola: Solve for Rydberg stage 1322/2008.
[INFO] Enola: Solve for Rydberg stage 1323/2008.
[INFO] Enola: Solve for Rydberg stage 1324/2008.
[INFO] Enola: Solve for Rydberg stage 1325/2008.
[INFO] Enola: Solve for Rydberg stage 1326/2008.
[INFO] Enola: Solve for Rydberg stage 1327/2008.
[INFO] Enola: Solve for Rydberg stage 1328/2008.
[INFO] Enola: Solve for Rydberg stage 1329/2008.
[INFO] Enola: Solve for Rydberg stage 1330/2008.
[INFO] Enola: Solve for Rydberg stage 1331/2008.
[INFO] Enola: Solve for Rydberg stage 1332/2008.
[INFO] Enola: Solve for Rydberg stage 1333/2008.
[INFO] Enola: Solve for Rydberg stage 1334/2008.
[INFO] Enola: Solve for Rydberg stage 1335/2008.
[INFO] Enola: Solve for Rydberg stage 1336/2008.
[INFO] Enola: Solve for Rydberg stage 1337/2008.
[INFO] Enola: Solve for Rydberg stage 1338/2008.
[INFO] Enola: Solve for Rydberg stage 1339/2008.
[INFO] Enola: Solve for Rydberg stage 1340/2008.
[INFO] Enola: Solve for Rydberg stage 1341/2008.
[INFO] Enola: Solve for Rydberg stage 1342/2008.
[INFO] Enola: Solve for Rydberg stage 1343/2008.
[INFO] Enola: Solve for Rydberg stage 1344/2008.
[INFO] Enola: Solve for Rydberg stage 1345/2008.
[INFO] Enola: Solve for Rydberg stage 1346/2008.
[INFO] Enola: Solve for Rydberg stage 1347/2008.
[INFO] Enola: Solve for Rydberg stage 1348/2008.
[INFO] Enola: Solve for Rydberg stage 1349/2008.
[INFO] Enola: Solve for Rydberg stage 1350/2008.
[INFO] Enola: Solve for Rydberg stage 1351/2008.
[INFO] Enola: Solve for Rydberg stage 1352/2008.
[INFO] Enola: Solve for Rydberg stage 1353/2008.
[INFO] Enola: Solve for Rydberg stage 1354/2008.
[INFO] Enola: Solve for Rydberg stage 1355/2008.
[INFO] Enola: Solve for Rydberg stage 1356/2008.
[INFO] Enola: Solve for Rydberg stage 1357/2008.
[INFO] Enola: Solve for Rydberg stage 1358/2008.
[INFO] Enola: Solve for Rydberg stage 1359/2008.
[INFO] Enola: Solve for Rydberg stage 1360/2008.
[INFO] Enola: Solve for Rydberg stage 1361/2008.
[INFO] Enola: Solve for Rydberg stage 1362/2008.
[INFO] Enola: Solve for Rydberg stage 1363/2008.
[INFO] Enola: Solve for Rydberg stage 1364/2008.
[INFO] Enola: Solve for Rydberg stage 1365/2008.
[INFO] Enola: Solve for Rydberg stage 1366/2008.
[INFO] Enola: Solve for Rydberg stage 1367/2008.
[INFO] Enola: Solve for Rydberg stage 1368/2008.
[INFO] Enola: Solve for Rydberg stage 1369/2008.
[INFO] Enola: Solve for Rydberg stage 1370/2008.
[INFO] Enola: Solve for Rydberg stage 1371/2008.
[INFO] Enola: Solve for Rydberg stage 1372/2008.
[INFO] Enola: Solve for Rydberg stage 1373/2008.
[INFO] Enola: Solve for Rydberg stage 1374/2008.
[INFO] Enola: Solve for Rydberg stage 1375/2008.
[INFO] Enola: Solve for Rydberg stage 1376/2008.
[INFO] Enola: Solve for Rydberg stage 1377/2008.
[INFO] Enola: Solve for Rydberg stage 1378/2008.
[INFO] Enola: Solve for Rydberg stage 1379/2008.
[INFO] Enola: Solve for Rydberg stage 1380/2008.
[INFO] Enola: Solve for Rydberg stage 1381/2008.
[INFO] Enola: Solve for Rydberg stage 1382/2008.
[INFO] Enola: Solve for Rydberg stage 1383/2008.
[INFO] Enola: Solve for Rydberg stage 1384/2008.
[INFO] Enola: Solve for Rydberg stage 1385/2008.
[INFO] Enola: Solve for Rydberg stage 1386/2008.
[INFO] Enola: Solve for Rydberg stage 1387/2008.
[INFO] Enola: Solve for Rydberg stage 1388/2008.
[INFO] Enola: Solve for Rydberg stage 1389/2008.
[INFO] Enola: Solve for Rydberg stage 1390/2008.
[INFO] Enola: Solve for Rydberg stage 1391/2008.
[INFO] Enola: Solve for Rydberg stage 1392/2008.
[INFO] Enola: Solve for Rydberg stage 1393/2008.
[INFO] Enola: Solve for Rydberg stage 1394/2008.
[INFO] Enola: Solve for Rydberg stage 1395/2008.
[INFO] Enola: Solve for Rydberg stage 1396/2008.
[INFO] Enola: Solve for Rydberg stage 1397/2008.
[INFO] Enola: Solve for Rydberg stage 1398/2008.
[INFO] Enola: Solve for Rydberg stage 1399/2008.
[INFO] Enola: Solve for Rydberg stage 1400/2008.
[INFO] Enola: Solve for Rydberg stage 1401/2008.
[INFO] Enola: Solve for Rydberg stage 1402/2008.
[INFO] Enola: Solve for Rydberg stage 1403/2008.
[INFO] Enola: Solve for Rydberg stage 1404/2008.
[INFO] Enola: Solve for Rydberg stage 1405/2008.
[INFO] Enola: Solve for Rydberg stage 1406/2008.
[INFO] Enola: Solve for Rydberg stage 1407/2008.
[INFO] Enola: Solve for Rydberg stage 1408/2008.
[INFO] Enola: Solve for Rydberg stage 1409/2008.
[INFO] Enola: Solve for Rydberg stage 1410/2008.
[INFO] Enola: Solve for Rydberg stage 1411/2008.
[INFO] Enola: Solve for Rydberg stage 1412/2008.
[INFO] Enola: Solve for Rydberg stage 1413/2008.
[INFO] Enola: Solve for Rydberg stage 1414/2008.
[INFO] Enola: Solve for Rydberg stage 1415/2008.
[INFO] Enola: Solve for Rydberg stage 1416/2008.
[INFO] Enola: Solve for Rydberg stage 1417/2008.
[INFO] Enola: Solve for Rydberg stage 1418/2008.
[INFO] Enola: Solve for Rydberg stage 1419/2008.
[INFO] Enola: Solve for Rydberg stage 1420/2008.
[INFO] Enola: Solve for Rydberg stage 1421/2008.
[INFO] Enola: Solve for Rydberg stage 1422/2008.
[INFO] Enola: Solve for Rydberg stage 1423/2008.
[INFO] Enola: Solve for Rydberg stage 1424/2008.
[INFO] Enola: Solve for Rydberg stage 1425/2008.
[INFO] Enola: Solve for Rydberg stage 1426/2008.
[INFO] Enola: Solve for Rydberg stage 1427/2008.
[INFO] Enola: Solve for Rydberg stage 1428/2008.
[INFO] Enola: Solve for Rydberg stage 1429/2008.
[INFO] Enola: Solve for Rydberg stage 1430/2008.
[INFO] Enola: Solve for Rydberg stage 1431/2008.
[INFO] Enola: Solve for Rydberg stage 1432/2008.
[INFO] Enola: Solve for Rydberg stage 1433/2008.
[INFO] Enola: Solve for Rydberg stage 1434/2008.
[INFO] Enola: Solve for Rydberg stage 1435/2008.
[INFO] Enola: Solve for Rydberg stage 1436/2008.
[INFO] Enola: Solve for Rydberg stage 1437/2008.
[INFO] Enola: Solve for Rydberg stage 1438/2008.
[INFO] Enola: Solve for Rydberg stage 1439/2008.
[INFO] Enola: Solve for Rydberg stage 1440/2008.
[INFO] Enola: Solve for Rydberg stage 1441/2008.
[INFO] Enola: Solve for Rydberg stage 1442/2008.
[INFO] Enola: Solve for Rydberg stage 1443/2008.
[INFO] Enola: Solve for Rydberg stage 1444/2008.
[INFO] Enola: Solve for Rydberg stage 1445/2008.
[INFO] Enola: Solve for Rydberg stage 1446/2008.
[INFO] Enola: Solve for Rydberg stage 1447/2008.
[INFO] Enola: Solve for Rydberg stage 1448/2008.
[INFO] Enola: Solve for Rydberg stage 1449/2008.
[INFO] Enola: Solve for Rydberg stage 1450/2008.
[INFO] Enola: Solve for Rydberg stage 1451/2008.
[INFO] Enola: Solve for Rydberg stage 1452/2008.
[INFO] Enola: Solve for Rydberg stage 1453/2008.
[INFO] Enola: Solve for Rydberg stage 1454/2008.
[INFO] Enola: Solve for Rydberg stage 1455/2008.
[INFO] Enola: Solve for Rydberg stage 1456/2008.
[INFO] Enola: Solve for Rydberg stage 1457/2008.
[INFO] Enola: Solve for Rydberg stage 1458/2008.
[INFO] Enola: Solve for Rydberg stage 1459/2008.
[INFO] Enola: Solve for Rydberg stage 1460/2008.
[INFO] Enola: Solve for Rydberg stage 1461/2008.
[INFO] Enola: Solve for Rydberg stage 1462/2008.
[INFO] Enola: Solve for Rydberg stage 1463/2008.
[INFO] Enola: Solve for Rydberg stage 1464/2008.
[INFO] Enola: Solve for Rydberg stage 1465/2008.
[INFO] Enola: Solve for Rydberg stage 1466/2008.
[INFO] Enola: Solve for Rydberg stage 1467/2008.
[INFO] Enola: Solve for Rydberg stage 1468/2008.
[INFO] Enola: Solve for Rydberg stage 1469/2008.
[INFO] Enola: Solve for Rydberg stage 1470/2008.
[INFO] Enola: Solve for Rydberg stage 1471/2008.
[INFO] Enola: Solve for Rydberg stage 1472/2008.
[INFO] Enola: Solve for Rydberg stage 1473/2008.
[INFO] Enola: Solve for Rydberg stage 1474/2008.
[INFO] Enola: Solve for Rydberg stage 1475/2008.
[INFO] Enola: Solve for Rydberg stage 1476/2008.
[INFO] Enola: Solve for Rydberg stage 1477/2008.
[INFO] Enola: Solve for Rydberg stage 1478/2008.
[INFO] Enola: Solve for Rydberg stage 1479/2008.
[INFO] Enola: Solve for Rydberg stage 1480/2008.
[INFO] Enola: Solve for Rydberg stage 1481/2008.
[INFO] Enola: Solve for Rydberg stage 1482/2008.
[INFO] Enola: Solve for Rydberg stage 1483/2008.
[INFO] Enola: Solve for Rydberg stage 1484/2008.
[INFO] Enola: Solve for Rydberg stage 1485/2008.
[INFO] Enola: Solve for Rydberg stage 1486/2008.
[INFO] Enola: Solve for Rydberg stage 1487/2008.
[INFO] Enola: Solve for Rydberg stage 1488/2008.
[INFO] Enola: Solve for Rydberg stage 1489/2008.
[INFO] Enola: Solve for Rydberg stage 1490/2008.
[INFO] Enola: Solve for Rydberg stage 1491/2008.
[INFO] Enola: Solve for Rydberg stage 1492/2008.
[INFO] Enola: Solve for Rydberg stage 1493/2008.
[INFO] Enola: Solve for Rydberg stage 1494/2008.
[INFO] Enola: Solve for Rydberg stage 1495/2008.
[INFO] Enola: Solve for Rydberg stage 1496/2008.
[INFO] Enola: Solve for Rydberg stage 1497/2008.
[INFO] Enola: Solve for Rydberg stage 1498/2008.
[INFO] Enola: Solve for Rydberg stage 1499/2008.
[INFO] Enola: Solve for Rydberg stage 1500/2008.
[INFO] Enola: Solve for Rydberg stage 1501/2008.
[INFO] Enola: Solve for Rydberg stage 1502/2008.
[INFO] Enola: Solve for Rydberg stage 1503/2008.
[INFO] Enola: Solve for Rydberg stage 1504/2008.
[INFO] Enola: Solve for Rydberg stage 1505/2008.
[INFO] Enola: Solve for Rydberg stage 1506/2008.
[INFO] Enola: Solve for Rydberg stage 1507/2008.
[INFO] Enola: Solve for Rydberg stage 1508/2008.
[INFO] Enola: Solve for Rydberg stage 1509/2008.
[INFO] Enola: Solve for Rydberg stage 1510/2008.
[INFO] Enola: Solve for Rydberg stage 1511/2008.
[INFO] Enola: Solve for Rydberg stage 1512/2008.
[INFO] Enola: Solve for Rydberg stage 1513/2008.
[INFO] Enola: Solve for Rydberg stage 1514/2008.
[INFO] Enola: Solve for Rydberg stage 1515/2008.
[INFO] Enola: Solve for Rydberg stage 1516/2008.
[INFO] Enola: Solve for Rydberg stage 1517/2008.
[INFO] Enola: Solve for Rydberg stage 1518/2008.
[INFO] Enola: Solve for Rydberg stage 1519/2008.
[INFO] Enola: Solve for Rydberg stage 1520/2008.
[INFO] Enola: Solve for Rydberg stage 1521/2008.
[INFO] Enola: Solve for Rydberg stage 1522/2008.
[INFO] Enola: Solve for Rydberg stage 1523/2008.
[INFO] Enola: Solve for Rydberg stage 1524/2008.
[INFO] Enola: Solve for Rydberg stage 1525/2008.
[INFO] Enola: Solve for Rydberg stage 1526/2008.
[INFO] Enola: Solve for Rydberg stage 1527/2008.
[INFO] Enola: Solve for Rydberg stage 1528/2008.
[INFO] Enola: Solve for Rydberg stage 1529/2008.
[INFO] Enola: Solve for Rydberg stage 1530/2008.
[INFO] Enola: Solve for Rydberg stage 1531/2008.
[INFO] Enola: Solve for Rydberg stage 1532/2008.
[INFO] Enola: Solve for Rydberg stage 1533/2008.
[INFO] Enola: Solve for Rydberg stage 1534/2008.
[INFO] Enola: Solve for Rydberg stage 1535/2008.
[INFO] Enola: Solve for Rydberg stage 1536/2008.
[INFO] Enola: Solve for Rydberg stage 1537/2008.
[INFO] Enola: Solve for Rydberg stage 1538/2008.
[INFO] Enola: Solve for Rydberg stage 1539/2008.
[INFO] Enola: Solve for Rydberg stage 1540/2008.
[INFO] Enola: Solve for Rydberg stage 1541/2008.
[INFO] Enola: Solve for Rydberg stage 1542/2008.
[INFO] Enola: Solve for Rydberg stage 1543/2008.
[INFO] Enola: Solve for Rydberg stage 1544/2008.
[INFO] Enola: Solve for Rydberg stage 1545/2008.
[INFO] Enola: Solve for Rydberg stage 1546/2008.
[INFO] Enola: Solve for Rydberg stage 1547/2008.
[INFO] Enola: Solve for Rydberg stage 1548/2008.
[INFO] Enola: Solve for Rydberg stage 1549/2008.
[INFO] Enola: Solve for Rydberg stage 1550/2008.
[INFO] Enola: Solve for Rydberg stage 1551/2008.
[INFO] Enola: Solve for Rydberg stage 1552/2008.
[INFO] Enola: Solve for Rydberg stage 1553/2008.
[INFO] Enola: Solve for Rydberg stage 1554/2008.
[INFO] Enola: Solve for Rydberg stage 1555/2008.
[INFO] Enola: Solve for Rydberg stage 1556/2008.
[INFO] Enola: Solve for Rydberg stage 1557/2008.
[INFO] Enola: Solve for Rydberg stage 1558/2008.
[INFO] Enola: Solve for Rydberg stage 1559/2008.
[INFO] Enola: Solve for Rydberg stage 1560/2008.
[INFO] Enola: Solve for Rydberg stage 1561/2008.
[INFO] Enola: Solve for Rydberg stage 1562/2008.
[INFO] Enola: Solve for Rydberg stage 1563/2008.
[INFO] Enola: Solve for Rydberg stage 1564/2008.
[INFO] Enola: Solve for Rydberg stage 1565/2008.
[INFO] Enola: Solve for Rydberg stage 1566/2008.
[INFO] Enola: Solve for Rydberg stage 1567/2008.
[INFO] Enola: Solve for Rydberg stage 1568/2008.
[INFO] Enola: Solve for Rydberg stage 1569/2008.
[INFO] Enola: Solve for Rydberg stage 1570/2008.
[INFO] Enola: Solve for Rydberg stage 1571/2008.
[INFO] Enola: Solve for Rydberg stage 1572/2008.
[INFO] Enola: Solve for Rydberg stage 1573/2008.
[INFO] Enola: Solve for Rydberg stage 1574/2008.
[INFO] Enola: Solve for Rydberg stage 1575/2008.
[INFO] Enola: Solve for Rydberg stage 1576/2008.
[INFO] Enola: Solve for Rydberg stage 1577/2008.
[INFO] Enola: Solve for Rydberg stage 1578/2008.
[INFO] Enola: Solve for Rydberg stage 1579/2008.
[INFO] Enola: Solve for Rydberg stage 1580/2008.
[INFO] Enola: Solve for Rydberg stage 1581/2008.
[INFO] Enola: Solve for Rydberg stage 1582/2008.
[INFO] Enola: Solve for Rydberg stage 1583/2008.
[INFO] Enola: Solve for Rydberg stage 1584/2008.
[INFO] Enola: Solve for Rydberg stage 1585/2008.
[INFO] Enola: Solve for Rydberg stage 1586/2008.
[INFO] Enola: Solve for Rydberg stage 1587/2008.
[INFO] Enola: Solve for Rydberg stage 1588/2008.
[INFO] Enola: Solve for Rydberg stage 1589/2008.
[INFO] Enola: Solve for Rydberg stage 1590/2008.
[INFO] Enola: Solve for Rydberg stage 1591/2008.
[INFO] Enola: Solve for Rydberg stage 1592/2008.
[INFO] Enola: Solve for Rydberg stage 1593/2008.
[INFO] Enola: Solve for Rydberg stage 1594/2008.
[INFO] Enola: Solve for Rydberg stage 1595/2008.
[INFO] Enola: Solve for Rydberg stage 1596/2008.
[INFO] Enola: Solve for Rydberg stage 1597/2008.
[INFO] Enola: Solve for Rydberg stage 1598/2008.
[INFO] Enola: Solve for Rydberg stage 1599/2008.
[INFO] Enola: Solve for Rydberg stage 1600/2008.
[INFO] Enola: Solve for Rydberg stage 1601/2008.
[INFO] Enola: Solve for Rydberg stage 1602/2008.
[INFO] Enola: Solve for Rydberg stage 1603/2008.
[INFO] Enola: Solve for Rydberg stage 1604/2008.
[INFO] Enola: Solve for Rydberg stage 1605/2008.
[INFO] Enola: Solve for Rydberg stage 1606/2008.
[INFO] Enola: Solve for Rydberg stage 1607/2008.
[INFO] Enola: Solve for Rydberg stage 1608/2008.
[INFO] Enola: Solve for Rydberg stage 1609/2008.
[INFO] Enola: Solve for Rydberg stage 1610/2008.
[INFO] Enola: Solve for Rydberg stage 1611/2008.
[INFO] Enola: Solve for Rydberg stage 1612/2008.
[INFO] Enola: Solve for Rydberg stage 1613/2008.
[INFO] Enola: Solve for Rydberg stage 1614/2008.
[INFO] Enola: Solve for Rydberg stage 1615/2008.
[INFO] Enola: Solve for Rydberg stage 1616/2008.
[INFO] Enola: Solve for Rydberg stage 1617/2008.
[INFO] Enola: Solve for Rydberg stage 1618/2008.
[INFO] Enola: Solve for Rydberg stage 1619/2008.
[INFO] Enola: Solve for Rydberg stage 1620/2008.
[INFO] Enola: Solve for Rydberg stage 1621/2008.
[INFO] Enola: Solve for Rydberg stage 1622/2008.
[INFO] Enola: Solve for Rydberg stage 1623/2008.
[INFO] Enola: Solve for Rydberg stage 1624/2008.
[INFO] Enola: Solve for Rydberg stage 1625/2008.
[INFO] Enola: Solve for Rydberg stage 1626/2008.
[INFO] Enola: Solve for Rydberg stage 1627/2008.
[INFO] Enola: Solve for Rydberg stage 1628/2008.
[INFO] Enola: Solve for Rydberg stage 1629/2008.
[INFO] Enola: Solve for Rydberg stage 1630/2008.
[INFO] Enola: Solve for Rydberg stage 1631/2008.
[INFO] Enola: Solve for Rydberg stage 1632/2008.
[INFO] Enola: Solve for Rydberg stage 1633/2008.
[INFO] Enola: Solve for Rydberg stage 1634/2008.
[INFO] Enola: Solve for Rydberg stage 1635/2008.
[INFO] Enola: Solve for Rydberg stage 1636/2008.
[INFO] Enola: Solve for Rydberg stage 1637/2008.
[INFO] Enola: Solve for Rydberg stage 1638/2008.
[INFO] Enola: Solve for Rydberg stage 1639/2008.
[INFO] Enola: Solve for Rydberg stage 1640/2008.
[INFO] Enola: Solve for Rydberg stage 1641/2008.
[INFO] Enola: Solve for Rydberg stage 1642/2008.
[INFO] Enola: Solve for Rydberg stage 1643/2008.
[INFO] Enola: Solve for Rydberg stage 1644/2008.
[INFO] Enola: Solve for Rydberg stage 1645/2008.
[INFO] Enola: Solve for Rydberg stage 1646/2008.
[INFO] Enola: Solve for Rydberg stage 1647/2008.
[INFO] Enola: Solve for Rydberg stage 1648/2008.
[INFO] Enola: Solve for Rydberg stage 1649/2008.
[INFO] Enola: Solve for Rydberg stage 1650/2008.
[INFO] Enola: Solve for Rydberg stage 1651/2008.
[INFO] Enola: Solve for Rydberg stage 1652/2008.
[INFO] Enola: Solve for Rydberg stage 1653/2008.
[INFO] Enola: Solve for Rydberg stage 1654/2008.
[INFO] Enola: Solve for Rydberg stage 1655/2008.
[INFO] Enola: Solve for Rydberg stage 1656/2008.
[INFO] Enola: Solve for Rydberg stage 1657/2008.
[INFO] Enola: Solve for Rydberg stage 1658/2008.
[INFO] Enola: Solve for Rydberg stage 1659/2008.
[INFO] Enola: Solve for Rydberg stage 1660/2008.
[INFO] Enola: Solve for Rydberg stage 1661/2008.
[INFO] Enola: Solve for Rydberg stage 1662/2008.
[INFO] Enola: Solve for Rydberg stage 1663/2008.
[INFO] Enola: Solve for Rydberg stage 1664/2008.
[INFO] Enola: Solve for Rydberg stage 1665/2008.
[INFO] Enola: Solve for Rydberg stage 1666/2008.
[INFO] Enola: Solve for Rydberg stage 1667/2008.
[INFO] Enola: Solve for Rydberg stage 1668/2008.
[INFO] Enola: Solve for Rydberg stage 1669/2008.
[INFO] Enola: Solve for Rydberg stage 1670/2008.
[INFO] Enola: Solve for Rydberg stage 1671/2008.
[INFO] Enola: Solve for Rydberg stage 1672/2008.
[INFO] Enola: Solve for Rydberg stage 1673/2008.
[INFO] Enola: Solve for Rydberg stage 1674/2008.
[INFO] Enola: Solve for Rydberg stage 1675/2008.
[INFO] Enola: Solve for Rydberg stage 1676/2008.
[INFO] Enola: Solve for Rydberg stage 1677/2008.
[INFO] Enola: Solve for Rydberg stage 1678/2008.
[INFO] Enola: Solve for Rydberg stage 1679/2008.
[INFO] Enola: Solve for Rydberg stage 1680/2008.
[INFO] Enola: Solve for Rydberg stage 1681/2008.
[INFO] Enola: Solve for Rydberg stage 1682/2008.
[INFO] Enola: Solve for Rydberg stage 1683/2008.
[INFO] Enola: Solve for Rydberg stage 1684/2008.
[INFO] Enola: Solve for Rydberg stage 1685/2008.
[INFO] Enola: Solve for Rydberg stage 1686/2008.
[INFO] Enola: Solve for Rydberg stage 1687/2008.
[INFO] Enola: Solve for Rydberg stage 1688/2008.
[INFO] Enola: Solve for Rydberg stage 1689/2008.
[INFO] Enola: Solve for Rydberg stage 1690/2008.
[INFO] Enola: Solve for Rydberg stage 1691/2008.
[INFO] Enola: Solve for Rydberg stage 1692/2008.
[INFO] Enola: Solve for Rydberg stage 1693/2008.
[INFO] Enola: Solve for Rydberg stage 1694/2008.
[INFO] Enola: Solve for Rydberg stage 1695/2008.
[INFO] Enola: Solve for Rydberg stage 1696/2008.
[INFO] Enola: Solve for Rydberg stage 1697/2008.
[INFO] Enola: Solve for Rydberg stage 1698/2008.
[INFO] Enola: Solve for Rydberg stage 1699/2008.
[INFO] Enola: Solve for Rydberg stage 1700/2008.
[INFO] Enola: Solve for Rydberg stage 1701/2008.
[INFO] Enola: Solve for Rydberg stage 1702/2008.
[INFO] Enola: Solve for Rydberg stage 1703/2008.
[INFO] Enola: Solve for Rydberg stage 1704/2008.
[INFO] Enola: Solve for Rydberg stage 1705/2008.
[INFO] Enola: Solve for Rydberg stage 1706/2008.
[INFO] Enola: Solve for Rydberg stage 1707/2008.
[INFO] Enola: Solve for Rydberg stage 1708/2008.
[INFO] Enola: Solve for Rydberg stage 1709/2008.
[INFO] Enola: Solve for Rydberg stage 1710/2008.
[INFO] Enola: Solve for Rydberg stage 1711/2008.
[INFO] Enola: Solve for Rydberg stage 1712/2008.
[INFO] Enola: Solve for Rydberg stage 1713/2008.
[INFO] Enola: Solve for Rydberg stage 1714/2008.
[INFO] Enola: Solve for Rydberg stage 1715/2008.
[INFO] Enola: Solve for Rydberg stage 1716/2008.
[INFO] Enola: Solve for Rydberg stage 1717/2008.
[INFO] Enola: Solve for Rydberg stage 1718/2008.
[INFO] Enola: Solve for Rydberg stage 1719/2008.
[INFO] Enola: Solve for Rydberg stage 1720/2008.
[INFO] Enola: Solve for Rydberg stage 1721/2008.
[INFO] Enola: Solve for Rydberg stage 1722/2008.
[INFO] Enola: Solve for Rydberg stage 1723/2008.
[INFO] Enola: Solve for Rydberg stage 1724/2008.
[INFO] Enola: Solve for Rydberg stage 1725/2008.
[INFO] Enola: Solve for Rydberg stage 1726/2008.
[INFO] Enola: Solve for Rydberg stage 1727/2008.
[INFO] Enola: Solve for Rydberg stage 1728/2008.
[INFO] Enola: Solve for Rydberg stage 1729/2008.
[INFO] Enola: Solve for Rydberg stage 1730/2008.
[INFO] Enola: Solve for Rydberg stage 1731/2008.
[INFO] Enola: Solve for Rydberg stage 1732/2008.
[INFO] Enola: Solve for Rydberg stage 1733/2008.
[INFO] Enola: Solve for Rydberg stage 1734/2008.
[INFO] Enola: Solve for Rydberg stage 1735/2008.
[INFO] Enola: Solve for Rydberg stage 1736/2008.
[INFO] Enola: Solve for Rydberg stage 1737/2008.
[INFO] Enola: Solve for Rydberg stage 1738/2008.
[INFO] Enola: Solve for Rydberg stage 1739/2008.
[INFO] Enola: Solve for Rydberg stage 1740/2008.
[INFO] Enola: Solve for Rydberg stage 1741/2008.
[INFO] Enola: Solve for Rydberg stage 1742/2008.
[INFO] Enola: Solve for Rydberg stage 1743/2008.
[INFO] Enola: Solve for Rydberg stage 1744/2008.
[INFO] Enola: Solve for Rydberg stage 1745/2008.
[INFO] Enola: Solve for Rydberg stage 1746/2008.
[INFO] Enola: Solve for Rydberg stage 1747/2008.
[INFO] Enola: Solve for Rydberg stage 1748/2008.
[INFO] Enola: Solve for Rydberg stage 1749/2008.
[INFO] Enola: Solve for Rydberg stage 1750/2008.
[INFO] Enola: Solve for Rydberg stage 1751/2008.
[INFO] Enola: Solve for Rydberg stage 1752/2008.
[INFO] Enola: Solve for Rydberg stage 1753/2008.
[INFO] Enola: Solve for Rydberg stage 1754/2008.
[INFO] Enola: Solve for Rydberg stage 1755/2008.
[INFO] Enola: Solve for Rydberg stage 1756/2008.
[INFO] Enola: Solve for Rydberg stage 1757/2008.
[INFO] Enola: Solve for Rydberg stage 1758/2008.
[INFO] Enola: Solve for Rydberg stage 1759/2008.
[INFO] Enola: Solve for Rydberg stage 1760/2008.
[INFO] Enola: Solve for Rydberg stage 1761/2008.
[INFO] Enola: Solve for Rydberg stage 1762/2008.
[INFO] Enola: Solve for Rydberg stage 1763/2008.
[INFO] Enola: Solve for Rydberg stage 1764/2008.
[INFO] Enola: Solve for Rydberg stage 1765/2008.
[INFO] Enola: Solve for Rydberg stage 1766/2008.
[INFO] Enola: Solve for Rydberg stage 1767/2008.
[INFO] Enola: Solve for Rydberg stage 1768/2008.
[INFO] Enola: Solve for Rydberg stage 1769/2008.
[INFO] Enola: Solve for Rydberg stage 1770/2008.
[INFO] Enola: Solve for Rydberg stage 1771/2008.
[INFO] Enola: Solve for Rydberg stage 1772/2008.
[INFO] Enola: Solve for Rydberg stage 1773/2008.
[INFO] Enola: Solve for Rydberg stage 1774/2008.
[INFO] Enola: Solve for Rydberg stage 1775/2008.
[INFO] Enola: Solve for Rydberg stage 1776/2008.
[INFO] Enola: Solve for Rydberg stage 1777/2008.
[INFO] Enola: Solve for Rydberg stage 1778/2008.
[INFO] Enola: Solve for Rydberg stage 1779/2008.
[INFO] Enola: Solve for Rydberg stage 1780/2008.
[INFO] Enola: Solve for Rydberg stage 1781/2008.
[INFO] Enola: Solve for Rydberg stage 1782/2008.
[INFO] Enola: Solve for Rydberg stage 1783/2008.
[INFO] Enola: Solve for Rydberg stage 1784/2008.
[INFO] Enola: Solve for Rydberg stage 1785/2008.
[INFO] Enola: Solve for Rydberg stage 1786/2008.
[INFO] Enola: Solve for Rydberg stage 1787/2008.
[INFO] Enola: Solve for Rydberg stage 1788/2008.
[INFO] Enola: Solve for Rydberg stage 1789/2008.
[INFO] Enola: Solve for Rydberg stage 1790/2008.
[INFO] Enola: Solve for Rydberg stage 1791/2008.
[INFO] Enola: Solve for Rydberg stage 1792/2008.
[INFO] Enola: Solve for Rydberg stage 1793/2008.
[INFO] Enola: Solve for Rydberg stage 1794/2008.
[INFO] Enola: Solve for Rydberg stage 1795/2008.
[INFO] Enola: Solve for Rydberg stage 1796/2008.
[INFO] Enola: Solve for Rydberg stage 1797/2008.
[INFO] Enola: Solve for Rydberg stage 1798/2008.
[INFO] Enola: Solve for Rydberg stage 1799/2008.
[INFO] Enola: Solve for Rydberg stage 1800/2008.
[INFO] Enola: Solve for Rydberg stage 1801/2008.
[INFO] Enola: Solve for Rydberg stage 1802/2008.
[INFO] Enola: Solve for Rydberg stage 1803/2008.
[INFO] Enola: Solve for Rydberg stage 1804/2008.
[INFO] Enola: Solve for Rydberg stage 1805/2008.
[INFO] Enola: Solve for Rydberg stage 1806/2008.
[INFO] Enola: Solve for Rydberg stage 1807/2008.
[INFO] Enola: Solve for Rydberg stage 1808/2008.
[INFO] Enola: Solve for Rydberg stage 1809/2008.
[INFO] Enola: Solve for Rydberg stage 1810/2008.
[INFO] Enola: Solve for Rydberg stage 1811/2008.
[INFO] Enola: Solve for Rydberg stage 1812/2008.
[INFO] Enola: Solve for Rydberg stage 1813/2008.
[INFO] Enola: Solve for Rydberg stage 1814/2008.
[INFO] Enola: Solve for Rydberg stage 1815/2008.
[INFO] Enola: Solve for Rydberg stage 1816/2008.
[INFO] Enola: Solve for Rydberg stage 1817/2008.
[INFO] Enola: Solve for Rydberg stage 1818/2008.
[INFO] Enola: Solve for Rydberg stage 1819/2008.
[INFO] Enola: Solve for Rydberg stage 1820/2008.
[INFO] Enola: Solve for Rydberg stage 1821/2008.
[INFO] Enola: Solve for Rydberg stage 1822/2008.
[INFO] Enola: Solve for Rydberg stage 1823/2008.
[INFO] Enola: Solve for Rydberg stage 1824/2008.
[INFO] Enola: Solve for Rydberg stage 1825/2008.
[INFO] Enola: Solve for Rydberg stage 1826/2008.
[INFO] Enola: Solve for Rydberg stage 1827/2008.
[INFO] Enola: Solve for Rydberg stage 1828/2008.
[INFO] Enola: Solve for Rydberg stage 1829/2008.
[INFO] Enola: Solve for Rydberg stage 1830/2008.
[INFO] Enola: Solve for Rydberg stage 1831/2008.
[INFO] Enola: Solve for Rydberg stage 1832/2008.
[INFO] Enola: Solve for Rydberg stage 1833/2008.
[INFO] Enola: Solve for Rydberg stage 1834/2008.
[INFO] Enola: Solve for Rydberg stage 1835/2008.
[INFO] Enola: Solve for Rydberg stage 1836/2008.
[INFO] Enola: Solve for Rydberg stage 1837/2008.
[INFO] Enola: Solve for Rydberg stage 1838/2008.
[INFO] Enola: Solve for Rydberg stage 1839/2008.
[INFO] Enola: Solve for Rydberg stage 1840/2008.
[INFO] Enola: Solve for Rydberg stage 1841/2008.
[INFO] Enola: Solve for Rydberg stage 1842/2008.
[INFO] Enola: Solve for Rydberg stage 1843/2008.
[INFO] Enola: Solve for Rydberg stage 1844/2008.
[INFO] Enola: Solve for Rydberg stage 1845/2008.
[INFO] Enola: Solve for Rydberg stage 1846/2008.
[INFO] Enola: Solve for Rydberg stage 1847/2008.
[INFO] Enola: Solve for Rydberg stage 1848/2008.
[INFO] Enola: Solve for Rydberg stage 1849/2008.
[INFO] Enola: Solve for Rydberg stage 1850/2008.
[INFO] Enola: Solve for Rydberg stage 1851/2008.
[INFO] Enola: Solve for Rydberg stage 1852/2008.
[INFO] Enola: Solve for Rydberg stage 1853/2008.
[INFO] Enola: Solve for Rydberg stage 1854/2008.
[INFO] Enola: Solve for Rydberg stage 1855/2008.
[INFO] Enola: Solve for Rydberg stage 1856/2008.
[INFO] Enola: Solve for Rydberg stage 1857/2008.
[INFO] Enola: Solve for Rydberg stage 1858/2008.
[INFO] Enola: Solve for Rydberg stage 1859/2008.
[INFO] Enola: Solve for Rydberg stage 1860/2008.
[INFO] Enola: Solve for Rydberg stage 1861/2008.
[INFO] Enola: Solve for Rydberg stage 1862/2008.
[INFO] Enola: Solve for Rydberg stage 1863/2008.
[INFO] Enola: Solve for Rydberg stage 1864/2008.
[INFO] Enola: Solve for Rydberg stage 1865/2008.
[INFO] Enola: Solve for Rydberg stage 1866/2008.
[INFO] Enola: Solve for Rydberg stage 1867/2008.
[INFO] Enola: Solve for Rydberg stage 1868/2008.
[INFO] Enola: Solve for Rydberg stage 1869/2008.
[INFO] Enola: Solve for Rydberg stage 1870/2008.
[INFO] Enola: Solve for Rydberg stage 1871/2008.
[INFO] Enola: Solve for Rydberg stage 1872/2008.
[INFO] Enola: Solve for Rydberg stage 1873/2008.
[INFO] Enola: Solve for Rydberg stage 1874/2008.
[INFO] Enola: Solve for Rydberg stage 1875/2008.
[INFO] Enola: Solve for Rydberg stage 1876/2008.
[INFO] Enola: Solve for Rydberg stage 1877/2008.
[INFO] Enola: Solve for Rydberg stage 1878/2008.
[INFO] Enola: Solve for Rydberg stage 1879/2008.
[INFO] Enola: Solve for Rydberg stage 1880/2008.
[INFO] Enola: Solve for Rydberg stage 1881/2008.
[INFO] Enola: Solve for Rydberg stage 1882/2008.
[INFO] Enola: Solve for Rydberg stage 1883/2008.
[INFO] Enola: Solve for Rydberg stage 1884/2008.
[INFO] Enola: Solve for Rydberg stage 1885/2008.
[INFO] Enola: Solve for Rydberg stage 1886/2008.
[INFO] Enola: Solve for Rydberg stage 1887/2008.
[INFO] Enola: Solve for Rydberg stage 1888/2008.
[INFO] Enola: Solve for Rydberg stage 1889/2008.
[INFO] Enola: Solve for Rydberg stage 1890/2008.
[INFO] Enola: Solve for Rydberg stage 1891/2008.
[INFO] Enola: Solve for Rydberg stage 1892/2008.
[INFO] Enola: Solve for Rydberg stage 1893/2008.
[INFO] Enola: Solve for Rydberg stage 1894/2008.
[INFO] Enola: Solve for Rydberg stage 1895/2008.
[INFO] Enola: Solve for Rydberg stage 1896/2008.
[INFO] Enola: Solve for Rydberg stage 1897/2008.
[INFO] Enola: Solve for Rydberg stage 1898/2008.
[INFO] Enola: Solve for Rydberg stage 1899/2008.
[INFO] Enola: Solve for Rydberg stage 1900/2008.
[INFO] Enola: Solve for Rydberg stage 1901/2008.
[INFO] Enola: Solve for Rydberg stage 1902/2008.
[INFO] Enola: Solve for Rydberg stage 1903/2008.
[INFO] Enola: Solve for Rydberg stage 1904/2008.
[INFO] Enola: Solve for Rydberg stage 1905/2008.
[INFO] Enola: Solve for Rydberg stage 1906/2008.
[INFO] Enola: Solve for Rydberg stage 1907/2008.
[INFO] Enola: Solve for Rydberg stage 1908/2008.
[INFO] Enola: Solve for Rydberg stage 1909/2008.
[INFO] Enola: Solve for Rydberg stage 1910/2008.
[INFO] Enola: Solve for Rydberg stage 1911/2008.
[INFO] Enola: Solve for Rydberg stage 1912/2008.
[INFO] Enola: Solve for Rydberg stage 1913/2008.
[INFO] Enola: Solve for Rydberg stage 1914/2008.
[INFO] Enola: Solve for Rydberg stage 1915/2008.
[INFO] Enola: Solve for Rydberg stage 1916/2008.
[INFO] Enola: Solve for Rydberg stage 1917/2008.
[INFO] Enola: Solve for Rydberg stage 1918/2008.
[INFO] Enola: Solve for Rydberg stage 1919/2008.
[INFO] Enola: Solve for Rydberg stage 1920/2008.
[INFO] Enola: Solve for Rydberg stage 1921/2008.
[INFO] Enola: Solve for Rydberg stage 1922/2008.
[INFO] Enola: Solve for Rydberg stage 1923/2008.
[INFO] Enola: Solve for Rydberg stage 1924/2008.
[INFO] Enola: Solve for Rydberg stage 1925/2008.
[INFO] Enola: Solve for Rydberg stage 1926/2008.
[INFO] Enola: Solve for Rydberg stage 1927/2008.
[INFO] Enola: Solve for Rydberg stage 1928/2008.
[INFO] Enola: Solve for Rydberg stage 1929/2008.
[INFO] Enola: Solve for Rydberg stage 1930/2008.
[INFO] Enola: Solve for Rydberg stage 1931/2008.
[INFO] Enola: Solve for Rydberg stage 1932/2008.
[INFO] Enola: Solve for Rydberg stage 1933/2008.
[INFO] Enola: Solve for Rydberg stage 1934/2008.
[INFO] Enola: Solve for Rydberg stage 1935/2008.
[INFO] Enola: Solve for Rydberg stage 1936/2008.
[INFO] Enola: Solve for Rydberg stage 1937/2008.
[INFO] Enola: Solve for Rydberg stage 1938/2008.
[INFO] Enola: Solve for Rydberg stage 1939/2008.
[INFO] Enola: Solve for Rydberg stage 1940/2008.
[INFO] Enola: Solve for Rydberg stage 1941/2008.
[INFO] Enola: Solve for Rydberg stage 1942/2008.
[INFO] Enola: Solve for Rydberg stage 1943/2008.
[INFO] Enola: Solve for Rydberg stage 1944/2008.
[INFO] Enola: Solve for Rydberg stage 1945/2008.
[INFO] Enola: Solve for Rydberg stage 1946/2008.
[INFO] Enola: Solve for Rydberg stage 1947/2008.
[INFO] Enola: Solve for Rydberg stage 1948/2008.
[INFO] Enola: Solve for Rydberg stage 1949/2008.
[INFO] Enola: Solve for Rydberg stage 1950/2008.
[INFO] Enola: Solve for Rydberg stage 1951/2008.
[INFO] Enola: Solve for Rydberg stage 1952/2008.
[INFO] Enola: Solve for Rydberg stage 1953/2008.
[INFO] Enola: Solve for Rydberg stage 1954/2008.
[INFO] Enola: Solve for Rydberg stage 1955/2008.
[INFO] Enola: Solve for Rydberg stage 1956/2008.
[INFO] Enola: Solve for Rydberg stage 1957/2008.
[INFO] Enola: Solve for Rydberg stage 1958/2008.
[INFO] Enola: Solve for Rydberg stage 1959/2008.
[INFO] Enola: Solve for Rydberg stage 1960/2008.
[INFO] Enola: Solve for Rydberg stage 1961/2008.
[INFO] Enola: Solve for Rydberg stage 1962/2008.
[INFO] Enola: Solve for Rydberg stage 1963/2008.
[INFO] Enola: Solve for Rydberg stage 1964/2008.
[INFO] Enola: Solve for Rydberg stage 1965/2008.
[INFO] Enola: Solve for Rydberg stage 1966/2008.
[INFO] Enola: Solve for Rydberg stage 1967/2008.
[INFO] Enola: Solve for Rydberg stage 1968/2008.
[INFO] Enola: Solve for Rydberg stage 1969/2008.
[INFO] Enola: Solve for Rydberg stage 1970/2008.
[INFO] Enola: Solve for Rydberg stage 1971/2008.
[INFO] Enola: Solve for Rydberg stage 1972/2008.
[INFO] Enola: Solve for Rydberg stage 1973/2008.
[INFO] Enola: Solve for Rydberg stage 1974/2008.
[INFO] Enola: Solve for Rydberg stage 1975/2008.
[INFO] Enola: Solve for Rydberg stage 1976/2008.
[INFO] Enola: Solve for Rydberg stage 1977/2008.
[INFO] Enola: Solve for Rydberg stage 1978/2008.
[INFO] Enola: Solve for Rydberg stage 1979/2008.
[INFO] Enola: Solve for Rydberg stage 1980/2008.
[INFO] Enola: Solve for Rydberg stage 1981/2008.
[INFO] Enola: Solve for Rydberg stage 1982/2008.
[INFO] Enola: Solve for Rydberg stage 1983/2008.
[INFO] Enola: Solve for Rydberg stage 1984/2008.
[INFO] Enola: Solve for Rydberg stage 1985/2008.
[INFO] Enola: Solve for Rydberg stage 1986/2008.
[INFO] Enola: Solve for Rydberg stage 1987/2008.
[INFO] Enola: Solve for Rydberg stage 1988/2008.
[INFO] Enola: Solve for Rydberg stage 1989/2008.
[INFO] Enola: Solve for Rydberg stage 1990/2008.
[INFO] Enola: Solve for Rydberg stage 1991/2008.
[INFO] Enola: Solve for Rydberg stage 1992/2008.
[INFO] Enola: Solve for Rydberg stage 1993/2008.
[INFO] Enola: Solve for Rydberg stage 1994/2008.
[INFO] Enola: Solve for Rydberg stage 1995/2008.
[INFO] Enola: Solve for Rydberg stage 1996/2008.
[INFO] Enola: Solve for Rydberg stage 1997/2008.
[INFO] Enola: Solve for Rydberg stage 1998/2008.
[INFO] Enola: Solve for Rydberg stage 1999/2008.
[INFO] Enola: Solve for Rydberg stage 2000/2008.
[INFO] Enola: Solve for Rydberg stage 2001/2008.
[INFO] Enola: Solve for Rydberg stage 2002/2008.
[INFO] Enola: Solve for Rydberg stage 2003/2008.
[INFO] Enola: Solve for Rydberg stage 2004/2008.
[INFO] Enola: Solve for Rydberg stage 2005/2008.
[INFO] Enola: Solve for Rydberg stage 2006/2008.
[INFO] Enola: Solve for Rydberg stage 2007/2008.
[INFO] Enola: Solve for Rydberg stage 2008/2008.
[INFO] Enola: Solve for Rydberg stage 2009/2008.
[INFO] Enola: Time for routing: 1.280907154083252s
[INFO] Enola: Total Time: 13.729008197784424s
Compilation successful.

2026-03-25 13:01:48,512 - BenchmarkManager - INFO - enola (run 1/1) - Running /u/halle/heiz/home_at/BachelorProject/benchmarks/uf_50-250_fix10/uf200-010.qasm
2026-03-25 13:01:48,512 - Compiler.enola - INFO - Array width: 100, Array height: 5, AOD columns: 250, AOD rows: 1
2026-03-25 13:02:10,153 - Compiler.enola - INFO - STDOUT:
[INFO] Enola: Start Solving
[INFO] Enola: Run scheduling
[INFO] Enola: Time for scheduling: 0.0026655197143554688s
100
[INFO] Enola: Time for placement: 2.3603439331054688e-05s
[INFO] Enola: Solve for Rydberg stage 2/2325.
[INFO] Enola: Solve for Rydberg stage 3/2325.
[INFO] Enola: Solve for Rydberg stage 4/2325.
[INFO] Enola: Solve for Rydberg stage 5/2325.
[INFO] Enola: Solve for Rydberg stage 6/2325.
[INFO] Enola: Solve for Rydberg stage 7/2325.
[INFO] Enola: Solve for Rydberg stage 8/2325.
[INFO] Enola: Solve for Rydberg stage 9/2325.
[INFO] Enola: Solve for Rydberg stage 10/2325.
[INFO] Enola: Solve for Rydberg stage 11/2325.
[INFO] Enola: Solve for Rydberg stage 12/2325.
[INFO] Enola: Solve for Rydberg stage 13/2325.
[INFO] Enola: Solve for Rydberg stage 14/2325.
[INFO] Enola: Solve for Rydberg stage 15/2325.
[INFO] Enola: Solve for Rydberg stage 16/2325.
[INFO] Enola: Solve for Rydberg stage 17/2325.
[INFO] Enola: Solve for Rydberg stage 18/2325.
[INFO] Enola: Solve for Rydberg stage 19/2325.
[INFO] Enola: Solve for Rydberg stage 20/2325.
[INFO] Enola: Solve for Rydberg stage 21/2325.
[INFO] Enola: Solve for Rydberg stage 22/2325.
[INFO] Enola: Solve for Rydberg stage 23/2325.
[INFO] Enola: Solve for Rydberg stage 24/2325.
[INFO] Enola: Solve for Rydberg stage 25/2325.
[INFO] Enola: Solve for Rydberg stage 26/2325.
[INFO] Enola: Solve for Rydberg stage 27/2325.
[INFO] Enola: Solve for Rydberg stage 28/2325.
[INFO] Enola: Solve for Rydberg stage 29/2325.
[INFO] Enola: Solve for Rydberg stage 30/2325.
[INFO] Enola: Solve for Rydberg stage 31/2325.
[INFO] Enola: Solve for Rydberg stage 32/2325.
[INFO] Enola: Solve for Rydberg stage 33/2325.
[INFO] Enola: Solve for Rydberg stage 34/2325.
[INFO] Enola: Solve for Rydberg stage 35/2325.
[INFO] Enola: Solve for Rydberg stage 36/2325.
[INFO] Enola: Solve for Rydberg stage 37/2325.
[INFO] Enola: Solve for Rydberg stage 38/2325.
[INFO] Enola: Solve for Rydberg stage 39/2325.
[INFO] Enola: Solve for Rydberg stage 40/2325.
[INFO] Enola: Solve for Rydberg stage 41/2325.
[INFO] Enola: Solve for Rydberg stage 42/2325.
[INFO] Enola: Solve for Rydberg stage 43/2325.
[INFO] Enola: Solve for Rydberg stage 44/2325.
[INFO] Enola: Solve for Rydberg stage 45/2325.
[INFO] Enola: Solve for Rydberg stage 46/2325.
[INFO] Enola: Solve for Rydberg stage 47/2325.
[INFO] Enola: Solve for Rydberg stage 48/2325.
[INFO] Enola: Solve for Rydberg stage 49/2325.
[INFO] Enola: Solve for Rydberg stage 50/2325.
[INFO] Enola: Solve for Rydberg stage 51/2325.
[INFO] Enola: Solve for Rydberg stage 52/2325.
[INFO] Enola: Solve for Rydberg stage 53/2325.
[INFO] Enola: Solve for Rydberg stage 54/2325.
[INFO] Enola: Solve for Rydberg stage 55/2325.
[INFO] Enola: Solve for Rydberg stage 56/2325.
[INFO] Enola: Solve for Rydberg stage 57/2325.
[INFO] Enola: Solve for Rydberg stage 58/2325.
[INFO] Enola: Solve for Rydberg stage 59/2325.
[INFO] Enola: Solve for Rydberg stage 60/2325.
[INFO] Enola: Solve for Rydberg stage 61/2325.
[INFO] Enola: Solve for Rydberg stage 62/2325.
[INFO] Enola: Solve for Rydberg stage 63/2325.
[INFO] Enola: Solve for Rydberg stage 64/2325.
[INFO] Enola: Solve for Rydberg stage 65/2325.
[INFO] Enola: Solve for Rydberg stage 66/2325.
[INFO] Enola: Solve for Rydberg stage 67/2325.
[INFO] Enola: Solve for Rydberg stage 68/2325.
[INFO] Enola: Solve for Rydberg stage 69/2325.
[INFO] Enola: Solve for Rydberg stage 70/2325.
[INFO] Enola: Solve for Rydberg stage 71/2325.
[INFO] Enola: Solve for Rydberg stage 72/2325.
[INFO] Enola: Solve for Rydberg stage 73/2325.
[INFO] Enola: Solve for Rydberg stage 74/2325.
[INFO] Enola: Solve for Rydberg stage 75/2325.
[INFO] Enola: Solve for Rydberg stage 76/2325.
[INFO] Enola: Solve for Rydberg stage 77/2325.
[INFO] Enola: Solve for Rydberg stage 78/2325.
[INFO] Enola: Solve for Rydberg stage 79/2325.
[INFO] Enola: Solve for Rydberg stage 80/2325.
[INFO] Enola: Solve for Rydberg stage 81/2325.
[INFO] Enola: Solve for Rydberg stage 82/2325.
[INFO] Enola: Solve for Rydberg stage 83/2325.
[INFO] Enola: Solve for Rydberg stage 84/2325.
[INFO] Enola: Solve for Rydberg stage 85/2325.
[INFO] Enola: Solve for Rydberg stage 86/2325.
[INFO] Enola: Solve for Rydberg stage 87/2325.
[INFO] Enola: Solve for Rydberg stage 88/2325.
[INFO] Enola: Solve for Rydberg stage 89/2325.
[INFO] Enola: Solve for Rydberg stage 90/2325.
[INFO] Enola: Solve for Rydberg stage 91/2325.
[INFO] Enola: Solve for Rydberg stage 92/2325.
[INFO] Enola: Solve for Rydberg stage 93/2325.
[INFO] Enola: Solve for Rydberg stage 94/2325.
[INFO] Enola: Solve for Rydberg stage 95/2325.
[INFO] Enola: Solve for Rydberg stage 96/2325.
[INFO] Enola: Solve for Rydberg stage 97/2325.
[INFO] Enola: Solve for Rydberg stage 98/2325.
[INFO] Enola: Solve for Rydberg stage 99/2325.
[INFO] Enola: Solve for Rydberg stage 100/2325.
[INFO] Enola: Solve for Rydberg stage 101/2325.
[INFO] Enola: Solve for Rydberg stage 102/2325.
[INFO] Enola: Solve for Rydberg stage 103/2325.
[INFO] Enola: Solve for Rydberg stage 104/2325.
[INFO] Enola: Solve for Rydberg stage 105/2325.
[INFO] Enola: Solve for Rydberg stage 106/2325.
[INFO] Enola: Solve for Rydberg stage 107/2325.
[INFO] Enola: Solve for Rydberg stage 108/2325.
[INFO] Enola: Solve for Rydberg stage 109/2325.
[INFO] Enola: Solve for Rydberg stage 110/2325.
[INFO] Enola: Solve for Rydberg stage 111/2325.
[INFO] Enola: Solve for Rydberg stage 112/2325.
[INFO] Enola: Solve for Rydberg stage 113/2325.
[INFO] Enola: Solve for Rydberg stage 114/2325.
[INFO] Enola: Solve for Rydberg stage 115/2325.
[INFO] Enola: Solve for Rydberg stage 116/2325.
[INFO] Enola: Solve for Rydberg stage 117/2325.
[INFO] Enola: Solve for Rydberg stage 118/2325.
[INFO] Enola: Solve for Rydberg stage 119/2325.
[INFO] Enola: Solve for Rydberg stage 120/2325.
[INFO] Enola: Solve for Rydberg stage 121/2325.
[INFO] Enola: Solve for Rydberg stage 122/2325.
[INFO] Enola: Solve for Rydberg stage 123/2325.
[INFO] Enola: Solve for Rydberg stage 124/2325.
[INFO] Enola: Solve for Rydberg stage 125/2325.
[INFO] Enola: Solve for Rydberg stage 126/2325.
[INFO] Enola: Solve for Rydberg stage 127/2325.
[INFO] Enola: Solve for Rydberg stage 128/2325.
[INFO] Enola: Solve for Rydberg stage 129/2325.
[INFO] Enola: Solve for Rydberg stage 130/2325.
[INFO] Enola: Solve for Rydberg stage 131/2325.
[INFO] Enola: Solve for Rydberg stage 132/2325.
[INFO] Enola: Solve for Rydberg stage 133/2325.
[INFO] Enola: Solve for Rydberg stage 134/2325.
[INFO] Enola: Solve for Rydberg stage 135/2325.
[INFO] Enola: Solve for Rydberg stage 136/2325.
[INFO] Enola: Solve for Rydberg stage 137/2325.
[INFO] Enola: Solve for Rydberg stage 138/2325.
[INFO] Enola: Solve for Rydberg stage 139/2325.
[INFO] Enola: Solve for Rydberg stage 140/2325.
[INFO] Enola: Solve for Rydberg stage 141/2325.
[INFO] Enola: Solve for Rydberg stage 142/2325.
[INFO] Enola: Solve for Rydberg stage 143/2325.
[INFO] Enola: Solve for Rydberg stage 144/2325.
[INFO] Enola: Solve for Rydberg stage 145/2325.
[INFO] Enola: Solve for Rydberg stage 146/2325.
[INFO] Enola: Solve for Rydberg stage 147/2325.
[INFO] Enola: Solve for Rydberg stage 148/2325.
[INFO] Enola: Solve for Rydberg stage 149/2325.
[INFO] Enola: Solve for Rydberg stage 150/2325.
[INFO] Enola: Solve for Rydberg stage 151/2325.
[INFO] Enola: Solve for Rydberg stage 152/2325.
[INFO] Enola: Solve for Rydberg stage 153/2325.
[INFO] Enola: Solve for Rydberg stage 154/2325.
[INFO] Enola: Solve for Rydberg stage 155/2325.
[INFO] Enola: Solve for Rydberg stage 156/2325.
[INFO] Enola: Solve for Rydberg stage 157/2325.
[INFO] Enola: Solve for Rydberg stage 158/2325.
[INFO] Enola: Solve for Rydberg stage 159/2325.
[INFO] Enola: Solve for Rydberg stage 160/2325.
[INFO] Enola: Solve for Rydberg stage 161/2325.
[INFO] Enola: Solve for Rydberg stage 162/2325.
[INFO] Enola: Solve for Rydberg stage 163/2325.
[INFO] Enola: Solve for Rydberg stage 164/2325.
[INFO] Enola: Solve for Rydberg stage 165/2325.
[INFO] Enola: Solve for Rydberg stage 166/2325.
[INFO] Enola: Solve for Rydberg stage 167/2325.
[INFO] Enola: Solve for Rydberg stage 168/2325.
[INFO] Enola: Solve for Rydberg stage 169/2325.
[INFO] Enola: Solve for Rydberg stage 170/2325.
[INFO] Enola: Solve for Rydberg stage 171/2325.
[INFO] Enola: Solve for Rydberg stage 172/2325.
[INFO] Enola: Solve for Rydberg stage 173/2325.
[INFO] Enola: Solve for Rydberg stage 174/2325.
[INFO] Enola: Solve for Rydberg stage 175/2325.
[INFO] Enola: Solve for Rydberg stage 176/2325.
[INFO] Enola: Solve for Rydberg stage 177/2325.
[INFO] Enola: Solve for Rydberg stage 178/2325.
[INFO] Enola: Solve for Rydberg stage 179/2325.
[INFO] Enola: Solve for Rydberg stage 180/2325.
[INFO] Enola: Solve for Rydberg stage 181/2325.
[INFO] Enola: Solve for Rydberg stage 182/2325.
[INFO] Enola: Solve for Rydberg stage 183/2325.
[INFO] Enola: Solve for Rydberg stage 184/2325.
[INFO] Enola: Solve for Rydberg stage 185/2325.
[INFO] Enola: Solve for Rydberg stage 186/2325.
[INFO] Enola: Solve for Rydberg stage 187/2325.
[INFO] Enola: Solve for Rydberg stage 188/2325.
[INFO] Enola: Solve for Rydberg stage 189/2325.
[INFO] Enola: Solve for Rydberg stage 190/2325.
[INFO] Enola: Solve for Rydberg stage 191/2325.
[INFO] Enola: Solve for Rydberg stage 192/2325.
[INFO] Enola: Solve for Rydberg stage 193/2325.
[INFO] Enola: Solve for Rydberg stage 194/2325.
[INFO] Enola: Solve for Rydberg stage 195/2325.
[INFO] Enola: Solve for Rydberg stage 196/2325.
[INFO] Enola: Solve for Rydberg stage 197/2325.
[INFO] Enola: Solve for Rydberg stage 198/2325.
[INFO] Enola: Solve for Rydberg stage 199/2325.
[INFO] Enola: Solve for Rydberg stage 200/2325.
[INFO] Enola: Solve for Rydberg stage 201/2325.
[INFO] Enola: Solve for Rydberg stage 202/2325.
[INFO] Enola: Solve for Rydberg stage 203/2325.
[INFO] Enola: Solve for Rydberg stage 204/2325.
[INFO] Enola: Solve for Rydberg stage 205/2325.
[INFO] Enola: Solve for Rydberg stage 206/2325.
[INFO] Enola: Solve for Rydberg stage 207/2325.
[INFO] Enola: Solve for Rydberg stage 208/2325.
[INFO] Enola: Solve for Rydberg stage 209/2325.
[INFO] Enola: Solve for Rydberg stage 210/2325.
[INFO] Enola: Solve for Rydberg stage 211/2325.
[INFO] Enola: Solve for Rydberg stage 212/2325.
[INFO] Enola: Solve for Rydberg stage 213/2325.
[INFO] Enola: Solve for Rydberg stage 214/2325.
[INFO] Enola: Solve for Rydberg stage 215/2325.
[INFO] Enola: Solve for Rydberg stage 216/2325.
[INFO] Enola: Solve for Rydberg stage 217/2325.
[INFO] Enola: Solve for Rydberg stage 218/2325.
[INFO] Enola: Solve for Rydberg stage 219/2325.
[INFO] Enola: Solve for Rydberg stage 220/2325.
[INFO] Enola: Solve for Rydberg stage 221/2325.
[INFO] Enola: Solve for Rydberg stage 222/2325.
[INFO] Enola: Solve for Rydberg stage 223/2325.
[INFO] Enola: Solve for Rydberg stage 224/2325.
[INFO] Enola: Solve for Rydberg stage 225/2325.
[INFO] Enola: Solve for Rydberg stage 226/2325.
[INFO] Enola: Solve for Rydberg stage 227/2325.
[INFO] Enola: Solve for Rydberg stage 228/2325.
[INFO] Enola: Solve for Rydberg stage 229/2325.
[INFO] Enola: Solve for Rydberg stage 230/2325.
[INFO] Enola: Solve for Rydberg stage 231/2325.
[INFO] Enola: Solve for Rydberg stage 232/2325.
[INFO] Enola: Solve for Rydberg stage 233/2325.
[INFO] Enola: Solve for Rydberg stage 234/2325.
[INFO] Enola: Solve for Rydberg stage 235/2325.
[INFO] Enola: Solve for Rydberg stage 236/2325.
[INFO] Enola: Solve for Rydberg stage 237/2325.
[INFO] Enola: Solve for Rydberg stage 238/2325.
[INFO] Enola: Solve for Rydberg stage 239/2325.
[INFO] Enola: Solve for Rydberg stage 240/2325.
[INFO] Enola: Solve for Rydberg stage 241/2325.
[INFO] Enola: Solve for Rydberg stage 242/2325.
[INFO] Enola: Solve for Rydberg stage 243/2325.
[INFO] Enola: Solve for Rydberg stage 244/2325.
[INFO] Enola: Solve for Rydberg stage 245/2325.
[INFO] Enola: Solve for Rydberg stage 246/2325.
[INFO] Enola: Solve for Rydberg stage 247/2325.
[INFO] Enola: Solve for Rydberg stage 248/2325.
[INFO] Enola: Solve for Rydberg stage 249/2325.
[INFO] Enola: Solve for Rydberg stage 250/2325.
[INFO] Enola: Solve for Rydberg stage 251/2325.
[INFO] Enola: Solve for Rydberg stage 252/2325.
[INFO] Enola: Solve for Rydberg stage 253/2325.
[INFO] Enola: Solve for Rydberg stage 254/2325.
[INFO] Enola: Solve for Rydberg stage 255/2325.
[INFO] Enola: Solve for Rydberg stage 256/2325.
[INFO] Enola: Solve for Rydberg stage 257/2325.
[INFO] Enola: Solve for Rydberg stage 258/2325.
[INFO] Enola: Solve for Rydberg stage 259/2325.
[INFO] Enola: Solve for Rydberg stage 260/2325.
[INFO] Enola: Solve for Rydberg stage 261/2325.
[INFO] Enola: Solve for Rydberg stage 262/2325.
[INFO] Enola: Solve for Rydberg stage 263/2325.
[INFO] Enola: Solve for Rydberg stage 264/2325.
[INFO] Enola: Solve for Rydberg stage 265/2325.
[INFO] Enola: Solve for Rydberg stage 266/2325.
[INFO] Enola: Solve for Rydberg stage 267/2325.
[INFO] Enola: Solve for Rydberg stage 268/2325.
[INFO] Enola: Solve for Rydberg stage 269/2325.
[INFO] Enola: Solve for Rydberg stage 270/2325.
[INFO] Enola: Solve for Rydberg stage 271/2325.
[INFO] Enola: Solve for Rydberg stage 272/2325.
[INFO] Enola: Solve for Rydberg stage 273/2325.
[INFO] Enola: Solve for Rydberg stage 274/2325.
[INFO] Enola: Solve for Rydberg stage 275/2325.
[INFO] Enola: Solve for Rydberg stage 276/2325.
[INFO] Enola: Solve for Rydberg stage 277/2325.
[INFO] Enola: Solve for Rydberg stage 278/2325.
[INFO] Enola: Solve for Rydberg stage 279/2325.
[INFO] Enola: Solve for Rydberg stage 280/2325.
[INFO] Enola: Solve for Rydberg stage 281/2325.
[INFO] Enola: Solve for Rydberg stage 282/2325.
[INFO] Enola: Solve for Rydberg stage 283/2325.
[INFO] Enola: Solve for Rydberg stage 284/2325.
[INFO] Enola: Solve for Rydberg stage 285/2325.
[INFO] Enola: Solve for Rydberg stage 286/2325.
[INFO] Enola: Solve for Rydberg stage 287/2325.
[INFO] Enola: Solve for Rydberg stage 288/2325.
[INFO] Enola: Solve for Rydberg stage 289/2325.
[INFO] Enola: Solve for Rydberg stage 290/2325.
[INFO] Enola: Solve for Rydberg stage 291/2325.
[INFO] Enola: Solve for Rydberg stage 292/2325.
[INFO] Enola: Solve for Rydberg stage 293/2325.
[INFO] Enola: Solve for Rydberg stage 294/2325.
[INFO] Enola: Solve for Rydberg stage 295/2325.
[INFO] Enola: Solve for Rydberg stage 296/2325.
[INFO] Enola: Solve for Rydberg stage 297/2325.
[INFO] Enola: Solve for Rydberg stage 298/2325.
[INFO] Enola: Solve for Rydberg stage 299/2325.
[INFO] Enola: Solve for Rydberg stage 300/2325.
[INFO] Enola: Solve for Rydberg stage 301/2325.
[INFO] Enola: Solve for Rydberg stage 302/2325.
[INFO] Enola: Solve for Rydberg stage 303/2325.
[INFO] Enola: Solve for Rydberg stage 304/2325.
[INFO] Enola: Solve for Rydberg stage 305/2325.
[INFO] Enola: Solve for Rydberg stage 306/2325.
[INFO] Enola: Solve for Rydberg stage 307/2325.
[INFO] Enola: Solve for Rydberg stage 308/2325.
[INFO] Enola: Solve for Rydberg stage 309/2325.
[INFO] Enola: Solve for Rydberg stage 310/2325.
[INFO] Enola: Solve for Rydberg stage 311/2325.
[INFO] Enola: Solve for Rydberg stage 312/2325.
[INFO] Enola: Solve for Rydberg stage 313/2325.
[INFO] Enola: Solve for Rydberg stage 314/2325.
[INFO] Enola: Solve for Rydberg stage 315/2325.
[INFO] Enola: Solve for Rydberg stage 316/2325.
[INFO] Enola: Solve for Rydberg stage 317/2325.
[INFO] Enola: Solve for Rydberg stage 318/2325.
[INFO] Enola: Solve for Rydberg stage 319/2325.
[INFO] Enola: Solve for Rydberg stage 320/2325.
[INFO] Enola: Solve for Rydberg stage 321/2325.
[INFO] Enola: Solve for Rydberg stage 322/2325.
[INFO] Enola: Solve for Rydberg stage 323/2325.
[INFO] Enola: Solve for Rydberg stage 324/2325.
[INFO] Enola: Solve for Rydberg stage 325/2325.
[INFO] Enola: Solve for Rydberg stage 326/2325.
[INFO] Enola: Solve for Rydberg stage 327/2325.
[INFO] Enola: Solve for Rydberg stage 328/2325.
[INFO] Enola: Solve for Rydberg stage 329/2325.
[INFO] Enola: Solve for Rydberg stage 330/2325.
[INFO] Enola: Solve for Rydberg stage 331/2325.
[INFO] Enola: Solve for Rydberg stage 332/2325.
[INFO] Enola: Solve for Rydberg stage 333/2325.
[INFO] Enola: Solve for Rydberg stage 334/2325.
[INFO] Enola: Solve for Rydberg stage 335/2325.
[INFO] Enola: Solve for Rydberg stage 336/2325.
[INFO] Enola: Solve for Rydberg stage 337/2325.
[INFO] Enola: Solve for Rydberg stage 338/2325.
[INFO] Enola: Solve for Rydberg stage 339/2325.
[INFO] Enola: Solve for Rydberg stage 340/2325.
[INFO] Enola: Solve for Rydberg stage 341/2325.
[INFO] Enola: Solve for Rydberg stage 342/2325.
[INFO] Enola: Solve for Rydberg stage 343/2325.
[INFO] Enola: Solve for Rydberg stage 344/2325.
[INFO] Enola: Solve for Rydberg stage 345/2325.
[INFO] Enola: Solve for Rydberg stage 346/2325.
[INFO] Enola: Solve for Rydberg stage 347/2325.
[INFO] Enola: Solve for Rydberg stage 348/2325.
[INFO] Enola: Solve for Rydberg stage 349/2325.
[INFO] Enola: Solve for Rydberg stage 350/2325.
[INFO] Enola: Solve for Rydberg stage 351/2325.
[INFO] Enola: Solve for Rydberg stage 352/2325.
[INFO] Enola: Solve for Rydberg stage 353/2325.
[INFO] Enola: Solve for Rydberg stage 354/2325.
[INFO] Enola: Solve for Rydberg stage 355/2325.
[INFO] Enola: Solve for Rydberg stage 356/2325.
[INFO] Enola: Solve for Rydberg stage 357/2325.
[INFO] Enola: Solve for Rydberg stage 358/2325.
[INFO] Enola: Solve for Rydberg stage 359/2325.
[INFO] Enola: Solve for Rydberg stage 360/2325.
[INFO] Enola: Solve for Rydberg stage 361/2325.
[INFO] Enola: Solve for Rydberg stage 362/2325.
[INFO] Enola: Solve for Rydberg stage 363/2325.
[INFO] Enola: Solve for Rydberg stage 364/2325.
[INFO] Enola: Solve for Rydberg stage 365/2325.
[INFO] Enola: Solve for Rydberg stage 366/2325.
[INFO] Enola: Solve for Rydberg stage 367/2325.
[INFO] Enola: Solve for Rydberg stage 368/2325.
[INFO] Enola: Solve for Rydberg stage 369/2325.
[INFO] Enola: Solve for Rydberg stage 370/2325.
[INFO] Enola: Solve for Rydberg stage 371/2325.
[INFO] Enola: Solve for Rydberg stage 372/2325.
[INFO] Enola: Solve for Rydberg stage 373/2325.
[INFO] Enola: Solve for Rydberg stage 374/2325.
[INFO] Enola: Solve for Rydberg stage 375/2325.
[INFO] Enola: Solve for Rydberg stage 376/2325.
[INFO] Enola: Solve for Rydberg stage 377/2325.
[INFO] Enola: Solve for Rydberg stage 378/2325.
[INFO] Enola: Solve for Rydberg stage 379/2325.
[INFO] Enola: Solve for Rydberg stage 380/2325.
[INFO] Enola: Solve for Rydberg stage 381/2325.
[INFO] Enola: Solve for Rydberg stage 382/2325.
[INFO] Enola: Solve for Rydberg stage 383/2325.
[INFO] Enola: Solve for Rydberg stage 384/2325.
[INFO] Enola: Solve for Rydberg stage 385/2325.
[INFO] Enola: Solve for Rydberg stage 386/2325.
[INFO] Enola: Solve for Rydberg stage 387/2325.
[INFO] Enola: Solve for Rydberg stage 388/2325.
[INFO] Enola: Solve for Rydberg stage 389/2325.
[INFO] Enola: Solve for Rydberg stage 390/2325.
[INFO] Enola: Solve for Rydberg stage 391/2325.
[INFO] Enola: Solve for Rydberg stage 392/2325.
[INFO] Enola: Solve for Rydberg stage 393/2325.
[INFO] Enola: Solve for Rydberg stage 394/2325.
[INFO] Enola: Solve for Rydberg stage 395/2325.
[INFO] Enola: Solve for Rydberg stage 396/2325.
[INFO] Enola: Solve for Rydberg stage 397/2325.
[INFO] Enola: Solve for Rydberg stage 398/2325.
[INFO] Enola: Solve for Rydberg stage 399/2325.
[INFO] Enola: Solve for Rydberg stage 400/2325.
[INFO] Enola: Solve for Rydberg stage 401/2325.
[INFO] Enola: Solve for Rydberg stage 402/2325.
[INFO] Enola: Solve for Rydberg stage 403/2325.
[INFO] Enola: Solve for Rydberg stage 404/2325.
[INFO] Enola: Solve for Rydberg stage 405/2325.
[INFO] Enola: Solve for Rydberg stage 406/2325.
[INFO] Enola: Solve for Rydberg stage 407/2325.
[INFO] Enola: Solve for Rydberg stage 408/2325.
[INFO] Enola: Solve for Rydberg stage 409/2325.
[INFO] Enola: Solve for Rydberg stage 410/2325.
[INFO] Enola: Solve for Rydberg stage 411/2325.
[INFO] Enola: Solve for Rydberg stage 412/2325.
[INFO] Enola: Solve for Rydberg stage 413/2325.
[INFO] Enola: Solve for Rydberg stage 414/2325.
[INFO] Enola: Solve for Rydberg stage 415/2325.
[INFO] Enola: Solve for Rydberg stage 416/2325.
[INFO] Enola: Solve for Rydberg stage 417/2325.
[INFO] Enola: Solve for Rydberg stage 418/2325.
[INFO] Enola: Solve for Rydberg stage 419/2325.
[INFO] Enola: Solve for Rydberg stage 420/2325.
[INFO] Enola: Solve for Rydberg stage 421/2325.
[INFO] Enola: Solve for Rydberg stage 422/2325.
[INFO] Enola: Solve for Rydberg stage 423/2325.
[INFO] Enola: Solve for Rydberg stage 424/2325.
[INFO] Enola: Solve for Rydberg stage 425/2325.
[INFO] Enola: Solve for Rydberg stage 426/2325.
[INFO] Enola: Solve for Rydberg stage 427/2325.
[INFO] Enola: Solve for Rydberg stage 428/2325.
[INFO] Enola: Solve for Rydberg stage 429/2325.
[INFO] Enola: Solve for Rydberg stage 430/2325.
[INFO] Enola: Solve for Rydberg stage 431/2325.
[INFO] Enola: Solve for Rydberg stage 432/2325.
[INFO] Enola: Solve for Rydberg stage 433/2325.
[INFO] Enola: Solve for Rydberg stage 434/2325.
[INFO] Enola: Solve for Rydberg stage 435/2325.
[INFO] Enola: Solve for Rydberg stage 436/2325.
[INFO] Enola: Solve for Rydberg stage 437/2325.
[INFO] Enola: Solve for Rydberg stage 438/2325.
[INFO] Enola: Solve for Rydberg stage 439/2325.
[INFO] Enola: Solve for Rydberg stage 440/2325.
[INFO] Enola: Solve for Rydberg stage 441/2325.
[INFO] Enola: Solve for Rydberg stage 442/2325.
[INFO] Enola: Solve for Rydberg stage 443/2325.
[INFO] Enola: Solve for Rydberg stage 444/2325.
[INFO] Enola: Solve for Rydberg stage 445/2325.
[INFO] Enola: Solve for Rydberg stage 446/2325.
[INFO] Enola: Solve for Rydberg stage 447/2325.
[INFO] Enola: Solve for Rydberg stage 448/2325.
[INFO] Enola: Solve for Rydberg stage 449/2325.
[INFO] Enola: Solve for Rydberg stage 450/2325.
[INFO] Enola: Solve for Rydberg stage 451/2325.
[INFO] Enola: Solve for Rydberg stage 452/2325.
[INFO] Enola: Solve for Rydberg stage 453/2325.
[INFO] Enola: Solve for Rydberg stage 454/2325.
[INFO] Enola: Solve for Rydberg stage 455/2325.
[INFO] Enola: Solve for Rydberg stage 456/2325.
[INFO] Enola: Solve for Rydberg stage 457/2325.
[INFO] Enola: Solve for Rydberg stage 458/2325.
[INFO] Enola: Solve for Rydberg stage 459/2325.
[INFO] Enola: Solve for Rydberg stage 460/2325.
[INFO] Enola: Solve for Rydberg stage 461/2325.
[INFO] Enola: Solve for Rydberg stage 462/2325.
[INFO] Enola: Solve for Rydberg stage 463/2325.
[INFO] Enola: Solve for Rydberg stage 464/2325.
[INFO] Enola: Solve for Rydberg stage 465/2325.
[INFO] Enola: Solve for Rydberg stage 466/2325.
[INFO] Enola: Solve for Rydberg stage 467/2325.
[INFO] Enola: Solve for Rydberg stage 468/2325.
[INFO] Enola: Solve for Rydberg stage 469/2325.
[INFO] Enola: Solve for Rydberg stage 470/2325.
[INFO] Enola: Solve for Rydberg stage 471/2325.
[INFO] Enola: Solve for Rydberg stage 472/2325.
[INFO] Enola: Solve for Rydberg stage 473/2325.
[INFO] Enola: Solve for Rydberg stage 474/2325.
[INFO] Enola: Solve for Rydberg stage 475/2325.
[INFO] Enola: Solve for Rydberg stage 476/2325.
[INFO] Enola: Solve for Rydberg stage 477/2325.
[INFO] Enola: Solve for Rydberg stage 478/2325.
[INFO] Enola: Solve for Rydberg stage 479/2325.
[INFO] Enola: Solve for Rydberg stage 480/2325.
[INFO] Enola: Solve for Rydberg stage 481/2325.
[INFO] Enola: Solve for Rydberg stage 482/2325.
[INFO] Enola: Solve for Rydberg stage 483/2325.
[INFO] Enola: Solve for Rydberg stage 484/2325.
[INFO] Enola: Solve for Rydberg stage 485/2325.
[INFO] Enola: Solve for Rydberg stage 486/2325.
[INFO] Enola: Solve for Rydberg stage 487/2325.
[INFO] Enola: Solve for Rydberg stage 488/2325.
[INFO] Enola: Solve for Rydberg stage 489/2325.
[INFO] Enola: Solve for Rydberg stage 490/2325.
[INFO] Enola: Solve for Rydberg stage 491/2325.
[INFO] Enola: Solve for Rydberg stage 492/2325.
[INFO] Enola: Solve for Rydberg stage 493/2325.
[INFO] Enola: Solve for Rydberg stage 494/2325.
[INFO] Enola: Solve for Rydberg stage 495/2325.
[INFO] Enola: Solve for Rydberg stage 496/2325.
[INFO] Enola: Solve for Rydberg stage 497/2325.
[INFO] Enola: Solve for Rydberg stage 498/2325.
[INFO] Enola: Solve for Rydberg stage 499/2325.
[INFO] Enola: Solve for Rydberg stage 500/2325.
[INFO] Enola: Solve for Rydberg stage 501/2325.
[INFO] Enola: Solve for Rydberg stage 502/2325.
[INFO] Enola: Solve for Rydberg stage 503/2325.
[INFO] Enola: Solve for Rydberg stage 504/2325.
[INFO] Enola: Solve for Rydberg stage 505/2325.
[INFO] Enola: Solve for Rydberg stage 506/2325.
[INFO] Enola: Solve for Rydberg stage 507/2325.
[INFO] Enola: Solve for Rydberg stage 508/2325.
[INFO] Enola: Solve for Rydberg stage 509/2325.
[INFO] Enola: Solve for Rydberg stage 510/2325.
[INFO] Enola: Solve for Rydberg stage 511/2325.
[INFO] Enola: Solve for Rydberg stage 512/2325.
[INFO] Enola: Solve for Rydberg stage 513/2325.
[INFO] Enola: Solve for Rydberg stage 514/2325.
[INFO] Enola: Solve for Rydberg stage 515/2325.
[INFO] Enola: Solve for Rydberg stage 516/2325.
[INFO] Enola: Solve for Rydberg stage 517/2325.
[INFO] Enola: Solve for Rydberg stage 518/2325.
[INFO] Enola: Solve for Rydberg stage 519/2325.
[INFO] Enola: Solve for Rydberg stage 520/2325.
[INFO] Enola: Solve for Rydberg stage 521/2325.
[INFO] Enola: Solve for Rydberg stage 522/2325.
[INFO] Enola: Solve for Rydberg stage 523/2325.
[INFO] Enola: Solve for Rydberg stage 524/2325.
[INFO] Enola: Solve for Rydberg stage 525/2325.
[INFO] Enola: Solve for Rydberg stage 526/2325.
[INFO] Enola: Solve for Rydberg stage 527/2325.
[INFO] Enola: Solve for Rydberg stage 528/2325.
[INFO] Enola: Solve for Rydberg stage 529/2325.
[INFO] Enola: Solve for Rydberg stage 530/2325.
[INFO] Enola: Solve for Rydberg stage 531/2325.
[INFO] Enola: Solve for Rydberg stage 532/2325.
[INFO] Enola: Solve for Rydberg stage 533/2325.
[INFO] Enola: Solve for Rydberg stage 534/2325.
[INFO] Enola: Solve for Rydberg stage 535/2325.
[INFO] Enola: Solve for Rydberg stage 536/2325.
[INFO] Enola: Solve for Rydberg stage 537/2325.
[INFO] Enola: Solve for Rydberg stage 538/2325.
[INFO] Enola: Solve for Rydberg stage 539/2325.
[INFO] Enola: Solve for Rydberg stage 540/2325.
[INFO] Enola: Solve for Rydberg stage 541/2325.
[INFO] Enola: Solve for Rydberg stage 542/2325.
[INFO] Enola: Solve for Rydberg stage 543/2325.
[INFO] Enola: Solve for Rydberg stage 544/2325.
[INFO] Enola: Solve for Rydberg stage 545/2325.
[INFO] Enola: Solve for Rydberg stage 546/2325.
[INFO] Enola: Solve for Rydberg stage 547/2325.
[INFO] Enola: Solve for Rydberg stage 548/2325.
[INFO] Enola: Solve for Rydberg stage 549/2325.
[INFO] Enola: Solve for Rydberg stage 550/2325.
[INFO] Enola: Solve for Rydberg stage 551/2325.
[INFO] Enola: Solve for Rydberg stage 552/2325.
[INFO] Enola: Solve for Rydberg stage 553/2325.
[INFO] Enola: Solve for Rydberg stage 554/2325.
[INFO] Enola: Solve for Rydberg stage 555/2325.
[INFO] Enola: Solve for Rydberg stage 556/2325.
[INFO] Enola: Solve for Rydberg stage 557/2325.
[INFO] Enola: Solve for Rydberg stage 558/2325.
[INFO] Enola: Solve for Rydberg stage 559/2325.
[INFO] Enola: Solve for Rydberg stage 560/2325.
[INFO] Enola: Solve for Rydberg stage 561/2325.
[INFO] Enola: Solve for Rydberg stage 562/2325.
[INFO] Enola: Solve for Rydberg stage 563/2325.
[INFO] Enola: Solve for Rydberg stage 564/2325.
[INFO] Enola: Solve for Rydberg stage 565/2325.
[INFO] Enola: Solve for Rydberg stage 566/2325.
[INFO] Enola: Solve for Rydberg stage 567/2325.
[INFO] Enola: Solve for Rydberg stage 568/2325.
[INFO] Enola: Solve for Rydberg stage 569/2325.
[INFO] Enola: Solve for Rydberg stage 570/2325.
[INFO] Enola: Solve for Rydberg stage 571/2325.
[INFO] Enola: Solve for Rydberg stage 572/2325.
[INFO] Enola: Solve for Rydberg stage 573/2325.
[INFO] Enola: Solve for Rydberg stage 574/2325.
[INFO] Enola: Solve for Rydberg stage 575/2325.
[INFO] Enola: Solve for Rydberg stage 576/2325.
[INFO] Enola: Solve for Rydberg stage 577/2325.
[INFO] Enola: Solve for Rydberg stage 578/2325.
[INFO] Enola: Solve for Rydberg stage 579/2325.
[INFO] Enola: Solve for Rydberg stage 580/2325.
[INFO] Enola: Solve for Rydberg stage 581/2325.
[INFO] Enola: Solve for Rydberg stage 582/2325.
[INFO] Enola: Solve for Rydberg stage 583/2325.
[INFO] Enola: Solve for Rydberg stage 584/2325.
[INFO] Enola: Solve for Rydberg stage 585/2325.
[INFO] Enola: Solve for Rydberg stage 586/2325.
[INFO] Enola: Solve for Rydberg stage 587/2325.
[INFO] Enola: Solve for Rydberg stage 588/2325.
[INFO] Enola: Solve for Rydberg stage 589/2325.
[INFO] Enola: Solve for Rydberg stage 590/2325.
[INFO] Enola: Solve for Rydberg stage 591/2325.
[INFO] Enola: Solve for Rydberg stage 592/2325.
[INFO] Enola: Solve for Rydberg stage 593/2325.
[INFO] Enola: Solve for Rydberg stage 594/2325.
[INFO] Enola: Solve for Rydberg stage 595/2325.
[INFO] Enola: Solve for Rydberg stage 596/2325.
[INFO] Enola: Solve for Rydberg stage 597/2325.
[INFO] Enola: Solve for Rydberg stage 598/2325.
[INFO] Enola: Solve for Rydberg stage 599/2325.
[INFO] Enola: Solve for Rydberg stage 600/2325.
[INFO] Enola: Solve for Rydberg stage 601/2325.
[INFO] Enola: Solve for Rydberg stage 602/2325.
[INFO] Enola: Solve for Rydberg stage 603/2325.
[INFO] Enola: Solve for Rydberg stage 604/2325.
[INFO] Enola: Solve for Rydberg stage 605/2325.
[INFO] Enola: Solve for Rydberg stage 606/2325.
[INFO] Enola: Solve for Rydberg stage 607/2325.
[INFO] Enola: Solve for Rydberg stage 608/2325.
[INFO] Enola: Solve for Rydberg stage 609/2325.
[INFO] Enola: Solve for Rydberg stage 610/2325.
[INFO] Enola: Solve for Rydberg stage 611/2325.
[INFO] Enola: Solve for Rydberg stage 612/2325.
[INFO] Enola: Solve for Rydberg stage 613/2325.
[INFO] Enola: Solve for Rydberg stage 614/2325.
[INFO] Enola: Solve for Rydberg stage 615/2325.
[INFO] Enola: Solve for Rydberg stage 616/2325.
[INFO] Enola: Solve for Rydberg stage 617/2325.
[INFO] Enola: Solve for Rydberg stage 618/2325.
[INFO] Enola: Solve for Rydberg stage 619/2325.
[INFO] Enola: Solve for Rydberg stage 620/2325.
[INFO] Enola: Solve for Rydberg stage 621/2325.
[INFO] Enola: Solve for Rydberg stage 622/2325.
[INFO] Enola: Solve for Rydberg stage 623/2325.
[INFO] Enola: Solve for Rydberg stage 624/2325.
[INFO] Enola: Solve for Rydberg stage 625/2325.
[INFO] Enola: Solve for Rydberg stage 626/2325.
[INFO] Enola: Solve for Rydberg stage 627/2325.
[INFO] Enola: Solve for Rydberg stage 628/2325.
[INFO] Enola: Solve for Rydberg stage 629/2325.
[INFO] Enola: Solve for Rydberg stage 630/2325.
[INFO] Enola: Solve for Rydberg stage 631/2325.
[INFO] Enola: Solve for Rydberg stage 632/2325.
[INFO] Enola: Solve for Rydberg stage 633/2325.
[INFO] Enola: Solve for Rydberg stage 634/2325.
[INFO] Enola: Solve for Rydberg stage 635/2325.
[INFO] Enola: Solve for Rydberg stage 636/2325.
[INFO] Enola: Solve for Rydberg stage 637/2325.
[INFO] Enola: Solve for Rydberg stage 638/2325.
[INFO] Enola: Solve for Rydberg stage 639/2325.
[INFO] Enola: Solve for Rydberg stage 640/2325.
[INFO] Enola: Solve for Rydberg stage 641/2325.
[INFO] Enola: Solve for Rydberg stage 642/2325.
[INFO] Enola: Solve for Rydberg stage 643/2325.
[INFO] Enola: Solve for Rydberg stage 644/2325.
[INFO] Enola: Solve for Rydberg stage 645/2325.
[INFO] Enola: Solve for Rydberg stage 646/2325.
[INFO] Enola: Solve for Rydberg stage 647/2325.
[INFO] Enola: Solve for Rydberg stage 648/2325.
[INFO] Enola: Solve for Rydberg stage 649/2325.
[INFO] Enola: Solve for Rydberg stage 650/2325.
[INFO] Enola: Solve for Rydberg stage 651/2325.
[INFO] Enola: Solve for Rydberg stage 652/2325.
[INFO] Enola: Solve for Rydberg stage 653/2325.
[INFO] Enola: Solve for Rydberg stage 654/2325.
[INFO] Enola: Solve for Rydberg stage 655/2325.
[INFO] Enola: Solve for Rydberg stage 656/2325.
[INFO] Enola: Solve for Rydberg stage 657/2325.
[INFO] Enola: Solve for Rydberg stage 658/2325.
[INFO] Enola: Solve for Rydberg stage 659/2325.
[INFO] Enola: Solve for Rydberg stage 660/2325.
[INFO] Enola: Solve for Rydberg stage 661/2325.
[INFO] Enola: Solve for Rydberg stage 662/2325.
[INFO] Enola: Solve for Rydberg stage 663/2325.
[INFO] Enola: Solve for Rydberg stage 664/2325.
[INFO] Enola: Solve for Rydberg stage 665/2325.
[INFO] Enola: Solve for Rydberg stage 666/2325.
[INFO] Enola: Solve for Rydberg stage 667/2325.
[INFO] Enola: Solve for Rydberg stage 668/2325.
[INFO] Enola: Solve for Rydberg stage 669/2325.
[INFO] Enola: Solve for Rydberg stage 670/2325.
[INFO] Enola: Solve for Rydberg stage 671/2325.
[INFO] Enola: Solve for Rydberg stage 672/2325.
[INFO] Enola: Solve for Rydberg stage 673/2325.
[INFO] Enola: Solve for Rydberg stage 674/2325.
[INFO] Enola: Solve for Rydberg stage 675/2325.
[INFO] Enola: Solve for Rydberg stage 676/2325.
[INFO] Enola: Solve for Rydberg stage 677/2325.
[INFO] Enola: Solve for Rydberg stage 678/2325.
[INFO] Enola: Solve for Rydberg stage 679/2325.
[INFO] Enola: Solve for Rydberg stage 680/2325.
[INFO] Enola: Solve for Rydberg stage 681/2325.
[INFO] Enola: Solve for Rydberg stage 682/2325.
[INFO] Enola: Solve for Rydberg stage 683/2325.
[INFO] Enola: Solve for Rydberg stage 684/2325.
[INFO] Enola: Solve for Rydberg stage 685/2325.
[INFO] Enola: Solve for Rydberg stage 686/2325.
[INFO] Enola: Solve for Rydberg stage 687/2325.
[INFO] Enola: Solve for Rydberg stage 688/2325.
[INFO] Enola: Solve for Rydberg stage 689/2325.
[INFO] Enola: Solve for Rydberg stage 690/2325.
[INFO] Enola: Solve for Rydberg stage 691/2325.
[INFO] Enola: Solve for Rydberg stage 692/2325.
[INFO] Enola: Solve for Rydberg stage 693/2325.
[INFO] Enola: Solve for Rydberg stage 694/2325.
[INFO] Enola: Solve for Rydberg stage 695/2325.
[INFO] Enola: Solve for Rydberg stage 696/2325.
[INFO] Enola: Solve for Rydberg stage 697/2325.
[INFO] Enola: Solve for Rydberg stage 698/2325.
[INFO] Enola: Solve for Rydberg stage 699/2325.
[INFO] Enola: Solve for Rydberg stage 700/2325.
[INFO] Enola: Solve for Rydberg stage 701/2325.
[INFO] Enola: Solve for Rydberg stage 702/2325.
[INFO] Enola: Solve for Rydberg stage 703/2325.
[INFO] Enola: Solve for Rydberg stage 704/2325.
[INFO] Enola: Solve for Rydberg stage 705/2325.
[INFO] Enola: Solve for Rydberg stage 706/2325.
[INFO] Enola: Solve for Rydberg stage 707/2325.
[INFO] Enola: Solve for Rydberg stage 708/2325.
[INFO] Enola: Solve for Rydberg stage 709/2325.
[INFO] Enola: Solve for Rydberg stage 710/2325.
[INFO] Enola: Solve for Rydberg stage 711/2325.
[INFO] Enola: Solve for Rydberg stage 712/2325.
[INFO] Enola: Solve for Rydberg stage 713/2325.
[INFO] Enola: Solve for Rydberg stage 714/2325.
[INFO] Enola: Solve for Rydberg stage 715/2325.
[INFO] Enola: Solve for Rydberg stage 716/2325.
[INFO] Enola: Solve for Rydberg stage 717/2325.
[INFO] Enola: Solve for Rydberg stage 718/2325.
[INFO] Enola: Solve for Rydberg stage 719/2325.
[INFO] Enola: Solve for Rydberg stage 720/2325.
[INFO] Enola: Solve for Rydberg stage 721/2325.
[INFO] Enola: Solve for Rydberg stage 722/2325.
[INFO] Enola: Solve for Rydberg stage 723/2325.
[INFO] Enola: Solve for Rydberg stage 724/2325.
[INFO] Enola: Solve for Rydberg stage 725/2325.
[INFO] Enola: Solve for Rydberg stage 726/2325.
[INFO] Enola: Solve for Rydberg stage 727/2325.
[INFO] Enola: Solve for Rydberg stage 728/2325.
[INFO] Enola: Solve for Rydberg stage 729/2325.
[INFO] Enola: Solve for Rydberg stage 730/2325.
[INFO] Enola: Solve for Rydberg stage 731/2325.
[INFO] Enola: Solve for Rydberg stage 732/2325.
[INFO] Enola: Solve for Rydberg stage 733/2325.
[INFO] Enola: Solve for Rydberg stage 734/2325.
[INFO] Enola: Solve for Rydberg stage 735/2325.
[INFO] Enola: Solve for Rydberg stage 736/2325.
[INFO] Enola: Solve for Rydberg stage 737/2325.
[INFO] Enola: Solve for Rydberg stage 738/2325.
[INFO] Enola: Solve for Rydberg stage 739/2325.
[INFO] Enola: Solve for Rydberg stage 740/2325.
[INFO] Enola: Solve for Rydberg stage 741/2325.
[INFO] Enola: Solve for Rydberg stage 742/2325.
[INFO] Enola: Solve for Rydberg stage 743/2325.
[INFO] Enola: Solve for Rydberg stage 744/2325.
[INFO] Enola: Solve for Rydberg stage 745/2325.
[INFO] Enola: Solve for Rydberg stage 746/2325.
[INFO] Enola: Solve for Rydberg stage 747/2325.
[INFO] Enola: Solve for Rydberg stage 748/2325.
[INFO] Enola: Solve for Rydberg stage 749/2325.
[INFO] Enola: Solve for Rydberg stage 750/2325.
[INFO] Enola: Solve for Rydberg stage 751/2325.
[INFO] Enola: Solve for Rydberg stage 752/2325.
[INFO] Enola: Solve for Rydberg stage 753/2325.
[INFO] Enola: Solve for Rydberg stage 754/2325.
[INFO] Enola: Solve for Rydberg stage 755/2325.
[INFO] Enola: Solve for Rydberg stage 756/2325.
[INFO] Enola: Solve for Rydberg stage 757/2325.
[INFO] Enola: Solve for Rydberg stage 758/2325.
[INFO] Enola: Solve for Rydberg stage 759/2325.
[INFO] Enola: Solve for Rydberg stage 760/2325.
[INFO] Enola: Solve for Rydberg stage 761/2325.
[INFO] Enola: Solve for Rydberg stage 762/2325.
[INFO] Enola: Solve for Rydberg stage 763/2325.
[INFO] Enola: Solve for Rydberg stage 764/2325.
[INFO] Enola: Solve for Rydberg stage 765/2325.
[INFO] Enola: Solve for Rydberg stage 766/2325.
[INFO] Enola: Solve for Rydberg stage 767/2325.
[INFO] Enola: Solve for Rydberg stage 768/2325.
[INFO] Enola: Solve for Rydberg stage 769/2325.
[INFO] Enola: Solve for Rydberg stage 770/2325.
[INFO] Enola: Solve for Rydberg stage 771/2325.
[INFO] Enola: Solve for Rydberg stage 772/2325.
[INFO] Enola: Solve for Rydberg stage 773/2325.
[INFO] Enola: Solve for Rydberg stage 774/2325.
[INFO] Enola: Solve for Rydberg stage 775/2325.
[INFO] Enola: Solve for Rydberg stage 776/2325.
[INFO] Enola: Solve for Rydberg stage 777/2325.
[INFO] Enola: Solve for Rydberg stage 778/2325.
[INFO] Enola: Solve for Rydberg stage 779/2325.
[INFO] Enola: Solve for Rydberg stage 780/2325.
[INFO] Enola: Solve for Rydberg stage 781/2325.
[INFO] Enola: Solve for Rydberg stage 782/2325.
[INFO] Enola: Solve for Rydberg stage 783/2325.
[INFO] Enola: Solve for Rydberg stage 784/2325.
[INFO] Enola: Solve for Rydberg stage 785/2325.
[INFO] Enola: Solve for Rydberg stage 786/2325.
[INFO] Enola: Solve for Rydberg stage 787/2325.
[INFO] Enola: Solve for Rydberg stage 788/2325.
[INFO] Enola: Solve for Rydberg stage 789/2325.
[INFO] Enola: Solve for Rydberg stage 790/2325.
[INFO] Enola: Solve for Rydberg stage 791/2325.
[INFO] Enola: Solve for Rydberg stage 792/2325.
[INFO] Enola: Solve for Rydberg stage 793/2325.
[INFO] Enola: Solve for Rydberg stage 794/2325.
[INFO] Enola: Solve for Rydberg stage 795/2325.
[INFO] Enola: Solve for Rydberg stage 796/2325.
[INFO] Enola: Solve for Rydberg stage 797/2325.
[INFO] Enola: Solve for Rydberg stage 798/2325.
[INFO] Enola: Solve for Rydberg stage 799/2325.
[INFO] Enola: Solve for Rydberg stage 800/2325.
[INFO] Enola: Solve for Rydberg stage 801/2325.
[INFO] Enola: Solve for Rydberg stage 802/2325.
[INFO] Enola: Solve for Rydberg stage 803/2325.
[INFO] Enola: Solve for Rydberg stage 804/2325.
[INFO] Enola: Solve for Rydberg stage 805/2325.
[INFO] Enola: Solve for Rydberg stage 806/2325.
[INFO] Enola: Solve for Rydberg stage 807/2325.
[INFO] Enola: Solve for Rydberg stage 808/2325.
[INFO] Enola: Solve for Rydberg stage 809/2325.
[INFO] Enola: Solve for Rydberg stage 810/2325.
[INFO] Enola: Solve for Rydberg stage 811/2325.
[INFO] Enola: Solve for Rydberg stage 812/2325.
[INFO] Enola: Solve for Rydberg stage 813/2325.
[INFO] Enola: Solve for Rydberg stage 814/2325.
[INFO] Enola: Solve for Rydberg stage 815/2325.
[INFO] Enola: Solve for Rydberg stage 816/2325.
[INFO] Enola: Solve for Rydberg stage 817/2325.
[INFO] Enola: Solve for Rydberg stage 818/2325.
[INFO] Enola: Solve for Rydberg stage 819/2325.
[INFO] Enola: Solve for Rydberg stage 820/2325.
[INFO] Enola: Solve for Rydberg stage 821/2325.
[INFO] Enola: Solve for Rydberg stage 822/2325.
[INFO] Enola: Solve for Rydberg stage 823/2325.
[INFO] Enola: Solve for Rydberg stage 824/2325.
[INFO] Enola: Solve for Rydberg stage 825/2325.
[INFO] Enola: Solve for Rydberg stage 826/2325.
[INFO] Enola: Solve for Rydberg stage 827/2325.
[INFO] Enola: Solve for Rydberg stage 828/2325.
[INFO] Enola: Solve for Rydberg stage 829/2325.
[INFO] Enola: Solve for Rydberg stage 830/2325.
[INFO] Enola: Solve for Rydberg stage 831/2325.
[INFO] Enola: Solve for Rydberg stage 832/2325.
[INFO] Enola: Solve for Rydberg stage 833/2325.
[INFO] Enola: Solve for Rydberg stage 834/2325.
[INFO] Enola: Solve for Rydberg stage 835/2325.
[INFO] Enola: Solve for Rydberg stage 836/2325.
[INFO] Enola: Solve for Rydberg stage 837/2325.
[INFO] Enola: Solve for Rydberg stage 838/2325.
[INFO] Enola: Solve for Rydberg stage 839/2325.
[INFO] Enola: Solve for Rydberg stage 840/2325.
[INFO] Enola: Solve for Rydberg stage 841/2325.
[INFO] Enola: Solve for Rydberg stage 842/2325.
[INFO] Enola: Solve for Rydberg stage 843/2325.
[INFO] Enola: Solve for Rydberg stage 844/2325.
[INFO] Enola: Solve for Rydberg stage 845/2325.
[INFO] Enola: Solve for Rydberg stage 846/2325.
[INFO] Enola: Solve for Rydberg stage 847/2325.
[INFO] Enola: Solve for Rydberg stage 848/2325.
[INFO] Enola: Solve for Rydberg stage 849/2325.
[INFO] Enola: Solve for Rydberg stage 850/2325.
[INFO] Enola: Solve for Rydberg stage 851/2325.
[INFO] Enola: Solve for Rydberg stage 852/2325.
[INFO] Enola: Solve for Rydberg stage 853/2325.
[INFO] Enola: Solve for Rydberg stage 854/2325.
[INFO] Enola: Solve for Rydberg stage 855/2325.
[INFO] Enola: Solve for Rydberg stage 856/2325.
[INFO] Enola: Solve for Rydberg stage 857/2325.
[INFO] Enola: Solve for Rydberg stage 858/2325.
[INFO] Enola: Solve for Rydberg stage 859/2325.
[INFO] Enola: Solve for Rydberg stage 860/2325.
[INFO] Enola: Solve for Rydberg stage 861/2325.
[INFO] Enola: Solve for Rydberg stage 862/2325.
[INFO] Enola: Solve for Rydberg stage 863/2325.
[INFO] Enola: Solve for Rydberg stage 864/2325.
[INFO] Enola: Solve for Rydberg stage 865/2325.
[INFO] Enola: Solve for Rydberg stage 866/2325.
[INFO] Enola: Solve for Rydberg stage 867/2325.
[INFO] Enola: Solve for Rydberg stage 868/2325.
[INFO] Enola: Solve for Rydberg stage 869/2325.
[INFO] Enola: Solve for Rydberg stage 870/2325.
[INFO] Enola: Solve for Rydberg stage 871/2325.
[INFO] Enola: Solve for Rydberg stage 872/2325.
[INFO] Enola: Solve for Rydberg stage 873/2325.
[INFO] Enola: Solve for Rydberg stage 874/2325.
[INFO] Enola: Solve for Rydberg stage 875/2325.
[INFO] Enola: Solve for Rydberg stage 876/2325.
[INFO] Enola: Solve for Rydberg stage 877/2325.
[INFO] Enola: Solve for Rydberg stage 878/2325.
[INFO] Enola: Solve for Rydberg stage 879/2325.
[INFO] Enola: Solve for Rydberg stage 880/2325.
[INFO] Enola: Solve for Rydberg stage 881/2325.
[INFO] Enola: Solve for Rydberg stage 882/2325.
[INFO] Enola: Solve for Rydberg stage 883/2325.
[INFO] Enola: Solve for Rydberg stage 884/2325.
[INFO] Enola: Solve for Rydberg stage 885/2325.
[INFO] Enola: Solve for Rydberg stage 886/2325.
[INFO] Enola: Solve for Rydberg stage 887/2325.
[INFO] Enola: Solve for Rydberg stage 888/2325.
[INFO] Enola: Solve for Rydberg stage 889/2325.
[INFO] Enola: Solve for Rydberg stage 890/2325.
[INFO] Enola: Solve for Rydberg stage 891/2325.
[INFO] Enola: Solve for Rydberg stage 892/2325.
[INFO] Enola: Solve for Rydberg stage 893/2325.
[INFO] Enola: Solve for Rydberg stage 894/2325.
[INFO] Enola: Solve for Rydberg stage 895/2325.
[INFO] Enola: Solve for Rydberg stage 896/2325.
[INFO] Enola: Solve for Rydberg stage 897/2325.
[INFO] Enola: Solve for Rydberg stage 898/2325.
[INFO] Enola: Solve for Rydberg stage 899/2325.
[INFO] Enola: Solve for Rydberg stage 900/2325.
[INFO] Enola: Solve for Rydberg stage 901/2325.
[INFO] Enola: Solve for Rydberg stage 902/2325.
[INFO] Enola: Solve for Rydberg stage 903/2325.
[INFO] Enola: Solve for Rydberg stage 904/2325.
[INFO] Enola: Solve for Rydberg stage 905/2325.
[INFO] Enola: Solve for Rydberg stage 906/2325.
[INFO] Enola: Solve for Rydberg stage 907/2325.
[INFO] Enola: Solve for Rydberg stage 908/2325.
[INFO] Enola: Solve for Rydberg stage 909/2325.
[INFO] Enola: Solve for Rydberg stage 910/2325.
[INFO] Enola: Solve for Rydberg stage 911/2325.
[INFO] Enola: Solve for Rydberg stage 912/2325.
[INFO] Enola: Solve for Rydberg stage 913/2325.
[INFO] Enola: Solve for Rydberg stage 914/2325.
[INFO] Enola: Solve for Rydberg stage 915/2325.
[INFO] Enola: Solve for Rydberg stage 916/2325.
[INFO] Enola: Solve for Rydberg stage 917/2325.
[INFO] Enola: Solve for Rydberg stage 918/2325.
[INFO] Enola: Solve for Rydberg stage 919/2325.
[INFO] Enola: Solve for Rydberg stage 920/2325.
[INFO] Enola: Solve for Rydberg stage 921/2325.
[INFO] Enola: Solve for Rydberg stage 922/2325.
[INFO] Enola: Solve for Rydberg stage 923/2325.
[INFO] Enola: Solve for Rydberg stage 924/2325.
[INFO] Enola: Solve for Rydberg stage 925/2325.
[INFO] Enola: Solve for Rydberg stage 926/2325.
[INFO] Enola: Solve for Rydberg stage 927/2325.
[INFO] Enola: Solve for Rydberg stage 928/2325.
[INFO] Enola: Solve for Rydberg stage 929/2325.
[INFO] Enola: Solve for Rydberg stage 930/2325.
[INFO] Enola: Solve for Rydberg stage 931/2325.
[INFO] Enola: Solve for Rydberg stage 932/2325.
[INFO] Enola: Solve for Rydberg stage 933/2325.
[INFO] Enola: Solve for Rydberg stage 934/2325.
[INFO] Enola: Solve for Rydberg stage 935/2325.
[INFO] Enola: Solve for Rydberg stage 936/2325.
[INFO] Enola: Solve for Rydberg stage 937/2325.
[INFO] Enola: Solve for Rydberg stage 938/2325.
[INFO] Enola: Solve for Rydberg stage 939/2325.
[INFO] Enola: Solve for Rydberg stage 940/2325.
[INFO] Enola: Solve for Rydberg stage 941/2325.
[INFO] Enola: Solve for Rydberg stage 942/2325.
[INFO] Enola: Solve for Rydberg stage 943/2325.
[INFO] Enola: Solve for Rydberg stage 944/2325.
[INFO] Enola: Solve for Rydberg stage 945/2325.
[INFO] Enola: Solve for Rydberg stage 946/2325.
[INFO] Enola: Solve for Rydberg stage 947/2325.
[INFO] Enola: Solve for Rydberg stage 948/2325.
[INFO] Enola: Solve for Rydberg stage 949/2325.
[INFO] Enola: Solve for Rydberg stage 950/2325.
[INFO] Enola: Solve for Rydberg stage 951/2325.
[INFO] Enola: Solve for Rydberg stage 952/2325.
[INFO] Enola: Solve for Rydberg stage 953/2325.
[INFO] Enola: Solve for Rydberg stage 954/2325.
[INFO] Enola: Solve for Rydberg stage 955/2325.
[INFO] Enola: Solve for Rydberg stage 956/2325.
[INFO] Enola: Solve for Rydberg stage 957/2325.
[INFO] Enola: Solve for Rydberg stage 958/2325.
[INFO] Enola: Solve for Rydberg stage 959/2325.
[INFO] Enola: Solve for Rydberg stage 960/2325.
[INFO] Enola: Solve for Rydberg stage 961/2325.
[INFO] Enola: Solve for Rydberg stage 962/2325.
[INFO] Enola: Solve for Rydberg stage 963/2325.
[INFO] Enola: Solve for Rydberg stage 964/2325.
[INFO] Enola: Solve for Rydberg stage 965/2325.
[INFO] Enola: Solve for Rydberg stage 966/2325.
[INFO] Enola: Solve for Rydberg stage 967/2325.
[INFO] Enola: Solve for Rydberg stage 968/2325.
[INFO] Enola: Solve for Rydberg stage 969/2325.
[INFO] Enola: Solve for Rydberg stage 970/2325.
[INFO] Enola: Solve for Rydberg stage 971/2325.
[INFO] Enola: Solve for Rydberg stage 972/2325.
[INFO] Enola: Solve for Rydberg stage 973/2325.
[INFO] Enola: Solve for Rydberg stage 974/2325.
[INFO] Enola: Solve for Rydberg stage 975/2325.
[INFO] Enola: Solve for Rydberg stage 976/2325.
[INFO] Enola: Solve for Rydberg stage 977/2325.
[INFO] Enola: Solve for Rydberg stage 978/2325.
[INFO] Enola: Solve for Rydberg stage 979/2325.
[INFO] Enola: Solve for Rydberg stage 980/2325.
[INFO] Enola: Solve for Rydberg stage 981/2325.
[INFO] Enola: Solve for Rydberg stage 982/2325.
[INFO] Enola: Solve for Rydberg stage 983/2325.
[INFO] Enola: Solve for Rydberg stage 984/2325.
[INFO] Enola: Solve for Rydberg stage 985/2325.
[INFO] Enola: Solve for Rydberg stage 986/2325.
[INFO] Enola: Solve for Rydberg stage 987/2325.
[INFO] Enola: Solve for Rydberg stage 988/2325.
[INFO] Enola: Solve for Rydberg stage 989/2325.
[INFO] Enola: Solve for Rydberg stage 990/2325.
[INFO] Enola: Solve for Rydberg stage 991/2325.
[INFO] Enola: Solve for Rydberg stage 992/2325.
[INFO] Enola: Solve for Rydberg stage 993/2325.
[INFO] Enola: Solve for Rydberg stage 994/2325.
[INFO] Enola: Solve for Rydberg stage 995/2325.
[INFO] Enola: Solve for Rydberg stage 996/2325.
[INFO] Enola: Solve for Rydberg stage 997/2325.
[INFO] Enola: Solve for Rydberg stage 998/2325.
[INFO] Enola: Solve for Rydberg stage 999/2325.
[INFO] Enola: Solve for Rydberg stage 1000/2325.
[INFO] Enola: Solve for Rydberg stage 1001/2325.
[INFO] Enola: Solve for Rydberg stage 1002/2325.
[INFO] Enola: Solve for Rydberg stage 1003/2325.
[INFO] Enola: Solve for Rydberg stage 1004/2325.
[INFO] Enola: Solve for Rydberg stage 1005/2325.
[INFO] Enola: Solve for Rydberg stage 1006/2325.
[INFO] Enola: Solve for Rydberg stage 1007/2325.
[INFO] Enola: Solve for Rydberg stage 1008/2325.
[INFO] Enola: Solve for Rydberg stage 1009/2325.
[INFO] Enola: Solve for Rydberg stage 1010/2325.
[INFO] Enola: Solve for Rydberg stage 1011/2325.
[INFO] Enola: Solve for Rydberg stage 1012/2325.
[INFO] Enola: Solve for Rydberg stage 1013/2325.
[INFO] Enola: Solve for Rydberg stage 1014/2325.
[INFO] Enola: Solve for Rydberg stage 1015/2325.
[INFO] Enola: Solve for Rydberg stage 1016/2325.
[INFO] Enola: Solve for Rydberg stage 1017/2325.
[INFO] Enola: Solve for Rydberg stage 1018/2325.
[INFO] Enola: Solve for Rydberg stage 1019/2325.
[INFO] Enola: Solve for Rydberg stage 1020/2325.
[INFO] Enola: Solve for Rydberg stage 1021/2325.
[INFO] Enola: Solve for Rydberg stage 1022/2325.
[INFO] Enola: Solve for Rydberg stage 1023/2325.
[INFO] Enola: Solve for Rydberg stage 1024/2325.
[INFO] Enola: Solve for Rydberg stage 1025/2325.
[INFO] Enola: Solve for Rydberg stage 1026/2325.
[INFO] Enola: Solve for Rydberg stage 1027/2325.
[INFO] Enola: Solve for Rydberg stage 1028/2325.
[INFO] Enola: Solve for Rydberg stage 1029/2325.
[INFO] Enola: Solve for Rydberg stage 1030/2325.
[INFO] Enola: Solve for Rydberg stage 1031/2325.
[INFO] Enola: Solve for Rydberg stage 1032/2325.
[INFO] Enola: Solve for Rydberg stage 1033/2325.
[INFO] Enola: Solve for Rydberg stage 1034/2325.
[INFO] Enola: Solve for Rydberg stage 1035/2325.
[INFO] Enola: Solve for Rydberg stage 1036/2325.
[INFO] Enola: Solve for Rydberg stage 1037/2325.
[INFO] Enola: Solve for Rydberg stage 1038/2325.
[INFO] Enola: Solve for Rydberg stage 1039/2325.
[INFO] Enola: Solve for Rydberg stage 1040/2325.
[INFO] Enola: Solve for Rydberg stage 1041/2325.
[INFO] Enola: Solve for Rydberg stage 1042/2325.
[INFO] Enola: Solve for Rydberg stage 1043/2325.
[INFO] Enola: Solve for Rydberg stage 1044/2325.
[INFO] Enola: Solve for Rydberg stage 1045/2325.
[INFO] Enola: Solve for Rydberg stage 1046/2325.
[INFO] Enola: Solve for Rydberg stage 1047/2325.
[INFO] Enola: Solve for Rydberg stage 1048/2325.
[INFO] Enola: Solve for Rydberg stage 1049/2325.
[INFO] Enola: Solve for Rydberg stage 1050/2325.
[INFO] Enola: Solve for Rydberg stage 1051/2325.
[INFO] Enola: Solve for Rydberg stage 1052/2325.
[INFO] Enola: Solve for Rydberg stage 1053/2325.
[INFO] Enola: Solve for Rydberg stage 1054/2325.
[INFO] Enola: Solve for Rydberg stage 1055/2325.
[INFO] Enola: Solve for Rydberg stage 1056/2325.
[INFO] Enola: Solve for Rydberg stage 1057/2325.
[INFO] Enola: Solve for Rydberg stage 1058/2325.
[INFO] Enola: Solve for Rydberg stage 1059/2325.
[INFO] Enola: Solve for Rydberg stage 1060/2325.
[INFO] Enola: Solve for Rydberg stage 1061/2325.
[INFO] Enola: Solve for Rydberg stage 1062/2325.
[INFO] Enola: Solve for Rydberg stage 1063/2325.
[INFO] Enola: Solve for Rydberg stage 1064/2325.
[INFO] Enola: Solve for Rydberg stage 1065/2325.
[INFO] Enola: Solve for Rydberg stage 1066/2325.
[INFO] Enola: Solve for Rydberg stage 1067/2325.
[INFO] Enola: Solve for Rydberg stage 1068/2325.
[INFO] Enola: Solve for Rydberg stage 1069/2325.
[INFO] Enola: Solve for Rydberg stage 1070/2325.
[INFO] Enola: Solve for Rydberg stage 1071/2325.
[INFO] Enola: Solve for Rydberg stage 1072/2325.
[INFO] Enola: Solve for Rydberg stage 1073/2325.
[INFO] Enola: Solve for Rydberg stage 1074/2325.
[INFO] Enola: Solve for Rydberg stage 1075/2325.
[INFO] Enola: Solve for Rydberg stage 1076/2325.
[INFO] Enola: Solve for Rydberg stage 1077/2325.
[INFO] Enola: Solve for Rydberg stage 1078/2325.
[INFO] Enola: Solve for Rydberg stage 1079/2325.
[INFO] Enola: Solve for Rydberg stage 1080/2325.
[INFO] Enola: Solve for Rydberg stage 1081/2325.
[INFO] Enola: Solve for Rydberg stage 1082/2325.
[INFO] Enola: Solve for Rydberg stage 1083/2325.
[INFO] Enola: Solve for Rydberg stage 1084/2325.
[INFO] Enola: Solve for Rydberg stage 1085/2325.
[INFO] Enola: Solve for Rydberg stage 1086/2325.
[INFO] Enola: Solve for Rydberg stage 1087/2325.
[INFO] Enola: Solve for Rydberg stage 1088/2325.
[INFO] Enola: Solve for Rydberg stage 1089/2325.
[INFO] Enola: Solve for Rydberg stage 1090/2325.
[INFO] Enola: Solve for Rydberg stage 1091/2325.
[INFO] Enola: Solve for Rydberg stage 1092/2325.
[INFO] Enola: Solve for Rydberg stage 1093/2325.
[INFO] Enola: Solve for Rydberg stage 1094/2325.
[INFO] Enola: Solve for Rydberg stage 1095/2325.
[INFO] Enola: Solve for Rydberg stage 1096/2325.
[INFO] Enola: Solve for Rydberg stage 1097/2325.
[INFO] Enola: Solve for Rydberg stage 1098/2325.
[INFO] Enola: Solve for Rydberg stage 1099/2325.
[INFO] Enola: Solve for Rydberg stage 1100/2325.
[INFO] Enola: Solve for Rydberg stage 1101/2325.
[INFO] Enola: Solve for Rydberg stage 1102/2325.
[INFO] Enola: Solve for Rydberg stage 1103/2325.
[INFO] Enola: Solve for Rydberg stage 1104/2325.
[INFO] Enola: Solve for Rydberg stage 1105/2325.
[INFO] Enola: Solve for Rydberg stage 1106/2325.
[INFO] Enola: Solve for Rydberg stage 1107/2325.
[INFO] Enola: Solve for Rydberg stage 1108/2325.
[INFO] Enola: Solve for Rydberg stage 1109/2325.
[INFO] Enola: Solve for Rydberg stage 1110/2325.
[INFO] Enola: Solve for Rydberg stage 1111/2325.
[INFO] Enola: Solve for Rydberg stage 1112/2325.
[INFO] Enola: Solve for Rydberg stage 1113/2325.
[INFO] Enola: Solve for Rydberg stage 1114/2325.
[INFO] Enola: Solve for Rydberg stage 1115/2325.
[INFO] Enola: Solve for Rydberg stage 1116/2325.
[INFO] Enola: Solve for Rydberg stage 1117/2325.
[INFO] Enola: Solve for Rydberg stage 1118/2325.
[INFO] Enola: Solve for Rydberg stage 1119/2325.
[INFO] Enola: Solve for Rydberg stage 1120/2325.
[INFO] Enola: Solve for Rydberg stage 1121/2325.
[INFO] Enola: Solve for Rydberg stage 1122/2325.
[INFO] Enola: Solve for Rydberg stage 1123/2325.
[INFO] Enola: Solve for Rydberg stage 1124/2325.
[INFO] Enola: Solve for Rydberg stage 1125/2325.
[INFO] Enola: Solve for Rydberg stage 1126/2325.
[INFO] Enola: Solve for Rydberg stage 1127/2325.
[INFO] Enola: Solve for Rydberg stage 1128/2325.
[INFO] Enola: Solve for Rydberg stage 1129/2325.
[INFO] Enola: Solve for Rydberg stage 1130/2325.
[INFO] Enola: Solve for Rydberg stage 1131/2325.
[INFO] Enola: Solve for Rydberg stage 1132/2325.
[INFO] Enola: Solve for Rydberg stage 1133/2325.
[INFO] Enola: Solve for Rydberg stage 1134/2325.
[INFO] Enola: Solve for Rydberg stage 1135/2325.
[INFO] Enola: Solve for Rydberg stage 1136/2325.
[INFO] Enola: Solve for Rydberg stage 1137/2325.
[INFO] Enola: Solve for Rydberg stage 1138/2325.
[INFO] Enola: Solve for Rydberg stage 1139/2325.
[INFO] Enola: Solve for Rydberg stage 1140/2325.
[INFO] Enola: Solve for Rydberg stage 1141/2325.
[INFO] Enola: Solve for Rydberg stage 1142/2325.
[INFO] Enola: Solve for Rydberg stage 1143/2325.
[INFO] Enola: Solve for Rydberg stage 1144/2325.
[INFO] Enola: Solve for Rydberg stage 1145/2325.
[INFO] Enola: Solve for Rydberg stage 1146/2325.
[INFO] Enola: Solve for Rydberg stage 1147/2325.
[INFO] Enola: Solve for Rydberg stage 1148/2325.
[INFO] Enola: Solve for Rydberg stage 1149/2325.
[INFO] Enola: Solve for Rydberg stage 1150/2325.
[INFO] Enola: Solve for Rydberg stage 1151/2325.
[INFO] Enola: Solve for Rydberg stage 1152/2325.
[INFO] Enola: Solve for Rydberg stage 1153/2325.
[INFO] Enola: Solve for Rydberg stage 1154/2325.
[INFO] Enola: Solve for Rydberg stage 1155/2325.
[INFO] Enola: Solve for Rydberg stage 1156/2325.
[INFO] Enola: Solve for Rydberg stage 1157/2325.
[INFO] Enola: Solve for Rydberg stage 1158/2325.
[INFO] Enola: Solve for Rydberg stage 1159/2325.
[INFO] Enola: Solve for Rydberg stage 1160/2325.
[INFO] Enola: Solve for Rydberg stage 1161/2325.
[INFO] Enola: Solve for Rydberg stage 1162/2325.
[INFO] Enola: Solve for Rydberg stage 1163/2325.
[INFO] Enola: Solve for Rydberg stage 1164/2325.
[INFO] Enola: Solve for Rydberg stage 1165/2325.
[INFO] Enola: Solve for Rydberg stage 1166/2325.
[INFO] Enola: Solve for Rydberg stage 1167/2325.
[INFO] Enola: Solve for Rydberg stage 1168/2325.
[INFO] Enola: Solve for Rydberg stage 1169/2325.
[INFO] Enola: Solve for Rydberg stage 1170/2325.
[INFO] Enola: Solve for Rydberg stage 1171/2325.
[INFO] Enola: Solve for Rydberg stage 1172/2325.
[INFO] Enola: Solve for Rydberg stage 1173/2325.
[INFO] Enola: Solve for Rydberg stage 1174/2325.
[INFO] Enola: Solve for Rydberg stage 1175/2325.
[INFO] Enola: Solve for Rydberg stage 1176/2325.
[INFO] Enola: Solve for Rydberg stage 1177/2325.
[INFO] Enola: Solve for Rydberg stage 1178/2325.
[INFO] Enola: Solve for Rydberg stage 1179/2325.
[INFO] Enola: Solve for Rydberg stage 1180/2325.
[INFO] Enola: Solve for Rydberg stage 1181/2325.
[INFO] Enola: Solve for Rydberg stage 1182/2325.
[INFO] Enola: Solve for Rydberg stage 1183/2325.
[INFO] Enola: Solve for Rydberg stage 1184/2325.
[INFO] Enola: Solve for Rydberg stage 1185/2325.
[INFO] Enola: Solve for Rydberg stage 1186/2325.
[INFO] Enola: Solve for Rydberg stage 1187/2325.
[INFO] Enola: Solve for Rydberg stage 1188/2325.
[INFO] Enola: Solve for Rydberg stage 1189/2325.
[INFO] Enola: Solve for Rydberg stage 1190/2325.
[INFO] Enola: Solve for Rydberg stage 1191/2325.
[INFO] Enola: Solve for Rydberg stage 1192/2325.
[INFO] Enola: Solve for Rydberg stage 1193/2325.
[INFO] Enola: Solve for Rydberg stage 1194/2325.
[INFO] Enola: Solve for Rydberg stage 1195/2325.
[INFO] Enola: Solve for Rydberg stage 1196/2325.
[INFO] Enola: Solve for Rydberg stage 1197/2325.
[INFO] Enola: Solve for Rydberg stage 1198/2325.
[INFO] Enola: Solve for Rydberg stage 1199/2325.
[INFO] Enola: Solve for Rydberg stage 1200/2325.
[INFO] Enola: Solve for Rydberg stage 1201/2325.
[INFO] Enola: Solve for Rydberg stage 1202/2325.
[INFO] Enola: Solve for Rydberg stage 1203/2325.
[INFO] Enola: Solve for Rydberg stage 1204/2325.
[INFO] Enola: Solve for Rydberg stage 1205/2325.
[INFO] Enola: Solve for Rydberg stage 1206/2325.
[INFO] Enola: Solve for Rydberg stage 1207/2325.
[INFO] Enola: Solve for Rydberg stage 1208/2325.
[INFO] Enola: Solve for Rydberg stage 1209/2325.
[INFO] Enola: Solve for Rydberg stage 1210/2325.
[INFO] Enola: Solve for Rydberg stage 1211/2325.
[INFO] Enola: Solve for Rydberg stage 1212/2325.
[INFO] Enola: Solve for Rydberg stage 1213/2325.
[INFO] Enola: Solve for Rydberg stage 1214/2325.
[INFO] Enola: Solve for Rydberg stage 1215/2325.
[INFO] Enola: Solve for Rydberg stage 1216/2325.
[INFO] Enola: Solve for Rydberg stage 1217/2325.
[INFO] Enola: Solve for Rydberg stage 1218/2325.
[INFO] Enola: Solve for Rydberg stage 1219/2325.
[INFO] Enola: Solve for Rydberg stage 1220/2325.
[INFO] Enola: Solve for Rydberg stage 1221/2325.
[INFO] Enola: Solve for Rydberg stage 1222/2325.
[INFO] Enola: Solve for Rydberg stage 1223/2325.
[INFO] Enola: Solve for Rydberg stage 1224/2325.
[INFO] Enola: Solve for Rydberg stage 1225/2325.
[INFO] Enola: Solve for Rydberg stage 1226/2325.
[INFO] Enola: Solve for Rydberg stage 1227/2325.
[INFO] Enola: Solve for Rydberg stage 1228/2325.
[INFO] Enola: Solve for Rydberg stage 1229/2325.
[INFO] Enola: Solve for Rydberg stage 1230/2325.
[INFO] Enola: Solve for Rydberg stage 1231/2325.
[INFO] Enola: Solve for Rydberg stage 1232/2325.
[INFO] Enola: Solve for Rydberg stage 1233/2325.
[INFO] Enola: Solve for Rydberg stage 1234/2325.
[INFO] Enola: Solve for Rydberg stage 1235/2325.
[INFO] Enola: Solve for Rydberg stage 1236/2325.
[INFO] Enola: Solve for Rydberg stage 1237/2325.
[INFO] Enola: Solve for Rydberg stage 1238/2325.
[INFO] Enola: Solve for Rydberg stage 1239/2325.
[INFO] Enola: Solve for Rydberg stage 1240/2325.
[INFO] Enola: Solve for Rydberg stage 1241/2325.
[INFO] Enola: Solve for Rydberg stage 1242/2325.
[INFO] Enola: Solve for Rydberg stage 1243/2325.
[INFO] Enola: Solve for Rydberg stage 1244/2325.
[INFO] Enola: Solve for Rydberg stage 1245/2325.
[INFO] Enola: Solve for Rydberg stage 1246/2325.
[INFO] Enola: Solve for Rydberg stage 1247/2325.
[INFO] Enola: Solve for Rydberg stage 1248/2325.
[INFO] Enola: Solve for Rydberg stage 1249/2325.
[INFO] Enola: Solve for Rydberg stage 1250/2325.
[INFO] Enola: Solve for Rydberg stage 1251/2325.
[INFO] Enola: Solve for Rydberg stage 1252/2325.
[INFO] Enola: Solve for Rydberg stage 1253/2325.
[INFO] Enola: Solve for Rydberg stage 1254/2325.
[INFO] Enola: Solve for Rydberg stage 1255/2325.
[INFO] Enola: Solve for Rydberg stage 1256/2325.
[INFO] Enola: Solve for Rydberg stage 1257/2325.
[INFO] Enola: Solve for Rydberg stage 1258/2325.
[INFO] Enola: Solve for Rydberg stage 1259/2325.
[INFO] Enola: Solve for Rydberg stage 1260/2325.
[INFO] Enola: Solve for Rydberg stage 1261/2325.
[INFO] Enola: Solve for Rydberg stage 1262/2325.
[INFO] Enola: Solve for Rydberg stage 1263/2325.
[INFO] Enola: Solve for Rydberg stage 1264/2325.
[INFO] Enola: Solve for Rydberg stage 1265/2325.
[INFO] Enola: Solve for Rydberg stage 1266/2325.
[INFO] Enola: Solve for Rydberg stage 1267/2325.
[INFO] Enola: Solve for Rydberg stage 1268/2325.
[INFO] Enola: Solve for Rydberg stage 1269/2325.
[INFO] Enola: Solve for Rydberg stage 1270/2325.
[INFO] Enola: Solve for Rydberg stage 1271/2325.
[INFO] Enola: Solve for Rydberg stage 1272/2325.
[INFO] Enola: Solve for Rydberg stage 1273/2325.
[INFO] Enola: Solve for Rydberg stage 1274/2325.
[INFO] Enola: Solve for Rydberg stage 1275/2325.
[INFO] Enola: Solve for Rydberg stage 1276/2325.
[INFO] Enola: Solve for Rydberg stage 1277/2325.
[INFO] Enola: Solve for Rydberg stage 1278/2325.
[INFO] Enola: Solve for Rydberg stage 1279/2325.
[INFO] Enola: Solve for Rydberg stage 1280/2325.
[INFO] Enola: Solve for Rydberg stage 1281/2325.
[INFO] Enola: Solve for Rydberg stage 1282/2325.
[INFO] Enola: Solve for Rydberg stage 1283/2325.
[INFO] Enola: Solve for Rydberg stage 1284/2325.
[INFO] Enola: Solve for Rydberg stage 1285/2325.
[INFO] Enola: Solve for Rydberg stage 1286/2325.
[INFO] Enola: Solve for Rydberg stage 1287/2325.
[INFO] Enola: Solve for Rydberg stage 1288/2325.
[INFO] Enola: Solve for Rydberg stage 1289/2325.
[INFO] Enola: Solve for Rydberg stage 1290/2325.
[INFO] Enola: Solve for Rydberg stage 1291/2325.
[INFO] Enola: Solve for Rydberg stage 1292/2325.
[INFO] Enola: Solve for Rydberg stage 1293/2325.
[INFO] Enola: Solve for Rydberg stage 1294/2325.
[INFO] Enola: Solve for Rydberg stage 1295/2325.
[INFO] Enola: Solve for Rydberg stage 1296/2325.
[INFO] Enola: Solve for Rydberg stage 1297/2325.
[INFO] Enola: Solve for Rydberg stage 1298/2325.
[INFO] Enola: Solve for Rydberg stage 1299/2325.
[INFO] Enola: Solve for Rydberg stage 1300/2325.
[INFO] Enola: Solve for Rydberg stage 1301/2325.
[INFO] Enola: Solve for Rydberg stage 1302/2325.
[INFO] Enola: Solve for Rydberg stage 1303/2325.
[INFO] Enola: Solve for Rydberg stage 1304/2325.
[INFO] Enola: Solve for Rydberg stage 1305/2325.
[INFO] Enola: Solve for Rydberg stage 1306/2325.
[INFO] Enola: Solve for Rydberg stage 1307/2325.
[INFO] Enola: Solve for Rydberg stage 1308/2325.
[INFO] Enola: Solve for Rydberg stage 1309/2325.
[INFO] Enola: Solve for Rydberg stage 1310/2325.
[INFO] Enola: Solve for Rydberg stage 1311/2325.
[INFO] Enola: Solve for Rydberg stage 1312/2325.
[INFO] Enola: Solve for Rydberg stage 1313/2325.
[INFO] Enola: Solve for Rydberg stage 1314/2325.
[INFO] Enola: Solve for Rydberg stage 1315/2325.
[INFO] Enola: Solve for Rydberg stage 1316/2325.
[INFO] Enola: Solve for Rydberg stage 1317/2325.
[INFO] Enola: Solve for Rydberg stage 1318/2325.
[INFO] Enola: Solve for Rydberg stage 1319/2325.
[INFO] Enola: Solve for Rydberg stage 1320/2325.
[INFO] Enola: Solve for Rydberg stage 1321/2325.
[INFO] Enola: Solve for Rydberg stage 1322/2325.
[INFO] Enola: Solve for Rydberg stage 1323/2325.
[INFO] Enola: Solve for Rydberg stage 1324/2325.
[INFO] Enola: Solve for Rydberg stage 1325/2325.
[INFO] Enola: Solve for Rydberg stage 1326/2325.
[INFO] Enola: Solve for Rydberg stage 1327/2325.
[INFO] Enola: Solve for Rydberg stage 1328/2325.
[INFO] Enola: Solve for Rydberg stage 1329/2325.
[INFO] Enola: Solve for Rydberg stage 1330/2325.
[INFO] Enola: Solve for Rydberg stage 1331/2325.
[INFO] Enola: Solve for Rydberg stage 1332/2325.
[INFO] Enola: Solve for Rydberg stage 1333/2325.
[INFO] Enola: Solve for Rydberg stage 1334/2325.
[INFO] Enola: Solve for Rydberg stage 1335/2325.
[INFO] Enola: Solve for Rydberg stage 1336/2325.
[INFO] Enola: Solve for Rydberg stage 1337/2325.
[INFO] Enola: Solve for Rydberg stage 1338/2325.
[INFO] Enola: Solve for Rydberg stage 1339/2325.
[INFO] Enola: Solve for Rydberg stage 1340/2325.
[INFO] Enola: Solve for Rydberg stage 1341/2325.
[INFO] Enola: Solve for Rydberg stage 1342/2325.
[INFO] Enola: Solve for Rydberg stage 1343/2325.
[INFO] Enola: Solve for Rydberg stage 1344/2325.
[INFO] Enola: Solve for Rydberg stage 1345/2325.
[INFO] Enola: Solve for Rydberg stage 1346/2325.
[INFO] Enola: Solve for Rydberg stage 1347/2325.
[INFO] Enola: Solve for Rydberg stage 1348/2325.
[INFO] Enola: Solve for Rydberg stage 1349/2325.
[INFO] Enola: Solve for Rydberg stage 1350/2325.
[INFO] Enola: Solve for Rydberg stage 1351/2325.
[INFO] Enola: Solve for Rydberg stage 1352/2325.
[INFO] Enola: Solve for Rydberg stage 1353/2325.
[INFO] Enola: Solve for Rydberg stage 1354/2325.
[INFO] Enola: Solve for Rydberg stage 1355/2325.
[INFO] Enola: Solve for Rydberg stage 1356/2325.
[INFO] Enola: Solve for Rydberg stage 1357/2325.
[INFO] Enola: Solve for Rydberg stage 1358/2325.
[INFO] Enola: Solve for Rydberg stage 1359/2325.
[INFO] Enola: Solve for Rydberg stage 1360/2325.
[INFO] Enola: Solve for Rydberg stage 1361/2325.
[INFO] Enola: Solve for Rydberg stage 1362/2325.
[INFO] Enola: Solve for Rydberg stage 1363/2325.
[INFO] Enola: Solve for Rydberg stage 1364/2325.
[INFO] Enola: Solve for Rydberg stage 1365/2325.
[INFO] Enola: Solve for Rydberg stage 1366/2325.
[INFO] Enola: Solve for Rydberg stage 1367/2325.
[INFO] Enola: Solve for Rydberg stage 1368/2325.
[INFO] Enola: Solve for Rydberg stage 1369/2325.
[INFO] Enola: Solve for Rydberg stage 1370/2325.
[INFO] Enola: Solve for Rydberg stage 1371/2325.
[INFO] Enola: Solve for Rydberg stage 1372/2325.
[INFO] Enola: Solve for Rydberg stage 1373/2325.
[INFO] Enola: Solve for Rydberg stage 1374/2325.
[INFO] Enola: Solve for Rydberg stage 1375/2325.
[INFO] Enola: Solve for Rydberg stage 1376/2325.
[INFO] Enola: Solve for Rydberg stage 1377/2325.
[INFO] Enola: Solve for Rydberg stage 1378/2325.
[INFO] Enola: Solve for Rydberg stage 1379/2325.
[INFO] Enola: Solve for Rydberg stage 1380/2325.
[INFO] Enola: Solve for Rydberg stage 1381/2325.
[INFO] Enola: Solve for Rydberg stage 1382/2325.
[INFO] Enola: Solve for Rydberg stage 1383/2325.
[INFO] Enola: Solve for Rydberg stage 1384/2325.
[INFO] Enola: Solve for Rydberg stage 1385/2325.
[INFO] Enola: Solve for Rydberg stage 1386/2325.
[INFO] Enola: Solve for Rydberg stage 1387/2325.
[INFO] Enola: Solve for Rydberg stage 1388/2325.
[INFO] Enola: Solve for Rydberg stage 1389/2325.
[INFO] Enola: Solve for Rydberg stage 1390/2325.
[INFO] Enola: Solve for Rydberg stage 1391/2325.
[INFO] Enola: Solve for Rydberg stage 1392/2325.
[INFO] Enola: Solve for Rydberg stage 1393/2325.
[INFO] Enola: Solve for Rydberg stage 1394/2325.
[INFO] Enola: Solve for Rydberg stage 1395/2325.
[INFO] Enola: Solve for Rydberg stage 1396/2325.
[INFO] Enola: Solve for Rydberg stage 1397/2325.
[INFO] Enola: Solve for Rydberg stage 1398/2325.
[INFO] Enola: Solve for Rydberg stage 1399/2325.
[INFO] Enola: Solve for Rydberg stage 1400/2325.
[INFO] Enola: Solve for Rydberg stage 1401/2325.
[INFO] Enola: Solve for Rydberg stage 1402/2325.
[INFO] Enola: Solve for Rydberg stage 1403/2325.
[INFO] Enola: Solve for Rydberg stage 1404/2325.
[INFO] Enola: Solve for Rydberg stage 1405/2325.
[INFO] Enola: Solve for Rydberg stage 1406/2325.
[INFO] Enola: Solve for Rydberg stage 1407/2325.
[INFO] Enola: Solve for Rydberg stage 1408/2325.
[INFO] Enola: Solve for Rydberg stage 1409/2325.
[INFO] Enola: Solve for Rydberg stage 1410/2325.
[INFO] Enola: Solve for Rydberg stage 1411/2325.
[INFO] Enola: Solve for Rydberg stage 1412/2325.
[INFO] Enola: Solve for Rydberg stage 1413/2325.
[INFO] Enola: Solve for Rydberg stage 1414/2325.
[INFO] Enola: Solve for Rydberg stage 1415/2325.
[INFO] Enola: Solve for Rydberg stage 1416/2325.
[INFO] Enola: Solve for Rydberg stage 1417/2325.
[INFO] Enola: Solve for Rydberg stage 1418/2325.
[INFO] Enola: Solve for Rydberg stage 1419/2325.
[INFO] Enola: Solve for Rydberg stage 1420/2325.
[INFO] Enola: Solve for Rydberg stage 1421/2325.
[INFO] Enola: Solve for Rydberg stage 1422/2325.
[INFO] Enola: Solve for Rydberg stage 1423/2325.
[INFO] Enola: Solve for Rydberg stage 1424/2325.
[INFO] Enola: Solve for Rydberg stage 1425/2325.
[INFO] Enola: Solve for Rydberg stage 1426/2325.
[INFO] Enola: Solve for Rydberg stage 1427/2325.
[INFO] Enola: Solve for Rydberg stage 1428/2325.
[INFO] Enola: Solve for Rydberg stage 1429/2325.
[INFO] Enola: Solve for Rydberg stage 1430/2325.
[INFO] Enola: Solve for Rydberg stage 1431/2325.
[INFO] Enola: Solve for Rydberg stage 1432/2325.
[INFO] Enola: Solve for Rydberg stage 1433/2325.
[INFO] Enola: Solve for Rydberg stage 1434/2325.
[INFO] Enola: Solve for Rydberg stage 1435/2325.
[INFO] Enola: Solve for Rydberg stage 1436/2325.
[INFO] Enola: Solve for Rydberg stage 1437/2325.
[INFO] Enola: Solve for Rydberg stage 1438/2325.
[INFO] Enola: Solve for Rydberg stage 1439/2325.
[INFO] Enola: Solve for Rydberg stage 1440/2325.
[INFO] Enola: Solve for Rydberg stage 1441/2325.
[INFO] Enola: Solve for Rydberg stage 1442/2325.
[INFO] Enola: Solve for Rydberg stage 1443/2325.
[INFO] Enola: Solve for Rydberg stage 1444/2325.
[INFO] Enola: Solve for Rydberg stage 1445/2325.
[INFO] Enola: Solve for Rydberg stage 1446/2325.
[INFO] Enola: Solve for Rydberg stage 1447/2325.
[INFO] Enola: Solve for Rydberg stage 1448/2325.
[INFO] Enola: Solve for Rydberg stage 1449/2325.
[INFO] Enola: Solve for Rydberg stage 1450/2325.
[INFO] Enola: Solve for Rydberg stage 1451/2325.
[INFO] Enola: Solve for Rydberg stage 1452/2325.
[INFO] Enola: Solve for Rydberg stage 1453/2325.
[INFO] Enola: Solve for Rydberg stage 1454/2325.
[INFO] Enola: Solve for Rydberg stage 1455/2325.
[INFO] Enola: Solve for Rydberg stage 1456/2325.
[INFO] Enola: Solve for Rydberg stage 1457/2325.
[INFO] Enola: Solve for Rydberg stage 1458/2325.
[INFO] Enola: Solve for Rydberg stage 1459/2325.
[INFO] Enola: Solve for Rydberg stage 1460/2325.
[INFO] Enola: Solve for Rydberg stage 1461/2325.
[INFO] Enola: Solve for Rydberg stage 1462/2325.
[INFO] Enola: Solve for Rydberg stage 1463/2325.
[INFO] Enola: Solve for Rydberg stage 1464/2325.
[INFO] Enola: Solve for Rydberg stage 1465/2325.
[INFO] Enola: Solve for Rydberg stage 1466/2325.
[INFO] Enola: Solve for Rydberg stage 1467/2325.
[INFO] Enola: Solve for Rydberg stage 1468/2325.
[INFO] Enola: Solve for Rydberg stage 1469/2325.
[INFO] Enola: Solve for Rydberg stage 1470/2325.
[INFO] Enola: Solve for Rydberg stage 1471/2325.
[INFO] Enola: Solve for Rydberg stage 1472/2325.
[INFO] Enola: Solve for Rydberg stage 1473/2325.
[INFO] Enola: Solve for Rydberg stage 1474/2325.
[INFO] Enola: Solve for Rydberg stage 1475/2325.
[INFO] Enola: Solve for Rydberg stage 1476/2325.
[INFO] Enola: Solve for Rydberg stage 1477/2325.
[INFO] Enola: Solve for Rydberg stage 1478/2325.
[INFO] Enola: Solve for Rydberg stage 1479/2325.
[INFO] Enola: Solve for Rydberg stage 1480/2325.
[INFO] Enola: Solve for Rydberg stage 1481/2325.
[INFO] Enola: Solve for Rydberg stage 1482/2325.
[INFO] Enola: Solve for Rydberg stage 1483/2325.
[INFO] Enola: Solve for Rydberg stage 1484/2325.
[INFO] Enola: Solve for Rydberg stage 1485/2325.
[INFO] Enola: Solve for Rydberg stage 1486/2325.
[INFO] Enola: Solve for Rydberg stage 1487/2325.
[INFO] Enola: Solve for Rydberg stage 1488/2325.
[INFO] Enola: Solve for Rydberg stage 1489/2325.
[INFO] Enola: Solve for Rydberg stage 1490/2325.
[INFO] Enola: Solve for Rydberg stage 1491/2325.
[INFO] Enola: Solve for Rydberg stage 1492/2325.
[INFO] Enola: Solve for Rydberg stage 1493/2325.
[INFO] Enola: Solve for Rydberg stage 1494/2325.
[INFO] Enola: Solve for Rydberg stage 1495/2325.
[INFO] Enola: Solve for Rydberg stage 1496/2325.
[INFO] Enola: Solve for Rydberg stage 1497/2325.
[INFO] Enola: Solve for Rydberg stage 1498/2325.
[INFO] Enola: Solve for Rydberg stage 1499/2325.
[INFO] Enola: Solve for Rydberg stage 1500/2325.
[INFO] Enola: Solve for Rydberg stage 1501/2325.
[INFO] Enola: Solve for Rydberg stage 1502/2325.
[INFO] Enola: Solve for Rydberg stage 1503/2325.
[INFO] Enola: Solve for Rydberg stage 1504/2325.
[INFO] Enola: Solve for Rydberg stage 1505/2325.
[INFO] Enola: Solve for Rydberg stage 1506/2325.
[INFO] Enola: Solve for Rydberg stage 1507/2325.
[INFO] Enola: Solve for Rydberg stage 1508/2325.
[INFO] Enola: Solve for Rydberg stage 1509/2325.
[INFO] Enola: Solve for Rydberg stage 1510/2325.
[INFO] Enola: Solve for Rydberg stage 1511/2325.
[INFO] Enola: Solve for Rydberg stage 1512/2325.
[INFO] Enola: Solve for Rydberg stage 1513/2325.
[INFO] Enola: Solve for Rydberg stage 1514/2325.
[INFO] Enola: Solve for Rydberg stage 1515/2325.
[INFO] Enola: Solve for Rydberg stage 1516/2325.
[INFO] Enola: Solve for Rydberg stage 1517/2325.
[INFO] Enola: Solve for Rydberg stage 1518/2325.
[INFO] Enola: Solve for Rydberg stage 1519/2325.
[INFO] Enola: Solve for Rydberg stage 1520/2325.
[INFO] Enola: Solve for Rydberg stage 1521/2325.
[INFO] Enola: Solve for Rydberg stage 1522/2325.
[INFO] Enola: Solve for Rydberg stage 1523/2325.
[INFO] Enola: Solve for Rydberg stage 1524/2325.
[INFO] Enola: Solve for Rydberg stage 1525/2325.
[INFO] Enola: Solve for Rydberg stage 1526/2325.
[INFO] Enola: Solve for Rydberg stage 1527/2325.
[INFO] Enola: Solve for Rydberg stage 1528/2325.
[INFO] Enola: Solve for Rydberg stage 1529/2325.
[INFO] Enola: Solve for Rydberg stage 1530/2325.
[INFO] Enola: Solve for Rydberg stage 1531/2325.
[INFO] Enola: Solve for Rydberg stage 1532/2325.
[INFO] Enola: Solve for Rydberg stage 1533/2325.
[INFO] Enola: Solve for Rydberg stage 1534/2325.
[INFO] Enola: Solve for Rydberg stage 1535/2325.
[INFO] Enola: Solve for Rydberg stage 1536/2325.
[INFO] Enola: Solve for Rydberg stage 1537/2325.
[INFO] Enola: Solve for Rydberg stage 1538/2325.
[INFO] Enola: Solve for Rydberg stage 1539/2325.
[INFO] Enola: Solve for Rydberg stage 1540/2325.
[INFO] Enola: Solve for Rydberg stage 1541/2325.
[INFO] Enola: Solve for Rydberg stage 1542/2325.
[INFO] Enola: Solve for Rydberg stage 1543/2325.
[INFO] Enola: Solve for Rydberg stage 1544/2325.
[INFO] Enola: Solve for Rydberg stage 1545/2325.
[INFO] Enola: Solve for Rydberg stage 1546/2325.
[INFO] Enola: Solve for Rydberg stage 1547/2325.
[INFO] Enola: Solve for Rydberg stage 1548/2325.
[INFO] Enola: Solve for Rydberg stage 1549/2325.
[INFO] Enola: Solve for Rydberg stage 1550/2325.
[INFO] Enola: Solve for Rydberg stage 1551/2325.
[INFO] Enola: Solve for Rydberg stage 1552/2325.
[INFO] Enola: Solve for Rydberg stage 1553/2325.
[INFO] Enola: Solve for Rydberg stage 1554/2325.
[INFO] Enola: Solve for Rydberg stage 1555/2325.
[INFO] Enola: Solve for Rydberg stage 1556/2325.
[INFO] Enola: Solve for Rydberg stage 1557/2325.
[INFO] Enola: Solve for Rydberg stage 1558/2325.
[INFO] Enola: Solve for Rydberg stage 1559/2325.
[INFO] Enola: Solve for Rydberg stage 1560/2325.
[INFO] Enola: Solve for Rydberg stage 1561/2325.
[INFO] Enola: Solve for Rydberg stage 1562/2325.
[INFO] Enola: Solve for Rydberg stage 1563/2325.
[INFO] Enola: Solve for Rydberg stage 1564/2325.
[INFO] Enola: Solve for Rydberg stage 1565/2325.
[INFO] Enola: Solve for Rydberg stage 1566/2325.
[INFO] Enola: Solve for Rydberg stage 1567/2325.
[INFO] Enola: Solve for Rydberg stage 1568/2325.
[INFO] Enola: Solve for Rydberg stage 1569/2325.
[INFO] Enola: Solve for Rydberg stage 1570/2325.
[INFO] Enola: Solve for Rydberg stage 1571/2325.
[INFO] Enola: Solve for Rydberg stage 1572/2325.
[INFO] Enola: Solve for Rydberg stage 1573/2325.
[INFO] Enola: Solve for Rydberg stage 1574/2325.
[INFO] Enola: Solve for Rydberg stage 1575/2325.
[INFO] Enola: Solve for Rydberg stage 1576/2325.
[INFO] Enola: Solve for Rydberg stage 1577/2325.
[INFO] Enola: Solve for Rydberg stage 1578/2325.
[INFO] Enola: Solve for Rydberg stage 1579/2325.
[INFO] Enola: Solve for Rydberg stage 1580/2325.
[INFO] Enola: Solve for Rydberg stage 1581/2325.
[INFO] Enola: Solve for Rydberg stage 1582/2325.
[INFO] Enola: Solve for Rydberg stage 1583/2325.
[INFO] Enola: Solve for Rydberg stage 1584/2325.
[INFO] Enola: Solve for Rydberg stage 1585/2325.
[INFO] Enola: Solve for Rydberg stage 1586/2325.
[INFO] Enola: Solve for Rydberg stage 1587/2325.
[INFO] Enola: Solve for Rydberg stage 1588/2325.
[INFO] Enola: Solve for Rydberg stage 1589/2325.
[INFO] Enola: Solve for Rydberg stage 1590/2325.
[INFO] Enola: Solve for Rydberg stage 1591/2325.
[INFO] Enola: Solve for Rydberg stage 1592/2325.
[INFO] Enola: Solve for Rydberg stage 1593/2325.
[INFO] Enola: Solve for Rydberg stage 1594/2325.
[INFO] Enola: Solve for Rydberg stage 1595/2325.
[INFO] Enola: Solve for Rydberg stage 1596/2325.
[INFO] Enola: Solve for Rydberg stage 1597/2325.
[INFO] Enola: Solve for Rydberg stage 1598/2325.
[INFO] Enola: Solve for Rydberg stage 1599/2325.
[INFO] Enola: Solve for Rydberg stage 1600/2325.
[INFO] Enola: Solve for Rydberg stage 1601/2325.
[INFO] Enola: Solve for Rydberg stage 1602/2325.
[INFO] Enola: Solve for Rydberg stage 1603/2325.
[INFO] Enola: Solve for Rydberg stage 1604/2325.
[INFO] Enola: Solve for Rydberg stage 1605/2325.
[INFO] Enola: Solve for Rydberg stage 1606/2325.
[INFO] Enola: Solve for Rydberg stage 1607/2325.
[INFO] Enola: Solve for Rydberg stage 1608/2325.
[INFO] Enola: Solve for Rydberg stage 1609/2325.
[INFO] Enola: Solve for Rydberg stage 1610/2325.
[INFO] Enola: Solve for Rydberg stage 1611/2325.
[INFO] Enola: Solve for Rydberg stage 1612/2325.
[INFO] Enola: Solve for Rydberg stage 1613/2325.
[INFO] Enola: Solve for Rydberg stage 1614/2325.
[INFO] Enola: Solve for Rydberg stage 1615/2325.
[INFO] Enola: Solve for Rydberg stage 1616/2325.
[INFO] Enola: Solve for Rydberg stage 1617/2325.
[INFO] Enola: Solve for Rydberg stage 1618/2325.
[INFO] Enola: Solve for Rydberg stage 1619/2325.
[INFO] Enola: Solve for Rydberg stage 1620/2325.
[INFO] Enola: Solve for Rydberg stage 1621/2325.
[INFO] Enola: Solve for Rydberg stage 1622/2325.
[INFO] Enola: Solve for Rydberg stage 1623/2325.
[INFO] Enola: Solve for Rydberg stage 1624/2325.
[INFO] Enola: Solve for Rydberg stage 1625/2325.
[INFO] Enola: Solve for Rydberg stage 1626/2325.
[INFO] Enola: Solve for Rydberg stage 1627/2325.
[INFO] Enola: Solve for Rydberg stage 1628/2325.
[INFO] Enola: Solve for Rydberg stage 1629/2325.
[INFO] Enola: Solve for Rydberg stage 1630/2325.
[INFO] Enola: Solve for Rydberg stage 1631/2325.
[INFO] Enola: Solve for Rydberg stage 1632/2325.
[INFO] Enola: Solve for Rydberg stage 1633/2325.
[INFO] Enola: Solve for Rydberg stage 1634/2325.
[INFO] Enola: Solve for Rydberg stage 1635/2325.
[INFO] Enola: Solve for Rydberg stage 1636/2325.
[INFO] Enola: Solve for Rydberg stage 1637/2325.
[INFO] Enola: Solve for Rydberg stage 1638/2325.
[INFO] Enola: Solve for Rydberg stage 1639/2325.
[INFO] Enola: Solve for Rydberg stage 1640/2325.
[INFO] Enola: Solve for Rydberg stage 1641/2325.
[INFO] Enola: Solve for Rydberg stage 1642/2325.
[INFO] Enola: Solve for Rydberg stage 1643/2325.
[INFO] Enola: Solve for Rydberg stage 1644/2325.
[INFO] Enola: Solve for Rydberg stage 1645/2325.
[INFO] Enola: Solve for Rydberg stage 1646/2325.
[INFO] Enola: Solve for Rydberg stage 1647/2325.
[INFO] Enola: Solve for Rydberg stage 1648/2325.
[INFO] Enola: Solve for Rydberg stage 1649/2325.
[INFO] Enola: Solve for Rydberg stage 1650/2325.
[INFO] Enola: Solve for Rydberg stage 1651/2325.
[INFO] Enola: Solve for Rydberg stage 1652/2325.
[INFO] Enola: Solve for Rydberg stage 1653/2325.
[INFO] Enola: Solve for Rydberg stage 1654/2325.
[INFO] Enola: Solve for Rydberg stage 1655/2325.
[INFO] Enola: Solve for Rydberg stage 1656/2325.
[INFO] Enola: Solve for Rydberg stage 1657/2325.
[INFO] Enola: Solve for Rydberg stage 1658/2325.
[INFO] Enola: Solve for Rydberg stage 1659/2325.
[INFO] Enola: Solve for Rydberg stage 1660/2325.
[INFO] Enola: Solve for Rydberg stage 1661/2325.
[INFO] Enola: Solve for Rydberg stage 1662/2325.
[INFO] Enola: Solve for Rydberg stage 1663/2325.
[INFO] Enola: Solve for Rydberg stage 1664/2325.
[INFO] Enola: Solve for Rydberg stage 1665/2325.
[INFO] Enola: Solve for Rydberg stage 1666/2325.
[INFO] Enola: Solve for Rydberg stage 1667/2325.
[INFO] Enola: Solve for Rydberg stage 1668/2325.
[INFO] Enola: Solve for Rydberg stage 1669/2325.
[INFO] Enola: Solve for Rydberg stage 1670/2325.
[INFO] Enola: Solve for Rydberg stage 1671/2325.
[INFO] Enola: Solve for Rydberg stage 1672/2325.
[INFO] Enola: Solve for Rydberg stage 1673/2325.
[INFO] Enola: Solve for Rydberg stage 1674/2325.
[INFO] Enola: Solve for Rydberg stage 1675/2325.
[INFO] Enola: Solve for Rydberg stage 1676/2325.
[INFO] Enola: Solve for Rydberg stage 1677/2325.
[INFO] Enola: Solve for Rydberg stage 1678/2325.
[INFO] Enola: Solve for Rydberg stage 1679/2325.
[INFO] Enola: Solve for Rydberg stage 1680/2325.
[INFO] Enola: Solve for Rydberg stage 1681/2325.
[INFO] Enola: Solve for Rydberg stage 1682/2325.
[INFO] Enola: Solve for Rydberg stage 1683/2325.
[INFO] Enola: Solve for Rydberg stage 1684/2325.
[INFO] Enola: Solve for Rydberg stage 1685/2325.
[INFO] Enola: Solve for Rydberg stage 1686/2325.
[INFO] Enola: Solve for Rydberg stage 1687/2325.
[INFO] Enola: Solve for Rydberg stage 1688/2325.
[INFO] Enola: Solve for Rydberg stage 1689/2325.
[INFO] Enola: Solve for Rydberg stage 1690/2325.
[INFO] Enola: Solve for Rydberg stage 1691/2325.
[INFO] Enola: Solve for Rydberg stage 1692/2325.
[INFO] Enola: Solve for Rydberg stage 1693/2325.
[INFO] Enola: Solve for Rydberg stage 1694/2325.
[INFO] Enola: Solve for Rydberg stage 1695/2325.
[INFO] Enola: Solve for Rydberg stage 1696/2325.
[INFO] Enola: Solve for Rydberg stage 1697/2325.
[INFO] Enola: Solve for Rydberg stage 1698/2325.
[INFO] Enola: Solve for Rydberg stage 1699/2325.
[INFO] Enola: Solve for Rydberg stage 1700/2325.
[INFO] Enola: Solve for Rydberg stage 1701/2325.
[INFO] Enola: Solve for Rydberg stage 1702/2325.
[INFO] Enola: Solve for Rydberg stage 1703/2325.
[INFO] Enola: Solve for Rydberg stage 1704/2325.
[INFO] Enola: Solve for Rydberg stage 1705/2325.
[INFO] Enola: Solve for Rydberg stage 1706/2325.
[INFO] Enola: Solve for Rydberg stage 1707/2325.
[INFO] Enola: Solve for Rydberg stage 1708/2325.
[INFO] Enola: Solve for Rydberg stage 1709/2325.
[INFO] Enola: Solve for Rydberg stage 1710/2325.
[INFO] Enola: Solve for Rydberg stage 1711/2325.
[INFO] Enola: Solve for Rydberg stage 1712/2325.
[INFO] Enola: Solve for Rydberg stage 1713/2325.
[INFO] Enola: Solve for Rydberg stage 1714/2325.
[INFO] Enola: Solve for Rydberg stage 1715/2325.
[INFO] Enola: Solve for Rydberg stage 1716/2325.
[INFO] Enola: Solve for Rydberg stage 1717/2325.
[INFO] Enola: Solve for Rydberg stage 1718/2325.
[INFO] Enola: Solve for Rydberg stage 1719/2325.
[INFO] Enola: Solve for Rydberg stage 1720/2325.
[INFO] Enola: Solve for Rydberg stage 1721/2325.
[INFO] Enola: Solve for Rydberg stage 1722/2325.
[INFO] Enola: Solve for Rydberg stage 1723/2325.
[INFO] Enola: Solve for Rydberg stage 1724/2325.
[INFO] Enola: Solve for Rydberg stage 1725/2325.
[INFO] Enola: Solve for Rydberg stage 1726/2325.
[INFO] Enola: Solve for Rydberg stage 1727/2325.
[INFO] Enola: Solve for Rydberg stage 1728/2325.
[INFO] Enola: Solve for Rydberg stage 1729/2325.
[INFO] Enola: Solve for Rydberg stage 1730/2325.
[INFO] Enola: Solve for Rydberg stage 1731/2325.
[INFO] Enola: Solve for Rydberg stage 1732/2325.
[INFO] Enola: Solve for Rydberg stage 1733/2325.
[INFO] Enola: Solve for Rydberg stage 1734/2325.
[INFO] Enola: Solve for Rydberg stage 1735/2325.
[INFO] Enola: Solve for Rydberg stage 1736/2325.
[INFO] Enola: Solve for Rydberg stage 1737/2325.
[INFO] Enola: Solve for Rydberg stage 1738/2325.
[INFO] Enola: Solve for Rydberg stage 1739/2325.
[INFO] Enola: Solve for Rydberg stage 1740/2325.
[INFO] Enola: Solve for Rydberg stage 1741/2325.
[INFO] Enola: Solve for Rydberg stage 1742/2325.
[INFO] Enola: Solve for Rydberg stage 1743/2325.
[INFO] Enola: Solve for Rydberg stage 1744/2325.
[INFO] Enola: Solve for Rydberg stage 1745/2325.
[INFO] Enola: Solve for Rydberg stage 1746/2325.
[INFO] Enola: Solve for Rydberg stage 1747/2325.
[INFO] Enola: Solve for Rydberg stage 1748/2325.
[INFO] Enola: Solve for Rydberg stage 1749/2325.
[INFO] Enola: Solve for Rydberg stage 1750/2325.
[INFO] Enola: Solve for Rydberg stage 1751/2325.
[INFO] Enola: Solve for Rydberg stage 1752/2325.
[INFO] Enola: Solve for Rydberg stage 1753/2325.
[INFO] Enola: Solve for Rydberg stage 1754/2325.
[INFO] Enola: Solve for Rydberg stage 1755/2325.
[INFO] Enola: Solve for Rydberg stage 1756/2325.
[INFO] Enola: Solve for Rydberg stage 1757/2325.
[INFO] Enola: Solve for Rydberg stage 1758/2325.
[INFO] Enola: Solve for Rydberg stage 1759/2325.
[INFO] Enola: Solve for Rydberg stage 1760/2325.
[INFO] Enola: Solve for Rydberg stage 1761/2325.
[INFO] Enola: Solve for Rydberg stage 1762/2325.
[INFO] Enola: Solve for Rydberg stage 1763/2325.
[INFO] Enola: Solve for Rydberg stage 1764/2325.
[INFO] Enola: Solve for Rydberg stage 1765/2325.
[INFO] Enola: Solve for Rydberg stage 1766/2325.
[INFO] Enola: Solve for Rydberg stage 1767/2325.
[INFO] Enola: Solve for Rydberg stage 1768/2325.
[INFO] Enola: Solve for Rydberg stage 1769/2325.
[INFO] Enola: Solve for Rydberg stage 1770/2325.
[INFO] Enola: Solve for Rydberg stage 1771/2325.
[INFO] Enola: Solve for Rydberg stage 1772/2325.
[INFO] Enola: Solve for Rydberg stage 1773/2325.
[INFO] Enola: Solve for Rydberg stage 1774/2325.
[INFO] Enola: Solve for Rydberg stage 1775/2325.
[INFO] Enola: Solve for Rydberg stage 1776/2325.
[INFO] Enola: Solve for Rydberg stage 1777/2325.
[INFO] Enola: Solve for Rydberg stage 1778/2325.
[INFO] Enola: Solve for Rydberg stage 1779/2325.
[INFO] Enola: Solve for Rydberg stage 1780/2325.
[INFO] Enola: Solve for Rydberg stage 1781/2325.
[INFO] Enola: Solve for Rydberg stage 1782/2325.
[INFO] Enola: Solve for Rydberg stage 1783/2325.
[INFO] Enola: Solve for Rydberg stage 1784/2325.
[INFO] Enola: Solve for Rydberg stage 1785/2325.
[INFO] Enola: Solve for Rydberg stage 1786/2325.
[INFO] Enola: Solve for Rydberg stage 1787/2325.
[INFO] Enola: Solve for Rydberg stage 1788/2325.
[INFO] Enola: Solve for Rydberg stage 1789/2325.
[INFO] Enola: Solve for Rydberg stage 1790/2325.
[INFO] Enola: Solve for Rydberg stage 1791/2325.
[INFO] Enola: Solve for Rydberg stage 1792/2325.
[INFO] Enola: Solve for Rydberg stage 1793/2325.
[INFO] Enola: Solve for Rydberg stage 1794/2325.
[INFO] Enola: Solve for Rydberg stage 1795/2325.
[INFO] Enola: Solve for Rydberg stage 1796/2325.
[INFO] Enola: Solve for Rydberg stage 1797/2325.
[INFO] Enola: Solve for Rydberg stage 1798/2325.
[INFO] Enola: Solve for Rydberg stage 1799/2325.
[INFO] Enola: Solve for Rydberg stage 1800/2325.
[INFO] Enola: Solve for Rydberg stage 1801/2325.
[INFO] Enola: Solve for Rydberg stage 1802/2325.
[INFO] Enola: Solve for Rydberg stage 1803/2325.
[INFO] Enola: Solve for Rydberg stage 1804/2325.
[INFO] Enola: Solve for Rydberg stage 1805/2325.
[INFO] Enola: Solve for Rydberg stage 1806/2325.
[INFO] Enola: Solve for Rydberg stage 1807/2325.
[INFO] Enola: Solve for Rydberg stage 1808/2325.
[INFO] Enola: Solve for Rydberg stage 1809/2325.
[INFO] Enola: Solve for Rydberg stage 1810/2325.
[INFO] Enola: Solve for Rydberg stage 1811/2325.
[INFO] Enola: Solve for Rydberg stage 1812/2325.
[INFO] Enola: Solve for Rydberg stage 1813/2325.
[INFO] Enola: Solve for Rydberg stage 1814/2325.
[INFO] Enola: Solve for Rydberg stage 1815/2325.
[INFO] Enola: Solve for Rydberg stage 1816/2325.
[INFO] Enola: Solve for Rydberg stage 1817/2325.
[INFO] Enola: Solve for Rydberg stage 1818/2325.
[INFO] Enola: Solve for Rydberg stage 1819/2325.
[INFO] Enola: Solve for Rydberg stage 1820/2325.
[INFO] Enola: Solve for Rydberg stage 1821/2325.
[INFO] Enola: Solve for Rydberg stage 1822/2325.
[INFO] Enola: Solve for Rydberg stage 1823/2325.
[INFO] Enola: Solve for Rydberg stage 1824/2325.
[INFO] Enola: Solve for Rydberg stage 1825/2325.
[INFO] Enola: Solve for Rydberg stage 1826/2325.
[INFO] Enola: Solve for Rydberg stage 1827/2325.
[INFO] Enola: Solve for Rydberg stage 1828/2325.
[INFO] Enola: Solve for Rydberg stage 1829/2325.
[INFO] Enola: Solve for Rydberg stage 1830/2325.
[INFO] Enola: Solve for Rydberg stage 1831/2325.
[INFO] Enola: Solve for Rydberg stage 1832/2325.
[INFO] Enola: Solve for Rydberg stage 1833/2325.
[INFO] Enola: Solve for Rydberg stage 1834/2325.
[INFO] Enola: Solve for Rydberg stage 1835/2325.
[INFO] Enola: Solve for Rydberg stage 1836/2325.
[INFO] Enola: Solve for Rydberg stage 1837/2325.
[INFO] Enola: Solve for Rydberg stage 1838/2325.
[INFO] Enola: Solve for Rydberg stage 1839/2325.
[INFO] Enola: Solve for Rydberg stage 1840/2325.
[INFO] Enola: Solve for Rydberg stage 1841/2325.
[INFO] Enola: Solve for Rydberg stage 1842/2325.
[INFO] Enola: Solve for Rydberg stage 1843/2325.
[INFO] Enola: Solve for Rydberg stage 1844/2325.
[INFO] Enola: Solve for Rydberg stage 1845/2325.
[INFO] Enola: Solve for Rydberg stage 1846/2325.
[INFO] Enola: Solve for Rydberg stage 1847/2325.
[INFO] Enola: Solve for Rydberg stage 1848/2325.
[INFO] Enola: Solve for Rydberg stage 1849/2325.
[INFO] Enola: Solve for Rydberg stage 1850/2325.
[INFO] Enola: Solve for Rydberg stage 1851/2325.
[INFO] Enola: Solve for Rydberg stage 1852/2325.
[INFO] Enola: Solve for Rydberg stage 1853/2325.
[INFO] Enola: Solve for Rydberg stage 1854/2325.
[INFO] Enola: Solve for Rydberg stage 1855/2325.
[INFO] Enola: Solve for Rydberg stage 1856/2325.
[INFO] Enola: Solve for Rydberg stage 1857/2325.
[INFO] Enola: Solve for Rydberg stage 1858/2325.
[INFO] Enola: Solve for Rydberg stage 1859/2325.
[INFO] Enola: Solve for Rydberg stage 1860/2325.
[INFO] Enola: Solve for Rydberg stage 1861/2325.
[INFO] Enola: Solve for Rydberg stage 1862/2325.
[INFO] Enola: Solve for Rydberg stage 1863/2325.
[INFO] Enola: Solve for Rydberg stage 1864/2325.
[INFO] Enola: Solve for Rydberg stage 1865/2325.
[INFO] Enola: Solve for Rydberg stage 1866/2325.
[INFO] Enola: Solve for Rydberg stage 1867/2325.
[INFO] Enola: Solve for Rydberg stage 1868/2325.
[INFO] Enola: Solve for Rydberg stage 1869/2325.
[INFO] Enola: Solve for Rydberg stage 1870/2325.
[INFO] Enola: Solve for Rydberg stage 1871/2325.
[INFO] Enola: Solve for Rydberg stage 1872/2325.
[INFO] Enola: Solve for Rydberg stage 1873/2325.
[INFO] Enola: Solve for Rydberg stage 1874/2325.
[INFO] Enola: Solve for Rydberg stage 1875/2325.
[INFO] Enola: Solve for Rydberg stage 1876/2325.
[INFO] Enola: Solve for Rydberg stage 1877/2325.
[INFO] Enola: Solve for Rydberg stage 1878/2325.
[INFO] Enola: Solve for Rydberg stage 1879/2325.
[INFO] Enola: Solve for Rydberg stage 1880/2325.
[INFO] Enola: Solve for Rydberg stage 1881/2325.
[INFO] Enola: Solve for Rydberg stage 1882/2325.
[INFO] Enola: Solve for Rydberg stage 1883/2325.
[INFO] Enola: Solve for Rydberg stage 1884/2325.
[INFO] Enola: Solve for Rydberg stage 1885/2325.
[INFO] Enola: Solve for Rydberg stage 1886/2325.
[INFO] Enola: Solve for Rydberg stage 1887/2325.
[INFO] Enola: Solve for Rydberg stage 1888/2325.
[INFO] Enola: Solve for Rydberg stage 1889/2325.
[INFO] Enola: Solve for Rydberg stage 1890/2325.
[INFO] Enola: Solve for Rydberg stage 1891/2325.
[INFO] Enola: Solve for Rydberg stage 1892/2325.
[INFO] Enola: Solve for Rydberg stage 1893/2325.
[INFO] Enola: Solve for Rydberg stage 1894/2325.
[INFO] Enola: Solve for Rydberg stage 1895/2325.
[INFO] Enola: Solve for Rydberg stage 1896/2325.
[INFO] Enola: Solve for Rydberg stage 1897/2325.
[INFO] Enola: Solve for Rydberg stage 1898/2325.
[INFO] Enola: Solve for Rydberg stage 1899/2325.
[INFO] Enola: Solve for Rydberg stage 1900/2325.
[INFO] Enola: Solve for Rydberg stage 1901/2325.
[INFO] Enola: Solve for Rydberg stage 1902/2325.
[INFO] Enola: Solve for Rydberg stage 1903/2325.
[INFO] Enola: Solve for Rydberg stage 1904/2325.
[INFO] Enola: Solve for Rydberg stage 1905/2325.
[INFO] Enola: Solve for Rydberg stage 1906/2325.
[INFO] Enola: Solve for Rydberg stage 1907/2325.
[INFO] Enola: Solve for Rydberg stage 1908/2325.
[INFO] Enola: Solve for Rydberg stage 1909/2325.
[INFO] Enola: Solve for Rydberg stage 1910/2325.
[INFO] Enola: Solve for Rydberg stage 1911/2325.
[INFO] Enola: Solve for Rydberg stage 1912/2325.
[INFO] Enola: Solve for Rydberg stage 1913/2325.
[INFO] Enola: Solve for Rydberg stage 1914/2325.
[INFO] Enola: Solve for Rydberg stage 1915/2325.
[INFO] Enola: Solve for Rydberg stage 1916/2325.
[INFO] Enola: Solve for Rydberg stage 1917/2325.
[INFO] Enola: Solve for Rydberg stage 1918/2325.
[INFO] Enola: Solve for Rydberg stage 1919/2325.
[INFO] Enola: Solve for Rydberg stage 1920/2325.
[INFO] Enola: Solve for Rydberg stage 1921/2325.
[INFO] Enola: Solve for Rydberg stage 1922/2325.
[INFO] Enola: Solve for Rydberg stage 1923/2325.
[INFO] Enola: Solve for Rydberg stage 1924/2325.
[INFO] Enola: Solve for Rydberg stage 1925/2325.
[INFO] Enola: Solve for Rydberg stage 1926/2325.
[INFO] Enola: Solve for Rydberg stage 1927/2325.
[INFO] Enola: Solve for Rydberg stage 1928/2325.
[INFO] Enola: Solve for Rydberg stage 1929/2325.
[INFO] Enola: Solve for Rydberg stage 1930/2325.
[INFO] Enola: Solve for Rydberg stage 1931/2325.
[INFO] Enola: Solve for Rydberg stage 1932/2325.
[INFO] Enola: Solve for Rydberg stage 1933/2325.
[INFO] Enola: Solve for Rydberg stage 1934/2325.
[INFO] Enola: Solve for Rydberg stage 1935/2325.
[INFO] Enola: Solve for Rydberg stage 1936/2325.
[INFO] Enola: Solve for Rydberg stage 1937/2325.
[INFO] Enola: Solve for Rydberg stage 1938/2325.
[INFO] Enola: Solve for Rydberg stage 1939/2325.
[INFO] Enola: Solve for Rydberg stage 1940/2325.
[INFO] Enola: Solve for Rydberg stage 1941/2325.
[INFO] Enola: Solve for Rydberg stage 1942/2325.
[INFO] Enola: Solve for Rydberg stage 1943/2325.
[INFO] Enola: Solve for Rydberg stage 1944/2325.
[INFO] Enola: Solve for Rydberg stage 1945/2325.
[INFO] Enola: Solve for Rydberg stage 1946/2325.
[INFO] Enola: Solve for Rydberg stage 1947/2325.
[INFO] Enola: Solve for Rydberg stage 1948/2325.
[INFO] Enola: Solve for Rydberg stage 1949/2325.
[INFO] Enola: Solve for Rydberg stage 1950/2325.
[INFO] Enola: Solve for Rydberg stage 1951/2325.
[INFO] Enola: Solve for Rydberg stage 1952/2325.
[INFO] Enola: Solve for Rydberg stage 1953/2325.
[INFO] Enola: Solve for Rydberg stage 1954/2325.
[INFO] Enola: Solve for Rydberg stage 1955/2325.
[INFO] Enola: Solve for Rydberg stage 1956/2325.
[INFO] Enola: Solve for Rydberg stage 1957/2325.
[INFO] Enola: Solve for Rydberg stage 1958/2325.
[INFO] Enola: Solve for Rydberg stage 1959/2325.
[INFO] Enola: Solve for Rydberg stage 1960/2325.
[INFO] Enola: Solve for Rydberg stage 1961/2325.
[INFO] Enola: Solve for Rydberg stage 1962/2325.
[INFO] Enola: Solve for Rydberg stage 1963/2325.
[INFO] Enola: Solve for Rydberg stage 1964/2325.
[INFO] Enola: Solve for Rydberg stage 1965/2325.
[INFO] Enola: Solve for Rydberg stage 1966/2325.
[INFO] Enola: Solve for Rydberg stage 1967/2325.
[INFO] Enola: Solve for Rydberg stage 1968/2325.
[INFO] Enola: Solve for Rydberg stage 1969/2325.
[INFO] Enola: Solve for Rydberg stage 1970/2325.
[INFO] Enola: Solve for Rydberg stage 1971/2325.
[INFO] Enola: Solve for Rydberg stage 1972/2325.
[INFO] Enola: Solve for Rydberg stage 1973/2325.
[INFO] Enola: Solve for Rydberg stage 1974/2325.
[INFO] Enola: Solve for Rydberg stage 1975/2325.
[INFO] Enola: Solve for Rydberg stage 1976/2325.
[INFO] Enola: Solve for Rydberg stage 1977/2325.
[INFO] Enola: Solve for Rydberg stage 1978/2325.
[INFO] Enola: Solve for Rydberg stage 1979/2325.
[INFO] Enola: Solve for Rydberg stage 1980/2325.
[INFO] Enola: Solve for Rydberg stage 1981/2325.
[INFO] Enola: Solve for Rydberg stage 1982/2325.
[INFO] Enola: Solve for Rydberg stage 1983/2325.
[INFO] Enola: Solve for Rydberg stage 1984/2325.
[INFO] Enola: Solve for Rydberg stage 1985/2325.
[INFO] Enola: Solve for Rydberg stage 1986/2325.
[INFO] Enola: Solve for Rydberg stage 1987/2325.
[INFO] Enola: Solve for Rydberg stage 1988/2325.
[INFO] Enola: Solve for Rydberg stage 1989/2325.
[INFO] Enola: Solve for Rydberg stage 1990/2325.
[INFO] Enola: Solve for Rydberg stage 1991/2325.
[INFO] Enola: Solve for Rydberg stage 1992/2325.
[INFO] Enola: Solve for Rydberg stage 1993/2325.
[INFO] Enola: Solve for Rydberg stage 1994/2325.
[INFO] Enola: Solve for Rydberg stage 1995/2325.
[INFO] Enola: Solve for Rydberg stage 1996/2325.
[INFO] Enola: Solve for Rydberg stage 1997/2325.
[INFO] Enola: Solve for Rydberg stage 1998/2325.
[INFO] Enola: Solve for Rydberg stage 1999/2325.
[INFO] Enola: Solve for Rydberg stage 2000/2325.
[INFO] Enola: Solve for Rydberg stage 2001/2325.
[INFO] Enola: Solve for Rydberg stage 2002/2325.
[INFO] Enola: Solve for Rydberg stage 2003/2325.
[INFO] Enola: Solve for Rydberg stage 2004/2325.
[INFO] Enola: Solve for Rydberg stage 2005/2325.
[INFO] Enola: Solve for Rydberg stage 2006/2325.
[INFO] Enola: Solve for Rydberg stage 2007/2325.
[INFO] Enola: Solve for Rydberg stage 2008/2325.
[INFO] Enola: Solve for Rydberg stage 2009/2325.
[INFO] Enola: Solve for Rydberg stage 2010/2325.
[INFO] Enola: Solve for Rydberg stage 2011/2325.
[INFO] Enola: Solve for Rydberg stage 2012/2325.
[INFO] Enola: Solve for Rydberg stage 2013/2325.
[INFO] Enola: Solve for Rydberg stage 2014/2325.
[INFO] Enola: Solve for Rydberg stage 2015/2325.
[INFO] Enola: Solve for Rydberg stage 2016/2325.
[INFO] Enola: Solve for Rydberg stage 2017/2325.
[INFO] Enola: Solve for Rydberg stage 2018/2325.
[INFO] Enola: Solve for Rydberg stage 2019/2325.
[INFO] Enola: Solve for Rydberg stage 2020/2325.
[INFO] Enola: Solve for Rydberg stage 2021/2325.
[INFO] Enola: Solve for Rydberg stage 2022/2325.
[INFO] Enola: Solve for Rydberg stage 2023/2325.
[INFO] Enola: Solve for Rydberg stage 2024/2325.
[INFO] Enola: Solve for Rydberg stage 2025/2325.
[INFO] Enola: Solve for Rydberg stage 2026/2325.
[INFO] Enola: Solve for Rydberg stage 2027/2325.
[INFO] Enola: Solve for Rydberg stage 2028/2325.
[INFO] Enola: Solve for Rydberg stage 2029/2325.
[INFO] Enola: Solve for Rydberg stage 2030/2325.
[INFO] Enola: Solve for Rydberg stage 2031/2325.
[INFO] Enola: Solve for Rydberg stage 2032/2325.
[INFO] Enola: Solve for Rydberg stage 2033/2325.
[INFO] Enola: Solve for Rydberg stage 2034/2325.
[INFO] Enola: Solve for Rydberg stage 2035/2325.
[INFO] Enola: Solve for Rydberg stage 2036/2325.
[INFO] Enola: Solve for Rydberg stage 2037/2325.
[INFO] Enola: Solve for Rydberg stage 2038/2325.
[INFO] Enola: Solve for Rydberg stage 2039/2325.
[INFO] Enola: Solve for Rydberg stage 2040/2325.
[INFO] Enola: Solve for Rydberg stage 2041/2325.
[INFO] Enola: Solve for Rydberg stage 2042/2325.
[INFO] Enola: Solve for Rydberg stage 2043/2325.
[INFO] Enola: Solve for Rydberg stage 2044/2325.
[INFO] Enola: Solve for Rydberg stage 2045/2325.
[INFO] Enola: Solve for Rydberg stage 2046/2325.
[INFO] Enola: Solve for Rydberg stage 2047/2325.
[INFO] Enola: Solve for Rydberg stage 2048/2325.
[INFO] Enola: Solve for Rydberg stage 2049/2325.
[INFO] Enola: Solve for Rydberg stage 2050/2325.
[INFO] Enola: Solve for Rydberg stage 2051/2325.
[INFO] Enola: Solve for Rydberg stage 2052/2325.
[INFO] Enola: Solve for Rydberg stage 2053/2325.
[INFO] Enola: Solve for Rydberg stage 2054/2325.
[INFO] Enola: Solve for Rydberg stage 2055/2325.
[INFO] Enola: Solve for Rydberg stage 2056/2325.
[INFO] Enola: Solve for Rydberg stage 2057/2325.
[INFO] Enola: Solve for Rydberg stage 2058/2325.
[INFO] Enola: Solve for Rydberg stage 2059/2325.
[INFO] Enola: Solve for Rydberg stage 2060/2325.
[INFO] Enola: Solve for Rydberg stage 2061/2325.
[INFO] Enola: Solve for Rydberg stage 2062/2325.
[INFO] Enola: Solve for Rydberg stage 2063/2325.
[INFO] Enola: Solve for Rydberg stage 2064/2325.
[INFO] Enola: Solve for Rydberg stage 2065/2325.
[INFO] Enola: Solve for Rydberg stage 2066/2325.
[INFO] Enola: Solve for Rydberg stage 2067/2325.
[INFO] Enola: Solve for Rydberg stage 2068/2325.
[INFO] Enola: Solve for Rydberg stage 2069/2325.
[INFO] Enola: Solve for Rydberg stage 2070/2325.
[INFO] Enola: Solve for Rydberg stage 2071/2325.
[INFO] Enola: Solve for Rydberg stage 2072/2325.
[INFO] Enola: Solve for Rydberg stage 2073/2325.
[INFO] Enola: Solve for Rydberg stage 2074/2325.
[INFO] Enola: Solve for Rydberg stage 2075/2325.
[INFO] Enola: Solve for Rydberg stage 2076/2325.
[INFO] Enola: Solve for Rydberg stage 2077/2325.
[INFO] Enola: Solve for Rydberg stage 2078/2325.
[INFO] Enola: Solve for Rydberg stage 2079/2325.
[INFO] Enola: Solve for Rydberg stage 2080/2325.
[INFO] Enola: Solve for Rydberg stage 2081/2325.
[INFO] Enola: Solve for Rydberg stage 2082/2325.
[INFO] Enola: Solve for Rydberg stage 2083/2325.
[INFO] Enola: Solve for Rydberg stage 2084/2325.
[INFO] Enola: Solve for Rydberg stage 2085/2325.
[INFO] Enola: Solve for Rydberg stage 2086/2325.
[INFO] Enola: Solve for Rydberg stage 2087/2325.
[INFO] Enola: Solve for Rydberg stage 2088/2325.
[INFO] Enola: Solve for Rydberg stage 2089/2325.
[INFO] Enola: Solve for Rydberg stage 2090/2325.
[INFO] Enola: Solve for Rydberg stage 2091/2325.
[INFO] Enola: Solve for Rydberg stage 2092/2325.
[INFO] Enola: Solve for Rydberg stage 2093/2325.
[INFO] Enola: Solve for Rydberg stage 2094/2325.
[INFO] Enola: Solve for Rydberg stage 2095/2325.
[INFO] Enola: Solve for Rydberg stage 2096/2325.
[INFO] Enola: Solve for Rydberg stage 2097/2325.
[INFO] Enola: Solve for Rydberg stage 2098/2325.
[INFO] Enola: Solve for Rydberg stage 2099/2325.
[INFO] Enola: Solve for Rydberg stage 2100/2325.
[INFO] Enola: Solve for Rydberg stage 2101/2325.
[INFO] Enola: Solve for Rydberg stage 2102/2325.
[INFO] Enola: Solve for Rydberg stage 2103/2325.
[INFO] Enola: Solve for Rydberg stage 2104/2325.
[INFO] Enola: Solve for Rydberg stage 2105/2325.
[INFO] Enola: Solve for Rydberg stage 2106/2325.
[INFO] Enola: Solve for Rydberg stage 2107/2325.
[INFO] Enola: Solve for Rydberg stage 2108/2325.
[INFO] Enola: Solve for Rydberg stage 2109/2325.
[INFO] Enola: Solve for Rydberg stage 2110/2325.
[INFO] Enola: Solve for Rydberg stage 2111/2325.
[INFO] Enola: Solve for Rydberg stage 2112/2325.
[INFO] Enola: Solve for Rydberg stage 2113/2325.
[INFO] Enola: Solve for Rydberg stage 2114/2325.
[INFO] Enola: Solve for Rydberg stage 2115/2325.
[INFO] Enola: Solve for Rydberg stage 2116/2325.
[INFO] Enola: Solve for Rydberg stage 2117/2325.
[INFO] Enola: Solve for Rydberg stage 2118/2325.
[INFO] Enola: Solve for Rydberg stage 2119/2325.
[INFO] Enola: Solve for Rydberg stage 2120/2325.
[INFO] Enola: Solve for Rydberg stage 2121/2325.
[INFO] Enola: Solve for Rydberg stage 2122/2325.
[INFO] Enola: Solve for Rydberg stage 2123/2325.
[INFO] Enola: Solve for Rydberg stage 2124/2325.
[INFO] Enola: Solve for Rydberg stage 2125/2325.
[INFO] Enola: Solve for Rydberg stage 2126/2325.
[INFO] Enola: Solve for Rydberg stage 2127/2325.
[INFO] Enola: Solve for Rydberg stage 2128/2325.
[INFO] Enola: Solve for Rydberg stage 2129/2325.
[INFO] Enola: Solve for Rydberg stage 2130/2325.
[INFO] Enola: Solve for Rydberg stage 2131/2325.
[INFO] Enola: Solve for Rydberg stage 2132/2325.
[INFO] Enola: Solve for Rydberg stage 2133/2325.
[INFO] Enola: Solve for Rydberg stage 2134/2325.
[INFO] Enola: Solve for Rydberg stage 2135/2325.
[INFO] Enola: Solve for Rydberg stage 2136/2325.
[INFO] Enola: Solve for Rydberg stage 2137/2325.
[INFO] Enola: Solve for Rydberg stage 2138/2325.
[INFO] Enola: Solve for Rydberg stage 2139/2325.
[INFO] Enola: Solve for Rydberg stage 2140/2325.
[INFO] Enola: Solve for Rydberg stage 2141/2325.
[INFO] Enola: Solve for Rydberg stage 2142/2325.
[INFO] Enola: Solve for Rydberg stage 2143/2325.
[INFO] Enola: Solve for Rydberg stage 2144/2325.
[INFO] Enola: Solve for Rydberg stage 2145/2325.
[INFO] Enola: Solve for Rydberg stage 2146/2325.
[INFO] Enola: Solve for Rydberg stage 2147/2325.
[INFO] Enola: Solve for Rydberg stage 2148/2325.
[INFO] Enola: Solve for Rydberg stage 2149/2325.
[INFO] Enola: Solve for Rydberg stage 2150/2325.
[INFO] Enola: Solve for Rydberg stage 2151/2325.
[INFO] Enola: Solve for Rydberg stage 2152/2325.
[INFO] Enola: Solve for Rydberg stage 2153/2325.
[INFO] Enola: Solve for Rydberg stage 2154/2325.
[INFO] Enola: Solve for Rydberg stage 2155/2325.
[INFO] Enola: Solve for Rydberg stage 2156/2325.
[INFO] Enola: Solve for Rydberg stage 2157/2325.
[INFO] Enola: Solve for Rydberg stage 2158/2325.
[INFO] Enola: Solve for Rydberg stage 2159/2325.
[INFO] Enola: Solve for Rydberg stage 2160/2325.
[INFO] Enola: Solve for Rydberg stage 2161/2325.
[INFO] Enola: Solve for Rydberg stage 2162/2325.
[INFO] Enola: Solve for Rydberg stage 2163/2325.
[INFO] Enola: Solve for Rydberg stage 2164/2325.
[INFO] Enola: Solve for Rydberg stage 2165/2325.
[INFO] Enola: Solve for Rydberg stage 2166/2325.
[INFO] Enola: Solve for Rydberg stage 2167/2325.
[INFO] Enola: Solve for Rydberg stage 2168/2325.
[INFO] Enola: Solve for Rydberg stage 2169/2325.
[INFO] Enola: Solve for Rydberg stage 2170/2325.
[INFO] Enola: Solve for Rydberg stage 2171/2325.
[INFO] Enola: Solve for Rydberg stage 2172/2325.
[INFO] Enola: Solve for Rydberg stage 2173/2325.
[INFO] Enola: Solve for Rydberg stage 2174/2325.
[INFO] Enola: Solve for Rydberg stage 2175/2325.
[INFO] Enola: Solve for Rydberg stage 2176/2325.
[INFO] Enola: Solve for Rydberg stage 2177/2325.
[INFO] Enola: Solve for Rydberg stage 2178/2325.
[INFO] Enola: Solve for Rydberg stage 2179/2325.
[INFO] Enola: Solve for Rydberg stage 2180/2325.
[INFO] Enola: Solve for Rydberg stage 2181/2325.
[INFO] Enola: Solve for Rydberg stage 2182/2325.
[INFO] Enola: Solve for Rydberg stage 2183/2325.
[INFO] Enola: Solve for Rydberg stage 2184/2325.
[INFO] Enola: Solve for Rydberg stage 2185/2325.
[INFO] Enola: Solve for Rydberg stage 2186/2325.
[INFO] Enola: Solve for Rydberg stage 2187/2325.
[INFO] Enola: Solve for Rydberg stage 2188/2325.
[INFO] Enola: Solve for Rydberg stage 2189/2325.
[INFO] Enola: Solve for Rydberg stage 2190/2325.
[INFO] Enola: Solve for Rydberg stage 2191/2325.
[INFO] Enola: Solve for Rydberg stage 2192/2325.
[INFO] Enola: Solve for Rydberg stage 2193/2325.
[INFO] Enola: Solve for Rydberg stage 2194/2325.
[INFO] Enola: Solve for Rydberg stage 2195/2325.
[INFO] Enola: Solve for Rydberg stage 2196/2325.
[INFO] Enola: Solve for Rydberg stage 2197/2325.
[INFO] Enola: Solve for Rydberg stage 2198/2325.
[INFO] Enola: Solve for Rydberg stage 2199/2325.
[INFO] Enola: Solve for Rydberg stage 2200/2325.
[INFO] Enola: Solve for Rydberg stage 2201/2325.
[INFO] Enola: Solve for Rydberg stage 2202/2325.
[INFO] Enola: Solve for Rydberg stage 2203/2325.
[INFO] Enola: Solve for Rydberg stage 2204/2325.
[INFO] Enola: Solve for Rydberg stage 2205/2325.
[INFO] Enola: Solve for Rydberg stage 2206/2325.
[INFO] Enola: Solve for Rydberg stage 2207/2325.
[INFO] Enola: Solve for Rydberg stage 2208/2325.
[INFO] Enola: Solve for Rydberg stage 2209/2325.
[INFO] Enola: Solve for Rydberg stage 2210/2325.
[INFO] Enola: Solve for Rydberg stage 2211/2325.
[INFO] Enola: Solve for Rydberg stage 2212/2325.
[INFO] Enola: Solve for Rydberg stage 2213/2325.
[INFO] Enola: Solve for Rydberg stage 2214/2325.
[INFO] Enola: Solve for Rydberg stage 2215/2325.
[INFO] Enola: Solve for Rydberg stage 2216/2325.
[INFO] Enola: Solve for Rydberg stage 2217/2325.
[INFO] Enola: Solve for Rydberg stage 2218/2325.
[INFO] Enola: Solve for Rydberg stage 2219/2325.
[INFO] Enola: Solve for Rydberg stage 2220/2325.
[INFO] Enola: Solve for Rydberg stage 2221/2325.
[INFO] Enola: Solve for Rydberg stage 2222/2325.
[INFO] Enola: Solve for Rydberg stage 2223/2325.
[INFO] Enola: Solve for Rydberg stage 2224/2325.
[INFO] Enola: Solve for Rydberg stage 2225/2325.
[INFO] Enola: Solve for Rydberg stage 2226/2325.
[INFO] Enola: Solve for Rydberg stage 2227/2325.
[INFO] Enola: Solve for Rydberg stage 2228/2325.
[INFO] Enola: Solve for Rydberg stage 2229/2325.
[INFO] Enola: Solve for Rydberg stage 2230/2325.
[INFO] Enola: Solve for Rydberg stage 2231/2325.
[INFO] Enola: Solve for Rydberg stage 2232/2325.
[INFO] Enola: Solve for Rydberg stage 2233/2325.
[INFO] Enola: Solve for Rydberg stage 2234/2325.
[INFO] Enola: Solve for Rydberg stage 2235/2325.
[INFO] Enola: Solve for Rydberg stage 2236/2325.
[INFO] Enola: Solve for Rydberg stage 2237/2325.
[INFO] Enola: Solve for Rydberg stage 2238/2325.
[INFO] Enola: Solve for Rydberg stage 2239/2325.
[INFO] Enola: Solve for Rydberg stage 2240/2325.
[INFO] Enola: Solve for Rydberg stage 2241/2325.
[INFO] Enola: Solve for Rydberg stage 2242/2325.
[INFO] Enola: Solve for Rydberg stage 2243/2325.
[INFO] Enola: Solve for Rydberg stage 2244/2325.
[INFO] Enola: Solve for Rydberg stage 2245/2325.
[INFO] Enola: Solve for Rydberg stage 2246/2325.
[INFO] Enola: Solve for Rydberg stage 2247/2325.
[INFO] Enola: Solve for Rydberg stage 2248/2325.
[INFO] Enola: Solve for Rydberg stage 2249/2325.
[INFO] Enola: Solve for Rydberg stage 2250/2325.
[INFO] Enola: Solve for Rydberg stage 2251/2325.
[INFO] Enola: Solve for Rydberg stage 2252/2325.
[INFO] Enola: Solve for Rydberg stage 2253/2325.
[INFO] Enola: Solve for Rydberg stage 2254/2325.
[INFO] Enola: Solve for Rydberg stage 2255/2325.
[INFO] Enola: Solve for Rydberg stage 2256/2325.
[INFO] Enola: Solve for Rydberg stage 2257/2325.
[INFO] Enola: Solve for Rydberg stage 2258/2325.
[INFO] Enola: Solve for Rydberg stage 2259/2325.
[INFO] Enola: Solve for Rydberg stage 2260/2325.
[INFO] Enola: Solve for Rydberg stage 2261/2325.
[INFO] Enola: Solve for Rydberg stage 2262/2325.
[INFO] Enola: Solve for Rydberg stage 2263/2325.
[INFO] Enola: Solve for Rydberg stage 2264/2325.
[INFO] Enola: Solve for Rydberg stage 2265/2325.
[INFO] Enola: Solve for Rydberg stage 2266/2325.
[INFO] Enola: Solve for Rydberg stage 2267/2325.
[INFO] Enola: Solve for Rydberg stage 2268/2325.
[INFO] Enola: Solve for Rydberg stage 2269/2325.
[INFO] Enola: Solve for Rydberg stage 2270/2325.
[INFO] Enola: Solve for Rydberg stage 2271/2325.
[INFO] Enola: Solve for Rydberg stage 2272/2325.
[INFO] Enola: Solve for Rydberg stage 2273/2325.
[INFO] Enola: Solve for Rydberg stage 2274/2325.
[INFO] Enola: Solve for Rydberg stage 2275/2325.
[INFO] Enola: Solve for Rydberg stage 2276/2325.
[INFO] Enola: Solve for Rydberg stage 2277/2325.
[INFO] Enola: Solve for Rydberg stage 2278/2325.
[INFO] Enola: Solve for Rydberg stage 2279/2325.
[INFO] Enola: Solve for Rydberg stage 2280/2325.
[INFO] Enola: Solve for Rydberg stage 2281/2325.
[INFO] Enola: Solve for Rydberg stage 2282/2325.
[INFO] Enola: Solve for Rydberg stage 2283/2325.
[INFO] Enola: Solve for Rydberg stage 2284/2325.
[INFO] Enola: Solve for Rydberg stage 2285/2325.
[INFO] Enola: Solve for Rydberg stage 2286/2325.
[INFO] Enola: Solve for Rydberg stage 2287/2325.
[INFO] Enola: Solve for Rydberg stage 2288/2325.
[INFO] Enola: Solve for Rydberg stage 2289/2325.
[INFO] Enola: Solve for Rydberg stage 2290/2325.
[INFO] Enola: Solve for Rydberg stage 2291/2325.
[INFO] Enola: Solve for Rydberg stage 2292/2325.
[INFO] Enola: Solve for Rydberg stage 2293/2325.
[INFO] Enola: Solve for Rydberg stage 2294/2325.
[INFO] Enola: Solve for Rydberg stage 2295/2325.
[INFO] Enola: Solve for Rydberg stage 2296/2325.
[INFO] Enola: Solve for Rydberg stage 2297/2325.
[INFO] Enola: Solve for Rydberg stage 2298/2325.
[INFO] Enola: Solve for Rydberg stage 2299/2325.
[INFO] Enola: Solve for Rydberg stage 2300/2325.
[INFO] Enola: Solve for Rydberg stage 2301/2325.
[INFO] Enola: Solve for Rydberg stage 2302/2325.
[INFO] Enola: Solve for Rydberg stage 2303/2325.
[INFO] Enola: Solve for Rydberg stage 2304/2325.
[INFO] Enola: Solve for Rydberg stage 2305/2325.
[INFO] Enola: Solve for Rydberg stage 2306/2325.
[INFO] Enola: Solve for Rydberg stage 2307/2325.
[INFO] Enola: Solve for Rydberg stage 2308/2325.
[INFO] Enola: Solve for Rydberg stage 2309/2325.
[INFO] Enola: Solve for Rydberg stage 2310/2325.
[INFO] Enola: Solve for Rydberg stage 2311/2325.
[INFO] Enola: Solve for Rydberg stage 2312/2325.
[INFO] Enola: Solve for Rydberg stage 2313/2325.
[INFO] Enola: Solve for Rydberg stage 2314/2325.
[INFO] Enola: Solve for Rydberg stage 2315/2325.
[INFO] Enola: Solve for Rydberg stage 2316/2325.
[INFO] Enola: Solve for Rydberg stage 2317/2325.
[INFO] Enola: Solve for Rydberg stage 2318/2325.
[INFO] Enola: Solve for Rydberg stage 2319/2325.
[INFO] Enola: Solve for Rydberg stage 2320/2325.
[INFO] Enola: Solve for Rydberg stage 2321/2325.
[INFO] Enola: Solve for Rydberg stage 2322/2325.
[INFO] Enola: Solve for Rydberg stage 2323/2325.
[INFO] Enola: Solve for Rydberg stage 2324/2325.
[INFO] Enola: Solve for Rydberg stage 2325/2325.
[INFO] Enola: Solve for Rydberg stage 2326/2325.
[INFO] Enola: Time for routing: 2.348686695098877s
[INFO] Enola: Total Time: 19.82083511352539s
Compilation successful.

2026-03-25 13:02:10,647 - BenchmarkManager - INFO - enola (run 1/1) - Running /u/halle/heiz/home_at/BachelorProject/benchmarks/uf_50-250_fix10/uf250-010.qasm
2026-03-25 13:02:10,647 - Compiler.enola - INFO - Array width: 100, Array height: 5, AOD columns: 250, AOD rows: 1
2026-03-25 13:02:41,905 - Compiler.enola - INFO - STDOUT:
[INFO] Enola: Start Solving
[INFO] Enola: Run scheduling
[INFO] Enola: Time for scheduling: 0.0030934810638427734s
100
[INFO] Enola: Time for placement: 2.9087066650390625e-05s
[INFO] Enola: Solve for Rydberg stage 2/2548.
[INFO] Enola: Solve for Rydberg stage 3/2548.
[INFO] Enola: Solve for Rydberg stage 4/2548.
[INFO] Enola: Solve for Rydberg stage 5/2548.
[INFO] Enola: Solve for Rydberg stage 6/2548.
[INFO] Enola: Solve for Rydberg stage 7/2548.
[INFO] Enola: Solve for Rydberg stage 8/2548.
[INFO] Enola: Solve for Rydberg stage 9/2548.
[INFO] Enola: Solve for Rydberg stage 10/2548.
[INFO] Enola: Solve for Rydberg stage 11/2548.
[INFO] Enola: Solve for Rydberg stage 12/2548.
[INFO] Enola: Solve for Rydberg stage 13/2548.
[INFO] Enola: Solve for Rydberg stage 14/2548.
[INFO] Enola: Solve for Rydberg stage 15/2548.
[INFO] Enola: Solve for Rydberg stage 16/2548.
[INFO] Enola: Solve for Rydberg stage 17/2548.
[INFO] Enola: Solve for Rydberg stage 18/2548.
[INFO] Enola: Solve for Rydberg stage 19/2548.
[INFO] Enola: Solve for Rydberg stage 20/2548.
[INFO] Enola: Solve for Rydberg stage 21/2548.
[INFO] Enola: Solve for Rydberg stage 22/2548.
[INFO] Enola: Solve for Rydberg stage 23/2548.
[INFO] Enola: Solve for Rydberg stage 24/2548.
[INFO] Enola: Solve for Rydberg stage 25/2548.
[INFO] Enola: Solve for Rydberg stage 26/2548.
[INFO] Enola: Solve for Rydberg stage 27/2548.
[INFO] Enola: Solve for Rydberg stage 28/2548.
[INFO] Enola: Solve for Rydberg stage 29/2548.
[INFO] Enola: Solve for Rydberg stage 30/2548.
[INFO] Enola: Solve for Rydberg stage 31/2548.
[INFO] Enola: Solve for Rydberg stage 32/2548.
[INFO] Enola: Solve for Rydberg stage 33/2548.
[INFO] Enola: Solve for Rydberg stage 34/2548.
[INFO] Enola: Solve for Rydberg stage 35/2548.
[INFO] Enola: Solve for Rydberg stage 36/2548.
[INFO] Enola: Solve for Rydberg stage 37/2548.
[INFO] Enola: Solve for Rydberg stage 38/2548.
[INFO] Enola: Solve for Rydberg stage 39/2548.
[INFO] Enola: Solve for Rydberg stage 40/2548.
[INFO] Enola: Solve for Rydberg stage 41/2548.
[INFO] Enola: Solve for Rydberg stage 42/2548.
[INFO] Enola: Solve for Rydberg stage 43/2548.
[INFO] Enola: Solve for Rydberg stage 44/2548.
[INFO] Enola: Solve for Rydberg stage 45/2548.
[INFO] Enola: Solve for Rydberg stage 46/2548.
[INFO] Enola: Solve for Rydberg stage 47/2548.
[INFO] Enola: Solve for Rydberg stage 48/2548.
[INFO] Enola: Solve for Rydberg stage 49/2548.
[INFO] Enola: Solve for Rydberg stage 50/2548.
[INFO] Enola: Solve for Rydberg stage 51/2548.
[INFO] Enola: Solve for Rydberg stage 52/2548.
[INFO] Enola: Solve for Rydberg stage 53/2548.
[INFO] Enola: Solve for Rydberg stage 54/2548.
[INFO] Enola: Solve for Rydberg stage 55/2548.
[INFO] Enola: Solve for Rydberg stage 56/2548.
[INFO] Enola: Solve for Rydberg stage 57/2548.
[INFO] Enola: Solve for Rydberg stage 58/2548.
[INFO] Enola: Solve for Rydberg stage 59/2548.
[INFO] Enola: Solve for Rydberg stage 60/2548.
[INFO] Enola: Solve for Rydberg stage 61/2548.
[INFO] Enola: Solve for Rydberg stage 62/2548.
[INFO] Enola: Solve for Rydberg stage 63/2548.
[INFO] Enola: Solve for Rydberg stage 64/2548.
[INFO] Enola: Solve for Rydberg stage 65/2548.
[INFO] Enola: Solve for Rydberg stage 66/2548.
[INFO] Enola: Solve for Rydberg stage 67/2548.
[INFO] Enola: Solve for Rydberg stage 68/2548.
[INFO] Enola: Solve for Rydberg stage 69/2548.
[INFO] Enola: Solve for Rydberg stage 70/2548.
[INFO] Enola: Solve for Rydberg stage 71/2548.
[INFO] Enola: Solve for Rydberg stage 72/2548.
[INFO] Enola: Solve for Rydberg stage 73/2548.
[INFO] Enola: Solve for Rydberg stage 74/2548.
[INFO] Enola: Solve for Rydberg stage 75/2548.
[INFO] Enola: Solve for Rydberg stage 76/2548.
[INFO] Enola: Solve for Rydberg stage 77/2548.
[INFO] Enola: Solve for Rydberg stage 78/2548.
[INFO] Enola: Solve for Rydberg stage 79/2548.
[INFO] Enola: Solve for Rydberg stage 80/2548.
[INFO] Enola: Solve for Rydberg stage 81/2548.
[INFO] Enola: Solve for Rydberg stage 82/2548.
[INFO] Enola: Solve for Rydberg stage 83/2548.
[INFO] Enola: Solve for Rydberg stage 84/2548.
[INFO] Enola: Solve for Rydberg stage 85/2548.
[INFO] Enola: Solve for Rydberg stage 86/2548.
[INFO] Enola: Solve for Rydberg stage 87/2548.
[INFO] Enola: Solve for Rydberg stage 88/2548.
[INFO] Enola: Solve for Rydberg stage 89/2548.
[INFO] Enola: Solve for Rydberg stage 90/2548.
[INFO] Enola: Solve for Rydberg stage 91/2548.
[INFO] Enola: Solve for Rydberg stage 92/2548.
[INFO] Enola: Solve for Rydberg stage 93/2548.
[INFO] Enola: Solve for Rydberg stage 94/2548.
[INFO] Enola: Solve for Rydberg stage 95/2548.
[INFO] Enola: Solve for Rydberg stage 96/2548.
[INFO] Enola: Solve for Rydberg stage 97/2548.
[INFO] Enola: Solve for Rydberg stage 98/2548.
[INFO] Enola: Solve for Rydberg stage 99/2548.
[INFO] Enola: Solve for Rydberg stage 100/2548.
[INFO] Enola: Solve for Rydberg stage 101/2548.
[INFO] Enola: Solve for Rydberg stage 102/2548.
[INFO] Enola: Solve for Rydberg stage 103/2548.
[INFO] Enola: Solve for Rydberg stage 104/2548.
[INFO] Enola: Solve for Rydberg stage 105/2548.
[INFO] Enola: Solve for Rydberg stage 106/2548.
[INFO] Enola: Solve for Rydberg stage 107/2548.
[INFO] Enola: Solve for Rydberg stage 108/2548.
[INFO] Enola: Solve for Rydberg stage 109/2548.
[INFO] Enola: Solve for Rydberg stage 110/2548.
[INFO] Enola: Solve for Rydberg stage 111/2548.
[INFO] Enola: Solve for Rydberg stage 112/2548.
[INFO] Enola: Solve for Rydberg stage 113/2548.
[INFO] Enola: Solve for Rydberg stage 114/2548.
[INFO] Enola: Solve for Rydberg stage 115/2548.
[INFO] Enola: Solve for Rydberg stage 116/2548.
[INFO] Enola: Solve for Rydberg stage 117/2548.
[INFO] Enola: Solve for Rydberg stage 118/2548.
[INFO] Enola: Solve for Rydberg stage 119/2548.
[INFO] Enola: Solve for Rydberg stage 120/2548.
[INFO] Enola: Solve for Rydberg stage 121/2548.
[INFO] Enola: Solve for Rydberg stage 122/2548.
[INFO] Enola: Solve for Rydberg stage 123/2548.
[INFO] Enola: Solve for Rydberg stage 124/2548.
[INFO] Enola: Solve for Rydberg stage 125/2548.
[INFO] Enola: Solve for Rydberg stage 126/2548.
[INFO] Enola: Solve for Rydberg stage 127/2548.
[INFO] Enola: Solve for Rydberg stage 128/2548.
[INFO] Enola: Solve for Rydberg stage 129/2548.
[INFO] Enola: Solve for Rydberg stage 130/2548.
[INFO] Enola: Solve for Rydberg stage 131/2548.
[INFO] Enola: Solve for Rydberg stage 132/2548.
[INFO] Enola: Solve for Rydberg stage 133/2548.
[INFO] Enola: Solve for Rydberg stage 134/2548.
[INFO] Enola: Solve for Rydberg stage 135/2548.
[INFO] Enola: Solve for Rydberg stage 136/2548.
[INFO] Enola: Solve for Rydberg stage 137/2548.
[INFO] Enola: Solve for Rydberg stage 138/2548.
[INFO] Enola: Solve for Rydberg stage 139/2548.
[INFO] Enola: Solve for Rydberg stage 140/2548.
[INFO] Enola: Solve for Rydberg stage 141/2548.
[INFO] Enola: Solve for Rydberg stage 142/2548.
[INFO] Enola: Solve for Rydberg stage 143/2548.
[INFO] Enola: Solve for Rydberg stage 144/2548.
[INFO] Enola: Solve for Rydberg stage 145/2548.
[INFO] Enola: Solve for Rydberg stage 146/2548.
[INFO] Enola: Solve for Rydberg stage 147/2548.
[INFO] Enola: Solve for Rydberg stage 148/2548.
[INFO] Enola: Solve for Rydberg stage 149/2548.
[INFO] Enola: Solve for Rydberg stage 150/2548.
[INFO] Enola: Solve for Rydberg stage 151/2548.
[INFO] Enola: Solve for Rydberg stage 152/2548.
[INFO] Enola: Solve for Rydberg stage 153/2548.
[INFO] Enola: Solve for Rydberg stage 154/2548.
[INFO] Enola: Solve for Rydberg stage 155/2548.
[INFO] Enola: Solve for Rydberg stage 156/2548.
[INFO] Enola: Solve for Rydberg stage 157/2548.
[INFO] Enola: Solve for Rydberg stage 158/2548.
[INFO] Enola: Solve for Rydberg stage 159/2548.
[INFO] Enola: Solve for Rydberg stage 160/2548.
[INFO] Enola: Solve for Rydberg stage 161/2548.
[INFO] Enola: Solve for Rydberg stage 162/2548.
[INFO] Enola: Solve for Rydberg stage 163/2548.
[INFO] Enola: Solve for Rydberg stage 164/2548.
[INFO] Enola: Solve for Rydberg stage 165/2548.
[INFO] Enola: Solve for Rydberg stage 166/2548.
[INFO] Enola: Solve for Rydberg stage 167/2548.
[INFO] Enola: Solve for Rydberg stage 168/2548.
[INFO] Enola: Solve for Rydberg stage 169/2548.
[INFO] Enola: Solve for Rydberg stage 170/2548.
[INFO] Enola: Solve for Rydberg stage 171/2548.
[INFO] Enola: Solve for Rydberg stage 172/2548.
[INFO] Enola: Solve for Rydberg stage 173/2548.
[INFO] Enola: Solve for Rydberg stage 174/2548.
[INFO] Enola: Solve for Rydberg stage 175/2548.
[INFO] Enola: Solve for Rydberg stage 176/2548.
[INFO] Enola: Solve for Rydberg stage 177/2548.
[INFO] Enola: Solve for Rydberg stage 178/2548.
[INFO] Enola: Solve for Rydberg stage 179/2548.
[INFO] Enola: Solve for Rydberg stage 180/2548.
[INFO] Enola: Solve for Rydberg stage 181/2548.
[INFO] Enola: Solve for Rydberg stage 182/2548.
[INFO] Enola: Solve for Rydberg stage 183/2548.
[INFO] Enola: Solve for Rydberg stage 184/2548.
[INFO] Enola: Solve for Rydberg stage 185/2548.
[INFO] Enola: Solve for Rydberg stage 186/2548.
[INFO] Enola: Solve for Rydberg stage 187/2548.
[INFO] Enola: Solve for Rydberg stage 188/2548.
[INFO] Enola: Solve for Rydberg stage 189/2548.
[INFO] Enola: Solve for Rydberg stage 190/2548.
[INFO] Enola: Solve for Rydberg stage 191/2548.
[INFO] Enola: Solve for Rydberg stage 192/2548.
[INFO] Enola: Solve for Rydberg stage 193/2548.
[INFO] Enola: Solve for Rydberg stage 194/2548.
[INFO] Enola: Solve for Rydberg stage 195/2548.
[INFO] Enola: Solve for Rydberg stage 196/2548.
[INFO] Enola: Solve for Rydberg stage 197/2548.
[INFO] Enola: Solve for Rydberg stage 198/2548.
[INFO] Enola: Solve for Rydberg stage 199/2548.
[INFO] Enola: Solve for Rydberg stage 200/2548.
[INFO] Enola: Solve for Rydberg stage 201/2548.
[INFO] Enola: Solve for Rydberg stage 202/2548.
[INFO] Enola: Solve for Rydberg stage 203/2548.
[INFO] Enola: Solve for Rydberg stage 204/2548.
[INFO] Enola: Solve for Rydberg stage 205/2548.
[INFO] Enola: Solve for Rydberg stage 206/2548.
[INFO] Enola: Solve for Rydberg stage 207/2548.
[INFO] Enola: Solve for Rydberg stage 208/2548.
[INFO] Enola: Solve for Rydberg stage 209/2548.
[INFO] Enola: Solve for Rydberg stage 210/2548.
[INFO] Enola: Solve for Rydberg stage 211/2548.
[INFO] Enola: Solve for Rydberg stage 212/2548.
[INFO] Enola: Solve for Rydberg stage 213/2548.
[INFO] Enola: Solve for Rydberg stage 214/2548.
[INFO] Enola: Solve for Rydberg stage 215/2548.
[INFO] Enola: Solve for Rydberg stage 216/2548.
[INFO] Enola: Solve for Rydberg stage 217/2548.
[INFO] Enola: Solve for Rydberg stage 218/2548.
[INFO] Enola: Solve for Rydberg stage 219/2548.
[INFO] Enola: Solve for Rydberg stage 220/2548.
[INFO] Enola: Solve for Rydberg stage 221/2548.
[INFO] Enola: Solve for Rydberg stage 222/2548.
[INFO] Enola: Solve for Rydberg stage 223/2548.
[INFO] Enola: Solve for Rydberg stage 224/2548.
[INFO] Enola: Solve for Rydberg stage 225/2548.
[INFO] Enola: Solve for Rydberg stage 226/2548.
[INFO] Enola: Solve for Rydberg stage 227/2548.
[INFO] Enola: Solve for Rydberg stage 228/2548.
[INFO] Enola: Solve for Rydberg stage 229/2548.
[INFO] Enola: Solve for Rydberg stage 230/2548.
[INFO] Enola: Solve for Rydberg stage 231/2548.
[INFO] Enola: Solve for Rydberg stage 232/2548.
[INFO] Enola: Solve for Rydberg stage 233/2548.
[INFO] Enola: Solve for Rydberg stage 234/2548.
[INFO] Enola: Solve for Rydberg stage 235/2548.
[INFO] Enola: Solve for Rydberg stage 236/2548.
[INFO] Enola: Solve for Rydberg stage 237/2548.
[INFO] Enola: Solve for Rydberg stage 238/2548.
[INFO] Enola: Solve for Rydberg stage 239/2548.
[INFO] Enola: Solve for Rydberg stage 240/2548.
[INFO] Enola: Solve for Rydberg stage 241/2548.
[INFO] Enola: Solve for Rydberg stage 242/2548.
[INFO] Enola: Solve for Rydberg stage 243/2548.
[INFO] Enola: Solve for Rydberg stage 244/2548.
[INFO] Enola: Solve for Rydberg stage 245/2548.
[INFO] Enola: Solve for Rydberg stage 246/2548.
[INFO] Enola: Solve for Rydberg stage 247/2548.
[INFO] Enola: Solve for Rydberg stage 248/2548.
[INFO] Enola: Solve for Rydberg stage 249/2548.
[INFO] Enola: Solve for Rydberg stage 250/2548.
[INFO] Enola: Solve for Rydberg stage 251/2548.
[INFO] Enola: Solve for Rydberg stage 252/2548.
[INFO] Enola: Solve for Rydberg stage 253/2548.
[INFO] Enola: Solve for Rydberg stage 254/2548.
[INFO] Enola: Solve for Rydberg stage 255/2548.
[INFO] Enola: Solve for Rydberg stage 256/2548.
[INFO] Enola: Solve for Rydberg stage 257/2548.
[INFO] Enola: Solve for Rydberg stage 258/2548.
[INFO] Enola: Solve for Rydberg stage 259/2548.
[INFO] Enola: Solve for Rydberg stage 260/2548.
[INFO] Enola: Solve for Rydberg stage 261/2548.
[INFO] Enola: Solve for Rydberg stage 262/2548.
[INFO] Enola: Solve for Rydberg stage 263/2548.
[INFO] Enola: Solve for Rydberg stage 264/2548.
[INFO] Enola: Solve for Rydberg stage 265/2548.
[INFO] Enola: Solve for Rydberg stage 266/2548.
[INFO] Enola: Solve for Rydberg stage 267/2548.
[INFO] Enola: Solve for Rydberg stage 268/2548.
[INFO] Enola: Solve for Rydberg stage 269/2548.
[INFO] Enola: Solve for Rydberg stage 270/2548.
[INFO] Enola: Solve for Rydberg stage 271/2548.
[INFO] Enola: Solve for Rydberg stage 272/2548.
[INFO] Enola: Solve for Rydberg stage 273/2548.
[INFO] Enola: Solve for Rydberg stage 274/2548.
[INFO] Enola: Solve for Rydberg stage 275/2548.
[INFO] Enola: Solve for Rydberg stage 276/2548.
[INFO] Enola: Solve for Rydberg stage 277/2548.
[INFO] Enola: Solve for Rydberg stage 278/2548.
[INFO] Enola: Solve for Rydberg stage 279/2548.
[INFO] Enola: Solve for Rydberg stage 280/2548.
[INFO] Enola: Solve for Rydberg stage 281/2548.
[INFO] Enola: Solve for Rydberg stage 282/2548.
[INFO] Enola: Solve for Rydberg stage 283/2548.
[INFO] Enola: Solve for Rydberg stage 284/2548.
[INFO] Enola: Solve for Rydberg stage 285/2548.
[INFO] Enola: Solve for Rydberg stage 286/2548.
[INFO] Enola: Solve for Rydberg stage 287/2548.
[INFO] Enola: Solve for Rydberg stage 288/2548.
[INFO] Enola: Solve for Rydberg stage 289/2548.
[INFO] Enola: Solve for Rydberg stage 290/2548.
[INFO] Enola: Solve for Rydberg stage 291/2548.
[INFO] Enola: Solve for Rydberg stage 292/2548.
[INFO] Enola: Solve for Rydberg stage 293/2548.
[INFO] Enola: Solve for Rydberg stage 294/2548.
[INFO] Enola: Solve for Rydberg stage 295/2548.
[INFO] Enola: Solve for Rydberg stage 296/2548.
[INFO] Enola: Solve for Rydberg stage 297/2548.
[INFO] Enola: Solve for Rydberg stage 298/2548.
[INFO] Enola: Solve for Rydberg stage 299/2548.
[INFO] Enola: Solve for Rydberg stage 300/2548.
[INFO] Enola: Solve for Rydberg stage 301/2548.
[INFO] Enola: Solve for Rydberg stage 302/2548.
[INFO] Enola: Solve for Rydberg stage 303/2548.
[INFO] Enola: Solve for Rydberg stage 304/2548.
[INFO] Enola: Solve for Rydberg stage 305/2548.
[INFO] Enola: Solve for Rydberg stage 306/2548.
[INFO] Enola: Solve for Rydberg stage 307/2548.
[INFO] Enola: Solve for Rydberg stage 308/2548.
[INFO] Enola: Solve for Rydberg stage 309/2548.
[INFO] Enola: Solve for Rydberg stage 310/2548.
[INFO] Enola: Solve for Rydberg stage 311/2548.
[INFO] Enola: Solve for Rydberg stage 312/2548.
[INFO] Enola: Solve for Rydberg stage 313/2548.
[INFO] Enola: Solve for Rydberg stage 314/2548.
[INFO] Enola: Solve for Rydberg stage 315/2548.
[INFO] Enola: Solve for Rydberg stage 316/2548.
[INFO] Enola: Solve for Rydberg stage 317/2548.
[INFO] Enola: Solve for Rydberg stage 318/2548.
[INFO] Enola: Solve for Rydberg stage 319/2548.
[INFO] Enola: Solve for Rydberg stage 320/2548.
[INFO] Enola: Solve for Rydberg stage 321/2548.
[INFO] Enola: Solve for Rydberg stage 322/2548.
[INFO] Enola: Solve for Rydberg stage 323/2548.
[INFO] Enola: Solve for Rydberg stage 324/2548.
[INFO] Enola: Solve for Rydberg stage 325/2548.
[INFO] Enola: Solve for Rydberg stage 326/2548.
[INFO] Enola: Solve for Rydberg stage 327/2548.
[INFO] Enola: Solve for Rydberg stage 328/2548.
[INFO] Enola: Solve for Rydberg stage 329/2548.
[INFO] Enola: Solve for Rydberg stage 330/2548.
[INFO] Enola: Solve for Rydberg stage 331/2548.
[INFO] Enola: Solve for Rydberg stage 332/2548.
[INFO] Enola: Solve for Rydberg stage 333/2548.
[INFO] Enola: Solve for Rydberg stage 334/2548.
[INFO] Enola: Solve for Rydberg stage 335/2548.
[INFO] Enola: Solve for Rydberg stage 336/2548.
[INFO] Enola: Solve for Rydberg stage 337/2548.
[INFO] Enola: Solve for Rydberg stage 338/2548.
[INFO] Enola: Solve for Rydberg stage 339/2548.
[INFO] Enola: Solve for Rydberg stage 340/2548.
[INFO] Enola: Solve for Rydberg stage 341/2548.
[INFO] Enola: Solve for Rydberg stage 342/2548.
[INFO] Enola: Solve for Rydberg stage 343/2548.
[INFO] Enola: Solve for Rydberg stage 344/2548.
[INFO] Enola: Solve for Rydberg stage 345/2548.
[INFO] Enola: Solve for Rydberg stage 346/2548.
[INFO] Enola: Solve for Rydberg stage 347/2548.
[INFO] Enola: Solve for Rydberg stage 348/2548.
[INFO] Enola: Solve for Rydberg stage 349/2548.
[INFO] Enola: Solve for Rydberg stage 350/2548.
[INFO] Enola: Solve for Rydberg stage 351/2548.
[INFO] Enola: Solve for Rydberg stage 352/2548.
[INFO] Enola: Solve for Rydberg stage 353/2548.
[INFO] Enola: Solve for Rydberg stage 354/2548.
[INFO] Enola: Solve for Rydberg stage 355/2548.
[INFO] Enola: Solve for Rydberg stage 356/2548.
[INFO] Enola: Solve for Rydberg stage 357/2548.
[INFO] Enola: Solve for Rydberg stage 358/2548.
[INFO] Enola: Solve for Rydberg stage 359/2548.
[INFO] Enola: Solve for Rydberg stage 360/2548.
[INFO] Enola: Solve for Rydberg stage 361/2548.
[INFO] Enola: Solve for Rydberg stage 362/2548.
[INFO] Enola: Solve for Rydberg stage 363/2548.
[INFO] Enola: Solve for Rydberg stage 364/2548.
[INFO] Enola: Solve for Rydberg stage 365/2548.
[INFO] Enola: Solve for Rydberg stage 366/2548.
[INFO] Enola: Solve for Rydberg stage 367/2548.
[INFO] Enola: Solve for Rydberg stage 368/2548.
[INFO] Enola: Solve for Rydberg stage 369/2548.
[INFO] Enola: Solve for Rydberg stage 370/2548.
[INFO] Enola: Solve for Rydberg stage 371/2548.
[INFO] Enola: Solve for Rydberg stage 372/2548.
[INFO] Enola: Solve for Rydberg stage 373/2548.
[INFO] Enola: Solve for Rydberg stage 374/2548.
[INFO] Enola: Solve for Rydberg stage 375/2548.
[INFO] Enola: Solve for Rydberg stage 376/2548.
[INFO] Enola: Solve for Rydberg stage 377/2548.
[INFO] Enola: Solve for Rydberg stage 378/2548.
[INFO] Enola: Solve for Rydberg stage 379/2548.
[INFO] Enola: Solve for Rydberg stage 380/2548.
[INFO] Enola: Solve for Rydberg stage 381/2548.
[INFO] Enola: Solve for Rydberg stage 382/2548.
[INFO] Enola: Solve for Rydberg stage 383/2548.
[INFO] Enola: Solve for Rydberg stage 384/2548.
[INFO] Enola: Solve for Rydberg stage 385/2548.
[INFO] Enola: Solve for Rydberg stage 386/2548.
[INFO] Enola: Solve for Rydberg stage 387/2548.
[INFO] Enola: Solve for Rydberg stage 388/2548.
[INFO] Enola: Solve for Rydberg stage 389/2548.
[INFO] Enola: Solve for Rydberg stage 390/2548.
[INFO] Enola: Solve for Rydberg stage 391/2548.
[INFO] Enola: Solve for Rydberg stage 392/2548.
[INFO] Enola: Solve for Rydberg stage 393/2548.
[INFO] Enola: Solve for Rydberg stage 394/2548.
[INFO] Enola: Solve for Rydberg stage 395/2548.
[INFO] Enola: Solve for Rydberg stage 396/2548.
[INFO] Enola: Solve for Rydberg stage 397/2548.
[INFO] Enola: Solve for Rydberg stage 398/2548.
[INFO] Enola: Solve for Rydberg stage 399/2548.
[INFO] Enola: Solve for Rydberg stage 400/2548.
[INFO] Enola: Solve for Rydberg stage 401/2548.
[INFO] Enola: Solve for Rydberg stage 402/2548.
[INFO] Enola: Solve for Rydberg stage 403/2548.
[INFO] Enola: Solve for Rydberg stage 404/2548.
[INFO] Enola: Solve for Rydberg stage 405/2548.
[INFO] Enola: Solve for Rydberg stage 406/2548.
[INFO] Enola: Solve for Rydberg stage 407/2548.
[INFO] Enola: Solve for Rydberg stage 408/2548.
[INFO] Enola: Solve for Rydberg stage 409/2548.
[INFO] Enola: Solve for Rydberg stage 410/2548.
[INFO] Enola: Solve for Rydberg stage 411/2548.
[INFO] Enola: Solve for Rydberg stage 412/2548.
[INFO] Enola: Solve for Rydberg stage 413/2548.
[INFO] Enola: Solve for Rydberg stage 414/2548.
[INFO] Enola: Solve for Rydberg stage 415/2548.
[INFO] Enola: Solve for Rydberg stage 416/2548.
[INFO] Enola: Solve for Rydberg stage 417/2548.
[INFO] Enola: Solve for Rydberg stage 418/2548.
[INFO] Enola: Solve for Rydberg stage 419/2548.
[INFO] Enola: Solve for Rydberg stage 420/2548.
[INFO] Enola: Solve for Rydberg stage 421/2548.
[INFO] Enola: Solve for Rydberg stage 422/2548.
[INFO] Enola: Solve for Rydberg stage 423/2548.
[INFO] Enola: Solve for Rydberg stage 424/2548.
[INFO] Enola: Solve for Rydberg stage 425/2548.
[INFO] Enola: Solve for Rydberg stage 426/2548.
[INFO] Enola: Solve for Rydberg stage 427/2548.
[INFO] Enola: Solve for Rydberg stage 428/2548.
[INFO] Enola: Solve for Rydberg stage 429/2548.
[INFO] Enola: Solve for Rydberg stage 430/2548.
[INFO] Enola: Solve for Rydberg stage 431/2548.
[INFO] Enola: Solve for Rydberg stage 432/2548.
[INFO] Enola: Solve for Rydberg stage 433/2548.
[INFO] Enola: Solve for Rydberg stage 434/2548.
[INFO] Enola: Solve for Rydberg stage 435/2548.
[INFO] Enola: Solve for Rydberg stage 436/2548.
[INFO] Enola: Solve for Rydberg stage 437/2548.
[INFO] Enola: Solve for Rydberg stage 438/2548.
[INFO] Enola: Solve for Rydberg stage 439/2548.
[INFO] Enola: Solve for Rydberg stage 440/2548.
[INFO] Enola: Solve for Rydberg stage 441/2548.
[INFO] Enola: Solve for Rydberg stage 442/2548.
[INFO] Enola: Solve for Rydberg stage 443/2548.
[INFO] Enola: Solve for Rydberg stage 444/2548.
[INFO] Enola: Solve for Rydberg stage 445/2548.
[INFO] Enola: Solve for Rydberg stage 446/2548.
[INFO] Enola: Solve for Rydberg stage 447/2548.
[INFO] Enola: Solve for Rydberg stage 448/2548.
[INFO] Enola: Solve for Rydberg stage 449/2548.
[INFO] Enola: Solve for Rydberg stage 450/2548.
[INFO] Enola: Solve for Rydberg stage 451/2548.
[INFO] Enola: Solve for Rydberg stage 452/2548.
[INFO] Enola: Solve for Rydberg stage 453/2548.
[INFO] Enola: Solve for Rydberg stage 454/2548.
[INFO] Enola: Solve for Rydberg stage 455/2548.
[INFO] Enola: Solve for Rydberg stage 456/2548.
[INFO] Enola: Solve for Rydberg stage 457/2548.
[INFO] Enola: Solve for Rydberg stage 458/2548.
[INFO] Enola: Solve for Rydberg stage 459/2548.
[INFO] Enola: Solve for Rydberg stage 460/2548.
[INFO] Enola: Solve for Rydberg stage 461/2548.
[INFO] Enola: Solve for Rydberg stage 462/2548.
[INFO] Enola: Solve for Rydberg stage 463/2548.
[INFO] Enola: Solve for Rydberg stage 464/2548.
[INFO] Enola: Solve for Rydberg stage 465/2548.
[INFO] Enola: Solve for Rydberg stage 466/2548.
[INFO] Enola: Solve for Rydberg stage 467/2548.
[INFO] Enola: Solve for Rydberg stage 468/2548.
[INFO] Enola: Solve for Rydberg stage 469/2548.
[INFO] Enola: Solve for Rydberg stage 470/2548.
[INFO] Enola: Solve for Rydberg stage 471/2548.
[INFO] Enola: Solve for Rydberg stage 472/2548.
[INFO] Enola: Solve for Rydberg stage 473/2548.
[INFO] Enola: Solve for Rydberg stage 474/2548.
[INFO] Enola: Solve for Rydberg stage 475/2548.
[INFO] Enola: Solve for Rydberg stage 476/2548.
[INFO] Enola: Solve for Rydberg stage 477/2548.
[INFO] Enola: Solve for Rydberg stage 478/2548.
[INFO] Enola: Solve for Rydberg stage 479/2548.
[INFO] Enola: Solve for Rydberg stage 480/2548.
[INFO] Enola: Solve for Rydberg stage 481/2548.
[INFO] Enola: Solve for Rydberg stage 482/2548.
[INFO] Enola: Solve for Rydberg stage 483/2548.
[INFO] Enola: Solve for Rydberg stage 484/2548.
[INFO] Enola: Solve for Rydberg stage 485/2548.
[INFO] Enola: Solve for Rydberg stage 486/2548.
[INFO] Enola: Solve for Rydberg stage 487/2548.
[INFO] Enola: Solve for Rydberg stage 488/2548.
[INFO] Enola: Solve for Rydberg stage 489/2548.
[INFO] Enola: Solve for Rydberg stage 490/2548.
[INFO] Enola: Solve for Rydberg stage 491/2548.
[INFO] Enola: Solve for Rydberg stage 492/2548.
[INFO] Enola: Solve for Rydberg stage 493/2548.
[INFO] Enola: Solve for Rydberg stage 494/2548.
[INFO] Enola: Solve for Rydberg stage 495/2548.
[INFO] Enola: Solve for Rydberg stage 496/2548.
[INFO] Enola: Solve for Rydberg stage 497/2548.
[INFO] Enola: Solve for Rydberg stage 498/2548.
[INFO] Enola: Solve for Rydberg stage 499/2548.
[INFO] Enola: Solve for Rydberg stage 500/2548.
[INFO] Enola: Solve for Rydberg stage 501/2548.
[INFO] Enola: Solve for Rydberg stage 502/2548.
[INFO] Enola: Solve for Rydberg stage 503/2548.
[INFO] Enola: Solve for Rydberg stage 504/2548.
[INFO] Enola: Solve for Rydberg stage 505/2548.
[INFO] Enola: Solve for Rydberg stage 506/2548.
[INFO] Enola: Solve for Rydberg stage 507/2548.
[INFO] Enola: Solve for Rydberg stage 508/2548.
[INFO] Enola: Solve for Rydberg stage 509/2548.
[INFO] Enola: Solve for Rydberg stage 510/2548.
[INFO] Enola: Solve for Rydberg stage 511/2548.
[INFO] Enola: Solve for Rydberg stage 512/2548.
[INFO] Enola: Solve for Rydberg stage 513/2548.
[INFO] Enola: Solve for Rydberg stage 514/2548.
[INFO] Enola: Solve for Rydberg stage 515/2548.
[INFO] Enola: Solve for Rydberg stage 516/2548.
[INFO] Enola: Solve for Rydberg stage 517/2548.
[INFO] Enola: Solve for Rydberg stage 518/2548.
[INFO] Enola: Solve for Rydberg stage 519/2548.
[INFO] Enola: Solve for Rydberg stage 520/2548.
[INFO] Enola: Solve for Rydberg stage 521/2548.
[INFO] Enola: Solve for Rydberg stage 522/2548.
[INFO] Enola: Solve for Rydberg stage 523/2548.
[INFO] Enola: Solve for Rydberg stage 524/2548.
[INFO] Enola: Solve for Rydberg stage 525/2548.
[INFO] Enola: Solve for Rydberg stage 526/2548.
[INFO] Enola: Solve for Rydberg stage 527/2548.
[INFO] Enola: Solve for Rydberg stage 528/2548.
[INFO] Enola: Solve for Rydberg stage 529/2548.
[INFO] Enola: Solve for Rydberg stage 530/2548.
[INFO] Enola: Solve for Rydberg stage 531/2548.
[INFO] Enola: Solve for Rydberg stage 532/2548.
[INFO] Enola: Solve for Rydberg stage 533/2548.
[INFO] Enola: Solve for Rydberg stage 534/2548.
[INFO] Enola: Solve for Rydberg stage 535/2548.
[INFO] Enola: Solve for Rydberg stage 536/2548.
[INFO] Enola: Solve for Rydberg stage 537/2548.
[INFO] Enola: Solve for Rydberg stage 538/2548.
[INFO] Enola: Solve for Rydberg stage 539/2548.
[INFO] Enola: Solve for Rydberg stage 540/2548.
[INFO] Enola: Solve for Rydberg stage 541/2548.
[INFO] Enola: Solve for Rydberg stage 542/2548.
[INFO] Enola: Solve for Rydberg stage 543/2548.
[INFO] Enola: Solve for Rydberg stage 544/2548.
[INFO] Enola: Solve for Rydberg stage 545/2548.
[INFO] Enola: Solve for Rydberg stage 546/2548.
[INFO] Enola: Solve for Rydberg stage 547/2548.
[INFO] Enola: Solve for Rydberg stage 548/2548.
[INFO] Enola: Solve for Rydberg stage 549/2548.
[INFO] Enola: Solve for Rydberg stage 550/2548.
[INFO] Enola: Solve for Rydberg stage 551/2548.
[INFO] Enola: Solve for Rydberg stage 552/2548.
[INFO] Enola: Solve for Rydberg stage 553/2548.
[INFO] Enola: Solve for Rydberg stage 554/2548.
[INFO] Enola: Solve for Rydberg stage 555/2548.
[INFO] Enola: Solve for Rydberg stage 556/2548.
[INFO] Enola: Solve for Rydberg stage 557/2548.
[INFO] Enola: Solve for Rydberg stage 558/2548.
[INFO] Enola: Solve for Rydberg stage 559/2548.
[INFO] Enola: Solve for Rydberg stage 560/2548.
[INFO] Enola: Solve for Rydberg stage 561/2548.
[INFO] Enola: Solve for Rydberg stage 562/2548.
[INFO] Enola: Solve for Rydberg stage 563/2548.
[INFO] Enola: Solve for Rydberg stage 564/2548.
[INFO] Enola: Solve for Rydberg stage 565/2548.
[INFO] Enola: Solve for Rydberg stage 566/2548.
[INFO] Enola: Solve for Rydberg stage 567/2548.
[INFO] Enola: Solve for Rydberg stage 568/2548.
[INFO] Enola: Solve for Rydberg stage 569/2548.
[INFO] Enola: Solve for Rydberg stage 570/2548.
[INFO] Enola: Solve for Rydberg stage 571/2548.
[INFO] Enola: Solve for Rydberg stage 572/2548.
[INFO] Enola: Solve for Rydberg stage 573/2548.
[INFO] Enola: Solve for Rydberg stage 574/2548.
[INFO] Enola: Solve for Rydberg stage 575/2548.
[INFO] Enola: Solve for Rydberg stage 576/2548.
[INFO] Enola: Solve for Rydberg stage 577/2548.
[INFO] Enola: Solve for Rydberg stage 578/2548.
[INFO] Enola: Solve for Rydberg stage 579/2548.
[INFO] Enola: Solve for Rydberg stage 580/2548.
[INFO] Enola: Solve for Rydberg stage 581/2548.
[INFO] Enola: Solve for Rydberg stage 582/2548.
[INFO] Enola: Solve for Rydberg stage 583/2548.
[INFO] Enola: Solve for Rydberg stage 584/2548.
[INFO] Enola: Solve for Rydberg stage 585/2548.
[INFO] Enola: Solve for Rydberg stage 586/2548.
[INFO] Enola: Solve for Rydberg stage 587/2548.
[INFO] Enola: Solve for Rydberg stage 588/2548.
[INFO] Enola: Solve for Rydberg stage 589/2548.
[INFO] Enola: Solve for Rydberg stage 590/2548.
[INFO] Enola: Solve for Rydberg stage 591/2548.
[INFO] Enola: Solve for Rydberg stage 592/2548.
[INFO] Enola: Solve for Rydberg stage 593/2548.
[INFO] Enola: Solve for Rydberg stage 594/2548.
[INFO] Enola: Solve for Rydberg stage 595/2548.
[INFO] Enola: Solve for Rydberg stage 596/2548.
[INFO] Enola: Solve for Rydberg stage 597/2548.
[INFO] Enola: Solve for Rydberg stage 598/2548.
[INFO] Enola: Solve for Rydberg stage 599/2548.
[INFO] Enola: Solve for Rydberg stage 600/2548.
[INFO] Enola: Solve for Rydberg stage 601/2548.
[INFO] Enola: Solve for Rydberg stage 602/2548.
[INFO] Enola: Solve for Rydberg stage 603/2548.
[INFO] Enola: Solve for Rydberg stage 604/2548.
[INFO] Enola: Solve for Rydberg stage 605/2548.
[INFO] Enola: Solve for Rydberg stage 606/2548.
[INFO] Enola: Solve for Rydberg stage 607/2548.
[INFO] Enola: Solve for Rydberg stage 608/2548.
[INFO] Enola: Solve for Rydberg stage 609/2548.
[INFO] Enola: Solve for Rydberg stage 610/2548.
[INFO] Enola: Solve for Rydberg stage 611/2548.
[INFO] Enola: Solve for Rydberg stage 612/2548.
[INFO] Enola: Solve for Rydberg stage 613/2548.
[INFO] Enola: Solve for Rydberg stage 614/2548.
[INFO] Enola: Solve for Rydberg stage 615/2548.
[INFO] Enola: Solve for Rydberg stage 616/2548.
[INFO] Enola: Solve for Rydberg stage 617/2548.
[INFO] Enola: Solve for Rydberg stage 618/2548.
[INFO] Enola: Solve for Rydberg stage 619/2548.
[INFO] Enola: Solve for Rydberg stage 620/2548.
[INFO] Enola: Solve for Rydberg stage 621/2548.
[INFO] Enola: Solve for Rydberg stage 622/2548.
[INFO] Enola: Solve for Rydberg stage 623/2548.
[INFO] Enola: Solve for Rydberg stage 624/2548.
[INFO] Enola: Solve for Rydberg stage 625/2548.
[INFO] Enola: Solve for Rydberg stage 626/2548.
[INFO] Enola: Solve for Rydberg stage 627/2548.
[INFO] Enola: Solve for Rydberg stage 628/2548.
[INFO] Enola: Solve for Rydberg stage 629/2548.
[INFO] Enola: Solve for Rydberg stage 630/2548.
[INFO] Enola: Solve for Rydberg stage 631/2548.
[INFO] Enola: Solve for Rydberg stage 632/2548.
[INFO] Enola: Solve for Rydberg stage 633/2548.
[INFO] Enola: Solve for Rydberg stage 634/2548.
[INFO] Enola: Solve for Rydberg stage 635/2548.
[INFO] Enola: Solve for Rydberg stage 636/2548.
[INFO] Enola: Solve for Rydberg stage 637/2548.
[INFO] Enola: Solve for Rydberg stage 638/2548.
[INFO] Enola: Solve for Rydberg stage 639/2548.
[INFO] Enola: Solve for Rydberg stage 640/2548.
[INFO] Enola: Solve for Rydberg stage 641/2548.
[INFO] Enola: Solve for Rydberg stage 642/2548.
[INFO] Enola: Solve for Rydberg stage 643/2548.
[INFO] Enola: Solve for Rydberg stage 644/2548.
[INFO] Enola: Solve for Rydberg stage 645/2548.
[INFO] Enola: Solve for Rydberg stage 646/2548.
[INFO] Enola: Solve for Rydberg stage 647/2548.
[INFO] Enola: Solve for Rydberg stage 648/2548.
[INFO] Enola: Solve for Rydberg stage 649/2548.
[INFO] Enola: Solve for Rydberg stage 650/2548.
[INFO] Enola: Solve for Rydberg stage 651/2548.
[INFO] Enola: Solve for Rydberg stage 652/2548.
[INFO] Enola: Solve for Rydberg stage 653/2548.
[INFO] Enola: Solve for Rydberg stage 654/2548.
[INFO] Enola: Solve for Rydberg stage 655/2548.
[INFO] Enola: Solve for Rydberg stage 656/2548.
[INFO] Enola: Solve for Rydberg stage 657/2548.
[INFO] Enola: Solve for Rydberg stage 658/2548.
[INFO] Enola: Solve for Rydberg stage 659/2548.
[INFO] Enola: Solve for Rydberg stage 660/2548.
[INFO] Enola: Solve for Rydberg stage 661/2548.
[INFO] Enola: Solve for Rydberg stage 662/2548.
[INFO] Enola: Solve for Rydberg stage 663/2548.
[INFO] Enola: Solve for Rydberg stage 664/2548.
[INFO] Enola: Solve for Rydberg stage 665/2548.
[INFO] Enola: Solve for Rydberg stage 666/2548.
[INFO] Enola: Solve for Rydberg stage 667/2548.
[INFO] Enola: Solve for Rydberg stage 668/2548.
[INFO] Enola: Solve for Rydberg stage 669/2548.
[INFO] Enola: Solve for Rydberg stage 670/2548.
[INFO] Enola: Solve for Rydberg stage 671/2548.
[INFO] Enola: Solve for Rydberg stage 672/2548.
[INFO] Enola: Solve for Rydberg stage 673/2548.
[INFO] Enola: Solve for Rydberg stage 674/2548.
[INFO] Enola: Solve for Rydberg stage 675/2548.
[INFO] Enola: Solve for Rydberg stage 676/2548.
[INFO] Enola: Solve for Rydberg stage 677/2548.
[INFO] Enola: Solve for Rydberg stage 678/2548.
[INFO] Enola: Solve for Rydberg stage 679/2548.
[INFO] Enola: Solve for Rydberg stage 680/2548.
[INFO] Enola: Solve for Rydberg stage 681/2548.
[INFO] Enola: Solve for Rydberg stage 682/2548.
[INFO] Enola: Solve for Rydberg stage 683/2548.
[INFO] Enola: Solve for Rydberg stage 684/2548.
[INFO] Enola: Solve for Rydberg stage 685/2548.
[INFO] Enola: Solve for Rydberg stage 686/2548.
[INFO] Enola: Solve for Rydberg stage 687/2548.
[INFO] Enola: Solve for Rydberg stage 688/2548.
[INFO] Enola: Solve for Rydberg stage 689/2548.
[INFO] Enola: Solve for Rydberg stage 690/2548.
[INFO] Enola: Solve for Rydberg stage 691/2548.
[INFO] Enola: Solve for Rydberg stage 692/2548.
[INFO] Enola: Solve for Rydberg stage 693/2548.
[INFO] Enola: Solve for Rydberg stage 694/2548.
[INFO] Enola: Solve for Rydberg stage 695/2548.
[INFO] Enola: Solve for Rydberg stage 696/2548.
[INFO] Enola: Solve for Rydberg stage 697/2548.
[INFO] Enola: Solve for Rydberg stage 698/2548.
[INFO] Enola: Solve for Rydberg stage 699/2548.
[INFO] Enola: Solve for Rydberg stage 700/2548.
[INFO] Enola: Solve for Rydberg stage 701/2548.
[INFO] Enola: Solve for Rydberg stage 702/2548.
[INFO] Enola: Solve for Rydberg stage 703/2548.
[INFO] Enola: Solve for Rydberg stage 704/2548.
[INFO] Enola: Solve for Rydberg stage 705/2548.
[INFO] Enola: Solve for Rydberg stage 706/2548.
[INFO] Enola: Solve for Rydberg stage 707/2548.
[INFO] Enola: Solve for Rydberg stage 708/2548.
[INFO] Enola: Solve for Rydberg stage 709/2548.
[INFO] Enola: Solve for Rydberg stage 710/2548.
[INFO] Enola: Solve for Rydberg stage 711/2548.
[INFO] Enola: Solve for Rydberg stage 712/2548.
[INFO] Enola: Solve for Rydberg stage 713/2548.
[INFO] Enola: Solve for Rydberg stage 714/2548.
[INFO] Enola: Solve for Rydberg stage 715/2548.
[INFO] Enola: Solve for Rydberg stage 716/2548.
[INFO] Enola: Solve for Rydberg stage 717/2548.
[INFO] Enola: Solve for Rydberg stage 718/2548.
[INFO] Enola: Solve for Rydberg stage 719/2548.
[INFO] Enola: Solve for Rydberg stage 720/2548.
[INFO] Enola: Solve for Rydberg stage 721/2548.
[INFO] Enola: Solve for Rydberg stage 722/2548.
[INFO] Enola: Solve for Rydberg stage 723/2548.
[INFO] Enola: Solve for Rydberg stage 724/2548.
[INFO] Enola: Solve for Rydberg stage 725/2548.
[INFO] Enola: Solve for Rydberg stage 726/2548.
[INFO] Enola: Solve for Rydberg stage 727/2548.
[INFO] Enola: Solve for Rydberg stage 728/2548.
[INFO] Enola: Solve for Rydberg stage 729/2548.
[INFO] Enola: Solve for Rydberg stage 730/2548.
[INFO] Enola: Solve for Rydberg stage 731/2548.
[INFO] Enola: Solve for Rydberg stage 732/2548.
[INFO] Enola: Solve for Rydberg stage 733/2548.
[INFO] Enola: Solve for Rydberg stage 734/2548.
[INFO] Enola: Solve for Rydberg stage 735/2548.
[INFO] Enola: Solve for Rydberg stage 736/2548.
[INFO] Enola: Solve for Rydberg stage 737/2548.
[INFO] Enola: Solve for Rydberg stage 738/2548.
[INFO] Enola: Solve for Rydberg stage 739/2548.
[INFO] Enola: Solve for Rydberg stage 740/2548.
[INFO] Enola: Solve for Rydberg stage 741/2548.
[INFO] Enola: Solve for Rydberg stage 742/2548.
[INFO] Enola: Solve for Rydberg stage 743/2548.
[INFO] Enola: Solve for Rydberg stage 744/2548.
[INFO] Enola: Solve for Rydberg stage 745/2548.
[INFO] Enola: Solve for Rydberg stage 746/2548.
[INFO] Enola: Solve for Rydberg stage 747/2548.
[INFO] Enola: Solve for Rydberg stage 748/2548.
[INFO] Enola: Solve for Rydberg stage 749/2548.
[INFO] Enola: Solve for Rydberg stage 750/2548.
[INFO] Enola: Solve for Rydberg stage 751/2548.
[INFO] Enola: Solve for Rydberg stage 752/2548.
[INFO] Enola: Solve for Rydberg stage 753/2548.
[INFO] Enola: Solve for Rydberg stage 754/2548.
[INFO] Enola: Solve for Rydberg stage 755/2548.
[INFO] Enola: Solve for Rydberg stage 756/2548.
[INFO] Enola: Solve for Rydberg stage 757/2548.
[INFO] Enola: Solve for Rydberg stage 758/2548.
[INFO] Enola: Solve for Rydberg stage 759/2548.
[INFO] Enola: Solve for Rydberg stage 760/2548.
[INFO] Enola: Solve for Rydberg stage 761/2548.
[INFO] Enola: Solve for Rydberg stage 762/2548.
[INFO] Enola: Solve for Rydberg stage 763/2548.
[INFO] Enola: Solve for Rydberg stage 764/2548.
[INFO] Enola: Solve for Rydberg stage 765/2548.
[INFO] Enola: Solve for Rydberg stage 766/2548.
[INFO] Enola: Solve for Rydberg stage 767/2548.
[INFO] Enola: Solve for Rydberg stage 768/2548.
[INFO] Enola: Solve for Rydberg stage 769/2548.
[INFO] Enola: Solve for Rydberg stage 770/2548.
[INFO] Enola: Solve for Rydberg stage 771/2548.
[INFO] Enola: Solve for Rydberg stage 772/2548.
[INFO] Enola: Solve for Rydberg stage 773/2548.
[INFO] Enola: Solve for Rydberg stage 774/2548.
[INFO] Enola: Solve for Rydberg stage 775/2548.
[INFO] Enola: Solve for Rydberg stage 776/2548.
[INFO] Enola: Solve for Rydberg stage 777/2548.
[INFO] Enola: Solve for Rydberg stage 778/2548.
[INFO] Enola: Solve for Rydberg stage 779/2548.
[INFO] Enola: Solve for Rydberg stage 780/2548.
[INFO] Enola: Solve for Rydberg stage 781/2548.
[INFO] Enola: Solve for Rydberg stage 782/2548.
[INFO] Enola: Solve for Rydberg stage 783/2548.
[INFO] Enola: Solve for Rydberg stage 784/2548.
[INFO] Enola: Solve for Rydberg stage 785/2548.
[INFO] Enola: Solve for Rydberg stage 786/2548.
[INFO] Enola: Solve for Rydberg stage 787/2548.
[INFO] Enola: Solve for Rydberg stage 788/2548.
[INFO] Enola: Solve for Rydberg stage 789/2548.
[INFO] Enola: Solve for Rydberg stage 790/2548.
[INFO] Enola: Solve for Rydberg stage 791/2548.
[INFO] Enola: Solve for Rydberg stage 792/2548.
[INFO] Enola: Solve for Rydberg stage 793/2548.
[INFO] Enola: Solve for Rydberg stage 794/2548.
[INFO] Enola: Solve for Rydberg stage 795/2548.
[INFO] Enola: Solve for Rydberg stage 796/2548.
[INFO] Enola: Solve for Rydberg stage 797/2548.
[INFO] Enola: Solve for Rydberg stage 798/2548.
[INFO] Enola: Solve for Rydberg stage 799/2548.
[INFO] Enola: Solve for Rydberg stage 800/2548.
[INFO] Enola: Solve for Rydberg stage 801/2548.
[INFO] Enola: Solve for Rydberg stage 802/2548.
[INFO] Enola: Solve for Rydberg stage 803/2548.
[INFO] Enola: Solve for Rydberg stage 804/2548.
[INFO] Enola: Solve for Rydberg stage 805/2548.
[INFO] Enola: Solve for Rydberg stage 806/2548.
[INFO] Enola: Solve for Rydberg stage 807/2548.
[INFO] Enola: Solve for Rydberg stage 808/2548.
[INFO] Enola: Solve for Rydberg stage 809/2548.
[INFO] Enola: Solve for Rydberg stage 810/2548.
[INFO] Enola: Solve for Rydberg stage 811/2548.
[INFO] Enola: Solve for Rydberg stage 812/2548.
[INFO] Enola: Solve for Rydberg stage 813/2548.
[INFO] Enola: Solve for Rydberg stage 814/2548.
[INFO] Enola: Solve for Rydberg stage 815/2548.
[INFO] Enola: Solve for Rydberg stage 816/2548.
[INFO] Enola: Solve for Rydberg stage 817/2548.
[INFO] Enola: Solve for Rydberg stage 818/2548.
[INFO] Enola: Solve for Rydberg stage 819/2548.
[INFO] Enola: Solve for Rydberg stage 820/2548.
[INFO] Enola: Solve for Rydberg stage 821/2548.
[INFO] Enola: Solve for Rydberg stage 822/2548.
[INFO] Enola: Solve for Rydberg stage 823/2548.
[INFO] Enola: Solve for Rydberg stage 824/2548.
[INFO] Enola: Solve for Rydberg stage 825/2548.
[INFO] Enola: Solve for Rydberg stage 826/2548.
[INFO] Enola: Solve for Rydberg stage 827/2548.
[INFO] Enola: Solve for Rydberg stage 828/2548.
[INFO] Enola: Solve for Rydberg stage 829/2548.
[INFO] Enola: Solve for Rydberg stage 830/2548.
[INFO] Enola: Solve for Rydberg stage 831/2548.
[INFO] Enola: Solve for Rydberg stage 832/2548.
[INFO] Enola: Solve for Rydberg stage 833/2548.
[INFO] Enola: Solve for Rydberg stage 834/2548.
[INFO] Enola: Solve for Rydberg stage 835/2548.
[INFO] Enola: Solve for Rydberg stage 836/2548.
[INFO] Enola: Solve for Rydberg stage 837/2548.
[INFO] Enola: Solve for Rydberg stage 838/2548.
[INFO] Enola: Solve for Rydberg stage 839/2548.
[INFO] Enola: Solve for Rydberg stage 840/2548.
[INFO] Enola: Solve for Rydberg stage 841/2548.
[INFO] Enola: Solve for Rydberg stage 842/2548.
[INFO] Enola: Solve for Rydberg stage 843/2548.
[INFO] Enola: Solve for Rydberg stage 844/2548.
[INFO] Enola: Solve for Rydberg stage 845/2548.
[INFO] Enola: Solve for Rydberg stage 846/2548.
[INFO] Enola: Solve for Rydberg stage 847/2548.
[INFO] Enola: Solve for Rydberg stage 848/2548.
[INFO] Enola: Solve for Rydberg stage 849/2548.
[INFO] Enola: Solve for Rydberg stage 850/2548.
[INFO] Enola: Solve for Rydberg stage 851/2548.
[INFO] Enola: Solve for Rydberg stage 852/2548.
[INFO] Enola: Solve for Rydberg stage 853/2548.
[INFO] Enola: Solve for Rydberg stage 854/2548.
[INFO] Enola: Solve for Rydberg stage 855/2548.
[INFO] Enola: Solve for Rydberg stage 856/2548.
[INFO] Enola: Solve for Rydberg stage 857/2548.
[INFO] Enola: Solve for Rydberg stage 858/2548.
[INFO] Enola: Solve for Rydberg stage 859/2548.
[INFO] Enola: Solve for Rydberg stage 860/2548.
[INFO] Enola: Solve for Rydberg stage 861/2548.
[INFO] Enola: Solve for Rydberg stage 862/2548.
[INFO] Enola: Solve for Rydberg stage 863/2548.
[INFO] Enola: Solve for Rydberg stage 864/2548.
[INFO] Enola: Solve for Rydberg stage 865/2548.
[INFO] Enola: Solve for Rydberg stage 866/2548.
[INFO] Enola: Solve for Rydberg stage 867/2548.
[INFO] Enola: Solve for Rydberg stage 868/2548.
[INFO] Enola: Solve for Rydberg stage 869/2548.
[INFO] Enola: Solve for Rydberg stage 870/2548.
[INFO] Enola: Solve for Rydberg stage 871/2548.
[INFO] Enola: Solve for Rydberg stage 872/2548.
[INFO] Enola: Solve for Rydberg stage 873/2548.
[INFO] Enola: Solve for Rydberg stage 874/2548.
[INFO] Enola: Solve for Rydberg stage 875/2548.
[INFO] Enola: Solve for Rydberg stage 876/2548.
[INFO] Enola: Solve for Rydberg stage 877/2548.
[INFO] Enola: Solve for Rydberg stage 878/2548.
[INFO] Enola: Solve for Rydberg stage 879/2548.
[INFO] Enola: Solve for Rydberg stage 880/2548.
[INFO] Enola: Solve for Rydberg stage 881/2548.
[INFO] Enola: Solve for Rydberg stage 882/2548.
[INFO] Enola: Solve for Rydberg stage 883/2548.
[INFO] Enola: Solve for Rydberg stage 884/2548.
[INFO] Enola: Solve for Rydberg stage 885/2548.
[INFO] Enola: Solve for Rydberg stage 886/2548.
[INFO] Enola: Solve for Rydberg stage 887/2548.
[INFO] Enola: Solve for Rydberg stage 888/2548.
[INFO] Enola: Solve for Rydberg stage 889/2548.
[INFO] Enola: Solve for Rydberg stage 890/2548.
[INFO] Enola: Solve for Rydberg stage 891/2548.
[INFO] Enola: Solve for Rydberg stage 892/2548.
[INFO] Enola: Solve for Rydberg stage 893/2548.
[INFO] Enola: Solve for Rydberg stage 894/2548.
[INFO] Enola: Solve for Rydberg stage 895/2548.
[INFO] Enola: Solve for Rydberg stage 896/2548.
[INFO] Enola: Solve for Rydberg stage 897/2548.
[INFO] Enola: Solve for Rydberg stage 898/2548.
[INFO] Enola: Solve for Rydberg stage 899/2548.
[INFO] Enola: Solve for Rydberg stage 900/2548.
[INFO] Enola: Solve for Rydberg stage 901/2548.
[INFO] Enola: Solve for Rydberg stage 902/2548.
[INFO] Enola: Solve for Rydberg stage 903/2548.
[INFO] Enola: Solve for Rydberg stage 904/2548.
[INFO] Enola: Solve for Rydberg stage 905/2548.
[INFO] Enola: Solve for Rydberg stage 906/2548.
[INFO] Enola: Solve for Rydberg stage 907/2548.
[INFO] Enola: Solve for Rydberg stage 908/2548.
[INFO] Enola: Solve for Rydberg stage 909/2548.
[INFO] Enola: Solve for Rydberg stage 910/2548.
[INFO] Enola: Solve for Rydberg stage 911/2548.
[INFO] Enola: Solve for Rydberg stage 912/2548.
[INFO] Enola: Solve for Rydberg stage 913/2548.
[INFO] Enola: Solve for Rydberg stage 914/2548.
[INFO] Enola: Solve for Rydberg stage 915/2548.
[INFO] Enola: Solve for Rydberg stage 916/2548.
[INFO] Enola: Solve for Rydberg stage 917/2548.
[INFO] Enola: Solve for Rydberg stage 918/2548.
[INFO] Enola: Solve for Rydberg stage 919/2548.
[INFO] Enola: Solve for Rydberg stage 920/2548.
[INFO] Enola: Solve for Rydberg stage 921/2548.
[INFO] Enola: Solve for Rydberg stage 922/2548.
[INFO] Enola: Solve for Rydberg stage 923/2548.
[INFO] Enola: Solve for Rydberg stage 924/2548.
[INFO] Enola: Solve for Rydberg stage 925/2548.
[INFO] Enola: Solve for Rydberg stage 926/2548.
[INFO] Enola: Solve for Rydberg stage 927/2548.
[INFO] Enola: Solve for Rydberg stage 928/2548.
[INFO] Enola: Solve for Rydberg stage 929/2548.
[INFO] Enola: Solve for Rydberg stage 930/2548.
[INFO] Enola: Solve for Rydberg stage 931/2548.
[INFO] Enola: Solve for Rydberg stage 932/2548.
[INFO] Enola: Solve for Rydberg stage 933/2548.
[INFO] Enola: Solve for Rydberg stage 934/2548.
[INFO] Enola: Solve for Rydberg stage 935/2548.
[INFO] Enola: Solve for Rydberg stage 936/2548.
[INFO] Enola: Solve for Rydberg stage 937/2548.
[INFO] Enola: Solve for Rydberg stage 938/2548.
[INFO] Enola: Solve for Rydberg stage 939/2548.
[INFO] Enola: Solve for Rydberg stage 940/2548.
[INFO] Enola: Solve for Rydberg stage 941/2548.
[INFO] Enola: Solve for Rydberg stage 942/2548.
[INFO] Enola: Solve for Rydberg stage 943/2548.
[INFO] Enola: Solve for Rydberg stage 944/2548.
[INFO] Enola: Solve for Rydberg stage 945/2548.
[INFO] Enola: Solve for Rydberg stage 946/2548.
[INFO] Enola: Solve for Rydberg stage 947/2548.
[INFO] Enola: Solve for Rydberg stage 948/2548.
[INFO] Enola: Solve for Rydberg stage 949/2548.
[INFO] Enola: Solve for Rydberg stage 950/2548.
[INFO] Enola: Solve for Rydberg stage 951/2548.
[INFO] Enola: Solve for Rydberg stage 952/2548.
[INFO] Enola: Solve for Rydberg stage 953/2548.
[INFO] Enola: Solve for Rydberg stage 954/2548.
[INFO] Enola: Solve for Rydberg stage 955/2548.
[INFO] Enola: Solve for Rydberg stage 956/2548.
[INFO] Enola: Solve for Rydberg stage 957/2548.
[INFO] Enola: Solve for Rydberg stage 958/2548.
[INFO] Enola: Solve for Rydberg stage 959/2548.
[INFO] Enola: Solve for Rydberg stage 960/2548.
[INFO] Enola: Solve for Rydberg stage 961/2548.
[INFO] Enola: Solve for Rydberg stage 962/2548.
[INFO] Enola: Solve for Rydberg stage 963/2548.
[INFO] Enola: Solve for Rydberg stage 964/2548.
[INFO] Enola: Solve for Rydberg stage 965/2548.
[INFO] Enola: Solve for Rydberg stage 966/2548.
[INFO] Enola: Solve for Rydberg stage 967/2548.
[INFO] Enola: Solve for Rydberg stage 968/2548.
[INFO] Enola: Solve for Rydberg stage 969/2548.
[INFO] Enola: Solve for Rydberg stage 970/2548.
[INFO] Enola: Solve for Rydberg stage 971/2548.
[INFO] Enola: Solve for Rydberg stage 972/2548.
[INFO] Enola: Solve for Rydberg stage 973/2548.
[INFO] Enola: Solve for Rydberg stage 974/2548.
[INFO] Enola: Solve for Rydberg stage 975/2548.
[INFO] Enola: Solve for Rydberg stage 976/2548.
[INFO] Enola: Solve for Rydberg stage 977/2548.
[INFO] Enola: Solve for Rydberg stage 978/2548.
[INFO] Enola: Solve for Rydberg stage 979/2548.
[INFO] Enola: Solve for Rydberg stage 980/2548.
[INFO] Enola: Solve for Rydberg stage 981/2548.
[INFO] Enola: Solve for Rydberg stage 982/2548.
[INFO] Enola: Solve for Rydberg stage 983/2548.
[INFO] Enola: Solve for Rydberg stage 984/2548.
[INFO] Enola: Solve for Rydberg stage 985/2548.
[INFO] Enola: Solve for Rydberg stage 986/2548.
[INFO] Enola: Solve for Rydberg stage 987/2548.
[INFO] Enola: Solve for Rydberg stage 988/2548.
[INFO] Enola: Solve for Rydberg stage 989/2548.
[INFO] Enola: Solve for Rydberg stage 990/2548.
[INFO] Enola: Solve for Rydberg stage 991/2548.
[INFO] Enola: Solve for Rydberg stage 992/2548.
[INFO] Enola: Solve for Rydberg stage 993/2548.
[INFO] Enola: Solve for Rydberg stage 994/2548.
[INFO] Enola: Solve for Rydberg stage 995/2548.
[INFO] Enola: Solve for Rydberg stage 996/2548.
[INFO] Enola: Solve for Rydberg stage 997/2548.
[INFO] Enola: Solve for Rydberg stage 998/2548.
[INFO] Enola: Solve for Rydberg stage 999/2548.
[INFO] Enola: Solve for Rydberg stage 1000/2548.
[INFO] Enola: Solve for Rydberg stage 1001/2548.
[INFO] Enola: Solve for Rydberg stage 1002/2548.
[INFO] Enola: Solve for Rydberg stage 1003/2548.
[INFO] Enola: Solve for Rydberg stage 1004/2548.
[INFO] Enola: Solve for Rydberg stage 1005/2548.
[INFO] Enola: Solve for Rydberg stage 1006/2548.
[INFO] Enola: Solve for Rydberg stage 1007/2548.
[INFO] Enola: Solve for Rydberg stage 1008/2548.
[INFO] Enola: Solve for Rydberg stage 1009/2548.
[INFO] Enola: Solve for Rydberg stage 1010/2548.
[INFO] Enola: Solve for Rydberg stage 1011/2548.
[INFO] Enola: Solve for Rydberg stage 1012/2548.
[INFO] Enola: Solve for Rydberg stage 1013/2548.
[INFO] Enola: Solve for Rydberg stage 1014/2548.
[INFO] Enola: Solve for Rydberg stage 1015/2548.
[INFO] Enola: Solve for Rydberg stage 1016/2548.
[INFO] Enola: Solve for Rydberg stage 1017/2548.
[INFO] Enola: Solve for Rydberg stage 1018/2548.
[INFO] Enola: Solve for Rydberg stage 1019/2548.
[INFO] Enola: Solve for Rydberg stage 1020/2548.
[INFO] Enola: Solve for Rydberg stage 1021/2548.
[INFO] Enola: Solve for Rydberg stage 1022/2548.
[INFO] Enola: Solve for Rydberg stage 1023/2548.
[INFO] Enola: Solve for Rydberg stage 1024/2548.
[INFO] Enola: Solve for Rydberg stage 1025/2548.
[INFO] Enola: Solve for Rydberg stage 1026/2548.
[INFO] Enola: Solve for Rydberg stage 1027/2548.
[INFO] Enola: Solve for Rydberg stage 1028/2548.
[INFO] Enola: Solve for Rydberg stage 1029/2548.
[INFO] Enola: Solve for Rydberg stage 1030/2548.
[INFO] Enola: Solve for Rydberg stage 1031/2548.
[INFO] Enola: Solve for Rydberg stage 1032/2548.
[INFO] Enola: Solve for Rydberg stage 1033/2548.
[INFO] Enola: Solve for Rydberg stage 1034/2548.
[INFO] Enola: Solve for Rydberg stage 1035/2548.
[INFO] Enola: Solve for Rydberg stage 1036/2548.
[INFO] Enola: Solve for Rydberg stage 1037/2548.
[INFO] Enola: Solve for Rydberg stage 1038/2548.
[INFO] Enola: Solve for Rydberg stage 1039/2548.
[INFO] Enola: Solve for Rydberg stage 1040/2548.
[INFO] Enola: Solve for Rydberg stage 1041/2548.
[INFO] Enola: Solve for Rydberg stage 1042/2548.
[INFO] Enola: Solve for Rydberg stage 1043/2548.
[INFO] Enola: Solve for Rydberg stage 1044/2548.
[INFO] Enola: Solve for Rydberg stage 1045/2548.
[INFO] Enola: Solve for Rydberg stage 1046/2548.
[INFO] Enola: Solve for Rydberg stage 1047/2548.
[INFO] Enola: Solve for Rydberg stage 1048/2548.
[INFO] Enola: Solve for Rydberg stage 1049/2548.
[INFO] Enola: Solve for Rydberg stage 1050/2548.
[INFO] Enola: Solve for Rydberg stage 1051/2548.
[INFO] Enola: Solve for Rydberg stage 1052/2548.
[INFO] Enola: Solve for Rydberg stage 1053/2548.
[INFO] Enola: Solve for Rydberg stage 1054/2548.
[INFO] Enola: Solve for Rydberg stage 1055/2548.
[INFO] Enola: Solve for Rydberg stage 1056/2548.
[INFO] Enola: Solve for Rydberg stage 1057/2548.
[INFO] Enola: Solve for Rydberg stage 1058/2548.
[INFO] Enola: Solve for Rydberg stage 1059/2548.
[INFO] Enola: Solve for Rydberg stage 1060/2548.
[INFO] Enola: Solve for Rydberg stage 1061/2548.
[INFO] Enola: Solve for Rydberg stage 1062/2548.
[INFO] Enola: Solve for Rydberg stage 1063/2548.
[INFO] Enola: Solve for Rydberg stage 1064/2548.
[INFO] Enola: Solve for Rydberg stage 1065/2548.
[INFO] Enola: Solve for Rydberg stage 1066/2548.
[INFO] Enola: Solve for Rydberg stage 1067/2548.
[INFO] Enola: Solve for Rydberg stage 1068/2548.
[INFO] Enola: Solve for Rydberg stage 1069/2548.
[INFO] Enola: Solve for Rydberg stage 1070/2548.
[INFO] Enola: Solve for Rydberg stage 1071/2548.
[INFO] Enola: Solve for Rydberg stage 1072/2548.
[INFO] Enola: Solve for Rydberg stage 1073/2548.
[INFO] Enola: Solve for Rydberg stage 1074/2548.
[INFO] Enola: Solve for Rydberg stage 1075/2548.
[INFO] Enola: Solve for Rydberg stage 1076/2548.
[INFO] Enola: Solve for Rydberg stage 1077/2548.
[INFO] Enola: Solve for Rydberg stage 1078/2548.
[INFO] Enola: Solve for Rydberg stage 1079/2548.
[INFO] Enola: Solve for Rydberg stage 1080/2548.
[INFO] Enola: Solve for Rydberg stage 1081/2548.
[INFO] Enola: Solve for Rydberg stage 1082/2548.
[INFO] Enola: Solve for Rydberg stage 1083/2548.
[INFO] Enola: Solve for Rydberg stage 1084/2548.
[INFO] Enola: Solve for Rydberg stage 1085/2548.
[INFO] Enola: Solve for Rydberg stage 1086/2548.
[INFO] Enola: Solve for Rydberg stage 1087/2548.
[INFO] Enola: Solve for Rydberg stage 1088/2548.
[INFO] Enola: Solve for Rydberg stage 1089/2548.
[INFO] Enola: Solve for Rydberg stage 1090/2548.
[INFO] Enola: Solve for Rydberg stage 1091/2548.
[INFO] Enola: Solve for Rydberg stage 1092/2548.
[INFO] Enola: Solve for Rydberg stage 1093/2548.
[INFO] Enola: Solve for Rydberg stage 1094/2548.
[INFO] Enola: Solve for Rydberg stage 1095/2548.
[INFO] Enola: Solve for Rydberg stage 1096/2548.
[INFO] Enola: Solve for Rydberg stage 1097/2548.
[INFO] Enola: Solve for Rydberg stage 1098/2548.
[INFO] Enola: Solve for Rydberg stage 1099/2548.
[INFO] Enola: Solve for Rydberg stage 1100/2548.
[INFO] Enola: Solve for Rydberg stage 1101/2548.
[INFO] Enola: Solve for Rydberg stage 1102/2548.
[INFO] Enola: Solve for Rydberg stage 1103/2548.
[INFO] Enola: Solve for Rydberg stage 1104/2548.
[INFO] Enola: Solve for Rydberg stage 1105/2548.
[INFO] Enola: Solve for Rydberg stage 1106/2548.
[INFO] Enola: Solve for Rydberg stage 1107/2548.
[INFO] Enola: Solve for Rydberg stage 1108/2548.
[INFO] Enola: Solve for Rydberg stage 1109/2548.
[INFO] Enola: Solve for Rydberg stage 1110/2548.
[INFO] Enola: Solve for Rydberg stage 1111/2548.
[INFO] Enola: Solve for Rydberg stage 1112/2548.
[INFO] Enola: Solve for Rydberg stage 1113/2548.
[INFO] Enola: Solve for Rydberg stage 1114/2548.
[INFO] Enola: Solve for Rydberg stage 1115/2548.
[INFO] Enola: Solve for Rydberg stage 1116/2548.
[INFO] Enola: Solve for Rydberg stage 1117/2548.
[INFO] Enola: Solve for Rydberg stage 1118/2548.
[INFO] Enola: Solve for Rydberg stage 1119/2548.
[INFO] Enola: Solve for Rydberg stage 1120/2548.
[INFO] Enola: Solve for Rydberg stage 1121/2548.
[INFO] Enola: Solve for Rydberg stage 1122/2548.
[INFO] Enola: Solve for Rydberg stage 1123/2548.
[INFO] Enola: Solve for Rydberg stage 1124/2548.
[INFO] Enola: Solve for Rydberg stage 1125/2548.
[INFO] Enola: Solve for Rydberg stage 1126/2548.
[INFO] Enola: Solve for Rydberg stage 1127/2548.
[INFO] Enola: Solve for Rydberg stage 1128/2548.
[INFO] Enola: Solve for Rydberg stage 1129/2548.
[INFO] Enola: Solve for Rydberg stage 1130/2548.
[INFO] Enola: Solve for Rydberg stage 1131/2548.
[INFO] Enola: Solve for Rydberg stage 1132/2548.
[INFO] Enola: Solve for Rydberg stage 1133/2548.
[INFO] Enola: Solve for Rydberg stage 1134/2548.
[INFO] Enola: Solve for Rydberg stage 1135/2548.
[INFO] Enola: Solve for Rydberg stage 1136/2548.
[INFO] Enola: Solve for Rydberg stage 1137/2548.
[INFO] Enola: Solve for Rydberg stage 1138/2548.
[INFO] Enola: Solve for Rydberg stage 1139/2548.
[INFO] Enola: Solve for Rydberg stage 1140/2548.
[INFO] Enola: Solve for Rydberg stage 1141/2548.
[INFO] Enola: Solve for Rydberg stage 1142/2548.
[INFO] Enola: Solve for Rydberg stage 1143/2548.
[INFO] Enola: Solve for Rydberg stage 1144/2548.
[INFO] Enola: Solve for Rydberg stage 1145/2548.
[INFO] Enola: Solve for Rydberg stage 1146/2548.
[INFO] Enola: Solve for Rydberg stage 1147/2548.
[INFO] Enola: Solve for Rydberg stage 1148/2548.
[INFO] Enola: Solve for Rydberg stage 1149/2548.
[INFO] Enola: Solve for Rydberg stage 1150/2548.
[INFO] Enola: Solve for Rydberg stage 1151/2548.
[INFO] Enola: Solve for Rydberg stage 1152/2548.
[INFO] Enola: Solve for Rydberg stage 1153/2548.
[INFO] Enola: Solve for Rydberg stage 1154/2548.
[INFO] Enola: Solve for Rydberg stage 1155/2548.
[INFO] Enola: Solve for Rydberg stage 1156/2548.
[INFO] Enola: Solve for Rydberg stage 1157/2548.
[INFO] Enola: Solve for Rydberg stage 1158/2548.
[INFO] Enola: Solve for Rydberg stage 1159/2548.
[INFO] Enola: Solve for Rydberg stage 1160/2548.
[INFO] Enola: Solve for Rydberg stage 1161/2548.
[INFO] Enola: Solve for Rydberg stage 1162/2548.
[INFO] Enola: Solve for Rydberg stage 1163/2548.
[INFO] Enola: Solve for Rydberg stage 1164/2548.
[INFO] Enola: Solve for Rydberg stage 1165/2548.
[INFO] Enola: Solve for Rydberg stage 1166/2548.
[INFO] Enola: Solve for Rydberg stage 1167/2548.
[INFO] Enola: Solve for Rydberg stage 1168/2548.
[INFO] Enola: Solve for Rydberg stage 1169/2548.
[INFO] Enola: Solve for Rydberg stage 1170/2548.
[INFO] Enola: Solve for Rydberg stage 1171/2548.
[INFO] Enola: Solve for Rydberg stage 1172/2548.
[INFO] Enola: Solve for Rydberg stage 1173/2548.
[INFO] Enola: Solve for Rydberg stage 1174/2548.
[INFO] Enola: Solve for Rydberg stage 1175/2548.
[INFO] Enola: Solve for Rydberg stage 1176/2548.
[INFO] Enola: Solve for Rydberg stage 1177/2548.
[INFO] Enola: Solve for Rydberg stage 1178/2548.
[INFO] Enola: Solve for Rydberg stage 1179/2548.
[INFO] Enola: Solve for Rydberg stage 1180/2548.
[INFO] Enola: Solve for Rydberg stage 1181/2548.
[INFO] Enola: Solve for Rydberg stage 1182/2548.
[INFO] Enola: Solve for Rydberg stage 1183/2548.
[INFO] Enola: Solve for Rydberg stage 1184/2548.
[INFO] Enola: Solve for Rydberg stage 1185/2548.
[INFO] Enola: Solve for Rydberg stage 1186/2548.
[INFO] Enola: Solve for Rydberg stage 1187/2548.
[INFO] Enola: Solve for Rydberg stage 1188/2548.
[INFO] Enola: Solve for Rydberg stage 1189/2548.
[INFO] Enola: Solve for Rydberg stage 1190/2548.
[INFO] Enola: Solve for Rydberg stage 1191/2548.
[INFO] Enola: Solve for Rydberg stage 1192/2548.
[INFO] Enola: Solve for Rydberg stage 1193/2548.
[INFO] Enola: Solve for Rydberg stage 1194/2548.
[INFO] Enola: Solve for Rydberg stage 1195/2548.
[INFO] Enola: Solve for Rydberg stage 1196/2548.
[INFO] Enola: Solve for Rydberg stage 1197/2548.
[INFO] Enola: Solve for Rydberg stage 1198/2548.
[INFO] Enola: Solve for Rydberg stage 1199/2548.
[INFO] Enola: Solve for Rydberg stage 1200/2548.
[INFO] Enola: Solve for Rydberg stage 1201/2548.
[INFO] Enola: Solve for Rydberg stage 1202/2548.
[INFO] Enola: Solve for Rydberg stage 1203/2548.
[INFO] Enola: Solve for Rydberg stage 1204/2548.
[INFO] Enola: Solve for Rydberg stage 1205/2548.
[INFO] Enola: Solve for Rydberg stage 1206/2548.
[INFO] Enola: Solve for Rydberg stage 1207/2548.
[INFO] Enola: Solve for Rydberg stage 1208/2548.
[INFO] Enola: Solve for Rydberg stage 1209/2548.
[INFO] Enola: Solve for Rydberg stage 1210/2548.
[INFO] Enola: Solve for Rydberg stage 1211/2548.
[INFO] Enola: Solve for Rydberg stage 1212/2548.
[INFO] Enola: Solve for Rydberg stage 1213/2548.
[INFO] Enola: Solve for Rydberg stage 1214/2548.
[INFO] Enola: Solve for Rydberg stage 1215/2548.
[INFO] Enola: Solve for Rydberg stage 1216/2548.
[INFO] Enola: Solve for Rydberg stage 1217/2548.
[INFO] Enola: Solve for Rydberg stage 1218/2548.
[INFO] Enola: Solve for Rydberg stage 1219/2548.
[INFO] Enola: Solve for Rydberg stage 1220/2548.
[INFO] Enola: Solve for Rydberg stage 1221/2548.
[INFO] Enola: Solve for Rydberg stage 1222/2548.
[INFO] Enola: Solve for Rydberg stage 1223/2548.
[INFO] Enola: Solve for Rydberg stage 1224/2548.
[INFO] Enola: Solve for Rydberg stage 1225/2548.
[INFO] Enola: Solve for Rydberg stage 1226/2548.
[INFO] Enola: Solve for Rydberg stage 1227/2548.
[INFO] Enola: Solve for Rydberg stage 1228/2548.
[INFO] Enola: Solve for Rydberg stage 1229/2548.
[INFO] Enola: Solve for Rydberg stage 1230/2548.
[INFO] Enola: Solve for Rydberg stage 1231/2548.
[INFO] Enola: Solve for Rydberg stage 1232/2548.
[INFO] Enola: Solve for Rydberg stage 1233/2548.
[INFO] Enola: Solve for Rydberg stage 1234/2548.
[INFO] Enola: Solve for Rydberg stage 1235/2548.
[INFO] Enola: Solve for Rydberg stage 1236/2548.
[INFO] Enola: Solve for Rydberg stage 1237/2548.
[INFO] Enola: Solve for Rydberg stage 1238/2548.
[INFO] Enola: Solve for Rydberg stage 1239/2548.
[INFO] Enola: Solve for Rydberg stage 1240/2548.
[INFO] Enola: Solve for Rydberg stage 1241/2548.
[INFO] Enola: Solve for Rydberg stage 1242/2548.
[INFO] Enola: Solve for Rydberg stage 1243/2548.
[INFO] Enola: Solve for Rydberg stage 1244/2548.
[INFO] Enola: Solve for Rydberg stage 1245/2548.
[INFO] Enola: Solve for Rydberg stage 1246/2548.
[INFO] Enola: Solve for Rydberg stage 1247/2548.
[INFO] Enola: Solve for Rydberg stage 1248/2548.
[INFO] Enola: Solve for Rydberg stage 1249/2548.
[INFO] Enola: Solve for Rydberg stage 1250/2548.
[INFO] Enola: Solve for Rydberg stage 1251/2548.
[INFO] Enola: Solve for Rydberg stage 1252/2548.
[INFO] Enola: Solve for Rydberg stage 1253/2548.
[INFO] Enola: Solve for Rydberg stage 1254/2548.
[INFO] Enola: Solve for Rydberg stage 1255/2548.
[INFO] Enola: Solve for Rydberg stage 1256/2548.
[INFO] Enola: Solve for Rydberg stage 1257/2548.
[INFO] Enola: Solve for Rydberg stage 1258/2548.
[INFO] Enola: Solve for Rydberg stage 1259/2548.
[INFO] Enola: Solve for Rydberg stage 1260/2548.
[INFO] Enola: Solve for Rydberg stage 1261/2548.
[INFO] Enola: Solve for Rydberg stage 1262/2548.
[INFO] Enola: Solve for Rydberg stage 1263/2548.
[INFO] Enola: Solve for Rydberg stage 1264/2548.
[INFO] Enola: Solve for Rydberg stage 1265/2548.
[INFO] Enola: Solve for Rydberg stage 1266/2548.
[INFO] Enola: Solve for Rydberg stage 1267/2548.
[INFO] Enola: Solve for Rydberg stage 1268/2548.
[INFO] Enola: Solve for Rydberg stage 1269/2548.
[INFO] Enola: Solve for Rydberg stage 1270/2548.
[INFO] Enola: Solve for Rydberg stage 1271/2548.
[INFO] Enola: Solve for Rydberg stage 1272/2548.
[INFO] Enola: Solve for Rydberg stage 1273/2548.
[INFO] Enola: Solve for Rydberg stage 1274/2548.
[INFO] Enola: Solve for Rydberg stage 1275/2548.
[INFO] Enola: Solve for Rydberg stage 1276/2548.
[INFO] Enola: Solve for Rydberg stage 1277/2548.
[INFO] Enola: Solve for Rydberg stage 1278/2548.
[INFO] Enola: Solve for Rydberg stage 1279/2548.
[INFO] Enola: Solve for Rydberg stage 1280/2548.
[INFO] Enola: Solve for Rydberg stage 1281/2548.
[INFO] Enola: Solve for Rydberg stage 1282/2548.
[INFO] Enola: Solve for Rydberg stage 1283/2548.
[INFO] Enola: Solve for Rydberg stage 1284/2548.
[INFO] Enola: Solve for Rydberg stage 1285/2548.
[INFO] Enola: Solve for Rydberg stage 1286/2548.
[INFO] Enola: Solve for Rydberg stage 1287/2548.
[INFO] Enola: Solve for Rydberg stage 1288/2548.
[INFO] Enola: Solve for Rydberg stage 1289/2548.
[INFO] Enola: Solve for Rydberg stage 1290/2548.
[INFO] Enola: Solve for Rydberg stage 1291/2548.
[INFO] Enola: Solve for Rydberg stage 1292/2548.
[INFO] Enola: Solve for Rydberg stage 1293/2548.
[INFO] Enola: Solve for Rydberg stage 1294/2548.
[INFO] Enola: Solve for Rydberg stage 1295/2548.
[INFO] Enola: Solve for Rydberg stage 1296/2548.
[INFO] Enola: Solve for Rydberg stage 1297/2548.
[INFO] Enola: Solve for Rydberg stage 1298/2548.
[INFO] Enola: Solve for Rydberg stage 1299/2548.
[INFO] Enola: Solve for Rydberg stage 1300/2548.
[INFO] Enola: Solve for Rydberg stage 1301/2548.
[INFO] Enola: Solve for Rydberg stage 1302/2548.
[INFO] Enola: Solve for Rydberg stage 1303/2548.
[INFO] Enola: Solve for Rydberg stage 1304/2548.
[INFO] Enola: Solve for Rydberg stage 1305/2548.
[INFO] Enola: Solve for Rydberg stage 1306/2548.
[INFO] Enola: Solve for Rydberg stage 1307/2548.
[INFO] Enola: Solve for Rydberg stage 1308/2548.
[INFO] Enola: Solve for Rydberg stage 1309/2548.
[INFO] Enola: Solve for Rydberg stage 1310/2548.
[INFO] Enola: Solve for Rydberg stage 1311/2548.
[INFO] Enola: Solve for Rydberg stage 1312/2548.
[INFO] Enola: Solve for Rydberg stage 1313/2548.
[INFO] Enola: Solve for Rydberg stage 1314/2548.
[INFO] Enola: Solve for Rydberg stage 1315/2548.
[INFO] Enola: Solve for Rydberg stage 1316/2548.
[INFO] Enola: Solve for Rydberg stage 1317/2548.
[INFO] Enola: Solve for Rydberg stage 1318/2548.
[INFO] Enola: Solve for Rydberg stage 1319/2548.
[INFO] Enola: Solve for Rydberg stage 1320/2548.
[INFO] Enola: Solve for Rydberg stage 1321/2548.
[INFO] Enola: Solve for Rydberg stage 1322/2548.
[INFO] Enola: Solve for Rydberg stage 1323/2548.
[INFO] Enola: Solve for Rydberg stage 1324/2548.
[INFO] Enola: Solve for Rydberg stage 1325/2548.
[INFO] Enola: Solve for Rydberg stage 1326/2548.
[INFO] Enola: Solve for Rydberg stage 1327/2548.
[INFO] Enola: Solve for Rydberg stage 1328/2548.
[INFO] Enola: Solve for Rydberg stage 1329/2548.
[INFO] Enola: Solve for Rydberg stage 1330/2548.
[INFO] Enola: Solve for Rydberg stage 1331/2548.
[INFO] Enola: Solve for Rydberg stage 1332/2548.
[INFO] Enola: Solve for Rydberg stage 1333/2548.
[INFO] Enola: Solve for Rydberg stage 1334/2548.
[INFO] Enola: Solve for Rydberg stage 1335/2548.
[INFO] Enola: Solve for Rydberg stage 1336/2548.
[INFO] Enola: Solve for Rydberg stage 1337/2548.
[INFO] Enola: Solve for Rydberg stage 1338/2548.
[INFO] Enola: Solve for Rydberg stage 1339/2548.
[INFO] Enola: Solve for Rydberg stage 1340/2548.
[INFO] Enola: Solve for Rydberg stage 1341/2548.
[INFO] Enola: Solve for Rydberg stage 1342/2548.
[INFO] Enola: Solve for Rydberg stage 1343/2548.
[INFO] Enola: Solve for Rydberg stage 1344/2548.
[INFO] Enola: Solve for Rydberg stage 1345/2548.
[INFO] Enola: Solve for Rydberg stage 1346/2548.
[INFO] Enola: Solve for Rydberg stage 1347/2548.
[INFO] Enola: Solve for Rydberg stage 1348/2548.
[INFO] Enola: Solve for Rydberg stage 1349/2548.
[INFO] Enola: Solve for Rydberg stage 1350/2548.
[INFO] Enola: Solve for Rydberg stage 1351/2548.
[INFO] Enola: Solve for Rydberg stage 1352/2548.
[INFO] Enola: Solve for Rydberg stage 1353/2548.
[INFO] Enola: Solve for Rydberg stage 1354/2548.
[INFO] Enola: Solve for Rydberg stage 1355/2548.
[INFO] Enola: Solve for Rydberg stage 1356/2548.
[INFO] Enola: Solve for Rydberg stage 1357/2548.
[INFO] Enola: Solve for Rydberg stage 1358/2548.
[INFO] Enola: Solve for Rydberg stage 1359/2548.
[INFO] Enola: Solve for Rydberg stage 1360/2548.
[INFO] Enola: Solve for Rydberg stage 1361/2548.
[INFO] Enola: Solve for Rydberg stage 1362/2548.
[INFO] Enola: Solve for Rydberg stage 1363/2548.
[INFO] Enola: Solve for Rydberg stage 1364/2548.
[INFO] Enola: Solve for Rydberg stage 1365/2548.
[INFO] Enola: Solve for Rydberg stage 1366/2548.
[INFO] Enola: Solve for Rydberg stage 1367/2548.
[INFO] Enola: Solve for Rydberg stage 1368/2548.
[INFO] Enola: Solve for Rydberg stage 1369/2548.
[INFO] Enola: Solve for Rydberg stage 1370/2548.
[INFO] Enola: Solve for Rydberg stage 1371/2548.
[INFO] Enola: Solve for Rydberg stage 1372/2548.
[INFO] Enola: Solve for Rydberg stage 1373/2548.
[INFO] Enola: Solve for Rydberg stage 1374/2548.
[INFO] Enola: Solve for Rydberg stage 1375/2548.
[INFO] Enola: Solve for Rydberg stage 1376/2548.
[INFO] Enola: Solve for Rydberg stage 1377/2548.
[INFO] Enola: Solve for Rydberg stage 1378/2548.
[INFO] Enola: Solve for Rydberg stage 1379/2548.
[INFO] Enola: Solve for Rydberg stage 1380/2548.
[INFO] Enola: Solve for Rydberg stage 1381/2548.
[INFO] Enola: Solve for Rydberg stage 1382/2548.
[INFO] Enola: Solve for Rydberg stage 1383/2548.
[INFO] Enola: Solve for Rydberg stage 1384/2548.
[INFO] Enola: Solve for Rydberg stage 1385/2548.
[INFO] Enola: Solve for Rydberg stage 1386/2548.
[INFO] Enola: Solve for Rydberg stage 1387/2548.
[INFO] Enola: Solve for Rydberg stage 1388/2548.
[INFO] Enola: Solve for Rydberg stage 1389/2548.
[INFO] Enola: Solve for Rydberg stage 1390/2548.
[INFO] Enola: Solve for Rydberg stage 1391/2548.
[INFO] Enola: Solve for Rydberg stage 1392/2548.
[INFO] Enola: Solve for Rydberg stage 1393/2548.
[INFO] Enola: Solve for Rydberg stage 1394/2548.
[INFO] Enola: Solve for Rydberg stage 1395/2548.
[INFO] Enola: Solve for Rydberg stage 1396/2548.
[INFO] Enola: Solve for Rydberg stage 1397/2548.
[INFO] Enola: Solve for Rydberg stage 1398/2548.
[INFO] Enola: Solve for Rydberg stage 1399/2548.
[INFO] Enola: Solve for Rydberg stage 1400/2548.
[INFO] Enola: Solve for Rydberg stage 1401/2548.
[INFO] Enola: Solve for Rydberg stage 1402/2548.
[INFO] Enola: Solve for Rydberg stage 1403/2548.
[INFO] Enola: Solve for Rydberg stage 1404/2548.
[INFO] Enola: Solve for Rydberg stage 1405/2548.
[INFO] Enola: Solve for Rydberg stage 1406/2548.
[INFO] Enola: Solve for Rydberg stage 1407/2548.
[INFO] Enola: Solve for Rydberg stage 1408/2548.
[INFO] Enola: Solve for Rydberg stage 1409/2548.
[INFO] Enola: Solve for Rydberg stage 1410/2548.
[INFO] Enola: Solve for Rydberg stage 1411/2548.
[INFO] Enola: Solve for Rydberg stage 1412/2548.
[INFO] Enola: Solve for Rydberg stage 1413/2548.
[INFO] Enola: Solve for Rydberg stage 1414/2548.
[INFO] Enola: Solve for Rydberg stage 1415/2548.
[INFO] Enola: Solve for Rydberg stage 1416/2548.
[INFO] Enola: Solve for Rydberg stage 1417/2548.
[INFO] Enola: Solve for Rydberg stage 1418/2548.
[INFO] Enola: Solve for Rydberg stage 1419/2548.
[INFO] Enola: Solve for Rydberg stage 1420/2548.
[INFO] Enola: Solve for Rydberg stage 1421/2548.
[INFO] Enola: Solve for Rydberg stage 1422/2548.
[INFO] Enola: Solve for Rydberg stage 1423/2548.
[INFO] Enola: Solve for Rydberg stage 1424/2548.
[INFO] Enola: Solve for Rydberg stage 1425/2548.
[INFO] Enola: Solve for Rydberg stage 1426/2548.
[INFO] Enola: Solve for Rydberg stage 1427/2548.
[INFO] Enola: Solve for Rydberg stage 1428/2548.
[INFO] Enola: Solve for Rydberg stage 1429/2548.
[INFO] Enola: Solve for Rydberg stage 1430/2548.
[INFO] Enola: Solve for Rydberg stage 1431/2548.
[INFO] Enola: Solve for Rydberg stage 1432/2548.
[INFO] Enola: Solve for Rydberg stage 1433/2548.
[INFO] Enola: Solve for Rydberg stage 1434/2548.
[INFO] Enola: Solve for Rydberg stage 1435/2548.
[INFO] Enola: Solve for Rydberg stage 1436/2548.
[INFO] Enola: Solve for Rydberg stage 1437/2548.
[INFO] Enola: Solve for Rydberg stage 1438/2548.
[INFO] Enola: Solve for Rydberg stage 1439/2548.
[INFO] Enola: Solve for Rydberg stage 1440/2548.
[INFO] Enola: Solve for Rydberg stage 1441/2548.
[INFO] Enola: Solve for Rydberg stage 1442/2548.
[INFO] Enola: Solve for Rydberg stage 1443/2548.
[INFO] Enola: Solve for Rydberg stage 1444/2548.
[INFO] Enola: Solve for Rydberg stage 1445/2548.
[INFO] Enola: Solve for Rydberg stage 1446/2548.
[INFO] Enola: Solve for Rydberg stage 1447/2548.
[INFO] Enola: Solve for Rydberg stage 1448/2548.
[INFO] Enola: Solve for Rydberg stage 1449/2548.
[INFO] Enola: Solve for Rydberg stage 1450/2548.
[INFO] Enola: Solve for Rydberg stage 1451/2548.
[INFO] Enola: Solve for Rydberg stage 1452/2548.
[INFO] Enola: Solve for Rydberg stage 1453/2548.
[INFO] Enola: Solve for Rydberg stage 1454/2548.
[INFO] Enola: Solve for Rydberg stage 1455/2548.
[INFO] Enola: Solve for Rydberg stage 1456/2548.
[INFO] Enola: Solve for Rydberg stage 1457/2548.
[INFO] Enola: Solve for Rydberg stage 1458/2548.
[INFO] Enola: Solve for Rydberg stage 1459/2548.
[INFO] Enola: Solve for Rydberg stage 1460/2548.
[INFO] Enola: Solve for Rydberg stage 1461/2548.
[INFO] Enola: Solve for Rydberg stage 1462/2548.
[INFO] Enola: Solve for Rydberg stage 1463/2548.
[INFO] Enola: Solve for Rydberg stage 1464/2548.
[INFO] Enola: Solve for Rydberg stage 1465/2548.
[INFO] Enola: Solve for Rydberg stage 1466/2548.
[INFO] Enola: Solve for Rydberg stage 1467/2548.
[INFO] Enola: Solve for Rydberg stage 1468/2548.
[INFO] Enola: Solve for Rydberg stage 1469/2548.
[INFO] Enola: Solve for Rydberg stage 1470/2548.
[INFO] Enola: Solve for Rydberg stage 1471/2548.
[INFO] Enola: Solve for Rydberg stage 1472/2548.
[INFO] Enola: Solve for Rydberg stage 1473/2548.
[INFO] Enola: Solve for Rydberg stage 1474/2548.
[INFO] Enola: Solve for Rydberg stage 1475/2548.
[INFO] Enola: Solve for Rydberg stage 1476/2548.
[INFO] Enola: Solve for Rydberg stage 1477/2548.
[INFO] Enola: Solve for Rydberg stage 1478/2548.
[INFO] Enola: Solve for Rydberg stage 1479/2548.
[INFO] Enola: Solve for Rydberg stage 1480/2548.
[INFO] Enola: Solve for Rydberg stage 1481/2548.
[INFO] Enola: Solve for Rydberg stage 1482/2548.
[INFO] Enola: Solve for Rydberg stage 1483/2548.
[INFO] Enola: Solve for Rydberg stage 1484/2548.
[INFO] Enola: Solve for Rydberg stage 1485/2548.
[INFO] Enola: Solve for Rydberg stage 1486/2548.
[INFO] Enola: Solve for Rydberg stage 1487/2548.
[INFO] Enola: Solve for Rydberg stage 1488/2548.
[INFO] Enola: Solve for Rydberg stage 1489/2548.
[INFO] Enola: Solve for Rydberg stage 1490/2548.
[INFO] Enola: Solve for Rydberg stage 1491/2548.
[INFO] Enola: Solve for Rydberg stage 1492/2548.
[INFO] Enola: Solve for Rydberg stage 1493/2548.
[INFO] Enola: Solve for Rydberg stage 1494/2548.
[INFO] Enola: Solve for Rydberg stage 1495/2548.
[INFO] Enola: Solve for Rydberg stage 1496/2548.
[INFO] Enola: Solve for Rydberg stage 1497/2548.
[INFO] Enola: Solve for Rydberg stage 1498/2548.
[INFO] Enola: Solve for Rydberg stage 1499/2548.
[INFO] Enola: Solve for Rydberg stage 1500/2548.
[INFO] Enola: Solve for Rydberg stage 1501/2548.
[INFO] Enola: Solve for Rydberg stage 1502/2548.
[INFO] Enola: Solve for Rydberg stage 1503/2548.
[INFO] Enola: Solve for Rydberg stage 1504/2548.
[INFO] Enola: Solve for Rydberg stage 1505/2548.
[INFO] Enola: Solve for Rydberg stage 1506/2548.
[INFO] Enola: Solve for Rydberg stage 1507/2548.
[INFO] Enola: Solve for Rydberg stage 1508/2548.
[INFO] Enola: Solve for Rydberg stage 1509/2548.
[INFO] Enola: Solve for Rydberg stage 1510/2548.
[INFO] Enola: Solve for Rydberg stage 1511/2548.
[INFO] Enola: Solve for Rydberg stage 1512/2548.
[INFO] Enola: Solve for Rydberg stage 1513/2548.
[INFO] Enola: Solve for Rydberg stage 1514/2548.
[INFO] Enola: Solve for Rydberg stage 1515/2548.
[INFO] Enola: Solve for Rydberg stage 1516/2548.
[INFO] Enola: Solve for Rydberg stage 1517/2548.
[INFO] Enola: Solve for Rydberg stage 1518/2548.
[INFO] Enola: Solve for Rydberg stage 1519/2548.
[INFO] Enola: Solve for Rydberg stage 1520/2548.
[INFO] Enola: Solve for Rydberg stage 1521/2548.
[INFO] Enola: Solve for Rydberg stage 1522/2548.
[INFO] Enola: Solve for Rydberg stage 1523/2548.
[INFO] Enola: Solve for Rydberg stage 1524/2548.
[INFO] Enola: Solve for Rydberg stage 1525/2548.
[INFO] Enola: Solve for Rydberg stage 1526/2548.
[INFO] Enola: Solve for Rydberg stage 1527/2548.
[INFO] Enola: Solve for Rydberg stage 1528/2548.
[INFO] Enola: Solve for Rydberg stage 1529/2548.
[INFO] Enola: Solve for Rydberg stage 1530/2548.
[INFO] Enola: Solve for Rydberg stage 1531/2548.
[INFO] Enola: Solve for Rydberg stage 1532/2548.
[INFO] Enola: Solve for Rydberg stage 1533/2548.
[INFO] Enola: Solve for Rydberg stage 1534/2548.
[INFO] Enola: Solve for Rydberg stage 1535/2548.
[INFO] Enola: Solve for Rydberg stage 1536/2548.
[INFO] Enola: Solve for Rydberg stage 1537/2548.
[INFO] Enola: Solve for Rydberg stage 1538/2548.
[INFO] Enola: Solve for Rydberg stage 1539/2548.
[INFO] Enola: Solve for Rydberg stage 1540/2548.
[INFO] Enola: Solve for Rydberg stage 1541/2548.
[INFO] Enola: Solve for Rydberg stage 1542/2548.
[INFO] Enola: Solve for Rydberg stage 1543/2548.
[INFO] Enola: Solve for Rydberg stage 1544/2548.
[INFO] Enola: Solve for Rydberg stage 1545/2548.
[INFO] Enola: Solve for Rydberg stage 1546/2548.
[INFO] Enola: Solve for Rydberg stage 1547/2548.
[INFO] Enola: Solve for Rydberg stage 1548/2548.
[INFO] Enola: Solve for Rydberg stage 1549/2548.
[INFO] Enola: Solve for Rydberg stage 1550/2548.
[INFO] Enola: Solve for Rydberg stage 1551/2548.
[INFO] Enola: Solve for Rydberg stage 1552/2548.
[INFO] Enola: Solve for Rydberg stage 1553/2548.
[INFO] Enola: Solve for Rydberg stage 1554/2548.
[INFO] Enola: Solve for Rydberg stage 1555/2548.
[INFO] Enola: Solve for Rydberg stage 1556/2548.
[INFO] Enola: Solve for Rydberg stage 1557/2548.
[INFO] Enola: Solve for Rydberg stage 1558/2548.
[INFO] Enola: Solve for Rydberg stage 1559/2548.
[INFO] Enola: Solve for Rydberg stage 1560/2548.
[INFO] Enola: Solve for Rydberg stage 1561/2548.
[INFO] Enola: Solve for Rydberg stage 1562/2548.
[INFO] Enola: Solve for Rydberg stage 1563/2548.
[INFO] Enola: Solve for Rydberg stage 1564/2548.
[INFO] Enola: Solve for Rydberg stage 1565/2548.
[INFO] Enola: Solve for Rydberg stage 1566/2548.
[INFO] Enola: Solve for Rydberg stage 1567/2548.
[INFO] Enola: Solve for Rydberg stage 1568/2548.
[INFO] Enola: Solve for Rydberg stage 1569/2548.
[INFO] Enola: Solve for Rydberg stage 1570/2548.
[INFO] Enola: Solve for Rydberg stage 1571/2548.
[INFO] Enola: Solve for Rydberg stage 1572/2548.
[INFO] Enola: Solve for Rydberg stage 1573/2548.
[INFO] Enola: Solve for Rydberg stage 1574/2548.
[INFO] Enola: Solve for Rydberg stage 1575/2548.
[INFO] Enola: Solve for Rydberg stage 1576/2548.
[INFO] Enola: Solve for Rydberg stage 1577/2548.
[INFO] Enola: Solve for Rydberg stage 1578/2548.
[INFO] Enola: Solve for Rydberg stage 1579/2548.
[INFO] Enola: Solve for Rydberg stage 1580/2548.
[INFO] Enola: Solve for Rydberg stage 1581/2548.
[INFO] Enola: Solve for Rydberg stage 1582/2548.
[INFO] Enola: Solve for Rydberg stage 1583/2548.
[INFO] Enola: Solve for Rydberg stage 1584/2548.
[INFO] Enola: Solve for Rydberg stage 1585/2548.
[INFO] Enola: Solve for Rydberg stage 1586/2548.
[INFO] Enola: Solve for Rydberg stage 1587/2548.
[INFO] Enola: Solve for Rydberg stage 1588/2548.
[INFO] Enola: Solve for Rydberg stage 1589/2548.
[INFO] Enola: Solve for Rydberg stage 1590/2548.
[INFO] Enola: Solve for Rydberg stage 1591/2548.
[INFO] Enola: Solve for Rydberg stage 1592/2548.
[INFO] Enola: Solve for Rydberg stage 1593/2548.
[INFO] Enola: Solve for Rydberg stage 1594/2548.
[INFO] Enola: Solve for Rydberg stage 1595/2548.
[INFO] Enola: Solve for Rydberg stage 1596/2548.
[INFO] Enola: Solve for Rydberg stage 1597/2548.
[INFO] Enola: Solve for Rydberg stage 1598/2548.
[INFO] Enola: Solve for Rydberg stage 1599/2548.
[INFO] Enola: Solve for Rydberg stage 1600/2548.
[INFO] Enola: Solve for Rydberg stage 1601/2548.
[INFO] Enola: Solve for Rydberg stage 1602/2548.
[INFO] Enola: Solve for Rydberg stage 1603/2548.
[INFO] Enola: Solve for Rydberg stage 1604/2548.
[INFO] Enola: Solve for Rydberg stage 1605/2548.
[INFO] Enola: Solve for Rydberg stage 1606/2548.
[INFO] Enola: Solve for Rydberg stage 1607/2548.
[INFO] Enola: Solve for Rydberg stage 1608/2548.
[INFO] Enola: Solve for Rydberg stage 1609/2548.
[INFO] Enola: Solve for Rydberg stage 1610/2548.
[INFO] Enola: Solve for Rydberg stage 1611/2548.
[INFO] Enola: Solve for Rydberg stage 1612/2548.
[INFO] Enola: Solve for Rydberg stage 1613/2548.
[INFO] Enola: Solve for Rydberg stage 1614/2548.
[INFO] Enola: Solve for Rydberg stage 1615/2548.
[INFO] Enola: Solve for Rydberg stage 1616/2548.
[INFO] Enola: Solve for Rydberg stage 1617/2548.
[INFO] Enola: Solve for Rydberg stage 1618/2548.
[INFO] Enola: Solve for Rydberg stage 1619/2548.
[INFO] Enola: Solve for Rydberg stage 1620/2548.
[INFO] Enola: Solve for Rydberg stage 1621/2548.
[INFO] Enola: Solve for Rydberg stage 1622/2548.
[INFO] Enola: Solve for Rydberg stage 1623/2548.
[INFO] Enola: Solve for Rydberg stage 1624/2548.
[INFO] Enola: Solve for Rydberg stage 1625/2548.
[INFO] Enola: Solve for Rydberg stage 1626/2548.
[INFO] Enola: Solve for Rydberg stage 1627/2548.
[INFO] Enola: Solve for Rydberg stage 1628/2548.
[INFO] Enola: Solve for Rydberg stage 1629/2548.
[INFO] Enola: Solve for Rydberg stage 1630/2548.
[INFO] Enola: Solve for Rydberg stage 1631/2548.
[INFO] Enola: Solve for Rydberg stage 1632/2548.
[INFO] Enola: Solve for Rydberg stage 1633/2548.
[INFO] Enola: Solve for Rydberg stage 1634/2548.
[INFO] Enola: Solve for Rydberg stage 1635/2548.
[INFO] Enola: Solve for Rydberg stage 1636/2548.
[INFO] Enola: Solve for Rydberg stage 1637/2548.
[INFO] Enola: Solve for Rydberg stage 1638/2548.
[INFO] Enola: Solve for Rydberg stage 1639/2548.
[INFO] Enola: Solve for Rydberg stage 1640/2548.
[INFO] Enola: Solve for Rydberg stage 1641/2548.
[INFO] Enola: Solve for Rydberg stage 1642/2548.
[INFO] Enola: Solve for Rydberg stage 1643/2548.
[INFO] Enola: Solve for Rydberg stage 1644/2548.
[INFO] Enola: Solve for Rydberg stage 1645/2548.
[INFO] Enola: Solve for Rydberg stage 1646/2548.
[INFO] Enola: Solve for Rydberg stage 1647/2548.
[INFO] Enola: Solve for Rydberg stage 1648/2548.
[INFO] Enola: Solve for Rydberg stage 1649/2548.
[INFO] Enola: Solve for Rydberg stage 1650/2548.
[INFO] Enola: Solve for Rydberg stage 1651/2548.
[INFO] Enola: Solve for Rydberg stage 1652/2548.
[INFO] Enola: Solve for Rydberg stage 1653/2548.
[INFO] Enola: Solve for Rydberg stage 1654/2548.
[INFO] Enola: Solve for Rydberg stage 1655/2548.
[INFO] Enola: Solve for Rydberg stage 1656/2548.
[INFO] Enola: Solve for Rydberg stage 1657/2548.
[INFO] Enola: Solve for Rydberg stage 1658/2548.
[INFO] Enola: Solve for Rydberg stage 1659/2548.
[INFO] Enola: Solve for Rydberg stage 1660/2548.
[INFO] Enola: Solve for Rydberg stage 1661/2548.
[INFO] Enola: Solve for Rydberg stage 1662/2548.
[INFO] Enola: Solve for Rydberg stage 1663/2548.
[INFO] Enola: Solve for Rydberg stage 1664/2548.
[INFO] Enola: Solve for Rydberg stage 1665/2548.
[INFO] Enola: Solve for Rydberg stage 1666/2548.
[INFO] Enola: Solve for Rydberg stage 1667/2548.
[INFO] Enola: Solve for Rydberg stage 1668/2548.
[INFO] Enola: Solve for Rydberg stage 1669/2548.
[INFO] Enola: Solve for Rydberg stage 1670/2548.
[INFO] Enola: Solve for Rydberg stage 1671/2548.
[INFO] Enola: Solve for Rydberg stage 1672/2548.
[INFO] Enola: Solve for Rydberg stage 1673/2548.
[INFO] Enola: Solve for Rydberg stage 1674/2548.
[INFO] Enola: Solve for Rydberg stage 1675/2548.
[INFO] Enola: Solve for Rydberg stage 1676/2548.
[INFO] Enola: Solve for Rydberg stage 1677/2548.
[INFO] Enola: Solve for Rydberg stage 1678/2548.
[INFO] Enola: Solve for Rydberg stage 1679/2548.
[INFO] Enola: Solve for Rydberg stage 1680/2548.
[INFO] Enola: Solve for Rydberg stage 1681/2548.
[INFO] Enola: Solve for Rydberg stage 1682/2548.
[INFO] Enola: Solve for Rydberg stage 1683/2548.
[INFO] Enola: Solve for Rydberg stage 1684/2548.
[INFO] Enola: Solve for Rydberg stage 1685/2548.
[INFO] Enola: Solve for Rydberg stage 1686/2548.
[INFO] Enola: Solve for Rydberg stage 1687/2548.
[INFO] Enola: Solve for Rydberg stage 1688/2548.
[INFO] Enola: Solve for Rydberg stage 1689/2548.
[INFO] Enola: Solve for Rydberg stage 1690/2548.
[INFO] Enola: Solve for Rydberg stage 1691/2548.
[INFO] Enola: Solve for Rydberg stage 1692/2548.
[INFO] Enola: Solve for Rydberg stage 1693/2548.
[INFO] Enola: Solve for Rydberg stage 1694/2548.
[INFO] Enola: Solve for Rydberg stage 1695/2548.
[INFO] Enola: Solve for Rydberg stage 1696/2548.
[INFO] Enola: Solve for Rydberg stage 1697/2548.
[INFO] Enola: Solve for Rydberg stage 1698/2548.
[INFO] Enola: Solve for Rydberg stage 1699/2548.
[INFO] Enola: Solve for Rydberg stage 1700/2548.
[INFO] Enola: Solve for Rydberg stage 1701/2548.
[INFO] Enola: Solve for Rydberg stage 1702/2548.
[INFO] Enola: Solve for Rydberg stage 1703/2548.
[INFO] Enola: Solve for Rydberg stage 1704/2548.
[INFO] Enola: Solve for Rydberg stage 1705/2548.
[INFO] Enola: Solve for Rydberg stage 1706/2548.
[INFO] Enola: Solve for Rydberg stage 1707/2548.
[INFO] Enola: Solve for Rydberg stage 1708/2548.
[INFO] Enola: Solve for Rydberg stage 1709/2548.
[INFO] Enola: Solve for Rydberg stage 1710/2548.
[INFO] Enola: Solve for Rydberg stage 1711/2548.
[INFO] Enola: Solve for Rydberg stage 1712/2548.
[INFO] Enola: Solve for Rydberg stage 1713/2548.
[INFO] Enola: Solve for Rydberg stage 1714/2548.
[INFO] Enola: Solve for Rydberg stage 1715/2548.
[INFO] Enola: Solve for Rydberg stage 1716/2548.
[INFO] Enola: Solve for Rydberg stage 1717/2548.
[INFO] Enola: Solve for Rydberg stage 1718/2548.
[INFO] Enola: Solve for Rydberg stage 1719/2548.
[INFO] Enola: Solve for Rydberg stage 1720/2548.
[INFO] Enola: Solve for Rydberg stage 1721/2548.
[INFO] Enola: Solve for Rydberg stage 1722/2548.
[INFO] Enola: Solve for Rydberg stage 1723/2548.
[INFO] Enola: Solve for Rydberg stage 1724/2548.
[INFO] Enola: Solve for Rydberg stage 1725/2548.
[INFO] Enola: Solve for Rydberg stage 1726/2548.
[INFO] Enola: Solve for Rydberg stage 1727/2548.
[INFO] Enola: Solve for Rydberg stage 1728/2548.
[INFO] Enola: Solve for Rydberg stage 1729/2548.
[INFO] Enola: Solve for Rydberg stage 1730/2548.
[INFO] Enola: Solve for Rydberg stage 1731/2548.
[INFO] Enola: Solve for Rydberg stage 1732/2548.
[INFO] Enola: Solve for Rydberg stage 1733/2548.
[INFO] Enola: Solve for Rydberg stage 1734/2548.
[INFO] Enola: Solve for Rydberg stage 1735/2548.
[INFO] Enola: Solve for Rydberg stage 1736/2548.
[INFO] Enola: Solve for Rydberg stage 1737/2548.
[INFO] Enola: Solve for Rydberg stage 1738/2548.
[INFO] Enola: Solve for Rydberg stage 1739/2548.
[INFO] Enola: Solve for Rydberg stage 1740/2548.
[INFO] Enola: Solve for Rydberg stage 1741/2548.
[INFO] Enola: Solve for Rydberg stage 1742/2548.
[INFO] Enola: Solve for Rydberg stage 1743/2548.
[INFO] Enola: Solve for Rydberg stage 1744/2548.
[INFO] Enola: Solve for Rydberg stage 1745/2548.
[INFO] Enola: Solve for Rydberg stage 1746/2548.
[INFO] Enola: Solve for Rydberg stage 1747/2548.
[INFO] Enola: Solve for Rydberg stage 1748/2548.
[INFO] Enola: Solve for Rydberg stage 1749/2548.
[INFO] Enola: Solve for Rydberg stage 1750/2548.
[INFO] Enola: Solve for Rydberg stage 1751/2548.
[INFO] Enola: Solve for Rydberg stage 1752/2548.
[INFO] Enola: Solve for Rydberg stage 1753/2548.
[INFO] Enola: Solve for Rydberg stage 1754/2548.
[INFO] Enola: Solve for Rydberg stage 1755/2548.
[INFO] Enola: Solve for Rydberg stage 1756/2548.
[INFO] Enola: Solve for Rydberg stage 1757/2548.
[INFO] Enola: Solve for Rydberg stage 1758/2548.
[INFO] Enola: Solve for Rydberg stage 1759/2548.
[INFO] Enola: Solve for Rydberg stage 1760/2548.
[INFO] Enola: Solve for Rydberg stage 1761/2548.
[INFO] Enola: Solve for Rydberg stage 1762/2548.
[INFO] Enola: Solve for Rydberg stage 1763/2548.
[INFO] Enola: Solve for Rydberg stage 1764/2548.
[INFO] Enola: Solve for Rydberg stage 1765/2548.
[INFO] Enola: Solve for Rydberg stage 1766/2548.
[INFO] Enola: Solve for Rydberg stage 1767/2548.
[INFO] Enola: Solve for Rydberg stage 1768/2548.
[INFO] Enola: Solve for Rydberg stage 1769/2548.
[INFO] Enola: Solve for Rydberg stage 1770/2548.
[INFO] Enola: Solve for Rydberg stage 1771/2548.
[INFO] Enola: Solve for Rydberg stage 1772/2548.
[INFO] Enola: Solve for Rydberg stage 1773/2548.
[INFO] Enola: Solve for Rydberg stage 1774/2548.
[INFO] Enola: Solve for Rydberg stage 1775/2548.
[INFO] Enola: Solve for Rydberg stage 1776/2548.
[INFO] Enola: Solve for Rydberg stage 1777/2548.
[INFO] Enola: Solve for Rydberg stage 1778/2548.
[INFO] Enola: Solve for Rydberg stage 1779/2548.
[INFO] Enola: Solve for Rydberg stage 1780/2548.
[INFO] Enola: Solve for Rydberg stage 1781/2548.
[INFO] Enola: Solve for Rydberg stage 1782/2548.
[INFO] Enola: Solve for Rydberg stage 1783/2548.
[INFO] Enola: Solve for Rydberg stage 1784/2548.
[INFO] Enola: Solve for Rydberg stage 1785/2548.
[INFO] Enola: Solve for Rydberg stage 1786/2548.
[INFO] Enola: Solve for Rydberg stage 1787/2548.
[INFO] Enola: Solve for Rydberg stage 1788/2548.
[INFO] Enola: Solve for Rydberg stage 1789/2548.
[INFO] Enola: Solve for Rydberg stage 1790/2548.
[INFO] Enola: Solve for Rydberg stage 1791/2548.
[INFO] Enola: Solve for Rydberg stage 1792/2548.
[INFO] Enola: Solve for Rydberg stage 1793/2548.
[INFO] Enola: Solve for Rydberg stage 1794/2548.
[INFO] Enola: Solve for Rydberg stage 1795/2548.
[INFO] Enola: Solve for Rydberg stage 1796/2548.
[INFO] Enola: Solve for Rydberg stage 1797/2548.
[INFO] Enola: Solve for Rydberg stage 1798/2548.
[INFO] Enola: Solve for Rydberg stage 1799/2548.
[INFO] Enola: Solve for Rydberg stage 1800/2548.
[INFO] Enola: Solve for Rydberg stage 1801/2548.
[INFO] Enola: Solve for Rydberg stage 1802/2548.
[INFO] Enola: Solve for Rydberg stage 1803/2548.
[INFO] Enola: Solve for Rydberg stage 1804/2548.
[INFO] Enola: Solve for Rydberg stage 1805/2548.
[INFO] Enola: Solve for Rydberg stage 1806/2548.
[INFO] Enola: Solve for Rydberg stage 1807/2548.
[INFO] Enola: Solve for Rydberg stage 1808/2548.
[INFO] Enola: Solve for Rydberg stage 1809/2548.
[INFO] Enola: Solve for Rydberg stage 1810/2548.
[INFO] Enola: Solve for Rydberg stage 1811/2548.
[INFO] Enola: Solve for Rydberg stage 1812/2548.
[INFO] Enola: Solve for Rydberg stage 1813/2548.
[INFO] Enola: Solve for Rydberg stage 1814/2548.
[INFO] Enola: Solve for Rydberg stage 1815/2548.
[INFO] Enola: Solve for Rydberg stage 1816/2548.
[INFO] Enola: Solve for Rydberg stage 1817/2548.
[INFO] Enola: Solve for Rydberg stage 1818/2548.
[INFO] Enola: Solve for Rydberg stage 1819/2548.
[INFO] Enola: Solve for Rydberg stage 1820/2548.
[INFO] Enola: Solve for Rydberg stage 1821/2548.
[INFO] Enola: Solve for Rydberg stage 1822/2548.
[INFO] Enola: Solve for Rydberg stage 1823/2548.
[INFO] Enola: Solve for Rydberg stage 1824/2548.
[INFO] Enola: Solve for Rydberg stage 1825/2548.
[INFO] Enola: Solve for Rydberg stage 1826/2548.
[INFO] Enola: Solve for Rydberg stage 1827/2548.
[INFO] Enola: Solve for Rydberg stage 1828/2548.
[INFO] Enola: Solve for Rydberg stage 1829/2548.
[INFO] Enola: Solve for Rydberg stage 1830/2548.
[INFO] Enola: Solve for Rydberg stage 1831/2548.
[INFO] Enola: Solve for Rydberg stage 1832/2548.
[INFO] Enola: Solve for Rydberg stage 1833/2548.
[INFO] Enola: Solve for Rydberg stage 1834/2548.
[INFO] Enola: Solve for Rydberg stage 1835/2548.
[INFO] Enola: Solve for Rydberg stage 1836/2548.
[INFO] Enola: Solve for Rydberg stage 1837/2548.
[INFO] Enola: Solve for Rydberg stage 1838/2548.
[INFO] Enola: Solve for Rydberg stage 1839/2548.
[INFO] Enola: Solve for Rydberg stage 1840/2548.
[INFO] Enola: Solve for Rydberg stage 1841/2548.
[INFO] Enola: Solve for Rydberg stage 1842/2548.
[INFO] Enola: Solve for Rydberg stage 1843/2548.
[INFO] Enola: Solve for Rydberg stage 1844/2548.
[INFO] Enola: Solve for Rydberg stage 1845/2548.
[INFO] Enola: Solve for Rydberg stage 1846/2548.
[INFO] Enola: Solve for Rydberg stage 1847/2548.
[INFO] Enola: Solve for Rydberg stage 1848/2548.
[INFO] Enola: Solve for Rydberg stage 1849/2548.
[INFO] Enola: Solve for Rydberg stage 1850/2548.
[INFO] Enola: Solve for Rydberg stage 1851/2548.
[INFO] Enola: Solve for Rydberg stage 1852/2548.
[INFO] Enola: Solve for Rydberg stage 1853/2548.
[INFO] Enola: Solve for Rydberg stage 1854/2548.
[INFO] Enola: Solve for Rydberg stage 1855/2548.
[INFO] Enola: Solve for Rydberg stage 1856/2548.
[INFO] Enola: Solve for Rydberg stage 1857/2548.
[INFO] Enola: Solve for Rydberg stage 1858/2548.
[INFO] Enola: Solve for Rydberg stage 1859/2548.
[INFO] Enola: Solve for Rydberg stage 1860/2548.
[INFO] Enola: Solve for Rydberg stage 1861/2548.
[INFO] Enola: Solve for Rydberg stage 1862/2548.
[INFO] Enola: Solve for Rydberg stage 1863/2548.
[INFO] Enola: Solve for Rydberg stage 1864/2548.
[INFO] Enola: Solve for Rydberg stage 1865/2548.
[INFO] Enola: Solve for Rydberg stage 1866/2548.
[INFO] Enola: Solve for Rydberg stage 1867/2548.
[INFO] Enola: Solve for Rydberg stage 1868/2548.
[INFO] Enola: Solve for Rydberg stage 1869/2548.
[INFO] Enola: Solve for Rydberg stage 1870/2548.
[INFO] Enola: Solve for Rydberg stage 1871/2548.
[INFO] Enola: Solve for Rydberg stage 1872/2548.
[INFO] Enola: Solve for Rydberg stage 1873/2548.
[INFO] Enola: Solve for Rydberg stage 1874/2548.
[INFO] Enola: Solve for Rydberg stage 1875/2548.
[INFO] Enola: Solve for Rydberg stage 1876/2548.
[INFO] Enola: Solve for Rydberg stage 1877/2548.
[INFO] Enola: Solve for Rydberg stage 1878/2548.
[INFO] Enola: Solve for Rydberg stage 1879/2548.
[INFO] Enola: Solve for Rydberg stage 1880/2548.
[INFO] Enola: Solve for Rydberg stage 1881/2548.
[INFO] Enola: Solve for Rydberg stage 1882/2548.
[INFO] Enola: Solve for Rydberg stage 1883/2548.
[INFO] Enola: Solve for Rydberg stage 1884/2548.
[INFO] Enola: Solve for Rydberg stage 1885/2548.
[INFO] Enola: Solve for Rydberg stage 1886/2548.
[INFO] Enola: Solve for Rydberg stage 1887/2548.
[INFO] Enola: Solve for Rydberg stage 1888/2548.
[INFO] Enola: Solve for Rydberg stage 1889/2548.
[INFO] Enola: Solve for Rydberg stage 1890/2548.
[INFO] Enola: Solve for Rydberg stage 1891/2548.
[INFO] Enola: Solve for Rydberg stage 1892/2548.
[INFO] Enola: Solve for Rydberg stage 1893/2548.
[INFO] Enola: Solve for Rydberg stage 1894/2548.
[INFO] Enola: Solve for Rydberg stage 1895/2548.
[INFO] Enola: Solve for Rydberg stage 1896/2548.
[INFO] Enola: Solve for Rydberg stage 1897/2548.
[INFO] Enola: Solve for Rydberg stage 1898/2548.
[INFO] Enola: Solve for Rydberg stage 1899/2548.
[INFO] Enola: Solve for Rydberg stage 1900/2548.
[INFO] Enola: Solve for Rydberg stage 1901/2548.
[INFO] Enola: Solve for Rydberg stage 1902/2548.
[INFO] Enola: Solve for Rydberg stage 1903/2548.
[INFO] Enola: Solve for Rydberg stage 1904/2548.
[INFO] Enola: Solve for Rydberg stage 1905/2548.
[INFO] Enola: Solve for Rydberg stage 1906/2548.
[INFO] Enola: Solve for Rydberg stage 1907/2548.
[INFO] Enola: Solve for Rydberg stage 1908/2548.
[INFO] Enola: Solve for Rydberg stage 1909/2548.
[INFO] Enola: Solve for Rydberg stage 1910/2548.
[INFO] Enola: Solve for Rydberg stage 1911/2548.
[INFO] Enola: Solve for Rydberg stage 1912/2548.
[INFO] Enola: Solve for Rydberg stage 1913/2548.
[INFO] Enola: Solve for Rydberg stage 1914/2548.
[INFO] Enola: Solve for Rydberg stage 1915/2548.
[INFO] Enola: Solve for Rydberg stage 1916/2548.
[INFO] Enola: Solve for Rydberg stage 1917/2548.
[INFO] Enola: Solve for Rydberg stage 1918/2548.
[INFO] Enola: Solve for Rydberg stage 1919/2548.
[INFO] Enola: Solve for Rydberg stage 1920/2548.
[INFO] Enola: Solve for Rydberg stage 1921/2548.
[INFO] Enola: Solve for Rydberg stage 1922/2548.
[INFO] Enola: Solve for Rydberg stage 1923/2548.
[INFO] Enola: Solve for Rydberg stage 1924/2548.
[INFO] Enola: Solve for Rydberg stage 1925/2548.
[INFO] Enola: Solve for Rydberg stage 1926/2548.
[INFO] Enola: Solve for Rydberg stage 1927/2548.
[INFO] Enola: Solve for Rydberg stage 1928/2548.
[INFO] Enola: Solve for Rydberg stage 1929/2548.
[INFO] Enola: Solve for Rydberg stage 1930/2548.
[INFO] Enola: Solve for Rydberg stage 1931/2548.
[INFO] Enola: Solve for Rydberg stage 1932/2548.
[INFO] Enola: Solve for Rydberg stage 1933/2548.
[INFO] Enola: Solve for Rydberg stage 1934/2548.
[INFO] Enola: Solve for Rydberg stage 1935/2548.
[INFO] Enola: Solve for Rydberg stage 1936/2548.
[INFO] Enola: Solve for Rydberg stage 1937/2548.
[INFO] Enola: Solve for Rydberg stage 1938/2548.
[INFO] Enola: Solve for Rydberg stage 1939/2548.
[INFO] Enola: Solve for Rydberg stage 1940/2548.
[INFO] Enola: Solve for Rydberg stage 1941/2548.
[INFO] Enola: Solve for Rydberg stage 1942/2548.
[INFO] Enola: Solve for Rydberg stage 1943/2548.
[INFO] Enola: Solve for Rydberg stage 1944/2548.
[INFO] Enola: Solve for Rydberg stage 1945/2548.
[INFO] Enola: Solve for Rydberg stage 1946/2548.
[INFO] Enola: Solve for Rydberg stage 1947/2548.
[INFO] Enola: Solve for Rydberg stage 1948/2548.
[INFO] Enola: Solve for Rydberg stage 1949/2548.
[INFO] Enola: Solve for Rydberg stage 1950/2548.
[INFO] Enola: Solve for Rydberg stage 1951/2548.
[INFO] Enola: Solve for Rydberg stage 1952/2548.
[INFO] Enola: Solve for Rydberg stage 1953/2548.
[INFO] Enola: Solve for Rydberg stage 1954/2548.
[INFO] Enola: Solve for Rydberg stage 1955/2548.
[INFO] Enola: Solve for Rydberg stage 1956/2548.
[INFO] Enola: Solve for Rydberg stage 1957/2548.
[INFO] Enola: Solve for Rydberg stage 1958/2548.
[INFO] Enola: Solve for Rydberg stage 1959/2548.
[INFO] Enola: Solve for Rydberg stage 1960/2548.
[INFO] Enola: Solve for Rydberg stage 1961/2548.
[INFO] Enola: Solve for Rydberg stage 1962/2548.
[INFO] Enola: Solve for Rydberg stage 1963/2548.
[INFO] Enola: Solve for Rydberg stage 1964/2548.
[INFO] Enola: Solve for Rydberg stage 1965/2548.
[INFO] Enola: Solve for Rydberg stage 1966/2548.
[INFO] Enola: Solve for Rydberg stage 1967/2548.
[INFO] Enola: Solve for Rydberg stage 1968/2548.
[INFO] Enola: Solve for Rydberg stage 1969/2548.
[INFO] Enola: Solve for Rydberg stage 1970/2548.
[INFO] Enola: Solve for Rydberg stage 1971/2548.
[INFO] Enola: Solve for Rydberg stage 1972/2548.
[INFO] Enola: Solve for Rydberg stage 1973/2548.
[INFO] Enola: Solve for Rydberg stage 1974/2548.
[INFO] Enola: Solve for Rydberg stage 1975/2548.
[INFO] Enola: Solve for Rydberg stage 1976/2548.
[INFO] Enola: Solve for Rydberg stage 1977/2548.
[INFO] Enola: Solve for Rydberg stage 1978/2548.
[INFO] Enola: Solve for Rydberg stage 1979/2548.
[INFO] Enola: Solve for Rydberg stage 1980/2548.
[INFO] Enola: Solve for Rydberg stage 1981/2548.
[INFO] Enola: Solve for Rydberg stage 1982/2548.
[INFO] Enola: Solve for Rydberg stage 1983/2548.
[INFO] Enola: Solve for Rydberg stage 1984/2548.
[INFO] Enola: Solve for Rydberg stage 1985/2548.
[INFO] Enola: Solve for Rydberg stage 1986/2548.
[INFO] Enola: Solve for Rydberg stage 1987/2548.
[INFO] Enola: Solve for Rydberg stage 1988/2548.
[INFO] Enola: Solve for Rydberg stage 1989/2548.
[INFO] Enola: Solve for Rydberg stage 1990/2548.
[INFO] Enola: Solve for Rydberg stage 1991/2548.
[INFO] Enola: Solve for Rydberg stage 1992/2548.
[INFO] Enola: Solve for Rydberg stage 1993/2548.
[INFO] Enola: Solve for Rydberg stage 1994/2548.
[INFO] Enola: Solve for Rydberg stage 1995/2548.
[INFO] Enola: Solve for Rydberg stage 1996/2548.
[INFO] Enola: Solve for Rydberg stage 1997/2548.
[INFO] Enola: Solve for Rydberg stage 1998/2548.
[INFO] Enola: Solve for Rydberg stage 1999/2548.
[INFO] Enola: Solve for Rydberg stage 2000/2548.
[INFO] Enola: Solve for Rydberg stage 2001/2548.
[INFO] Enola: Solve for Rydberg stage 2002/2548.
[INFO] Enola: Solve for Rydberg stage 2003/2548.
[INFO] Enola: Solve for Rydberg stage 2004/2548.
[INFO] Enola: Solve for Rydberg stage 2005/2548.
[INFO] Enola: Solve for Rydberg stage 2006/2548.
[INFO] Enola: Solve for Rydberg stage 2007/2548.
[INFO] Enola: Solve for Rydberg stage 2008/2548.
[INFO] Enola: Solve for Rydberg stage 2009/2548.
[INFO] Enola: Solve for Rydberg stage 2010/2548.
[INFO] Enola: Solve for Rydberg stage 2011/2548.
[INFO] Enola: Solve for Rydberg stage 2012/2548.
[INFO] Enola: Solve for Rydberg stage 2013/2548.
[INFO] Enola: Solve for Rydberg stage 2014/2548.
[INFO] Enola: Solve for Rydberg stage 2015/2548.
[INFO] Enola: Solve for Rydberg stage 2016/2548.
[INFO] Enola: Solve for Rydberg stage 2017/2548.
[INFO] Enola: Solve for Rydberg stage 2018/2548.
[INFO] Enola: Solve for Rydberg stage 2019/2548.
[INFO] Enola: Solve for Rydberg stage 2020/2548.
[INFO] Enola: Solve for Rydberg stage 2021/2548.
[INFO] Enola: Solve for Rydberg stage 2022/2548.
[INFO] Enola: Solve for Rydberg stage 2023/2548.
[INFO] Enola: Solve for Rydberg stage 2024/2548.
[INFO] Enola: Solve for Rydberg stage 2025/2548.
[INFO] Enola: Solve for Rydberg stage 2026/2548.
[INFO] Enola: Solve for Rydberg stage 2027/2548.
[INFO] Enola: Solve for Rydberg stage 2028/2548.
[INFO] Enola: Solve for Rydberg stage 2029/2548.
[INFO] Enola: Solve for Rydberg stage 2030/2548.
[INFO] Enola: Solve for Rydberg stage 2031/2548.
[INFO] Enola: Solve for Rydberg stage 2032/2548.
[INFO] Enola: Solve for Rydberg stage 2033/2548.
[INFO] Enola: Solve for Rydberg stage 2034/2548.
[INFO] Enola: Solve for Rydberg stage 2035/2548.
[INFO] Enola: Solve for Rydberg stage 2036/2548.
[INFO] Enola: Solve for Rydberg stage 2037/2548.
[INFO] Enola: Solve for Rydberg stage 2038/2548.
[INFO] Enola: Solve for Rydberg stage 2039/2548.
[INFO] Enola: Solve for Rydberg stage 2040/2548.
[INFO] Enola: Solve for Rydberg stage 2041/2548.
[INFO] Enola: Solve for Rydberg stage 2042/2548.
[INFO] Enola: Solve for Rydberg stage 2043/2548.
[INFO] Enola: Solve for Rydberg stage 2044/2548.
[INFO] Enola: Solve for Rydberg stage 2045/2548.
[INFO] Enola: Solve for Rydberg stage 2046/2548.
[INFO] Enola: Solve for Rydberg stage 2047/2548.
[INFO] Enola: Solve for Rydberg stage 2048/2548.
[INFO] Enola: Solve for Rydberg stage 2049/2548.
[INFO] Enola: Solve for Rydberg stage 2050/2548.
[INFO] Enola: Solve for Rydberg stage 2051/2548.
[INFO] Enola: Solve for Rydberg stage 2052/2548.
[INFO] Enola: Solve for Rydberg stage 2053/2548.
[INFO] Enola: Solve for Rydberg stage 2054/2548.
[INFO] Enola: Solve for Rydberg stage 2055/2548.
[INFO] Enola: Solve for Rydberg stage 2056/2548.
[INFO] Enola: Solve for Rydberg stage 2057/2548.
[INFO] Enola: Solve for Rydberg stage 2058/2548.
[INFO] Enola: Solve for Rydberg stage 2059/2548.
[INFO] Enola: Solve for Rydberg stage 2060/2548.
[INFO] Enola: Solve for Rydberg stage 2061/2548.
[INFO] Enola: Solve for Rydberg stage 2062/2548.
[INFO] Enola: Solve for Rydberg stage 2063/2548.
[INFO] Enola: Solve for Rydberg stage 2064/2548.
[INFO] Enola: Solve for Rydberg stage 2065/2548.
[INFO] Enola: Solve for Rydberg stage 2066/2548.
[INFO] Enola: Solve for Rydberg stage 2067/2548.
[INFO] Enola: Solve for Rydberg stage 2068/2548.
[INFO] Enola: Solve for Rydberg stage 2069/2548.
[INFO] Enola: Solve for Rydberg stage 2070/2548.
[INFO] Enola: Solve for Rydberg stage 2071/2548.
[INFO] Enola: Solve for Rydberg stage 2072/2548.
[INFO] Enola: Solve for Rydberg stage 2073/2548.
[INFO] Enola: Solve for Rydberg stage 2074/2548.
[INFO] Enola: Solve for Rydberg stage 2075/2548.
[INFO] Enola: Solve for Rydberg stage 2076/2548.
[INFO] Enola: Solve for Rydberg stage 2077/2548.
[INFO] Enola: Solve for Rydberg stage 2078/2548.
[INFO] Enola: Solve for Rydberg stage 2079/2548.
[INFO] Enola: Solve for Rydberg stage 2080/2548.
[INFO] Enola: Solve for Rydberg stage 2081/2548.
[INFO] Enola: Solve for Rydberg stage 2082/2548.
[INFO] Enola: Solve for Rydberg stage 2083/2548.
[INFO] Enola: Solve for Rydberg stage 2084/2548.
[INFO] Enola: Solve for Rydberg stage 2085/2548.
[INFO] Enola: Solve for Rydberg stage 2086/2548.
[INFO] Enola: Solve for Rydberg stage 2087/2548.
[INFO] Enola: Solve for Rydberg stage 2088/2548.
[INFO] Enola: Solve for Rydberg stage 2089/2548.
[INFO] Enola: Solve for Rydberg stage 2090/2548.
[INFO] Enola: Solve for Rydberg stage 2091/2548.
[INFO] Enola: Solve for Rydberg stage 2092/2548.
[INFO] Enola: Solve for Rydberg stage 2093/2548.
[INFO] Enola: Solve for Rydberg stage 2094/2548.
[INFO] Enola: Solve for Rydberg stage 2095/2548.
[INFO] Enola: Solve for Rydberg stage 2096/2548.
[INFO] Enola: Solve for Rydberg stage 2097/2548.
[INFO] Enola: Solve for Rydberg stage 2098/2548.
[INFO] Enola: Solve for Rydberg stage 2099/2548.
[INFO] Enola: Solve for Rydberg stage 2100/2548.
[INFO] Enola: Solve for Rydberg stage 2101/2548.
[INFO] Enola: Solve for Rydberg stage 2102/2548.
[INFO] Enola: Solve for Rydberg stage 2103/2548.
[INFO] Enola: Solve for Rydberg stage 2104/2548.
[INFO] Enola: Solve for Rydberg stage 2105/2548.
[INFO] Enola: Solve for Rydberg stage 2106/2548.
[INFO] Enola: Solve for Rydberg stage 2107/2548.
[INFO] Enola: Solve for Rydberg stage 2108/2548.
[INFO] Enola: Solve for Rydberg stage 2109/2548.
[INFO] Enola: Solve for Rydberg stage 2110/2548.
[INFO] Enola: Solve for Rydberg stage 2111/2548.
[INFO] Enola: Solve for Rydberg stage 2112/2548.
[INFO] Enola: Solve for Rydberg stage 2113/2548.
[INFO] Enola: Solve for Rydberg stage 2114/2548.
[INFO] Enola: Solve for Rydberg stage 2115/2548.
[INFO] Enola: Solve for Rydberg stage 2116/2548.
[INFO] Enola: Solve for Rydberg stage 2117/2548.
[INFO] Enola: Solve for Rydberg stage 2118/2548.
[INFO] Enola: Solve for Rydberg stage 2119/2548.
[INFO] Enola: Solve for Rydberg stage 2120/2548.
[INFO] Enola: Solve for Rydberg stage 2121/2548.
[INFO] Enola: Solve for Rydberg stage 2122/2548.
[INFO] Enola: Solve for Rydberg stage 2123/2548.
[INFO] Enola: Solve for Rydberg stage 2124/2548.
[INFO] Enola: Solve for Rydberg stage 2125/2548.
[INFO] Enola: Solve for Rydberg stage 2126/2548.
[INFO] Enola: Solve for Rydberg stage 2127/2548.
[INFO] Enola: Solve for Rydberg stage 2128/2548.
[INFO] Enola: Solve for Rydberg stage 2129/2548.
[INFO] Enola: Solve for Rydberg stage 2130/2548.
[INFO] Enola: Solve for Rydberg stage 2131/2548.
[INFO] Enola: Solve for Rydberg stage 2132/2548.
[INFO] Enola: Solve for Rydberg stage 2133/2548.
[INFO] Enola: Solve for Rydberg stage 2134/2548.
[INFO] Enola: Solve for Rydberg stage 2135/2548.
[INFO] Enola: Solve for Rydberg stage 2136/2548.
[INFO] Enola: Solve for Rydberg stage 2137/2548.
[INFO] Enola: Solve for Rydberg stage 2138/2548.
[INFO] Enola: Solve for Rydberg stage 2139/2548.
[INFO] Enola: Solve for Rydberg stage 2140/2548.
[INFO] Enola: Solve for Rydberg stage 2141/2548.
[INFO] Enola: Solve for Rydberg stage 2142/2548.
[INFO] Enola: Solve for Rydberg stage 2143/2548.
[INFO] Enola: Solve for Rydberg stage 2144/2548.
[INFO] Enola: Solve for Rydberg stage 2145/2548.
[INFO] Enola: Solve for Rydberg stage 2146/2548.
[INFO] Enola: Solve for Rydberg stage 2147/2548.
[INFO] Enola: Solve for Rydberg stage 2148/2548.
[INFO] Enola: Solve for Rydberg stage 2149/2548.
[INFO] Enola: Solve for Rydberg stage 2150/2548.
[INFO] Enola: Solve for Rydberg stage 2151/2548.
[INFO] Enola: Solve for Rydberg stage 2152/2548.
[INFO] Enola: Solve for Rydberg stage 2153/2548.
[INFO] Enola: Solve for Rydberg stage 2154/2548.
[INFO] Enola: Solve for Rydberg stage 2155/2548.
[INFO] Enola: Solve for Rydberg stage 2156/2548.
[INFO] Enola: Solve for Rydberg stage 2157/2548.
[INFO] Enola: Solve for Rydberg stage 2158/2548.
[INFO] Enola: Solve for Rydberg stage 2159/2548.
[INFO] Enola: Solve for Rydberg stage 2160/2548.
[INFO] Enola: Solve for Rydberg stage 2161/2548.
[INFO] Enola: Solve for Rydberg stage 2162/2548.
[INFO] Enola: Solve for Rydberg stage 2163/2548.
[INFO] Enola: Solve for Rydberg stage 2164/2548.
[INFO] Enola: Solve for Rydberg stage 2165/2548.
[INFO] Enola: Solve for Rydberg stage 2166/2548.
[INFO] Enola: Solve for Rydberg stage 2167/2548.
[INFO] Enola: Solve for Rydberg stage 2168/2548.
[INFO] Enola: Solve for Rydberg stage 2169/2548.
[INFO] Enola: Solve for Rydberg stage 2170/2548.
[INFO] Enola: Solve for Rydberg stage 2171/2548.
[INFO] Enola: Solve for Rydberg stage 2172/2548.
[INFO] Enola: Solve for Rydberg stage 2173/2548.
[INFO] Enola: Solve for Rydberg stage 2174/2548.
[INFO] Enola: Solve for Rydberg stage 2175/2548.
[INFO] Enola: Solve for Rydberg stage 2176/2548.
[INFO] Enola: Solve for Rydberg stage 2177/2548.
[INFO] Enola: Solve for Rydberg stage 2178/2548.
[INFO] Enola: Solve for Rydberg stage 2179/2548.
[INFO] Enola: Solve for Rydberg stage 2180/2548.
[INFO] Enola: Solve for Rydberg stage 2181/2548.
[INFO] Enola: Solve for Rydberg stage 2182/2548.
[INFO] Enola: Solve for Rydberg stage 2183/2548.
[INFO] Enola: Solve for Rydberg stage 2184/2548.
[INFO] Enola: Solve for Rydberg stage 2185/2548.
[INFO] Enola: Solve for Rydberg stage 2186/2548.
[INFO] Enola: Solve for Rydberg stage 2187/2548.
[INFO] Enola: Solve for Rydberg stage 2188/2548.
[INFO] Enola: Solve for Rydberg stage 2189/2548.
[INFO] Enola: Solve for Rydberg stage 2190/2548.
[INFO] Enola: Solve for Rydberg stage 2191/2548.
[INFO] Enola: Solve for Rydberg stage 2192/2548.
[INFO] Enola: Solve for Rydberg stage 2193/2548.
[INFO] Enola: Solve for Rydberg stage 2194/2548.
[INFO] Enola: Solve for Rydberg stage 2195/2548.
[INFO] Enola: Solve for Rydberg stage 2196/2548.
[INFO] Enola: Solve for Rydberg stage 2197/2548.
[INFO] Enola: Solve for Rydberg stage 2198/2548.
[INFO] Enola: Solve for Rydberg stage 2199/2548.
[INFO] Enola: Solve for Rydberg stage 2200/2548.
[INFO] Enola: Solve for Rydberg stage 2201/2548.
[INFO] Enola: Solve for Rydberg stage 2202/2548.
[INFO] Enola: Solve for Rydberg stage 2203/2548.
[INFO] Enola: Solve for Rydberg stage 2204/2548.
[INFO] Enola: Solve for Rydberg stage 2205/2548.
[INFO] Enola: Solve for Rydberg stage 2206/2548.
[INFO] Enola: Solve for Rydberg stage 2207/2548.
[INFO] Enola: Solve for Rydberg stage 2208/2548.
[INFO] Enola: Solve for Rydberg stage 2209/2548.
[INFO] Enola: Solve for Rydberg stage 2210/2548.
[INFO] Enola: Solve for Rydberg stage 2211/2548.
[INFO] Enola: Solve for Rydberg stage 2212/2548.
[INFO] Enola: Solve for Rydberg stage 2213/2548.
[INFO] Enola: Solve for Rydberg stage 2214/2548.
[INFO] Enola: Solve for Rydberg stage 2215/2548.
[INFO] Enola: Solve for Rydberg stage 2216/2548.
[INFO] Enola: Solve for Rydberg stage 2217/2548.
[INFO] Enola: Solve for Rydberg stage 2218/2548.
[INFO] Enola: Solve for Rydberg stage 2219/2548.
[INFO] Enola: Solve for Rydberg stage 2220/2548.
[INFO] Enola: Solve for Rydberg stage 2221/2548.
[INFO] Enola: Solve for Rydberg stage 2222/2548.
[INFO] Enola: Solve for Rydberg stage 2223/2548.
[INFO] Enola: Solve for Rydberg stage 2224/2548.
[INFO] Enola: Solve for Rydberg stage 2225/2548.
[INFO] Enola: Solve for Rydberg stage 2226/2548.
[INFO] Enola: Solve for Rydberg stage 2227/2548.
[INFO] Enola: Solve for Rydberg stage 2228/2548.
[INFO] Enola: Solve for Rydberg stage 2229/2548.
[INFO] Enola: Solve for Rydberg stage 2230/2548.
[INFO] Enola: Solve for Rydberg stage 2231/2548.
[INFO] Enola: Solve for Rydberg stage 2232/2548.
[INFO] Enola: Solve for Rydberg stage 2233/2548.
[INFO] Enola: Solve for Rydberg stage 2234/2548.
[INFO] Enola: Solve for Rydberg stage 2235/2548.
[INFO] Enola: Solve for Rydberg stage 2236/2548.
[INFO] Enola: Solve for Rydberg stage 2237/2548.
[INFO] Enola: Solve for Rydberg stage 2238/2548.
[INFO] Enola: Solve for Rydberg stage 2239/2548.
[INFO] Enola: Solve for Rydberg stage 2240/2548.
[INFO] Enola: Solve for Rydberg stage 2241/2548.
[INFO] Enola: Solve for Rydberg stage 2242/2548.
[INFO] Enola: Solve for Rydberg stage 2243/2548.
[INFO] Enola: Solve for Rydberg stage 2244/2548.
[INFO] Enola: Solve for Rydberg stage 2245/2548.
[INFO] Enola: Solve for Rydberg stage 2246/2548.
[INFO] Enola: Solve for Rydberg stage 2247/2548.
[INFO] Enola: Solve for Rydberg stage 2248/2548.
[INFO] Enola: Solve for Rydberg stage 2249/2548.
[INFO] Enola: Solve for Rydberg stage 2250/2548.
[INFO] Enola: Solve for Rydberg stage 2251/2548.
[INFO] Enola: Solve for Rydberg stage 2252/2548.
[INFO] Enola: Solve for Rydberg stage 2253/2548.
[INFO] Enola: Solve for Rydberg stage 2254/2548.
[INFO] Enola: Solve for Rydberg stage 2255/2548.
[INFO] Enola: Solve for Rydberg stage 2256/2548.
[INFO] Enola: Solve for Rydberg stage 2257/2548.
[INFO] Enola: Solve for Rydberg stage 2258/2548.
[INFO] Enola: Solve for Rydberg stage 2259/2548.
[INFO] Enola: Solve for Rydberg stage 2260/2548.
[INFO] Enola: Solve for Rydberg stage 2261/2548.
[INFO] Enola: Solve for Rydberg stage 2262/2548.
[INFO] Enola: Solve for Rydberg stage 2263/2548.
[INFO] Enola: Solve for Rydberg stage 2264/2548.
[INFO] Enola: Solve for Rydberg stage 2265/2548.
[INFO] Enola: Solve for Rydberg stage 2266/2548.
[INFO] Enola: Solve for Rydberg stage 2267/2548.
[INFO] Enola: Solve for Rydberg stage 2268/2548.
[INFO] Enola: Solve for Rydberg stage 2269/2548.
[INFO] Enola: Solve for Rydberg stage 2270/2548.
[INFO] Enola: Solve for Rydberg stage 2271/2548.
[INFO] Enola: Solve for Rydberg stage 2272/2548.
[INFO] Enola: Solve for Rydberg stage 2273/2548.
[INFO] Enola: Solve for Rydberg stage 2274/2548.
[INFO] Enola: Solve for Rydberg stage 2275/2548.
[INFO] Enola: Solve for Rydberg stage 2276/2548.
[INFO] Enola: Solve for Rydberg stage 2277/2548.
[INFO] Enola: Solve for Rydberg stage 2278/2548.
[INFO] Enola: Solve for Rydberg stage 2279/2548.
[INFO] Enola: Solve for Rydberg stage 2280/2548.
[INFO] Enola: Solve for Rydberg stage 2281/2548.
[INFO] Enola: Solve for Rydberg stage 2282/2548.
[INFO] Enola: Solve for Rydberg stage 2283/2548.
[INFO] Enola: Solve for Rydberg stage 2284/2548.
[INFO] Enola: Solve for Rydberg stage 2285/2548.
[INFO] Enola: Solve for Rydberg stage 2286/2548.
[INFO] Enola: Solve for Rydberg stage 2287/2548.
[INFO] Enola: Solve for Rydberg stage 2288/2548.
[INFO] Enola: Solve for Rydberg stage 2289/2548.
[INFO] Enola: Solve for Rydberg stage 2290/2548.
[INFO] Enola: Solve for Rydberg stage 2291/2548.
[INFO] Enola: Solve for Rydberg stage 2292/2548.
[INFO] Enola: Solve for Rydberg stage 2293/2548.
[INFO] Enola: Solve for Rydberg stage 2294/2548.
[INFO] Enola: Solve for Rydberg stage 2295/2548.
[INFO] Enola: Solve for Rydberg stage 2296/2548.
[INFO] Enola: Solve for Rydberg stage 2297/2548.
[INFO] Enola: Solve for Rydberg stage 2298/2548.
[INFO] Enola: Solve for Rydberg stage 2299/2548.
[INFO] Enola: Solve for Rydberg stage 2300/2548.
[INFO] Enola: Solve for Rydberg stage 2301/2548.
[INFO] Enola: Solve for Rydberg stage 2302/2548.
[INFO] Enola: Solve for Rydberg stage 2303/2548.
[INFO] Enola: Solve for Rydberg stage 2304/2548.
[INFO] Enola: Solve for Rydberg stage 2305/2548.
[INFO] Enola: Solve for Rydberg stage 2306/2548.
[INFO] Enola: Solve for Rydberg stage 2307/2548.
[INFO] Enola: Solve for Rydberg stage 2308/2548.
[INFO] Enola: Solve for Rydberg stage 2309/2548.
[INFO] Enola: Solve for Rydberg stage 2310/2548.
[INFO] Enola: Solve for Rydberg stage 2311/2548.
[INFO] Enola: Solve for Rydberg stage 2312/2548.
[INFO] Enola: Solve for Rydberg stage 2313/2548.
[INFO] Enola: Solve for Rydberg stage 2314/2548.
[INFO] Enola: Solve for Rydberg stage 2315/2548.
[INFO] Enola: Solve for Rydberg stage 2316/2548.
[INFO] Enola: Solve for Rydberg stage 2317/2548.
[INFO] Enola: Solve for Rydberg stage 2318/2548.
[INFO] Enola: Solve for Rydberg stage 2319/2548.
[INFO] Enola: Solve for Rydberg stage 2320/2548.
[INFO] Enola: Solve for Rydberg stage 2321/2548.
[INFO] Enola: Solve for Rydberg stage 2322/2548.
[INFO] Enola: Solve for Rydberg stage 2323/2548.
[INFO] Enola: Solve for Rydberg stage 2324/2548.
[INFO] Enola: Solve for Rydberg stage 2325/2548.
[INFO] Enola: Solve for Rydberg stage 2326/2548.
[INFO] Enola: Solve for Rydberg stage 2327/2548.
[INFO] Enola: Solve for Rydberg stage 2328/2548.
[INFO] Enola: Solve for Rydberg stage 2329/2548.
[INFO] Enola: Solve for Rydberg stage 2330/2548.
[INFO] Enola: Solve for Rydberg stage 2331/2548.
[INFO] Enola: Solve for Rydberg stage 2332/2548.
[INFO] Enola: Solve for Rydberg stage 2333/2548.
[INFO] Enola: Solve for Rydberg stage 2334/2548.
[INFO] Enola: Solve for Rydberg stage 2335/2548.
[INFO] Enola: Solve for Rydberg stage 2336/2548.
[INFO] Enola: Solve for Rydberg stage 2337/2548.
[INFO] Enola: Solve for Rydberg stage 2338/2548.
[INFO] Enola: Solve for Rydberg stage 2339/2548.
[INFO] Enola: Solve for Rydberg stage 2340/2548.
[INFO] Enola: Solve for Rydberg stage 2341/2548.
[INFO] Enola: Solve for Rydberg stage 2342/2548.
[INFO] Enola: Solve for Rydberg stage 2343/2548.
[INFO] Enola: Solve for Rydberg stage 2344/2548.
[INFO] Enola: Solve for Rydberg stage 2345/2548.
[INFO] Enola: Solve for Rydberg stage 2346/2548.
[INFO] Enola: Solve for Rydberg stage 2347/2548.
[INFO] Enola: Solve for Rydberg stage 2348/2548.
[INFO] Enola: Solve for Rydberg stage 2349/2548.
[INFO] Enola: Solve for Rydberg stage 2350/2548.
[INFO] Enola: Solve for Rydberg stage 2351/2548.
[INFO] Enola: Solve for Rydberg stage 2352/2548.
[INFO] Enola: Solve for Rydberg stage 2353/2548.
[INFO] Enola: Solve for Rydberg stage 2354/2548.
[INFO] Enola: Solve for Rydberg stage 2355/2548.
[INFO] Enola: Solve for Rydberg stage 2356/2548.
[INFO] Enola: Solve for Rydberg stage 2357/2548.
[INFO] Enola: Solve for Rydberg stage 2358/2548.
[INFO] Enola: Solve for Rydberg stage 2359/2548.
[INFO] Enola: Solve for Rydberg stage 2360/2548.
[INFO] Enola: Solve for Rydberg stage 2361/2548.
[INFO] Enola: Solve for Rydberg stage 2362/2548.
[INFO] Enola: Solve for Rydberg stage 2363/2548.
[INFO] Enola: Solve for Rydberg stage 2364/2548.
[INFO] Enola: Solve for Rydberg stage 2365/2548.
[INFO] Enola: Solve for Rydberg stage 2366/2548.
[INFO] Enola: Solve for Rydberg stage 2367/2548.
[INFO] Enola: Solve for Rydberg stage 2368/2548.
[INFO] Enola: Solve for Rydberg stage 2369/2548.
[INFO] Enola: Solve for Rydberg stage 2370/2548.
[INFO] Enola: Solve for Rydberg stage 2371/2548.
[INFO] Enola: Solve for Rydberg stage 2372/2548.
[INFO] Enola: Solve for Rydberg stage 2373/2548.
[INFO] Enola: Solve for Rydberg stage 2374/2548.
[INFO] Enola: Solve for Rydberg stage 2375/2548.
[INFO] Enola: Solve for Rydberg stage 2376/2548.
[INFO] Enola: Solve for Rydberg stage 2377/2548.
[INFO] Enola: Solve for Rydberg stage 2378/2548.
[INFO] Enola: Solve for Rydberg stage 2379/2548.
[INFO] Enola: Solve for Rydberg stage 2380/2548.
[INFO] Enola: Solve for Rydberg stage 2381/2548.
[INFO] Enola: Solve for Rydberg stage 2382/2548.
[INFO] Enola: Solve for Rydberg stage 2383/2548.
[INFO] Enola: Solve for Rydberg stage 2384/2548.
[INFO] Enola: Solve for Rydberg stage 2385/2548.
[INFO] Enola: Solve for Rydberg stage 2386/2548.
[INFO] Enola: Solve for Rydberg stage 2387/2548.
[INFO] Enola: Solve for Rydberg stage 2388/2548.
[INFO] Enola: Solve for Rydberg stage 2389/2548.
[INFO] Enola: Solve for Rydberg stage 2390/2548.
[INFO] Enola: Solve for Rydberg stage 2391/2548.
[INFO] Enola: Solve for Rydberg stage 2392/2548.
[INFO] Enola: Solve for Rydberg stage 2393/2548.
[INFO] Enola: Solve for Rydberg stage 2394/2548.
[INFO] Enola: Solve for Rydberg stage 2395/2548.
[INFO] Enola: Solve for Rydberg stage 2396/2548.
[INFO] Enola: Solve for Rydberg stage 2397/2548.
[INFO] Enola: Solve for Rydberg stage 2398/2548.
[INFO] Enola: Solve for Rydberg stage 2399/2548.
[INFO] Enola: Solve for Rydberg stage 2400/2548.
[INFO] Enola: Solve for Rydberg stage 2401/2548.
[INFO] Enola: Solve for Rydberg stage 2402/2548.
[INFO] Enola: Solve for Rydberg stage 2403/2548.
[INFO] Enola: Solve for Rydberg stage 2404/2548.
[INFO] Enola: Solve for Rydberg stage 2405/2548.
[INFO] Enola: Solve for Rydberg stage 2406/2548.
[INFO] Enola: Solve for Rydberg stage 2407/2548.
[INFO] Enola: Solve for Rydberg stage 2408/2548.
[INFO] Enola: Solve for Rydberg stage 2409/2548.
[INFO] Enola: Solve for Rydberg stage 2410/2548.
[INFO] Enola: Solve for Rydberg stage 2411/2548.
[INFO] Enola: Solve for Rydberg stage 2412/2548.
[INFO] Enola: Solve for Rydberg stage 2413/2548.
[INFO] Enola: Solve for Rydberg stage 2414/2548.
[INFO] Enola: Solve for Rydberg stage 2415/2548.
[INFO] Enola: Solve for Rydberg stage 2416/2548.
[INFO] Enola: Solve for Rydberg stage 2417/2548.
[INFO] Enola: Solve for Rydberg stage 2418/2548.
[INFO] Enola: Solve for Rydberg stage 2419/2548.
[INFO] Enola: Solve for Rydberg stage 2420/2548.
[INFO] Enola: Solve for Rydberg stage 2421/2548.
[INFO] Enola: Solve for Rydberg stage 2422/2548.
[INFO] Enola: Solve for Rydberg stage 2423/2548.
[INFO] Enola: Solve for Rydberg stage 2424/2548.
[INFO] Enola: Solve for Rydberg stage 2425/2548.
[INFO] Enola: Solve for Rydberg stage 2426/2548.
[INFO] Enola: Solve for Rydberg stage 2427/2548.
[INFO] Enola: Solve for Rydberg stage 2428/2548.
[INFO] Enola: Solve for Rydberg stage 2429/2548.
[INFO] Enola: Solve for Rydberg stage 2430/2548.
[INFO] Enola: Solve for Rydberg stage 2431/2548.
[INFO] Enola: Solve for Rydberg stage 2432/2548.
[INFO] Enola: Solve for Rydberg stage 2433/2548.
[INFO] Enola: Solve for Rydberg stage 2434/2548.
[INFO] Enola: Solve for Rydberg stage 2435/2548.
[INFO] Enola: Solve for Rydberg stage 2436/2548.
[INFO] Enola: Solve for Rydberg stage 2437/2548.
[INFO] Enola: Solve for Rydberg stage 2438/2548.
[INFO] Enola: Solve for Rydberg stage 2439/2548.
[INFO] Enola: Solve for Rydberg stage 2440/2548.
[INFO] Enola: Solve for Rydberg stage 2441/2548.
[INFO] Enola: Solve for Rydberg stage 2442/2548.
[INFO] Enola: Solve for Rydberg stage 2443/2548.
[INFO] Enola: Solve for Rydberg stage 2444/2548.
[INFO] Enola: Solve for Rydberg stage 2445/2548.
[INFO] Enola: Solve for Rydberg stage 2446/2548.
[INFO] Enola: Solve for Rydberg stage 2447/2548.
[INFO] Enola: Solve for Rydberg stage 2448/2548.
[INFO] Enola: Solve for Rydberg stage 2449/2548.
[INFO] Enola: Solve for Rydberg stage 2450/2548.
[INFO] Enola: Solve for Rydberg stage 2451/2548.
[INFO] Enola: Solve for Rydberg stage 2452/2548.
[INFO] Enola: Solve for Rydberg stage 2453/2548.
[INFO] Enola: Solve for Rydberg stage 2454/2548.
[INFO] Enola: Solve for Rydberg stage 2455/2548.
[INFO] Enola: Solve for Rydberg stage 2456/2548.
[INFO] Enola: Solve for Rydberg stage 2457/2548.
[INFO] Enola: Solve for Rydberg stage 2458/2548.
[INFO] Enola: Solve for Rydberg stage 2459/2548.
[INFO] Enola: Solve for Rydberg stage 2460/2548.
[INFO] Enola: Solve for Rydberg stage 2461/2548.
[INFO] Enola: Solve for Rydberg stage 2462/2548.
[INFO] Enola: Solve for Rydberg stage 2463/2548.
[INFO] Enola: Solve for Rydberg stage 2464/2548.
[INFO] Enola: Solve for Rydberg stage 2465/2548.
[INFO] Enola: Solve for Rydberg stage 2466/2548.
[INFO] Enola: Solve for Rydberg stage 2467/2548.
[INFO] Enola: Solve for Rydberg stage 2468/2548.
[INFO] Enola: Solve for Rydberg stage 2469/2548.
[INFO] Enola: Solve for Rydberg stage 2470/2548.
[INFO] Enola: Solve for Rydberg stage 2471/2548.
[INFO] Enola: Solve for Rydberg stage 2472/2548.
[INFO] Enola: Solve for Rydberg stage 2473/2548.
[INFO] Enola: Solve for Rydberg stage 2474/2548.
[INFO] Enola: Solve for Rydberg stage 2475/2548.
[INFO] Enola: Solve for Rydberg stage 2476/2548.
[INFO] Enola: Solve for Rydberg stage 2477/2548.
[INFO] Enola: Solve for Rydberg stage 2478/2548.
[INFO] Enola: Solve for Rydberg stage 2479/2548.
[INFO] Enola: Solve for Rydberg stage 2480/2548.
[INFO] Enola: Solve for Rydberg stage 2481/2548.
[INFO] Enola: Solve for Rydberg stage 2482/2548.
[INFO] Enola: Solve for Rydberg stage 2483/2548.
[INFO] Enola: Solve for Rydberg stage 2484/2548.
[INFO] Enola: Solve for Rydberg stage 2485/2548.
[INFO] Enola: Solve for Rydberg stage 2486/2548.
[INFO] Enola: Solve for Rydberg stage 2487/2548.
[INFO] Enola: Solve for Rydberg stage 2488/2548.
[INFO] Enola: Solve for Rydberg stage 2489/2548.
[INFO] Enola: Solve for Rydberg stage 2490/2548.
[INFO] Enola: Solve for Rydberg stage 2491/2548.
[INFO] Enola: Solve for Rydberg stage 2492/2548.
[INFO] Enola: Solve for Rydberg stage 2493/2548.
[INFO] Enola: Solve for Rydberg stage 2494/2548.
[INFO] Enola: Solve for Rydberg stage 2495/2548.
[INFO] Enola: Solve for Rydberg stage 2496/2548.
[INFO] Enola: Solve for Rydberg stage 2497/2548.
[INFO] Enola: Solve for Rydberg stage 2498/2548.
[INFO] Enola: Solve for Rydberg stage 2499/2548.
[INFO] Enola: Solve for Rydberg stage 2500/2548.
[INFO] Enola: Solve for Rydberg stage 2501/2548.
[INFO] Enola: Solve for Rydberg stage 2502/2548.
[INFO] Enola: Solve for Rydberg stage 2503/2548.
[INFO] Enola: Solve for Rydberg stage 2504/2548.
[INFO] Enola: Solve for Rydberg stage 2505/2548.
[INFO] Enola: Solve for Rydberg stage 2506/2548.
[INFO] Enola: Solve for Rydberg stage 2507/2548.
[INFO] Enola: Solve for Rydberg stage 2508/2548.
[INFO] Enola: Solve for Rydberg stage 2509/2548.
[INFO] Enola: Solve for Rydberg stage 2510/2548.
[INFO] Enola: Solve for Rydberg stage 2511/2548.
[INFO] Enola: Solve for Rydberg stage 2512/2548.
[INFO] Enola: Solve for Rydberg stage 2513/2548.
[INFO] Enola: Solve for Rydberg stage 2514/2548.
[INFO] Enola: Solve for Rydberg stage 2515/2548.
[INFO] Enola: Solve for Rydberg stage 2516/2548.
[INFO] Enola: Solve for Rydberg stage 2517/2548.
[INFO] Enola: Solve for Rydberg stage 2518/2548.
[INFO] Enola: Solve for Rydberg stage 2519/2548.
[INFO] Enola: Solve for Rydberg stage 2520/2548.
[INFO] Enola: Solve for Rydberg stage 2521/2548.
[INFO] Enola: Solve for Rydberg stage 2522/2548.
[INFO] Enola: Solve for Rydberg stage 2523/2548.
[INFO] Enola: Solve for Rydberg stage 2524/2548.
[INFO] Enola: Solve for Rydberg stage 2525/2548.
[INFO] Enola: Solve for Rydberg stage 2526/2548.
[INFO] Enola: Solve for Rydberg stage 2527/2548.
[INFO] Enola: Solve for Rydberg stage 2528/2548.
[INFO] Enola: Solve for Rydberg stage 2529/2548.
[INFO] Enola: Solve for Rydberg stage 2530/2548.
[INFO] Enola: Solve for Rydberg stage 2531/2548.
[INFO] Enola: Solve for Rydberg stage 2532/2548.
[INFO] Enola: Solve for Rydberg stage 2533/2548.
[INFO] Enola: Solve for Rydberg stage 2534/2548.
[INFO] Enola: Solve for Rydberg stage 2535/2548.
[INFO] Enola: Solve for Rydberg stage 2536/2548.
[INFO] Enola: Solve for Rydberg stage 2537/2548.
[INFO] Enola: Solve for Rydberg stage 2538/2548.
[INFO] Enola: Solve for Rydberg stage 2539/2548.
[INFO] Enola: Solve for Rydberg stage 2540/2548.
[INFO] Enola: Solve for Rydberg stage 2541/2548.
[INFO] Enola: Solve for Rydberg stage 2542/2548.
[INFO] Enola: Solve for Rydberg stage 2543/2548.
[INFO] Enola: Solve for Rydberg stage 2544/2548.
[INFO] Enola: Solve for Rydberg stage 2545/2548.
[INFO] Enola: Solve for Rydberg stage 2546/2548.
[INFO] Enola: Solve for Rydberg stage 2547/2548.
[INFO] Enola: Solve for Rydberg stage 2548/2548.
[INFO] Enola: Solve for Rydberg stage 2549/2548.
[INFO] Enola: Time for routing: 3.304454803466797s
[INFO] Enola: Total Time: 29.117876291275024s
Compilation successful.

2026-03-25 13:02:42,694 - BenchmarkManager - INFO - enola (run 1/1) - Running /u/halle/heiz/home_at/BachelorProject/benchmarks/uf_50-250_fix10/uf50-010.qasm
2026-03-25 13:02:42,695 - Compiler.enola - INFO - Array width: 100, Array height: 5, AOD columns: 250, AOD rows: 1
2026-03-25 13:02:47,108 - Compiler.enola - INFO - STDOUT:
[INFO] Enola: Start Solving
[INFO] Enola: Run scheduling
[INFO] Enola: Time for scheduling: 0.0006539821624755859s
100
[INFO] Enola: Time for placement: 9.059906005859375e-06s
[INFO] Enola: Solve for Rydberg stage 2/798.
[INFO] Enola: Solve for Rydberg stage 3/798.
[INFO] Enola: Solve for Rydberg stage 4/798.
[INFO] Enola: Solve for Rydberg stage 5/798.
[INFO] Enola: Solve for Rydberg stage 6/798.
[INFO] Enola: Solve for Rydberg stage 7/798.
[INFO] Enola: Solve for Rydberg stage 8/798.
[INFO] Enola: Solve for Rydberg stage 9/798.
[INFO] Enola: Solve for Rydberg stage 10/798.
[INFO] Enola: Solve for Rydberg stage 11/798.
[INFO] Enola: Solve for Rydberg stage 12/798.
[INFO] Enola: Solve for Rydberg stage 13/798.
[INFO] Enola: Solve for Rydberg stage 14/798.
[INFO] Enola: Solve for Rydberg stage 15/798.
[INFO] Enola: Solve for Rydberg stage 16/798.
[INFO] Enola: Solve for Rydberg stage 17/798.
[INFO] Enola: Solve for Rydberg stage 18/798.
[INFO] Enola: Solve for Rydberg stage 19/798.
[INFO] Enola: Solve for Rydberg stage 20/798.
[INFO] Enola: Solve for Rydberg stage 21/798.
[INFO] Enola: Solve for Rydberg stage 22/798.
[INFO] Enola: Solve for Rydberg stage 23/798.
[INFO] Enola: Solve for Rydberg stage 24/798.
[INFO] Enola: Solve for Rydberg stage 25/798.
[INFO] Enola: Solve for Rydberg stage 26/798.
[INFO] Enola: Solve for Rydberg stage 27/798.
[INFO] Enola: Solve for Rydberg stage 28/798.
[INFO] Enola: Solve for Rydberg stage 29/798.
[INFO] Enola: Solve for Rydberg stage 30/798.
[INFO] Enola: Solve for Rydberg stage 31/798.
[INFO] Enola: Solve for Rydberg stage 32/798.
[INFO] Enola: Solve for Rydberg stage 33/798.
[INFO] Enola: Solve for Rydberg stage 34/798.
[INFO] Enola: Solve for Rydberg stage 35/798.
[INFO] Enola: Solve for Rydberg stage 36/798.
[INFO] Enola: Solve for Rydberg stage 37/798.
[INFO] Enola: Solve for Rydberg stage 38/798.
[INFO] Enola: Solve for Rydberg stage 39/798.
[INFO] Enola: Solve for Rydberg stage 40/798.
[INFO] Enola: Solve for Rydberg stage 41/798.
[INFO] Enola: Solve for Rydberg stage 42/798.
[INFO] Enola: Solve for Rydberg stage 43/798.
[INFO] Enola: Solve for Rydberg stage 44/798.
[INFO] Enola: Solve for Rydberg stage 45/798.
[INFO] Enola: Solve for Rydberg stage 46/798.
[INFO] Enola: Solve for Rydberg stage 47/798.
[INFO] Enola: Solve for Rydberg stage 48/798.
[INFO] Enola: Solve for Rydberg stage 49/798.
[INFO] Enola: Solve for Rydberg stage 50/798.
[INFO] Enola: Solve for Rydberg stage 51/798.
[INFO] Enola: Solve for Rydberg stage 52/798.
[INFO] Enola: Solve for Rydberg stage 53/798.
[INFO] Enola: Solve for Rydberg stage 54/798.
[INFO] Enola: Solve for Rydberg stage 55/798.
[INFO] Enola: Solve for Rydberg stage 56/798.
[INFO] Enola: Solve for Rydberg stage 57/798.
[INFO] Enola: Solve for Rydberg stage 58/798.
[INFO] Enola: Solve for Rydberg stage 59/798.
[INFO] Enola: Solve for Rydberg stage 60/798.
[INFO] Enola: Solve for Rydberg stage 61/798.
[INFO] Enola: Solve for Rydberg stage 62/798.
[INFO] Enola: Solve for Rydberg stage 63/798.
[INFO] Enola: Solve for Rydberg stage 64/798.
[INFO] Enola: Solve for Rydberg stage 65/798.
[INFO] Enola: Solve for Rydberg stage 66/798.
[INFO] Enola: Solve for Rydberg stage 67/798.
[INFO] Enola: Solve for Rydberg stage 68/798.
[INFO] Enola: Solve for Rydberg stage 69/798.
[INFO] Enola: Solve for Rydberg stage 70/798.
[INFO] Enola: Solve for Rydberg stage 71/798.
[INFO] Enola: Solve for Rydberg stage 72/798.
[INFO] Enola: Solve for Rydberg stage 73/798.
[INFO] Enola: Solve for Rydberg stage 74/798.
[INFO] Enola: Solve for Rydberg stage 75/798.
[INFO] Enola: Solve for Rydberg stage 76/798.
[INFO] Enola: Solve for Rydberg stage 77/798.
[INFO] Enola: Solve for Rydberg stage 78/798.
[INFO] Enola: Solve for Rydberg stage 79/798.
[INFO] Enola: Solve for Rydberg stage 80/798.
[INFO] Enola: Solve for Rydberg stage 81/798.
[INFO] Enola: Solve for Rydberg stage 82/798.
[INFO] Enola: Solve for Rydberg stage 83/798.
[INFO] Enola: Solve for Rydberg stage 84/798.
[INFO] Enola: Solve for Rydberg stage 85/798.
[INFO] Enola: Solve for Rydberg stage 86/798.
[INFO] Enola: Solve for Rydberg stage 87/798.
[INFO] Enola: Solve for Rydberg stage 88/798.
[INFO] Enola: Solve for Rydberg stage 89/798.
[INFO] Enola: Solve for Rydberg stage 90/798.
[INFO] Enola: Solve for Rydberg stage 91/798.
[INFO] Enola: Solve for Rydberg stage 92/798.
[INFO] Enola: Solve for Rydberg stage 93/798.
[INFO] Enola: Solve for Rydberg stage 94/798.
[INFO] Enola: Solve for Rydberg stage 95/798.
[INFO] Enola: Solve for Rydberg stage 96/798.
[INFO] Enola: Solve for Rydberg stage 97/798.
[INFO] Enola: Solve for Rydberg stage 98/798.
[INFO] Enola: Solve for Rydberg stage 99/798.
[INFO] Enola: Solve for Rydberg stage 100/798.
[INFO] Enola: Solve for Rydberg stage 101/798.
[INFO] Enola: Solve for Rydberg stage 102/798.
[INFO] Enola: Solve for Rydberg stage 103/798.
[INFO] Enola: Solve for Rydberg stage 104/798.
[INFO] Enola: Solve for Rydberg stage 105/798.
[INFO] Enola: Solve for Rydberg stage 106/798.
[INFO] Enola: Solve for Rydberg stage 107/798.
[INFO] Enola: Solve for Rydberg stage 108/798.
[INFO] Enola: Solve for Rydberg stage 109/798.
[INFO] Enola: Solve for Rydberg stage 110/798.
[INFO] Enola: Solve for Rydberg stage 111/798.
[INFO] Enola: Solve for Rydberg stage 112/798.
[INFO] Enola: Solve for Rydberg stage 113/798.
[INFO] Enola: Solve for Rydberg stage 114/798.
[INFO] Enola: Solve for Rydberg stage 115/798.
[INFO] Enola: Solve for Rydberg stage 116/798.
[INFO] Enola: Solve for Rydberg stage 117/798.
[INFO] Enola: Solve for Rydberg stage 118/798.
[INFO] Enola: Solve for Rydberg stage 119/798.
[INFO] Enola: Solve for Rydberg stage 120/798.
[INFO] Enola: Solve for Rydberg stage 121/798.
[INFO] Enola: Solve for Rydberg stage 122/798.
[INFO] Enola: Solve for Rydberg stage 123/798.
[INFO] Enola: Solve for Rydberg stage 124/798.
[INFO] Enola: Solve for Rydberg stage 125/798.
[INFO] Enola: Solve for Rydberg stage 126/798.
[INFO] Enola: Solve for Rydberg stage 127/798.
[INFO] Enola: Solve for Rydberg stage 128/798.
[INFO] Enola: Solve for Rydberg stage 129/798.
[INFO] Enola: Solve for Rydberg stage 130/798.
[INFO] Enola: Solve for Rydberg stage 131/798.
[INFO] Enola: Solve for Rydberg stage 132/798.
[INFO] Enola: Solve for Rydberg stage 133/798.
[INFO] Enola: Solve for Rydberg stage 134/798.
[INFO] Enola: Solve for Rydberg stage 135/798.
[INFO] Enola: Solve for Rydberg stage 136/798.
[INFO] Enola: Solve for Rydberg stage 137/798.
[INFO] Enola: Solve for Rydberg stage 138/798.
[INFO] Enola: Solve for Rydberg stage 139/798.
[INFO] Enola: Solve for Rydberg stage 140/798.
[INFO] Enola: Solve for Rydberg stage 141/798.
[INFO] Enola: Solve for Rydberg stage 142/798.
[INFO] Enola: Solve for Rydberg stage 143/798.
[INFO] Enola: Solve for Rydberg stage 144/798.
[INFO] Enola: Solve for Rydberg stage 145/798.
[INFO] Enola: Solve for Rydberg stage 146/798.
[INFO] Enola: Solve for Rydberg stage 147/798.
[INFO] Enola: Solve for Rydberg stage 148/798.
[INFO] Enola: Solve for Rydberg stage 149/798.
[INFO] Enola: Solve for Rydberg stage 150/798.
[INFO] Enola: Solve for Rydberg stage 151/798.
[INFO] Enola: Solve for Rydberg stage 152/798.
[INFO] Enola: Solve for Rydberg stage 153/798.
[INFO] Enola: Solve for Rydberg stage 154/798.
[INFO] Enola: Solve for Rydberg stage 155/798.
[INFO] Enola: Solve for Rydberg stage 156/798.
[INFO] Enola: Solve for Rydberg stage 157/798.
[INFO] Enola: Solve for Rydberg stage 158/798.
[INFO] Enola: Solve for Rydberg stage 159/798.
[INFO] Enola: Solve for Rydberg stage 160/798.
[INFO] Enola: Solve for Rydberg stage 161/798.
[INFO] Enola: Solve for Rydberg stage 162/798.
[INFO] Enola: Solve for Rydberg stage 163/798.
[INFO] Enola: Solve for Rydberg stage 164/798.
[INFO] Enola: Solve for Rydberg stage 165/798.
[INFO] Enola: Solve for Rydberg stage 166/798.
[INFO] Enola: Solve for Rydberg stage 167/798.
[INFO] Enola: Solve for Rydberg stage 168/798.
[INFO] Enola: Solve for Rydberg stage 169/798.
[INFO] Enola: Solve for Rydberg stage 170/798.
[INFO] Enola: Solve for Rydberg stage 171/798.
[INFO] Enola: Solve for Rydberg stage 172/798.
[INFO] Enola: Solve for Rydberg stage 173/798.
[INFO] Enola: Solve for Rydberg stage 174/798.
[INFO] Enola: Solve for Rydberg stage 175/798.
[INFO] Enola: Solve for Rydberg stage 176/798.
[INFO] Enola: Solve for Rydberg stage 177/798.
[INFO] Enola: Solve for Rydberg stage 178/798.
[INFO] Enola: Solve for Rydberg stage 179/798.
[INFO] Enola: Solve for Rydberg stage 180/798.
[INFO] Enola: Solve for Rydberg stage 181/798.
[INFO] Enola: Solve for Rydberg stage 182/798.
[INFO] Enola: Solve for Rydberg stage 183/798.
[INFO] Enola: Solve for Rydberg stage 184/798.
[INFO] Enola: Solve for Rydberg stage 185/798.
[INFO] Enola: Solve for Rydberg stage 186/798.
[INFO] Enola: Solve for Rydberg stage 187/798.
[INFO] Enola: Solve for Rydberg stage 188/798.
[INFO] Enola: Solve for Rydberg stage 189/798.
[INFO] Enola: Solve for Rydberg stage 190/798.
[INFO] Enola: Solve for Rydberg stage 191/798.
[INFO] Enola: Solve for Rydberg stage 192/798.
[INFO] Enola: Solve for Rydberg stage 193/798.
[INFO] Enola: Solve for Rydberg stage 194/798.
[INFO] Enola: Solve for Rydberg stage 195/798.
[INFO] Enola: Solve for Rydberg stage 196/798.
[INFO] Enola: Solve for Rydberg stage 197/798.
[INFO] Enola: Solve for Rydberg stage 198/798.
[INFO] Enola: Solve for Rydberg stage 199/798.
[INFO] Enola: Solve for Rydberg stage 200/798.
[INFO] Enola: Solve for Rydberg stage 201/798.
[INFO] Enola: Solve for Rydberg stage 202/798.
[INFO] Enola: Solve for Rydberg stage 203/798.
[INFO] Enola: Solve for Rydberg stage 204/798.
[INFO] Enola: Solve for Rydberg stage 205/798.
[INFO] Enola: Solve for Rydberg stage 206/798.
[INFO] Enola: Solve for Rydberg stage 207/798.
[INFO] Enola: Solve for Rydberg stage 208/798.
[INFO] Enola: Solve for Rydberg stage 209/798.
[INFO] Enola: Solve for Rydberg stage 210/798.
[INFO] Enola: Solve for Rydberg stage 211/798.
[INFO] Enola: Solve for Rydberg stage 212/798.
[INFO] Enola: Solve for Rydberg stage 213/798.
[INFO] Enola: Solve for Rydberg stage 214/798.
[INFO] Enola: Solve for Rydberg stage 215/798.
[INFO] Enola: Solve for Rydberg stage 216/798.
[INFO] Enola: Solve for Rydberg stage 217/798.
[INFO] Enola: Solve for Rydberg stage 218/798.
[INFO] Enola: Solve for Rydberg stage 219/798.
[INFO] Enola: Solve for Rydberg stage 220/798.
[INFO] Enola: Solve for Rydberg stage 221/798.
[INFO] Enola: Solve for Rydberg stage 222/798.
[INFO] Enola: Solve for Rydberg stage 223/798.
[INFO] Enola: Solve for Rydberg stage 224/798.
[INFO] Enola: Solve for Rydberg stage 225/798.
[INFO] Enola: Solve for Rydberg stage 226/798.
[INFO] Enola: Solve for Rydberg stage 227/798.
[INFO] Enola: Solve for Rydberg stage 228/798.
[INFO] Enola: Solve for Rydberg stage 229/798.
[INFO] Enola: Solve for Rydberg stage 230/798.
[INFO] Enola: Solve for Rydberg stage 231/798.
[INFO] Enola: Solve for Rydberg stage 232/798.
[INFO] Enola: Solve for Rydberg stage 233/798.
[INFO] Enola: Solve for Rydberg stage 234/798.
[INFO] Enola: Solve for Rydberg stage 235/798.
[INFO] Enola: Solve for Rydberg stage 236/798.
[INFO] Enola: Solve for Rydberg stage 237/798.
[INFO] Enola: Solve for Rydberg stage 238/798.
[INFO] Enola: Solve for Rydberg stage 239/798.
[INFO] Enola: Solve for Rydberg stage 240/798.
[INFO] Enola: Solve for Rydberg stage 241/798.
[INFO] Enola: Solve for Rydberg stage 242/798.
[INFO] Enola: Solve for Rydberg stage 243/798.
[INFO] Enola: Solve for Rydberg stage 244/798.
[INFO] Enola: Solve for Rydberg stage 245/798.
[INFO] Enola: Solve for Rydberg stage 246/798.
[INFO] Enola: Solve for Rydberg stage 247/798.
[INFO] Enola: Solve for Rydberg stage 248/798.
[INFO] Enola: Solve for Rydberg stage 249/798.
[INFO] Enola: Solve for Rydberg stage 250/798.
[INFO] Enola: Solve for Rydberg stage 251/798.
[INFO] Enola: Solve for Rydberg stage 252/798.
[INFO] Enola: Solve for Rydberg stage 253/798.
[INFO] Enola: Solve for Rydberg stage 254/798.
[INFO] Enola: Solve for Rydberg stage 255/798.
[INFO] Enola: Solve for Rydberg stage 256/798.
[INFO] Enola: Solve for Rydberg stage 257/798.
[INFO] Enola: Solve for Rydberg stage 258/798.
[INFO] Enola: Solve for Rydberg stage 259/798.
[INFO] Enola: Solve for Rydberg stage 260/798.
[INFO] Enola: Solve for Rydberg stage 261/798.
[INFO] Enola: Solve for Rydberg stage 262/798.
[INFO] Enola: Solve for Rydberg stage 263/798.
[INFO] Enola: Solve for Rydberg stage 264/798.
[INFO] Enola: Solve for Rydberg stage 265/798.
[INFO] Enola: Solve for Rydberg stage 266/798.
[INFO] Enola: Solve for Rydberg stage 267/798.
[INFO] Enola: Solve for Rydberg stage 268/798.
[INFO] Enola: Solve for Rydberg stage 269/798.
[INFO] Enola: Solve for Rydberg stage 270/798.
[INFO] Enola: Solve for Rydberg stage 271/798.
[INFO] Enola: Solve for Rydberg stage 272/798.
[INFO] Enola: Solve for Rydberg stage 273/798.
[INFO] Enola: Solve for Rydberg stage 274/798.
[INFO] Enola: Solve for Rydberg stage 275/798.
[INFO] Enola: Solve for Rydberg stage 276/798.
[INFO] Enola: Solve for Rydberg stage 277/798.
[INFO] Enola: Solve for Rydberg stage 278/798.
[INFO] Enola: Solve for Rydberg stage 279/798.
[INFO] Enola: Solve for Rydberg stage 280/798.
[INFO] Enola: Solve for Rydberg stage 281/798.
[INFO] Enola: Solve for Rydberg stage 282/798.
[INFO] Enola: Solve for Rydberg stage 283/798.
[INFO] Enola: Solve for Rydberg stage 284/798.
[INFO] Enola: Solve for Rydberg stage 285/798.
[INFO] Enola: Solve for Rydberg stage 286/798.
[INFO] Enola: Solve for Rydberg stage 287/798.
[INFO] Enola: Solve for Rydberg stage 288/798.
[INFO] Enola: Solve for Rydberg stage 289/798.
[INFO] Enola: Solve for Rydberg stage 290/798.
[INFO] Enola: Solve for Rydberg stage 291/798.
[INFO] Enola: Solve for Rydberg stage 292/798.
[INFO] Enola: Solve for Rydberg stage 293/798.
[INFO] Enola: Solve for Rydberg stage 294/798.
[INFO] Enola: Solve for Rydberg stage 295/798.
[INFO] Enola: Solve for Rydberg stage 296/798.
[INFO] Enola: Solve for Rydberg stage 297/798.
[INFO] Enola: Solve for Rydberg stage 298/798.
[INFO] Enola: Solve for Rydberg stage 299/798.
[INFO] Enola: Solve for Rydberg stage 300/798.
[INFO] Enola: Solve for Rydberg stage 301/798.
[INFO] Enola: Solve for Rydberg stage 302/798.
[INFO] Enola: Solve for Rydberg stage 303/798.
[INFO] Enola: Solve for Rydberg stage 304/798.
[INFO] Enola: Solve for Rydberg stage 305/798.
[INFO] Enola: Solve for Rydberg stage 306/798.
[INFO] Enola: Solve for Rydberg stage 307/798.
[INFO] Enola: Solve for Rydberg stage 308/798.
[INFO] Enola: Solve for Rydberg stage 309/798.
[INFO] Enola: Solve for Rydberg stage 310/798.
[INFO] Enola: Solve for Rydberg stage 311/798.
[INFO] Enola: Solve for Rydberg stage 312/798.
[INFO] Enola: Solve for Rydberg stage 313/798.
[INFO] Enola: Solve for Rydberg stage 314/798.
[INFO] Enola: Solve for Rydberg stage 315/798.
[INFO] Enola: Solve for Rydberg stage 316/798.
[INFO] Enola: Solve for Rydberg stage 317/798.
[INFO] Enola: Solve for Rydberg stage 318/798.
[INFO] Enola: Solve for Rydberg stage 319/798.
[INFO] Enola: Solve for Rydberg stage 320/798.
[INFO] Enola: Solve for Rydberg stage 321/798.
[INFO] Enola: Solve for Rydberg stage 322/798.
[INFO] Enola: Solve for Rydberg stage 323/798.
[INFO] Enola: Solve for Rydberg stage 324/798.
[INFO] Enola: Solve for Rydberg stage 325/798.
[INFO] Enola: Solve for Rydberg stage 326/798.
[INFO] Enola: Solve for Rydberg stage 327/798.
[INFO] Enola: Solve for Rydberg stage 328/798.
[INFO] Enola: Solve for Rydberg stage 329/798.
[INFO] Enola: Solve for Rydberg stage 330/798.
[INFO] Enola: Solve for Rydberg stage 331/798.
[INFO] Enola: Solve for Rydberg stage 332/798.
[INFO] Enola: Solve for Rydberg stage 333/798.
[INFO] Enola: Solve for Rydberg stage 334/798.
[INFO] Enola: Solve for Rydberg stage 335/798.
[INFO] Enola: Solve for Rydberg stage 336/798.
[INFO] Enola: Solve for Rydberg stage 337/798.
[INFO] Enola: Solve for Rydberg stage 338/798.
[INFO] Enola: Solve for Rydberg stage 339/798.
[INFO] Enola: Solve for Rydberg stage 340/798.
[INFO] Enola: Solve for Rydberg stage 341/798.
[INFO] Enola: Solve for Rydberg stage 342/798.
[INFO] Enola: Solve for Rydberg stage 343/798.
[INFO] Enola: Solve for Rydberg stage 344/798.
[INFO] Enola: Solve for Rydberg stage 345/798.
[INFO] Enola: Solve for Rydberg stage 346/798.
[INFO] Enola: Solve for Rydberg stage 347/798.
[INFO] Enola: Solve for Rydberg stage 348/798.
[INFO] Enola: Solve for Rydberg stage 349/798.
[INFO] Enola: Solve for Rydberg stage 350/798.
[INFO] Enola: Solve for Rydberg stage 351/798.
[INFO] Enola: Solve for Rydberg stage 352/798.
[INFO] Enola: Solve for Rydberg stage 353/798.
[INFO] Enola: Solve for Rydberg stage 354/798.
[INFO] Enola: Solve for Rydberg stage 355/798.
[INFO] Enola: Solve for Rydberg stage 356/798.
[INFO] Enola: Solve for Rydberg stage 357/798.
[INFO] Enola: Solve for Rydberg stage 358/798.
[INFO] Enola: Solve for Rydberg stage 359/798.
[INFO] Enola: Solve for Rydberg stage 360/798.
[INFO] Enola: Solve for Rydberg stage 361/798.
[INFO] Enola: Solve for Rydberg stage 362/798.
[INFO] Enola: Solve for Rydberg stage 363/798.
[INFO] Enola: Solve for Rydberg stage 364/798.
[INFO] Enola: Solve for Rydberg stage 365/798.
[INFO] Enola: Solve for Rydberg stage 366/798.
[INFO] Enola: Solve for Rydberg stage 367/798.
[INFO] Enola: Solve for Rydberg stage 368/798.
[INFO] Enola: Solve for Rydberg stage 369/798.
[INFO] Enola: Solve for Rydberg stage 370/798.
[INFO] Enola: Solve for Rydberg stage 371/798.
[INFO] Enola: Solve for Rydberg stage 372/798.
[INFO] Enola: Solve for Rydberg stage 373/798.
[INFO] Enola: Solve for Rydberg stage 374/798.
[INFO] Enola: Solve for Rydberg stage 375/798.
[INFO] Enola: Solve for Rydberg stage 376/798.
[INFO] Enola: Solve for Rydberg stage 377/798.
[INFO] Enola: Solve for Rydberg stage 378/798.
[INFO] Enola: Solve for Rydberg stage 379/798.
[INFO] Enola: Solve for Rydberg stage 380/798.
[INFO] Enola: Solve for Rydberg stage 381/798.
[INFO] Enola: Solve for Rydberg stage 382/798.
[INFO] Enola: Solve for Rydberg stage 383/798.
[INFO] Enola: Solve for Rydberg stage 384/798.
[INFO] Enola: Solve for Rydberg stage 385/798.
[INFO] Enola: Solve for Rydberg stage 386/798.
[INFO] Enola: Solve for Rydberg stage 387/798.
[INFO] Enola: Solve for Rydberg stage 388/798.
[INFO] Enola: Solve for Rydberg stage 389/798.
[INFO] Enola: Solve for Rydberg stage 390/798.
[INFO] Enola: Solve for Rydberg stage 391/798.
[INFO] Enola: Solve for Rydberg stage 392/798.
[INFO] Enola: Solve for Rydberg stage 393/798.
[INFO] Enola: Solve for Rydberg stage 394/798.
[INFO] Enola: Solve for Rydberg stage 395/798.
[INFO] Enola: Solve for Rydberg stage 396/798.
[INFO] Enola: Solve for Rydberg stage 397/798.
[INFO] Enola: Solve for Rydberg stage 398/798.
[INFO] Enola: Solve for Rydberg stage 399/798.
[INFO] Enola: Solve for Rydberg stage 400/798.
[INFO] Enola: Solve for Rydberg stage 401/798.
[INFO] Enola: Solve for Rydberg stage 402/798.
[INFO] Enola: Solve for Rydberg stage 403/798.
[INFO] Enola: Solve for Rydberg stage 404/798.
[INFO] Enola: Solve for Rydberg stage 405/798.
[INFO] Enola: Solve for Rydberg stage 406/798.
[INFO] Enola: Solve for Rydberg stage 407/798.
[INFO] Enola: Solve for Rydberg stage 408/798.
[INFO] Enola: Solve for Rydberg stage 409/798.
[INFO] Enola: Solve for Rydberg stage 410/798.
[INFO] Enola: Solve for Rydberg stage 411/798.
[INFO] Enola: Solve for Rydberg stage 412/798.
[INFO] Enola: Solve for Rydberg stage 413/798.
[INFO] Enola: Solve for Rydberg stage 414/798.
[INFO] Enola: Solve for Rydberg stage 415/798.
[INFO] Enola: Solve for Rydberg stage 416/798.
[INFO] Enola: Solve for Rydberg stage 417/798.
[INFO] Enola: Solve for Rydberg stage 418/798.
[INFO] Enola: Solve for Rydberg stage 419/798.
[INFO] Enola: Solve for Rydberg stage 420/798.
[INFO] Enola: Solve for Rydberg stage 421/798.
[INFO] Enola: Solve for Rydberg stage 422/798.
[INFO] Enola: Solve for Rydberg stage 423/798.
[INFO] Enola: Solve for Rydberg stage 424/798.
[INFO] Enola: Solve for Rydberg stage 425/798.
[INFO] Enola: Solve for Rydberg stage 426/798.
[INFO] Enola: Solve for Rydberg stage 427/798.
[INFO] Enola: Solve for Rydberg stage 428/798.
[INFO] Enola: Solve for Rydberg stage 429/798.
[INFO] Enola: Solve for Rydberg stage 430/798.
[INFO] Enola: Solve for Rydberg stage 431/798.
[INFO] Enola: Solve for Rydberg stage 432/798.
[INFO] Enola: Solve for Rydberg stage 433/798.
[INFO] Enola: Solve for Rydberg stage 434/798.
[INFO] Enola: Solve for Rydberg stage 435/798.
[INFO] Enola: Solve for Rydberg stage 436/798.
[INFO] Enola: Solve for Rydberg stage 437/798.
[INFO] Enola: Solve for Rydberg stage 438/798.
[INFO] Enola: Solve for Rydberg stage 439/798.
[INFO] Enola: Solve for Rydberg stage 440/798.
[INFO] Enola: Solve for Rydberg stage 441/798.
[INFO] Enola: Solve for Rydberg stage 442/798.
[INFO] Enola: Solve for Rydberg stage 443/798.
[INFO] Enola: Solve for Rydberg stage 444/798.
[INFO] Enola: Solve for Rydberg stage 445/798.
[INFO] Enola: Solve for Rydberg stage 446/798.
[INFO] Enola: Solve for Rydberg stage 447/798.
[INFO] Enola: Solve for Rydberg stage 448/798.
[INFO] Enola: Solve for Rydberg stage 449/798.
[INFO] Enola: Solve for Rydberg stage 450/798.
[INFO] Enola: Solve for Rydberg stage 451/798.
[INFO] Enola: Solve for Rydberg stage 452/798.
[INFO] Enola: Solve for Rydberg stage 453/798.
[INFO] Enola: Solve for Rydberg stage 454/798.
[INFO] Enola: Solve for Rydberg stage 455/798.
[INFO] Enola: Solve for Rydberg stage 456/798.
[INFO] Enola: Solve for Rydberg stage 457/798.
[INFO] Enola: Solve for Rydberg stage 458/798.
[INFO] Enola: Solve for Rydberg stage 459/798.
[INFO] Enola: Solve for Rydberg stage 460/798.
[INFO] Enola: Solve for Rydberg stage 461/798.
[INFO] Enola: Solve for Rydberg stage 462/798.
[INFO] Enola: Solve for Rydberg stage 463/798.
[INFO] Enola: Solve for Rydberg stage 464/798.
[INFO] Enola: Solve for Rydberg stage 465/798.
[INFO] Enola: Solve for Rydberg stage 466/798.
[INFO] Enola: Solve for Rydberg stage 467/798.
[INFO] Enola: Solve for Rydberg stage 468/798.
[INFO] Enola: Solve for Rydberg stage 469/798.
[INFO] Enola: Solve for Rydberg stage 470/798.
[INFO] Enola: Solve for Rydberg stage 471/798.
[INFO] Enola: Solve for Rydberg stage 472/798.
[INFO] Enola: Solve for Rydberg stage 473/798.
[INFO] Enola: Solve for Rydberg stage 474/798.
[INFO] Enola: Solve for Rydberg stage 475/798.
[INFO] Enola: Solve for Rydberg stage 476/798.
[INFO] Enola: Solve for Rydberg stage 477/798.
[INFO] Enola: Solve for Rydberg stage 478/798.
[INFO] Enola: Solve for Rydberg stage 479/798.
[INFO] Enola: Solve for Rydberg stage 480/798.
[INFO] Enola: Solve for Rydberg stage 481/798.
[INFO] Enola: Solve for Rydberg stage 482/798.
[INFO] Enola: Solve for Rydberg stage 483/798.
[INFO] Enola: Solve for Rydberg stage 484/798.
[INFO] Enola: Solve for Rydberg stage 485/798.
[INFO] Enola: Solve for Rydberg stage 486/798.
[INFO] Enola: Solve for Rydberg stage 487/798.
[INFO] Enola: Solve for Rydberg stage 488/798.
[INFO] Enola: Solve for Rydberg stage 489/798.
[INFO] Enola: Solve for Rydberg stage 490/798.
[INFO] Enola: Solve for Rydberg stage 491/798.
[INFO] Enola: Solve for Rydberg stage 492/798.
[INFO] Enola: Solve for Rydberg stage 493/798.
[INFO] Enola: Solve for Rydberg stage 494/798.
[INFO] Enola: Solve for Rydberg stage 495/798.
[INFO] Enola: Solve for Rydberg stage 496/798.
[INFO] Enola: Solve for Rydberg stage 497/798.
[INFO] Enola: Solve for Rydberg stage 498/798.
[INFO] Enola: Solve for Rydberg stage 499/798.
[INFO] Enola: Solve for Rydberg stage 500/798.
[INFO] Enola: Solve for Rydberg stage 501/798.
[INFO] Enola: Solve for Rydberg stage 502/798.
[INFO] Enola: Solve for Rydberg stage 503/798.
[INFO] Enola: Solve for Rydberg stage 504/798.
[INFO] Enola: Solve for Rydberg stage 505/798.
[INFO] Enola: Solve for Rydberg stage 506/798.
[INFO] Enola: Solve for Rydberg stage 507/798.
[INFO] Enola: Solve for Rydberg stage 508/798.
[INFO] Enola: Solve for Rydberg stage 509/798.
[INFO] Enola: Solve for Rydberg stage 510/798.
[INFO] Enola: Solve for Rydberg stage 511/798.
[INFO] Enola: Solve for Rydberg stage 512/798.
[INFO] Enola: Solve for Rydberg stage 513/798.
[INFO] Enola: Solve for Rydberg stage 514/798.
[INFO] Enola: Solve for Rydberg stage 515/798.
[INFO] Enola: Solve for Rydberg stage 516/798.
[INFO] Enola: Solve for Rydberg stage 517/798.
[INFO] Enola: Solve for Rydberg stage 518/798.
[INFO] Enola: Solve for Rydberg stage 519/798.
[INFO] Enola: Solve for Rydberg stage 520/798.
[INFO] Enola: Solve for Rydberg stage 521/798.
[INFO] Enola: Solve for Rydberg stage 522/798.
[INFO] Enola: Solve for Rydberg stage 523/798.
[INFO] Enola: Solve for Rydberg stage 524/798.
[INFO] Enola: Solve for Rydberg stage 525/798.
[INFO] Enola: Solve for Rydberg stage 526/798.
[INFO] Enola: Solve for Rydberg stage 527/798.
[INFO] Enola: Solve for Rydberg stage 528/798.
[INFO] Enola: Solve for Rydberg stage 529/798.
[INFO] Enola: Solve for Rydberg stage 530/798.
[INFO] Enola: Solve for Rydberg stage 531/798.
[INFO] Enola: Solve for Rydberg stage 532/798.
[INFO] Enola: Solve for Rydberg stage 533/798.
[INFO] Enola: Solve for Rydberg stage 534/798.
[INFO] Enola: Solve for Rydberg stage 535/798.
[INFO] Enola: Solve for Rydberg stage 536/798.
[INFO] Enola: Solve for Rydberg stage 537/798.
[INFO] Enola: Solve for Rydberg stage 538/798.
[INFO] Enola: Solve for Rydberg stage 539/798.
[INFO] Enola: Solve for Rydberg stage 540/798.
[INFO] Enola: Solve for Rydberg stage 541/798.
[INFO] Enola: Solve for Rydberg stage 542/798.
[INFO] Enola: Solve for Rydberg stage 543/798.
[INFO] Enola: Solve for Rydberg stage 544/798.
[INFO] Enola: Solve for Rydberg stage 545/798.
[INFO] Enola: Solve for Rydberg stage 546/798.
[INFO] Enola: Solve for Rydberg stage 547/798.
[INFO] Enola: Solve for Rydberg stage 548/798.
[INFO] Enola: Solve for Rydberg stage 549/798.
[INFO] Enola: Solve for Rydberg stage 550/798.
[INFO] Enola: Solve for Rydberg stage 551/798.
[INFO] Enola: Solve for Rydberg stage 552/798.
[INFO] Enola: Solve for Rydberg stage 553/798.
[INFO] Enola: Solve for Rydberg stage 554/798.
[INFO] Enola: Solve for Rydberg stage 555/798.
[INFO] Enola: Solve for Rydberg stage 556/798.
[INFO] Enola: Solve for Rydberg stage 557/798.
[INFO] Enola: Solve for Rydberg stage 558/798.
[INFO] Enola: Solve for Rydberg stage 559/798.
[INFO] Enola: Solve for Rydberg stage 560/798.
[INFO] Enola: Solve for Rydberg stage 561/798.
[INFO] Enola: Solve for Rydberg stage 562/798.
[INFO] Enola: Solve for Rydberg stage 563/798.
[INFO] Enola: Solve for Rydberg stage 564/798.
[INFO] Enola: Solve for Rydberg stage 565/798.
[INFO] Enola: Solve for Rydberg stage 566/798.
[INFO] Enola: Solve for Rydberg stage 567/798.
[INFO] Enola: Solve for Rydberg stage 568/798.
[INFO] Enola: Solve for Rydberg stage 569/798.
[INFO] Enola: Solve for Rydberg stage 570/798.
[INFO] Enola: Solve for Rydberg stage 571/798.
[INFO] Enola: Solve for Rydberg stage 572/798.
[INFO] Enola: Solve for Rydberg stage 573/798.
[INFO] Enola: Solve for Rydberg stage 574/798.
[INFO] Enola: Solve for Rydberg stage 575/798.
[INFO] Enola: Solve for Rydberg stage 576/798.
[INFO] Enola: Solve for Rydberg stage 577/798.
[INFO] Enola: Solve for Rydberg stage 578/798.
[INFO] Enola: Solve for Rydberg stage 579/798.
[INFO] Enola: Solve for Rydberg stage 580/798.
[INFO] Enola: Solve for Rydberg stage 581/798.
[INFO] Enola: Solve for Rydberg stage 582/798.
[INFO] Enola: Solve for Rydberg stage 583/798.
[INFO] Enola: Solve for Rydberg stage 584/798.
[INFO] Enola: Solve for Rydberg stage 585/798.
[INFO] Enola: Solve for Rydberg stage 586/798.
[INFO] Enola: Solve for Rydberg stage 587/798.
[INFO] Enola: Solve for Rydberg stage 588/798.
[INFO] Enola: Solve for Rydberg stage 589/798.
[INFO] Enola: Solve for Rydberg stage 590/798.
[INFO] Enola: Solve for Rydberg stage 591/798.
[INFO] Enola: Solve for Rydberg stage 592/798.
[INFO] Enola: Solve for Rydberg stage 593/798.
[INFO] Enola: Solve for Rydberg stage 594/798.
[INFO] Enola: Solve for Rydberg stage 595/798.
[INFO] Enola: Solve for Rydberg stage 596/798.
[INFO] Enola: Solve for Rydberg stage 597/798.
[INFO] Enola: Solve for Rydberg stage 598/798.
[INFO] Enola: Solve for Rydberg stage 599/798.
[INFO] Enola: Solve for Rydberg stage 600/798.
[INFO] Enola: Solve for Rydberg stage 601/798.
[INFO] Enola: Solve for Rydberg stage 602/798.
[INFO] Enola: Solve for Rydberg stage 603/798.
[INFO] Enola: Solve for Rydberg stage 604/798.
[INFO] Enola: Solve for Rydberg stage 605/798.
[INFO] Enola: Solve for Rydberg stage 606/798.
[INFO] Enola: Solve for Rydberg stage 607/798.
[INFO] Enola: Solve for Rydberg stage 608/798.
[INFO] Enola: Solve for Rydberg stage 609/798.
[INFO] Enola: Solve for Rydberg stage 610/798.
[INFO] Enola: Solve for Rydberg stage 611/798.
[INFO] Enola: Solve for Rydberg stage 612/798.
[INFO] Enola: Solve for Rydberg stage 613/798.
[INFO] Enola: Solve for Rydberg stage 614/798.
[INFO] Enola: Solve for Rydberg stage 615/798.
[INFO] Enola: Solve for Rydberg stage 616/798.
[INFO] Enola: Solve for Rydberg stage 617/798.
[INFO] Enola: Solve for Rydberg stage 618/798.
[INFO] Enola: Solve for Rydberg stage 619/798.
[INFO] Enola: Solve for Rydberg stage 620/798.
[INFO] Enola: Solve for Rydberg stage 621/798.
[INFO] Enola: Solve for Rydberg stage 622/798.
[INFO] Enola: Solve for Rydberg stage 623/798.
[INFO] Enola: Solve for Rydberg stage 624/798.
[INFO] Enola: Solve for Rydberg stage 625/798.
[INFO] Enola: Solve for Rydberg stage 626/798.
[INFO] Enola: Solve for Rydberg stage 627/798.
[INFO] Enola: Solve for Rydberg stage 628/798.
[INFO] Enola: Solve for Rydberg stage 629/798.
[INFO] Enola: Solve for Rydberg stage 630/798.
[INFO] Enola: Solve for Rydberg stage 631/798.
[INFO] Enola: Solve for Rydberg stage 632/798.
[INFO] Enola: Solve for Rydberg stage 633/798.
[INFO] Enola: Solve for Rydberg stage 634/798.
[INFO] Enola: Solve for Rydberg stage 635/798.
[INFO] Enola: Solve for Rydberg stage 636/798.
[INFO] Enola: Solve for Rydberg stage 637/798.
[INFO] Enola: Solve for Rydberg stage 638/798.
[INFO] Enola: Solve for Rydberg stage 639/798.
[INFO] Enola: Solve for Rydberg stage 640/798.
[INFO] Enola: Solve for Rydberg stage 641/798.
[INFO] Enola: Solve for Rydberg stage 642/798.
[INFO] Enola: Solve for Rydberg stage 643/798.
[INFO] Enola: Solve for Rydberg stage 644/798.
[INFO] Enola: Solve for Rydberg stage 645/798.
[INFO] Enola: Solve for Rydberg stage 646/798.
[INFO] Enola: Solve for Rydberg stage 647/798.
[INFO] Enola: Solve for Rydberg stage 648/798.
[INFO] Enola: Solve for Rydberg stage 649/798.
[INFO] Enola: Solve for Rydberg stage 650/798.
[INFO] Enola: Solve for Rydberg stage 651/798.
[INFO] Enola: Solve for Rydberg stage 652/798.
[INFO] Enola: Solve for Rydberg stage 653/798.
[INFO] Enola: Solve for Rydberg stage 654/798.
[INFO] Enola: Solve for Rydberg stage 655/798.
[INFO] Enola: Solve for Rydberg stage 656/798.
[INFO] Enola: Solve for Rydberg stage 657/798.
[INFO] Enola: Solve for Rydberg stage 658/798.
[INFO] Enola: Solve for Rydberg stage 659/798.
[INFO] Enola: Solve for Rydberg stage 660/798.
[INFO] Enola: Solve for Rydberg stage 661/798.
[INFO] Enola: Solve for Rydberg stage 662/798.
[INFO] Enola: Solve for Rydberg stage 663/798.
[INFO] Enola: Solve for Rydberg stage 664/798.
[INFO] Enola: Solve for Rydberg stage 665/798.
[INFO] Enola: Solve for Rydberg stage 666/798.
[INFO] Enola: Solve for Rydberg stage 667/798.
[INFO] Enola: Solve for Rydberg stage 668/798.
[INFO] Enola: Solve for Rydberg stage 669/798.
[INFO] Enola: Solve for Rydberg stage 670/798.
[INFO] Enola: Solve for Rydberg stage 671/798.
[INFO] Enola: Solve for Rydberg stage 672/798.
[INFO] Enola: Solve for Rydberg stage 673/798.
[INFO] Enola: Solve for Rydberg stage 674/798.
[INFO] Enola: Solve for Rydberg stage 675/798.
[INFO] Enola: Solve for Rydberg stage 676/798.
[INFO] Enola: Solve for Rydberg stage 677/798.
[INFO] Enola: Solve for Rydberg stage 678/798.
[INFO] Enola: Solve for Rydberg stage 679/798.
[INFO] Enola: Solve for Rydberg stage 680/798.
[INFO] Enola: Solve for Rydberg stage 681/798.
[INFO] Enola: Solve for Rydberg stage 682/798.
[INFO] Enola: Solve for Rydberg stage 683/798.
[INFO] Enola: Solve for Rydberg stage 684/798.
[INFO] Enola: Solve for Rydberg stage 685/798.
[INFO] Enola: Solve for Rydberg stage 686/798.
[INFO] Enola: Solve for Rydberg stage 687/798.
[INFO] Enola: Solve for Rydberg stage 688/798.
[INFO] Enola: Solve for Rydberg stage 689/798.
[INFO] Enola: Solve for Rydberg stage 690/798.
[INFO] Enola: Solve for Rydberg stage 691/798.
[INFO] Enola: Solve for Rydberg stage 692/798.
[INFO] Enola: Solve for Rydberg stage 693/798.
[INFO] Enola: Solve for Rydberg stage 694/798.
[INFO] Enola: Solve for Rydberg stage 695/798.
[INFO] Enola: Solve for Rydberg stage 696/798.
[INFO] Enola: Solve for Rydberg stage 697/798.
[INFO] Enola: Solve for Rydberg stage 698/798.
[INFO] Enola: Solve for Rydberg stage 699/798.
[INFO] Enola: Solve for Rydberg stage 700/798.
[INFO] Enola: Solve for Rydberg stage 701/798.
[INFO] Enola: Solve for Rydberg stage 702/798.
[INFO] Enola: Solve for Rydberg stage 703/798.
[INFO] Enola: Solve for Rydberg stage 704/798.
[INFO] Enola: Solve for Rydberg stage 705/798.
[INFO] Enola: Solve for Rydberg stage 706/798.
[INFO] Enola: Solve for Rydberg stage 707/798.
[INFO] Enola: Solve for Rydberg stage 708/798.
[INFO] Enola: Solve for Rydberg stage 709/798.
[INFO] Enola: Solve for Rydberg stage 710/798.
[INFO] Enola: Solve for Rydberg stage 711/798.
[INFO] Enola: Solve for Rydberg stage 712/798.
[INFO] Enola: Solve for Rydberg stage 713/798.
[INFO] Enola: Solve for Rydberg stage 714/798.
[INFO] Enola: Solve for Rydberg stage 715/798.
[INFO] Enola: Solve for Rydberg stage 716/798.
[INFO] Enola: Solve for Rydberg stage 717/798.
[INFO] Enola: Solve for Rydberg stage 718/798.
[INFO] Enola: Solve for Rydberg stage 719/798.
[INFO] Enola: Solve for Rydberg stage 720/798.
[INFO] Enola: Solve for Rydberg stage 721/798.
[INFO] Enola: Solve for Rydberg stage 722/798.
[INFO] Enola: Solve for Rydberg stage 723/798.
[INFO] Enola: Solve for Rydberg stage 724/798.
[INFO] Enola: Solve for Rydberg stage 725/798.
[INFO] Enola: Solve for Rydberg stage 726/798.
[INFO] Enola: Solve for Rydberg stage 727/798.
[INFO] Enola: Solve for Rydberg stage 728/798.
[INFO] Enola: Solve for Rydberg stage 729/798.
[INFO] Enola: Solve for Rydberg stage 730/798.
[INFO] Enola: Solve for Rydberg stage 731/798.
[INFO] Enola: Solve for Rydberg stage 732/798.
[INFO] Enola: Solve for Rydberg stage 733/798.
[INFO] Enola: Solve for Rydberg stage 734/798.
[INFO] Enola: Solve for Rydberg stage 735/798.
[INFO] Enola: Solve for Rydberg stage 736/798.
[INFO] Enola: Solve for Rydberg stage 737/798.
[INFO] Enola: Solve for Rydberg stage 738/798.
[INFO] Enola: Solve for Rydberg stage 739/798.
[INFO] Enola: Solve for Rydberg stage 740/798.
[INFO] Enola: Solve for Rydberg stage 741/798.
[INFO] Enola: Solve for Rydberg stage 742/798.
[INFO] Enola: Solve for Rydberg stage 743/798.
[INFO] Enola: Solve for Rydberg stage 744/798.
[INFO] Enola: Solve for Rydberg stage 745/798.
[INFO] Enola: Solve for Rydberg stage 746/798.
[INFO] Enola: Solve for Rydberg stage 747/798.
[INFO] Enola: Solve for Rydberg stage 748/798.
[INFO] Enola: Solve for Rydberg stage 749/798.
[INFO] Enola: Solve for Rydberg stage 750/798.
[INFO] Enola: Solve for Rydberg stage 751/798.
[INFO] Enola: Solve for Rydberg stage 752/798.
[INFO] Enola: Solve for Rydberg stage 753/798.
[INFO] Enola: Solve for Rydberg stage 754/798.
[INFO] Enola: Solve for Rydberg stage 755/798.
[INFO] Enola: Solve for Rydberg stage 756/798.
[INFO] Enola: Solve for Rydberg stage 757/798.
[INFO] Enola: Solve for Rydberg stage 758/798.
[INFO] Enola: Solve for Rydberg stage 759/798.
[INFO] Enola: Solve for Rydberg stage 760/798.
[INFO] Enola: Solve for Rydberg stage 761/798.
[INFO] Enola: Solve for Rydberg stage 762/798.
[INFO] Enola: Solve for Rydberg stage 763/798.
[INFO] Enola: Solve for Rydberg stage 764/798.
[INFO] Enola: Solve for Rydberg stage 765/798.
[INFO] Enola: Solve for Rydberg stage 766/798.
[INFO] Enola: Solve for Rydberg stage 767/798.
[INFO] Enola: Solve for Rydberg stage 768/798.
[INFO] Enola: Solve for Rydberg stage 769/798.
[INFO] Enola: Solve for Rydberg stage 770/798.
[INFO] Enola: Solve for Rydberg stage 771/798.
[INFO] Enola: Solve for Rydberg stage 772/798.
[INFO] Enola: Solve for Rydberg stage 773/798.
[INFO] Enola: Solve for Rydberg stage 774/798.
[INFO] Enola: Solve for Rydberg stage 775/798.
[INFO] Enola: Solve for Rydberg stage 776/798.
[INFO] Enola: Solve for Rydberg stage 777/798.
[INFO] Enola: Solve for Rydberg stage 778/798.
[INFO] Enola: Solve for Rydberg stage 779/798.
[INFO] Enola: Solve for Rydberg stage 780/798.
[INFO] Enola: Solve for Rydberg stage 781/798.
[INFO] Enola: Solve for Rydberg stage 782/798.
[INFO] Enola: Solve for Rydberg stage 783/798.
[INFO] Enola: Solve for Rydberg stage 784/798.
[INFO] Enola: Solve for Rydberg stage 785/798.
[INFO] Enola: Solve for Rydberg stage 786/798.
[INFO] Enola: Solve for Rydberg stage 787/798.
[INFO] Enola: Solve for Rydberg stage 788/798.
[INFO] Enola: Solve for Rydberg stage 789/798.
[INFO] Enola: Solve for Rydberg stage 790/798.
[INFO] Enola: Solve for Rydberg stage 791/798.
[INFO] Enola: Solve for Rydberg stage 792/798.
[INFO] Enola: Solve for Rydberg stage 793/798.
[INFO] Enola: Solve for Rydberg stage 794/798.
[INFO] Enola: Solve for Rydberg stage 795/798.
[INFO] Enola: Solve for Rydberg stage 796/798.
[INFO] Enola: Solve for Rydberg stage 797/798.
[INFO] Enola: Solve for Rydberg stage 798/798.
[INFO] Enola: Solve for Rydberg stage 799/798.
[INFO] Enola: Time for routing: 0.12222981452941895s
[INFO] Enola: Total Time: 3.191948890686035s
Compilation successful.

2026-03-25 13:02:47,212 - BenchmarkManager - INFO - Wrote metrics summary for enola: results/metrics/20260325_130123_arch/enola.json
