2026-03-25 16:13:23,777 - BenchmarkManager - INFO - Initializing 4 compilers...
2026-03-25 16:13:23,778 - BenchmarkManager - INFO - Output directory for weaver: results/circuits/weaver
2026-03-25 16:13:23,779 - BenchmarkManager - INFO - Output directory for zac: results/circuits/zac
2026-03-25 16:13:23,780 - BenchmarkManager - INFO - Output directory for nalac: results/circuits/nalac
2026-03-25 16:13:23,781 - BenchmarkManager - INFO - Output directory for enola: results/circuits/enola
2026-03-25 16:13:23,782 - BenchmarkManager - INFO - Starting benchmark execution ...
2026-03-25 16:13:23,783 - BenchmarkManager - INFO - Found 1 CNF benchmark circuits in '/u/halle/heiz/home_at/BachelorProject/benchmarks/uf2'
2026-03-25 16:13:23,783 - BenchmarkManager - INFO -   - /u/halle/heiz/home_at/BachelorProject/benchmarks/uf2/uf200-020.cnf
2026-03-25 16:13:23,784 - BenchmarkManager - INFO - weaver (run 1/1) - Running /u/halle/heiz/home_at/BachelorProject/benchmarks/uf2/uf200-020.cnf
2026-03-25 16:13:27,778 - Compiler.weaver - INFO - STDOUT:
num_colors: 22, num_slm_rows: 46, num_slm_cols: 2980, num_aod_rows: 1, num_aod_cols: 200
Compilation successful.

2026-03-25 16:13:28,131 - BenchmarkManager - INFO - Wrote metrics summary for weaver: results/metrics/20260325_161323_arch/weaver.json
2026-03-25 16:13:28,132 - BenchmarkManager - INFO - Found 1 QASM benchmark circuits in '/u/halle/heiz/home_at/BachelorProject/benchmarks/uf2'
2026-03-25 16:13:28,133 - BenchmarkManager - INFO -   - /u/halle/heiz/home_at/BachelorProject/benchmarks/uf2/uf200-020.qasm
2026-03-25 16:13:28,134 - BenchmarkManager - INFO - zac (run 1/1) - Running /u/halle/heiz/home_at/BachelorProject/benchmarks/uf2/uf200-020.qasm
2026-03-25 16:13:39,534 - Compiler.zac - INFO - STDOUT:
Compilation successful.

2026-03-25 16:13:39,799 - BenchmarkManager - INFO - Wrote metrics summary for zac: results/metrics/20260325_161323_arch/zac.json
2026-03-25 16:13:39,799 - BenchmarkManager - INFO - Found 1 QASM benchmark circuits in '/u/halle/heiz/home_at/BachelorProject/benchmarks/uf2'
2026-03-25 16:13:39,800 - BenchmarkManager - INFO -   - /u/halle/heiz/home_at/BachelorProject/benchmarks/uf2/uf200-020.qasm
2026-03-25 16:13:39,800 - BenchmarkManager - INFO - nalac (run 1/1) - Running /u/halle/heiz/home_at/BachelorProject/benchmarks/uf2/uf200-020.qasm
2026-03-25 16:13:41,093 - Compiler.nalac - INFO - STDOUT:
Compilation successful.

2026-03-25 16:13:41,237 - BenchmarkManager - INFO - Wrote metrics summary for nalac: results/metrics/20260325_161323_arch/nalac.json
2026-03-25 16:13:41,238 - BenchmarkManager - INFO - Found 1 QASM benchmark circuits in '/u/halle/heiz/home_at/BachelorProject/benchmarks/uf2'
2026-03-25 16:13:41,238 - BenchmarkManager - INFO -   - /u/halle/heiz/home_at/BachelorProject/benchmarks/uf2/uf200-020.qasm
2026-03-25 16:13:41,238 - BenchmarkManager - INFO - enola (run 1/1) - Running /u/halle/heiz/home_at/BachelorProject/benchmarks/uf2/uf200-020.qasm
2026-03-25 16:15:14,467 - Compiler.enola - INFO - STDOUT:
[INFO] Enola: Start Solving
[INFO] Enola: Run scheduling
[INFO] Enola: Time for scheduling: 0.0024650096893310547s
300
[INFO] Enola: Time for placement: 2.193450927734375e-05s
[INFO] Enola: Solve for Rydberg stage 2/2224.
[INFO] Enola: Solve for Rydberg stage 3/2224.
[INFO] Enola: Solve for Rydberg stage 4/2224.
[INFO] Enola: Solve for Rydberg stage 5/2224.
[INFO] Enola: Solve for Rydberg stage 6/2224.
[INFO] Enola: Solve for Rydberg stage 7/2224.
[INFO] Enola: Solve for Rydberg stage 8/2224.
[INFO] Enola: Solve for Rydberg stage 9/2224.
[INFO] Enola: Solve for Rydberg stage 10/2224.
[INFO] Enola: Solve for Rydberg stage 11/2224.
[INFO] Enola: Solve for Rydberg stage 12/2224.
[INFO] Enola: Solve for Rydberg stage 13/2224.
[INFO] Enola: Solve for Rydberg stage 14/2224.
[INFO] Enola: Solve for Rydberg stage 15/2224.
[INFO] Enola: Solve for Rydberg stage 16/2224.
[INFO] Enola: Solve for Rydberg stage 17/2224.
[INFO] Enola: Solve for Rydberg stage 18/2224.
[INFO] Enola: Solve for Rydberg stage 19/2224.
[INFO] Enola: Solve for Rydberg stage 20/2224.
[INFO] Enola: Solve for Rydberg stage 21/2224.
[INFO] Enola: Solve for Rydberg stage 22/2224.
[INFO] Enola: Solve for Rydberg stage 23/2224.
[INFO] Enola: Solve for Rydberg stage 24/2224.
[INFO] Enola: Solve for Rydberg stage 25/2224.
[INFO] Enola: Solve for Rydberg stage 26/2224.
[INFO] Enola: Solve for Rydberg stage 27/2224.
[INFO] Enola: Solve for Rydberg stage 28/2224.
[INFO] Enola: Solve for Rydberg stage 29/2224.
[INFO] Enola: Solve for Rydberg stage 30/2224.
[INFO] Enola: Solve for Rydberg stage 31/2224.
[INFO] Enola: Solve for Rydberg stage 32/2224.
[INFO] Enola: Solve for Rydberg stage 33/2224.
[INFO] Enola: Solve for Rydberg stage 34/2224.
[INFO] Enola: Solve for Rydberg stage 35/2224.
[INFO] Enola: Solve for Rydberg stage 36/2224.
[INFO] Enola: Solve for Rydberg stage 37/2224.
[INFO] Enola: Solve for Rydberg stage 38/2224.
[INFO] Enola: Solve for Rydberg stage 39/2224.
[INFO] Enola: Solve for Rydberg stage 40/2224.
[INFO] Enola: Solve for Rydberg stage 41/2224.
[INFO] Enola: Solve for Rydberg stage 42/2224.
[INFO] Enola: Solve for Rydberg stage 43/2224.
[INFO] Enola: Solve for Rydberg stage 44/2224.
[INFO] Enola: Solve for Rydberg stage 45/2224.
[INFO] Enola: Solve for Rydberg stage 46/2224.
[INFO] Enola: Solve for Rydberg stage 47/2224.
[INFO] Enola: Solve for Rydberg stage 48/2224.
[INFO] Enola: Solve for Rydberg stage 49/2224.
[INFO] Enola: Solve for Rydberg stage 50/2224.
[INFO] Enola: Solve for Rydberg stage 51/2224.
[INFO] Enola: Solve for Rydberg stage 52/2224.
[INFO] Enola: Solve for Rydberg stage 53/2224.
[INFO] Enola: Solve for Rydberg stage 54/2224.
[INFO] Enola: Solve for Rydberg stage 55/2224.
[INFO] Enola: Solve for Rydberg stage 56/2224.
[INFO] Enola: Solve for Rydberg stage 57/2224.
[INFO] Enola: Solve for Rydberg stage 58/2224.
[INFO] Enola: Solve for Rydberg stage 59/2224.
[INFO] Enola: Solve for Rydberg stage 60/2224.
[INFO] Enola: Solve for Rydberg stage 61/2224.
[INFO] Enola: Solve for Rydberg stage 62/2224.
[INFO] Enola: Solve for Rydberg stage 63/2224.
[INFO] Enola: Solve for Rydberg stage 64/2224.
[INFO] Enola: Solve for Rydberg stage 65/2224.
[INFO] Enola: Solve for Rydberg stage 66/2224.
[INFO] Enola: Solve for Rydberg stage 67/2224.
[INFO] Enola: Solve for Rydberg stage 68/2224.
[INFO] Enola: Solve for Rydberg stage 69/2224.
[INFO] Enola: Solve for Rydberg stage 70/2224.
[INFO] Enola: Solve for Rydberg stage 71/2224.
[INFO] Enola: Solve for Rydberg stage 72/2224.
[INFO] Enola: Solve for Rydberg stage 73/2224.
[INFO] Enola: Solve for Rydberg stage 74/2224.
[INFO] Enola: Solve for Rydberg stage 75/2224.
[INFO] Enola: Solve for Rydberg stage 76/2224.
[INFO] Enola: Solve for Rydberg stage 77/2224.
[INFO] Enola: Solve for Rydberg stage 78/2224.
[INFO] Enola: Solve for Rydberg stage 79/2224.
[INFO] Enola: Solve for Rydberg stage 80/2224.
[INFO] Enola: Solve for Rydberg stage 81/2224.
[INFO] Enola: Solve for Rydberg stage 82/2224.
[INFO] Enola: Solve for Rydberg stage 83/2224.
[INFO] Enola: Solve for Rydberg stage 84/2224.
[INFO] Enola: Solve for Rydberg stage 85/2224.
[INFO] Enola: Solve for Rydberg stage 86/2224.
[INFO] Enola: Solve for Rydberg stage 87/2224.
[INFO] Enola: Solve for Rydberg stage 88/2224.
[INFO] Enola: Solve for Rydberg stage 89/2224.
[INFO] Enola: Solve for Rydberg stage 90/2224.
[INFO] Enola: Solve for Rydberg stage 91/2224.
[INFO] Enola: Solve for Rydberg stage 92/2224.
[INFO] Enola: Solve for Rydberg stage 93/2224.
[INFO] Enola: Solve for Rydberg stage 94/2224.
[INFO] Enola: Solve for Rydberg stage 95/2224.
[INFO] Enola: Solve for Rydberg stage 96/2224.
[INFO] Enola: Solve for Rydberg stage 97/2224.
[INFO] Enola: Solve for Rydberg stage 98/2224.
[INFO] Enola: Solve for Rydberg stage 99/2224.
[INFO] Enola: Solve for Rydberg stage 100/2224.
[INFO] Enola: Solve for Rydberg stage 101/2224.
[INFO] Enola: Solve for Rydberg stage 102/2224.
[INFO] Enola: Solve for Rydberg stage 103/2224.
[INFO] Enola: Solve for Rydberg stage 104/2224.
[INFO] Enola: Solve for Rydberg stage 105/2224.
[INFO] Enola: Solve for Rydberg stage 106/2224.
[INFO] Enola: Solve for Rydberg stage 107/2224.
[INFO] Enola: Solve for Rydberg stage 108/2224.
[INFO] Enola: Solve for Rydberg stage 109/2224.
[INFO] Enola: Solve for Rydberg stage 110/2224.
[INFO] Enola: Solve for Rydberg stage 111/2224.
[INFO] Enola: Solve for Rydberg stage 112/2224.
[INFO] Enola: Solve for Rydberg stage 113/2224.
[INFO] Enola: Solve for Rydberg stage 114/2224.
[INFO] Enola: Solve for Rydberg stage 115/2224.
[INFO] Enola: Solve for Rydberg stage 116/2224.
[INFO] Enola: Solve for Rydberg stage 117/2224.
[INFO] Enola: Solve for Rydberg stage 118/2224.
[INFO] Enola: Solve for Rydberg stage 119/2224.
[INFO] Enola: Solve for Rydberg stage 120/2224.
[INFO] Enola: Solve for Rydberg stage 121/2224.
[INFO] Enola: Solve for Rydberg stage 122/2224.
[INFO] Enola: Solve for Rydberg stage 123/2224.
[INFO] Enola: Solve for Rydberg stage 124/2224.
[INFO] Enola: Solve for Rydberg stage 125/2224.
[INFO] Enola: Solve for Rydberg stage 126/2224.
[INFO] Enola: Solve for Rydberg stage 127/2224.
[INFO] Enola: Solve for Rydberg stage 128/2224.
[INFO] Enola: Solve for Rydberg stage 129/2224.
[INFO] Enola: Solve for Rydberg stage 130/2224.
[INFO] Enola: Solve for Rydberg stage 131/2224.
[INFO] Enola: Solve for Rydberg stage 132/2224.
[INFO] Enola: Solve for Rydberg stage 133/2224.
[INFO] Enola: Solve for Rydberg stage 134/2224.
[INFO] Enola: Solve for Rydberg stage 135/2224.
[INFO] Enola: Solve for Rydberg stage 136/2224.
[INFO] Enola: Solve for Rydberg stage 137/2224.
[INFO] Enola: Solve for Rydberg stage 138/2224.
[INFO] Enola: Solve for Rydberg stage 139/2224.
[INFO] Enola: Solve for Rydberg stage 140/2224.
[INFO] Enola: Solve for Rydberg stage 141/2224.
[INFO] Enola: Solve for Rydberg stage 142/2224.
[INFO] Enola: Solve for Rydberg stage 143/2224.
[INFO] Enola: Solve for Rydberg stage 144/2224.
[INFO] Enola: Solve for Rydberg stage 145/2224.
[INFO] Enola: Solve for Rydberg stage 146/2224.
[INFO] Enola: Solve for Rydberg stage 147/2224.
[INFO] Enola: Solve for Rydberg stage 148/2224.
[INFO] Enola: Solve for Rydberg stage 149/2224.
[INFO] Enola: Solve for Rydberg stage 150/2224.
[INFO] Enola: Solve for Rydberg stage 151/2224.
[INFO] Enola: Solve for Rydberg stage 152/2224.
[INFO] Enola: Solve for Rydberg stage 153/2224.
[INFO] Enola: Solve for Rydberg stage 154/2224.
[INFO] Enola: Solve for Rydberg stage 155/2224.
[INFO] Enola: Solve for Rydberg stage 156/2224.
[INFO] Enola: Solve for Rydberg stage 157/2224.
[INFO] Enola: Solve for Rydberg stage 158/2224.
[INFO] Enola: Solve for Rydberg stage 159/2224.
[INFO] Enola: Solve for Rydberg stage 160/2224.
[INFO] Enola: Solve for Rydberg stage 161/2224.
[INFO] Enola: Solve for Rydberg stage 162/2224.
[INFO] Enola: Solve for Rydberg stage 163/2224.
[INFO] Enola: Solve for Rydberg stage 164/2224.
[INFO] Enola: Solve for Rydberg stage 165/2224.
[INFO] Enola: Solve for Rydberg stage 166/2224.
[INFO] Enola: Solve for Rydberg stage 167/2224.
[INFO] Enola: Solve for Rydberg stage 168/2224.
[INFO] Enola: Solve for Rydberg stage 169/2224.
[INFO] Enola: Solve for Rydberg stage 170/2224.
[INFO] Enola: Solve for Rydberg stage 171/2224.
[INFO] Enola: Solve for Rydberg stage 172/2224.
[INFO] Enola: Solve for Rydberg stage 173/2224.
[INFO] Enola: Solve for Rydberg stage 174/2224.
[INFO] Enola: Solve for Rydberg stage 175/2224.
[INFO] Enola: Solve for Rydberg stage 176/2224.
[INFO] Enola: Solve for Rydberg stage 177/2224.
[INFO] Enola: Solve for Rydberg stage 178/2224.
[INFO] Enola: Solve for Rydberg stage 179/2224.
[INFO] Enola: Solve for Rydberg stage 180/2224.
[INFO] Enola: Solve for Rydberg stage 181/2224.
[INFO] Enola: Solve for Rydberg stage 182/2224.
[INFO] Enola: Solve for Rydberg stage 183/2224.
[INFO] Enola: Solve for Rydberg stage 184/2224.
[INFO] Enola: Solve for Rydberg stage 185/2224.
[INFO] Enola: Solve for Rydberg stage 186/2224.
[INFO] Enola: Solve for Rydberg stage 187/2224.
[INFO] Enola: Solve for Rydberg stage 188/2224.
[INFO] Enola: Solve for Rydberg stage 189/2224.
[INFO] Enola: Solve for Rydberg stage 190/2224.
[INFO] Enola: Solve for Rydberg stage 191/2224.
[INFO] Enola: Solve for Rydberg stage 192/2224.
[INFO] Enola: Solve for Rydberg stage 193/2224.
[INFO] Enola: Solve for Rydberg stage 194/2224.
[INFO] Enola: Solve for Rydberg stage 195/2224.
[INFO] Enola: Solve for Rydberg stage 196/2224.
[INFO] Enola: Solve for Rydberg stage 197/2224.
[INFO] Enola: Solve for Rydberg stage 198/2224.
[INFO] Enola: Solve for Rydberg stage 199/2224.
[INFO] Enola: Solve for Rydberg stage 200/2224.
[INFO] Enola: Solve for Rydberg stage 201/2224.
[INFO] Enola: Solve for Rydberg stage 202/2224.
[INFO] Enola: Solve for Rydberg stage 203/2224.
[INFO] Enola: Solve for Rydberg stage 204/2224.
[INFO] Enola: Solve for Rydberg stage 205/2224.
[INFO] Enola: Solve for Rydberg stage 206/2224.
[INFO] Enola: Solve for Rydberg stage 207/2224.
[INFO] Enola: Solve for Rydberg stage 208/2224.
[INFO] Enola: Solve for Rydberg stage 209/2224.
[INFO] Enola: Solve for Rydberg stage 210/2224.
[INFO] Enola: Solve for Rydberg stage 211/2224.
[INFO] Enola: Solve for Rydberg stage 212/2224.
[INFO] Enola: Solve for Rydberg stage 213/2224.
[INFO] Enola: Solve for Rydberg stage 214/2224.
[INFO] Enola: Solve for Rydberg stage 215/2224.
[INFO] Enola: Solve for Rydberg stage 216/2224.
[INFO] Enola: Solve for Rydberg stage 217/2224.
[INFO] Enola: Solve for Rydberg stage 218/2224.
[INFO] Enola: Solve for Rydberg stage 219/2224.
[INFO] Enola: Solve for Rydberg stage 220/2224.
[INFO] Enola: Solve for Rydberg stage 221/2224.
[INFO] Enola: Solve for Rydberg stage 222/2224.
[INFO] Enola: Solve for Rydberg stage 223/2224.
[INFO] Enola: Solve for Rydberg stage 224/2224.
[INFO] Enola: Solve for Rydberg stage 225/2224.
[INFO] Enola: Solve for Rydberg stage 226/2224.
[INFO] Enola: Solve for Rydberg stage 227/2224.
[INFO] Enola: Solve for Rydberg stage 228/2224.
[INFO] Enola: Solve for Rydberg stage 229/2224.
[INFO] Enola: Solve for Rydberg stage 230/2224.
[INFO] Enola: Solve for Rydberg stage 231/2224.
[INFO] Enola: Solve for Rydberg stage 232/2224.
[INFO] Enola: Solve for Rydberg stage 233/2224.
[INFO] Enola: Solve for Rydberg stage 234/2224.
[INFO] Enola: Solve for Rydberg stage 235/2224.
[INFO] Enola: Solve for Rydberg stage 236/2224.
[INFO] Enola: Solve for Rydberg stage 237/2224.
[INFO] Enola: Solve for Rydberg stage 238/2224.
[INFO] Enola: Solve for Rydberg stage 239/2224.
[INFO] Enola: Solve for Rydberg stage 240/2224.
[INFO] Enola: Solve for Rydberg stage 241/2224.
[INFO] Enola: Solve for Rydberg stage 242/2224.
[INFO] Enola: Solve for Rydberg stage 243/2224.
[INFO] Enola: Solve for Rydberg stage 244/2224.
[INFO] Enola: Solve for Rydberg stage 245/2224.
[INFO] Enola: Solve for Rydberg stage 246/2224.
[INFO] Enola: Solve for Rydberg stage 247/2224.
[INFO] Enola: Solve for Rydberg stage 248/2224.
[INFO] Enola: Solve for Rydberg stage 249/2224.
[INFO] Enola: Solve for Rydberg stage 250/2224.
[INFO] Enola: Solve for Rydberg stage 251/2224.
[INFO] Enola: Solve for Rydberg stage 252/2224.
[INFO] Enola: Solve for Rydberg stage 253/2224.
[INFO] Enola: Solve for Rydberg stage 254/2224.
[INFO] Enola: Solve for Rydberg stage 255/2224.
[INFO] Enola: Solve for Rydberg stage 256/2224.
[INFO] Enola: Solve for Rydberg stage 257/2224.
[INFO] Enola: Solve for Rydberg stage 258/2224.
[INFO] Enola: Solve for Rydberg stage 259/2224.
[INFO] Enola: Solve for Rydberg stage 260/2224.
[INFO] Enola: Solve for Rydberg stage 261/2224.
[INFO] Enola: Solve for Rydberg stage 262/2224.
[INFO] Enola: Solve for Rydberg stage 263/2224.
[INFO] Enola: Solve for Rydberg stage 264/2224.
[INFO] Enola: Solve for Rydberg stage 265/2224.
[INFO] Enola: Solve for Rydberg stage 266/2224.
[INFO] Enola: Solve for Rydberg stage 267/2224.
[INFO] Enola: Solve for Rydberg stage 268/2224.
[INFO] Enola: Solve for Rydberg stage 269/2224.
[INFO] Enola: Solve for Rydberg stage 270/2224.
[INFO] Enola: Solve for Rydberg stage 271/2224.
[INFO] Enola: Solve for Rydberg stage 272/2224.
[INFO] Enola: Solve for Rydberg stage 273/2224.
[INFO] Enola: Solve for Rydberg stage 274/2224.
[INFO] Enola: Solve for Rydberg stage 275/2224.
[INFO] Enola: Solve for Rydberg stage 276/2224.
[INFO] Enola: Solve for Rydberg stage 277/2224.
[INFO] Enola: Solve for Rydberg stage 278/2224.
[INFO] Enola: Solve for Rydberg stage 279/2224.
[INFO] Enola: Solve for Rydberg stage 280/2224.
[INFO] Enola: Solve for Rydberg stage 281/2224.
[INFO] Enola: Solve for Rydberg stage 282/2224.
[INFO] Enola: Solve for Rydberg stage 283/2224.
[INFO] Enola: Solve for Rydberg stage 284/2224.
[INFO] Enola: Solve for Rydberg stage 285/2224.
[INFO] Enola: Solve for Rydberg stage 286/2224.
[INFO] Enola: Solve for Rydberg stage 287/2224.
[INFO] Enola: Solve for Rydberg stage 288/2224.
[INFO] Enola: Solve for Rydberg stage 289/2224.
[INFO] Enola: Solve for Rydberg stage 290/2224.
[INFO] Enola: Solve for Rydberg stage 291/2224.
[INFO] Enola: Solve for Rydberg stage 292/2224.
[INFO] Enola: Solve for Rydberg stage 293/2224.
[INFO] Enola: Solve for Rydberg stage 294/2224.
[INFO] Enola: Solve for Rydberg stage 295/2224.
[INFO] Enola: Solve for Rydberg stage 296/2224.
[INFO] Enola: Solve for Rydberg stage 297/2224.
[INFO] Enola: Solve for Rydberg stage 298/2224.
[INFO] Enola: Solve for Rydberg stage 299/2224.
[INFO] Enola: Solve for Rydberg stage 300/2224.
[INFO] Enola: Solve for Rydberg stage 301/2224.
[INFO] Enola: Solve for Rydberg stage 302/2224.
[INFO] Enola: Solve for Rydberg stage 303/2224.
[INFO] Enola: Solve for Rydberg stage 304/2224.
[INFO] Enola: Solve for Rydberg stage 305/2224.
[INFO] Enola: Solve for Rydberg stage 306/2224.
[INFO] Enola: Solve for Rydberg stage 307/2224.
[INFO] Enola: Solve for Rydberg stage 308/2224.
[INFO] Enola: Solve for Rydberg stage 309/2224.
[INFO] Enola: Solve for Rydberg stage 310/2224.
[INFO] Enola: Solve for Rydberg stage 311/2224.
[INFO] Enola: Solve for Rydberg stage 312/2224.
[INFO] Enola: Solve for Rydberg stage 313/2224.
[INFO] Enola: Solve for Rydberg stage 314/2224.
[INFO] Enola: Solve for Rydberg stage 315/2224.
[INFO] Enola: Solve for Rydberg stage 316/2224.
[INFO] Enola: Solve for Rydberg stage 317/2224.
[INFO] Enola: Solve for Rydberg stage 318/2224.
[INFO] Enola: Solve for Rydberg stage 319/2224.
[INFO] Enola: Solve for Rydberg stage 320/2224.
[INFO] Enola: Solve for Rydberg stage 321/2224.
[INFO] Enola: Solve for Rydberg stage 322/2224.
[INFO] Enola: Solve for Rydberg stage 323/2224.
[INFO] Enola: Solve for Rydberg stage 324/2224.
[INFO] Enola: Solve for Rydberg stage 325/2224.
[INFO] Enola: Solve for Rydberg stage 326/2224.
[INFO] Enola: Solve for Rydberg stage 327/2224.
[INFO] Enola: Solve for Rydberg stage 328/2224.
[INFO] Enola: Solve for Rydberg stage 329/2224.
[INFO] Enola: Solve for Rydberg stage 330/2224.
[INFO] Enola: Solve for Rydberg stage 331/2224.
[INFO] Enola: Solve for Rydberg stage 332/2224.
[INFO] Enola: Solve for Rydberg stage 333/2224.
[INFO] Enola: Solve for Rydberg stage 334/2224.
[INFO] Enola: Solve for Rydberg stage 335/2224.
[INFO] Enola: Solve for Rydberg stage 336/2224.
[INFO] Enola: Solve for Rydberg stage 337/2224.
[INFO] Enola: Solve for Rydberg stage 338/2224.
[INFO] Enola: Solve for Rydberg stage 339/2224.
[INFO] Enola: Solve for Rydberg stage 340/2224.
[INFO] Enola: Solve for Rydberg stage 341/2224.
[INFO] Enola: Solve for Rydberg stage 342/2224.
[INFO] Enola: Solve for Rydberg stage 343/2224.
[INFO] Enola: Solve for Rydberg stage 344/2224.
[INFO] Enola: Solve for Rydberg stage 345/2224.
[INFO] Enola: Solve for Rydberg stage 346/2224.
[INFO] Enola: Solve for Rydberg stage 347/2224.
[INFO] Enola: Solve for Rydberg stage 348/2224.
[INFO] Enola: Solve for Rydberg stage 349/2224.
[INFO] Enola: Solve for Rydberg stage 350/2224.
[INFO] Enola: Solve for Rydberg stage 351/2224.
[INFO] Enola: Solve for Rydberg stage 352/2224.
[INFO] Enola: Solve for Rydberg stage 353/2224.
[INFO] Enola: Solve for Rydberg stage 354/2224.
[INFO] Enola: Solve for Rydberg stage 355/2224.
[INFO] Enola: Solve for Rydberg stage 356/2224.
[INFO] Enola: Solve for Rydberg stage 357/2224.
[INFO] Enola: Solve for Rydberg stage 358/2224.
[INFO] Enola: Solve for Rydberg stage 359/2224.
[INFO] Enola: Solve for Rydberg stage 360/2224.
[INFO] Enola: Solve for Rydberg stage 361/2224.
[INFO] Enola: Solve for Rydberg stage 362/2224.
[INFO] Enola: Solve for Rydberg stage 363/2224.
[INFO] Enola: Solve for Rydberg stage 364/2224.
[INFO] Enola: Solve for Rydberg stage 365/2224.
[INFO] Enola: Solve for Rydberg stage 366/2224.
[INFO] Enola: Solve for Rydberg stage 367/2224.
[INFO] Enola: Solve for Rydberg stage 368/2224.
[INFO] Enola: Solve for Rydberg stage 369/2224.
[INFO] Enola: Solve for Rydberg stage 370/2224.
[INFO] Enola: Solve for Rydberg stage 371/2224.
[INFO] Enola: Solve for Rydberg stage 372/2224.
[INFO] Enola: Solve for Rydberg stage 373/2224.
[INFO] Enola: Solve for Rydberg stage 374/2224.
[INFO] Enola: Solve for Rydberg stage 375/2224.
[INFO] Enola: Solve for Rydberg stage 376/2224.
[INFO] Enola: Solve for Rydberg stage 377/2224.
[INFO] Enola: Solve for Rydberg stage 378/2224.
[INFO] Enola: Solve for Rydberg stage 379/2224.
[INFO] Enola: Solve for Rydberg stage 380/2224.
[INFO] Enola: Solve for Rydberg stage 381/2224.
[INFO] Enola: Solve for Rydberg stage 382/2224.
[INFO] Enola: Solve for Rydberg stage 383/2224.
[INFO] Enola: Solve for Rydberg stage 384/2224.
[INFO] Enola: Solve for Rydberg stage 385/2224.
[INFO] Enola: Solve for Rydberg stage 386/2224.
[INFO] Enola: Solve for Rydberg stage 387/2224.
[INFO] Enola: Solve for Rydberg stage 388/2224.
[INFO] Enola: Solve for Rydberg stage 389/2224.
[INFO] Enola: Solve for Rydberg stage 390/2224.
[INFO] Enola: Solve for Rydberg stage 391/2224.
[INFO] Enola: Solve for Rydberg stage 392/2224.
[INFO] Enola: Solve for Rydberg stage 393/2224.
[INFO] Enola: Solve for Rydberg stage 394/2224.
[INFO] Enola: Solve for Rydberg stage 395/2224.
[INFO] Enola: Solve for Rydberg stage 396/2224.
[INFO] Enola: Solve for Rydberg stage 397/2224.
[INFO] Enola: Solve for Rydberg stage 398/2224.
[INFO] Enola: Solve for Rydberg stage 399/2224.
[INFO] Enola: Solve for Rydberg stage 400/2224.
[INFO] Enola: Solve for Rydberg stage 401/2224.
[INFO] Enola: Solve for Rydberg stage 402/2224.
[INFO] Enola: Solve for Rydberg stage 403/2224.
[INFO] Enola: Solve for Rydberg stage 404/2224.
[INFO] Enola: Solve for Rydberg stage 405/2224.
[INFO] Enola: Solve for Rydberg stage 406/2224.
[INFO] Enola: Solve for Rydberg stage 407/2224.
[INFO] Enola: Solve for Rydberg stage 408/2224.
[INFO] Enola: Solve for Rydberg stage 409/2224.
[INFO] Enola: Solve for Rydberg stage 410/2224.
[INFO] Enola: Solve for Rydberg stage 411/2224.
[INFO] Enola: Solve for Rydberg stage 412/2224.
[INFO] Enola: Solve for Rydberg stage 413/2224.
[INFO] Enola: Solve for Rydberg stage 414/2224.
[INFO] Enola: Solve for Rydberg stage 415/2224.
[INFO] Enola: Solve for Rydberg stage 416/2224.
[INFO] Enola: Solve for Rydberg stage 417/2224.
[INFO] Enola: Solve for Rydberg stage 418/2224.
[INFO] Enola: Solve for Rydberg stage 419/2224.
[INFO] Enola: Solve for Rydberg stage 420/2224.
[INFO] Enola: Solve for Rydberg stage 421/2224.
[INFO] Enola: Solve for Rydberg stage 422/2224.
[INFO] Enola: Solve for Rydberg stage 423/2224.
[INFO] Enola: Solve for Rydberg stage 424/2224.
[INFO] Enola: Solve for Rydberg stage 425/2224.
[INFO] Enola: Solve for Rydberg stage 426/2224.
[INFO] Enola: Solve for Rydberg stage 427/2224.
[INFO] Enola: Solve for Rydberg stage 428/2224.
[INFO] Enola: Solve for Rydberg stage 429/2224.
[INFO] Enola: Solve for Rydberg stage 430/2224.
[INFO] Enola: Solve for Rydberg stage 431/2224.
[INFO] Enola: Solve for Rydberg stage 432/2224.
[INFO] Enola: Solve for Rydberg stage 433/2224.
[INFO] Enola: Solve for Rydberg stage 434/2224.
[INFO] Enola: Solve for Rydberg stage 435/2224.
[INFO] Enola: Solve for Rydberg stage 436/2224.
[INFO] Enola: Solve for Rydberg stage 437/2224.
[INFO] Enola: Solve for Rydberg stage 438/2224.
[INFO] Enola: Solve for Rydberg stage 439/2224.
[INFO] Enola: Solve for Rydberg stage 440/2224.
[INFO] Enola: Solve for Rydberg stage 441/2224.
[INFO] Enola: Solve for Rydberg stage 442/2224.
[INFO] Enola: Solve for Rydberg stage 443/2224.
[INFO] Enola: Solve for Rydberg stage 444/2224.
[INFO] Enola: Solve for Rydberg stage 445/2224.
[INFO] Enola: Solve for Rydberg stage 446/2224.
[INFO] Enola: Solve for Rydberg stage 447/2224.
[INFO] Enola: Solve for Rydberg stage 448/2224.
[INFO] Enola: Solve for Rydberg stage 449/2224.
[INFO] Enola: Solve for Rydberg stage 450/2224.
[INFO] Enola: Solve for Rydberg stage 451/2224.
[INFO] Enola: Solve for Rydberg stage 452/2224.
[INFO] Enola: Solve for Rydberg stage 453/2224.
[INFO] Enola: Solve for Rydberg stage 454/2224.
[INFO] Enola: Solve for Rydberg stage 455/2224.
[INFO] Enola: Solve for Rydberg stage 456/2224.
[INFO] Enola: Solve for Rydberg stage 457/2224.
[INFO] Enola: Solve for Rydberg stage 458/2224.
[INFO] Enola: Solve for Rydberg stage 459/2224.
[INFO] Enola: Solve for Rydberg stage 460/2224.
[INFO] Enola: Solve for Rydberg stage 461/2224.
[INFO] Enola: Solve for Rydberg stage 462/2224.
[INFO] Enola: Solve for Rydberg stage 463/2224.
[INFO] Enola: Solve for Rydberg stage 464/2224.
[INFO] Enola: Solve for Rydberg stage 465/2224.
[INFO] Enola: Solve for Rydberg stage 466/2224.
[INFO] Enola: Solve for Rydberg stage 467/2224.
[INFO] Enola: Solve for Rydberg stage 468/2224.
[INFO] Enola: Solve for Rydberg stage 469/2224.
[INFO] Enola: Solve for Rydberg stage 470/2224.
[INFO] Enola: Solve for Rydberg stage 471/2224.
[INFO] Enola: Solve for Rydberg stage 472/2224.
[INFO] Enola: Solve for Rydberg stage 473/2224.
[INFO] Enola: Solve for Rydberg stage 474/2224.
[INFO] Enola: Solve for Rydberg stage 475/2224.
[INFO] Enola: Solve for Rydberg stage 476/2224.
[INFO] Enola: Solve for Rydberg stage 477/2224.
[INFO] Enola: Solve for Rydberg stage 478/2224.
[INFO] Enola: Solve for Rydberg stage 479/2224.
[INFO] Enola: Solve for Rydberg stage 480/2224.
[INFO] Enola: Solve for Rydberg stage 481/2224.
[INFO] Enola: Solve for Rydberg stage 482/2224.
[INFO] Enola: Solve for Rydberg stage 483/2224.
[INFO] Enola: Solve for Rydberg stage 484/2224.
[INFO] Enola: Solve for Rydberg stage 485/2224.
[INFO] Enola: Solve for Rydberg stage 486/2224.
[INFO] Enola: Solve for Rydberg stage 487/2224.
[INFO] Enola: Solve for Rydberg stage 488/2224.
[INFO] Enola: Solve for Rydberg stage 489/2224.
[INFO] Enola: Solve for Rydberg stage 490/2224.
[INFO] Enola: Solve for Rydberg stage 491/2224.
[INFO] Enola: Solve for Rydberg stage 492/2224.
[INFO] Enola: Solve for Rydberg stage 493/2224.
[INFO] Enola: Solve for Rydberg stage 494/2224.
[INFO] Enola: Solve for Rydberg stage 495/2224.
[INFO] Enola: Solve for Rydberg stage 496/2224.
[INFO] Enola: Solve for Rydberg stage 497/2224.
[INFO] Enola: Solve for Rydberg stage 498/2224.
[INFO] Enola: Solve for Rydberg stage 499/2224.
[INFO] Enola: Solve for Rydberg stage 500/2224.
[INFO] Enola: Solve for Rydberg stage 501/2224.
[INFO] Enola: Solve for Rydberg stage 502/2224.
[INFO] Enola: Solve for Rydberg stage 503/2224.
[INFO] Enola: Solve for Rydberg stage 504/2224.
[INFO] Enola: Solve for Rydberg stage 505/2224.
[INFO] Enola: Solve for Rydberg stage 506/2224.
[INFO] Enola: Solve for Rydberg stage 507/2224.
[INFO] Enola: Solve for Rydberg stage 508/2224.
[INFO] Enola: Solve for Rydberg stage 509/2224.
[INFO] Enola: Solve for Rydberg stage 510/2224.
[INFO] Enola: Solve for Rydberg stage 511/2224.
[INFO] Enola: Solve for Rydberg stage 512/2224.
[INFO] Enola: Solve for Rydberg stage 513/2224.
[INFO] Enola: Solve for Rydberg stage 514/2224.
[INFO] Enola: Solve for Rydberg stage 515/2224.
[INFO] Enola: Solve for Rydberg stage 516/2224.
[INFO] Enola: Solve for Rydberg stage 517/2224.
[INFO] Enola: Solve for Rydberg stage 518/2224.
[INFO] Enola: Solve for Rydberg stage 519/2224.
[INFO] Enola: Solve for Rydberg stage 520/2224.
[INFO] Enola: Solve for Rydberg stage 521/2224.
[INFO] Enola: Solve for Rydberg stage 522/2224.
[INFO] Enola: Solve for Rydberg stage 523/2224.
[INFO] Enola: Solve for Rydberg stage 524/2224.
[INFO] Enola: Solve for Rydberg stage 525/2224.
[INFO] Enola: Solve for Rydberg stage 526/2224.
[INFO] Enola: Solve for Rydberg stage 527/2224.
[INFO] Enola: Solve for Rydberg stage 528/2224.
[INFO] Enola: Solve for Rydberg stage 529/2224.
[INFO] Enola: Solve for Rydberg stage 530/2224.
[INFO] Enola: Solve for Rydberg stage 531/2224.
[INFO] Enola: Solve for Rydberg stage 532/2224.
[INFO] Enola: Solve for Rydberg stage 533/2224.
[INFO] Enola: Solve for Rydberg stage 534/2224.
[INFO] Enola: Solve for Rydberg stage 535/2224.
[INFO] Enola: Solve for Rydberg stage 536/2224.
[INFO] Enola: Solve for Rydberg stage 537/2224.
[INFO] Enola: Solve for Rydberg stage 538/2224.
[INFO] Enola: Solve for Rydberg stage 539/2224.
[INFO] Enola: Solve for Rydberg stage 540/2224.
[INFO] Enola: Solve for Rydberg stage 541/2224.
[INFO] Enola: Solve for Rydberg stage 542/2224.
[INFO] Enola: Solve for Rydberg stage 543/2224.
[INFO] Enola: Solve for Rydberg stage 544/2224.
[INFO] Enola: Solve for Rydberg stage 545/2224.
[INFO] Enola: Solve for Rydberg stage 546/2224.
[INFO] Enola: Solve for Rydberg stage 547/2224.
[INFO] Enola: Solve for Rydberg stage 548/2224.
[INFO] Enola: Solve for Rydberg stage 549/2224.
[INFO] Enola: Solve for Rydberg stage 550/2224.
[INFO] Enola: Solve for Rydberg stage 551/2224.
[INFO] Enola: Solve for Rydberg stage 552/2224.
[INFO] Enola: Solve for Rydberg stage 553/2224.
[INFO] Enola: Solve for Rydberg stage 554/2224.
[INFO] Enola: Solve for Rydberg stage 555/2224.
[INFO] Enola: Solve for Rydberg stage 556/2224.
[INFO] Enola: Solve for Rydberg stage 557/2224.
[INFO] Enola: Solve for Rydberg stage 558/2224.
[INFO] Enola: Solve for Rydberg stage 559/2224.
[INFO] Enola: Solve for Rydberg stage 560/2224.
[INFO] Enola: Solve for Rydberg stage 561/2224.
[INFO] Enola: Solve for Rydberg stage 562/2224.
[INFO] Enola: Solve for Rydberg stage 563/2224.
[INFO] Enola: Solve for Rydberg stage 564/2224.
[INFO] Enola: Solve for Rydberg stage 565/2224.
[INFO] Enola: Solve for Rydberg stage 566/2224.
[INFO] Enola: Solve for Rydberg stage 567/2224.
[INFO] Enola: Solve for Rydberg stage 568/2224.
[INFO] Enola: Solve for Rydberg stage 569/2224.
[INFO] Enola: Solve for Rydberg stage 570/2224.
[INFO] Enola: Solve for Rydberg stage 571/2224.
[INFO] Enola: Solve for Rydberg stage 572/2224.
[INFO] Enola: Solve for Rydberg stage 573/2224.
[INFO] Enola: Solve for Rydberg stage 574/2224.
[INFO] Enola: Solve for Rydberg stage 575/2224.
[INFO] Enola: Solve for Rydberg stage 576/2224.
[INFO] Enola: Solve for Rydberg stage 577/2224.
[INFO] Enola: Solve for Rydberg stage 578/2224.
[INFO] Enola: Solve for Rydberg stage 579/2224.
[INFO] Enola: Solve for Rydberg stage 580/2224.
[INFO] Enola: Solve for Rydberg stage 581/2224.
[INFO] Enola: Solve for Rydberg stage 582/2224.
[INFO] Enola: Solve for Rydberg stage 583/2224.
[INFO] Enola: Solve for Rydberg stage 584/2224.
[INFO] Enola: Solve for Rydberg stage 585/2224.
[INFO] Enola: Solve for Rydberg stage 586/2224.
[INFO] Enola: Solve for Rydberg stage 587/2224.
[INFO] Enola: Solve for Rydberg stage 588/2224.
[INFO] Enola: Solve for Rydberg stage 589/2224.
[INFO] Enola: Solve for Rydberg stage 590/2224.
[INFO] Enola: Solve for Rydberg stage 591/2224.
[INFO] Enola: Solve for Rydberg stage 592/2224.
[INFO] Enola: Solve for Rydberg stage 593/2224.
[INFO] Enola: Solve for Rydberg stage 594/2224.
[INFO] Enola: Solve for Rydberg stage 595/2224.
[INFO] Enola: Solve for Rydberg stage 596/2224.
[INFO] Enola: Solve for Rydberg stage 597/2224.
[INFO] Enola: Solve for Rydberg stage 598/2224.
[INFO] Enola: Solve for Rydberg stage 599/2224.
[INFO] Enola: Solve for Rydberg stage 600/2224.
[INFO] Enola: Solve for Rydberg stage 601/2224.
[INFO] Enola: Solve for Rydberg stage 602/2224.
[INFO] Enola: Solve for Rydberg stage 603/2224.
[INFO] Enola: Solve for Rydberg stage 604/2224.
[INFO] Enola: Solve for Rydberg stage 605/2224.
[INFO] Enola: Solve for Rydberg stage 606/2224.
[INFO] Enola: Solve for Rydberg stage 607/2224.
[INFO] Enola: Solve for Rydberg stage 608/2224.
[INFO] Enola: Solve for Rydberg stage 609/2224.
[INFO] Enola: Solve for Rydberg stage 610/2224.
[INFO] Enola: Solve for Rydberg stage 611/2224.
[INFO] Enola: Solve for Rydberg stage 612/2224.
[INFO] Enola: Solve for Rydberg stage 613/2224.
[INFO] Enola: Solve for Rydberg stage 614/2224.
[INFO] Enola: Solve for Rydberg stage 615/2224.
[INFO] Enola: Solve for Rydberg stage 616/2224.
[INFO] Enola: Solve for Rydberg stage 617/2224.
[INFO] Enola: Solve for Rydberg stage 618/2224.
[INFO] Enola: Solve for Rydberg stage 619/2224.
[INFO] Enola: Solve for Rydberg stage 620/2224.
[INFO] Enola: Solve for Rydberg stage 621/2224.
[INFO] Enola: Solve for Rydberg stage 622/2224.
[INFO] Enola: Solve for Rydberg stage 623/2224.
[INFO] Enola: Solve for Rydberg stage 624/2224.
[INFO] Enola: Solve for Rydberg stage 625/2224.
[INFO] Enola: Solve for Rydberg stage 626/2224.
[INFO] Enola: Solve for Rydberg stage 627/2224.
[INFO] Enola: Solve for Rydberg stage 628/2224.
[INFO] Enola: Solve for Rydberg stage 629/2224.
[INFO] Enola: Solve for Rydberg stage 630/2224.
[INFO] Enola: Solve for Rydberg stage 631/2224.
[INFO] Enola: Solve for Rydberg stage 632/2224.
[INFO] Enola: Solve for Rydberg stage 633/2224.
[INFO] Enola: Solve for Rydberg stage 634/2224.
[INFO] Enola: Solve for Rydberg stage 635/2224.
[INFO] Enola: Solve for Rydberg stage 636/2224.
[INFO] Enola: Solve for Rydberg stage 637/2224.
[INFO] Enola: Solve for Rydberg stage 638/2224.
[INFO] Enola: Solve for Rydberg stage 639/2224.
[INFO] Enola: Solve for Rydberg stage 640/2224.
[INFO] Enola: Solve for Rydberg stage 641/2224.
[INFO] Enola: Solve for Rydberg stage 642/2224.
[INFO] Enola: Solve for Rydberg stage 643/2224.
[INFO] Enola: Solve for Rydberg stage 644/2224.
[INFO] Enola: Solve for Rydberg stage 645/2224.
[INFO] Enola: Solve for Rydberg stage 646/2224.
[INFO] Enola: Solve for Rydberg stage 647/2224.
[INFO] Enola: Solve for Rydberg stage 648/2224.
[INFO] Enola: Solve for Rydberg stage 649/2224.
[INFO] Enola: Solve for Rydberg stage 650/2224.
[INFO] Enola: Solve for Rydberg stage 651/2224.
[INFO] Enola: Solve for Rydberg stage 652/2224.
[INFO] Enola: Solve for Rydberg stage 653/2224.
[INFO] Enola: Solve for Rydberg stage 654/2224.
[INFO] Enola: Solve for Rydberg stage 655/2224.
[INFO] Enola: Solve for Rydberg stage 656/2224.
[INFO] Enola: Solve for Rydberg stage 657/2224.
[INFO] Enola: Solve for Rydberg stage 658/2224.
[INFO] Enola: Solve for Rydberg stage 659/2224.
[INFO] Enola: Solve for Rydberg stage 660/2224.
[INFO] Enola: Solve for Rydberg stage 661/2224.
[INFO] Enola: Solve for Rydberg stage 662/2224.
[INFO] Enola: Solve for Rydberg stage 663/2224.
[INFO] Enola: Solve for Rydberg stage 664/2224.
[INFO] Enola: Solve for Rydberg stage 665/2224.
[INFO] Enola: Solve for Rydberg stage 666/2224.
[INFO] Enola: Solve for Rydberg stage 667/2224.
[INFO] Enola: Solve for Rydberg stage 668/2224.
[INFO] Enola: Solve for Rydberg stage 669/2224.
[INFO] Enola: Solve for Rydberg stage 670/2224.
[INFO] Enola: Solve for Rydberg stage 671/2224.
[INFO] Enola: Solve for Rydberg stage 672/2224.
[INFO] Enola: Solve for Rydberg stage 673/2224.
[INFO] Enola: Solve for Rydberg stage 674/2224.
[INFO] Enola: Solve for Rydberg stage 675/2224.
[INFO] Enola: Solve for Rydberg stage 676/2224.
[INFO] Enola: Solve for Rydberg stage 677/2224.
[INFO] Enola: Solve for Rydberg stage 678/2224.
[INFO] Enola: Solve for Rydberg stage 679/2224.
[INFO] Enola: Solve for Rydberg stage 680/2224.
[INFO] Enola: Solve for Rydberg stage 681/2224.
[INFO] Enola: Solve for Rydberg stage 682/2224.
[INFO] Enola: Solve for Rydberg stage 683/2224.
[INFO] Enola: Solve for Rydberg stage 684/2224.
[INFO] Enola: Solve for Rydberg stage 685/2224.
[INFO] Enola: Solve for Rydberg stage 686/2224.
[INFO] Enola: Solve for Rydberg stage 687/2224.
[INFO] Enola: Solve for Rydberg stage 688/2224.
[INFO] Enola: Solve for Rydberg stage 689/2224.
[INFO] Enola: Solve for Rydberg stage 690/2224.
[INFO] Enola: Solve for Rydberg stage 691/2224.
[INFO] Enola: Solve for Rydberg stage 692/2224.
[INFO] Enola: Solve for Rydberg stage 693/2224.
[INFO] Enola: Solve for Rydberg stage 694/2224.
[INFO] Enola: Solve for Rydberg stage 695/2224.
[INFO] Enola: Solve for Rydberg stage 696/2224.
[INFO] Enola: Solve for Rydberg stage 697/2224.
[INFO] Enola: Solve for Rydberg stage 698/2224.
[INFO] Enola: Solve for Rydberg stage 699/2224.
[INFO] Enola: Solve for Rydberg stage 700/2224.
[INFO] Enola: Solve for Rydberg stage 701/2224.
[INFO] Enola: Solve for Rydberg stage 702/2224.
[INFO] Enola: Solve for Rydberg stage 703/2224.
[INFO] Enola: Solve for Rydberg stage 704/2224.
[INFO] Enola: Solve for Rydberg stage 705/2224.
[INFO] Enola: Solve for Rydberg stage 706/2224.
[INFO] Enola: Solve for Rydberg stage 707/2224.
[INFO] Enola: Solve for Rydberg stage 708/2224.
[INFO] Enola: Solve for Rydberg stage 709/2224.
[INFO] Enola: Solve for Rydberg stage 710/2224.
[INFO] Enola: Solve for Rydberg stage 711/2224.
[INFO] Enola: Solve for Rydberg stage 712/2224.
[INFO] Enola: Solve for Rydberg stage 713/2224.
[INFO] Enola: Solve for Rydberg stage 714/2224.
[INFO] Enola: Solve for Rydberg stage 715/2224.
[INFO] Enola: Solve for Rydberg stage 716/2224.
[INFO] Enola: Solve for Rydberg stage 717/2224.
[INFO] Enola: Solve for Rydberg stage 718/2224.
[INFO] Enola: Solve for Rydberg stage 719/2224.
[INFO] Enola: Solve for Rydberg stage 720/2224.
[INFO] Enola: Solve for Rydberg stage 721/2224.
[INFO] Enola: Solve for Rydberg stage 722/2224.
[INFO] Enola: Solve for Rydberg stage 723/2224.
[INFO] Enola: Solve for Rydberg stage 724/2224.
[INFO] Enola: Solve for Rydberg stage 725/2224.
[INFO] Enola: Solve for Rydberg stage 726/2224.
[INFO] Enola: Solve for Rydberg stage 727/2224.
[INFO] Enola: Solve for Rydberg stage 728/2224.
[INFO] Enola: Solve for Rydberg stage 729/2224.
[INFO] Enola: Solve for Rydberg stage 730/2224.
[INFO] Enola: Solve for Rydberg stage 731/2224.
[INFO] Enola: Solve for Rydberg stage 732/2224.
[INFO] Enola: Solve for Rydberg stage 733/2224.
[INFO] Enola: Solve for Rydberg stage 734/2224.
[INFO] Enola: Solve for Rydberg stage 735/2224.
[INFO] Enola: Solve for Rydberg stage 736/2224.
[INFO] Enola: Solve for Rydberg stage 737/2224.
[INFO] Enola: Solve for Rydberg stage 738/2224.
[INFO] Enola: Solve for Rydberg stage 739/2224.
[INFO] Enola: Solve for Rydberg stage 740/2224.
[INFO] Enola: Solve for Rydberg stage 741/2224.
[INFO] Enola: Solve for Rydberg stage 742/2224.
[INFO] Enola: Solve for Rydberg stage 743/2224.
[INFO] Enola: Solve for Rydberg stage 744/2224.
[INFO] Enola: Solve for Rydberg stage 745/2224.
[INFO] Enola: Solve for Rydberg stage 746/2224.
[INFO] Enola: Solve for Rydberg stage 747/2224.
[INFO] Enola: Solve for Rydberg stage 748/2224.
[INFO] Enola: Solve for Rydberg stage 749/2224.
[INFO] Enola: Solve for Rydberg stage 750/2224.
[INFO] Enola: Solve for Rydberg stage 751/2224.
[INFO] Enola: Solve for Rydberg stage 752/2224.
[INFO] Enola: Solve for Rydberg stage 753/2224.
[INFO] Enola: Solve for Rydberg stage 754/2224.
[INFO] Enola: Solve for Rydberg stage 755/2224.
[INFO] Enola: Solve for Rydberg stage 756/2224.
[INFO] Enola: Solve for Rydberg stage 757/2224.
[INFO] Enola: Solve for Rydberg stage 758/2224.
[INFO] Enola: Solve for Rydberg stage 759/2224.
[INFO] Enola: Solve for Rydberg stage 760/2224.
[INFO] Enola: Solve for Rydberg stage 761/2224.
[INFO] Enola: Solve for Rydberg stage 762/2224.
[INFO] Enola: Solve for Rydberg stage 763/2224.
[INFO] Enola: Solve for Rydberg stage 764/2224.
[INFO] Enola: Solve for Rydberg stage 765/2224.
[INFO] Enola: Solve for Rydberg stage 766/2224.
[INFO] Enola: Solve for Rydberg stage 767/2224.
[INFO] Enola: Solve for Rydberg stage 768/2224.
[INFO] Enola: Solve for Rydberg stage 769/2224.
[INFO] Enola: Solve for Rydberg stage 770/2224.
[INFO] Enola: Solve for Rydberg stage 771/2224.
[INFO] Enola: Solve for Rydberg stage 772/2224.
[INFO] Enola: Solve for Rydberg stage 773/2224.
[INFO] Enola: Solve for Rydberg stage 774/2224.
[INFO] Enola: Solve for Rydberg stage 775/2224.
[INFO] Enola: Solve for Rydberg stage 776/2224.
[INFO] Enola: Solve for Rydberg stage 777/2224.
[INFO] Enola: Solve for Rydberg stage 778/2224.
[INFO] Enola: Solve for Rydberg stage 779/2224.
[INFO] Enola: Solve for Rydberg stage 780/2224.
[INFO] Enola: Solve for Rydberg stage 781/2224.
[INFO] Enola: Solve for Rydberg stage 782/2224.
[INFO] Enola: Solve for Rydberg stage 783/2224.
[INFO] Enola: Solve for Rydberg stage 784/2224.
[INFO] Enola: Solve for Rydberg stage 785/2224.
[INFO] Enola: Solve for Rydberg stage 786/2224.
[INFO] Enola: Solve for Rydberg stage 787/2224.
[INFO] Enola: Solve for Rydberg stage 788/2224.
[INFO] Enola: Solve for Rydberg stage 789/2224.
[INFO] Enola: Solve for Rydberg stage 790/2224.
[INFO] Enola: Solve for Rydberg stage 791/2224.
[INFO] Enola: Solve for Rydberg stage 792/2224.
[INFO] Enola: Solve for Rydberg stage 793/2224.
[INFO] Enola: Solve for Rydberg stage 794/2224.
[INFO] Enola: Solve for Rydberg stage 795/2224.
[INFO] Enola: Solve for Rydberg stage 796/2224.
[INFO] Enola: Solve for Rydberg stage 797/2224.
[INFO] Enola: Solve for Rydberg stage 798/2224.
[INFO] Enola: Solve for Rydberg stage 799/2224.
[INFO] Enola: Solve for Rydberg stage 800/2224.
[INFO] Enola: Solve for Rydberg stage 801/2224.
[INFO] Enola: Solve for Rydberg stage 802/2224.
[INFO] Enola: Solve for Rydberg stage 803/2224.
[INFO] Enola: Solve for Rydberg stage 804/2224.
[INFO] Enola: Solve for Rydberg stage 805/2224.
[INFO] Enola: Solve for Rydberg stage 806/2224.
[INFO] Enola: Solve for Rydberg stage 807/2224.
[INFO] Enola: Solve for Rydberg stage 808/2224.
[INFO] Enola: Solve for Rydberg stage 809/2224.
[INFO] Enola: Solve for Rydberg stage 810/2224.
[INFO] Enola: Solve for Rydberg stage 811/2224.
[INFO] Enola: Solve for Rydberg stage 812/2224.
[INFO] Enola: Solve for Rydberg stage 813/2224.
[INFO] Enola: Solve for Rydberg stage 814/2224.
[INFO] Enola: Solve for Rydberg stage 815/2224.
[INFO] Enola: Solve for Rydberg stage 816/2224.
[INFO] Enola: Solve for Rydberg stage 817/2224.
[INFO] Enola: Solve for Rydberg stage 818/2224.
[INFO] Enola: Solve for Rydberg stage 819/2224.
[INFO] Enola: Solve for Rydberg stage 820/2224.
[INFO] Enola: Solve for Rydberg stage 821/2224.
[INFO] Enola: Solve for Rydberg stage 822/2224.
[INFO] Enola: Solve for Rydberg stage 823/2224.
[INFO] Enola: Solve for Rydberg stage 824/2224.
[INFO] Enola: Solve for Rydberg stage 825/2224.
[INFO] Enola: Solve for Rydberg stage 826/2224.
[INFO] Enola: Solve for Rydberg stage 827/2224.
[INFO] Enola: Solve for Rydberg stage 828/2224.
[INFO] Enola: Solve for Rydberg stage 829/2224.
[INFO] Enola: Solve for Rydberg stage 830/2224.
[INFO] Enola: Solve for Rydberg stage 831/2224.
[INFO] Enola: Solve for Rydberg stage 832/2224.
[INFO] Enola: Solve for Rydberg stage 833/2224.
[INFO] Enola: Solve for Rydberg stage 834/2224.
[INFO] Enola: Solve for Rydberg stage 835/2224.
[INFO] Enola: Solve for Rydberg stage 836/2224.
[INFO] Enola: Solve for Rydberg stage 837/2224.
[INFO] Enola: Solve for Rydberg stage 838/2224.
[INFO] Enola: Solve for Rydberg stage 839/2224.
[INFO] Enola: Solve for Rydberg stage 840/2224.
[INFO] Enola: Solve for Rydberg stage 841/2224.
[INFO] Enola: Solve for Rydberg stage 842/2224.
[INFO] Enola: Solve for Rydberg stage 843/2224.
[INFO] Enola: Solve for Rydberg stage 844/2224.
[INFO] Enola: Solve for Rydberg stage 845/2224.
[INFO] Enola: Solve for Rydberg stage 846/2224.
[INFO] Enola: Solve for Rydberg stage 847/2224.
[INFO] Enola: Solve for Rydberg stage 848/2224.
[INFO] Enola: Solve for Rydberg stage 849/2224.
[INFO] Enola: Solve for Rydberg stage 850/2224.
[INFO] Enola: Solve for Rydberg stage 851/2224.
[INFO] Enola: Solve for Rydberg stage 852/2224.
[INFO] Enola: Solve for Rydberg stage 853/2224.
[INFO] Enola: Solve for Rydberg stage 854/2224.
[INFO] Enola: Solve for Rydberg stage 855/2224.
[INFO] Enola: Solve for Rydberg stage 856/2224.
[INFO] Enola: Solve for Rydberg stage 857/2224.
[INFO] Enola: Solve for Rydberg stage 858/2224.
[INFO] Enola: Solve for Rydberg stage 859/2224.
[INFO] Enola: Solve for Rydberg stage 860/2224.
[INFO] Enola: Solve for Rydberg stage 861/2224.
[INFO] Enola: Solve for Rydberg stage 862/2224.
[INFO] Enola: Solve for Rydberg stage 863/2224.
[INFO] Enola: Solve for Rydberg stage 864/2224.
[INFO] Enola: Solve for Rydberg stage 865/2224.
[INFO] Enola: Solve for Rydberg stage 866/2224.
[INFO] Enola: Solve for Rydberg stage 867/2224.
[INFO] Enola: Solve for Rydberg stage 868/2224.
[INFO] Enola: Solve for Rydberg stage 869/2224.
[INFO] Enola: Solve for Rydberg stage 870/2224.
[INFO] Enola: Solve for Rydberg stage 871/2224.
[INFO] Enola: Solve for Rydberg stage 872/2224.
[INFO] Enola: Solve for Rydberg stage 873/2224.
[INFO] Enola: Solve for Rydberg stage 874/2224.
[INFO] Enola: Solve for Rydberg stage 875/2224.
[INFO] Enola: Solve for Rydberg stage 876/2224.
[INFO] Enola: Solve for Rydberg stage 877/2224.
[INFO] Enola: Solve for Rydberg stage 878/2224.
[INFO] Enola: Solve for Rydberg stage 879/2224.
[INFO] Enola: Solve for Rydberg stage 880/2224.
[INFO] Enola: Solve for Rydberg stage 881/2224.
[INFO] Enola: Solve for Rydberg stage 882/2224.
[INFO] Enola: Solve for Rydberg stage 883/2224.
[INFO] Enola: Solve for Rydberg stage 884/2224.
[INFO] Enola: Solve for Rydberg stage 885/2224.
[INFO] Enola: Solve for Rydberg stage 886/2224.
[INFO] Enola: Solve for Rydberg stage 887/2224.
[INFO] Enola: Solve for Rydberg stage 888/2224.
[INFO] Enola: Solve for Rydberg stage 889/2224.
[INFO] Enola: Solve for Rydberg stage 890/2224.
[INFO] Enola: Solve for Rydberg stage 891/2224.
[INFO] Enola: Solve for Rydberg stage 892/2224.
[INFO] Enola: Solve for Rydberg stage 893/2224.
[INFO] Enola: Solve for Rydberg stage 894/2224.
[INFO] Enola: Solve for Rydberg stage 895/2224.
[INFO] Enola: Solve for Rydberg stage 896/2224.
[INFO] Enola: Solve for Rydberg stage 897/2224.
[INFO] Enola: Solve for Rydberg stage 898/2224.
[INFO] Enola: Solve for Rydberg stage 899/2224.
[INFO] Enola: Solve for Rydberg stage 900/2224.
[INFO] Enola: Solve for Rydberg stage 901/2224.
[INFO] Enola: Solve for Rydberg stage 902/2224.
[INFO] Enola: Solve for Rydberg stage 903/2224.
[INFO] Enola: Solve for Rydberg stage 904/2224.
[INFO] Enola: Solve for Rydberg stage 905/2224.
[INFO] Enola: Solve for Rydberg stage 906/2224.
[INFO] Enola: Solve for Rydberg stage 907/2224.
[INFO] Enola: Solve for Rydberg stage 908/2224.
[INFO] Enola: Solve for Rydberg stage 909/2224.
[INFO] Enola: Solve for Rydberg stage 910/2224.
[INFO] Enola: Solve for Rydberg stage 911/2224.
[INFO] Enola: Solve for Rydberg stage 912/2224.
[INFO] Enola: Solve for Rydberg stage 913/2224.
[INFO] Enola: Solve for Rydberg stage 914/2224.
[INFO] Enola: Solve for Rydberg stage 915/2224.
[INFO] Enola: Solve for Rydberg stage 916/2224.
[INFO] Enola: Solve for Rydberg stage 917/2224.
[INFO] Enola: Solve for Rydberg stage 918/2224.
[INFO] Enola: Solve for Rydberg stage 919/2224.
[INFO] Enola: Solve for Rydberg stage 920/2224.
[INFO] Enola: Solve for Rydberg stage 921/2224.
[INFO] Enola: Solve for Rydberg stage 922/2224.
[INFO] Enola: Solve for Rydberg stage 923/2224.
[INFO] Enola: Solve for Rydberg stage 924/2224.
[INFO] Enola: Solve for Rydberg stage 925/2224.
[INFO] Enola: Solve for Rydberg stage 926/2224.
[INFO] Enola: Solve for Rydberg stage 927/2224.
[INFO] Enola: Solve for Rydberg stage 928/2224.
[INFO] Enola: Solve for Rydberg stage 929/2224.
[INFO] Enola: Solve for Rydberg stage 930/2224.
[INFO] Enola: Solve for Rydberg stage 931/2224.
[INFO] Enola: Solve for Rydberg stage 932/2224.
[INFO] Enola: Solve for Rydberg stage 933/2224.
[INFO] Enola: Solve for Rydberg stage 934/2224.
[INFO] Enola: Solve for Rydberg stage 935/2224.
[INFO] Enola: Solve for Rydberg stage 936/2224.
[INFO] Enola: Solve for Rydberg stage 937/2224.
[INFO] Enola: Solve for Rydberg stage 938/2224.
[INFO] Enola: Solve for Rydberg stage 939/2224.
[INFO] Enola: Solve for Rydberg stage 940/2224.
[INFO] Enola: Solve for Rydberg stage 941/2224.
[INFO] Enola: Solve for Rydberg stage 942/2224.
[INFO] Enola: Solve for Rydberg stage 943/2224.
[INFO] Enola: Solve for Rydberg stage 944/2224.
[INFO] Enola: Solve for Rydberg stage 945/2224.
[INFO] Enola: Solve for Rydberg stage 946/2224.
[INFO] Enola: Solve for Rydberg stage 947/2224.
[INFO] Enola: Solve for Rydberg stage 948/2224.
[INFO] Enola: Solve for Rydberg stage 949/2224.
[INFO] Enola: Solve for Rydberg stage 950/2224.
[INFO] Enola: Solve for Rydberg stage 951/2224.
[INFO] Enola: Solve for Rydberg stage 952/2224.
[INFO] Enola: Solve for Rydberg stage 953/2224.
[INFO] Enola: Solve for Rydberg stage 954/2224.
[INFO] Enola: Solve for Rydberg stage 955/2224.
[INFO] Enola: Solve for Rydberg stage 956/2224.
[INFO] Enola: Solve for Rydberg stage 957/2224.
[INFO] Enola: Solve for Rydberg stage 958/2224.
[INFO] Enola: Solve for Rydberg stage 959/2224.
[INFO] Enola: Solve for Rydberg stage 960/2224.
[INFO] Enola: Solve for Rydberg stage 961/2224.
[INFO] Enola: Solve for Rydberg stage 962/2224.
[INFO] Enola: Solve for Rydberg stage 963/2224.
[INFO] Enola: Solve for Rydberg stage 964/2224.
[INFO] Enola: Solve for Rydberg stage 965/2224.
[INFO] Enola: Solve for Rydberg stage 966/2224.
[INFO] Enola: Solve for Rydberg stage 967/2224.
[INFO] Enola: Solve for Rydberg stage 968/2224.
[INFO] Enola: Solve for Rydberg stage 969/2224.
[INFO] Enola: Solve for Rydberg stage 970/2224.
[INFO] Enola: Solve for Rydberg stage 971/2224.
[INFO] Enola: Solve for Rydberg stage 972/2224.
[INFO] Enola: Solve for Rydberg stage 973/2224.
[INFO] Enola: Solve for Rydberg stage 974/2224.
[INFO] Enola: Solve for Rydberg stage 975/2224.
[INFO] Enola: Solve for Rydberg stage 976/2224.
[INFO] Enola: Solve for Rydberg stage 977/2224.
[INFO] Enola: Solve for Rydberg stage 978/2224.
[INFO] Enola: Solve for Rydberg stage 979/2224.
[INFO] Enola: Solve for Rydberg stage 980/2224.
[INFO] Enola: Solve for Rydberg stage 981/2224.
[INFO] Enola: Solve for Rydberg stage 982/2224.
[INFO] Enola: Solve for Rydberg stage 983/2224.
[INFO] Enola: Solve for Rydberg stage 984/2224.
[INFO] Enola: Solve for Rydberg stage 985/2224.
[INFO] Enola: Solve for Rydberg stage 986/2224.
[INFO] Enola: Solve for Rydberg stage 987/2224.
[INFO] Enola: Solve for Rydberg stage 988/2224.
[INFO] Enola: Solve for Rydberg stage 989/2224.
[INFO] Enola: Solve for Rydberg stage 990/2224.
[INFO] Enola: Solve for Rydberg stage 991/2224.
[INFO] Enola: Solve for Rydberg stage 992/2224.
[INFO] Enola: Solve for Rydberg stage 993/2224.
[INFO] Enola: Solve for Rydberg stage 994/2224.
[INFO] Enola: Solve for Rydberg stage 995/2224.
[INFO] Enola: Solve for Rydberg stage 996/2224.
[INFO] Enola: Solve for Rydberg stage 997/2224.
[INFO] Enola: Solve for Rydberg stage 998/2224.
[INFO] Enola: Solve for Rydberg stage 999/2224.
[INFO] Enola: Solve for Rydberg stage 1000/2224.
[INFO] Enola: Solve for Rydberg stage 1001/2224.
[INFO] Enola: Solve for Rydberg stage 1002/2224.
[INFO] Enola: Solve for Rydberg stage 1003/2224.
[INFO] Enola: Solve for Rydberg stage 1004/2224.
[INFO] Enola: Solve for Rydberg stage 1005/2224.
[INFO] Enola: Solve for Rydberg stage 1006/2224.
[INFO] Enola: Solve for Rydberg stage 1007/2224.
[INFO] Enola: Solve for Rydberg stage 1008/2224.
[INFO] Enola: Solve for Rydberg stage 1009/2224.
[INFO] Enola: Solve for Rydberg stage 1010/2224.
[INFO] Enola: Solve for Rydberg stage 1011/2224.
[INFO] Enola: Solve for Rydberg stage 1012/2224.
[INFO] Enola: Solve for Rydberg stage 1013/2224.
[INFO] Enola: Solve for Rydberg stage 1014/2224.
[INFO] Enola: Solve for Rydberg stage 1015/2224.
[INFO] Enola: Solve for Rydberg stage 1016/2224.
[INFO] Enola: Solve for Rydberg stage 1017/2224.
[INFO] Enola: Solve for Rydberg stage 1018/2224.
[INFO] Enola: Solve for Rydberg stage 1019/2224.
[INFO] Enola: Solve for Rydberg stage 1020/2224.
[INFO] Enola: Solve for Rydberg stage 1021/2224.
[INFO] Enola: Solve for Rydberg stage 1022/2224.
[INFO] Enola: Solve for Rydberg stage 1023/2224.
[INFO] Enola: Solve for Rydberg stage 1024/2224.
[INFO] Enola: Solve for Rydberg stage 1025/2224.
[INFO] Enola: Solve for Rydberg stage 1026/2224.
[INFO] Enola: Solve for Rydberg stage 1027/2224.
[INFO] Enola: Solve for Rydberg stage 1028/2224.
[INFO] Enola: Solve for Rydberg stage 1029/2224.
[INFO] Enola: Solve for Rydberg stage 1030/2224.
[INFO] Enola: Solve for Rydberg stage 1031/2224.
[INFO] Enola: Solve for Rydberg stage 1032/2224.
[INFO] Enola: Solve for Rydberg stage 1033/2224.
[INFO] Enola: Solve for Rydberg stage 1034/2224.
[INFO] Enola: Solve for Rydberg stage 1035/2224.
[INFO] Enola: Solve for Rydberg stage 1036/2224.
[INFO] Enola: Solve for Rydberg stage 1037/2224.
[INFO] Enola: Solve for Rydberg stage 1038/2224.
[INFO] Enola: Solve for Rydberg stage 1039/2224.
[INFO] Enola: Solve for Rydberg stage 1040/2224.
[INFO] Enola: Solve for Rydberg stage 1041/2224.
[INFO] Enola: Solve for Rydberg stage 1042/2224.
[INFO] Enola: Solve for Rydberg stage 1043/2224.
[INFO] Enola: Solve for Rydberg stage 1044/2224.
[INFO] Enola: Solve for Rydberg stage 1045/2224.
[INFO] Enola: Solve for Rydberg stage 1046/2224.
[INFO] Enola: Solve for Rydberg stage 1047/2224.
[INFO] Enola: Solve for Rydberg stage 1048/2224.
[INFO] Enola: Solve for Rydberg stage 1049/2224.
[INFO] Enola: Solve for Rydberg stage 1050/2224.
[INFO] Enola: Solve for Rydberg stage 1051/2224.
[INFO] Enola: Solve for Rydberg stage 1052/2224.
[INFO] Enola: Solve for Rydberg stage 1053/2224.
[INFO] Enola: Solve for Rydberg stage 1054/2224.
[INFO] Enola: Solve for Rydberg stage 1055/2224.
[INFO] Enola: Solve for Rydberg stage 1056/2224.
[INFO] Enola: Solve for Rydberg stage 1057/2224.
[INFO] Enola: Solve for Rydberg stage 1058/2224.
[INFO] Enola: Solve for Rydberg stage 1059/2224.
[INFO] Enola: Solve for Rydberg stage 1060/2224.
[INFO] Enola: Solve for Rydberg stage 1061/2224.
[INFO] Enola: Solve for Rydberg stage 1062/2224.
[INFO] Enola: Solve for Rydberg stage 1063/2224.
[INFO] Enola: Solve for Rydberg stage 1064/2224.
[INFO] Enola: Solve for Rydberg stage 1065/2224.
[INFO] Enola: Solve for Rydberg stage 1066/2224.
[INFO] Enola: Solve for Rydberg stage 1067/2224.
[INFO] Enola: Solve for Rydberg stage 1068/2224.
[INFO] Enola: Solve for Rydberg stage 1069/2224.
[INFO] Enola: Solve for Rydberg stage 1070/2224.
[INFO] Enola: Solve for Rydberg stage 1071/2224.
[INFO] Enola: Solve for Rydberg stage 1072/2224.
[INFO] Enola: Solve for Rydberg stage 1073/2224.
[INFO] Enola: Solve for Rydberg stage 1074/2224.
[INFO] Enola: Solve for Rydberg stage 1075/2224.
[INFO] Enola: Solve for Rydberg stage 1076/2224.
[INFO] Enola: Solve for Rydberg stage 1077/2224.
[INFO] Enola: Solve for Rydberg stage 1078/2224.
[INFO] Enola: Solve for Rydberg stage 1079/2224.
[INFO] Enola: Solve for Rydberg stage 1080/2224.
[INFO] Enola: Solve for Rydberg stage 1081/2224.
[INFO] Enola: Solve for Rydberg stage 1082/2224.
[INFO] Enola: Solve for Rydberg stage 1083/2224.
[INFO] Enola: Solve for Rydberg stage 1084/2224.
[INFO] Enola: Solve for Rydberg stage 1085/2224.
[INFO] Enola: Solve for Rydberg stage 1086/2224.
[INFO] Enola: Solve for Rydberg stage 1087/2224.
[INFO] Enola: Solve for Rydberg stage 1088/2224.
[INFO] Enola: Solve for Rydberg stage 1089/2224.
[INFO] Enola: Solve for Rydberg stage 1090/2224.
[INFO] Enola: Solve for Rydberg stage 1091/2224.
[INFO] Enola: Solve for Rydberg stage 1092/2224.
[INFO] Enola: Solve for Rydberg stage 1093/2224.
[INFO] Enola: Solve for Rydberg stage 1094/2224.
[INFO] Enola: Solve for Rydberg stage 1095/2224.
[INFO] Enola: Solve for Rydberg stage 1096/2224.
[INFO] Enola: Solve for Rydberg stage 1097/2224.
[INFO] Enola: Solve for Rydberg stage 1098/2224.
[INFO] Enola: Solve for Rydberg stage 1099/2224.
[INFO] Enola: Solve for Rydberg stage 1100/2224.
[INFO] Enola: Solve for Rydberg stage 1101/2224.
[INFO] Enola: Solve for Rydberg stage 1102/2224.
[INFO] Enola: Solve for Rydberg stage 1103/2224.
[INFO] Enola: Solve for Rydberg stage 1104/2224.
[INFO] Enola: Solve for Rydberg stage 1105/2224.
[INFO] Enola: Solve for Rydberg stage 1106/2224.
[INFO] Enola: Solve for Rydberg stage 1107/2224.
[INFO] Enola: Solve for Rydberg stage 1108/2224.
[INFO] Enola: Solve for Rydberg stage 1109/2224.
[INFO] Enola: Solve for Rydberg stage 1110/2224.
[INFO] Enola: Solve for Rydberg stage 1111/2224.
[INFO] Enola: Solve for Rydberg stage 1112/2224.
[INFO] Enola: Solve for Rydberg stage 1113/2224.
[INFO] Enola: Solve for Rydberg stage 1114/2224.
[INFO] Enola: Solve for Rydberg stage 1115/2224.
[INFO] Enola: Solve for Rydberg stage 1116/2224.
[INFO] Enola: Solve for Rydberg stage 1117/2224.
[INFO] Enola: Solve for Rydberg stage 1118/2224.
[INFO] Enola: Solve for Rydberg stage 1119/2224.
[INFO] Enola: Solve for Rydberg stage 1120/2224.
[INFO] Enola: Solve for Rydberg stage 1121/2224.
[INFO] Enola: Solve for Rydberg stage 1122/2224.
[INFO] Enola: Solve for Rydberg stage 1123/2224.
[INFO] Enola: Solve for Rydberg stage 1124/2224.
[INFO] Enola: Solve for Rydberg stage 1125/2224.
[INFO] Enola: Solve for Rydberg stage 1126/2224.
[INFO] Enola: Solve for Rydberg stage 1127/2224.
[INFO] Enola: Solve for Rydberg stage 1128/2224.
[INFO] Enola: Solve for Rydberg stage 1129/2224.
[INFO] Enola: Solve for Rydberg stage 1130/2224.
[INFO] Enola: Solve for Rydberg stage 1131/2224.
[INFO] Enola: Solve for Rydberg stage 1132/2224.
[INFO] Enola: Solve for Rydberg stage 1133/2224.
[INFO] Enola: Solve for Rydberg stage 1134/2224.
[INFO] Enola: Solve for Rydberg stage 1135/2224.
[INFO] Enola: Solve for Rydberg stage 1136/2224.
[INFO] Enola: Solve for Rydberg stage 1137/2224.
[INFO] Enola: Solve for Rydberg stage 1138/2224.
[INFO] Enola: Solve for Rydberg stage 1139/2224.
[INFO] Enola: Solve for Rydberg stage 1140/2224.
[INFO] Enola: Solve for Rydberg stage 1141/2224.
[INFO] Enola: Solve for Rydberg stage 1142/2224.
[INFO] Enola: Solve for Rydberg stage 1143/2224.
[INFO] Enola: Solve for Rydberg stage 1144/2224.
[INFO] Enola: Solve for Rydberg stage 1145/2224.
[INFO] Enola: Solve for Rydberg stage 1146/2224.
[INFO] Enola: Solve for Rydberg stage 1147/2224.
[INFO] Enola: Solve for Rydberg stage 1148/2224.
[INFO] Enola: Solve for Rydberg stage 1149/2224.
[INFO] Enola: Solve for Rydberg stage 1150/2224.
[INFO] Enola: Solve for Rydberg stage 1151/2224.
[INFO] Enola: Solve for Rydberg stage 1152/2224.
[INFO] Enola: Solve for Rydberg stage 1153/2224.
[INFO] Enola: Solve for Rydberg stage 1154/2224.
[INFO] Enola: Solve for Rydberg stage 1155/2224.
[INFO] Enola: Solve for Rydberg stage 1156/2224.
[INFO] Enola: Solve for Rydberg stage 1157/2224.
[INFO] Enola: Solve for Rydberg stage 1158/2224.
[INFO] Enola: Solve for Rydberg stage 1159/2224.
[INFO] Enola: Solve for Rydberg stage 1160/2224.
[INFO] Enola: Solve for Rydberg stage 1161/2224.
[INFO] Enola: Solve for Rydberg stage 1162/2224.
[INFO] Enola: Solve for Rydberg stage 1163/2224.
[INFO] Enola: Solve for Rydberg stage 1164/2224.
[INFO] Enola: Solve for Rydberg stage 1165/2224.
[INFO] Enola: Solve for Rydberg stage 1166/2224.
[INFO] Enola: Solve for Rydberg stage 1167/2224.
[INFO] Enola: Solve for Rydberg stage 1168/2224.
[INFO] Enola: Solve for Rydberg stage 1169/2224.
[INFO] Enola: Solve for Rydberg stage 1170/2224.
[INFO] Enola: Solve for Rydberg stage 1171/2224.
[INFO] Enola: Solve for Rydberg stage 1172/2224.
[INFO] Enola: Solve for Rydberg stage 1173/2224.
[INFO] Enola: Solve for Rydberg stage 1174/2224.
[INFO] Enola: Solve for Rydberg stage 1175/2224.
[INFO] Enola: Solve for Rydberg stage 1176/2224.
[INFO] Enola: Solve for Rydberg stage 1177/2224.
[INFO] Enola: Solve for Rydberg stage 1178/2224.
[INFO] Enola: Solve for Rydberg stage 1179/2224.
[INFO] Enola: Solve for Rydberg stage 1180/2224.
[INFO] Enola: Solve for Rydberg stage 1181/2224.
[INFO] Enola: Solve for Rydberg stage 1182/2224.
[INFO] Enola: Solve for Rydberg stage 1183/2224.
[INFO] Enola: Solve for Rydberg stage 1184/2224.
[INFO] Enola: Solve for Rydberg stage 1185/2224.
[INFO] Enola: Solve for Rydberg stage 1186/2224.
[INFO] Enola: Solve for Rydberg stage 1187/2224.
[INFO] Enola: Solve for Rydberg stage 1188/2224.
[INFO] Enola: Solve for Rydberg stage 1189/2224.
[INFO] Enola: Solve for Rydberg stage 1190/2224.
[INFO] Enola: Solve for Rydberg stage 1191/2224.
[INFO] Enola: Solve for Rydberg stage 1192/2224.
[INFO] Enola: Solve for Rydberg stage 1193/2224.
[INFO] Enola: Solve for Rydberg stage 1194/2224.
[INFO] Enola: Solve for Rydberg stage 1195/2224.
[INFO] Enola: Solve for Rydberg stage 1196/2224.
[INFO] Enola: Solve for Rydberg stage 1197/2224.
[INFO] Enola: Solve for Rydberg stage 1198/2224.
[INFO] Enola: Solve for Rydberg stage 1199/2224.
[INFO] Enola: Solve for Rydberg stage 1200/2224.
[INFO] Enola: Solve for Rydberg stage 1201/2224.
[INFO] Enola: Solve for Rydberg stage 1202/2224.
[INFO] Enola: Solve for Rydberg stage 1203/2224.
[INFO] Enola: Solve for Rydberg stage 1204/2224.
[INFO] Enola: Solve for Rydberg stage 1205/2224.
[INFO] Enola: Solve for Rydberg stage 1206/2224.
[INFO] Enola: Solve for Rydberg stage 1207/2224.
[INFO] Enola: Solve for Rydberg stage 1208/2224.
[INFO] Enola: Solve for Rydberg stage 1209/2224.
[INFO] Enola: Solve for Rydberg stage 1210/2224.
[INFO] Enola: Solve for Rydberg stage 1211/2224.
[INFO] Enola: Solve for Rydberg stage 1212/2224.
[INFO] Enola: Solve for Rydberg stage 1213/2224.
[INFO] Enola: Solve for Rydberg stage 1214/2224.
[INFO] Enola: Solve for Rydberg stage 1215/2224.
[INFO] Enola: Solve for Rydberg stage 1216/2224.
[INFO] Enola: Solve for Rydberg stage 1217/2224.
[INFO] Enola: Solve for Rydberg stage 1218/2224.
[INFO] Enola: Solve for Rydberg stage 1219/2224.
[INFO] Enola: Solve for Rydberg stage 1220/2224.
[INFO] Enola: Solve for Rydberg stage 1221/2224.
[INFO] Enola: Solve for Rydberg stage 1222/2224.
[INFO] Enola: Solve for Rydberg stage 1223/2224.
[INFO] Enola: Solve for Rydberg stage 1224/2224.
[INFO] Enola: Solve for Rydberg stage 1225/2224.
[INFO] Enola: Solve for Rydberg stage 1226/2224.
[INFO] Enola: Solve for Rydberg stage 1227/2224.
[INFO] Enola: Solve for Rydberg stage 1228/2224.
[INFO] Enola: Solve for Rydberg stage 1229/2224.
[INFO] Enola: Solve for Rydberg stage 1230/2224.
[INFO] Enola: Solve for Rydberg stage 1231/2224.
[INFO] Enola: Solve for Rydberg stage 1232/2224.
[INFO] Enola: Solve for Rydberg stage 1233/2224.
[INFO] Enola: Solve for Rydberg stage 1234/2224.
[INFO] Enola: Solve for Rydberg stage 1235/2224.
[INFO] Enola: Solve for Rydberg stage 1236/2224.
[INFO] Enola: Solve for Rydberg stage 1237/2224.
[INFO] Enola: Solve for Rydberg stage 1238/2224.
[INFO] Enola: Solve for Rydberg stage 1239/2224.
[INFO] Enola: Solve for Rydberg stage 1240/2224.
[INFO] Enola: Solve for Rydberg stage 1241/2224.
[INFO] Enola: Solve for Rydberg stage 1242/2224.
[INFO] Enola: Solve for Rydberg stage 1243/2224.
[INFO] Enola: Solve for Rydberg stage 1244/2224.
[INFO] Enola: Solve for Rydberg stage 1245/2224.
[INFO] Enola: Solve for Rydberg stage 1246/2224.
[INFO] Enola: Solve for Rydberg stage 1247/2224.
[INFO] Enola: Solve for Rydberg stage 1248/2224.
[INFO] Enola: Solve for Rydberg stage 1249/2224.
[INFO] Enola: Solve for Rydberg stage 1250/2224.
[INFO] Enola: Solve for Rydberg stage 1251/2224.
[INFO] Enola: Solve for Rydberg stage 1252/2224.
[INFO] Enola: Solve for Rydberg stage 1253/2224.
[INFO] Enola: Solve for Rydberg stage 1254/2224.
[INFO] Enola: Solve for Rydberg stage 1255/2224.
[INFO] Enola: Solve for Rydberg stage 1256/2224.
[INFO] Enola: Solve for Rydberg stage 1257/2224.
[INFO] Enola: Solve for Rydberg stage 1258/2224.
[INFO] Enola: Solve for Rydberg stage 1259/2224.
[INFO] Enola: Solve for Rydberg stage 1260/2224.
[INFO] Enola: Solve for Rydberg stage 1261/2224.
[INFO] Enola: Solve for Rydberg stage 1262/2224.
[INFO] Enola: Solve for Rydberg stage 1263/2224.
[INFO] Enola: Solve for Rydberg stage 1264/2224.
[INFO] Enola: Solve for Rydberg stage 1265/2224.
[INFO] Enola: Solve for Rydberg stage 1266/2224.
[INFO] Enola: Solve for Rydberg stage 1267/2224.
[INFO] Enola: Solve for Rydberg stage 1268/2224.
[INFO] Enola: Solve for Rydberg stage 1269/2224.
[INFO] Enola: Solve for Rydberg stage 1270/2224.
[INFO] Enola: Solve for Rydberg stage 1271/2224.
[INFO] Enola: Solve for Rydberg stage 1272/2224.
[INFO] Enola: Solve for Rydberg stage 1273/2224.
[INFO] Enola: Solve for Rydberg stage 1274/2224.
[INFO] Enola: Solve for Rydberg stage 1275/2224.
[INFO] Enola: Solve for Rydberg stage 1276/2224.
[INFO] Enola: Solve for Rydberg stage 1277/2224.
[INFO] Enola: Solve for Rydberg stage 1278/2224.
[INFO] Enola: Solve for Rydberg stage 1279/2224.
[INFO] Enola: Solve for Rydberg stage 1280/2224.
[INFO] Enola: Solve for Rydberg stage 1281/2224.
[INFO] Enola: Solve for Rydberg stage 1282/2224.
[INFO] Enola: Solve for Rydberg stage 1283/2224.
[INFO] Enola: Solve for Rydberg stage 1284/2224.
[INFO] Enola: Solve for Rydberg stage 1285/2224.
[INFO] Enola: Solve for Rydberg stage 1286/2224.
[INFO] Enola: Solve for Rydberg stage 1287/2224.
[INFO] Enola: Solve for Rydberg stage 1288/2224.
[INFO] Enola: Solve for Rydberg stage 1289/2224.
[INFO] Enola: Solve for Rydberg stage 1290/2224.
[INFO] Enola: Solve for Rydberg stage 1291/2224.
[INFO] Enola: Solve for Rydberg stage 1292/2224.
[INFO] Enola: Solve for Rydberg stage 1293/2224.
[INFO] Enola: Solve for Rydberg stage 1294/2224.
[INFO] Enola: Solve for Rydberg stage 1295/2224.
[INFO] Enola: Solve for Rydberg stage 1296/2224.
[INFO] Enola: Solve for Rydberg stage 1297/2224.
[INFO] Enola: Solve for Rydberg stage 1298/2224.
[INFO] Enola: Solve for Rydberg stage 1299/2224.
[INFO] Enola: Solve for Rydberg stage 1300/2224.
[INFO] Enola: Solve for Rydberg stage 1301/2224.
[INFO] Enola: Solve for Rydberg stage 1302/2224.
[INFO] Enola: Solve for Rydberg stage 1303/2224.
[INFO] Enola: Solve for Rydberg stage 1304/2224.
[INFO] Enola: Solve for Rydberg stage 1305/2224.
[INFO] Enola: Solve for Rydberg stage 1306/2224.
[INFO] Enola: Solve for Rydberg stage 1307/2224.
[INFO] Enola: Solve for Rydberg stage 1308/2224.
[INFO] Enola: Solve for Rydberg stage 1309/2224.
[INFO] Enola: Solve for Rydberg stage 1310/2224.
[INFO] Enola: Solve for Rydberg stage 1311/2224.
[INFO] Enola: Solve for Rydberg stage 1312/2224.
[INFO] Enola: Solve for Rydberg stage 1313/2224.
[INFO] Enola: Solve for Rydberg stage 1314/2224.
[INFO] Enola: Solve for Rydberg stage 1315/2224.
[INFO] Enola: Solve for Rydberg stage 1316/2224.
[INFO] Enola: Solve for Rydberg stage 1317/2224.
[INFO] Enola: Solve for Rydberg stage 1318/2224.
[INFO] Enola: Solve for Rydberg stage 1319/2224.
[INFO] Enola: Solve for Rydberg stage 1320/2224.
[INFO] Enola: Solve for Rydberg stage 1321/2224.
[INFO] Enola: Solve for Rydberg stage 1322/2224.
[INFO] Enola: Solve for Rydberg stage 1323/2224.
[INFO] Enola: Solve for Rydberg stage 1324/2224.
[INFO] Enola: Solve for Rydberg stage 1325/2224.
[INFO] Enola: Solve for Rydberg stage 1326/2224.
[INFO] Enola: Solve for Rydberg stage 1327/2224.
[INFO] Enola: Solve for Rydberg stage 1328/2224.
[INFO] Enola: Solve for Rydberg stage 1329/2224.
[INFO] Enola: Solve for Rydberg stage 1330/2224.
[INFO] Enola: Solve for Rydberg stage 1331/2224.
[INFO] Enola: Solve for Rydberg stage 1332/2224.
[INFO] Enola: Solve for Rydberg stage 1333/2224.
[INFO] Enola: Solve for Rydberg stage 1334/2224.
[INFO] Enola: Solve for Rydberg stage 1335/2224.
[INFO] Enola: Solve for Rydberg stage 1336/2224.
[INFO] Enola: Solve for Rydberg stage 1337/2224.
[INFO] Enola: Solve for Rydberg stage 1338/2224.
[INFO] Enola: Solve for Rydberg stage 1339/2224.
[INFO] Enola: Solve for Rydberg stage 1340/2224.
[INFO] Enola: Solve for Rydberg stage 1341/2224.
[INFO] Enola: Solve for Rydberg stage 1342/2224.
[INFO] Enola: Solve for Rydberg stage 1343/2224.
[INFO] Enola: Solve for Rydberg stage 1344/2224.
[INFO] Enola: Solve for Rydberg stage 1345/2224.
[INFO] Enola: Solve for Rydberg stage 1346/2224.
[INFO] Enola: Solve for Rydberg stage 1347/2224.
[INFO] Enola: Solve for Rydberg stage 1348/2224.
[INFO] Enola: Solve for Rydberg stage 1349/2224.
[INFO] Enola: Solve for Rydberg stage 1350/2224.
[INFO] Enola: Solve for Rydberg stage 1351/2224.
[INFO] Enola: Solve for Rydberg stage 1352/2224.
[INFO] Enola: Solve for Rydberg stage 1353/2224.
[INFO] Enola: Solve for Rydberg stage 1354/2224.
[INFO] Enola: Solve for Rydberg stage 1355/2224.
[INFO] Enola: Solve for Rydberg stage 1356/2224.
[INFO] Enola: Solve for Rydberg stage 1357/2224.
[INFO] Enola: Solve for Rydberg stage 1358/2224.
[INFO] Enola: Solve for Rydberg stage 1359/2224.
[INFO] Enola: Solve for Rydberg stage 1360/2224.
[INFO] Enola: Solve for Rydberg stage 1361/2224.
[INFO] Enola: Solve for Rydberg stage 1362/2224.
[INFO] Enola: Solve for Rydberg stage 1363/2224.
[INFO] Enola: Solve for Rydberg stage 1364/2224.
[INFO] Enola: Solve for Rydberg stage 1365/2224.
[INFO] Enola: Solve for Rydberg stage 1366/2224.
[INFO] Enola: Solve for Rydberg stage 1367/2224.
[INFO] Enola: Solve for Rydberg stage 1368/2224.
[INFO] Enola: Solve for Rydberg stage 1369/2224.
[INFO] Enola: Solve for Rydberg stage 1370/2224.
[INFO] Enola: Solve for Rydberg stage 1371/2224.
[INFO] Enola: Solve for Rydberg stage 1372/2224.
[INFO] Enola: Solve for Rydberg stage 1373/2224.
[INFO] Enola: Solve for Rydberg stage 1374/2224.
[INFO] Enola: Solve for Rydberg stage 1375/2224.
[INFO] Enola: Solve for Rydberg stage 1376/2224.
[INFO] Enola: Solve for Rydberg stage 1377/2224.
[INFO] Enola: Solve for Rydberg stage 1378/2224.
[INFO] Enola: Solve for Rydberg stage 1379/2224.
[INFO] Enola: Solve for Rydberg stage 1380/2224.
[INFO] Enola: Solve for Rydberg stage 1381/2224.
[INFO] Enola: Solve for Rydberg stage 1382/2224.
[INFO] Enola: Solve for Rydberg stage 1383/2224.
[INFO] Enola: Solve for Rydberg stage 1384/2224.
[INFO] Enola: Solve for Rydberg stage 1385/2224.
[INFO] Enola: Solve for Rydberg stage 1386/2224.
[INFO] Enola: Solve for Rydberg stage 1387/2224.
[INFO] Enola: Solve for Rydberg stage 1388/2224.
[INFO] Enola: Solve for Rydberg stage 1389/2224.
[INFO] Enola: Solve for Rydberg stage 1390/2224.
[INFO] Enola: Solve for Rydberg stage 1391/2224.
[INFO] Enola: Solve for Rydberg stage 1392/2224.
[INFO] Enola: Solve for Rydberg stage 1393/2224.
[INFO] Enola: Solve for Rydberg stage 1394/2224.
[INFO] Enola: Solve for Rydberg stage 1395/2224.
[INFO] Enola: Solve for Rydberg stage 1396/2224.
[INFO] Enola: Solve for Rydberg stage 1397/2224.
[INFO] Enola: Solve for Rydberg stage 1398/2224.
[INFO] Enola: Solve for Rydberg stage 1399/2224.
[INFO] Enola: Solve for Rydberg stage 1400/2224.
[INFO] Enola: Solve for Rydberg stage 1401/2224.
[INFO] Enola: Solve for Rydberg stage 1402/2224.
[INFO] Enola: Solve for Rydberg stage 1403/2224.
[INFO] Enola: Solve for Rydberg stage 1404/2224.
[INFO] Enola: Solve for Rydberg stage 1405/2224.
[INFO] Enola: Solve for Rydberg stage 1406/2224.
[INFO] Enola: Solve for Rydberg stage 1407/2224.
[INFO] Enola: Solve for Rydberg stage 1408/2224.
[INFO] Enola: Solve for Rydberg stage 1409/2224.
[INFO] Enola: Solve for Rydberg stage 1410/2224.
[INFO] Enola: Solve for Rydberg stage 1411/2224.
[INFO] Enola: Solve for Rydberg stage 1412/2224.
[INFO] Enola: Solve for Rydberg stage 1413/2224.
[INFO] Enola: Solve for Rydberg stage 1414/2224.
[INFO] Enola: Solve for Rydberg stage 1415/2224.
[INFO] Enola: Solve for Rydberg stage 1416/2224.
[INFO] Enola: Solve for Rydberg stage 1417/2224.
[INFO] Enola: Solve for Rydberg stage 1418/2224.
[INFO] Enola: Solve for Rydberg stage 1419/2224.
[INFO] Enola: Solve for Rydberg stage 1420/2224.
[INFO] Enola: Solve for Rydberg stage 1421/2224.
[INFO] Enola: Solve for Rydberg stage 1422/2224.
[INFO] Enola: Solve for Rydberg stage 1423/2224.
[INFO] Enola: Solve for Rydberg stage 1424/2224.
[INFO] Enola: Solve for Rydberg stage 1425/2224.
[INFO] Enola: Solve for Rydberg stage 1426/2224.
[INFO] Enola: Solve for Rydberg stage 1427/2224.
[INFO] Enola: Solve for Rydberg stage 1428/2224.
[INFO] Enola: Solve for Rydberg stage 1429/2224.
[INFO] Enola: Solve for Rydberg stage 1430/2224.
[INFO] Enola: Solve for Rydberg stage 1431/2224.
[INFO] Enola: Solve for Rydberg stage 1432/2224.
[INFO] Enola: Solve for Rydberg stage 1433/2224.
[INFO] Enola: Solve for Rydberg stage 1434/2224.
[INFO] Enola: Solve for Rydberg stage 1435/2224.
[INFO] Enola: Solve for Rydberg stage 1436/2224.
[INFO] Enola: Solve for Rydberg stage 1437/2224.
[INFO] Enola: Solve for Rydberg stage 1438/2224.
[INFO] Enola: Solve for Rydberg stage 1439/2224.
[INFO] Enola: Solve for Rydberg stage 1440/2224.
[INFO] Enola: Solve for Rydberg stage 1441/2224.
[INFO] Enola: Solve for Rydberg stage 1442/2224.
[INFO] Enola: Solve for Rydberg stage 1443/2224.
[INFO] Enola: Solve for Rydberg stage 1444/2224.
[INFO] Enola: Solve for Rydberg stage 1445/2224.
[INFO] Enola: Solve for Rydberg stage 1446/2224.
[INFO] Enola: Solve for Rydberg stage 1447/2224.
[INFO] Enola: Solve for Rydberg stage 1448/2224.
[INFO] Enola: Solve for Rydberg stage 1449/2224.
[INFO] Enola: Solve for Rydberg stage 1450/2224.
[INFO] Enola: Solve for Rydberg stage 1451/2224.
[INFO] Enola: Solve for Rydberg stage 1452/2224.
[INFO] Enola: Solve for Rydberg stage 1453/2224.
[INFO] Enola: Solve for Rydberg stage 1454/2224.
[INFO] Enola: Solve for Rydberg stage 1455/2224.
[INFO] Enola: Solve for Rydberg stage 1456/2224.
[INFO] Enola: Solve for Rydberg stage 1457/2224.
[INFO] Enola: Solve for Rydberg stage 1458/2224.
[INFO] Enola: Solve for Rydberg stage 1459/2224.
[INFO] Enola: Solve for Rydberg stage 1460/2224.
[INFO] Enola: Solve for Rydberg stage 1461/2224.
[INFO] Enola: Solve for Rydberg stage 1462/2224.
[INFO] Enola: Solve for Rydberg stage 1463/2224.
[INFO] Enola: Solve for Rydberg stage 1464/2224.
[INFO] Enola: Solve for Rydberg stage 1465/2224.
[INFO] Enola: Solve for Rydberg stage 1466/2224.
[INFO] Enola: Solve for Rydberg stage 1467/2224.
[INFO] Enola: Solve for Rydberg stage 1468/2224.
[INFO] Enola: Solve for Rydberg stage 1469/2224.
[INFO] Enola: Solve for Rydberg stage 1470/2224.
[INFO] Enola: Solve for Rydberg stage 1471/2224.
[INFO] Enola: Solve for Rydberg stage 1472/2224.
[INFO] Enola: Solve for Rydberg stage 1473/2224.
[INFO] Enola: Solve for Rydberg stage 1474/2224.
[INFO] Enola: Solve for Rydberg stage 1475/2224.
[INFO] Enola: Solve for Rydberg stage 1476/2224.
[INFO] Enola: Solve for Rydberg stage 1477/2224.
[INFO] Enola: Solve for Rydberg stage 1478/2224.
[INFO] Enola: Solve for Rydberg stage 1479/2224.
[INFO] Enola: Solve for Rydberg stage 1480/2224.
[INFO] Enola: Solve for Rydberg stage 1481/2224.
[INFO] Enola: Solve for Rydberg stage 1482/2224.
[INFO] Enola: Solve for Rydberg stage 1483/2224.
[INFO] Enola: Solve for Rydberg stage 1484/2224.
[INFO] Enola: Solve for Rydberg stage 1485/2224.
[INFO] Enola: Solve for Rydberg stage 1486/2224.
[INFO] Enola: Solve for Rydberg stage 1487/2224.
[INFO] Enola: Solve for Rydberg stage 1488/2224.
[INFO] Enola: Solve for Rydberg stage 1489/2224.
[INFO] Enola: Solve for Rydberg stage 1490/2224.
[INFO] Enola: Solve for Rydberg stage 1491/2224.
[INFO] Enola: Solve for Rydberg stage 1492/2224.
[INFO] Enola: Solve for Rydberg stage 1493/2224.
[INFO] Enola: Solve for Rydberg stage 1494/2224.
[INFO] Enola: Solve for Rydberg stage 1495/2224.
[INFO] Enola: Solve for Rydberg stage 1496/2224.
[INFO] Enola: Solve for Rydberg stage 1497/2224.
[INFO] Enola: Solve for Rydberg stage 1498/2224.
[INFO] Enola: Solve for Rydberg stage 1499/2224.
[INFO] Enola: Solve for Rydberg stage 1500/2224.
[INFO] Enola: Solve for Rydberg stage 1501/2224.
[INFO] Enola: Solve for Rydberg stage 1502/2224.
[INFO] Enola: Solve for Rydberg stage 1503/2224.
[INFO] Enola: Solve for Rydberg stage 1504/2224.
[INFO] Enola: Solve for Rydberg stage 1505/2224.
[INFO] Enola: Solve for Rydberg stage 1506/2224.
[INFO] Enola: Solve for Rydberg stage 1507/2224.
[INFO] Enola: Solve for Rydberg stage 1508/2224.
[INFO] Enola: Solve for Rydberg stage 1509/2224.
[INFO] Enola: Solve for Rydberg stage 1510/2224.
[INFO] Enola: Solve for Rydberg stage 1511/2224.
[INFO] Enola: Solve for Rydberg stage 1512/2224.
[INFO] Enola: Solve for Rydberg stage 1513/2224.
[INFO] Enola: Solve for Rydberg stage 1514/2224.
[INFO] Enola: Solve for Rydberg stage 1515/2224.
[INFO] Enola: Solve for Rydberg stage 1516/2224.
[INFO] Enola: Solve for Rydberg stage 1517/2224.
[INFO] Enola: Solve for Rydberg stage 1518/2224.
[INFO] Enola: Solve for Rydberg stage 1519/2224.
[INFO] Enola: Solve for Rydberg stage 1520/2224.
[INFO] Enola: Solve for Rydberg stage 1521/2224.
[INFO] Enola: Solve for Rydberg stage 1522/2224.
[INFO] Enola: Solve for Rydberg stage 1523/2224.
[INFO] Enola: Solve for Rydberg stage 1524/2224.
[INFO] Enola: Solve for Rydberg stage 1525/2224.
[INFO] Enola: Solve for Rydberg stage 1526/2224.
[INFO] Enola: Solve for Rydberg stage 1527/2224.
[INFO] Enola: Solve for Rydberg stage 1528/2224.
[INFO] Enola: Solve for Rydberg stage 1529/2224.
[INFO] Enola: Solve for Rydberg stage 1530/2224.
[INFO] Enola: Solve for Rydberg stage 1531/2224.
[INFO] Enola: Solve for Rydberg stage 1532/2224.
[INFO] Enola: Solve for Rydberg stage 1533/2224.
[INFO] Enola: Solve for Rydberg stage 1534/2224.
[INFO] Enola: Solve for Rydberg stage 1535/2224.
[INFO] Enola: Solve for Rydberg stage 1536/2224.
[INFO] Enola: Solve for Rydberg stage 1537/2224.
[INFO] Enola: Solve for Rydberg stage 1538/2224.
[INFO] Enola: Solve for Rydberg stage 1539/2224.
[INFO] Enola: Solve for Rydberg stage 1540/2224.
[INFO] Enola: Solve for Rydberg stage 1541/2224.
[INFO] Enola: Solve for Rydberg stage 1542/2224.
[INFO] Enola: Solve for Rydberg stage 1543/2224.
[INFO] Enola: Solve for Rydberg stage 1544/2224.
[INFO] Enola: Solve for Rydberg stage 1545/2224.
[INFO] Enola: Solve for Rydberg stage 1546/2224.
[INFO] Enola: Solve for Rydberg stage 1547/2224.
[INFO] Enola: Solve for Rydberg stage 1548/2224.
[INFO] Enola: Solve for Rydberg stage 1549/2224.
[INFO] Enola: Solve for Rydberg stage 1550/2224.
[INFO] Enola: Solve for Rydberg stage 1551/2224.
[INFO] Enola: Solve for Rydberg stage 1552/2224.
[INFO] Enola: Solve for Rydberg stage 1553/2224.
[INFO] Enola: Solve for Rydberg stage 1554/2224.
[INFO] Enola: Solve for Rydberg stage 1555/2224.
[INFO] Enola: Solve for Rydberg stage 1556/2224.
[INFO] Enola: Solve for Rydberg stage 1557/2224.
[INFO] Enola: Solve for Rydberg stage 1558/2224.
[INFO] Enola: Solve for Rydberg stage 1559/2224.
[INFO] Enola: Solve for Rydberg stage 1560/2224.
[INFO] Enola: Solve for Rydberg stage 1561/2224.
[INFO] Enola: Solve for Rydberg stage 1562/2224.
[INFO] Enola: Solve for Rydberg stage 1563/2224.
[INFO] Enola: Solve for Rydberg stage 1564/2224.
[INFO] Enola: Solve for Rydberg stage 1565/2224.
[INFO] Enola: Solve for Rydberg stage 1566/2224.
[INFO] Enola: Solve for Rydberg stage 1567/2224.
[INFO] Enola: Solve for Rydberg stage 1568/2224.
[INFO] Enola: Solve for Rydberg stage 1569/2224.
[INFO] Enola: Solve for Rydberg stage 1570/2224.
[INFO] Enola: Solve for Rydberg stage 1571/2224.
[INFO] Enola: Solve for Rydberg stage 1572/2224.
[INFO] Enola: Solve for Rydberg stage 1573/2224.
[INFO] Enola: Solve for Rydberg stage 1574/2224.
[INFO] Enola: Solve for Rydberg stage 1575/2224.
[INFO] Enola: Solve for Rydberg stage 1576/2224.
[INFO] Enola: Solve for Rydberg stage 1577/2224.
[INFO] Enola: Solve for Rydberg stage 1578/2224.
[INFO] Enola: Solve for Rydberg stage 1579/2224.
[INFO] Enola: Solve for Rydberg stage 1580/2224.
[INFO] Enola: Solve for Rydberg stage 1581/2224.
[INFO] Enola: Solve for Rydberg stage 1582/2224.
[INFO] Enola: Solve for Rydberg stage 1583/2224.
[INFO] Enola: Solve for Rydberg stage 1584/2224.
[INFO] Enola: Solve for Rydberg stage 1585/2224.
[INFO] Enola: Solve for Rydberg stage 1586/2224.
[INFO] Enola: Solve for Rydberg stage 1587/2224.
[INFO] Enola: Solve for Rydberg stage 1588/2224.
[INFO] Enola: Solve for Rydberg stage 1589/2224.
[INFO] Enola: Solve for Rydberg stage 1590/2224.
[INFO] Enola: Solve for Rydberg stage 1591/2224.
[INFO] Enola: Solve for Rydberg stage 1592/2224.
[INFO] Enola: Solve for Rydberg stage 1593/2224.
[INFO] Enola: Solve for Rydberg stage 1594/2224.
[INFO] Enola: Solve for Rydberg stage 1595/2224.
[INFO] Enola: Solve for Rydberg stage 1596/2224.
[INFO] Enola: Solve for Rydberg stage 1597/2224.
[INFO] Enola: Solve for Rydberg stage 1598/2224.
[INFO] Enola: Solve for Rydberg stage 1599/2224.
[INFO] Enola: Solve for Rydberg stage 1600/2224.
[INFO] Enola: Solve for Rydberg stage 1601/2224.
[INFO] Enola: Solve for Rydberg stage 1602/2224.
[INFO] Enola: Solve for Rydberg stage 1603/2224.
[INFO] Enola: Solve for Rydberg stage 1604/2224.
[INFO] Enola: Solve for Rydberg stage 1605/2224.
[INFO] Enola: Solve for Rydberg stage 1606/2224.
[INFO] Enola: Solve for Rydberg stage 1607/2224.
[INFO] Enola: Solve for Rydberg stage 1608/2224.
[INFO] Enola: Solve for Rydberg stage 1609/2224.
[INFO] Enola: Solve for Rydberg stage 1610/2224.
[INFO] Enola: Solve for Rydberg stage 1611/2224.
[INFO] Enola: Solve for Rydberg stage 1612/2224.
[INFO] Enola: Solve for Rydberg stage 1613/2224.
[INFO] Enola: Solve for Rydberg stage 1614/2224.
[INFO] Enola: Solve for Rydberg stage 1615/2224.
[INFO] Enola: Solve for Rydberg stage 1616/2224.
[INFO] Enola: Solve for Rydberg stage 1617/2224.
[INFO] Enola: Solve for Rydberg stage 1618/2224.
[INFO] Enola: Solve for Rydberg stage 1619/2224.
[INFO] Enola: Solve for Rydberg stage 1620/2224.
[INFO] Enola: Solve for Rydberg stage 1621/2224.
[INFO] Enola: Solve for Rydberg stage 1622/2224.
[INFO] Enola: Solve for Rydberg stage 1623/2224.
[INFO] Enola: Solve for Rydberg stage 1624/2224.
[INFO] Enola: Solve for Rydberg stage 1625/2224.
[INFO] Enola: Solve for Rydberg stage 1626/2224.
[INFO] Enola: Solve for Rydberg stage 1627/2224.
[INFO] Enola: Solve for Rydberg stage 1628/2224.
[INFO] Enola: Solve for Rydberg stage 1629/2224.
[INFO] Enola: Solve for Rydberg stage 1630/2224.
[INFO] Enola: Solve for Rydberg stage 1631/2224.
[INFO] Enola: Solve for Rydberg stage 1632/2224.
[INFO] Enola: Solve for Rydberg stage 1633/2224.
[INFO] Enola: Solve for Rydberg stage 1634/2224.
[INFO] Enola: Solve for Rydberg stage 1635/2224.
[INFO] Enola: Solve for Rydberg stage 1636/2224.
[INFO] Enola: Solve for Rydberg stage 1637/2224.
[INFO] Enola: Solve for Rydberg stage 1638/2224.
[INFO] Enola: Solve for Rydberg stage 1639/2224.
[INFO] Enola: Solve for Rydberg stage 1640/2224.
[INFO] Enola: Solve for Rydberg stage 1641/2224.
[INFO] Enola: Solve for Rydberg stage 1642/2224.
[INFO] Enola: Solve for Rydberg stage 1643/2224.
[INFO] Enola: Solve for Rydberg stage 1644/2224.
[INFO] Enola: Solve for Rydberg stage 1645/2224.
[INFO] Enola: Solve for Rydberg stage 1646/2224.
[INFO] Enola: Solve for Rydberg stage 1647/2224.
[INFO] Enola: Solve for Rydberg stage 1648/2224.
[INFO] Enola: Solve for Rydberg stage 1649/2224.
[INFO] Enola: Solve for Rydberg stage 1650/2224.
[INFO] Enola: Solve for Rydberg stage 1651/2224.
[INFO] Enola: Solve for Rydberg stage 1652/2224.
[INFO] Enola: Solve for Rydberg stage 1653/2224.
[INFO] Enola: Solve for Rydberg stage 1654/2224.
[INFO] Enola: Solve for Rydberg stage 1655/2224.
[INFO] Enola: Solve for Rydberg stage 1656/2224.
[INFO] Enola: Solve for Rydberg stage 1657/2224.
[INFO] Enola: Solve for Rydberg stage 1658/2224.
[INFO] Enola: Solve for Rydberg stage 1659/2224.
[INFO] Enola: Solve for Rydberg stage 1660/2224.
[INFO] Enola: Solve for Rydberg stage 1661/2224.
[INFO] Enola: Solve for Rydberg stage 1662/2224.
[INFO] Enola: Solve for Rydberg stage 1663/2224.
[INFO] Enola: Solve for Rydberg stage 1664/2224.
[INFO] Enola: Solve for Rydberg stage 1665/2224.
[INFO] Enola: Solve for Rydberg stage 1666/2224.
[INFO] Enola: Solve for Rydberg stage 1667/2224.
[INFO] Enola: Solve for Rydberg stage 1668/2224.
[INFO] Enola: Solve for Rydberg stage 1669/2224.
[INFO] Enola: Solve for Rydberg stage 1670/2224.
[INFO] Enola: Solve for Rydberg stage 1671/2224.
[INFO] Enola: Solve for Rydberg stage 1672/2224.
[INFO] Enola: Solve for Rydberg stage 1673/2224.
[INFO] Enola: Solve for Rydberg stage 1674/2224.
[INFO] Enola: Solve for Rydberg stage 1675/2224.
[INFO] Enola: Solve for Rydberg stage 1676/2224.
[INFO] Enola: Solve for Rydberg stage 1677/2224.
[INFO] Enola: Solve for Rydberg stage 1678/2224.
[INFO] Enola: Solve for Rydberg stage 1679/2224.
[INFO] Enola: Solve for Rydberg stage 1680/2224.
[INFO] Enola: Solve for Rydberg stage 1681/2224.
[INFO] Enola: Solve for Rydberg stage 1682/2224.
[INFO] Enola: Solve for Rydberg stage 1683/2224.
[INFO] Enola: Solve for Rydberg stage 1684/2224.
[INFO] Enola: Solve for Rydberg stage 1685/2224.
[INFO] Enola: Solve for Rydberg stage 1686/2224.
[INFO] Enola: Solve for Rydberg stage 1687/2224.
[INFO] Enola: Solve for Rydberg stage 1688/2224.
[INFO] Enola: Solve for Rydberg stage 1689/2224.
[INFO] Enola: Solve for Rydberg stage 1690/2224.
[INFO] Enola: Solve for Rydberg stage 1691/2224.
[INFO] Enola: Solve for Rydberg stage 1692/2224.
[INFO] Enola: Solve for Rydberg stage 1693/2224.
[INFO] Enola: Solve for Rydberg stage 1694/2224.
[INFO] Enola: Solve for Rydberg stage 1695/2224.
[INFO] Enola: Solve for Rydberg stage 1696/2224.
[INFO] Enola: Solve for Rydberg stage 1697/2224.
[INFO] Enola: Solve for Rydberg stage 1698/2224.
[INFO] Enola: Solve for Rydberg stage 1699/2224.
[INFO] Enola: Solve for Rydberg stage 1700/2224.
[INFO] Enola: Solve for Rydberg stage 1701/2224.
[INFO] Enola: Solve for Rydberg stage 1702/2224.
[INFO] Enola: Solve for Rydberg stage 1703/2224.
[INFO] Enola: Solve for Rydberg stage 1704/2224.
[INFO] Enola: Solve for Rydberg stage 1705/2224.
[INFO] Enola: Solve for Rydberg stage 1706/2224.
[INFO] Enola: Solve for Rydberg stage 1707/2224.
[INFO] Enola: Solve for Rydberg stage 1708/2224.
[INFO] Enola: Solve for Rydberg stage 1709/2224.
[INFO] Enola: Solve for Rydberg stage 1710/2224.
[INFO] Enola: Solve for Rydberg stage 1711/2224.
[INFO] Enola: Solve for Rydberg stage 1712/2224.
[INFO] Enola: Solve for Rydberg stage 1713/2224.
[INFO] Enola: Solve for Rydberg stage 1714/2224.
[INFO] Enola: Solve for Rydberg stage 1715/2224.
[INFO] Enola: Solve for Rydberg stage 1716/2224.
[INFO] Enola: Solve for Rydberg stage 1717/2224.
[INFO] Enola: Solve for Rydberg stage 1718/2224.
[INFO] Enola: Solve for Rydberg stage 1719/2224.
[INFO] Enola: Solve for Rydberg stage 1720/2224.
[INFO] Enola: Solve for Rydberg stage 1721/2224.
[INFO] Enola: Solve for Rydberg stage 1722/2224.
[INFO] Enola: Solve for Rydberg stage 1723/2224.
[INFO] Enola: Solve for Rydberg stage 1724/2224.
[INFO] Enola: Solve for Rydberg stage 1725/2224.
[INFO] Enola: Solve for Rydberg stage 1726/2224.
[INFO] Enola: Solve for Rydberg stage 1727/2224.
[INFO] Enola: Solve for Rydberg stage 1728/2224.
[INFO] Enola: Solve for Rydberg stage 1729/2224.
[INFO] Enola: Solve for Rydberg stage 1730/2224.
[INFO] Enola: Solve for Rydberg stage 1731/2224.
[INFO] Enola: Solve for Rydberg stage 1732/2224.
[INFO] Enola: Solve for Rydberg stage 1733/2224.
[INFO] Enola: Solve for Rydberg stage 1734/2224.
[INFO] Enola: Solve for Rydberg stage 1735/2224.
[INFO] Enola: Solve for Rydberg stage 1736/2224.
[INFO] Enola: Solve for Rydberg stage 1737/2224.
[INFO] Enola: Solve for Rydberg stage 1738/2224.
[INFO] Enola: Solve for Rydberg stage 1739/2224.
[INFO] Enola: Solve for Rydberg stage 1740/2224.
[INFO] Enola: Solve for Rydberg stage 1741/2224.
[INFO] Enola: Solve for Rydberg stage 1742/2224.
[INFO] Enola: Solve for Rydberg stage 1743/2224.
[INFO] Enola: Solve for Rydberg stage 1744/2224.
[INFO] Enola: Solve for Rydberg stage 1745/2224.
[INFO] Enola: Solve for Rydberg stage 1746/2224.
[INFO] Enola: Solve for Rydberg stage 1747/2224.
[INFO] Enola: Solve for Rydberg stage 1748/2224.
[INFO] Enola: Solve for Rydberg stage 1749/2224.
[INFO] Enola: Solve for Rydberg stage 1750/2224.
[INFO] Enola: Solve for Rydberg stage 1751/2224.
[INFO] Enola: Solve for Rydberg stage 1752/2224.
[INFO] Enola: Solve for Rydberg stage 1753/2224.
[INFO] Enola: Solve for Rydberg stage 1754/2224.
[INFO] Enola: Solve for Rydberg stage 1755/2224.
[INFO] Enola: Solve for Rydberg stage 1756/2224.
[INFO] Enola: Solve for Rydberg stage 1757/2224.
[INFO] Enola: Solve for Rydberg stage 1758/2224.
[INFO] Enola: Solve for Rydberg stage 1759/2224.
[INFO] Enola: Solve for Rydberg stage 1760/2224.
[INFO] Enola: Solve for Rydberg stage 1761/2224.
[INFO] Enola: Solve for Rydberg stage 1762/2224.
[INFO] Enola: Solve for Rydberg stage 1763/2224.
[INFO] Enola: Solve for Rydberg stage 1764/2224.
[INFO] Enola: Solve for Rydberg stage 1765/2224.
[INFO] Enola: Solve for Rydberg stage 1766/2224.
[INFO] Enola: Solve for Rydberg stage 1767/2224.
[INFO] Enola: Solve for Rydberg stage 1768/2224.
[INFO] Enola: Solve for Rydberg stage 1769/2224.
[INFO] Enola: Solve for Rydberg stage 1770/2224.
[INFO] Enola: Solve for Rydberg stage 1771/2224.
[INFO] Enola: Solve for Rydberg stage 1772/2224.
[INFO] Enola: Solve for Rydberg stage 1773/2224.
[INFO] Enola: Solve for Rydberg stage 1774/2224.
[INFO] Enola: Solve for Rydberg stage 1775/2224.
[INFO] Enola: Solve for Rydberg stage 1776/2224.
[INFO] Enola: Solve for Rydberg stage 1777/2224.
[INFO] Enola: Solve for Rydberg stage 1778/2224.
[INFO] Enola: Solve for Rydberg stage 1779/2224.
[INFO] Enola: Solve for Rydberg stage 1780/2224.
[INFO] Enola: Solve for Rydberg stage 1781/2224.
[INFO] Enola: Solve for Rydberg stage 1782/2224.
[INFO] Enola: Solve for Rydberg stage 1783/2224.
[INFO] Enola: Solve for Rydberg stage 1784/2224.
[INFO] Enola: Solve for Rydberg stage 1785/2224.
[INFO] Enola: Solve for Rydberg stage 1786/2224.
[INFO] Enola: Solve for Rydberg stage 1787/2224.
[INFO] Enola: Solve for Rydberg stage 1788/2224.
[INFO] Enola: Solve for Rydberg stage 1789/2224.
[INFO] Enola: Solve for Rydberg stage 1790/2224.
[INFO] Enola: Solve for Rydberg stage 1791/2224.
[INFO] Enola: Solve for Rydberg stage 1792/2224.
[INFO] Enola: Solve for Rydberg stage 1793/2224.
[INFO] Enola: Solve for Rydberg stage 1794/2224.
[INFO] Enola: Solve for Rydberg stage 1795/2224.
[INFO] Enola: Solve for Rydberg stage 1796/2224.
[INFO] Enola: Solve for Rydberg stage 1797/2224.
[INFO] Enola: Solve for Rydberg stage 1798/2224.
[INFO] Enola: Solve for Rydberg stage 1799/2224.
[INFO] Enola: Solve for Rydberg stage 1800/2224.
[INFO] Enola: Solve for Rydberg stage 1801/2224.
[INFO] Enola: Solve for Rydberg stage 1802/2224.
[INFO] Enola: Solve for Rydberg stage 1803/2224.
[INFO] Enola: Solve for Rydberg stage 1804/2224.
[INFO] Enola: Solve for Rydberg stage 1805/2224.
[INFO] Enola: Solve for Rydberg stage 1806/2224.
[INFO] Enola: Solve for Rydberg stage 1807/2224.
[INFO] Enola: Solve for Rydberg stage 1808/2224.
[INFO] Enola: Solve for Rydberg stage 1809/2224.
[INFO] Enola: Solve for Rydberg stage 1810/2224.
[INFO] Enola: Solve for Rydberg stage 1811/2224.
[INFO] Enola: Solve for Rydberg stage 1812/2224.
[INFO] Enola: Solve for Rydberg stage 1813/2224.
[INFO] Enola: Solve for Rydberg stage 1814/2224.
[INFO] Enola: Solve for Rydberg stage 1815/2224.
[INFO] Enola: Solve for Rydberg stage 1816/2224.
[INFO] Enola: Solve for Rydberg stage 1817/2224.
[INFO] Enola: Solve for Rydberg stage 1818/2224.
[INFO] Enola: Solve for Rydberg stage 1819/2224.
[INFO] Enola: Solve for Rydberg stage 1820/2224.
[INFO] Enola: Solve for Rydberg stage 1821/2224.
[INFO] Enola: Solve for Rydberg stage 1822/2224.
[INFO] Enola: Solve for Rydberg stage 1823/2224.
[INFO] Enola: Solve for Rydberg stage 1824/2224.
[INFO] Enola: Solve for Rydberg stage 1825/2224.
[INFO] Enola: Solve for Rydberg stage 1826/2224.
[INFO] Enola: Solve for Rydberg stage 1827/2224.
[INFO] Enola: Solve for Rydberg stage 1828/2224.
[INFO] Enola: Solve for Rydberg stage 1829/2224.
[INFO] Enola: Solve for Rydberg stage 1830/2224.
[INFO] Enola: Solve for Rydberg stage 1831/2224.
[INFO] Enola: Solve for Rydberg stage 1832/2224.
[INFO] Enola: Solve for Rydberg stage 1833/2224.
[INFO] Enola: Solve for Rydberg stage 1834/2224.
[INFO] Enola: Solve for Rydberg stage 1835/2224.
[INFO] Enola: Solve for Rydberg stage 1836/2224.
[INFO] Enola: Solve for Rydberg stage 1837/2224.
[INFO] Enola: Solve for Rydberg stage 1838/2224.
[INFO] Enola: Solve for Rydberg stage 1839/2224.
[INFO] Enola: Solve for Rydberg stage 1840/2224.
[INFO] Enola: Solve for Rydberg stage 1841/2224.
[INFO] Enola: Solve for Rydberg stage 1842/2224.
[INFO] Enola: Solve for Rydberg stage 1843/2224.
[INFO] Enola: Solve for Rydberg stage 1844/2224.
[INFO] Enola: Solve for Rydberg stage 1845/2224.
[INFO] Enola: Solve for Rydberg stage 1846/2224.
[INFO] Enola: Solve for Rydberg stage 1847/2224.
[INFO] Enola: Solve for Rydberg stage 1848/2224.
[INFO] Enola: Solve for Rydberg stage 1849/2224.
[INFO] Enola: Solve for Rydberg stage 1850/2224.
[INFO] Enola: Solve for Rydberg stage 1851/2224.
[INFO] Enola: Solve for Rydberg stage 1852/2224.
[INFO] Enola: Solve for Rydberg stage 1853/2224.
[INFO] Enola: Solve for Rydberg stage 1854/2224.
[INFO] Enola: Solve for Rydberg stage 1855/2224.
[INFO] Enola: Solve for Rydberg stage 1856/2224.
[INFO] Enola: Solve for Rydberg stage 1857/2224.
[INFO] Enola: Solve for Rydberg stage 1858/2224.
[INFO] Enola: Solve for Rydberg stage 1859/2224.
[INFO] Enola: Solve for Rydberg stage 1860/2224.
[INFO] Enola: Solve for Rydberg stage 1861/2224.
[INFO] Enola: Solve for Rydberg stage 1862/2224.
[INFO] Enola: Solve for Rydberg stage 1863/2224.
[INFO] Enola: Solve for Rydberg stage 1864/2224.
[INFO] Enola: Solve for Rydberg stage 1865/2224.
[INFO] Enola: Solve for Rydberg stage 1866/2224.
[INFO] Enola: Solve for Rydberg stage 1867/2224.
[INFO] Enola: Solve for Rydberg stage 1868/2224.
[INFO] Enola: Solve for Rydberg stage 1869/2224.
[INFO] Enola: Solve for Rydberg stage 1870/2224.
[INFO] Enola: Solve for Rydberg stage 1871/2224.
[INFO] Enola: Solve for Rydberg stage 1872/2224.
[INFO] Enola: Solve for Rydberg stage 1873/2224.
[INFO] Enola: Solve for Rydberg stage 1874/2224.
[INFO] Enola: Solve for Rydberg stage 1875/2224.
[INFO] Enola: Solve for Rydberg stage 1876/2224.
[INFO] Enola: Solve for Rydberg stage 1877/2224.
[INFO] Enola: Solve for Rydberg stage 1878/2224.
[INFO] Enola: Solve for Rydberg stage 1879/2224.
[INFO] Enola: Solve for Rydberg stage 1880/2224.
[INFO] Enola: Solve for Rydberg stage 1881/2224.
[INFO] Enola: Solve for Rydberg stage 1882/2224.
[INFO] Enola: Solve for Rydberg stage 1883/2224.
[INFO] Enola: Solve for Rydberg stage 1884/2224.
[INFO] Enola: Solve for Rydberg stage 1885/2224.
[INFO] Enola: Solve for Rydberg stage 1886/2224.
[INFO] Enola: Solve for Rydberg stage 1887/2224.
[INFO] Enola: Solve for Rydberg stage 1888/2224.
[INFO] Enola: Solve for Rydberg stage 1889/2224.
[INFO] Enola: Solve for Rydberg stage 1890/2224.
[INFO] Enola: Solve for Rydberg stage 1891/2224.
[INFO] Enola: Solve for Rydberg stage 1892/2224.
[INFO] Enola: Solve for Rydberg stage 1893/2224.
[INFO] Enola: Solve for Rydberg stage 1894/2224.
[INFO] Enola: Solve for Rydberg stage 1895/2224.
[INFO] Enola: Solve for Rydberg stage 1896/2224.
[INFO] Enola: Solve for Rydberg stage 1897/2224.
[INFO] Enola: Solve for Rydberg stage 1898/2224.
[INFO] Enola: Solve for Rydberg stage 1899/2224.
[INFO] Enola: Solve for Rydberg stage 1900/2224.
[INFO] Enola: Solve for Rydberg stage 1901/2224.
[INFO] Enola: Solve for Rydberg stage 1902/2224.
[INFO] Enola: Solve for Rydberg stage 1903/2224.
[INFO] Enola: Solve for Rydberg stage 1904/2224.
[INFO] Enola: Solve for Rydberg stage 1905/2224.
[INFO] Enola: Solve for Rydberg stage 1906/2224.
[INFO] Enola: Solve for Rydberg stage 1907/2224.
[INFO] Enola: Solve for Rydberg stage 1908/2224.
[INFO] Enola: Solve for Rydberg stage 1909/2224.
[INFO] Enola: Solve for Rydberg stage 1910/2224.
[INFO] Enola: Solve for Rydberg stage 1911/2224.
[INFO] Enola: Solve for Rydberg stage 1912/2224.
[INFO] Enola: Solve for Rydberg stage 1913/2224.
[INFO] Enola: Solve for Rydberg stage 1914/2224.
[INFO] Enola: Solve for Rydberg stage 1915/2224.
[INFO] Enola: Solve for Rydberg stage 1916/2224.
[INFO] Enola: Solve for Rydberg stage 1917/2224.
[INFO] Enola: Solve for Rydberg stage 1918/2224.
[INFO] Enola: Solve for Rydberg stage 1919/2224.
[INFO] Enola: Solve for Rydberg stage 1920/2224.
[INFO] Enola: Solve for Rydberg stage 1921/2224.
[INFO] Enola: Solve for Rydberg stage 1922/2224.
[INFO] Enola: Solve for Rydberg stage 1923/2224.
[INFO] Enola: Solve for Rydberg stage 1924/2224.
[INFO] Enola: Solve for Rydberg stage 1925/2224.
[INFO] Enola: Solve for Rydberg stage 1926/2224.
[INFO] Enola: Solve for Rydberg stage 1927/2224.
[INFO] Enola: Solve for Rydberg stage 1928/2224.
[INFO] Enola: Solve for Rydberg stage 1929/2224.
[INFO] Enola: Solve for Rydberg stage 1930/2224.
[INFO] Enola: Solve for Rydberg stage 1931/2224.
[INFO] Enola: Solve for Rydberg stage 1932/2224.
[INFO] Enola: Solve for Rydberg stage 1933/2224.
[INFO] Enola: Solve for Rydberg stage 1934/2224.
[INFO] Enola: Solve for Rydberg stage 1935/2224.
[INFO] Enola: Solve for Rydberg stage 1936/2224.
[INFO] Enola: Solve for Rydberg stage 1937/2224.
[INFO] Enola: Solve for Rydberg stage 1938/2224.
[INFO] Enola: Solve for Rydberg stage 1939/2224.
[INFO] Enola: Solve for Rydberg stage 1940/2224.
[INFO] Enola: Solve for Rydberg stage 1941/2224.
[INFO] Enola: Solve for Rydberg stage 1942/2224.
[INFO] Enola: Solve for Rydberg stage 1943/2224.
[INFO] Enola: Solve for Rydberg stage 1944/2224.
[INFO] Enola: Solve for Rydberg stage 1945/2224.
[INFO] Enola: Solve for Rydberg stage 1946/2224.
[INFO] Enola: Solve for Rydberg stage 1947/2224.
[INFO] Enola: Solve for Rydberg stage 1948/2224.
[INFO] Enola: Solve for Rydberg stage 1949/2224.
[INFO] Enola: Solve for Rydberg stage 1950/2224.
[INFO] Enola: Solve for Rydberg stage 1951/2224.
[INFO] Enola: Solve for Rydberg stage 1952/2224.
[INFO] Enola: Solve for Rydberg stage 1953/2224.
[INFO] Enola: Solve for Rydberg stage 1954/2224.
[INFO] Enola: Solve for Rydberg stage 1955/2224.
[INFO] Enola: Solve for Rydberg stage 1956/2224.
[INFO] Enola: Solve for Rydberg stage 1957/2224.
[INFO] Enola: Solve for Rydberg stage 1958/2224.
[INFO] Enola: Solve for Rydberg stage 1959/2224.
[INFO] Enola: Solve for Rydberg stage 1960/2224.
[INFO] Enola: Solve for Rydberg stage 1961/2224.
[INFO] Enola: Solve for Rydberg stage 1962/2224.
[INFO] Enola: Solve for Rydberg stage 1963/2224.
[INFO] Enola: Solve for Rydberg stage 1964/2224.
[INFO] Enola: Solve for Rydberg stage 1965/2224.
[INFO] Enola: Solve for Rydberg stage 1966/2224.
[INFO] Enola: Solve for Rydberg stage 1967/2224.
[INFO] Enola: Solve for Rydberg stage 1968/2224.
[INFO] Enola: Solve for Rydberg stage 1969/2224.
[INFO] Enola: Solve for Rydberg stage 1970/2224.
[INFO] Enola: Solve for Rydberg stage 1971/2224.
[INFO] Enola: Solve for Rydberg stage 1972/2224.
[INFO] Enola: Solve for Rydberg stage 1973/2224.
[INFO] Enola: Solve for Rydberg stage 1974/2224.
[INFO] Enola: Solve for Rydberg stage 1975/2224.
[INFO] Enola: Solve for Rydberg stage 1976/2224.
[INFO] Enola: Solve for Rydberg stage 1977/2224.
[INFO] Enola: Solve for Rydberg stage 1978/2224.
[INFO] Enola: Solve for Rydberg stage 1979/2224.
[INFO] Enola: Solve for Rydberg stage 1980/2224.
[INFO] Enola: Solve for Rydberg stage 1981/2224.
[INFO] Enola: Solve for Rydberg stage 1982/2224.
[INFO] Enola: Solve for Rydberg stage 1983/2224.
[INFO] Enola: Solve for Rydberg stage 1984/2224.
[INFO] Enola: Solve for Rydberg stage 1985/2224.
[INFO] Enola: Solve for Rydberg stage 1986/2224.
[INFO] Enola: Solve for Rydberg stage 1987/2224.
[INFO] Enola: Solve for Rydberg stage 1988/2224.
[INFO] Enola: Solve for Rydberg stage 1989/2224.
[INFO] Enola: Solve for Rydberg stage 1990/2224.
[INFO] Enola: Solve for Rydberg stage 1991/2224.
[INFO] Enola: Solve for Rydberg stage 1992/2224.
[INFO] Enola: Solve for Rydberg stage 1993/2224.
[INFO] Enola: Solve for Rydberg stage 1994/2224.
[INFO] Enola: Solve for Rydberg stage 1995/2224.
[INFO] Enola: Solve for Rydberg stage 1996/2224.
[INFO] Enola: Solve for Rydberg stage 1997/2224.
[INFO] Enola: Solve for Rydberg stage 1998/2224.
[INFO] Enola: Solve for Rydberg stage 1999/2224.
[INFO] Enola: Solve for Rydberg stage 2000/2224.
[INFO] Enola: Solve for Rydberg stage 2001/2224.
[INFO] Enola: Solve for Rydberg stage 2002/2224.
[INFO] Enola: Solve for Rydberg stage 2003/2224.
[INFO] Enola: Solve for Rydberg stage 2004/2224.
[INFO] Enola: Solve for Rydberg stage 2005/2224.
[INFO] Enola: Solve for Rydberg stage 2006/2224.
[INFO] Enola: Solve for Rydberg stage 2007/2224.
[INFO] Enola: Solve for Rydberg stage 2008/2224.
[INFO] Enola: Solve for Rydberg stage 2009/2224.
[INFO] Enola: Solve for Rydberg stage 2010/2224.
[INFO] Enola: Solve for Rydberg stage 2011/2224.
[INFO] Enola: Solve for Rydberg stage 2012/2224.
[INFO] Enola: Solve for Rydberg stage 2013/2224.
[INFO] Enola: Solve for Rydberg stage 2014/2224.
[INFO] Enola: Solve for Rydberg stage 2015/2224.
[INFO] Enola: Solve for Rydberg stage 2016/2224.
[INFO] Enola: Solve for Rydberg stage 2017/2224.
[INFO] Enola: Solve for Rydberg stage 2018/2224.
[INFO] Enola: Solve for Rydberg stage 2019/2224.
[INFO] Enola: Solve for Rydberg stage 2020/2224.
[INFO] Enola: Solve for Rydberg stage 2021/2224.
[INFO] Enola: Solve for Rydberg stage 2022/2224.
[INFO] Enola: Solve for Rydberg stage 2023/2224.
[INFO] Enola: Solve for Rydberg stage 2024/2224.
[INFO] Enola: Solve for Rydberg stage 2025/2224.
[INFO] Enola: Solve for Rydberg stage 2026/2224.
[INFO] Enola: Solve for Rydberg stage 2027/2224.
[INFO] Enola: Solve for Rydberg stage 2028/2224.
[INFO] Enola: Solve for Rydberg stage 2029/2224.
[INFO] Enola: Solve for Rydberg stage 2030/2224.
[INFO] Enola: Solve for Rydberg stage 2031/2224.
[INFO] Enola: Solve for Rydberg stage 2032/2224.
[INFO] Enola: Solve for Rydberg stage 2033/2224.
[INFO] Enola: Solve for Rydberg stage 2034/2224.
[INFO] Enola: Solve for Rydberg stage 2035/2224.
[INFO] Enola: Solve for Rydberg stage 2036/2224.
[INFO] Enola: Solve for Rydberg stage 2037/2224.
[INFO] Enola: Solve for Rydberg stage 2038/2224.
[INFO] Enola: Solve for Rydberg stage 2039/2224.
[INFO] Enola: Solve for Rydberg stage 2040/2224.
[INFO] Enola: Solve for Rydberg stage 2041/2224.
[INFO] Enola: Solve for Rydberg stage 2042/2224.
[INFO] Enola: Solve for Rydberg stage 2043/2224.
[INFO] Enola: Solve for Rydberg stage 2044/2224.
[INFO] Enola: Solve for Rydberg stage 2045/2224.
[INFO] Enola: Solve for Rydberg stage 2046/2224.
[INFO] Enola: Solve for Rydberg stage 2047/2224.
[INFO] Enola: Solve for Rydberg stage 2048/2224.
[INFO] Enola: Solve for Rydberg stage 2049/2224.
[INFO] Enola: Solve for Rydberg stage 2050/2224.
[INFO] Enola: Solve for Rydberg stage 2051/2224.
[INFO] Enola: Solve for Rydberg stage 2052/2224.
[INFO] Enola: Solve for Rydberg stage 2053/2224.
[INFO] Enola: Solve for Rydberg stage 2054/2224.
[INFO] Enola: Solve for Rydberg stage 2055/2224.
[INFO] Enola: Solve for Rydberg stage 2056/2224.
[INFO] Enola: Solve for Rydberg stage 2057/2224.
[INFO] Enola: Solve for Rydberg stage 2058/2224.
[INFO] Enola: Solve for Rydberg stage 2059/2224.
[INFO] Enola: Solve for Rydberg stage 2060/2224.
[INFO] Enola: Solve for Rydberg stage 2061/2224.
[INFO] Enola: Solve for Rydberg stage 2062/2224.
[INFO] Enola: Solve for Rydberg stage 2063/2224.
[INFO] Enola: Solve for Rydberg stage 2064/2224.
[INFO] Enola: Solve for Rydberg stage 2065/2224.
[INFO] Enola: Solve for Rydberg stage 2066/2224.
[INFO] Enola: Solve for Rydberg stage 2067/2224.
[INFO] Enola: Solve for Rydberg stage 2068/2224.
[INFO] Enola: Solve for Rydberg stage 2069/2224.
[INFO] Enola: Solve for Rydberg stage 2070/2224.
[INFO] Enola: Solve for Rydberg stage 2071/2224.
[INFO] Enola: Solve for Rydberg stage 2072/2224.
[INFO] Enola: Solve for Rydberg stage 2073/2224.
[INFO] Enola: Solve for Rydberg stage 2074/2224.
[INFO] Enola: Solve for Rydberg stage 2075/2224.
[INFO] Enola: Solve for Rydberg stage 2076/2224.
[INFO] Enola: Solve for Rydberg stage 2077/2224.
[INFO] Enola: Solve for Rydberg stage 2078/2224.
[INFO] Enola: Solve for Rydberg stage 2079/2224.
[INFO] Enola: Solve for Rydberg stage 2080/2224.
[INFO] Enola: Solve for Rydberg stage 2081/2224.
[INFO] Enola: Solve for Rydberg stage 2082/2224.
[INFO] Enola: Solve for Rydberg stage 2083/2224.
[INFO] Enola: Solve for Rydberg stage 2084/2224.
[INFO] Enola: Solve for Rydberg stage 2085/2224.
[INFO] Enola: Solve for Rydberg stage 2086/2224.
[INFO] Enola: Solve for Rydberg stage 2087/2224.
[INFO] Enola: Solve for Rydberg stage 2088/2224.
[INFO] Enola: Solve for Rydberg stage 2089/2224.
[INFO] Enola: Solve for Rydberg stage 2090/2224.
[INFO] Enola: Solve for Rydberg stage 2091/2224.
[INFO] Enola: Solve for Rydberg stage 2092/2224.
[INFO] Enola: Solve for Rydberg stage 2093/2224.
[INFO] Enola: Solve for Rydberg stage 2094/2224.
[INFO] Enola: Solve for Rydberg stage 2095/2224.
[INFO] Enola: Solve for Rydberg stage 2096/2224.
[INFO] Enola: Solve for Rydberg stage 2097/2224.
[INFO] Enola: Solve for Rydberg stage 2098/2224.
[INFO] Enola: Solve for Rydberg stage 2099/2224.
[INFO] Enola: Solve for Rydberg stage 2100/2224.
[INFO] Enola: Solve for Rydberg stage 2101/2224.
[INFO] Enola: Solve for Rydberg stage 2102/2224.
[INFO] Enola: Solve for Rydberg stage 2103/2224.
[INFO] Enola: Solve for Rydberg stage 2104/2224.
[INFO] Enola: Solve for Rydberg stage 2105/2224.
[INFO] Enola: Solve for Rydberg stage 2106/2224.
[INFO] Enola: Solve for Rydberg stage 2107/2224.
[INFO] Enola: Solve for Rydberg stage 2108/2224.
[INFO] Enola: Solve for Rydberg stage 2109/2224.
[INFO] Enola: Solve for Rydberg stage 2110/2224.
[INFO] Enola: Solve for Rydberg stage 2111/2224.
[INFO] Enola: Solve for Rydberg stage 2112/2224.
[INFO] Enola: Solve for Rydberg stage 2113/2224.
[INFO] Enola: Solve for Rydberg stage 2114/2224.
[INFO] Enola: Solve for Rydberg stage 2115/2224.
[INFO] Enola: Solve for Rydberg stage 2116/2224.
[INFO] Enola: Solve for Rydberg stage 2117/2224.
[INFO] Enola: Solve for Rydberg stage 2118/2224.
[INFO] Enola: Solve for Rydberg stage 2119/2224.
[INFO] Enola: Solve for Rydberg stage 2120/2224.
[INFO] Enola: Solve for Rydberg stage 2121/2224.
[INFO] Enola: Solve for Rydberg stage 2122/2224.
[INFO] Enola: Solve for Rydberg stage 2123/2224.
[INFO] Enola: Solve for Rydberg stage 2124/2224.
[INFO] Enola: Solve for Rydberg stage 2125/2224.
[INFO] Enola: Solve for Rydberg stage 2126/2224.
[INFO] Enola: Solve for Rydberg stage 2127/2224.
[INFO] Enola: Solve for Rydberg stage 2128/2224.
[INFO] Enola: Solve for Rydberg stage 2129/2224.
[INFO] Enola: Solve for Rydberg stage 2130/2224.
[INFO] Enola: Solve for Rydberg stage 2131/2224.
[INFO] Enola: Solve for Rydberg stage 2132/2224.
[INFO] Enola: Solve for Rydberg stage 2133/2224.
[INFO] Enola: Solve for Rydberg stage 2134/2224.
[INFO] Enola: Solve for Rydberg stage 2135/2224.
[INFO] Enola: Solve for Rydberg stage 2136/2224.
[INFO] Enola: Solve for Rydberg stage 2137/2224.
[INFO] Enola: Solve for Rydberg stage 2138/2224.
[INFO] Enola: Solve for Rydberg stage 2139/2224.
[INFO] Enola: Solve for Rydberg stage 2140/2224.
[INFO] Enola: Solve for Rydberg stage 2141/2224.
[INFO] Enola: Solve for Rydberg stage 2142/2224.
[INFO] Enola: Solve for Rydberg stage 2143/2224.
[INFO] Enola: Solve for Rydberg stage 2144/2224.
[INFO] Enola: Solve for Rydberg stage 2145/2224.
[INFO] Enola: Solve for Rydberg stage 2146/2224.
[INFO] Enola: Solve for Rydberg stage 2147/2224.
[INFO] Enola: Solve for Rydberg stage 2148/2224.
[INFO] Enola: Solve for Rydberg stage 2149/2224.
[INFO] Enola: Solve for Rydberg stage 2150/2224.
[INFO] Enola: Solve for Rydberg stage 2151/2224.
[INFO] Enola: Solve for Rydberg stage 2152/2224.
[INFO] Enola: Solve for Rydberg stage 2153/2224.
[INFO] Enola: Solve for Rydberg stage 2154/2224.
[INFO] Enola: Solve for Rydberg stage 2155/2224.
[INFO] Enola: Solve for Rydberg stage 2156/2224.
[INFO] Enola: Solve for Rydberg stage 2157/2224.
[INFO] Enola: Solve for Rydberg stage 2158/2224.
[INFO] Enola: Solve for Rydberg stage 2159/2224.
[INFO] Enola: Solve for Rydberg stage 2160/2224.
[INFO] Enola: Solve for Rydberg stage 2161/2224.
[INFO] Enola: Solve for Rydberg stage 2162/2224.
[INFO] Enola: Solve for Rydberg stage 2163/2224.
[INFO] Enola: Solve for Rydberg stage 2164/2224.
[INFO] Enola: Solve for Rydberg stage 2165/2224.
[INFO] Enola: Solve for Rydberg stage 2166/2224.
[INFO] Enola: Solve for Rydberg stage 2167/2224.
[INFO] Enola: Solve for Rydberg stage 2168/2224.
[INFO] Enola: Solve for Rydberg stage 2169/2224.
[INFO] Enola: Solve for Rydberg stage 2170/2224.
[INFO] Enola: Solve for Rydberg stage 2171/2224.
[INFO] Enola: Solve for Rydberg stage 2172/2224.
[INFO] Enola: Solve for Rydberg stage 2173/2224.
[INFO] Enola: Solve for Rydberg stage 2174/2224.
[INFO] Enola: Solve for Rydberg stage 2175/2224.
[INFO] Enola: Solve for Rydberg stage 2176/2224.
[INFO] Enola: Solve for Rydberg stage 2177/2224.
[INFO] Enola: Solve for Rydberg stage 2178/2224.
[INFO] Enola: Solve for Rydberg stage 2179/2224.
[INFO] Enola: Solve for Rydberg stage 2180/2224.
[INFO] Enola: Solve for Rydberg stage 2181/2224.
[INFO] Enola: Solve for Rydberg stage 2182/2224.
[INFO] Enola: Solve for Rydberg stage 2183/2224.
[INFO] Enola: Solve for Rydberg stage 2184/2224.
[INFO] Enola: Solve for Rydberg stage 2185/2224.
[INFO] Enola: Solve for Rydberg stage 2186/2224.
[INFO] Enola: Solve for Rydberg stage 2187/2224.
[INFO] Enola: Solve for Rydberg stage 2188/2224.
[INFO] Enola: Solve for Rydberg stage 2189/2224.
[INFO] Enola: Solve for Rydberg stage 2190/2224.
[INFO] Enola: Solve for Rydberg stage 2191/2224.
[INFO] Enola: Solve for Rydberg stage 2192/2224.
[INFO] Enola: Solve for Rydberg stage 2193/2224.
[INFO] Enola: Solve for Rydberg stage 2194/2224.
[INFO] Enola: Solve for Rydberg stage 2195/2224.
[INFO] Enola: Solve for Rydberg stage 2196/2224.
[INFO] Enola: Solve for Rydberg stage 2197/2224.
[INFO] Enola: Solve for Rydberg stage 2198/2224.
[INFO] Enola: Solve for Rydberg stage 2199/2224.
[INFO] Enola: Solve for Rydberg stage 2200/2224.
[INFO] Enola: Solve for Rydberg stage 2201/2224.
[INFO] Enola: Solve for Rydberg stage 2202/2224.
[INFO] Enola: Solve for Rydberg stage 2203/2224.
[INFO] Enola: Solve for Rydberg stage 2204/2224.
[INFO] Enola: Solve for Rydberg stage 2205/2224.
[INFO] Enola: Solve for Rydberg stage 2206/2224.
[INFO] Enola: Solve for Rydberg stage 2207/2224.
[INFO] Enola: Solve for Rydberg stage 2208/2224.
[INFO] Enola: Solve for Rydberg stage 2209/2224.
[INFO] Enola: Solve for Rydberg stage 2210/2224.
[INFO] Enola: Solve for Rydberg stage 2211/2224.
[INFO] Enola: Solve for Rydberg stage 2212/2224.
[INFO] Enola: Solve for Rydberg stage 2213/2224.
[INFO] Enola: Solve for Rydberg stage 2214/2224.
[INFO] Enola: Solve for Rydberg stage 2215/2224.
[INFO] Enola: Solve for Rydberg stage 2216/2224.
[INFO] Enola: Solve for Rydberg stage 2217/2224.
[INFO] Enola: Solve for Rydberg stage 2218/2224.
[INFO] Enola: Solve for Rydberg stage 2219/2224.
[INFO] Enola: Solve for Rydberg stage 2220/2224.
[INFO] Enola: Solve for Rydberg stage 2221/2224.
[INFO] Enola: Solve for Rydberg stage 2222/2224.
[INFO] Enola: Solve for Rydberg stage 2223/2224.
[INFO] Enola: Solve for Rydberg stage 2224/2224.
[INFO] Enola: Solve for Rydberg stage 2225/2224.
[INFO] Enola: Time for routing: 2.182692050933838s
[INFO] Enola: Total Time: 91.2401831150055s
Compilation successful.

2026-03-25 16:15:14,899 - BenchmarkManager - INFO - Wrote metrics summary for enola: results/metrics/20260325_161323_arch/enola.json
