2026-03-23 12:23:19,102 - BenchmarkManager - INFO - Initializing 4 compilers...
2026-03-23 12:23:19,102 - BenchmarkManager - INFO - Output directory for weaver: results/circuits/weaver
2026-03-23 12:23:19,103 - BenchmarkManager - INFO - Output directory for enola: results/circuits/enola
2026-03-23 12:23:19,104 - BenchmarkManager - INFO - Output directory for zac: results/circuits/zac
2026-03-23 12:23:19,105 - BenchmarkManager - INFO - Output directory for nalac: results/circuits/nalac
2026-03-23 12:23:19,106 - BenchmarkManager - INFO - Starting benchmark execution ...
2026-03-23 12:23:19,107 - BenchmarkManager - INFO - Found 5 CNF benchmark circuits in '/u/halle/heiz/home_at/BachelorProject/benchmarks/uuf_fix50_20-100'
2026-03-23 12:23:19,108 - BenchmarkManager - INFO -   - /u/halle/heiz/home_at/BachelorProject/benchmarks/uuf_fix50_20-100/uuf50-0100.cnf
2026-03-23 12:23:19,108 - BenchmarkManager - INFO -   - /u/halle/heiz/home_at/BachelorProject/benchmarks/uuf_fix50_20-100/uuf50-020.cnf
2026-03-23 12:23:19,109 - BenchmarkManager - INFO -   - /u/halle/heiz/home_at/BachelorProject/benchmarks/uuf_fix50_20-100/uuf50-040.cnf
2026-03-23 12:23:19,109 - BenchmarkManager - INFO -   - /u/halle/heiz/home_at/BachelorProject/benchmarks/uuf_fix50_20-100/uuf50-060.cnf
2026-03-23 12:23:19,110 - BenchmarkManager - INFO -   - /u/halle/heiz/home_at/BachelorProject/benchmarks/uuf_fix50_20-100/uuf50-080.cnf
2026-03-23 12:23:19,111 - BenchmarkManager - INFO - weaver (run 1/1) - Running /u/halle/heiz/home_at/BachelorProject/benchmarks/uuf_fix50_20-100/uuf50-0100.cnf
2026-03-23 12:23:20,271 - Compiler.weaver - INFO - STDOUT:
num_colors: 21, num_slm_rows: 44, num_slm_cols: 754, num_aod_rows: 1, num_aod_cols: 50
Compilation successful.

2026-03-23 12:23:20,322 - BenchmarkManager - INFO - weaver (run 1/1) - Running /u/halle/heiz/home_at/BachelorProject/benchmarks/uuf_fix50_20-100/uuf50-020.cnf
2026-03-23 12:23:21,366 - Compiler.weaver - INFO - STDOUT:
num_colors: 21, num_slm_rows: 44, num_slm_cols: 754, num_aod_rows: 1, num_aod_cols: 50
Compilation successful.

2026-03-23 12:23:21,447 - BenchmarkManager - INFO - weaver (run 1/1) - Running /u/halle/heiz/home_at/BachelorProject/benchmarks/uuf_fix50_20-100/uuf50-040.cnf
2026-03-23 12:23:22,526 - Compiler.weaver - INFO - STDOUT:
num_colors: 23, num_slm_rows: 48, num_slm_cols: 754, num_aod_rows: 1, num_aod_cols: 50
Compilation successful.

2026-03-23 12:23:22,607 - BenchmarkManager - INFO - weaver (run 1/1) - Running /u/halle/heiz/home_at/BachelorProject/benchmarks/uuf_fix50_20-100/uuf50-060.cnf
2026-03-23 12:23:23,666 - Compiler.weaver - INFO - STDOUT:
num_colors: 21, num_slm_rows: 44, num_slm_cols: 754, num_aod_rows: 1, num_aod_cols: 50
Compilation successful.

2026-03-23 12:23:23,743 - BenchmarkManager - INFO - weaver (run 1/1) - Running /u/halle/heiz/home_at/BachelorProject/benchmarks/uuf_fix50_20-100/uuf50-080.cnf
2026-03-23 12:23:24,830 - Compiler.weaver - INFO - STDOUT:
num_colors: 21, num_slm_rows: 44, num_slm_cols: 754, num_aod_rows: 1, num_aod_cols: 50
Compilation successful.

2026-03-23 12:23:24,884 - BenchmarkManager - INFO - Wrote metrics summary for weaver: results/metrics/20260323_122319_arch/weaver.json
2026-03-23 12:23:24,886 - BenchmarkManager - INFO - Found 5 QASM benchmark circuits in '/u/halle/heiz/home_at/BachelorProject/benchmarks/uuf_fix50_20-100'
2026-03-23 12:23:24,886 - BenchmarkManager - INFO -   - /u/halle/heiz/home_at/BachelorProject/benchmarks/uuf_fix50_20-100/uuf50-0100.qasm
2026-03-23 12:23:24,888 - BenchmarkManager - INFO -   - /u/halle/heiz/home_at/BachelorProject/benchmarks/uuf_fix50_20-100/uuf50-020.qasm
2026-03-23 12:23:24,889 - BenchmarkManager - INFO -   - /u/halle/heiz/home_at/BachelorProject/benchmarks/uuf_fix50_20-100/uuf50-040.qasm
2026-03-23 12:23:24,890 - BenchmarkManager - INFO -   - /u/halle/heiz/home_at/BachelorProject/benchmarks/uuf_fix50_20-100/uuf50-060.qasm
2026-03-23 12:23:24,891 - BenchmarkManager - INFO -   - /u/halle/heiz/home_at/BachelorProject/benchmarks/uuf_fix50_20-100/uuf50-080.qasm
2026-03-23 12:23:24,892 - BenchmarkManager - INFO - enola (run 1/1) - Running /u/halle/heiz/home_at/BachelorProject/benchmarks/uuf_fix50_20-100/uuf50-0100.qasm
2026-03-23 12:23:24,893 - Compiler.enola - INFO - Array width: 754, Array height: 44, AOD columns: 50, AOD rows: 1
2026-03-23 12:25:45,622 - Compiler.enola - INFO - STDOUT:
[INFO] Enola: Start Solving
[INFO] Enola: Run scheduling
[INFO] Enola: Time for scheduling: 0.0010790824890136719s
754
[INFO] Enola: Time for placement: 1.3113021850585938e-05s
[INFO] Enola: Solve for Rydberg stage 2/844.
[INFO] Enola: Solve for Rydberg stage 3/844.
[INFO] Enola: Solve for Rydberg stage 4/844.
[INFO] Enola: Solve for Rydberg stage 5/844.
[INFO] Enola: Solve for Rydberg stage 6/844.
[INFO] Enola: Solve for Rydberg stage 7/844.
[INFO] Enola: Solve for Rydberg stage 8/844.
[INFO] Enola: Solve for Rydberg stage 9/844.
[INFO] Enola: Solve for Rydberg stage 10/844.
[INFO] Enola: Solve for Rydberg stage 11/844.
[INFO] Enola: Solve for Rydberg stage 12/844.
[INFO] Enola: Solve for Rydberg stage 13/844.
[INFO] Enola: Solve for Rydberg stage 14/844.
[INFO] Enola: Solve for Rydberg stage 15/844.
[INFO] Enola: Solve for Rydberg stage 16/844.
[INFO] Enola: Solve for Rydberg stage 17/844.
[INFO] Enola: Solve for Rydberg stage 18/844.
[INFO] Enola: Solve for Rydberg stage 19/844.
[INFO] Enola: Solve for Rydberg stage 20/844.
[INFO] Enola: Solve for Rydberg stage 21/844.
[INFO] Enola: Solve for Rydberg stage 22/844.
[INFO] Enola: Solve for Rydberg stage 23/844.
[INFO] Enola: Solve for Rydberg stage 24/844.
[INFO] Enola: Solve for Rydberg stage 25/844.
[INFO] Enola: Solve for Rydberg stage 26/844.
[INFO] Enola: Solve for Rydberg stage 27/844.
[INFO] Enola: Solve for Rydberg stage 28/844.
[INFO] Enola: Solve for Rydberg stage 29/844.
[INFO] Enola: Solve for Rydberg stage 30/844.
[INFO] Enola: Solve for Rydberg stage 31/844.
[INFO] Enola: Solve for Rydberg stage 32/844.
[INFO] Enola: Solve for Rydberg stage 33/844.
[INFO] Enola: Solve for Rydberg stage 34/844.
[INFO] Enola: Solve for Rydberg stage 35/844.
[INFO] Enola: Solve for Rydberg stage 36/844.
[INFO] Enola: Solve for Rydberg stage 37/844.
[INFO] Enola: Solve for Rydberg stage 38/844.
[INFO] Enola: Solve for Rydberg stage 39/844.
[INFO] Enola: Solve for Rydberg stage 40/844.
[INFO] Enola: Solve for Rydberg stage 41/844.
[INFO] Enola: Solve for Rydberg stage 42/844.
[INFO] Enola: Solve for Rydberg stage 43/844.
[INFO] Enola: Solve for Rydberg stage 44/844.
[INFO] Enola: Solve for Rydberg stage 45/844.
[INFO] Enola: Solve for Rydberg stage 46/844.
[INFO] Enola: Solve for Rydberg stage 47/844.
[INFO] Enola: Solve for Rydberg stage 48/844.
[INFO] Enola: Solve for Rydberg stage 49/844.
[INFO] Enola: Solve for Rydberg stage 50/844.
[INFO] Enola: Solve for Rydberg stage 51/844.
[INFO] Enola: Solve for Rydberg stage 52/844.
[INFO] Enola: Solve for Rydberg stage 53/844.
[INFO] Enola: Solve for Rydberg stage 54/844.
[INFO] Enola: Solve for Rydberg stage 55/844.
[INFO] Enola: Solve for Rydberg stage 56/844.
[INFO] Enola: Solve for Rydberg stage 57/844.
[INFO] Enola: Solve for Rydberg stage 58/844.
[INFO] Enola: Solve for Rydberg stage 59/844.
[INFO] Enola: Solve for Rydberg stage 60/844.
[INFO] Enola: Solve for Rydberg stage 61/844.
[INFO] Enola: Solve for Rydberg stage 62/844.
[INFO] Enola: Solve for Rydberg stage 63/844.
[INFO] Enola: Solve for Rydberg stage 64/844.
[INFO] Enola: Solve for Rydberg stage 65/844.
[INFO] Enola: Solve for Rydberg stage 66/844.
[INFO] Enola: Solve for Rydberg stage 67/844.
[INFO] Enola: Solve for Rydberg stage 68/844.
[INFO] Enola: Solve for Rydberg stage 69/844.
[INFO] Enola: Solve for Rydberg stage 70/844.
[INFO] Enola: Solve for Rydberg stage 71/844.
[INFO] Enola: Solve for Rydberg stage 72/844.
[INFO] Enola: Solve for Rydberg stage 73/844.
[INFO] Enola: Solve for Rydberg stage 74/844.
[INFO] Enola: Solve for Rydberg stage 75/844.
[INFO] Enola: Solve for Rydberg stage 76/844.
[INFO] Enola: Solve for Rydberg stage 77/844.
[INFO] Enola: Solve for Rydberg stage 78/844.
[INFO] Enola: Solve for Rydberg stage 79/844.
[INFO] Enola: Solve for Rydberg stage 80/844.
[INFO] Enola: Solve for Rydberg stage 81/844.
[INFO] Enola: Solve for Rydberg stage 82/844.
[INFO] Enola: Solve for Rydberg stage 83/844.
[INFO] Enola: Solve for Rydberg stage 84/844.
[INFO] Enola: Solve for Rydberg stage 85/844.
[INFO] Enola: Solve for Rydberg stage 86/844.
[INFO] Enola: Solve for Rydberg stage 87/844.
[INFO] Enola: Solve for Rydberg stage 88/844.
[INFO] Enola: Solve for Rydberg stage 89/844.
[INFO] Enola: Solve for Rydberg stage 90/844.
[INFO] Enola: Solve for Rydberg stage 91/844.
[INFO] Enola: Solve for Rydberg stage 92/844.
[INFO] Enola: Solve for Rydberg stage 93/844.
[INFO] Enola: Solve for Rydberg stage 94/844.
[INFO] Enola: Solve for Rydberg stage 95/844.
[INFO] Enola: Solve for Rydberg stage 96/844.
[INFO] Enola: Solve for Rydberg stage 97/844.
[INFO] Enola: Solve for Rydberg stage 98/844.
[INFO] Enola: Solve for Rydberg stage 99/844.
[INFO] Enola: Solve for Rydberg stage 100/844.
[INFO] Enola: Solve for Rydberg stage 101/844.
[INFO] Enola: Solve for Rydberg stage 102/844.
[INFO] Enola: Solve for Rydberg stage 103/844.
[INFO] Enola: Solve for Rydberg stage 104/844.
[INFO] Enola: Solve for Rydberg stage 105/844.
[INFO] Enola: Solve for Rydberg stage 106/844.
[INFO] Enola: Solve for Rydberg stage 107/844.
[INFO] Enola: Solve for Rydberg stage 108/844.
[INFO] Enola: Solve for Rydberg stage 109/844.
[INFO] Enola: Solve for Rydberg stage 110/844.
[INFO] Enola: Solve for Rydberg stage 111/844.
[INFO] Enola: Solve for Rydberg stage 112/844.
[INFO] Enola: Solve for Rydberg stage 113/844.
[INFO] Enola: Solve for Rydberg stage 114/844.
[INFO] Enola: Solve for Rydberg stage 115/844.
[INFO] Enola: Solve for Rydberg stage 116/844.
[INFO] Enola: Solve for Rydberg stage 117/844.
[INFO] Enola: Solve for Rydberg stage 118/844.
[INFO] Enola: Solve for Rydberg stage 119/844.
[INFO] Enola: Solve for Rydberg stage 120/844.
[INFO] Enola: Solve for Rydberg stage 121/844.
[INFO] Enola: Solve for Rydberg stage 122/844.
[INFO] Enola: Solve for Rydberg stage 123/844.
[INFO] Enola: Solve for Rydberg stage 124/844.
[INFO] Enola: Solve for Rydberg stage 125/844.
[INFO] Enola: Solve for Rydberg stage 126/844.
[INFO] Enola: Solve for Rydberg stage 127/844.
[INFO] Enola: Solve for Rydberg stage 128/844.
[INFO] Enola: Solve for Rydberg stage 129/844.
[INFO] Enola: Solve for Rydberg stage 130/844.
[INFO] Enola: Solve for Rydberg stage 131/844.
[INFO] Enola: Solve for Rydberg stage 132/844.
[INFO] Enola: Solve for Rydberg stage 133/844.
[INFO] Enola: Solve for Rydberg stage 134/844.
[INFO] Enola: Solve for Rydberg stage 135/844.
[INFO] Enola: Solve for Rydberg stage 136/844.
[INFO] Enola: Solve for Rydberg stage 137/844.
[INFO] Enola: Solve for Rydberg stage 138/844.
[INFO] Enola: Solve for Rydberg stage 139/844.
[INFO] Enola: Solve for Rydberg stage 140/844.
[INFO] Enola: Solve for Rydberg stage 141/844.
[INFO] Enola: Solve for Rydberg stage 142/844.
[INFO] Enola: Solve for Rydberg stage 143/844.
[INFO] Enola: Solve for Rydberg stage 144/844.
[INFO] Enola: Solve for Rydberg stage 145/844.
[INFO] Enola: Solve for Rydberg stage 146/844.
[INFO] Enola: Solve for Rydberg stage 147/844.
[INFO] Enola: Solve for Rydberg stage 148/844.
[INFO] Enola: Solve for Rydberg stage 149/844.
[INFO] Enola: Solve for Rydberg stage 150/844.
[INFO] Enola: Solve for Rydberg stage 151/844.
[INFO] Enola: Solve for Rydberg stage 152/844.
[INFO] Enola: Solve for Rydberg stage 153/844.
[INFO] Enola: Solve for Rydberg stage 154/844.
[INFO] Enola: Solve for Rydberg stage 155/844.
[INFO] Enola: Solve for Rydberg stage 156/844.
[INFO] Enola: Solve for Rydberg stage 157/844.
[INFO] Enola: Solve for Rydberg stage 158/844.
[INFO] Enola: Solve for Rydberg stage 159/844.
[INFO] Enola: Solve for Rydberg stage 160/844.
[INFO] Enola: Solve for Rydberg stage 161/844.
[INFO] Enola: Solve for Rydberg stage 162/844.
[INFO] Enola: Solve for Rydberg stage 163/844.
[INFO] Enola: Solve for Rydberg stage 164/844.
[INFO] Enola: Solve for Rydberg stage 165/844.
[INFO] Enola: Solve for Rydberg stage 166/844.
[INFO] Enola: Solve for Rydberg stage 167/844.
[INFO] Enola: Solve for Rydberg stage 168/844.
[INFO] Enola: Solve for Rydberg stage 169/844.
[INFO] Enola: Solve for Rydberg stage 170/844.
[INFO] Enola: Solve for Rydberg stage 171/844.
[INFO] Enola: Solve for Rydberg stage 172/844.
[INFO] Enola: Solve for Rydberg stage 173/844.
[INFO] Enola: Solve for Rydberg stage 174/844.
[INFO] Enola: Solve for Rydberg stage 175/844.
[INFO] Enola: Solve for Rydberg stage 176/844.
[INFO] Enola: Solve for Rydberg stage 177/844.
[INFO] Enola: Solve for Rydberg stage 178/844.
[INFO] Enola: Solve for Rydberg stage 179/844.
[INFO] Enola: Solve for Rydberg stage 180/844.
[INFO] Enola: Solve for Rydberg stage 181/844.
[INFO] Enola: Solve for Rydberg stage 182/844.
[INFO] Enola: Solve for Rydberg stage 183/844.
[INFO] Enola: Solve for Rydberg stage 184/844.
[INFO] Enola: Solve for Rydberg stage 185/844.
[INFO] Enola: Solve for Rydberg stage 186/844.
[INFO] Enola: Solve for Rydberg stage 187/844.
[INFO] Enola: Solve for Rydberg stage 188/844.
[INFO] Enola: Solve for Rydberg stage 189/844.
[INFO] Enola: Solve for Rydberg stage 190/844.
[INFO] Enola: Solve for Rydberg stage 191/844.
[INFO] Enola: Solve for Rydberg stage 192/844.
[INFO] Enola: Solve for Rydberg stage 193/844.
[INFO] Enola: Solve for Rydberg stage 194/844.
[INFO] Enola: Solve for Rydberg stage 195/844.
[INFO] Enola: Solve for Rydberg stage 196/844.
[INFO] Enola: Solve for Rydberg stage 197/844.
[INFO] Enola: Solve for Rydberg stage 198/844.
[INFO] Enola: Solve for Rydberg stage 199/844.
[INFO] Enola: Solve for Rydberg stage 200/844.
[INFO] Enola: Solve for Rydberg stage 201/844.
[INFO] Enola: Solve for Rydberg stage 202/844.
[INFO] Enola: Solve for Rydberg stage 203/844.
[INFO] Enola: Solve for Rydberg stage 204/844.
[INFO] Enola: Solve for Rydberg stage 205/844.
[INFO] Enola: Solve for Rydberg stage 206/844.
[INFO] Enola: Solve for Rydberg stage 207/844.
[INFO] Enola: Solve for Rydberg stage 208/844.
[INFO] Enola: Solve for Rydberg stage 209/844.
[INFO] Enola: Solve for Rydberg stage 210/844.
[INFO] Enola: Solve for Rydberg stage 211/844.
[INFO] Enola: Solve for Rydberg stage 212/844.
[INFO] Enola: Solve for Rydberg stage 213/844.
[INFO] Enola: Solve for Rydberg stage 214/844.
[INFO] Enola: Solve for Rydberg stage 215/844.
[INFO] Enola: Solve for Rydberg stage 216/844.
[INFO] Enola: Solve for Rydberg stage 217/844.
[INFO] Enola: Solve for Rydberg stage 218/844.
[INFO] Enola: Solve for Rydberg stage 219/844.
[INFO] Enola: Solve for Rydberg stage 220/844.
[INFO] Enola: Solve for Rydberg stage 221/844.
[INFO] Enola: Solve for Rydberg stage 222/844.
[INFO] Enola: Solve for Rydberg stage 223/844.
[INFO] Enola: Solve for Rydberg stage 224/844.
[INFO] Enola: Solve for Rydberg stage 225/844.
[INFO] Enola: Solve for Rydberg stage 226/844.
[INFO] Enola: Solve for Rydberg stage 227/844.
[INFO] Enola: Solve for Rydberg stage 228/844.
[INFO] Enola: Solve for Rydberg stage 229/844.
[INFO] Enola: Solve for Rydberg stage 230/844.
[INFO] Enola: Solve for Rydberg stage 231/844.
[INFO] Enola: Solve for Rydberg stage 232/844.
[INFO] Enola: Solve for Rydberg stage 233/844.
[INFO] Enola: Solve for Rydberg stage 234/844.
[INFO] Enola: Solve for Rydberg stage 235/844.
[INFO] Enola: Solve for Rydberg stage 236/844.
[INFO] Enola: Solve for Rydberg stage 237/844.
[INFO] Enola: Solve for Rydberg stage 238/844.
[INFO] Enola: Solve for Rydberg stage 239/844.
[INFO] Enola: Solve for Rydberg stage 240/844.
[INFO] Enola: Solve for Rydberg stage 241/844.
[INFO] Enola: Solve for Rydberg stage 242/844.
[INFO] Enola: Solve for Rydberg stage 243/844.
[INFO] Enola: Solve for Rydberg stage 244/844.
[INFO] Enola: Solve for Rydberg stage 245/844.
[INFO] Enola: Solve for Rydberg stage 246/844.
[INFO] Enola: Solve for Rydberg stage 247/844.
[INFO] Enola: Solve for Rydberg stage 248/844.
[INFO] Enola: Solve for Rydberg stage 249/844.
[INFO] Enola: Solve for Rydberg stage 250/844.
[INFO] Enola: Solve for Rydberg stage 251/844.
[INFO] Enola: Solve for Rydberg stage 252/844.
[INFO] Enola: Solve for Rydberg stage 253/844.
[INFO] Enola: Solve for Rydberg stage 254/844.
[INFO] Enola: Solve for Rydberg stage 255/844.
[INFO] Enola: Solve for Rydberg stage 256/844.
[INFO] Enola: Solve for Rydberg stage 257/844.
[INFO] Enola: Solve for Rydberg stage 258/844.
[INFO] Enola: Solve for Rydberg stage 259/844.
[INFO] Enola: Solve for Rydberg stage 260/844.
[INFO] Enola: Solve for Rydberg stage 261/844.
[INFO] Enola: Solve for Rydberg stage 262/844.
[INFO] Enola: Solve for Rydberg stage 263/844.
[INFO] Enola: Solve for Rydberg stage 264/844.
[INFO] Enola: Solve for Rydberg stage 265/844.
[INFO] Enola: Solve for Rydberg stage 266/844.
[INFO] Enola: Solve for Rydberg stage 267/844.
[INFO] Enola: Solve for Rydberg stage 268/844.
[INFO] Enola: Solve for Rydberg stage 269/844.
[INFO] Enola: Solve for Rydberg stage 270/844.
[INFO] Enola: Solve for Rydberg stage 271/844.
[INFO] Enola: Solve for Rydberg stage 272/844.
[INFO] Enola: Solve for Rydberg stage 273/844.
[INFO] Enola: Solve for Rydberg stage 274/844.
[INFO] Enola: Solve for Rydberg stage 275/844.
[INFO] Enola: Solve for Rydberg stage 276/844.
[INFO] Enola: Solve for Rydberg stage 277/844.
[INFO] Enola: Solve for Rydberg stage 278/844.
[INFO] Enola: Solve for Rydberg stage 279/844.
[INFO] Enola: Solve for Rydberg stage 280/844.
[INFO] Enola: Solve for Rydberg stage 281/844.
[INFO] Enola: Solve for Rydberg stage 282/844.
[INFO] Enola: Solve for Rydberg stage 283/844.
[INFO] Enola: Solve for Rydberg stage 284/844.
[INFO] Enola: Solve for Rydberg stage 285/844.
[INFO] Enola: Solve for Rydberg stage 286/844.
[INFO] Enola: Solve for Rydberg stage 287/844.
[INFO] Enola: Solve for Rydberg stage 288/844.
[INFO] Enola: Solve for Rydberg stage 289/844.
[INFO] Enola: Solve for Rydberg stage 290/844.
[INFO] Enola: Solve for Rydberg stage 291/844.
[INFO] Enola: Solve for Rydberg stage 292/844.
[INFO] Enola: Solve for Rydberg stage 293/844.
[INFO] Enola: Solve for Rydberg stage 294/844.
[INFO] Enola: Solve for Rydberg stage 295/844.
[INFO] Enola: Solve for Rydberg stage 296/844.
[INFO] Enola: Solve for Rydberg stage 297/844.
[INFO] Enola: Solve for Rydberg stage 298/844.
[INFO] Enola: Solve for Rydberg stage 299/844.
[INFO] Enola: Solve for Rydberg stage 300/844.
[INFO] Enola: Solve for Rydberg stage 301/844.
[INFO] Enola: Solve for Rydberg stage 302/844.
[INFO] Enola: Solve for Rydberg stage 303/844.
[INFO] Enola: Solve for Rydberg stage 304/844.
[INFO] Enola: Solve for Rydberg stage 305/844.
[INFO] Enola: Solve for Rydberg stage 306/844.
[INFO] Enola: Solve for Rydberg stage 307/844.
[INFO] Enola: Solve for Rydberg stage 308/844.
[INFO] Enola: Solve for Rydberg stage 309/844.
[INFO] Enola: Solve for Rydberg stage 310/844.
[INFO] Enola: Solve for Rydberg stage 311/844.
[INFO] Enola: Solve for Rydberg stage 312/844.
[INFO] Enola: Solve for Rydberg stage 313/844.
[INFO] Enola: Solve for Rydberg stage 314/844.
[INFO] Enola: Solve for Rydberg stage 315/844.
[INFO] Enola: Solve for Rydberg stage 316/844.
[INFO] Enola: Solve for Rydberg stage 317/844.
[INFO] Enola: Solve for Rydberg stage 318/844.
[INFO] Enola: Solve for Rydberg stage 319/844.
[INFO] Enola: Solve for Rydberg stage 320/844.
[INFO] Enola: Solve for Rydberg stage 321/844.
[INFO] Enola: Solve for Rydberg stage 322/844.
[INFO] Enola: Solve for Rydberg stage 323/844.
[INFO] Enola: Solve for Rydberg stage 324/844.
[INFO] Enola: Solve for Rydberg stage 325/844.
[INFO] Enola: Solve for Rydberg stage 326/844.
[INFO] Enola: Solve for Rydberg stage 327/844.
[INFO] Enola: Solve for Rydberg stage 328/844.
[INFO] Enola: Solve for Rydberg stage 329/844.
[INFO] Enola: Solve for Rydberg stage 330/844.
[INFO] Enola: Solve for Rydberg stage 331/844.
[INFO] Enola: Solve for Rydberg stage 332/844.
[INFO] Enola: Solve for Rydberg stage 333/844.
[INFO] Enola: Solve for Rydberg stage 334/844.
[INFO] Enola: Solve for Rydberg stage 335/844.
[INFO] Enola: Solve for Rydberg stage 336/844.
[INFO] Enola: Solve for Rydberg stage 337/844.
[INFO] Enola: Solve for Rydberg stage 338/844.
[INFO] Enola: Solve for Rydberg stage 339/844.
[INFO] Enola: Solve for Rydberg stage 340/844.
[INFO] Enola: Solve for Rydberg stage 341/844.
[INFO] Enola: Solve for Rydberg stage 342/844.
[INFO] Enola: Solve for Rydberg stage 343/844.
[INFO] Enola: Solve for Rydberg stage 344/844.
[INFO] Enola: Solve for Rydberg stage 345/844.
[INFO] Enola: Solve for Rydberg stage 346/844.
[INFO] Enola: Solve for Rydberg stage 347/844.
[INFO] Enola: Solve for Rydberg stage 348/844.
[INFO] Enola: Solve for Rydberg stage 349/844.
[INFO] Enola: Solve for Rydberg stage 350/844.
[INFO] Enola: Solve for Rydberg stage 351/844.
[INFO] Enola: Solve for Rydberg stage 352/844.
[INFO] Enola: Solve for Rydberg stage 353/844.
[INFO] Enola: Solve for Rydberg stage 354/844.
[INFO] Enola: Solve for Rydberg stage 355/844.
[INFO] Enola: Solve for Rydberg stage 356/844.
[INFO] Enola: Solve for Rydberg stage 357/844.
[INFO] Enola: Solve for Rydberg stage 358/844.
[INFO] Enola: Solve for Rydberg stage 359/844.
[INFO] Enola: Solve for Rydberg stage 360/844.
[INFO] Enola: Solve for Rydberg stage 361/844.
[INFO] Enola: Solve for Rydberg stage 362/844.
[INFO] Enola: Solve for Rydberg stage 363/844.
[INFO] Enola: Solve for Rydberg stage 364/844.
[INFO] Enola: Solve for Rydberg stage 365/844.
[INFO] Enola: Solve for Rydberg stage 366/844.
[INFO] Enola: Solve for Rydberg stage 367/844.
[INFO] Enola: Solve for Rydberg stage 368/844.
[INFO] Enola: Solve for Rydberg stage 369/844.
[INFO] Enola: Solve for Rydberg stage 370/844.
[INFO] Enola: Solve for Rydberg stage 371/844.
[INFO] Enola: Solve for Rydberg stage 372/844.
[INFO] Enola: Solve for Rydberg stage 373/844.
[INFO] Enola: Solve for Rydberg stage 374/844.
[INFO] Enola: Solve for Rydberg stage 375/844.
[INFO] Enola: Solve for Rydberg stage 376/844.
[INFO] Enola: Solve for Rydberg stage 377/844.
[INFO] Enola: Solve for Rydberg stage 378/844.
[INFO] Enola: Solve for Rydberg stage 379/844.
[INFO] Enola: Solve for Rydberg stage 380/844.
[INFO] Enola: Solve for Rydberg stage 381/844.
[INFO] Enola: Solve for Rydberg stage 382/844.
[INFO] Enola: Solve for Rydberg stage 383/844.
[INFO] Enola: Solve for Rydberg stage 384/844.
[INFO] Enola: Solve for Rydberg stage 385/844.
[INFO] Enola: Solve for Rydberg stage 386/844.
[INFO] Enola: Solve for Rydberg stage 387/844.
[INFO] Enola: Solve for Rydberg stage 388/844.
[INFO] Enola: Solve for Rydberg stage 389/844.
[INFO] Enola: Solve for Rydberg stage 390/844.
[INFO] Enola: Solve for Rydberg stage 391/844.
[INFO] Enola: Solve for Rydberg stage 392/844.
[INFO] Enola: Solve for Rydberg stage 393/844.
[INFO] Enola: Solve for Rydberg stage 394/844.
[INFO] Enola: Solve for Rydberg stage 395/844.
[INFO] Enola: Solve for Rydberg stage 396/844.
[INFO] Enola: Solve for Rydberg stage 397/844.
[INFO] Enola: Solve for Rydberg stage 398/844.
[INFO] Enola: Solve for Rydberg stage 399/844.
[INFO] Enola: Solve for Rydberg stage 400/844.
[INFO] Enola: Solve for Rydberg stage 401/844.
[INFO] Enola: Solve for Rydberg stage 402/844.
[INFO] Enola: Solve for Rydberg stage 403/844.
[INFO] Enola: Solve for Rydberg stage 404/844.
[INFO] Enola: Solve for Rydberg stage 405/844.
[INFO] Enola: Solve for Rydberg stage 406/844.
[INFO] Enola: Solve for Rydberg stage 407/844.
[INFO] Enola: Solve for Rydberg stage 408/844.
[INFO] Enola: Solve for Rydberg stage 409/844.
[INFO] Enola: Solve for Rydberg stage 410/844.
[INFO] Enola: Solve for Rydberg stage 411/844.
[INFO] Enola: Solve for Rydberg stage 412/844.
[INFO] Enola: Solve for Rydberg stage 413/844.
[INFO] Enola: Solve for Rydberg stage 414/844.
[INFO] Enola: Solve for Rydberg stage 415/844.
[INFO] Enola: Solve for Rydberg stage 416/844.
[INFO] Enola: Solve for Rydberg stage 417/844.
[INFO] Enola: Solve for Rydberg stage 418/844.
[INFO] Enola: Solve for Rydberg stage 419/844.
[INFO] Enola: Solve for Rydberg stage 420/844.
[INFO] Enola: Solve for Rydberg stage 421/844.
[INFO] Enola: Solve for Rydberg stage 422/844.
[INFO] Enola: Solve for Rydberg stage 423/844.
[INFO] Enola: Solve for Rydberg stage 424/844.
[INFO] Enola: Solve for Rydberg stage 425/844.
[INFO] Enola: Solve for Rydberg stage 426/844.
[INFO] Enola: Solve for Rydberg stage 427/844.
[INFO] Enola: Solve for Rydberg stage 428/844.
[INFO] Enola: Solve for Rydberg stage 429/844.
[INFO] Enola: Solve for Rydberg stage 430/844.
[INFO] Enola: Solve for Rydberg stage 431/844.
[INFO] Enola: Solve for Rydberg stage 432/844.
[INFO] Enola: Solve for Rydberg stage 433/844.
[INFO] Enola: Solve for Rydberg stage 434/844.
[INFO] Enola: Solve for Rydberg stage 435/844.
[INFO] Enola: Solve for Rydberg stage 436/844.
[INFO] Enola: Solve for Rydberg stage 437/844.
[INFO] Enola: Solve for Rydberg stage 438/844.
[INFO] Enola: Solve for Rydberg stage 439/844.
[INFO] Enola: Solve for Rydberg stage 440/844.
[INFO] Enola: Solve for Rydberg stage 441/844.
[INFO] Enola: Solve for Rydberg stage 442/844.
[INFO] Enola: Solve for Rydberg stage 443/844.
[INFO] Enola: Solve for Rydberg stage 444/844.
[INFO] Enola: Solve for Rydberg stage 445/844.
[INFO] Enola: Solve for Rydberg stage 446/844.
[INFO] Enola: Solve for Rydberg stage 447/844.
[INFO] Enola: Solve for Rydberg stage 448/844.
[INFO] Enola: Solve for Rydberg stage 449/844.
[INFO] Enola: Solve for Rydberg stage 450/844.
[INFO] Enola: Solve for Rydberg stage 451/844.
[INFO] Enola: Solve for Rydberg stage 452/844.
[INFO] Enola: Solve for Rydberg stage 453/844.
[INFO] Enola: Solve for Rydberg stage 454/844.
[INFO] Enola: Solve for Rydberg stage 455/844.
[INFO] Enola: Solve for Rydberg stage 456/844.
[INFO] Enola: Solve for Rydberg stage 457/844.
[INFO] Enola: Solve for Rydberg stage 458/844.
[INFO] Enola: Solve for Rydberg stage 459/844.
[INFO] Enola: Solve for Rydberg stage 460/844.
[INFO] Enola: Solve for Rydberg stage 461/844.
[INFO] Enola: Solve for Rydberg stage 462/844.
[INFO] Enola: Solve for Rydberg stage 463/844.
[INFO] Enola: Solve for Rydberg stage 464/844.
[INFO] Enola: Solve for Rydberg stage 465/844.
[INFO] Enola: Solve for Rydberg stage 466/844.
[INFO] Enola: Solve for Rydberg stage 467/844.
[INFO] Enola: Solve for Rydberg stage 468/844.
[INFO] Enola: Solve for Rydberg stage 469/844.
[INFO] Enola: Solve for Rydberg stage 470/844.
[INFO] Enola: Solve for Rydberg stage 471/844.
[INFO] Enola: Solve for Rydberg stage 472/844.
[INFO] Enola: Solve for Rydberg stage 473/844.
[INFO] Enola: Solve for Rydberg stage 474/844.
[INFO] Enola: Solve for Rydberg stage 475/844.
[INFO] Enola: Solve for Rydberg stage 476/844.
[INFO] Enola: Solve for Rydberg stage 477/844.
[INFO] Enola: Solve for Rydberg stage 478/844.
[INFO] Enola: Solve for Rydberg stage 479/844.
[INFO] Enola: Solve for Rydberg stage 480/844.
[INFO] Enola: Solve for Rydberg stage 481/844.
[INFO] Enola: Solve for Rydberg stage 482/844.
[INFO] Enola: Solve for Rydberg stage 483/844.
[INFO] Enola: Solve for Rydberg stage 484/844.
[INFO] Enola: Solve for Rydberg stage 485/844.
[INFO] Enola: Solve for Rydberg stage 486/844.
[INFO] Enola: Solve for Rydberg stage 487/844.
[INFO] Enola: Solve for Rydberg stage 488/844.
[INFO] Enola: Solve for Rydberg stage 489/844.
[INFO] Enola: Solve for Rydberg stage 490/844.
[INFO] Enola: Solve for Rydberg stage 491/844.
[INFO] Enola: Solve for Rydberg stage 492/844.
[INFO] Enola: Solve for Rydberg stage 493/844.
[INFO] Enola: Solve for Rydberg stage 494/844.
[INFO] Enola: Solve for Rydberg stage 495/844.
[INFO] Enola: Solve for Rydberg stage 496/844.
[INFO] Enola: Solve for Rydberg stage 497/844.
[INFO] Enola: Solve for Rydberg stage 498/844.
[INFO] Enola: Solve for Rydberg stage 499/844.
[INFO] Enola: Solve for Rydberg stage 500/844.
[INFO] Enola: Solve for Rydberg stage 501/844.
[INFO] Enola: Solve for Rydberg stage 502/844.
[INFO] Enola: Solve for Rydberg stage 503/844.
[INFO] Enola: Solve for Rydberg stage 504/844.
[INFO] Enola: Solve for Rydberg stage 505/844.
[INFO] Enola: Solve for Rydberg stage 506/844.
[INFO] Enola: Solve for Rydberg stage 507/844.
[INFO] Enola: Solve for Rydberg stage 508/844.
[INFO] Enola: Solve for Rydberg stage 509/844.
[INFO] Enola: Solve for Rydberg stage 510/844.
[INFO] Enola: Solve for Rydberg stage 511/844.
[INFO] Enola: Solve for Rydberg stage 512/844.
[INFO] Enola: Solve for Rydberg stage 513/844.
[INFO] Enola: Solve for Rydberg stage 514/844.
[INFO] Enola: Solve for Rydberg stage 515/844.
[INFO] Enola: Solve for Rydberg stage 516/844.
[INFO] Enola: Solve for Rydberg stage 517/844.
[INFO] Enola: Solve for Rydberg stage 518/844.
[INFO] Enola: Solve for Rydberg stage 519/844.
[INFO] Enola: Solve for Rydberg stage 520/844.
[INFO] Enola: Solve for Rydberg stage 521/844.
[INFO] Enola: Solve for Rydberg stage 522/844.
[INFO] Enola: Solve for Rydberg stage 523/844.
[INFO] Enola: Solve for Rydberg stage 524/844.
[INFO] Enola: Solve for Rydberg stage 525/844.
[INFO] Enola: Solve for Rydberg stage 526/844.
[INFO] Enola: Solve for Rydberg stage 527/844.
[INFO] Enola: Solve for Rydberg stage 528/844.
[INFO] Enola: Solve for Rydberg stage 529/844.
[INFO] Enola: Solve for Rydberg stage 530/844.
[INFO] Enola: Solve for Rydberg stage 531/844.
[INFO] Enola: Solve for Rydberg stage 532/844.
[INFO] Enola: Solve for Rydberg stage 533/844.
[INFO] Enola: Solve for Rydberg stage 534/844.
[INFO] Enola: Solve for Rydberg stage 535/844.
[INFO] Enola: Solve for Rydberg stage 536/844.
[INFO] Enola: Solve for Rydberg stage 537/844.
[INFO] Enola: Solve for Rydberg stage 538/844.
[INFO] Enola: Solve for Rydberg stage 539/844.
[INFO] Enola: Solve for Rydberg stage 540/844.
[INFO] Enola: Solve for Rydberg stage 541/844.
[INFO] Enola: Solve for Rydberg stage 542/844.
[INFO] Enola: Solve for Rydberg stage 543/844.
[INFO] Enola: Solve for Rydberg stage 544/844.
[INFO] Enola: Solve for Rydberg stage 545/844.
[INFO] Enola: Solve for Rydberg stage 546/844.
[INFO] Enola: Solve for Rydberg stage 547/844.
[INFO] Enola: Solve for Rydberg stage 548/844.
[INFO] Enola: Solve for Rydberg stage 549/844.
[INFO] Enola: Solve for Rydberg stage 550/844.
[INFO] Enola: Solve for Rydberg stage 551/844.
[INFO] Enola: Solve for Rydberg stage 552/844.
[INFO] Enola: Solve for Rydberg stage 553/844.
[INFO] Enola: Solve for Rydberg stage 554/844.
[INFO] Enola: Solve for Rydberg stage 555/844.
[INFO] Enola: Solve for Rydberg stage 556/844.
[INFO] Enola: Solve for Rydberg stage 557/844.
[INFO] Enola: Solve for Rydberg stage 558/844.
[INFO] Enola: Solve for Rydberg stage 559/844.
[INFO] Enola: Solve for Rydberg stage 560/844.
[INFO] Enola: Solve for Rydberg stage 561/844.
[INFO] Enola: Solve for Rydberg stage 562/844.
[INFO] Enola: Solve for Rydberg stage 563/844.
[INFO] Enola: Solve for Rydberg stage 564/844.
[INFO] Enola: Solve for Rydberg stage 565/844.
[INFO] Enola: Solve for Rydberg stage 566/844.
[INFO] Enola: Solve for Rydberg stage 567/844.
[INFO] Enola: Solve for Rydberg stage 568/844.
[INFO] Enola: Solve for Rydberg stage 569/844.
[INFO] Enola: Solve for Rydberg stage 570/844.
[INFO] Enola: Solve for Rydberg stage 571/844.
[INFO] Enola: Solve for Rydberg stage 572/844.
[INFO] Enola: Solve for Rydberg stage 573/844.
[INFO] Enola: Solve for Rydberg stage 574/844.
[INFO] Enola: Solve for Rydberg stage 575/844.
[INFO] Enola: Solve for Rydberg stage 576/844.
[INFO] Enola: Solve for Rydberg stage 577/844.
[INFO] Enola: Solve for Rydberg stage 578/844.
[INFO] Enola: Solve for Rydberg stage 579/844.
[INFO] Enola: Solve for Rydberg stage 580/844.
[INFO] Enola: Solve for Rydberg stage 581/844.
[INFO] Enola: Solve for Rydberg stage 582/844.
[INFO] Enola: Solve for Rydberg stage 583/844.
[INFO] Enola: Solve for Rydberg stage 584/844.
[INFO] Enola: Solve for Rydberg stage 585/844.
[INFO] Enola: Solve for Rydberg stage 586/844.
[INFO] Enola: Solve for Rydberg stage 587/844.
[INFO] Enola: Solve for Rydberg stage 588/844.
[INFO] Enola: Solve for Rydberg stage 589/844.
[INFO] Enola: Solve for Rydberg stage 590/844.
[INFO] Enola: Solve for Rydberg stage 591/844.
[INFO] Enola: Solve for Rydberg stage 592/844.
[INFO] Enola: Solve for Rydberg stage 593/844.
[INFO] Enola: Solve for Rydberg stage 594/844.
[INFO] Enola: Solve for Rydberg stage 595/844.
[INFO] Enola: Solve for Rydberg stage 596/844.
[INFO] Enola: Solve for Rydberg stage 597/844.
[INFO] Enola: Solve for Rydberg stage 598/844.
[INFO] Enola: Solve for Rydberg stage 599/844.
[INFO] Enola: Solve for Rydberg stage 600/844.
[INFO] Enola: Solve for Rydberg stage 601/844.
[INFO] Enola: Solve for Rydberg stage 602/844.
[INFO] Enola: Solve for Rydberg stage 603/844.
[INFO] Enola: Solve for Rydberg stage 604/844.
[INFO] Enola: Solve for Rydberg stage 605/844.
[INFO] Enola: Solve for Rydberg stage 606/844.
[INFO] Enola: Solve for Rydberg stage 607/844.
[INFO] Enola: Solve for Rydberg stage 608/844.
[INFO] Enola: Solve for Rydberg stage 609/844.
[INFO] Enola: Solve for Rydberg stage 610/844.
[INFO] Enola: Solve for Rydberg stage 611/844.
[INFO] Enola: Solve for Rydberg stage 612/844.
[INFO] Enola: Solve for Rydberg stage 613/844.
[INFO] Enola: Solve for Rydberg stage 614/844.
[INFO] Enola: Solve for Rydberg stage 615/844.
[INFO] Enola: Solve for Rydberg stage 616/844.
[INFO] Enola: Solve for Rydberg stage 617/844.
[INFO] Enola: Solve for Rydberg stage 618/844.
[INFO] Enola: Solve for Rydberg stage 619/844.
[INFO] Enola: Solve for Rydberg stage 620/844.
[INFO] Enola: Solve for Rydberg stage 621/844.
[INFO] Enola: Solve for Rydberg stage 622/844.
[INFO] Enola: Solve for Rydberg stage 623/844.
[INFO] Enola: Solve for Rydberg stage 624/844.
[INFO] Enola: Solve for Rydberg stage 625/844.
[INFO] Enola: Solve for Rydberg stage 626/844.
[INFO] Enola: Solve for Rydberg stage 627/844.
[INFO] Enola: Solve for Rydberg stage 628/844.
[INFO] Enola: Solve for Rydberg stage 629/844.
[INFO] Enola: Solve for Rydberg stage 630/844.
[INFO] Enola: Solve for Rydberg stage 631/844.
[INFO] Enola: Solve for Rydberg stage 632/844.
[INFO] Enola: Solve for Rydberg stage 633/844.
[INFO] Enola: Solve for Rydberg stage 634/844.
[INFO] Enola: Solve for Rydberg stage 635/844.
[INFO] Enola: Solve for Rydberg stage 636/844.
[INFO] Enola: Solve for Rydberg stage 637/844.
[INFO] Enola: Solve for Rydberg stage 638/844.
[INFO] Enola: Solve for Rydberg stage 639/844.
[INFO] Enola: Solve for Rydberg stage 640/844.
[INFO] Enola: Solve for Rydberg stage 641/844.
[INFO] Enola: Solve for Rydberg stage 642/844.
[INFO] Enola: Solve for Rydberg stage 643/844.
[INFO] Enola: Solve for Rydberg stage 644/844.
[INFO] Enola: Solve for Rydberg stage 645/844.
[INFO] Enola: Solve for Rydberg stage 646/844.
[INFO] Enola: Solve for Rydberg stage 647/844.
[INFO] Enola: Solve for Rydberg stage 648/844.
[INFO] Enola: Solve for Rydberg stage 649/844.
[INFO] Enola: Solve for Rydberg stage 650/844.
[INFO] Enola: Solve for Rydberg stage 651/844.
[INFO] Enola: Solve for Rydberg stage 652/844.
[INFO] Enola: Solve for Rydberg stage 653/844.
[INFO] Enola: Solve for Rydberg stage 654/844.
[INFO] Enola: Solve for Rydberg stage 655/844.
[INFO] Enola: Solve for Rydberg stage 656/844.
[INFO] Enola: Solve for Rydberg stage 657/844.
[INFO] Enola: Solve for Rydberg stage 658/844.
[INFO] Enola: Solve for Rydberg stage 659/844.
[INFO] Enola: Solve for Rydberg stage 660/844.
[INFO] Enola: Solve for Rydberg stage 661/844.
[INFO] Enola: Solve for Rydberg stage 662/844.
[INFO] Enola: Solve for Rydberg stage 663/844.
[INFO] Enola: Solve for Rydberg stage 664/844.
[INFO] Enola: Solve for Rydberg stage 665/844.
[INFO] Enola: Solve for Rydberg stage 666/844.
[INFO] Enola: Solve for Rydberg stage 667/844.
[INFO] Enola: Solve for Rydberg stage 668/844.
[INFO] Enola: Solve for Rydberg stage 669/844.
[INFO] Enola: Solve for Rydberg stage 670/844.
[INFO] Enola: Solve for Rydberg stage 671/844.
[INFO] Enola: Solve for Rydberg stage 672/844.
[INFO] Enola: Solve for Rydberg stage 673/844.
[INFO] Enola: Solve for Rydberg stage 674/844.
[INFO] Enola: Solve for Rydberg stage 675/844.
[INFO] Enola: Solve for Rydberg stage 676/844.
[INFO] Enola: Solve for Rydberg stage 677/844.
[INFO] Enola: Solve for Rydberg stage 678/844.
[INFO] Enola: Solve for Rydberg stage 679/844.
[INFO] Enola: Solve for Rydberg stage 680/844.
[INFO] Enola: Solve for Rydberg stage 681/844.
[INFO] Enola: Solve for Rydberg stage 682/844.
[INFO] Enola: Solve for Rydberg stage 683/844.
[INFO] Enola: Solve for Rydberg stage 684/844.
[INFO] Enola: Solve for Rydberg stage 685/844.
[INFO] Enola: Solve for Rydberg stage 686/844.
[INFO] Enola: Solve for Rydberg stage 687/844.
[INFO] Enola: Solve for Rydberg stage 688/844.
[INFO] Enola: Solve for Rydberg stage 689/844.
[INFO] Enola: Solve for Rydberg stage 690/844.
[INFO] Enola: Solve for Rydberg stage 691/844.
[INFO] Enola: Solve for Rydberg stage 692/844.
[INFO] Enola: Solve for Rydberg stage 693/844.
[INFO] Enola: Solve for Rydberg stage 694/844.
[INFO] Enola: Solve for Rydberg stage 695/844.
[INFO] Enola: Solve for Rydberg stage 696/844.
[INFO] Enola: Solve for Rydberg stage 697/844.
[INFO] Enola: Solve for Rydberg stage 698/844.
[INFO] Enola: Solve for Rydberg stage 699/844.
[INFO] Enola: Solve for Rydberg stage 700/844.
[INFO] Enola: Solve for Rydberg stage 701/844.
[INFO] Enola: Solve for Rydberg stage 702/844.
[INFO] Enola: Solve for Rydberg stage 703/844.
[INFO] Enola: Solve for Rydberg stage 704/844.
[INFO] Enola: Solve for Rydberg stage 705/844.
[INFO] Enola: Solve for Rydberg stage 706/844.
[INFO] Enola: Solve for Rydberg stage 707/844.
[INFO] Enola: Solve for Rydberg stage 708/844.
[INFO] Enola: Solve for Rydberg stage 709/844.
[INFO] Enola: Solve for Rydberg stage 710/844.
[INFO] Enola: Solve for Rydberg stage 711/844.
[INFO] Enola: Solve for Rydberg stage 712/844.
[INFO] Enola: Solve for Rydberg stage 713/844.
[INFO] Enola: Solve for Rydberg stage 714/844.
[INFO] Enola: Solve for Rydberg stage 715/844.
[INFO] Enola: Solve for Rydberg stage 716/844.
[INFO] Enola: Solve for Rydberg stage 717/844.
[INFO] Enola: Solve for Rydberg stage 718/844.
[INFO] Enola: Solve for Rydberg stage 719/844.
[INFO] Enola: Solve for Rydberg stage 720/844.
[INFO] Enola: Solve for Rydberg stage 721/844.
[INFO] Enola: Solve for Rydberg stage 722/844.
[INFO] Enola: Solve for Rydberg stage 723/844.
[INFO] Enola: Solve for Rydberg stage 724/844.
[INFO] Enola: Solve for Rydberg stage 725/844.
[INFO] Enola: Solve for Rydberg stage 726/844.
[INFO] Enola: Solve for Rydberg stage 727/844.
[INFO] Enola: Solve for Rydberg stage 728/844.
[INFO] Enola: Solve for Rydberg stage 729/844.
[INFO] Enola: Solve for Rydberg stage 730/844.
[INFO] Enola: Solve for Rydberg stage 731/844.
[INFO] Enola: Solve for Rydberg stage 732/844.
[INFO] Enola: Solve for Rydberg stage 733/844.
[INFO] Enola: Solve for Rydberg stage 734/844.
[INFO] Enola: Solve for Rydberg stage 735/844.
[INFO] Enola: Solve for Rydberg stage 736/844.
[INFO] Enola: Solve for Rydberg stage 737/844.
[INFO] Enola: Solve for Rydberg stage 738/844.
[INFO] Enola: Solve for Rydberg stage 739/844.
[INFO] Enola: Solve for Rydberg stage 740/844.
[INFO] Enola: Solve for Rydberg stage 741/844.
[INFO] Enola: Solve for Rydberg stage 742/844.
[INFO] Enola: Solve for Rydberg stage 743/844.
[INFO] Enola: Solve for Rydberg stage 744/844.
[INFO] Enola: Solve for Rydberg stage 745/844.
[INFO] Enola: Solve for Rydberg stage 746/844.
[INFO] Enola: Solve for Rydberg stage 747/844.
[INFO] Enola: Solve for Rydberg stage 748/844.
[INFO] Enola: Solve for Rydberg stage 749/844.
[INFO] Enola: Solve for Rydberg stage 750/844.
[INFO] Enola: Solve for Rydberg stage 751/844.
[INFO] Enola: Solve for Rydberg stage 752/844.
[INFO] Enola: Solve for Rydberg stage 753/844.
[INFO] Enola: Solve for Rydberg stage 754/844.
[INFO] Enola: Solve for Rydberg stage 755/844.
[INFO] Enola: Solve for Rydberg stage 756/844.
[INFO] Enola: Solve for Rydberg stage 757/844.
[INFO] Enola: Solve for Rydberg stage 758/844.
[INFO] Enola: Solve for Rydberg stage 759/844.
[INFO] Enola: Solve for Rydberg stage 760/844.
[INFO] Enola: Solve for Rydberg stage 761/844.
[INFO] Enola: Solve for Rydberg stage 762/844.
[INFO] Enola: Solve for Rydberg stage 763/844.
[INFO] Enola: Solve for Rydberg stage 764/844.
[INFO] Enola: Solve for Rydberg stage 765/844.
[INFO] Enola: Solve for Rydberg stage 766/844.
[INFO] Enola: Solve for Rydberg stage 767/844.
[INFO] Enola: Solve for Rydberg stage 768/844.
[INFO] Enola: Solve for Rydberg stage 769/844.
[INFO] Enola: Solve for Rydberg stage 770/844.
[INFO] Enola: Solve for Rydberg stage 771/844.
[INFO] Enola: Solve for Rydberg stage 772/844.
[INFO] Enola: Solve for Rydberg stage 773/844.
[INFO] Enola: Solve for Rydberg stage 774/844.
[INFO] Enola: Solve for Rydberg stage 775/844.
[INFO] Enola: Solve for Rydberg stage 776/844.
[INFO] Enola: Solve for Rydberg stage 777/844.
[INFO] Enola: Solve for Rydberg stage 778/844.
[INFO] Enola: Solve for Rydberg stage 779/844.
[INFO] Enola: Solve for Rydberg stage 780/844.
[INFO] Enola: Solve for Rydberg stage 781/844.
[INFO] Enola: Solve for Rydberg stage 782/844.
[INFO] Enola: Solve for Rydberg stage 783/844.
[INFO] Enola: Solve for Rydberg stage 784/844.
[INFO] Enola: Solve for Rydberg stage 785/844.
[INFO] Enola: Solve for Rydberg stage 786/844.
[INFO] Enola: Solve for Rydberg stage 787/844.
[INFO] Enola: Solve for Rydberg stage 788/844.
[INFO] Enola: Solve for Rydberg stage 789/844.
[INFO] Enola: Solve for Rydberg stage 790/844.
[INFO] Enola: Solve for Rydberg stage 791/844.
[INFO] Enola: Solve for Rydberg stage 792/844.
[INFO] Enola: Solve for Rydberg stage 793/844.
[INFO] Enola: Solve for Rydberg stage 794/844.
[INFO] Enola: Solve for Rydberg stage 795/844.
[INFO] Enola: Solve for Rydberg stage 796/844.
[INFO] Enola: Solve for Rydberg stage 797/844.
[INFO] Enola: Solve for Rydberg stage 798/844.
[INFO] Enola: Solve for Rydberg stage 799/844.
[INFO] Enola: Solve for Rydberg stage 800/844.
[INFO] Enola: Solve for Rydberg stage 801/844.
[INFO] Enola: Solve for Rydberg stage 802/844.
[INFO] Enola: Solve for Rydberg stage 803/844.
[INFO] Enola: Solve for Rydberg stage 804/844.
[INFO] Enola: Solve for Rydberg stage 805/844.
[INFO] Enola: Solve for Rydberg stage 806/844.
[INFO] Enola: Solve for Rydberg stage 807/844.
[INFO] Enola: Solve for Rydberg stage 808/844.
[INFO] Enola: Solve for Rydberg stage 809/844.
[INFO] Enola: Solve for Rydberg stage 810/844.
[INFO] Enola: Solve for Rydberg stage 811/844.
[INFO] Enola: Solve for Rydberg stage 812/844.
[INFO] Enola: Solve for Rydberg stage 813/844.
[INFO] Enola: Solve for Rydberg stage 814/844.
[INFO] Enola: Solve for Rydberg stage 815/844.
[INFO] Enola: Solve for Rydberg stage 816/844.
[INFO] Enola: Solve for Rydberg stage 817/844.
[INFO] Enola: Solve for Rydberg stage 818/844.
[INFO] Enola: Solve for Rydberg stage 819/844.
[INFO] Enola: Solve for Rydberg stage 820/844.
[INFO] Enola: Solve for Rydberg stage 821/844.
[INFO] Enola: Solve for Rydberg stage 822/844.
[INFO] Enola: Solve for Rydberg stage 823/844.
[INFO] Enola: Solve for Rydberg stage 824/844.
[INFO] Enola: Solve for Rydberg stage 825/844.
[INFO] Enola: Solve for Rydberg stage 826/844.
[INFO] Enola: Solve for Rydberg stage 827/844.
[INFO] Enola: Solve for Rydberg stage 828/844.
[INFO] Enola: Solve for Rydberg stage 829/844.
[INFO] Enola: Solve for Rydberg stage 830/844.
[INFO] Enola: Solve for Rydberg stage 831/844.
[INFO] Enola: Solve for Rydberg stage 832/844.
[INFO] Enola: Solve for Rydberg stage 833/844.
[INFO] Enola: Solve for Rydberg stage 834/844.
[INFO] Enola: Solve for Rydberg stage 835/844.
[INFO] Enola: Solve for Rydberg stage 836/844.
[INFO] Enola: Solve for Rydberg stage 837/844.
[INFO] Enola: Solve for Rydberg stage 838/844.
[INFO] Enola: Solve for Rydberg stage 839/844.
[INFO] Enola: Solve for Rydberg stage 840/844.
[INFO] Enola: Solve for Rydberg stage 841/844.
[INFO] Enola: Solve for Rydberg stage 842/844.
[INFO] Enola: Solve for Rydberg stage 843/844.
[INFO] Enola: Solve for Rydberg stage 844/844.
[INFO] Enola: Solve for Rydberg stage 845/844.
[INFO] Enola: Time for routing: 0.16205525398254395s
[INFO] Enola: Total Time: 139.3341579437256s
Compilation successful.

2026-03-23 12:25:45,691 - BenchmarkManager - INFO - enola (run 1/1) - Running /u/halle/heiz/home_at/BachelorProject/benchmarks/uuf_fix50_20-100/uuf50-020.qasm
2026-03-23 12:25:45,692 - Compiler.enola - INFO - Array width: 754, Array height: 44, AOD columns: 50, AOD rows: 1
2026-03-23 12:28:09,106 - Compiler.enola - INFO - STDOUT:
[INFO] Enola: Start Solving
[INFO] Enola: Run scheduling
[INFO] Enola: Time for scheduling: 0.001079559326171875s
754
[INFO] Enola: Time for placement: 1.0728836059570312e-05s
[INFO] Enola: Solve for Rydberg stage 2/841.
[INFO] Enola: Solve for Rydberg stage 3/841.
[INFO] Enola: Solve for Rydberg stage 4/841.
[INFO] Enola: Solve for Rydberg stage 5/841.
[INFO] Enola: Solve for Rydberg stage 6/841.
[INFO] Enola: Solve for Rydberg stage 7/841.
[INFO] Enola: Solve for Rydberg stage 8/841.
[INFO] Enola: Solve for Rydberg stage 9/841.
[INFO] Enola: Solve for Rydberg stage 10/841.
[INFO] Enola: Solve for Rydberg stage 11/841.
[INFO] Enola: Solve for Rydberg stage 12/841.
[INFO] Enola: Solve for Rydberg stage 13/841.
[INFO] Enola: Solve for Rydberg stage 14/841.
[INFO] Enola: Solve for Rydberg stage 15/841.
[INFO] Enola: Solve for Rydberg stage 16/841.
[INFO] Enola: Solve for Rydberg stage 17/841.
[INFO] Enola: Solve for Rydberg stage 18/841.
[INFO] Enola: Solve for Rydberg stage 19/841.
[INFO] Enola: Solve for Rydberg stage 20/841.
[INFO] Enola: Solve for Rydberg stage 21/841.
[INFO] Enola: Solve for Rydberg stage 22/841.
[INFO] Enola: Solve for Rydberg stage 23/841.
[INFO] Enola: Solve for Rydberg stage 24/841.
[INFO] Enola: Solve for Rydberg stage 25/841.
[INFO] Enola: Solve for Rydberg stage 26/841.
[INFO] Enola: Solve for Rydberg stage 27/841.
[INFO] Enola: Solve for Rydberg stage 28/841.
[INFO] Enola: Solve for Rydberg stage 29/841.
[INFO] Enola: Solve for Rydberg stage 30/841.
[INFO] Enola: Solve for Rydberg stage 31/841.
[INFO] Enola: Solve for Rydberg stage 32/841.
[INFO] Enola: Solve for Rydberg stage 33/841.
[INFO] Enola: Solve for Rydberg stage 34/841.
[INFO] Enola: Solve for Rydberg stage 35/841.
[INFO] Enola: Solve for Rydberg stage 36/841.
[INFO] Enola: Solve for Rydberg stage 37/841.
[INFO] Enola: Solve for Rydberg stage 38/841.
[INFO] Enola: Solve for Rydberg stage 39/841.
[INFO] Enola: Solve for Rydberg stage 40/841.
[INFO] Enola: Solve for Rydberg stage 41/841.
[INFO] Enola: Solve for Rydberg stage 42/841.
[INFO] Enola: Solve for Rydberg stage 43/841.
[INFO] Enola: Solve for Rydberg stage 44/841.
[INFO] Enola: Solve for Rydberg stage 45/841.
[INFO] Enola: Solve for Rydberg stage 46/841.
[INFO] Enola: Solve for Rydberg stage 47/841.
[INFO] Enola: Solve for Rydberg stage 48/841.
[INFO] Enola: Solve for Rydberg stage 49/841.
[INFO] Enola: Solve for Rydberg stage 50/841.
[INFO] Enola: Solve for Rydberg stage 51/841.
[INFO] Enola: Solve for Rydberg stage 52/841.
[INFO] Enola: Solve for Rydberg stage 53/841.
[INFO] Enola: Solve for Rydberg stage 54/841.
[INFO] Enola: Solve for Rydberg stage 55/841.
[INFO] Enola: Solve for Rydberg stage 56/841.
[INFO] Enola: Solve for Rydberg stage 57/841.
[INFO] Enola: Solve for Rydberg stage 58/841.
[INFO] Enola: Solve for Rydberg stage 59/841.
[INFO] Enola: Solve for Rydberg stage 60/841.
[INFO] Enola: Solve for Rydberg stage 61/841.
[INFO] Enola: Solve for Rydberg stage 62/841.
[INFO] Enola: Solve for Rydberg stage 63/841.
[INFO] Enola: Solve for Rydberg stage 64/841.
[INFO] Enola: Solve for Rydberg stage 65/841.
[INFO] Enola: Solve for Rydberg stage 66/841.
[INFO] Enola: Solve for Rydberg stage 67/841.
[INFO] Enola: Solve for Rydberg stage 68/841.
[INFO] Enola: Solve for Rydberg stage 69/841.
[INFO] Enola: Solve for Rydberg stage 70/841.
[INFO] Enola: Solve for Rydberg stage 71/841.
[INFO] Enola: Solve for Rydberg stage 72/841.
[INFO] Enola: Solve for Rydberg stage 73/841.
[INFO] Enola: Solve for Rydberg stage 74/841.
[INFO] Enola: Solve for Rydberg stage 75/841.
[INFO] Enola: Solve for Rydberg stage 76/841.
[INFO] Enola: Solve for Rydberg stage 77/841.
[INFO] Enola: Solve for Rydberg stage 78/841.
[INFO] Enola: Solve for Rydberg stage 79/841.
[INFO] Enola: Solve for Rydberg stage 80/841.
[INFO] Enola: Solve for Rydberg stage 81/841.
[INFO] Enola: Solve for Rydberg stage 82/841.
[INFO] Enola: Solve for Rydberg stage 83/841.
[INFO] Enola: Solve for Rydberg stage 84/841.
[INFO] Enola: Solve for Rydberg stage 85/841.
[INFO] Enola: Solve for Rydberg stage 86/841.
[INFO] Enola: Solve for Rydberg stage 87/841.
[INFO] Enola: Solve for Rydberg stage 88/841.
[INFO] Enola: Solve for Rydberg stage 89/841.
[INFO] Enola: Solve for Rydberg stage 90/841.
[INFO] Enola: Solve for Rydberg stage 91/841.
[INFO] Enola: Solve for Rydberg stage 92/841.
[INFO] Enola: Solve for Rydberg stage 93/841.
[INFO] Enola: Solve for Rydberg stage 94/841.
[INFO] Enola: Solve for Rydberg stage 95/841.
[INFO] Enola: Solve for Rydberg stage 96/841.
[INFO] Enola: Solve for Rydberg stage 97/841.
[INFO] Enola: Solve for Rydberg stage 98/841.
[INFO] Enola: Solve for Rydberg stage 99/841.
[INFO] Enola: Solve for Rydberg stage 100/841.
[INFO] Enola: Solve for Rydberg stage 101/841.
[INFO] Enola: Solve for Rydberg stage 102/841.
[INFO] Enola: Solve for Rydberg stage 103/841.
[INFO] Enola: Solve for Rydberg stage 104/841.
[INFO] Enola: Solve for Rydberg stage 105/841.
[INFO] Enola: Solve for Rydberg stage 106/841.
[INFO] Enola: Solve for Rydberg stage 107/841.
[INFO] Enola: Solve for Rydberg stage 108/841.
[INFO] Enola: Solve for Rydberg stage 109/841.
[INFO] Enola: Solve for Rydberg stage 110/841.
[INFO] Enola: Solve for Rydberg stage 111/841.
[INFO] Enola: Solve for Rydberg stage 112/841.
[INFO] Enola: Solve for Rydberg stage 113/841.
[INFO] Enola: Solve for Rydberg stage 114/841.
[INFO] Enola: Solve for Rydberg stage 115/841.
[INFO] Enola: Solve for Rydberg stage 116/841.
[INFO] Enola: Solve for Rydberg stage 117/841.
[INFO] Enola: Solve for Rydberg stage 118/841.
[INFO] Enola: Solve for Rydberg stage 119/841.
[INFO] Enola: Solve for Rydberg stage 120/841.
[INFO] Enola: Solve for Rydberg stage 121/841.
[INFO] Enola: Solve for Rydberg stage 122/841.
[INFO] Enola: Solve for Rydberg stage 123/841.
[INFO] Enola: Solve for Rydberg stage 124/841.
[INFO] Enola: Solve for Rydberg stage 125/841.
[INFO] Enola: Solve for Rydberg stage 126/841.
[INFO] Enola: Solve for Rydberg stage 127/841.
[INFO] Enola: Solve for Rydberg stage 128/841.
[INFO] Enola: Solve for Rydberg stage 129/841.
[INFO] Enola: Solve for Rydberg stage 130/841.
[INFO] Enola: Solve for Rydberg stage 131/841.
[INFO] Enola: Solve for Rydberg stage 132/841.
[INFO] Enola: Solve for Rydberg stage 133/841.
[INFO] Enola: Solve for Rydberg stage 134/841.
[INFO] Enola: Solve for Rydberg stage 135/841.
[INFO] Enola: Solve for Rydberg stage 136/841.
[INFO] Enola: Solve for Rydberg stage 137/841.
[INFO] Enola: Solve for Rydberg stage 138/841.
[INFO] Enola: Solve for Rydberg stage 139/841.
[INFO] Enola: Solve for Rydberg stage 140/841.
[INFO] Enola: Solve for Rydberg stage 141/841.
[INFO] Enola: Solve for Rydberg stage 142/841.
[INFO] Enola: Solve for Rydberg stage 143/841.
[INFO] Enola: Solve for Rydberg stage 144/841.
[INFO] Enola: Solve for Rydberg stage 145/841.
[INFO] Enola: Solve for Rydberg stage 146/841.
[INFO] Enola: Solve for Rydberg stage 147/841.
[INFO] Enola: Solve for Rydberg stage 148/841.
[INFO] Enola: Solve for Rydberg stage 149/841.
[INFO] Enola: Solve for Rydberg stage 150/841.
[INFO] Enola: Solve for Rydberg stage 151/841.
[INFO] Enola: Solve for Rydberg stage 152/841.
[INFO] Enola: Solve for Rydberg stage 153/841.
[INFO] Enola: Solve for Rydberg stage 154/841.
[INFO] Enola: Solve for Rydberg stage 155/841.
[INFO] Enola: Solve for Rydberg stage 156/841.
[INFO] Enola: Solve for Rydberg stage 157/841.
[INFO] Enola: Solve for Rydberg stage 158/841.
[INFO] Enola: Solve for Rydberg stage 159/841.
[INFO] Enola: Solve for Rydberg stage 160/841.
[INFO] Enola: Solve for Rydberg stage 161/841.
[INFO] Enola: Solve for Rydberg stage 162/841.
[INFO] Enola: Solve for Rydberg stage 163/841.
[INFO] Enola: Solve for Rydberg stage 164/841.
[INFO] Enola: Solve for Rydberg stage 165/841.
[INFO] Enola: Solve for Rydberg stage 166/841.
[INFO] Enola: Solve for Rydberg stage 167/841.
[INFO] Enola: Solve for Rydberg stage 168/841.
[INFO] Enola: Solve for Rydberg stage 169/841.
[INFO] Enola: Solve for Rydberg stage 170/841.
[INFO] Enola: Solve for Rydberg stage 171/841.
[INFO] Enola: Solve for Rydberg stage 172/841.
[INFO] Enola: Solve for Rydberg stage 173/841.
[INFO] Enola: Solve for Rydberg stage 174/841.
[INFO] Enola: Solve for Rydberg stage 175/841.
[INFO] Enola: Solve for Rydberg stage 176/841.
[INFO] Enola: Solve for Rydberg stage 177/841.
[INFO] Enola: Solve for Rydberg stage 178/841.
[INFO] Enola: Solve for Rydberg stage 179/841.
[INFO] Enola: Solve for Rydberg stage 180/841.
[INFO] Enola: Solve for Rydberg stage 181/841.
[INFO] Enola: Solve for Rydberg stage 182/841.
[INFO] Enola: Solve for Rydberg stage 183/841.
[INFO] Enola: Solve for Rydberg stage 184/841.
[INFO] Enola: Solve for Rydberg stage 185/841.
[INFO] Enola: Solve for Rydberg stage 186/841.
[INFO] Enola: Solve for Rydberg stage 187/841.
[INFO] Enola: Solve for Rydberg stage 188/841.
[INFO] Enola: Solve for Rydberg stage 189/841.
[INFO] Enola: Solve for Rydberg stage 190/841.
[INFO] Enola: Solve for Rydberg stage 191/841.
[INFO] Enola: Solve for Rydberg stage 192/841.
[INFO] Enola: Solve for Rydberg stage 193/841.
[INFO] Enola: Solve for Rydberg stage 194/841.
[INFO] Enola: Solve for Rydberg stage 195/841.
[INFO] Enola: Solve for Rydberg stage 196/841.
[INFO] Enola: Solve for Rydberg stage 197/841.
[INFO] Enola: Solve for Rydberg stage 198/841.
[INFO] Enola: Solve for Rydberg stage 199/841.
[INFO] Enola: Solve for Rydberg stage 200/841.
[INFO] Enola: Solve for Rydberg stage 201/841.
[INFO] Enola: Solve for Rydberg stage 202/841.
[INFO] Enola: Solve for Rydberg stage 203/841.
[INFO] Enola: Solve for Rydberg stage 204/841.
[INFO] Enola: Solve for Rydberg stage 205/841.
[INFO] Enola: Solve for Rydberg stage 206/841.
[INFO] Enola: Solve for Rydberg stage 207/841.
[INFO] Enola: Solve for Rydberg stage 208/841.
[INFO] Enola: Solve for Rydberg stage 209/841.
[INFO] Enola: Solve for Rydberg stage 210/841.
[INFO] Enola: Solve for Rydberg stage 211/841.
[INFO] Enola: Solve for Rydberg stage 212/841.
[INFO] Enola: Solve for Rydberg stage 213/841.
[INFO] Enola: Solve for Rydberg stage 214/841.
[INFO] Enola: Solve for Rydberg stage 215/841.
[INFO] Enola: Solve for Rydberg stage 216/841.
[INFO] Enola: Solve for Rydberg stage 217/841.
[INFO] Enola: Solve for Rydberg stage 218/841.
[INFO] Enola: Solve for Rydberg stage 219/841.
[INFO] Enola: Solve for Rydberg stage 220/841.
[INFO] Enola: Solve for Rydberg stage 221/841.
[INFO] Enola: Solve for Rydberg stage 222/841.
[INFO] Enola: Solve for Rydberg stage 223/841.
[INFO] Enola: Solve for Rydberg stage 224/841.
[INFO] Enola: Solve for Rydberg stage 225/841.
[INFO] Enola: Solve for Rydberg stage 226/841.
[INFO] Enola: Solve for Rydberg stage 227/841.
[INFO] Enola: Solve for Rydberg stage 228/841.
[INFO] Enola: Solve for Rydberg stage 229/841.
[INFO] Enola: Solve for Rydberg stage 230/841.
[INFO] Enola: Solve for Rydberg stage 231/841.
[INFO] Enola: Solve for Rydberg stage 232/841.
[INFO] Enola: Solve for Rydberg stage 233/841.
[INFO] Enola: Solve for Rydberg stage 234/841.
[INFO] Enola: Solve for Rydberg stage 235/841.
[INFO] Enola: Solve for Rydberg stage 236/841.
[INFO] Enola: Solve for Rydberg stage 237/841.
[INFO] Enola: Solve for Rydberg stage 238/841.
[INFO] Enola: Solve for Rydberg stage 239/841.
[INFO] Enola: Solve for Rydberg stage 240/841.
[INFO] Enola: Solve for Rydberg stage 241/841.
[INFO] Enola: Solve for Rydberg stage 242/841.
[INFO] Enola: Solve for Rydberg stage 243/841.
[INFO] Enola: Solve for Rydberg stage 244/841.
[INFO] Enola: Solve for Rydberg stage 245/841.
[INFO] Enola: Solve for Rydberg stage 246/841.
[INFO] Enola: Solve for Rydberg stage 247/841.
[INFO] Enola: Solve for Rydberg stage 248/841.
[INFO] Enola: Solve for Rydberg stage 249/841.
[INFO] Enola: Solve for Rydberg stage 250/841.
[INFO] Enola: Solve for Rydberg stage 251/841.
[INFO] Enola: Solve for Rydberg stage 252/841.
[INFO] Enola: Solve for Rydberg stage 253/841.
[INFO] Enola: Solve for Rydberg stage 254/841.
[INFO] Enola: Solve for Rydberg stage 255/841.
[INFO] Enola: Solve for Rydberg stage 256/841.
[INFO] Enola: Solve for Rydberg stage 257/841.
[INFO] Enola: Solve for Rydberg stage 258/841.
[INFO] Enola: Solve for Rydberg stage 259/841.
[INFO] Enola: Solve for Rydberg stage 260/841.
[INFO] Enola: Solve for Rydberg stage 261/841.
[INFO] Enola: Solve for Rydberg stage 262/841.
[INFO] Enola: Solve for Rydberg stage 263/841.
[INFO] Enola: Solve for Rydberg stage 264/841.
[INFO] Enola: Solve for Rydberg stage 265/841.
[INFO] Enola: Solve for Rydberg stage 266/841.
[INFO] Enola: Solve for Rydberg stage 267/841.
[INFO] Enola: Solve for Rydberg stage 268/841.
[INFO] Enola: Solve for Rydberg stage 269/841.
[INFO] Enola: Solve for Rydberg stage 270/841.
[INFO] Enola: Solve for Rydberg stage 271/841.
[INFO] Enola: Solve for Rydberg stage 272/841.
[INFO] Enola: Solve for Rydberg stage 273/841.
[INFO] Enola: Solve for Rydberg stage 274/841.
[INFO] Enola: Solve for Rydberg stage 275/841.
[INFO] Enola: Solve for Rydberg stage 276/841.
[INFO] Enola: Solve for Rydberg stage 277/841.
[INFO] Enola: Solve for Rydberg stage 278/841.
[INFO] Enola: Solve for Rydberg stage 279/841.
[INFO] Enola: Solve for Rydberg stage 280/841.
[INFO] Enola: Solve for Rydberg stage 281/841.
[INFO] Enola: Solve for Rydberg stage 282/841.
[INFO] Enola: Solve for Rydberg stage 283/841.
[INFO] Enola: Solve for Rydberg stage 284/841.
[INFO] Enola: Solve for Rydberg stage 285/841.
[INFO] Enola: Solve for Rydberg stage 286/841.
[INFO] Enola: Solve for Rydberg stage 287/841.
[INFO] Enola: Solve for Rydberg stage 288/841.
[INFO] Enola: Solve for Rydberg stage 289/841.
[INFO] Enola: Solve for Rydberg stage 290/841.
[INFO] Enola: Solve for Rydberg stage 291/841.
[INFO] Enola: Solve for Rydberg stage 292/841.
[INFO] Enola: Solve for Rydberg stage 293/841.
[INFO] Enola: Solve for Rydberg stage 294/841.
[INFO] Enola: Solve for Rydberg stage 295/841.
[INFO] Enola: Solve for Rydberg stage 296/841.
[INFO] Enola: Solve for Rydberg stage 297/841.
[INFO] Enola: Solve for Rydberg stage 298/841.
[INFO] Enola: Solve for Rydberg stage 299/841.
[INFO] Enola: Solve for Rydberg stage 300/841.
[INFO] Enola: Solve for Rydberg stage 301/841.
[INFO] Enola: Solve for Rydberg stage 302/841.
[INFO] Enola: Solve for Rydberg stage 303/841.
[INFO] Enola: Solve for Rydberg stage 304/841.
[INFO] Enola: Solve for Rydberg stage 305/841.
[INFO] Enola: Solve for Rydberg stage 306/841.
[INFO] Enola: Solve for Rydberg stage 307/841.
[INFO] Enola: Solve for Rydberg stage 308/841.
[INFO] Enola: Solve for Rydberg stage 309/841.
[INFO] Enola: Solve for Rydberg stage 310/841.
[INFO] Enola: Solve for Rydberg stage 311/841.
[INFO] Enola: Solve for Rydberg stage 312/841.
[INFO] Enola: Solve for Rydberg stage 313/841.
[INFO] Enola: Solve for Rydberg stage 314/841.
[INFO] Enola: Solve for Rydberg stage 315/841.
[INFO] Enola: Solve for Rydberg stage 316/841.
[INFO] Enola: Solve for Rydberg stage 317/841.
[INFO] Enola: Solve for Rydberg stage 318/841.
[INFO] Enola: Solve for Rydberg stage 319/841.
[INFO] Enola: Solve for Rydberg stage 320/841.
[INFO] Enola: Solve for Rydberg stage 321/841.
[INFO] Enola: Solve for Rydberg stage 322/841.
[INFO] Enola: Solve for Rydberg stage 323/841.
[INFO] Enola: Solve for Rydberg stage 324/841.
[INFO] Enola: Solve for Rydberg stage 325/841.
[INFO] Enola: Solve for Rydberg stage 326/841.
[INFO] Enola: Solve for Rydberg stage 327/841.
[INFO] Enola: Solve for Rydberg stage 328/841.
[INFO] Enola: Solve for Rydberg stage 329/841.
[INFO] Enola: Solve for Rydberg stage 330/841.
[INFO] Enola: Solve for Rydberg stage 331/841.
[INFO] Enola: Solve for Rydberg stage 332/841.
[INFO] Enola: Solve for Rydberg stage 333/841.
[INFO] Enola: Solve for Rydberg stage 334/841.
[INFO] Enola: Solve for Rydberg stage 335/841.
[INFO] Enola: Solve for Rydberg stage 336/841.
[INFO] Enola: Solve for Rydberg stage 337/841.
[INFO] Enola: Solve for Rydberg stage 338/841.
[INFO] Enola: Solve for Rydberg stage 339/841.
[INFO] Enola: Solve for Rydberg stage 340/841.
[INFO] Enola: Solve for Rydberg stage 341/841.
[INFO] Enola: Solve for Rydberg stage 342/841.
[INFO] Enola: Solve for Rydberg stage 343/841.
[INFO] Enola: Solve for Rydberg stage 344/841.
[INFO] Enola: Solve for Rydberg stage 345/841.
[INFO] Enola: Solve for Rydberg stage 346/841.
[INFO] Enola: Solve for Rydberg stage 347/841.
[INFO] Enola: Solve for Rydberg stage 348/841.
[INFO] Enola: Solve for Rydberg stage 349/841.
[INFO] Enola: Solve for Rydberg stage 350/841.
[INFO] Enola: Solve for Rydberg stage 351/841.
[INFO] Enola: Solve for Rydberg stage 352/841.
[INFO] Enola: Solve for Rydberg stage 353/841.
[INFO] Enola: Solve for Rydberg stage 354/841.
[INFO] Enola: Solve for Rydberg stage 355/841.
[INFO] Enola: Solve for Rydberg stage 356/841.
[INFO] Enola: Solve for Rydberg stage 357/841.
[INFO] Enola: Solve for Rydberg stage 358/841.
[INFO] Enola: Solve for Rydberg stage 359/841.
[INFO] Enola: Solve for Rydberg stage 360/841.
[INFO] Enola: Solve for Rydberg stage 361/841.
[INFO] Enola: Solve for Rydberg stage 362/841.
[INFO] Enola: Solve for Rydberg stage 363/841.
[INFO] Enola: Solve for Rydberg stage 364/841.
[INFO] Enola: Solve for Rydberg stage 365/841.
[INFO] Enola: Solve for Rydberg stage 366/841.
[INFO] Enola: Solve for Rydberg stage 367/841.
[INFO] Enola: Solve for Rydberg stage 368/841.
[INFO] Enola: Solve for Rydberg stage 369/841.
[INFO] Enola: Solve for Rydberg stage 370/841.
[INFO] Enola: Solve for Rydberg stage 371/841.
[INFO] Enola: Solve for Rydberg stage 372/841.
[INFO] Enola: Solve for Rydberg stage 373/841.
[INFO] Enola: Solve for Rydberg stage 374/841.
[INFO] Enola: Solve for Rydberg stage 375/841.
[INFO] Enola: Solve for Rydberg stage 376/841.
[INFO] Enola: Solve for Rydberg stage 377/841.
[INFO] Enola: Solve for Rydberg stage 378/841.
[INFO] Enola: Solve for Rydberg stage 379/841.
[INFO] Enola: Solve for Rydberg stage 380/841.
[INFO] Enola: Solve for Rydberg stage 381/841.
[INFO] Enola: Solve for Rydberg stage 382/841.
[INFO] Enola: Solve for Rydberg stage 383/841.
[INFO] Enola: Solve for Rydberg stage 384/841.
[INFO] Enola: Solve for Rydberg stage 385/841.
[INFO] Enola: Solve for Rydberg stage 386/841.
[INFO] Enola: Solve for Rydberg stage 387/841.
[INFO] Enola: Solve for Rydberg stage 388/841.
[INFO] Enola: Solve for Rydberg stage 389/841.
[INFO] Enola: Solve for Rydberg stage 390/841.
[INFO] Enola: Solve for Rydberg stage 391/841.
[INFO] Enola: Solve for Rydberg stage 392/841.
[INFO] Enola: Solve for Rydberg stage 393/841.
[INFO] Enola: Solve for Rydberg stage 394/841.
[INFO] Enola: Solve for Rydberg stage 395/841.
[INFO] Enola: Solve for Rydberg stage 396/841.
[INFO] Enola: Solve for Rydberg stage 397/841.
[INFO] Enola: Solve for Rydberg stage 398/841.
[INFO] Enola: Solve for Rydberg stage 399/841.
[INFO] Enola: Solve for Rydberg stage 400/841.
[INFO] Enola: Solve for Rydberg stage 401/841.
[INFO] Enola: Solve for Rydberg stage 402/841.
[INFO] Enola: Solve for Rydberg stage 403/841.
[INFO] Enola: Solve for Rydberg stage 404/841.
[INFO] Enola: Solve for Rydberg stage 405/841.
[INFO] Enola: Solve for Rydberg stage 406/841.
[INFO] Enola: Solve for Rydberg stage 407/841.
[INFO] Enola: Solve for Rydberg stage 408/841.
[INFO] Enola: Solve for Rydberg stage 409/841.
[INFO] Enola: Solve for Rydberg stage 410/841.
[INFO] Enola: Solve for Rydberg stage 411/841.
[INFO] Enola: Solve for Rydberg stage 412/841.
[INFO] Enola: Solve for Rydberg stage 413/841.
[INFO] Enola: Solve for Rydberg stage 414/841.
[INFO] Enola: Solve for Rydberg stage 415/841.
[INFO] Enola: Solve for Rydberg stage 416/841.
[INFO] Enola: Solve for Rydberg stage 417/841.
[INFO] Enola: Solve for Rydberg stage 418/841.
[INFO] Enola: Solve for Rydberg stage 419/841.
[INFO] Enola: Solve for Rydberg stage 420/841.
[INFO] Enola: Solve for Rydberg stage 421/841.
[INFO] Enola: Solve for Rydberg stage 422/841.
[INFO] Enola: Solve for Rydberg stage 423/841.
[INFO] Enola: Solve for Rydberg stage 424/841.
[INFO] Enola: Solve for Rydberg stage 425/841.
[INFO] Enola: Solve for Rydberg stage 426/841.
[INFO] Enola: Solve for Rydberg stage 427/841.
[INFO] Enola: Solve for Rydberg stage 428/841.
[INFO] Enola: Solve for Rydberg stage 429/841.
[INFO] Enola: Solve for Rydberg stage 430/841.
[INFO] Enola: Solve for Rydberg stage 431/841.
[INFO] Enola: Solve for Rydberg stage 432/841.
[INFO] Enola: Solve for Rydberg stage 433/841.
[INFO] Enola: Solve for Rydberg stage 434/841.
[INFO] Enola: Solve for Rydberg stage 435/841.
[INFO] Enola: Solve for Rydberg stage 436/841.
[INFO] Enola: Solve for Rydberg stage 437/841.
[INFO] Enola: Solve for Rydberg stage 438/841.
[INFO] Enola: Solve for Rydberg stage 439/841.
[INFO] Enola: Solve for Rydberg stage 440/841.
[INFO] Enola: Solve for Rydberg stage 441/841.
[INFO] Enola: Solve for Rydberg stage 442/841.
[INFO] Enola: Solve for Rydberg stage 443/841.
[INFO] Enola: Solve for Rydberg stage 444/841.
[INFO] Enola: Solve for Rydberg stage 445/841.
[INFO] Enola: Solve for Rydberg stage 446/841.
[INFO] Enola: Solve for Rydberg stage 447/841.
[INFO] Enola: Solve for Rydberg stage 448/841.
[INFO] Enola: Solve for Rydberg stage 449/841.
[INFO] Enola: Solve for Rydberg stage 450/841.
[INFO] Enola: Solve for Rydberg stage 451/841.
[INFO] Enola: Solve for Rydberg stage 452/841.
[INFO] Enola: Solve for Rydberg stage 453/841.
[INFO] Enola: Solve for Rydberg stage 454/841.
[INFO] Enola: Solve for Rydberg stage 455/841.
[INFO] Enola: Solve for Rydberg stage 456/841.
[INFO] Enola: Solve for Rydberg stage 457/841.
[INFO] Enola: Solve for Rydberg stage 458/841.
[INFO] Enola: Solve for Rydberg stage 459/841.
[INFO] Enola: Solve for Rydberg stage 460/841.
[INFO] Enola: Solve for Rydberg stage 461/841.
[INFO] Enola: Solve for Rydberg stage 462/841.
[INFO] Enola: Solve for Rydberg stage 463/841.
[INFO] Enola: Solve for Rydberg stage 464/841.
[INFO] Enola: Solve for Rydberg stage 465/841.
[INFO] Enola: Solve for Rydberg stage 466/841.
[INFO] Enola: Solve for Rydberg stage 467/841.
[INFO] Enola: Solve for Rydberg stage 468/841.
[INFO] Enola: Solve for Rydberg stage 469/841.
[INFO] Enola: Solve for Rydberg stage 470/841.
[INFO] Enola: Solve for Rydberg stage 471/841.
[INFO] Enola: Solve for Rydberg stage 472/841.
[INFO] Enola: Solve for Rydberg stage 473/841.
[INFO] Enola: Solve for Rydberg stage 474/841.
[INFO] Enola: Solve for Rydberg stage 475/841.
[INFO] Enola: Solve for Rydberg stage 476/841.
[INFO] Enola: Solve for Rydberg stage 477/841.
[INFO] Enola: Solve for Rydberg stage 478/841.
[INFO] Enola: Solve for Rydberg stage 479/841.
[INFO] Enola: Solve for Rydberg stage 480/841.
[INFO] Enola: Solve for Rydberg stage 481/841.
[INFO] Enola: Solve for Rydberg stage 482/841.
[INFO] Enola: Solve for Rydberg stage 483/841.
[INFO] Enola: Solve for Rydberg stage 484/841.
[INFO] Enola: Solve for Rydberg stage 485/841.
[INFO] Enola: Solve for Rydberg stage 486/841.
[INFO] Enola: Solve for Rydberg stage 487/841.
[INFO] Enola: Solve for Rydberg stage 488/841.
[INFO] Enola: Solve for Rydberg stage 489/841.
[INFO] Enola: Solve for Rydberg stage 490/841.
[INFO] Enola: Solve for Rydberg stage 491/841.
[INFO] Enola: Solve for Rydberg stage 492/841.
[INFO] Enola: Solve for Rydberg stage 493/841.
[INFO] Enola: Solve for Rydberg stage 494/841.
[INFO] Enola: Solve for Rydberg stage 495/841.
[INFO] Enola: Solve for Rydberg stage 496/841.
[INFO] Enola: Solve for Rydberg stage 497/841.
[INFO] Enola: Solve for Rydberg stage 498/841.
[INFO] Enola: Solve for Rydberg stage 499/841.
[INFO] Enola: Solve for Rydberg stage 500/841.
[INFO] Enola: Solve for Rydberg stage 501/841.
[INFO] Enola: Solve for Rydberg stage 502/841.
[INFO] Enola: Solve for Rydberg stage 503/841.
[INFO] Enola: Solve for Rydberg stage 504/841.
[INFO] Enola: Solve for Rydberg stage 505/841.
[INFO] Enola: Solve for Rydberg stage 506/841.
[INFO] Enola: Solve for Rydberg stage 507/841.
[INFO] Enola: Solve for Rydberg stage 508/841.
[INFO] Enola: Solve for Rydberg stage 509/841.
[INFO] Enola: Solve for Rydberg stage 510/841.
[INFO] Enola: Solve for Rydberg stage 511/841.
[INFO] Enola: Solve for Rydberg stage 512/841.
[INFO] Enola: Solve for Rydberg stage 513/841.
[INFO] Enola: Solve for Rydberg stage 514/841.
[INFO] Enola: Solve for Rydberg stage 515/841.
[INFO] Enola: Solve for Rydberg stage 516/841.
[INFO] Enola: Solve for Rydberg stage 517/841.
[INFO] Enola: Solve for Rydberg stage 518/841.
[INFO] Enola: Solve for Rydberg stage 519/841.
[INFO] Enola: Solve for Rydberg stage 520/841.
[INFO] Enola: Solve for Rydberg stage 521/841.
[INFO] Enola: Solve for Rydberg stage 522/841.
[INFO] Enola: Solve for Rydberg stage 523/841.
[INFO] Enola: Solve for Rydberg stage 524/841.
[INFO] Enola: Solve for Rydberg stage 525/841.
[INFO] Enola: Solve for Rydberg stage 526/841.
[INFO] Enola: Solve for Rydberg stage 527/841.
[INFO] Enola: Solve for Rydberg stage 528/841.
[INFO] Enola: Solve for Rydberg stage 529/841.
[INFO] Enola: Solve for Rydberg stage 530/841.
[INFO] Enola: Solve for Rydberg stage 531/841.
[INFO] Enola: Solve for Rydberg stage 532/841.
[INFO] Enola: Solve for Rydberg stage 533/841.
[INFO] Enola: Solve for Rydberg stage 534/841.
[INFO] Enola: Solve for Rydberg stage 535/841.
[INFO] Enola: Solve for Rydberg stage 536/841.
[INFO] Enola: Solve for Rydberg stage 537/841.
[INFO] Enola: Solve for Rydberg stage 538/841.
[INFO] Enola: Solve for Rydberg stage 539/841.
[INFO] Enola: Solve for Rydberg stage 540/841.
[INFO] Enola: Solve for Rydberg stage 541/841.
[INFO] Enola: Solve for Rydberg stage 542/841.
[INFO] Enola: Solve for Rydberg stage 543/841.
[INFO] Enola: Solve for Rydberg stage 544/841.
[INFO] Enola: Solve for Rydberg stage 545/841.
[INFO] Enola: Solve for Rydberg stage 546/841.
[INFO] Enola: Solve for Rydberg stage 547/841.
[INFO] Enola: Solve for Rydberg stage 548/841.
[INFO] Enola: Solve for Rydberg stage 549/841.
[INFO] Enola: Solve for Rydberg stage 550/841.
[INFO] Enola: Solve for Rydberg stage 551/841.
[INFO] Enola: Solve for Rydberg stage 552/841.
[INFO] Enola: Solve for Rydberg stage 553/841.
[INFO] Enola: Solve for Rydberg stage 554/841.
[INFO] Enola: Solve for Rydberg stage 555/841.
[INFO] Enola: Solve for Rydberg stage 556/841.
[INFO] Enola: Solve for Rydberg stage 557/841.
[INFO] Enola: Solve for Rydberg stage 558/841.
[INFO] Enola: Solve for Rydberg stage 559/841.
[INFO] Enola: Solve for Rydberg stage 560/841.
[INFO] Enola: Solve for Rydberg stage 561/841.
[INFO] Enola: Solve for Rydberg stage 562/841.
[INFO] Enola: Solve for Rydberg stage 563/841.
[INFO] Enola: Solve for Rydberg stage 564/841.
[INFO] Enola: Solve for Rydberg stage 565/841.
[INFO] Enola: Solve for Rydberg stage 566/841.
[INFO] Enola: Solve for Rydberg stage 567/841.
[INFO] Enola: Solve for Rydberg stage 568/841.
[INFO] Enola: Solve for Rydberg stage 569/841.
[INFO] Enola: Solve for Rydberg stage 570/841.
[INFO] Enola: Solve for Rydberg stage 571/841.
[INFO] Enola: Solve for Rydberg stage 572/841.
[INFO] Enola: Solve for Rydberg stage 573/841.
[INFO] Enola: Solve for Rydberg stage 574/841.
[INFO] Enola: Solve for Rydberg stage 575/841.
[INFO] Enola: Solve for Rydberg stage 576/841.
[INFO] Enola: Solve for Rydberg stage 577/841.
[INFO] Enola: Solve for Rydberg stage 578/841.
[INFO] Enola: Solve for Rydberg stage 579/841.
[INFO] Enola: Solve for Rydberg stage 580/841.
[INFO] Enola: Solve for Rydberg stage 581/841.
[INFO] Enola: Solve for Rydberg stage 582/841.
[INFO] Enola: Solve for Rydberg stage 583/841.
[INFO] Enola: Solve for Rydberg stage 584/841.
[INFO] Enola: Solve for Rydberg stage 585/841.
[INFO] Enola: Solve for Rydberg stage 586/841.
[INFO] Enola: Solve for Rydberg stage 587/841.
[INFO] Enola: Solve for Rydberg stage 588/841.
[INFO] Enola: Solve for Rydberg stage 589/841.
[INFO] Enola: Solve for Rydberg stage 590/841.
[INFO] Enola: Solve for Rydberg stage 591/841.
[INFO] Enola: Solve for Rydberg stage 592/841.
[INFO] Enola: Solve for Rydberg stage 593/841.
[INFO] Enola: Solve for Rydberg stage 594/841.
[INFO] Enola: Solve for Rydberg stage 595/841.
[INFO] Enola: Solve for Rydberg stage 596/841.
[INFO] Enola: Solve for Rydberg stage 597/841.
[INFO] Enola: Solve for Rydberg stage 598/841.
[INFO] Enola: Solve for Rydberg stage 599/841.
[INFO] Enola: Solve for Rydberg stage 600/841.
[INFO] Enola: Solve for Rydberg stage 601/841.
[INFO] Enola: Solve for Rydberg stage 602/841.
[INFO] Enola: Solve for Rydberg stage 603/841.
[INFO] Enola: Solve for Rydberg stage 604/841.
[INFO] Enola: Solve for Rydberg stage 605/841.
[INFO] Enola: Solve for Rydberg stage 606/841.
[INFO] Enola: Solve for Rydberg stage 607/841.
[INFO] Enola: Solve for Rydberg stage 608/841.
[INFO] Enola: Solve for Rydberg stage 609/841.
[INFO] Enola: Solve for Rydberg stage 610/841.
[INFO] Enola: Solve for Rydberg stage 611/841.
[INFO] Enola: Solve for Rydberg stage 612/841.
[INFO] Enola: Solve for Rydberg stage 613/841.
[INFO] Enola: Solve for Rydberg stage 614/841.
[INFO] Enola: Solve for Rydberg stage 615/841.
[INFO] Enola: Solve for Rydberg stage 616/841.
[INFO] Enola: Solve for Rydberg stage 617/841.
[INFO] Enola: Solve for Rydberg stage 618/841.
[INFO] Enola: Solve for Rydberg stage 619/841.
[INFO] Enola: Solve for Rydberg stage 620/841.
[INFO] Enola: Solve for Rydberg stage 621/841.
[INFO] Enola: Solve for Rydberg stage 622/841.
[INFO] Enola: Solve for Rydberg stage 623/841.
[INFO] Enola: Solve for Rydberg stage 624/841.
[INFO] Enola: Solve for Rydberg stage 625/841.
[INFO] Enola: Solve for Rydberg stage 626/841.
[INFO] Enola: Solve for Rydberg stage 627/841.
[INFO] Enola: Solve for Rydberg stage 628/841.
[INFO] Enola: Solve for Rydberg stage 629/841.
[INFO] Enola: Solve for Rydberg stage 630/841.
[INFO] Enola: Solve for Rydberg stage 631/841.
[INFO] Enola: Solve for Rydberg stage 632/841.
[INFO] Enola: Solve for Rydberg stage 633/841.
[INFO] Enola: Solve for Rydberg stage 634/841.
[INFO] Enola: Solve for Rydberg stage 635/841.
[INFO] Enola: Solve for Rydberg stage 636/841.
[INFO] Enola: Solve for Rydberg stage 637/841.
[INFO] Enola: Solve for Rydberg stage 638/841.
[INFO] Enola: Solve for Rydberg stage 639/841.
[INFO] Enola: Solve for Rydberg stage 640/841.
[INFO] Enola: Solve for Rydberg stage 641/841.
[INFO] Enola: Solve for Rydberg stage 642/841.
[INFO] Enola: Solve for Rydberg stage 643/841.
[INFO] Enola: Solve for Rydberg stage 644/841.
[INFO] Enola: Solve for Rydberg stage 645/841.
[INFO] Enola: Solve for Rydberg stage 646/841.
[INFO] Enola: Solve for Rydberg stage 647/841.
[INFO] Enola: Solve for Rydberg stage 648/841.
[INFO] Enola: Solve for Rydberg stage 649/841.
[INFO] Enola: Solve for Rydberg stage 650/841.
[INFO] Enola: Solve for Rydberg stage 651/841.
[INFO] Enola: Solve for Rydberg stage 652/841.
[INFO] Enola: Solve for Rydberg stage 653/841.
[INFO] Enola: Solve for Rydberg stage 654/841.
[INFO] Enola: Solve for Rydberg stage 655/841.
[INFO] Enola: Solve for Rydberg stage 656/841.
[INFO] Enola: Solve for Rydberg stage 657/841.
[INFO] Enola: Solve for Rydberg stage 658/841.
[INFO] Enola: Solve for Rydberg stage 659/841.
[INFO] Enola: Solve for Rydberg stage 660/841.
[INFO] Enola: Solve for Rydberg stage 661/841.
[INFO] Enola: Solve for Rydberg stage 662/841.
[INFO] Enola: Solve for Rydberg stage 663/841.
[INFO] Enola: Solve for Rydberg stage 664/841.
[INFO] Enola: Solve for Rydberg stage 665/841.
[INFO] Enola: Solve for Rydberg stage 666/841.
[INFO] Enola: Solve for Rydberg stage 667/841.
[INFO] Enola: Solve for Rydberg stage 668/841.
[INFO] Enola: Solve for Rydberg stage 669/841.
[INFO] Enola: Solve for Rydberg stage 670/841.
[INFO] Enola: Solve for Rydberg stage 671/841.
[INFO] Enola: Solve for Rydberg stage 672/841.
[INFO] Enola: Solve for Rydberg stage 673/841.
[INFO] Enola: Solve for Rydberg stage 674/841.
[INFO] Enola: Solve for Rydberg stage 675/841.
[INFO] Enola: Solve for Rydberg stage 676/841.
[INFO] Enola: Solve for Rydberg stage 677/841.
[INFO] Enola: Solve for Rydberg stage 678/841.
[INFO] Enola: Solve for Rydberg stage 679/841.
[INFO] Enola: Solve for Rydberg stage 680/841.
[INFO] Enola: Solve for Rydberg stage 681/841.
[INFO] Enola: Solve for Rydberg stage 682/841.
[INFO] Enola: Solve for Rydberg stage 683/841.
[INFO] Enola: Solve for Rydberg stage 684/841.
[INFO] Enola: Solve for Rydberg stage 685/841.
[INFO] Enola: Solve for Rydberg stage 686/841.
[INFO] Enola: Solve for Rydberg stage 687/841.
[INFO] Enola: Solve for Rydberg stage 688/841.
[INFO] Enola: Solve for Rydberg stage 689/841.
[INFO] Enola: Solve for Rydberg stage 690/841.
[INFO] Enola: Solve for Rydberg stage 691/841.
[INFO] Enola: Solve for Rydberg stage 692/841.
[INFO] Enola: Solve for Rydberg stage 693/841.
[INFO] Enola: Solve for Rydberg stage 694/841.
[INFO] Enola: Solve for Rydberg stage 695/841.
[INFO] Enola: Solve for Rydberg stage 696/841.
[INFO] Enola: Solve for Rydberg stage 697/841.
[INFO] Enola: Solve for Rydberg stage 698/841.
[INFO] Enola: Solve for Rydberg stage 699/841.
[INFO] Enola: Solve for Rydberg stage 700/841.
[INFO] Enola: Solve for Rydberg stage 701/841.
[INFO] Enola: Solve for Rydberg stage 702/841.
[INFO] Enola: Solve for Rydberg stage 703/841.
[INFO] Enola: Solve for Rydberg stage 704/841.
[INFO] Enola: Solve for Rydberg stage 705/841.
[INFO] Enola: Solve for Rydberg stage 706/841.
[INFO] Enola: Solve for Rydberg stage 707/841.
[INFO] Enola: Solve for Rydberg stage 708/841.
[INFO] Enola: Solve for Rydberg stage 709/841.
[INFO] Enola: Solve for Rydberg stage 710/841.
[INFO] Enola: Solve for Rydberg stage 711/841.
[INFO] Enola: Solve for Rydberg stage 712/841.
[INFO] Enola: Solve for Rydberg stage 713/841.
[INFO] Enola: Solve for Rydberg stage 714/841.
[INFO] Enola: Solve for Rydberg stage 715/841.
[INFO] Enola: Solve for Rydberg stage 716/841.
[INFO] Enola: Solve for Rydberg stage 717/841.
[INFO] Enola: Solve for Rydberg stage 718/841.
[INFO] Enola: Solve for Rydberg stage 719/841.
[INFO] Enola: Solve for Rydberg stage 720/841.
[INFO] Enola: Solve for Rydberg stage 721/841.
[INFO] Enola: Solve for Rydberg stage 722/841.
[INFO] Enola: Solve for Rydberg stage 723/841.
[INFO] Enola: Solve for Rydberg stage 724/841.
[INFO] Enola: Solve for Rydberg stage 725/841.
[INFO] Enola: Solve for Rydberg stage 726/841.
[INFO] Enola: Solve for Rydberg stage 727/841.
[INFO] Enola: Solve for Rydberg stage 728/841.
[INFO] Enola: Solve for Rydberg stage 729/841.
[INFO] Enola: Solve for Rydberg stage 730/841.
[INFO] Enola: Solve for Rydberg stage 731/841.
[INFO] Enola: Solve for Rydberg stage 732/841.
[INFO] Enola: Solve for Rydberg stage 733/841.
[INFO] Enola: Solve for Rydberg stage 734/841.
[INFO] Enola: Solve for Rydberg stage 735/841.
[INFO] Enola: Solve for Rydberg stage 736/841.
[INFO] Enola: Solve for Rydberg stage 737/841.
[INFO] Enola: Solve for Rydberg stage 738/841.
[INFO] Enola: Solve for Rydberg stage 739/841.
[INFO] Enola: Solve for Rydberg stage 740/841.
[INFO] Enola: Solve for Rydberg stage 741/841.
[INFO] Enola: Solve for Rydberg stage 742/841.
[INFO] Enola: Solve for Rydberg stage 743/841.
[INFO] Enola: Solve for Rydberg stage 744/841.
[INFO] Enola: Solve for Rydberg stage 745/841.
[INFO] Enola: Solve for Rydberg stage 746/841.
[INFO] Enola: Solve for Rydberg stage 747/841.
[INFO] Enola: Solve for Rydberg stage 748/841.
[INFO] Enola: Solve for Rydberg stage 749/841.
[INFO] Enola: Solve for Rydberg stage 750/841.
[INFO] Enola: Solve for Rydberg stage 751/841.
[INFO] Enola: Solve for Rydberg stage 752/841.
[INFO] Enola: Solve for Rydberg stage 753/841.
[INFO] Enola: Solve for Rydberg stage 754/841.
[INFO] Enola: Solve for Rydberg stage 755/841.
[INFO] Enola: Solve for Rydberg stage 756/841.
[INFO] Enola: Solve for Rydberg stage 757/841.
[INFO] Enola: Solve for Rydberg stage 758/841.
[INFO] Enola: Solve for Rydberg stage 759/841.
[INFO] Enola: Solve for Rydberg stage 760/841.
[INFO] Enola: Solve for Rydberg stage 761/841.
[INFO] Enola: Solve for Rydberg stage 762/841.
[INFO] Enola: Solve for Rydberg stage 763/841.
[INFO] Enola: Solve for Rydberg stage 764/841.
[INFO] Enola: Solve for Rydberg stage 765/841.
[INFO] Enola: Solve for Rydberg stage 766/841.
[INFO] Enola: Solve for Rydberg stage 767/841.
[INFO] Enola: Solve for Rydberg stage 768/841.
[INFO] Enola: Solve for Rydberg stage 769/841.
[INFO] Enola: Solve for Rydberg stage 770/841.
[INFO] Enola: Solve for Rydberg stage 771/841.
[INFO] Enola: Solve for Rydberg stage 772/841.
[INFO] Enola: Solve for Rydberg stage 773/841.
[INFO] Enola: Solve for Rydberg stage 774/841.
[INFO] Enola: Solve for Rydberg stage 775/841.
[INFO] Enola: Solve for Rydberg stage 776/841.
[INFO] Enola: Solve for Rydberg stage 777/841.
[INFO] Enola: Solve for Rydberg stage 778/841.
[INFO] Enola: Solve for Rydberg stage 779/841.
[INFO] Enola: Solve for Rydberg stage 780/841.
[INFO] Enola: Solve for Rydberg stage 781/841.
[INFO] Enola: Solve for Rydberg stage 782/841.
[INFO] Enola: Solve for Rydberg stage 783/841.
[INFO] Enola: Solve for Rydberg stage 784/841.
[INFO] Enola: Solve for Rydberg stage 785/841.
[INFO] Enola: Solve for Rydberg stage 786/841.
[INFO] Enola: Solve for Rydberg stage 787/841.
[INFO] Enola: Solve for Rydberg stage 788/841.
[INFO] Enola: Solve for Rydberg stage 789/841.
[INFO] Enola: Solve for Rydberg stage 790/841.
[INFO] Enola: Solve for Rydberg stage 791/841.
[INFO] Enola: Solve for Rydberg stage 792/841.
[INFO] Enola: Solve for Rydberg stage 793/841.
[INFO] Enola: Solve for Rydberg stage 794/841.
[INFO] Enola: Solve for Rydberg stage 795/841.
[INFO] Enola: Solve for Rydberg stage 796/841.
[INFO] Enola: Solve for Rydberg stage 797/841.
[INFO] Enola: Solve for Rydberg stage 798/841.
[INFO] Enola: Solve for Rydberg stage 799/841.
[INFO] Enola: Solve for Rydberg stage 800/841.
[INFO] Enola: Solve for Rydberg stage 801/841.
[INFO] Enola: Solve for Rydberg stage 802/841.
[INFO] Enola: Solve for Rydberg stage 803/841.
[INFO] Enola: Solve for Rydberg stage 804/841.
[INFO] Enola: Solve for Rydberg stage 805/841.
[INFO] Enola: Solve for Rydberg stage 806/841.
[INFO] Enola: Solve for Rydberg stage 807/841.
[INFO] Enola: Solve for Rydberg stage 808/841.
[INFO] Enola: Solve for Rydberg stage 809/841.
[INFO] Enola: Solve for Rydberg stage 810/841.
[INFO] Enola: Solve for Rydberg stage 811/841.
[INFO] Enola: Solve for Rydberg stage 812/841.
[INFO] Enola: Solve for Rydberg stage 813/841.
[INFO] Enola: Solve for Rydberg stage 814/841.
[INFO] Enola: Solve for Rydberg stage 815/841.
[INFO] Enola: Solve for Rydberg stage 816/841.
[INFO] Enola: Solve for Rydberg stage 817/841.
[INFO] Enola: Solve for Rydberg stage 818/841.
[INFO] Enola: Solve for Rydberg stage 819/841.
[INFO] Enola: Solve for Rydberg stage 820/841.
[INFO] Enola: Solve for Rydberg stage 821/841.
[INFO] Enola: Solve for Rydberg stage 822/841.
[INFO] Enola: Solve for Rydberg stage 823/841.
[INFO] Enola: Solve for Rydberg stage 824/841.
[INFO] Enola: Solve for Rydberg stage 825/841.
[INFO] Enola: Solve for Rydberg stage 826/841.
[INFO] Enola: Solve for Rydberg stage 827/841.
[INFO] Enola: Solve for Rydberg stage 828/841.
[INFO] Enola: Solve for Rydberg stage 829/841.
[INFO] Enola: Solve for Rydberg stage 830/841.
[INFO] Enola: Solve for Rydberg stage 831/841.
[INFO] Enola: Solve for Rydberg stage 832/841.
[INFO] Enola: Solve for Rydberg stage 833/841.
[INFO] Enola: Solve for Rydberg stage 834/841.
[INFO] Enola: Solve for Rydberg stage 835/841.
[INFO] Enola: Solve for Rydberg stage 836/841.
[INFO] Enola: Solve for Rydberg stage 837/841.
[INFO] Enola: Solve for Rydberg stage 838/841.
[INFO] Enola: Solve for Rydberg stage 839/841.
[INFO] Enola: Solve for Rydberg stage 840/841.
[INFO] Enola: Solve for Rydberg stage 841/841.
[INFO] Enola: Solve for Rydberg stage 842/841.
[INFO] Enola: Time for routing: 0.16933274269104004s
[INFO] Enola: Total Time: 142.10882711410522s
Compilation successful.

2026-03-23 12:28:09,213 - BenchmarkManager - INFO - enola (run 1/1) - Running /u/halle/heiz/home_at/BachelorProject/benchmarks/uuf_fix50_20-100/uuf50-040.qasm
2026-03-23 12:28:09,214 - Compiler.enola - INFO - Array width: 754, Array height: 48, AOD columns: 50, AOD rows: 1
2026-03-23 12:30:32,980 - Compiler.enola - INFO - STDOUT:
[INFO] Enola: Start Solving
[INFO] Enola: Run scheduling
[INFO] Enola: Time for scheduling: 0.0009846687316894531s
754
[INFO] Enola: Time for placement: 1.239776611328125e-05s
[INFO] Enola: Solve for Rydberg stage 2/848.
[INFO] Enola: Solve for Rydberg stage 3/848.
[INFO] Enola: Solve for Rydberg stage 4/848.
[INFO] Enola: Solve for Rydberg stage 5/848.
[INFO] Enola: Solve for Rydberg stage 6/848.
[INFO] Enola: Solve for Rydberg stage 7/848.
[INFO] Enola: Solve for Rydberg stage 8/848.
[INFO] Enola: Solve for Rydberg stage 9/848.
[INFO] Enola: Solve for Rydberg stage 10/848.
[INFO] Enola: Solve for Rydberg stage 11/848.
[INFO] Enola: Solve for Rydberg stage 12/848.
[INFO] Enola: Solve for Rydberg stage 13/848.
[INFO] Enola: Solve for Rydberg stage 14/848.
[INFO] Enola: Solve for Rydberg stage 15/848.
[INFO] Enola: Solve for Rydberg stage 16/848.
[INFO] Enola: Solve for Rydberg stage 17/848.
[INFO] Enola: Solve for Rydberg stage 18/848.
[INFO] Enola: Solve for Rydberg stage 19/848.
[INFO] Enola: Solve for Rydberg stage 20/848.
[INFO] Enola: Solve for Rydberg stage 21/848.
[INFO] Enola: Solve for Rydberg stage 22/848.
[INFO] Enola: Solve for Rydberg stage 23/848.
[INFO] Enola: Solve for Rydberg stage 24/848.
[INFO] Enola: Solve for Rydberg stage 25/848.
[INFO] Enola: Solve for Rydberg stage 26/848.
[INFO] Enola: Solve for Rydberg stage 27/848.
[INFO] Enola: Solve for Rydberg stage 28/848.
[INFO] Enola: Solve for Rydberg stage 29/848.
[INFO] Enola: Solve for Rydberg stage 30/848.
[INFO] Enola: Solve for Rydberg stage 31/848.
[INFO] Enola: Solve for Rydberg stage 32/848.
[INFO] Enola: Solve for Rydberg stage 33/848.
[INFO] Enola: Solve for Rydberg stage 34/848.
[INFO] Enola: Solve for Rydberg stage 35/848.
[INFO] Enola: Solve for Rydberg stage 36/848.
[INFO] Enola: Solve for Rydberg stage 37/848.
[INFO] Enola: Solve for Rydberg stage 38/848.
[INFO] Enola: Solve for Rydberg stage 39/848.
[INFO] Enola: Solve for Rydberg stage 40/848.
[INFO] Enola: Solve for Rydberg stage 41/848.
[INFO] Enola: Solve for Rydberg stage 42/848.
[INFO] Enola: Solve for Rydberg stage 43/848.
[INFO] Enola: Solve for Rydberg stage 44/848.
[INFO] Enola: Solve for Rydberg stage 45/848.
[INFO] Enola: Solve for Rydberg stage 46/848.
[INFO] Enola: Solve for Rydberg stage 47/848.
[INFO] Enola: Solve for Rydberg stage 48/848.
[INFO] Enola: Solve for Rydberg stage 49/848.
[INFO] Enola: Solve for Rydberg stage 50/848.
[INFO] Enola: Solve for Rydberg stage 51/848.
[INFO] Enola: Solve for Rydberg stage 52/848.
[INFO] Enola: Solve for Rydberg stage 53/848.
[INFO] Enola: Solve for Rydberg stage 54/848.
[INFO] Enola: Solve for Rydberg stage 55/848.
[INFO] Enola: Solve for Rydberg stage 56/848.
[INFO] Enola: Solve for Rydberg stage 57/848.
[INFO] Enola: Solve for Rydberg stage 58/848.
[INFO] Enola: Solve for Rydberg stage 59/848.
[INFO] Enola: Solve for Rydberg stage 60/848.
[INFO] Enola: Solve for Rydberg stage 61/848.
[INFO] Enola: Solve for Rydberg stage 62/848.
[INFO] Enola: Solve for Rydberg stage 63/848.
[INFO] Enola: Solve for Rydberg stage 64/848.
[INFO] Enola: Solve for Rydberg stage 65/848.
[INFO] Enola: Solve for Rydberg stage 66/848.
[INFO] Enola: Solve for Rydberg stage 67/848.
[INFO] Enola: Solve for Rydberg stage 68/848.
[INFO] Enola: Solve for Rydberg stage 69/848.
[INFO] Enola: Solve for Rydberg stage 70/848.
[INFO] Enola: Solve for Rydberg stage 71/848.
[INFO] Enola: Solve for Rydberg stage 72/848.
[INFO] Enola: Solve for Rydberg stage 73/848.
[INFO] Enola: Solve for Rydberg stage 74/848.
[INFO] Enola: Solve for Rydberg stage 75/848.
[INFO] Enola: Solve for Rydberg stage 76/848.
[INFO] Enola: Solve for Rydberg stage 77/848.
[INFO] Enola: Solve for Rydberg stage 78/848.
[INFO] Enola: Solve for Rydberg stage 79/848.
[INFO] Enola: Solve for Rydberg stage 80/848.
[INFO] Enola: Solve for Rydberg stage 81/848.
[INFO] Enola: Solve for Rydberg stage 82/848.
[INFO] Enola: Solve for Rydberg stage 83/848.
[INFO] Enola: Solve for Rydberg stage 84/848.
[INFO] Enola: Solve for Rydberg stage 85/848.
[INFO] Enola: Solve for Rydberg stage 86/848.
[INFO] Enola: Solve for Rydberg stage 87/848.
[INFO] Enola: Solve for Rydberg stage 88/848.
[INFO] Enola: Solve for Rydberg stage 89/848.
[INFO] Enola: Solve for Rydberg stage 90/848.
[INFO] Enola: Solve for Rydberg stage 91/848.
[INFO] Enola: Solve for Rydberg stage 92/848.
[INFO] Enola: Solve for Rydberg stage 93/848.
[INFO] Enola: Solve for Rydberg stage 94/848.
[INFO] Enola: Solve for Rydberg stage 95/848.
[INFO] Enola: Solve for Rydberg stage 96/848.
[INFO] Enola: Solve for Rydberg stage 97/848.
[INFO] Enola: Solve for Rydberg stage 98/848.
[INFO] Enola: Solve for Rydberg stage 99/848.
[INFO] Enola: Solve for Rydberg stage 100/848.
[INFO] Enola: Solve for Rydberg stage 101/848.
[INFO] Enola: Solve for Rydberg stage 102/848.
[INFO] Enola: Solve for Rydberg stage 103/848.
[INFO] Enola: Solve for Rydberg stage 104/848.
[INFO] Enola: Solve for Rydberg stage 105/848.
[INFO] Enola: Solve for Rydberg stage 106/848.
[INFO] Enola: Solve for Rydberg stage 107/848.
[INFO] Enola: Solve for Rydberg stage 108/848.
[INFO] Enola: Solve for Rydberg stage 109/848.
[INFO] Enola: Solve for Rydberg stage 110/848.
[INFO] Enola: Solve for Rydberg stage 111/848.
[INFO] Enola: Solve for Rydberg stage 112/848.
[INFO] Enola: Solve for Rydberg stage 113/848.
[INFO] Enola: Solve for Rydberg stage 114/848.
[INFO] Enola: Solve for Rydberg stage 115/848.
[INFO] Enola: Solve for Rydberg stage 116/848.
[INFO] Enola: Solve for Rydberg stage 117/848.
[INFO] Enola: Solve for Rydberg stage 118/848.
[INFO] Enola: Solve for Rydberg stage 119/848.
[INFO] Enola: Solve for Rydberg stage 120/848.
[INFO] Enola: Solve for Rydberg stage 121/848.
[INFO] Enola: Solve for Rydberg stage 122/848.
[INFO] Enola: Solve for Rydberg stage 123/848.
[INFO] Enola: Solve for Rydberg stage 124/848.
[INFO] Enola: Solve for Rydberg stage 125/848.
[INFO] Enola: Solve for Rydberg stage 126/848.
[INFO] Enola: Solve for Rydberg stage 127/848.
[INFO] Enola: Solve for Rydberg stage 128/848.
[INFO] Enola: Solve for Rydberg stage 129/848.
[INFO] Enola: Solve for Rydberg stage 130/848.
[INFO] Enola: Solve for Rydberg stage 131/848.
[INFO] Enola: Solve for Rydberg stage 132/848.
[INFO] Enola: Solve for Rydberg stage 133/848.
[INFO] Enola: Solve for Rydberg stage 134/848.
[INFO] Enola: Solve for Rydberg stage 135/848.
[INFO] Enola: Solve for Rydberg stage 136/848.
[INFO] Enola: Solve for Rydberg stage 137/848.
[INFO] Enola: Solve for Rydberg stage 138/848.
[INFO] Enola: Solve for Rydberg stage 139/848.
[INFO] Enola: Solve for Rydberg stage 140/848.
[INFO] Enola: Solve for Rydberg stage 141/848.
[INFO] Enola: Solve for Rydberg stage 142/848.
[INFO] Enola: Solve for Rydberg stage 143/848.
[INFO] Enola: Solve for Rydberg stage 144/848.
[INFO] Enola: Solve for Rydberg stage 145/848.
[INFO] Enola: Solve for Rydberg stage 146/848.
[INFO] Enola: Solve for Rydberg stage 147/848.
[INFO] Enola: Solve for Rydberg stage 148/848.
[INFO] Enola: Solve for Rydberg stage 149/848.
[INFO] Enola: Solve for Rydberg stage 150/848.
[INFO] Enola: Solve for Rydberg stage 151/848.
[INFO] Enola: Solve for Rydberg stage 152/848.
[INFO] Enola: Solve for Rydberg stage 153/848.
[INFO] Enola: Solve for Rydberg stage 154/848.
[INFO] Enola: Solve for Rydberg stage 155/848.
[INFO] Enola: Solve for Rydberg stage 156/848.
[INFO] Enola: Solve for Rydberg stage 157/848.
[INFO] Enola: Solve for Rydberg stage 158/848.
[INFO] Enola: Solve for Rydberg stage 159/848.
[INFO] Enola: Solve for Rydberg stage 160/848.
[INFO] Enola: Solve for Rydberg stage 161/848.
[INFO] Enola: Solve for Rydberg stage 162/848.
[INFO] Enola: Solve for Rydberg stage 163/848.
[INFO] Enola: Solve for Rydberg stage 164/848.
[INFO] Enola: Solve for Rydberg stage 165/848.
[INFO] Enola: Solve for Rydberg stage 166/848.
[INFO] Enola: Solve for Rydberg stage 167/848.
[INFO] Enola: Solve for Rydberg stage 168/848.
[INFO] Enola: Solve for Rydberg stage 169/848.
[INFO] Enola: Solve for Rydberg stage 170/848.
[INFO] Enola: Solve for Rydberg stage 171/848.
[INFO] Enola: Solve for Rydberg stage 172/848.
[INFO] Enola: Solve for Rydberg stage 173/848.
[INFO] Enola: Solve for Rydberg stage 174/848.
[INFO] Enola: Solve for Rydberg stage 175/848.
[INFO] Enola: Solve for Rydberg stage 176/848.
[INFO] Enola: Solve for Rydberg stage 177/848.
[INFO] Enola: Solve for Rydberg stage 178/848.
[INFO] Enola: Solve for Rydberg stage 179/848.
[INFO] Enola: Solve for Rydberg stage 180/848.
[INFO] Enola: Solve for Rydberg stage 181/848.
[INFO] Enola: Solve for Rydberg stage 182/848.
[INFO] Enola: Solve for Rydberg stage 183/848.
[INFO] Enola: Solve for Rydberg stage 184/848.
[INFO] Enola: Solve for Rydberg stage 185/848.
[INFO] Enola: Solve for Rydberg stage 186/848.
[INFO] Enola: Solve for Rydberg stage 187/848.
[INFO] Enola: Solve for Rydberg stage 188/848.
[INFO] Enola: Solve for Rydberg stage 189/848.
[INFO] Enola: Solve for Rydberg stage 190/848.
[INFO] Enola: Solve for Rydberg stage 191/848.
[INFO] Enola: Solve for Rydberg stage 192/848.
[INFO] Enola: Solve for Rydberg stage 193/848.
[INFO] Enola: Solve for Rydberg stage 194/848.
[INFO] Enola: Solve for Rydberg stage 195/848.
[INFO] Enola: Solve for Rydberg stage 196/848.
[INFO] Enola: Solve for Rydberg stage 197/848.
[INFO] Enola: Solve for Rydberg stage 198/848.
[INFO] Enola: Solve for Rydberg stage 199/848.
[INFO] Enola: Solve for Rydberg stage 200/848.
[INFO] Enola: Solve for Rydberg stage 201/848.
[INFO] Enola: Solve for Rydberg stage 202/848.
[INFO] Enola: Solve for Rydberg stage 203/848.
[INFO] Enola: Solve for Rydberg stage 204/848.
[INFO] Enola: Solve for Rydberg stage 205/848.
[INFO] Enola: Solve for Rydberg stage 206/848.
[INFO] Enola: Solve for Rydberg stage 207/848.
[INFO] Enola: Solve for Rydberg stage 208/848.
[INFO] Enola: Solve for Rydberg stage 209/848.
[INFO] Enola: Solve for Rydberg stage 210/848.
[INFO] Enola: Solve for Rydberg stage 211/848.
[INFO] Enola: Solve for Rydberg stage 212/848.
[INFO] Enola: Solve for Rydberg stage 213/848.
[INFO] Enola: Solve for Rydberg stage 214/848.
[INFO] Enola: Solve for Rydberg stage 215/848.
[INFO] Enola: Solve for Rydberg stage 216/848.
[INFO] Enola: Solve for Rydberg stage 217/848.
[INFO] Enola: Solve for Rydberg stage 218/848.
[INFO] Enola: Solve for Rydberg stage 219/848.
[INFO] Enola: Solve for Rydberg stage 220/848.
[INFO] Enola: Solve for Rydberg stage 221/848.
[INFO] Enola: Solve for Rydberg stage 222/848.
[INFO] Enola: Solve for Rydberg stage 223/848.
[INFO] Enola: Solve for Rydberg stage 224/848.
[INFO] Enola: Solve for Rydberg stage 225/848.
[INFO] Enola: Solve for Rydberg stage 226/848.
[INFO] Enola: Solve for Rydberg stage 227/848.
[INFO] Enola: Solve for Rydberg stage 228/848.
[INFO] Enola: Solve for Rydberg stage 229/848.
[INFO] Enola: Solve for Rydberg stage 230/848.
[INFO] Enola: Solve for Rydberg stage 231/848.
[INFO] Enola: Solve for Rydberg stage 232/848.
[INFO] Enola: Solve for Rydberg stage 233/848.
[INFO] Enola: Solve for Rydberg stage 234/848.
[INFO] Enola: Solve for Rydberg stage 235/848.
[INFO] Enola: Solve for Rydberg stage 236/848.
[INFO] Enola: Solve for Rydberg stage 237/848.
[INFO] Enola: Solve for Rydberg stage 238/848.
[INFO] Enola: Solve for Rydberg stage 239/848.
[INFO] Enola: Solve for Rydberg stage 240/848.
[INFO] Enola: Solve for Rydberg stage 241/848.
[INFO] Enola: Solve for Rydberg stage 242/848.
[INFO] Enola: Solve for Rydberg stage 243/848.
[INFO] Enola: Solve for Rydberg stage 244/848.
[INFO] Enola: Solve for Rydberg stage 245/848.
[INFO] Enola: Solve for Rydberg stage 246/848.
[INFO] Enola: Solve for Rydberg stage 247/848.
[INFO] Enola: Solve for Rydberg stage 248/848.
[INFO] Enola: Solve for Rydberg stage 249/848.
[INFO] Enola: Solve for Rydberg stage 250/848.
[INFO] Enola: Solve for Rydberg stage 251/848.
[INFO] Enola: Solve for Rydberg stage 252/848.
[INFO] Enola: Solve for Rydberg stage 253/848.
[INFO] Enola: Solve for Rydberg stage 254/848.
[INFO] Enola: Solve for Rydberg stage 255/848.
[INFO] Enola: Solve for Rydberg stage 256/848.
[INFO] Enola: Solve for Rydberg stage 257/848.
[INFO] Enola: Solve for Rydberg stage 258/848.
[INFO] Enola: Solve for Rydberg stage 259/848.
[INFO] Enola: Solve for Rydberg stage 260/848.
[INFO] Enola: Solve for Rydberg stage 261/848.
[INFO] Enola: Solve for Rydberg stage 262/848.
[INFO] Enola: Solve for Rydberg stage 263/848.
[INFO] Enola: Solve for Rydberg stage 264/848.
[INFO] Enola: Solve for Rydberg stage 265/848.
[INFO] Enola: Solve for Rydberg stage 266/848.
[INFO] Enola: Solve for Rydberg stage 267/848.
[INFO] Enola: Solve for Rydberg stage 268/848.
[INFO] Enola: Solve for Rydberg stage 269/848.
[INFO] Enola: Solve for Rydberg stage 270/848.
[INFO] Enola: Solve for Rydberg stage 271/848.
[INFO] Enola: Solve for Rydberg stage 272/848.
[INFO] Enola: Solve for Rydberg stage 273/848.
[INFO] Enola: Solve for Rydberg stage 274/848.
[INFO] Enola: Solve for Rydberg stage 275/848.
[INFO] Enola: Solve for Rydberg stage 276/848.
[INFO] Enola: Solve for Rydberg stage 277/848.
[INFO] Enola: Solve for Rydberg stage 278/848.
[INFO] Enola: Solve for Rydberg stage 279/848.
[INFO] Enola: Solve for Rydberg stage 280/848.
[INFO] Enola: Solve for Rydberg stage 281/848.
[INFO] Enola: Solve for Rydberg stage 282/848.
[INFO] Enola: Solve for Rydberg stage 283/848.
[INFO] Enola: Solve for Rydberg stage 284/848.
[INFO] Enola: Solve for Rydberg stage 285/848.
[INFO] Enola: Solve for Rydberg stage 286/848.
[INFO] Enola: Solve for Rydberg stage 287/848.
[INFO] Enola: Solve for Rydberg stage 288/848.
[INFO] Enola: Solve for Rydberg stage 289/848.
[INFO] Enola: Solve for Rydberg stage 290/848.
[INFO] Enola: Solve for Rydberg stage 291/848.
[INFO] Enola: Solve for Rydberg stage 292/848.
[INFO] Enola: Solve for Rydberg stage 293/848.
[INFO] Enola: Solve for Rydberg stage 294/848.
[INFO] Enola: Solve for Rydberg stage 295/848.
[INFO] Enola: Solve for Rydberg stage 296/848.
[INFO] Enola: Solve for Rydberg stage 297/848.
[INFO] Enola: Solve for Rydberg stage 298/848.
[INFO] Enola: Solve for Rydberg stage 299/848.
[INFO] Enola: Solve for Rydberg stage 300/848.
[INFO] Enola: Solve for Rydberg stage 301/848.
[INFO] Enola: Solve for Rydberg stage 302/848.
[INFO] Enola: Solve for Rydberg stage 303/848.
[INFO] Enola: Solve for Rydberg stage 304/848.
[INFO] Enola: Solve for Rydberg stage 305/848.
[INFO] Enola: Solve for Rydberg stage 306/848.
[INFO] Enola: Solve for Rydberg stage 307/848.
[INFO] Enola: Solve for Rydberg stage 308/848.
[INFO] Enola: Solve for Rydberg stage 309/848.
[INFO] Enola: Solve for Rydberg stage 310/848.
[INFO] Enola: Solve for Rydberg stage 311/848.
[INFO] Enola: Solve for Rydberg stage 312/848.
[INFO] Enola: Solve for Rydberg stage 313/848.
[INFO] Enola: Solve for Rydberg stage 314/848.
[INFO] Enola: Solve for Rydberg stage 315/848.
[INFO] Enola: Solve for Rydberg stage 316/848.
[INFO] Enola: Solve for Rydberg stage 317/848.
[INFO] Enola: Solve for Rydberg stage 318/848.
[INFO] Enola: Solve for Rydberg stage 319/848.
[INFO] Enola: Solve for Rydberg stage 320/848.
[INFO] Enola: Solve for Rydberg stage 321/848.
[INFO] Enola: Solve for Rydberg stage 322/848.
[INFO] Enola: Solve for Rydberg stage 323/848.
[INFO] Enola: Solve for Rydberg stage 324/848.
[INFO] Enola: Solve for Rydberg stage 325/848.
[INFO] Enola: Solve for Rydberg stage 326/848.
[INFO] Enola: Solve for Rydberg stage 327/848.
[INFO] Enola: Solve for Rydberg stage 328/848.
[INFO] Enola: Solve for Rydberg stage 329/848.
[INFO] Enola: Solve for Rydberg stage 330/848.
[INFO] Enola: Solve for Rydberg stage 331/848.
[INFO] Enola: Solve for Rydberg stage 332/848.
[INFO] Enola: Solve for Rydberg stage 333/848.
[INFO] Enola: Solve for Rydberg stage 334/848.
[INFO] Enola: Solve for Rydberg stage 335/848.
[INFO] Enola: Solve for Rydberg stage 336/848.
[INFO] Enola: Solve for Rydberg stage 337/848.
[INFO] Enola: Solve for Rydberg stage 338/848.
[INFO] Enola: Solve for Rydberg stage 339/848.
[INFO] Enola: Solve for Rydberg stage 340/848.
[INFO] Enola: Solve for Rydberg stage 341/848.
[INFO] Enola: Solve for Rydberg stage 342/848.
[INFO] Enola: Solve for Rydberg stage 343/848.
[INFO] Enola: Solve for Rydberg stage 344/848.
[INFO] Enola: Solve for Rydberg stage 345/848.
[INFO] Enola: Solve for Rydberg stage 346/848.
[INFO] Enola: Solve for Rydberg stage 347/848.
[INFO] Enola: Solve for Rydberg stage 348/848.
[INFO] Enola: Solve for Rydberg stage 349/848.
[INFO] Enola: Solve for Rydberg stage 350/848.
[INFO] Enola: Solve for Rydberg stage 351/848.
[INFO] Enola: Solve for Rydberg stage 352/848.
[INFO] Enola: Solve for Rydberg stage 353/848.
[INFO] Enola: Solve for Rydberg stage 354/848.
[INFO] Enola: Solve for Rydberg stage 355/848.
[INFO] Enola: Solve for Rydberg stage 356/848.
[INFO] Enola: Solve for Rydberg stage 357/848.
[INFO] Enola: Solve for Rydberg stage 358/848.
[INFO] Enola: Solve for Rydberg stage 359/848.
[INFO] Enola: Solve for Rydberg stage 360/848.
[INFO] Enola: Solve for Rydberg stage 361/848.
[INFO] Enola: Solve for Rydberg stage 362/848.
[INFO] Enola: Solve for Rydberg stage 363/848.
[INFO] Enola: Solve for Rydberg stage 364/848.
[INFO] Enola: Solve for Rydberg stage 365/848.
[INFO] Enola: Solve for Rydberg stage 366/848.
[INFO] Enola: Solve for Rydberg stage 367/848.
[INFO] Enola: Solve for Rydberg stage 368/848.
[INFO] Enola: Solve for Rydberg stage 369/848.
[INFO] Enola: Solve for Rydberg stage 370/848.
[INFO] Enola: Solve for Rydberg stage 371/848.
[INFO] Enola: Solve for Rydberg stage 372/848.
[INFO] Enola: Solve for Rydberg stage 373/848.
[INFO] Enola: Solve for Rydberg stage 374/848.
[INFO] Enola: Solve for Rydberg stage 375/848.
[INFO] Enola: Solve for Rydberg stage 376/848.
[INFO] Enola: Solve for Rydberg stage 377/848.
[INFO] Enola: Solve for Rydberg stage 378/848.
[INFO] Enola: Solve for Rydberg stage 379/848.
[INFO] Enola: Solve for Rydberg stage 380/848.
[INFO] Enola: Solve for Rydberg stage 381/848.
[INFO] Enola: Solve for Rydberg stage 382/848.
[INFO] Enola: Solve for Rydberg stage 383/848.
[INFO] Enola: Solve for Rydberg stage 384/848.
[INFO] Enola: Solve for Rydberg stage 385/848.
[INFO] Enola: Solve for Rydberg stage 386/848.
[INFO] Enola: Solve for Rydberg stage 387/848.
[INFO] Enola: Solve for Rydberg stage 388/848.
[INFO] Enola: Solve for Rydberg stage 389/848.
[INFO] Enola: Solve for Rydberg stage 390/848.
[INFO] Enola: Solve for Rydberg stage 391/848.
[INFO] Enola: Solve for Rydberg stage 392/848.
[INFO] Enola: Solve for Rydberg stage 393/848.
[INFO] Enola: Solve for Rydberg stage 394/848.
[INFO] Enola: Solve for Rydberg stage 395/848.
[INFO] Enola: Solve for Rydberg stage 396/848.
[INFO] Enola: Solve for Rydberg stage 397/848.
[INFO] Enola: Solve for Rydberg stage 398/848.
[INFO] Enola: Solve for Rydberg stage 399/848.
[INFO] Enola: Solve for Rydberg stage 400/848.
[INFO] Enola: Solve for Rydberg stage 401/848.
[INFO] Enola: Solve for Rydberg stage 402/848.
[INFO] Enola: Solve for Rydberg stage 403/848.
[INFO] Enola: Solve for Rydberg stage 404/848.
[INFO] Enola: Solve for Rydberg stage 405/848.
[INFO] Enola: Solve for Rydberg stage 406/848.
[INFO] Enola: Solve for Rydberg stage 407/848.
[INFO] Enola: Solve for Rydberg stage 408/848.
[INFO] Enola: Solve for Rydberg stage 409/848.
[INFO] Enola: Solve for Rydberg stage 410/848.
[INFO] Enola: Solve for Rydberg stage 411/848.
[INFO] Enola: Solve for Rydberg stage 412/848.
[INFO] Enola: Solve for Rydberg stage 413/848.
[INFO] Enola: Solve for Rydberg stage 414/848.
[INFO] Enola: Solve for Rydberg stage 415/848.
[INFO] Enola: Solve for Rydberg stage 416/848.
[INFO] Enola: Solve for Rydberg stage 417/848.
[INFO] Enola: Solve for Rydberg stage 418/848.
[INFO] Enola: Solve for Rydberg stage 419/848.
[INFO] Enola: Solve for Rydberg stage 420/848.
[INFO] Enola: Solve for Rydberg stage 421/848.
[INFO] Enola: Solve for Rydberg stage 422/848.
[INFO] Enola: Solve for Rydberg stage 423/848.
[INFO] Enola: Solve for Rydberg stage 424/848.
[INFO] Enola: Solve for Rydberg stage 425/848.
[INFO] Enola: Solve for Rydberg stage 426/848.
[INFO] Enola: Solve for Rydberg stage 427/848.
[INFO] Enola: Solve for Rydberg stage 428/848.
[INFO] Enola: Solve for Rydberg stage 429/848.
[INFO] Enola: Solve for Rydberg stage 430/848.
[INFO] Enola: Solve for Rydberg stage 431/848.
[INFO] Enola: Solve for Rydberg stage 432/848.
[INFO] Enola: Solve for Rydberg stage 433/848.
[INFO] Enola: Solve for Rydberg stage 434/848.
[INFO] Enola: Solve for Rydberg stage 435/848.
[INFO] Enola: Solve for Rydberg stage 436/848.
[INFO] Enola: Solve for Rydberg stage 437/848.
[INFO] Enola: Solve for Rydberg stage 438/848.
[INFO] Enola: Solve for Rydberg stage 439/848.
[INFO] Enola: Solve for Rydberg stage 440/848.
[INFO] Enola: Solve for Rydberg stage 441/848.
[INFO] Enola: Solve for Rydberg stage 442/848.
[INFO] Enola: Solve for Rydberg stage 443/848.
[INFO] Enola: Solve for Rydberg stage 444/848.
[INFO] Enola: Solve for Rydberg stage 445/848.
[INFO] Enola: Solve for Rydberg stage 446/848.
[INFO] Enola: Solve for Rydberg stage 447/848.
[INFO] Enola: Solve for Rydberg stage 448/848.
[INFO] Enola: Solve for Rydberg stage 449/848.
[INFO] Enola: Solve for Rydberg stage 450/848.
[INFO] Enola: Solve for Rydberg stage 451/848.
[INFO] Enola: Solve for Rydberg stage 452/848.
[INFO] Enola: Solve for Rydberg stage 453/848.
[INFO] Enola: Solve for Rydberg stage 454/848.
[INFO] Enola: Solve for Rydberg stage 455/848.
[INFO] Enola: Solve for Rydberg stage 456/848.
[INFO] Enola: Solve for Rydberg stage 457/848.
[INFO] Enola: Solve for Rydberg stage 458/848.
[INFO] Enola: Solve for Rydberg stage 459/848.
[INFO] Enola: Solve for Rydberg stage 460/848.
[INFO] Enola: Solve for Rydberg stage 461/848.
[INFO] Enola: Solve for Rydberg stage 462/848.
[INFO] Enola: Solve for Rydberg stage 463/848.
[INFO] Enola: Solve for Rydberg stage 464/848.
[INFO] Enola: Solve for Rydberg stage 465/848.
[INFO] Enola: Solve for Rydberg stage 466/848.
[INFO] Enola: Solve for Rydberg stage 467/848.
[INFO] Enola: Solve for Rydberg stage 468/848.
[INFO] Enola: Solve for Rydberg stage 469/848.
[INFO] Enola: Solve for Rydberg stage 470/848.
[INFO] Enola: Solve for Rydberg stage 471/848.
[INFO] Enola: Solve for Rydberg stage 472/848.
[INFO] Enola: Solve for Rydberg stage 473/848.
[INFO] Enola: Solve for Rydberg stage 474/848.
[INFO] Enola: Solve for Rydberg stage 475/848.
[INFO] Enola: Solve for Rydberg stage 476/848.
[INFO] Enola: Solve for Rydberg stage 477/848.
[INFO] Enola: Solve for Rydberg stage 478/848.
[INFO] Enola: Solve for Rydberg stage 479/848.
[INFO] Enola: Solve for Rydberg stage 480/848.
[INFO] Enola: Solve for Rydberg stage 481/848.
[INFO] Enola: Solve for Rydberg stage 482/848.
[INFO] Enola: Solve for Rydberg stage 483/848.
[INFO] Enola: Solve for Rydberg stage 484/848.
[INFO] Enola: Solve for Rydberg stage 485/848.
[INFO] Enola: Solve for Rydberg stage 486/848.
[INFO] Enola: Solve for Rydberg stage 487/848.
[INFO] Enola: Solve for Rydberg stage 488/848.
[INFO] Enola: Solve for Rydberg stage 489/848.
[INFO] Enola: Solve for Rydberg stage 490/848.
[INFO] Enola: Solve for Rydberg stage 491/848.
[INFO] Enola: Solve for Rydberg stage 492/848.
[INFO] Enola: Solve for Rydberg stage 493/848.
[INFO] Enola: Solve for Rydberg stage 494/848.
[INFO] Enola: Solve for Rydberg stage 495/848.
[INFO] Enola: Solve for Rydberg stage 496/848.
[INFO] Enola: Solve for Rydberg stage 497/848.
[INFO] Enola: Solve for Rydberg stage 498/848.
[INFO] Enola: Solve for Rydberg stage 499/848.
[INFO] Enola: Solve for Rydberg stage 500/848.
[INFO] Enola: Solve for Rydberg stage 501/848.
[INFO] Enola: Solve for Rydberg stage 502/848.
[INFO] Enola: Solve for Rydberg stage 503/848.
[INFO] Enola: Solve for Rydberg stage 504/848.
[INFO] Enola: Solve for Rydberg stage 505/848.
[INFO] Enola: Solve for Rydberg stage 506/848.
[INFO] Enola: Solve for Rydberg stage 507/848.
[INFO] Enola: Solve for Rydberg stage 508/848.
[INFO] Enola: Solve for Rydberg stage 509/848.
[INFO] Enola: Solve for Rydberg stage 510/848.
[INFO] Enola: Solve for Rydberg stage 511/848.
[INFO] Enola: Solve for Rydberg stage 512/848.
[INFO] Enola: Solve for Rydberg stage 513/848.
[INFO] Enola: Solve for Rydberg stage 514/848.
[INFO] Enola: Solve for Rydberg stage 515/848.
[INFO] Enola: Solve for Rydberg stage 516/848.
[INFO] Enola: Solve for Rydberg stage 517/848.
[INFO] Enola: Solve for Rydberg stage 518/848.
[INFO] Enola: Solve for Rydberg stage 519/848.
[INFO] Enola: Solve for Rydberg stage 520/848.
[INFO] Enola: Solve for Rydberg stage 521/848.
[INFO] Enola: Solve for Rydberg stage 522/848.
[INFO] Enola: Solve for Rydberg stage 523/848.
[INFO] Enola: Solve for Rydberg stage 524/848.
[INFO] Enola: Solve for Rydberg stage 525/848.
[INFO] Enola: Solve for Rydberg stage 526/848.
[INFO] Enola: Solve for Rydberg stage 527/848.
[INFO] Enola: Solve for Rydberg stage 528/848.
[INFO] Enola: Solve for Rydberg stage 529/848.
[INFO] Enola: Solve for Rydberg stage 530/848.
[INFO] Enola: Solve for Rydberg stage 531/848.
[INFO] Enola: Solve for Rydberg stage 532/848.
[INFO] Enola: Solve for Rydberg stage 533/848.
[INFO] Enola: Solve for Rydberg stage 534/848.
[INFO] Enola: Solve for Rydberg stage 535/848.
[INFO] Enola: Solve for Rydberg stage 536/848.
[INFO] Enola: Solve for Rydberg stage 537/848.
[INFO] Enola: Solve for Rydberg stage 538/848.
[INFO] Enola: Solve for Rydberg stage 539/848.
[INFO] Enola: Solve for Rydberg stage 540/848.
[INFO] Enola: Solve for Rydberg stage 541/848.
[INFO] Enola: Solve for Rydberg stage 542/848.
[INFO] Enola: Solve for Rydberg stage 543/848.
[INFO] Enola: Solve for Rydberg stage 544/848.
[INFO] Enola: Solve for Rydberg stage 545/848.
[INFO] Enola: Solve for Rydberg stage 546/848.
[INFO] Enola: Solve for Rydberg stage 547/848.
[INFO] Enola: Solve for Rydberg stage 548/848.
[INFO] Enola: Solve for Rydberg stage 549/848.
[INFO] Enola: Solve for Rydberg stage 550/848.
[INFO] Enola: Solve for Rydberg stage 551/848.
[INFO] Enola: Solve for Rydberg stage 552/848.
[INFO] Enola: Solve for Rydberg stage 553/848.
[INFO] Enola: Solve for Rydberg stage 554/848.
[INFO] Enola: Solve for Rydberg stage 555/848.
[INFO] Enola: Solve for Rydberg stage 556/848.
[INFO] Enola: Solve for Rydberg stage 557/848.
[INFO] Enola: Solve for Rydberg stage 558/848.
[INFO] Enola: Solve for Rydberg stage 559/848.
[INFO] Enola: Solve for Rydberg stage 560/848.
[INFO] Enola: Solve for Rydberg stage 561/848.
[INFO] Enola: Solve for Rydberg stage 562/848.
[INFO] Enola: Solve for Rydberg stage 563/848.
[INFO] Enola: Solve for Rydberg stage 564/848.
[INFO] Enola: Solve for Rydberg stage 565/848.
[INFO] Enola: Solve for Rydberg stage 566/848.
[INFO] Enola: Solve for Rydberg stage 567/848.
[INFO] Enola: Solve for Rydberg stage 568/848.
[INFO] Enola: Solve for Rydberg stage 569/848.
[INFO] Enola: Solve for Rydberg stage 570/848.
[INFO] Enola: Solve for Rydberg stage 571/848.
[INFO] Enola: Solve for Rydberg stage 572/848.
[INFO] Enola: Solve for Rydberg stage 573/848.
[INFO] Enola: Solve for Rydberg stage 574/848.
[INFO] Enola: Solve for Rydberg stage 575/848.
[INFO] Enola: Solve for Rydberg stage 576/848.
[INFO] Enola: Solve for Rydberg stage 577/848.
[INFO] Enola: Solve for Rydberg stage 578/848.
[INFO] Enola: Solve for Rydberg stage 579/848.
[INFO] Enola: Solve for Rydberg stage 580/848.
[INFO] Enola: Solve for Rydberg stage 581/848.
[INFO] Enola: Solve for Rydberg stage 582/848.
[INFO] Enola: Solve for Rydberg stage 583/848.
[INFO] Enola: Solve for Rydberg stage 584/848.
[INFO] Enola: Solve for Rydberg stage 585/848.
[INFO] Enola: Solve for Rydberg stage 586/848.
[INFO] Enola: Solve for Rydberg stage 587/848.
[INFO] Enola: Solve for Rydberg stage 588/848.
[INFO] Enola: Solve for Rydberg stage 589/848.
[INFO] Enola: Solve for Rydberg stage 590/848.
[INFO] Enola: Solve for Rydberg stage 591/848.
[INFO] Enola: Solve for Rydberg stage 592/848.
[INFO] Enola: Solve for Rydberg stage 593/848.
[INFO] Enola: Solve for Rydberg stage 594/848.
[INFO] Enola: Solve for Rydberg stage 595/848.
[INFO] Enola: Solve for Rydberg stage 596/848.
[INFO] Enola: Solve for Rydberg stage 597/848.
[INFO] Enola: Solve for Rydberg stage 598/848.
[INFO] Enola: Solve for Rydberg stage 599/848.
[INFO] Enola: Solve for Rydberg stage 600/848.
[INFO] Enola: Solve for Rydberg stage 601/848.
[INFO] Enola: Solve for Rydberg stage 602/848.
[INFO] Enola: Solve for Rydberg stage 603/848.
[INFO] Enola: Solve for Rydberg stage 604/848.
[INFO] Enola: Solve for Rydberg stage 605/848.
[INFO] Enola: Solve for Rydberg stage 606/848.
[INFO] Enola: Solve for Rydberg stage 607/848.
[INFO] Enola: Solve for Rydberg stage 608/848.
[INFO] Enola: Solve for Rydberg stage 609/848.
[INFO] Enola: Solve for Rydberg stage 610/848.
[INFO] Enola: Solve for Rydberg stage 611/848.
[INFO] Enola: Solve for Rydberg stage 612/848.
[INFO] Enola: Solve for Rydberg stage 613/848.
[INFO] Enola: Solve for Rydberg stage 614/848.
[INFO] Enola: Solve for Rydberg stage 615/848.
[INFO] Enola: Solve for Rydberg stage 616/848.
[INFO] Enola: Solve for Rydberg stage 617/848.
[INFO] Enola: Solve for Rydberg stage 618/848.
[INFO] Enola: Solve for Rydberg stage 619/848.
[INFO] Enola: Solve for Rydberg stage 620/848.
[INFO] Enola: Solve for Rydberg stage 621/848.
[INFO] Enola: Solve for Rydberg stage 622/848.
[INFO] Enola: Solve for Rydberg stage 623/848.
[INFO] Enola: Solve for Rydberg stage 624/848.
[INFO] Enola: Solve for Rydberg stage 625/848.
[INFO] Enola: Solve for Rydberg stage 626/848.
[INFO] Enola: Solve for Rydberg stage 627/848.
[INFO] Enola: Solve for Rydberg stage 628/848.
[INFO] Enola: Solve for Rydberg stage 629/848.
[INFO] Enola: Solve for Rydberg stage 630/848.
[INFO] Enola: Solve for Rydberg stage 631/848.
[INFO] Enola: Solve for Rydberg stage 632/848.
[INFO] Enola: Solve for Rydberg stage 633/848.
[INFO] Enola: Solve for Rydberg stage 634/848.
[INFO] Enola: Solve for Rydberg stage 635/848.
[INFO] Enola: Solve for Rydberg stage 636/848.
[INFO] Enola: Solve for Rydberg stage 637/848.
[INFO] Enola: Solve for Rydberg stage 638/848.
[INFO] Enola: Solve for Rydberg stage 639/848.
[INFO] Enola: Solve for Rydberg stage 640/848.
[INFO] Enola: Solve for Rydberg stage 641/848.
[INFO] Enola: Solve for Rydberg stage 642/848.
[INFO] Enola: Solve for Rydberg stage 643/848.
[INFO] Enola: Solve for Rydberg stage 644/848.
[INFO] Enola: Solve for Rydberg stage 645/848.
[INFO] Enola: Solve for Rydberg stage 646/848.
[INFO] Enola: Solve for Rydberg stage 647/848.
[INFO] Enola: Solve for Rydberg stage 648/848.
[INFO] Enola: Solve for Rydberg stage 649/848.
[INFO] Enola: Solve for Rydberg stage 650/848.
[INFO] Enola: Solve for Rydberg stage 651/848.
[INFO] Enola: Solve for Rydberg stage 652/848.
[INFO] Enola: Solve for Rydberg stage 653/848.
[INFO] Enola: Solve for Rydberg stage 654/848.
[INFO] Enola: Solve for Rydberg stage 655/848.
[INFO] Enola: Solve for Rydberg stage 656/848.
[INFO] Enola: Solve for Rydberg stage 657/848.
[INFO] Enola: Solve for Rydberg stage 658/848.
[INFO] Enola: Solve for Rydberg stage 659/848.
[INFO] Enola: Solve for Rydberg stage 660/848.
[INFO] Enola: Solve for Rydberg stage 661/848.
[INFO] Enola: Solve for Rydberg stage 662/848.
[INFO] Enola: Solve for Rydberg stage 663/848.
[INFO] Enola: Solve for Rydberg stage 664/848.
[INFO] Enola: Solve for Rydberg stage 665/848.
[INFO] Enola: Solve for Rydberg stage 666/848.
[INFO] Enola: Solve for Rydberg stage 667/848.
[INFO] Enola: Solve for Rydberg stage 668/848.
[INFO] Enola: Solve for Rydberg stage 669/848.
[INFO] Enola: Solve for Rydberg stage 670/848.
[INFO] Enola: Solve for Rydberg stage 671/848.
[INFO] Enola: Solve for Rydberg stage 672/848.
[INFO] Enola: Solve for Rydberg stage 673/848.
[INFO] Enola: Solve for Rydberg stage 674/848.
[INFO] Enola: Solve for Rydberg stage 675/848.
[INFO] Enola: Solve for Rydberg stage 676/848.
[INFO] Enola: Solve for Rydberg stage 677/848.
[INFO] Enola: Solve for Rydberg stage 678/848.
[INFO] Enola: Solve for Rydberg stage 679/848.
[INFO] Enola: Solve for Rydberg stage 680/848.
[INFO] Enola: Solve for Rydberg stage 681/848.
[INFO] Enola: Solve for Rydberg stage 682/848.
[INFO] Enola: Solve for Rydberg stage 683/848.
[INFO] Enola: Solve for Rydberg stage 684/848.
[INFO] Enola: Solve for Rydberg stage 685/848.
[INFO] Enola: Solve for Rydberg stage 686/848.
[INFO] Enola: Solve for Rydberg stage 687/848.
[INFO] Enola: Solve for Rydberg stage 688/848.
[INFO] Enola: Solve for Rydberg stage 689/848.
[INFO] Enola: Solve for Rydberg stage 690/848.
[INFO] Enola: Solve for Rydberg stage 691/848.
[INFO] Enola: Solve for Rydberg stage 692/848.
[INFO] Enola: Solve for Rydberg stage 693/848.
[INFO] Enola: Solve for Rydberg stage 694/848.
[INFO] Enola: Solve for Rydberg stage 695/848.
[INFO] Enola: Solve for Rydberg stage 696/848.
[INFO] Enola: Solve for Rydberg stage 697/848.
[INFO] Enola: Solve for Rydberg stage 698/848.
[INFO] Enola: Solve for Rydberg stage 699/848.
[INFO] Enola: Solve for Rydberg stage 700/848.
[INFO] Enola: Solve for Rydberg stage 701/848.
[INFO] Enola: Solve for Rydberg stage 702/848.
[INFO] Enola: Solve for Rydberg stage 703/848.
[INFO] Enola: Solve for Rydberg stage 704/848.
[INFO] Enola: Solve for Rydberg stage 705/848.
[INFO] Enola: Solve for Rydberg stage 706/848.
[INFO] Enola: Solve for Rydberg stage 707/848.
[INFO] Enola: Solve for Rydberg stage 708/848.
[INFO] Enola: Solve for Rydberg stage 709/848.
[INFO] Enola: Solve for Rydberg stage 710/848.
[INFO] Enola: Solve for Rydberg stage 711/848.
[INFO] Enola: Solve for Rydberg stage 712/848.
[INFO] Enola: Solve for Rydberg stage 713/848.
[INFO] Enola: Solve for Rydberg stage 714/848.
[INFO] Enola: Solve for Rydberg stage 715/848.
[INFO] Enola: Solve for Rydberg stage 716/848.
[INFO] Enola: Solve for Rydberg stage 717/848.
[INFO] Enola: Solve for Rydberg stage 718/848.
[INFO] Enola: Solve for Rydberg stage 719/848.
[INFO] Enola: Solve for Rydberg stage 720/848.
[INFO] Enola: Solve for Rydberg stage 721/848.
[INFO] Enola: Solve for Rydberg stage 722/848.
[INFO] Enola: Solve for Rydberg stage 723/848.
[INFO] Enola: Solve for Rydberg stage 724/848.
[INFO] Enola: Solve for Rydberg stage 725/848.
[INFO] Enola: Solve for Rydberg stage 726/848.
[INFO] Enola: Solve for Rydberg stage 727/848.
[INFO] Enola: Solve for Rydberg stage 728/848.
[INFO] Enola: Solve for Rydberg stage 729/848.
[INFO] Enola: Solve for Rydberg stage 730/848.
[INFO] Enola: Solve for Rydberg stage 731/848.
[INFO] Enola: Solve for Rydberg stage 732/848.
[INFO] Enola: Solve for Rydberg stage 733/848.
[INFO] Enola: Solve for Rydberg stage 734/848.
[INFO] Enola: Solve for Rydberg stage 735/848.
[INFO] Enola: Solve for Rydberg stage 736/848.
[INFO] Enola: Solve for Rydberg stage 737/848.
[INFO] Enola: Solve for Rydberg stage 738/848.
[INFO] Enola: Solve for Rydberg stage 739/848.
[INFO] Enola: Solve for Rydberg stage 740/848.
[INFO] Enola: Solve for Rydberg stage 741/848.
[INFO] Enola: Solve for Rydberg stage 742/848.
[INFO] Enola: Solve for Rydberg stage 743/848.
[INFO] Enola: Solve for Rydberg stage 744/848.
[INFO] Enola: Solve for Rydberg stage 745/848.
[INFO] Enola: Solve for Rydberg stage 746/848.
[INFO] Enola: Solve for Rydberg stage 747/848.
[INFO] Enola: Solve for Rydberg stage 748/848.
[INFO] Enola: Solve for Rydberg stage 749/848.
[INFO] Enola: Solve for Rydberg stage 750/848.
[INFO] Enola: Solve for Rydberg stage 751/848.
[INFO] Enola: Solve for Rydberg stage 752/848.
[INFO] Enola: Solve for Rydberg stage 753/848.
[INFO] Enola: Solve for Rydberg stage 754/848.
[INFO] Enola: Solve for Rydberg stage 755/848.
[INFO] Enola: Solve for Rydberg stage 756/848.
[INFO] Enola: Solve for Rydberg stage 757/848.
[INFO] Enola: Solve for Rydberg stage 758/848.
[INFO] Enola: Solve for Rydberg stage 759/848.
[INFO] Enola: Solve for Rydberg stage 760/848.
[INFO] Enola: Solve for Rydberg stage 761/848.
[INFO] Enola: Solve for Rydberg stage 762/848.
[INFO] Enola: Solve for Rydberg stage 763/848.
[INFO] Enola: Solve for Rydberg stage 764/848.
[INFO] Enola: Solve for Rydberg stage 765/848.
[INFO] Enola: Solve for Rydberg stage 766/848.
[INFO] Enola: Solve for Rydberg stage 767/848.
[INFO] Enola: Solve for Rydberg stage 768/848.
[INFO] Enola: Solve for Rydberg stage 769/848.
[INFO] Enola: Solve for Rydberg stage 770/848.
[INFO] Enola: Solve for Rydberg stage 771/848.
[INFO] Enola: Solve for Rydberg stage 772/848.
[INFO] Enola: Solve for Rydberg stage 773/848.
[INFO] Enola: Solve for Rydberg stage 774/848.
[INFO] Enola: Solve for Rydberg stage 775/848.
[INFO] Enola: Solve for Rydberg stage 776/848.
[INFO] Enola: Solve for Rydberg stage 777/848.
[INFO] Enola: Solve for Rydberg stage 778/848.
[INFO] Enola: Solve for Rydberg stage 779/848.
[INFO] Enola: Solve for Rydberg stage 780/848.
[INFO] Enola: Solve for Rydberg stage 781/848.
[INFO] Enola: Solve for Rydberg stage 782/848.
[INFO] Enola: Solve for Rydberg stage 783/848.
[INFO] Enola: Solve for Rydberg stage 784/848.
[INFO] Enola: Solve for Rydberg stage 785/848.
[INFO] Enola: Solve for Rydberg stage 786/848.
[INFO] Enola: Solve for Rydberg stage 787/848.
[INFO] Enola: Solve for Rydberg stage 788/848.
[INFO] Enola: Solve for Rydberg stage 789/848.
[INFO] Enola: Solve for Rydberg stage 790/848.
[INFO] Enola: Solve for Rydberg stage 791/848.
[INFO] Enola: Solve for Rydberg stage 792/848.
[INFO] Enola: Solve for Rydberg stage 793/848.
[INFO] Enola: Solve for Rydberg stage 794/848.
[INFO] Enola: Solve for Rydberg stage 795/848.
[INFO] Enola: Solve for Rydberg stage 796/848.
[INFO] Enola: Solve for Rydberg stage 797/848.
[INFO] Enola: Solve for Rydberg stage 798/848.
[INFO] Enola: Solve for Rydberg stage 799/848.
[INFO] Enola: Solve for Rydberg stage 800/848.
[INFO] Enola: Solve for Rydberg stage 801/848.
[INFO] Enola: Solve for Rydberg stage 802/848.
[INFO] Enola: Solve for Rydberg stage 803/848.
[INFO] Enola: Solve for Rydberg stage 804/848.
[INFO] Enola: Solve for Rydberg stage 805/848.
[INFO] Enola: Solve for Rydberg stage 806/848.
[INFO] Enola: Solve for Rydberg stage 807/848.
[INFO] Enola: Solve for Rydberg stage 808/848.
[INFO] Enola: Solve for Rydberg stage 809/848.
[INFO] Enola: Solve for Rydberg stage 810/848.
[INFO] Enola: Solve for Rydberg stage 811/848.
[INFO] Enola: Solve for Rydberg stage 812/848.
[INFO] Enola: Solve for Rydberg stage 813/848.
[INFO] Enola: Solve for Rydberg stage 814/848.
[INFO] Enola: Solve for Rydberg stage 815/848.
[INFO] Enola: Solve for Rydberg stage 816/848.
[INFO] Enola: Solve for Rydberg stage 817/848.
[INFO] Enola: Solve for Rydberg stage 818/848.
[INFO] Enola: Solve for Rydberg stage 819/848.
[INFO] Enola: Solve for Rydberg stage 820/848.
[INFO] Enola: Solve for Rydberg stage 821/848.
[INFO] Enola: Solve for Rydberg stage 822/848.
[INFO] Enola: Solve for Rydberg stage 823/848.
[INFO] Enola: Solve for Rydberg stage 824/848.
[INFO] Enola: Solve for Rydberg stage 825/848.
[INFO] Enola: Solve for Rydberg stage 826/848.
[INFO] Enola: Solve for Rydberg stage 827/848.
[INFO] Enola: Solve for Rydberg stage 828/848.
[INFO] Enola: Solve for Rydberg stage 829/848.
[INFO] Enola: Solve for Rydberg stage 830/848.
[INFO] Enola: Solve for Rydberg stage 831/848.
[INFO] Enola: Solve for Rydberg stage 832/848.
[INFO] Enola: Solve for Rydberg stage 833/848.
[INFO] Enola: Solve for Rydberg stage 834/848.
[INFO] Enola: Solve for Rydberg stage 835/848.
[INFO] Enola: Solve for Rydberg stage 836/848.
[INFO] Enola: Solve for Rydberg stage 837/848.
[INFO] Enola: Solve for Rydberg stage 838/848.
[INFO] Enola: Solve for Rydberg stage 839/848.
[INFO] Enola: Solve for Rydberg stage 840/848.
[INFO] Enola: Solve for Rydberg stage 841/848.
[INFO] Enola: Solve for Rydberg stage 842/848.
[INFO] Enola: Solve for Rydberg stage 843/848.
[INFO] Enola: Solve for Rydberg stage 844/848.
[INFO] Enola: Solve for Rydberg stage 845/848.
[INFO] Enola: Solve for Rydberg stage 846/848.
[INFO] Enola: Solve for Rydberg stage 847/848.
[INFO] Enola: Solve for Rydberg stage 848/848.
[INFO] Enola: Solve for Rydberg stage 849/848.
[INFO] Enola: Time for routing: 0.16204452514648438s
[INFO] Enola: Total Time: 142.45160174369812s
Compilation successful.

2026-03-23 12:30:33,049 - BenchmarkManager - INFO - enola (run 1/1) - Running /u/halle/heiz/home_at/BachelorProject/benchmarks/uuf_fix50_20-100/uuf50-060.qasm
2026-03-23 12:30:33,049 - Compiler.enola - INFO - Array width: 754, Array height: 44, AOD columns: 50, AOD rows: 1
2026-03-23 12:33:03,605 - Compiler.enola - INFO - STDOUT:
[INFO] Enola: Start Solving
[INFO] Enola: Run scheduling
[INFO] Enola: Time for scheduling: 0.0008947849273681641s
754
[INFO] Enola: Time for placement: 1.0967254638671875e-05s
[INFO] Enola: Solve for Rydberg stage 2/820.
[INFO] Enola: Solve for Rydberg stage 3/820.
[INFO] Enola: Solve for Rydberg stage 4/820.
[INFO] Enola: Solve for Rydberg stage 5/820.
[INFO] Enola: Solve for Rydberg stage 6/820.
[INFO] Enola: Solve for Rydberg stage 7/820.
[INFO] Enola: Solve for Rydberg stage 8/820.
[INFO] Enola: Solve for Rydberg stage 9/820.
[INFO] Enola: Solve for Rydberg stage 10/820.
[INFO] Enola: Solve for Rydberg stage 11/820.
[INFO] Enola: Solve for Rydberg stage 12/820.
[INFO] Enola: Solve for Rydberg stage 13/820.
[INFO] Enola: Solve for Rydberg stage 14/820.
[INFO] Enola: Solve for Rydberg stage 15/820.
[INFO] Enola: Solve for Rydberg stage 16/820.
[INFO] Enola: Solve for Rydberg stage 17/820.
[INFO] Enola: Solve for Rydberg stage 18/820.
[INFO] Enola: Solve for Rydberg stage 19/820.
[INFO] Enola: Solve for Rydberg stage 20/820.
[INFO] Enola: Solve for Rydberg stage 21/820.
[INFO] Enola: Solve for Rydberg stage 22/820.
[INFO] Enola: Solve for Rydberg stage 23/820.
[INFO] Enola: Solve for Rydberg stage 24/820.
[INFO] Enola: Solve for Rydberg stage 25/820.
[INFO] Enola: Solve for Rydberg stage 26/820.
[INFO] Enola: Solve for Rydberg stage 27/820.
[INFO] Enola: Solve for Rydberg stage 28/820.
[INFO] Enola: Solve for Rydberg stage 29/820.
[INFO] Enola: Solve for Rydberg stage 30/820.
[INFO] Enola: Solve for Rydberg stage 31/820.
[INFO] Enola: Solve for Rydberg stage 32/820.
[INFO] Enola: Solve for Rydberg stage 33/820.
[INFO] Enola: Solve for Rydberg stage 34/820.
[INFO] Enola: Solve for Rydberg stage 35/820.
[INFO] Enola: Solve for Rydberg stage 36/820.
[INFO] Enola: Solve for Rydberg stage 37/820.
[INFO] Enola: Solve for Rydberg stage 38/820.
[INFO] Enola: Solve for Rydberg stage 39/820.
[INFO] Enola: Solve for Rydberg stage 40/820.
[INFO] Enola: Solve for Rydberg stage 41/820.
[INFO] Enola: Solve for Rydberg stage 42/820.
[INFO] Enola: Solve for Rydberg stage 43/820.
[INFO] Enola: Solve for Rydberg stage 44/820.
[INFO] Enola: Solve for Rydberg stage 45/820.
[INFO] Enola: Solve for Rydberg stage 46/820.
[INFO] Enola: Solve for Rydberg stage 47/820.
[INFO] Enola: Solve for Rydberg stage 48/820.
[INFO] Enola: Solve for Rydberg stage 49/820.
[INFO] Enola: Solve for Rydberg stage 50/820.
[INFO] Enola: Solve for Rydberg stage 51/820.
[INFO] Enola: Solve for Rydberg stage 52/820.
[INFO] Enola: Solve for Rydberg stage 53/820.
[INFO] Enola: Solve for Rydberg stage 54/820.
[INFO] Enola: Solve for Rydberg stage 55/820.
[INFO] Enola: Solve for Rydberg stage 56/820.
[INFO] Enola: Solve for Rydberg stage 57/820.
[INFO] Enola: Solve for Rydberg stage 58/820.
[INFO] Enola: Solve for Rydberg stage 59/820.
[INFO] Enola: Solve for Rydberg stage 60/820.
[INFO] Enola: Solve for Rydberg stage 61/820.
[INFO] Enola: Solve for Rydberg stage 62/820.
[INFO] Enola: Solve for Rydberg stage 63/820.
[INFO] Enola: Solve for Rydberg stage 64/820.
[INFO] Enola: Solve for Rydberg stage 65/820.
[INFO] Enola: Solve for Rydberg stage 66/820.
[INFO] Enola: Solve for Rydberg stage 67/820.
[INFO] Enola: Solve for Rydberg stage 68/820.
[INFO] Enola: Solve for Rydberg stage 69/820.
[INFO] Enola: Solve for Rydberg stage 70/820.
[INFO] Enola: Solve for Rydberg stage 71/820.
[INFO] Enola: Solve for Rydberg stage 72/820.
[INFO] Enola: Solve for Rydberg stage 73/820.
[INFO] Enola: Solve for Rydberg stage 74/820.
[INFO] Enola: Solve for Rydberg stage 75/820.
[INFO] Enola: Solve for Rydberg stage 76/820.
[INFO] Enola: Solve for Rydberg stage 77/820.
[INFO] Enola: Solve for Rydberg stage 78/820.
[INFO] Enola: Solve for Rydberg stage 79/820.
[INFO] Enola: Solve for Rydberg stage 80/820.
[INFO] Enola: Solve for Rydberg stage 81/820.
[INFO] Enola: Solve for Rydberg stage 82/820.
[INFO] Enola: Solve for Rydberg stage 83/820.
[INFO] Enola: Solve for Rydberg stage 84/820.
[INFO] Enola: Solve for Rydberg stage 85/820.
[INFO] Enola: Solve for Rydberg stage 86/820.
[INFO] Enola: Solve for Rydberg stage 87/820.
[INFO] Enola: Solve for Rydberg stage 88/820.
[INFO] Enola: Solve for Rydberg stage 89/820.
[INFO] Enola: Solve for Rydberg stage 90/820.
[INFO] Enola: Solve for Rydberg stage 91/820.
[INFO] Enola: Solve for Rydberg stage 92/820.
[INFO] Enola: Solve for Rydberg stage 93/820.
[INFO] Enola: Solve for Rydberg stage 94/820.
[INFO] Enola: Solve for Rydberg stage 95/820.
[INFO] Enola: Solve for Rydberg stage 96/820.
[INFO] Enola: Solve for Rydberg stage 97/820.
[INFO] Enola: Solve for Rydberg stage 98/820.
[INFO] Enola: Solve for Rydberg stage 99/820.
[INFO] Enola: Solve for Rydberg stage 100/820.
[INFO] Enola: Solve for Rydberg stage 101/820.
[INFO] Enola: Solve for Rydberg stage 102/820.
[INFO] Enola: Solve for Rydberg stage 103/820.
[INFO] Enola: Solve for Rydberg stage 104/820.
[INFO] Enola: Solve for Rydberg stage 105/820.
[INFO] Enola: Solve for Rydberg stage 106/820.
[INFO] Enola: Solve for Rydberg stage 107/820.
[INFO] Enola: Solve for Rydberg stage 108/820.
[INFO] Enola: Solve for Rydberg stage 109/820.
[INFO] Enola: Solve for Rydberg stage 110/820.
[INFO] Enola: Solve for Rydberg stage 111/820.
[INFO] Enola: Solve for Rydberg stage 112/820.
[INFO] Enola: Solve for Rydberg stage 113/820.
[INFO] Enola: Solve for Rydberg stage 114/820.
[INFO] Enola: Solve for Rydberg stage 115/820.
[INFO] Enola: Solve for Rydberg stage 116/820.
[INFO] Enola: Solve for Rydberg stage 117/820.
[INFO] Enola: Solve for Rydberg stage 118/820.
[INFO] Enola: Solve for Rydberg stage 119/820.
[INFO] Enola: Solve for Rydberg stage 120/820.
[INFO] Enola: Solve for Rydberg stage 121/820.
[INFO] Enola: Solve for Rydberg stage 122/820.
[INFO] Enola: Solve for Rydberg stage 123/820.
[INFO] Enola: Solve for Rydberg stage 124/820.
[INFO] Enola: Solve for Rydberg stage 125/820.
[INFO] Enola: Solve for Rydberg stage 126/820.
[INFO] Enola: Solve for Rydberg stage 127/820.
[INFO] Enola: Solve for Rydberg stage 128/820.
[INFO] Enola: Solve for Rydberg stage 129/820.
[INFO] Enola: Solve for Rydberg stage 130/820.
[INFO] Enola: Solve for Rydberg stage 131/820.
[INFO] Enola: Solve for Rydberg stage 132/820.
[INFO] Enola: Solve for Rydberg stage 133/820.
[INFO] Enola: Solve for Rydberg stage 134/820.
[INFO] Enola: Solve for Rydberg stage 135/820.
[INFO] Enola: Solve for Rydberg stage 136/820.
[INFO] Enola: Solve for Rydberg stage 137/820.
[INFO] Enola: Solve for Rydberg stage 138/820.
[INFO] Enola: Solve for Rydberg stage 139/820.
[INFO] Enola: Solve for Rydberg stage 140/820.
[INFO] Enola: Solve for Rydberg stage 141/820.
[INFO] Enola: Solve for Rydberg stage 142/820.
[INFO] Enola: Solve for Rydberg stage 143/820.
[INFO] Enola: Solve for Rydberg stage 144/820.
[INFO] Enola: Solve for Rydberg stage 145/820.
[INFO] Enola: Solve for Rydberg stage 146/820.
[INFO] Enola: Solve for Rydberg stage 147/820.
[INFO] Enola: Solve for Rydberg stage 148/820.
[INFO] Enola: Solve for Rydberg stage 149/820.
[INFO] Enola: Solve for Rydberg stage 150/820.
[INFO] Enola: Solve for Rydberg stage 151/820.
[INFO] Enola: Solve for Rydberg stage 152/820.
[INFO] Enola: Solve for Rydberg stage 153/820.
[INFO] Enola: Solve for Rydberg stage 154/820.
[INFO] Enola: Solve for Rydberg stage 155/820.
[INFO] Enola: Solve for Rydberg stage 156/820.
[INFO] Enola: Solve for Rydberg stage 157/820.
[INFO] Enola: Solve for Rydberg stage 158/820.
[INFO] Enola: Solve for Rydberg stage 159/820.
[INFO] Enola: Solve for Rydberg stage 160/820.
[INFO] Enola: Solve for Rydberg stage 161/820.
[INFO] Enola: Solve for Rydberg stage 162/820.
[INFO] Enola: Solve for Rydberg stage 163/820.
[INFO] Enola: Solve for Rydberg stage 164/820.
[INFO] Enola: Solve for Rydberg stage 165/820.
[INFO] Enola: Solve for Rydberg stage 166/820.
[INFO] Enola: Solve for Rydberg stage 167/820.
[INFO] Enola: Solve for Rydberg stage 168/820.
[INFO] Enola: Solve for Rydberg stage 169/820.
[INFO] Enola: Solve for Rydberg stage 170/820.
[INFO] Enola: Solve for Rydberg stage 171/820.
[INFO] Enola: Solve for Rydberg stage 172/820.
[INFO] Enola: Solve for Rydberg stage 173/820.
[INFO] Enola: Solve for Rydberg stage 174/820.
[INFO] Enola: Solve for Rydberg stage 175/820.
[INFO] Enola: Solve for Rydberg stage 176/820.
[INFO] Enola: Solve for Rydberg stage 177/820.
[INFO] Enola: Solve for Rydberg stage 178/820.
[INFO] Enola: Solve for Rydberg stage 179/820.
[INFO] Enola: Solve for Rydberg stage 180/820.
[INFO] Enola: Solve for Rydberg stage 181/820.
[INFO] Enola: Solve for Rydberg stage 182/820.
[INFO] Enola: Solve for Rydberg stage 183/820.
[INFO] Enola: Solve for Rydberg stage 184/820.
[INFO] Enola: Solve for Rydberg stage 185/820.
[INFO] Enola: Solve for Rydberg stage 186/820.
[INFO] Enola: Solve for Rydberg stage 187/820.
[INFO] Enola: Solve for Rydberg stage 188/820.
[INFO] Enola: Solve for Rydberg stage 189/820.
[INFO] Enola: Solve for Rydberg stage 190/820.
[INFO] Enola: Solve for Rydberg stage 191/820.
[INFO] Enola: Solve for Rydberg stage 192/820.
[INFO] Enola: Solve for Rydberg stage 193/820.
[INFO] Enola: Solve for Rydberg stage 194/820.
[INFO] Enola: Solve for Rydberg stage 195/820.
[INFO] Enola: Solve for Rydberg stage 196/820.
[INFO] Enola: Solve for Rydberg stage 197/820.
[INFO] Enola: Solve for Rydberg stage 198/820.
[INFO] Enola: Solve for Rydberg stage 199/820.
[INFO] Enola: Solve for Rydberg stage 200/820.
[INFO] Enola: Solve for Rydberg stage 201/820.
[INFO] Enola: Solve for Rydberg stage 202/820.
[INFO] Enola: Solve for Rydberg stage 203/820.
[INFO] Enola: Solve for Rydberg stage 204/820.
[INFO] Enola: Solve for Rydberg stage 205/820.
[INFO] Enola: Solve for Rydberg stage 206/820.
[INFO] Enola: Solve for Rydberg stage 207/820.
[INFO] Enola: Solve for Rydberg stage 208/820.
[INFO] Enola: Solve for Rydberg stage 209/820.
[INFO] Enola: Solve for Rydberg stage 210/820.
[INFO] Enola: Solve for Rydberg stage 211/820.
[INFO] Enola: Solve for Rydberg stage 212/820.
[INFO] Enola: Solve for Rydberg stage 213/820.
[INFO] Enola: Solve for Rydberg stage 214/820.
[INFO] Enola: Solve for Rydberg stage 215/820.
[INFO] Enola: Solve for Rydberg stage 216/820.
[INFO] Enola: Solve for Rydberg stage 217/820.
[INFO] Enola: Solve for Rydberg stage 218/820.
[INFO] Enola: Solve for Rydberg stage 219/820.
[INFO] Enola: Solve for Rydberg stage 220/820.
[INFO] Enola: Solve for Rydberg stage 221/820.
[INFO] Enola: Solve for Rydberg stage 222/820.
[INFO] Enola: Solve for Rydberg stage 223/820.
[INFO] Enola: Solve for Rydberg stage 224/820.
[INFO] Enola: Solve for Rydberg stage 225/820.
[INFO] Enola: Solve for Rydberg stage 226/820.
[INFO] Enola: Solve for Rydberg stage 227/820.
[INFO] Enola: Solve for Rydberg stage 228/820.
[INFO] Enola: Solve for Rydberg stage 229/820.
[INFO] Enola: Solve for Rydberg stage 230/820.
[INFO] Enola: Solve for Rydberg stage 231/820.
[INFO] Enola: Solve for Rydberg stage 232/820.
[INFO] Enola: Solve for Rydberg stage 233/820.
[INFO] Enola: Solve for Rydberg stage 234/820.
[INFO] Enola: Solve for Rydberg stage 235/820.
[INFO] Enola: Solve for Rydberg stage 236/820.
[INFO] Enola: Solve for Rydberg stage 237/820.
[INFO] Enola: Solve for Rydberg stage 238/820.
[INFO] Enola: Solve for Rydberg stage 239/820.
[INFO] Enola: Solve for Rydberg stage 240/820.
[INFO] Enola: Solve for Rydberg stage 241/820.
[INFO] Enola: Solve for Rydberg stage 242/820.
[INFO] Enola: Solve for Rydberg stage 243/820.
[INFO] Enola: Solve for Rydberg stage 244/820.
[INFO] Enola: Solve for Rydberg stage 245/820.
[INFO] Enola: Solve for Rydberg stage 246/820.
[INFO] Enola: Solve for Rydberg stage 247/820.
[INFO] Enola: Solve for Rydberg stage 248/820.
[INFO] Enola: Solve for Rydberg stage 249/820.
[INFO] Enola: Solve for Rydberg stage 250/820.
[INFO] Enola: Solve for Rydberg stage 251/820.
[INFO] Enola: Solve for Rydberg stage 252/820.
[INFO] Enola: Solve for Rydberg stage 253/820.
[INFO] Enola: Solve for Rydberg stage 254/820.
[INFO] Enola: Solve for Rydberg stage 255/820.
[INFO] Enola: Solve for Rydberg stage 256/820.
[INFO] Enola: Solve for Rydberg stage 257/820.
[INFO] Enola: Solve for Rydberg stage 258/820.
[INFO] Enola: Solve for Rydberg stage 259/820.
[INFO] Enola: Solve for Rydberg stage 260/820.
[INFO] Enola: Solve for Rydberg stage 261/820.
[INFO] Enola: Solve for Rydberg stage 262/820.
[INFO] Enola: Solve for Rydberg stage 263/820.
[INFO] Enola: Solve for Rydberg stage 264/820.
[INFO] Enola: Solve for Rydberg stage 265/820.
[INFO] Enola: Solve for Rydberg stage 266/820.
[INFO] Enola: Solve for Rydberg stage 267/820.
[INFO] Enola: Solve for Rydberg stage 268/820.
[INFO] Enola: Solve for Rydberg stage 269/820.
[INFO] Enola: Solve for Rydberg stage 270/820.
[INFO] Enola: Solve for Rydberg stage 271/820.
[INFO] Enola: Solve for Rydberg stage 272/820.
[INFO] Enola: Solve for Rydberg stage 273/820.
[INFO] Enola: Solve for Rydberg stage 274/820.
[INFO] Enola: Solve for Rydberg stage 275/820.
[INFO] Enola: Solve for Rydberg stage 276/820.
[INFO] Enola: Solve for Rydberg stage 277/820.
[INFO] Enola: Solve for Rydberg stage 278/820.
[INFO] Enola: Solve for Rydberg stage 279/820.
[INFO] Enola: Solve for Rydberg stage 280/820.
[INFO] Enola: Solve for Rydberg stage 281/820.
[INFO] Enola: Solve for Rydberg stage 282/820.
[INFO] Enola: Solve for Rydberg stage 283/820.
[INFO] Enola: Solve for Rydberg stage 284/820.
[INFO] Enola: Solve for Rydberg stage 285/820.
[INFO] Enola: Solve for Rydberg stage 286/820.
[INFO] Enola: Solve for Rydberg stage 287/820.
[INFO] Enola: Solve for Rydberg stage 288/820.
[INFO] Enola: Solve for Rydberg stage 289/820.
[INFO] Enola: Solve for Rydberg stage 290/820.
[INFO] Enola: Solve for Rydberg stage 291/820.
[INFO] Enola: Solve for Rydberg stage 292/820.
[INFO] Enola: Solve for Rydberg stage 293/820.
[INFO] Enola: Solve for Rydberg stage 294/820.
[INFO] Enola: Solve for Rydberg stage 295/820.
[INFO] Enola: Solve for Rydberg stage 296/820.
[INFO] Enola: Solve for Rydberg stage 297/820.
[INFO] Enola: Solve for Rydberg stage 298/820.
[INFO] Enola: Solve for Rydberg stage 299/820.
[INFO] Enola: Solve for Rydberg stage 300/820.
[INFO] Enola: Solve for Rydberg stage 301/820.
[INFO] Enola: Solve for Rydberg stage 302/820.
[INFO] Enola: Solve for Rydberg stage 303/820.
[INFO] Enola: Solve for Rydberg stage 304/820.
[INFO] Enola: Solve for Rydberg stage 305/820.
[INFO] Enola: Solve for Rydberg stage 306/820.
[INFO] Enola: Solve for Rydberg stage 307/820.
[INFO] Enola: Solve for Rydberg stage 308/820.
[INFO] Enola: Solve for Rydberg stage 309/820.
[INFO] Enola: Solve for Rydberg stage 310/820.
[INFO] Enola: Solve for Rydberg stage 311/820.
[INFO] Enola: Solve for Rydberg stage 312/820.
[INFO] Enola: Solve for Rydberg stage 313/820.
[INFO] Enola: Solve for Rydberg stage 314/820.
[INFO] Enola: Solve for Rydberg stage 315/820.
[INFO] Enola: Solve for Rydberg stage 316/820.
[INFO] Enola: Solve for Rydberg stage 317/820.
[INFO] Enola: Solve for Rydberg stage 318/820.
[INFO] Enola: Solve for Rydberg stage 319/820.
[INFO] Enola: Solve for Rydberg stage 320/820.
[INFO] Enola: Solve for Rydberg stage 321/820.
[INFO] Enola: Solve for Rydberg stage 322/820.
[INFO] Enola: Solve for Rydberg stage 323/820.
[INFO] Enola: Solve for Rydberg stage 324/820.
[INFO] Enola: Solve for Rydberg stage 325/820.
[INFO] Enola: Solve for Rydberg stage 326/820.
[INFO] Enola: Solve for Rydberg stage 327/820.
[INFO] Enola: Solve for Rydberg stage 328/820.
[INFO] Enola: Solve for Rydberg stage 329/820.
[INFO] Enola: Solve for Rydberg stage 330/820.
[INFO] Enola: Solve for Rydberg stage 331/820.
[INFO] Enola: Solve for Rydberg stage 332/820.
[INFO] Enola: Solve for Rydberg stage 333/820.
[INFO] Enola: Solve for Rydberg stage 334/820.
[INFO] Enola: Solve for Rydberg stage 335/820.
[INFO] Enola: Solve for Rydberg stage 336/820.
[INFO] Enola: Solve for Rydberg stage 337/820.
[INFO] Enola: Solve for Rydberg stage 338/820.
[INFO] Enola: Solve for Rydberg stage 339/820.
[INFO] Enola: Solve for Rydberg stage 340/820.
[INFO] Enola: Solve for Rydberg stage 341/820.
[INFO] Enola: Solve for Rydberg stage 342/820.
[INFO] Enola: Solve for Rydberg stage 343/820.
[INFO] Enola: Solve for Rydberg stage 344/820.
[INFO] Enola: Solve for Rydberg stage 345/820.
[INFO] Enola: Solve for Rydberg stage 346/820.
[INFO] Enola: Solve for Rydberg stage 347/820.
[INFO] Enola: Solve for Rydberg stage 348/820.
[INFO] Enola: Solve for Rydberg stage 349/820.
[INFO] Enola: Solve for Rydberg stage 350/820.
[INFO] Enola: Solve for Rydberg stage 351/820.
[INFO] Enola: Solve for Rydberg stage 352/820.
[INFO] Enola: Solve for Rydberg stage 353/820.
[INFO] Enola: Solve for Rydberg stage 354/820.
[INFO] Enola: Solve for Rydberg stage 355/820.
[INFO] Enola: Solve for Rydberg stage 356/820.
[INFO] Enola: Solve for Rydberg stage 357/820.
[INFO] Enola: Solve for Rydberg stage 358/820.
[INFO] Enola: Solve for Rydberg stage 359/820.
[INFO] Enola: Solve for Rydberg stage 360/820.
[INFO] Enola: Solve for Rydberg stage 361/820.
[INFO] Enola: Solve for Rydberg stage 362/820.
[INFO] Enola: Solve for Rydberg stage 363/820.
[INFO] Enola: Solve for Rydberg stage 364/820.
[INFO] Enola: Solve for Rydberg stage 365/820.
[INFO] Enola: Solve for Rydberg stage 366/820.
[INFO] Enola: Solve for Rydberg stage 367/820.
[INFO] Enola: Solve for Rydberg stage 368/820.
[INFO] Enola: Solve for Rydberg stage 369/820.
[INFO] Enola: Solve for Rydberg stage 370/820.
[INFO] Enola: Solve for Rydberg stage 371/820.
[INFO] Enola: Solve for Rydberg stage 372/820.
[INFO] Enola: Solve for Rydberg stage 373/820.
[INFO] Enola: Solve for Rydberg stage 374/820.
[INFO] Enola: Solve for Rydberg stage 375/820.
[INFO] Enola: Solve for Rydberg stage 376/820.
[INFO] Enola: Solve for Rydberg stage 377/820.
[INFO] Enola: Solve for Rydberg stage 378/820.
[INFO] Enola: Solve for Rydberg stage 379/820.
[INFO] Enola: Solve for Rydberg stage 380/820.
[INFO] Enola: Solve for Rydberg stage 381/820.
[INFO] Enola: Solve for Rydberg stage 382/820.
[INFO] Enola: Solve for Rydberg stage 383/820.
[INFO] Enola: Solve for Rydberg stage 384/820.
[INFO] Enola: Solve for Rydberg stage 385/820.
[INFO] Enola: Solve for Rydberg stage 386/820.
[INFO] Enola: Solve for Rydberg stage 387/820.
[INFO] Enola: Solve for Rydberg stage 388/820.
[INFO] Enola: Solve for Rydberg stage 389/820.
[INFO] Enola: Solve for Rydberg stage 390/820.
[INFO] Enola: Solve for Rydberg stage 391/820.
[INFO] Enola: Solve for Rydberg stage 392/820.
[INFO] Enola: Solve for Rydberg stage 393/820.
[INFO] Enola: Solve for Rydberg stage 394/820.
[INFO] Enola: Solve for Rydberg stage 395/820.
[INFO] Enola: Solve for Rydberg stage 396/820.
[INFO] Enola: Solve for Rydberg stage 397/820.
[INFO] Enola: Solve for Rydberg stage 398/820.
[INFO] Enola: Solve for Rydberg stage 399/820.
[INFO] Enola: Solve for Rydberg stage 400/820.
[INFO] Enola: Solve for Rydberg stage 401/820.
[INFO] Enola: Solve for Rydberg stage 402/820.
[INFO] Enola: Solve for Rydberg stage 403/820.
[INFO] Enola: Solve for Rydberg stage 404/820.
[INFO] Enola: Solve for Rydberg stage 405/820.
[INFO] Enola: Solve for Rydberg stage 406/820.
[INFO] Enola: Solve for Rydberg stage 407/820.
[INFO] Enola: Solve for Rydberg stage 408/820.
[INFO] Enola: Solve for Rydberg stage 409/820.
[INFO] Enola: Solve for Rydberg stage 410/820.
[INFO] Enola: Solve for Rydberg stage 411/820.
[INFO] Enola: Solve for Rydberg stage 412/820.
[INFO] Enola: Solve for Rydberg stage 413/820.
[INFO] Enola: Solve for Rydberg stage 414/820.
[INFO] Enola: Solve for Rydberg stage 415/820.
[INFO] Enola: Solve for Rydberg stage 416/820.
[INFO] Enola: Solve for Rydberg stage 417/820.
[INFO] Enola: Solve for Rydberg stage 418/820.
[INFO] Enola: Solve for Rydberg stage 419/820.
[INFO] Enola: Solve for Rydberg stage 420/820.
[INFO] Enola: Solve for Rydberg stage 421/820.
[INFO] Enola: Solve for Rydberg stage 422/820.
[INFO] Enola: Solve for Rydberg stage 423/820.
[INFO] Enola: Solve for Rydberg stage 424/820.
[INFO] Enola: Solve for Rydberg stage 425/820.
[INFO] Enola: Solve for Rydberg stage 426/820.
[INFO] Enola: Solve for Rydberg stage 427/820.
[INFO] Enola: Solve for Rydberg stage 428/820.
[INFO] Enola: Solve for Rydberg stage 429/820.
[INFO] Enola: Solve for Rydberg stage 430/820.
[INFO] Enola: Solve for Rydberg stage 431/820.
[INFO] Enola: Solve for Rydberg stage 432/820.
[INFO] Enola: Solve for Rydberg stage 433/820.
[INFO] Enola: Solve for Rydberg stage 434/820.
[INFO] Enola: Solve for Rydberg stage 435/820.
[INFO] Enola: Solve for Rydberg stage 436/820.
[INFO] Enola: Solve for Rydberg stage 437/820.
[INFO] Enola: Solve for Rydberg stage 438/820.
[INFO] Enola: Solve for Rydberg stage 439/820.
[INFO] Enola: Solve for Rydberg stage 440/820.
[INFO] Enola: Solve for Rydberg stage 441/820.
[INFO] Enola: Solve for Rydberg stage 442/820.
[INFO] Enola: Solve for Rydberg stage 443/820.
[INFO] Enola: Solve for Rydberg stage 444/820.
[INFO] Enola: Solve for Rydberg stage 445/820.
[INFO] Enola: Solve for Rydberg stage 446/820.
[INFO] Enola: Solve for Rydberg stage 447/820.
[INFO] Enola: Solve for Rydberg stage 448/820.
[INFO] Enola: Solve for Rydberg stage 449/820.
[INFO] Enola: Solve for Rydberg stage 450/820.
[INFO] Enola: Solve for Rydberg stage 451/820.
[INFO] Enola: Solve for Rydberg stage 452/820.
[INFO] Enola: Solve for Rydberg stage 453/820.
[INFO] Enola: Solve for Rydberg stage 454/820.
[INFO] Enola: Solve for Rydberg stage 455/820.
[INFO] Enola: Solve for Rydberg stage 456/820.
[INFO] Enola: Solve for Rydberg stage 457/820.
[INFO] Enola: Solve for Rydberg stage 458/820.
[INFO] Enola: Solve for Rydberg stage 459/820.
[INFO] Enola: Solve for Rydberg stage 460/820.
[INFO] Enola: Solve for Rydberg stage 461/820.
[INFO] Enola: Solve for Rydberg stage 462/820.
[INFO] Enola: Solve for Rydberg stage 463/820.
[INFO] Enola: Solve for Rydberg stage 464/820.
[INFO] Enola: Solve for Rydberg stage 465/820.
[INFO] Enola: Solve for Rydberg stage 466/820.
[INFO] Enola: Solve for Rydberg stage 467/820.
[INFO] Enola: Solve for Rydberg stage 468/820.
[INFO] Enola: Solve for Rydberg stage 469/820.
[INFO] Enola: Solve for Rydberg stage 470/820.
[INFO] Enola: Solve for Rydberg stage 471/820.
[INFO] Enola: Solve for Rydberg stage 472/820.
[INFO] Enola: Solve for Rydberg stage 473/820.
[INFO] Enola: Solve for Rydberg stage 474/820.
[INFO] Enola: Solve for Rydberg stage 475/820.
[INFO] Enola: Solve for Rydberg stage 476/820.
[INFO] Enola: Solve for Rydberg stage 477/820.
[INFO] Enola: Solve for Rydberg stage 478/820.
[INFO] Enola: Solve for Rydberg stage 479/820.
[INFO] Enola: Solve for Rydberg stage 480/820.
[INFO] Enola: Solve for Rydberg stage 481/820.
[INFO] Enola: Solve for Rydberg stage 482/820.
[INFO] Enola: Solve for Rydberg stage 483/820.
[INFO] Enola: Solve for Rydberg stage 484/820.
[INFO] Enola: Solve for Rydberg stage 485/820.
[INFO] Enola: Solve for Rydberg stage 486/820.
[INFO] Enola: Solve for Rydberg stage 487/820.
[INFO] Enola: Solve for Rydberg stage 488/820.
[INFO] Enola: Solve for Rydberg stage 489/820.
[INFO] Enola: Solve for Rydberg stage 490/820.
[INFO] Enola: Solve for Rydberg stage 491/820.
[INFO] Enola: Solve for Rydberg stage 492/820.
[INFO] Enola: Solve for Rydberg stage 493/820.
[INFO] Enola: Solve for Rydberg stage 494/820.
[INFO] Enola: Solve for Rydberg stage 495/820.
[INFO] Enola: Solve for Rydberg stage 496/820.
[INFO] Enola: Solve for Rydberg stage 497/820.
[INFO] Enola: Solve for Rydberg stage 498/820.
[INFO] Enola: Solve for Rydberg stage 499/820.
[INFO] Enola: Solve for Rydberg stage 500/820.
[INFO] Enola: Solve for Rydberg stage 501/820.
[INFO] Enola: Solve for Rydberg stage 502/820.
[INFO] Enola: Solve for Rydberg stage 503/820.
[INFO] Enola: Solve for Rydberg stage 504/820.
[INFO] Enola: Solve for Rydberg stage 505/820.
[INFO] Enola: Solve for Rydberg stage 506/820.
[INFO] Enola: Solve for Rydberg stage 507/820.
[INFO] Enola: Solve for Rydberg stage 508/820.
[INFO] Enola: Solve for Rydberg stage 509/820.
[INFO] Enola: Solve for Rydberg stage 510/820.
[INFO] Enola: Solve for Rydberg stage 511/820.
[INFO] Enola: Solve for Rydberg stage 512/820.
[INFO] Enola: Solve for Rydberg stage 513/820.
[INFO] Enola: Solve for Rydberg stage 514/820.
[INFO] Enola: Solve for Rydberg stage 515/820.
[INFO] Enola: Solve for Rydberg stage 516/820.
[INFO] Enola: Solve for Rydberg stage 517/820.
[INFO] Enola: Solve for Rydberg stage 518/820.
[INFO] Enola: Solve for Rydberg stage 519/820.
[INFO] Enola: Solve for Rydberg stage 520/820.
[INFO] Enola: Solve for Rydberg stage 521/820.
[INFO] Enola: Solve for Rydberg stage 522/820.
[INFO] Enola: Solve for Rydberg stage 523/820.
[INFO] Enola: Solve for Rydberg stage 524/820.
[INFO] Enola: Solve for Rydberg stage 525/820.
[INFO] Enola: Solve for Rydberg stage 526/820.
[INFO] Enola: Solve for Rydberg stage 527/820.
[INFO] Enola: Solve for Rydberg stage 528/820.
[INFO] Enola: Solve for Rydberg stage 529/820.
[INFO] Enola: Solve for Rydberg stage 530/820.
[INFO] Enola: Solve for Rydberg stage 531/820.
[INFO] Enola: Solve for Rydberg stage 532/820.
[INFO] Enola: Solve for Rydberg stage 533/820.
[INFO] Enola: Solve for Rydberg stage 534/820.
[INFO] Enola: Solve for Rydberg stage 535/820.
[INFO] Enola: Solve for Rydberg stage 536/820.
[INFO] Enola: Solve for Rydberg stage 537/820.
[INFO] Enola: Solve for Rydberg stage 538/820.
[INFO] Enola: Solve for Rydberg stage 539/820.
[INFO] Enola: Solve for Rydberg stage 540/820.
[INFO] Enola: Solve for Rydberg stage 541/820.
[INFO] Enola: Solve for Rydberg stage 542/820.
[INFO] Enola: Solve for Rydberg stage 543/820.
[INFO] Enola: Solve for Rydberg stage 544/820.
[INFO] Enola: Solve for Rydberg stage 545/820.
[INFO] Enola: Solve for Rydberg stage 546/820.
[INFO] Enola: Solve for Rydberg stage 547/820.
[INFO] Enola: Solve for Rydberg stage 548/820.
[INFO] Enola: Solve for Rydberg stage 549/820.
[INFO] Enola: Solve for Rydberg stage 550/820.
[INFO] Enola: Solve for Rydberg stage 551/820.
[INFO] Enola: Solve for Rydberg stage 552/820.
[INFO] Enola: Solve for Rydberg stage 553/820.
[INFO] Enola: Solve for Rydberg stage 554/820.
[INFO] Enola: Solve for Rydberg stage 555/820.
[INFO] Enola: Solve for Rydberg stage 556/820.
[INFO] Enola: Solve for Rydberg stage 557/820.
[INFO] Enola: Solve for Rydberg stage 558/820.
[INFO] Enola: Solve for Rydberg stage 559/820.
[INFO] Enola: Solve for Rydberg stage 560/820.
[INFO] Enola: Solve for Rydberg stage 561/820.
[INFO] Enola: Solve for Rydberg stage 562/820.
[INFO] Enola: Solve for Rydberg stage 563/820.
[INFO] Enola: Solve for Rydberg stage 564/820.
[INFO] Enola: Solve for Rydberg stage 565/820.
[INFO] Enola: Solve for Rydberg stage 566/820.
[INFO] Enola: Solve for Rydberg stage 567/820.
[INFO] Enola: Solve for Rydberg stage 568/820.
[INFO] Enola: Solve for Rydberg stage 569/820.
[INFO] Enola: Solve for Rydberg stage 570/820.
[INFO] Enola: Solve for Rydberg stage 571/820.
[INFO] Enola: Solve for Rydberg stage 572/820.
[INFO] Enola: Solve for Rydberg stage 573/820.
[INFO] Enola: Solve for Rydberg stage 574/820.
[INFO] Enola: Solve for Rydberg stage 575/820.
[INFO] Enola: Solve for Rydberg stage 576/820.
[INFO] Enola: Solve for Rydberg stage 577/820.
[INFO] Enola: Solve for Rydberg stage 578/820.
[INFO] Enola: Solve for Rydberg stage 579/820.
[INFO] Enola: Solve for Rydberg stage 580/820.
[INFO] Enola: Solve for Rydberg stage 581/820.
[INFO] Enola: Solve for Rydberg stage 582/820.
[INFO] Enola: Solve for Rydberg stage 583/820.
[INFO] Enola: Solve for Rydberg stage 584/820.
[INFO] Enola: Solve for Rydberg stage 585/820.
[INFO] Enola: Solve for Rydberg stage 586/820.
[INFO] Enola: Solve for Rydberg stage 587/820.
[INFO] Enola: Solve for Rydberg stage 588/820.
[INFO] Enola: Solve for Rydberg stage 589/820.
[INFO] Enola: Solve for Rydberg stage 590/820.
[INFO] Enola: Solve for Rydberg stage 591/820.
[INFO] Enola: Solve for Rydberg stage 592/820.
[INFO] Enola: Solve for Rydberg stage 593/820.
[INFO] Enola: Solve for Rydberg stage 594/820.
[INFO] Enola: Solve for Rydberg stage 595/820.
[INFO] Enola: Solve for Rydberg stage 596/820.
[INFO] Enola: Solve for Rydberg stage 597/820.
[INFO] Enola: Solve for Rydberg stage 598/820.
[INFO] Enola: Solve for Rydberg stage 599/820.
[INFO] Enola: Solve for Rydberg stage 600/820.
[INFO] Enola: Solve for Rydberg stage 601/820.
[INFO] Enola: Solve for Rydberg stage 602/820.
[INFO] Enola: Solve for Rydberg stage 603/820.
[INFO] Enola: Solve for Rydberg stage 604/820.
[INFO] Enola: Solve for Rydberg stage 605/820.
[INFO] Enola: Solve for Rydberg stage 606/820.
[INFO] Enola: Solve for Rydberg stage 607/820.
[INFO] Enola: Solve for Rydberg stage 608/820.
[INFO] Enola: Solve for Rydberg stage 609/820.
[INFO] Enola: Solve for Rydberg stage 610/820.
[INFO] Enola: Solve for Rydberg stage 611/820.
[INFO] Enola: Solve for Rydberg stage 612/820.
[INFO] Enola: Solve for Rydberg stage 613/820.
[INFO] Enola: Solve for Rydberg stage 614/820.
[INFO] Enola: Solve for Rydberg stage 615/820.
[INFO] Enola: Solve for Rydberg stage 616/820.
[INFO] Enola: Solve for Rydberg stage 617/820.
[INFO] Enola: Solve for Rydberg stage 618/820.
[INFO] Enola: Solve for Rydberg stage 619/820.
[INFO] Enola: Solve for Rydberg stage 620/820.
[INFO] Enola: Solve for Rydberg stage 621/820.
[INFO] Enola: Solve for Rydberg stage 622/820.
[INFO] Enola: Solve for Rydberg stage 623/820.
[INFO] Enola: Solve for Rydberg stage 624/820.
[INFO] Enola: Solve for Rydberg stage 625/820.
[INFO] Enola: Solve for Rydberg stage 626/820.
[INFO] Enola: Solve for Rydberg stage 627/820.
[INFO] Enola: Solve for Rydberg stage 628/820.
[INFO] Enola: Solve for Rydberg stage 629/820.
[INFO] Enola: Solve for Rydberg stage 630/820.
[INFO] Enola: Solve for Rydberg stage 631/820.
[INFO] Enola: Solve for Rydberg stage 632/820.
[INFO] Enola: Solve for Rydberg stage 633/820.
[INFO] Enola: Solve for Rydberg stage 634/820.
[INFO] Enola: Solve for Rydberg stage 635/820.
[INFO] Enola: Solve for Rydberg stage 636/820.
[INFO] Enola: Solve for Rydberg stage 637/820.
[INFO] Enola: Solve for Rydberg stage 638/820.
[INFO] Enola: Solve for Rydberg stage 639/820.
[INFO] Enola: Solve for Rydberg stage 640/820.
[INFO] Enola: Solve for Rydberg stage 641/820.
[INFO] Enola: Solve for Rydberg stage 642/820.
[INFO] Enola: Solve for Rydberg stage 643/820.
[INFO] Enola: Solve for Rydberg stage 644/820.
[INFO] Enola: Solve for Rydberg stage 645/820.
[INFO] Enola: Solve for Rydberg stage 646/820.
[INFO] Enola: Solve for Rydberg stage 647/820.
[INFO] Enola: Solve for Rydberg stage 648/820.
[INFO] Enola: Solve for Rydberg stage 649/820.
[INFO] Enola: Solve for Rydberg stage 650/820.
[INFO] Enola: Solve for Rydberg stage 651/820.
[INFO] Enola: Solve for Rydberg stage 652/820.
[INFO] Enola: Solve for Rydberg stage 653/820.
[INFO] Enola: Solve for Rydberg stage 654/820.
[INFO] Enola: Solve for Rydberg stage 655/820.
[INFO] Enola: Solve for Rydberg stage 656/820.
[INFO] Enola: Solve for Rydberg stage 657/820.
[INFO] Enola: Solve for Rydberg stage 658/820.
[INFO] Enola: Solve for Rydberg stage 659/820.
[INFO] Enola: Solve for Rydberg stage 660/820.
[INFO] Enola: Solve for Rydberg stage 661/820.
[INFO] Enola: Solve for Rydberg stage 662/820.
[INFO] Enola: Solve for Rydberg stage 663/820.
[INFO] Enola: Solve for Rydberg stage 664/820.
[INFO] Enola: Solve for Rydberg stage 665/820.
[INFO] Enola: Solve for Rydberg stage 666/820.
[INFO] Enola: Solve for Rydberg stage 667/820.
[INFO] Enola: Solve for Rydberg stage 668/820.
[INFO] Enola: Solve for Rydberg stage 669/820.
[INFO] Enola: Solve for Rydberg stage 670/820.
[INFO] Enola: Solve for Rydberg stage 671/820.
[INFO] Enola: Solve for Rydberg stage 672/820.
[INFO] Enola: Solve for Rydberg stage 673/820.
[INFO] Enola: Solve for Rydberg stage 674/820.
[INFO] Enola: Solve for Rydberg stage 675/820.
[INFO] Enola: Solve for Rydberg stage 676/820.
[INFO] Enola: Solve for Rydberg stage 677/820.
[INFO] Enola: Solve for Rydberg stage 678/820.
[INFO] Enola: Solve for Rydberg stage 679/820.
[INFO] Enola: Solve for Rydberg stage 680/820.
[INFO] Enola: Solve for Rydberg stage 681/820.
[INFO] Enola: Solve for Rydberg stage 682/820.
[INFO] Enola: Solve for Rydberg stage 683/820.
[INFO] Enola: Solve for Rydberg stage 684/820.
[INFO] Enola: Solve for Rydberg stage 685/820.
[INFO] Enola: Solve for Rydberg stage 686/820.
[INFO] Enola: Solve for Rydberg stage 687/820.
[INFO] Enola: Solve for Rydberg stage 688/820.
[INFO] Enola: Solve for Rydberg stage 689/820.
[INFO] Enola: Solve for Rydberg stage 690/820.
[INFO] Enola: Solve for Rydberg stage 691/820.
[INFO] Enola: Solve for Rydberg stage 692/820.
[INFO] Enola: Solve for Rydberg stage 693/820.
[INFO] Enola: Solve for Rydberg stage 694/820.
[INFO] Enola: Solve for Rydberg stage 695/820.
[INFO] Enola: Solve for Rydberg stage 696/820.
[INFO] Enola: Solve for Rydberg stage 697/820.
[INFO] Enola: Solve for Rydberg stage 698/820.
[INFO] Enola: Solve for Rydberg stage 699/820.
[INFO] Enola: Solve for Rydberg stage 700/820.
[INFO] Enola: Solve for Rydberg stage 701/820.
[INFO] Enola: Solve for Rydberg stage 702/820.
[INFO] Enola: Solve for Rydberg stage 703/820.
[INFO] Enola: Solve for Rydberg stage 704/820.
[INFO] Enola: Solve for Rydberg stage 705/820.
[INFO] Enola: Solve for Rydberg stage 706/820.
[INFO] Enola: Solve for Rydberg stage 707/820.
[INFO] Enola: Solve for Rydberg stage 708/820.
[INFO] Enola: Solve for Rydberg stage 709/820.
[INFO] Enola: Solve for Rydberg stage 710/820.
[INFO] Enola: Solve for Rydberg stage 711/820.
[INFO] Enola: Solve for Rydberg stage 712/820.
[INFO] Enola: Solve for Rydberg stage 713/820.
[INFO] Enola: Solve for Rydberg stage 714/820.
[INFO] Enola: Solve for Rydberg stage 715/820.
[INFO] Enola: Solve for Rydberg stage 716/820.
[INFO] Enola: Solve for Rydberg stage 717/820.
[INFO] Enola: Solve for Rydberg stage 718/820.
[INFO] Enola: Solve for Rydberg stage 719/820.
[INFO] Enola: Solve for Rydberg stage 720/820.
[INFO] Enola: Solve for Rydberg stage 721/820.
[INFO] Enola: Solve for Rydberg stage 722/820.
[INFO] Enola: Solve for Rydberg stage 723/820.
[INFO] Enola: Solve for Rydberg stage 724/820.
[INFO] Enola: Solve for Rydberg stage 725/820.
[INFO] Enola: Solve for Rydberg stage 726/820.
[INFO] Enola: Solve for Rydberg stage 727/820.
[INFO] Enola: Solve for Rydberg stage 728/820.
[INFO] Enola: Solve for Rydberg stage 729/820.
[INFO] Enola: Solve for Rydberg stage 730/820.
[INFO] Enola: Solve for Rydberg stage 731/820.
[INFO] Enola: Solve for Rydberg stage 732/820.
[INFO] Enola: Solve for Rydberg stage 733/820.
[INFO] Enola: Solve for Rydberg stage 734/820.
[INFO] Enola: Solve for Rydberg stage 735/820.
[INFO] Enola: Solve for Rydberg stage 736/820.
[INFO] Enola: Solve for Rydberg stage 737/820.
[INFO] Enola: Solve for Rydberg stage 738/820.
[INFO] Enola: Solve for Rydberg stage 739/820.
[INFO] Enola: Solve for Rydberg stage 740/820.
[INFO] Enola: Solve for Rydberg stage 741/820.
[INFO] Enola: Solve for Rydberg stage 742/820.
[INFO] Enola: Solve for Rydberg stage 743/820.
[INFO] Enola: Solve for Rydberg stage 744/820.
[INFO] Enola: Solve for Rydberg stage 745/820.
[INFO] Enola: Solve for Rydberg stage 746/820.
[INFO] Enola: Solve for Rydberg stage 747/820.
[INFO] Enola: Solve for Rydberg stage 748/820.
[INFO] Enola: Solve for Rydberg stage 749/820.
[INFO] Enola: Solve for Rydberg stage 750/820.
[INFO] Enola: Solve for Rydberg stage 751/820.
[INFO] Enola: Solve for Rydberg stage 752/820.
[INFO] Enola: Solve for Rydberg stage 753/820.
[INFO] Enola: Solve for Rydberg stage 754/820.
[INFO] Enola: Solve for Rydberg stage 755/820.
[INFO] Enola: Solve for Rydberg stage 756/820.
[INFO] Enola: Solve for Rydberg stage 757/820.
[INFO] Enola: Solve for Rydberg stage 758/820.
[INFO] Enola: Solve for Rydberg stage 759/820.
[INFO] Enola: Solve for Rydberg stage 760/820.
[INFO] Enola: Solve for Rydberg stage 761/820.
[INFO] Enola: Solve for Rydberg stage 762/820.
[INFO] Enola: Solve for Rydberg stage 763/820.
[INFO] Enola: Solve for Rydberg stage 764/820.
[INFO] Enola: Solve for Rydberg stage 765/820.
[INFO] Enola: Solve for Rydberg stage 766/820.
[INFO] Enola: Solve for Rydberg stage 767/820.
[INFO] Enola: Solve for Rydberg stage 768/820.
[INFO] Enola: Solve for Rydberg stage 769/820.
[INFO] Enola: Solve for Rydberg stage 770/820.
[INFO] Enola: Solve for Rydberg stage 771/820.
[INFO] Enola: Solve for Rydberg stage 772/820.
[INFO] Enola: Solve for Rydberg stage 773/820.
[INFO] Enola: Solve for Rydberg stage 774/820.
[INFO] Enola: Solve for Rydberg stage 775/820.
[INFO] Enola: Solve for Rydberg stage 776/820.
[INFO] Enola: Solve for Rydberg stage 777/820.
[INFO] Enola: Solve for Rydberg stage 778/820.
[INFO] Enola: Solve for Rydberg stage 779/820.
[INFO] Enola: Solve for Rydberg stage 780/820.
[INFO] Enola: Solve for Rydberg stage 781/820.
[INFO] Enola: Solve for Rydberg stage 782/820.
[INFO] Enola: Solve for Rydberg stage 783/820.
[INFO] Enola: Solve for Rydberg stage 784/820.
[INFO] Enola: Solve for Rydberg stage 785/820.
[INFO] Enola: Solve for Rydberg stage 786/820.
[INFO] Enola: Solve for Rydberg stage 787/820.
[INFO] Enola: Solve for Rydberg stage 788/820.
[INFO] Enola: Solve for Rydberg stage 789/820.
[INFO] Enola: Solve for Rydberg stage 790/820.
[INFO] Enola: Solve for Rydberg stage 791/820.
[INFO] Enola: Solve for Rydberg stage 792/820.
[INFO] Enola: Solve for Rydberg stage 793/820.
[INFO] Enola: Solve for Rydberg stage 794/820.
[INFO] Enola: Solve for Rydberg stage 795/820.
[INFO] Enola: Solve for Rydberg stage 796/820.
[INFO] Enola: Solve for Rydberg stage 797/820.
[INFO] Enola: Solve for Rydberg stage 798/820.
[INFO] Enola: Solve for Rydberg stage 799/820.
[INFO] Enola: Solve for Rydberg stage 800/820.
[INFO] Enola: Solve for Rydberg stage 801/820.
[INFO] Enola: Solve for Rydberg stage 802/820.
[INFO] Enola: Solve for Rydberg stage 803/820.
[INFO] Enola: Solve for Rydberg stage 804/820.
[INFO] Enola: Solve for Rydberg stage 805/820.
[INFO] Enola: Solve for Rydberg stage 806/820.
[INFO] Enola: Solve for Rydberg stage 807/820.
[INFO] Enola: Solve for Rydberg stage 808/820.
[INFO] Enola: Solve for Rydberg stage 809/820.
[INFO] Enola: Solve for Rydberg stage 810/820.
[INFO] Enola: Solve for Rydberg stage 811/820.
[INFO] Enola: Solve for Rydberg stage 812/820.
[INFO] Enola: Solve for Rydberg stage 813/820.
[INFO] Enola: Solve for Rydberg stage 814/820.
[INFO] Enola: Solve for Rydberg stage 815/820.
[INFO] Enola: Solve for Rydberg stage 816/820.
[INFO] Enola: Solve for Rydberg stage 817/820.
[INFO] Enola: Solve for Rydberg stage 818/820.
[INFO] Enola: Solve for Rydberg stage 819/820.
[INFO] Enola: Solve for Rydberg stage 820/820.
[INFO] Enola: Solve for Rydberg stage 821/820.
[INFO] Enola: Time for routing: 0.16515183448791504s
[INFO] Enola: Total Time: 149.31480145454407s
Compilation successful.

2026-03-23 12:33:03,720 - BenchmarkManager - INFO - enola (run 1/1) - Running /u/halle/heiz/home_at/BachelorProject/benchmarks/uuf_fix50_20-100/uuf50-080.qasm
2026-03-23 12:33:03,720 - Compiler.enola - INFO - Array width: 754, Array height: 44, AOD columns: 50, AOD rows: 1
2026-03-23 12:35:53,398 - Compiler.enola - INFO - STDOUT:
[INFO] Enola: Start Solving
[INFO] Enola: Run scheduling
[INFO] Enola: Time for scheduling: 0.0008697509765625s
754
[INFO] Enola: Time for placement: 1.1682510375976562e-05s
[INFO] Enola: Solve for Rydberg stage 2/847.
[INFO] Enola: Solve for Rydberg stage 3/847.
[INFO] Enola: Solve for Rydberg stage 4/847.
[INFO] Enola: Solve for Rydberg stage 5/847.
[INFO] Enola: Solve for Rydberg stage 6/847.
[INFO] Enola: Solve for Rydberg stage 7/847.
[INFO] Enola: Solve for Rydberg stage 8/847.
[INFO] Enola: Solve for Rydberg stage 9/847.
[INFO] Enola: Solve for Rydberg stage 10/847.
[INFO] Enola: Solve for Rydberg stage 11/847.
[INFO] Enola: Solve for Rydberg stage 12/847.
[INFO] Enola: Solve for Rydberg stage 13/847.
[INFO] Enola: Solve for Rydberg stage 14/847.
[INFO] Enola: Solve for Rydberg stage 15/847.
[INFO] Enola: Solve for Rydberg stage 16/847.
[INFO] Enola: Solve for Rydberg stage 17/847.
[INFO] Enola: Solve for Rydberg stage 18/847.
[INFO] Enola: Solve for Rydberg stage 19/847.
[INFO] Enola: Solve for Rydberg stage 20/847.
[INFO] Enola: Solve for Rydberg stage 21/847.
[INFO] Enola: Solve for Rydberg stage 22/847.
[INFO] Enola: Solve for Rydberg stage 23/847.
[INFO] Enola: Solve for Rydberg stage 24/847.
[INFO] Enola: Solve for Rydberg stage 25/847.
[INFO] Enola: Solve for Rydberg stage 26/847.
[INFO] Enola: Solve for Rydberg stage 27/847.
[INFO] Enola: Solve for Rydberg stage 28/847.
[INFO] Enola: Solve for Rydberg stage 29/847.
[INFO] Enola: Solve for Rydberg stage 30/847.
[INFO] Enola: Solve for Rydberg stage 31/847.
[INFO] Enola: Solve for Rydberg stage 32/847.
[INFO] Enola: Solve for Rydberg stage 33/847.
[INFO] Enola: Solve for Rydberg stage 34/847.
[INFO] Enola: Solve for Rydberg stage 35/847.
[INFO] Enola: Solve for Rydberg stage 36/847.
[INFO] Enola: Solve for Rydberg stage 37/847.
[INFO] Enola: Solve for Rydberg stage 38/847.
[INFO] Enola: Solve for Rydberg stage 39/847.
[INFO] Enola: Solve for Rydberg stage 40/847.
[INFO] Enola: Solve for Rydberg stage 41/847.
[INFO] Enola: Solve for Rydberg stage 42/847.
[INFO] Enola: Solve for Rydberg stage 43/847.
[INFO] Enola: Solve for Rydberg stage 44/847.
[INFO] Enola: Solve for Rydberg stage 45/847.
[INFO] Enola: Solve for Rydberg stage 46/847.
[INFO] Enola: Solve for Rydberg stage 47/847.
[INFO] Enola: Solve for Rydberg stage 48/847.
[INFO] Enola: Solve for Rydberg stage 49/847.
[INFO] Enola: Solve for Rydberg stage 50/847.
[INFO] Enola: Solve for Rydberg stage 51/847.
[INFO] Enola: Solve for Rydberg stage 52/847.
[INFO] Enola: Solve for Rydberg stage 53/847.
[INFO] Enola: Solve for Rydberg stage 54/847.
[INFO] Enola: Solve for Rydberg stage 55/847.
[INFO] Enola: Solve for Rydberg stage 56/847.
[INFO] Enola: Solve for Rydberg stage 57/847.
[INFO] Enola: Solve for Rydberg stage 58/847.
[INFO] Enola: Solve for Rydberg stage 59/847.
[INFO] Enola: Solve for Rydberg stage 60/847.
[INFO] Enola: Solve for Rydberg stage 61/847.
[INFO] Enola: Solve for Rydberg stage 62/847.
[INFO] Enola: Solve for Rydberg stage 63/847.
[INFO] Enola: Solve for Rydberg stage 64/847.
[INFO] Enola: Solve for Rydberg stage 65/847.
[INFO] Enola: Solve for Rydberg stage 66/847.
[INFO] Enola: Solve for Rydberg stage 67/847.
[INFO] Enola: Solve for Rydberg stage 68/847.
[INFO] Enola: Solve for Rydberg stage 69/847.
[INFO] Enola: Solve for Rydberg stage 70/847.
[INFO] Enola: Solve for Rydberg stage 71/847.
[INFO] Enola: Solve for Rydberg stage 72/847.
[INFO] Enola: Solve for Rydberg stage 73/847.
[INFO] Enola: Solve for Rydberg stage 74/847.
[INFO] Enola: Solve for Rydberg stage 75/847.
[INFO] Enola: Solve for Rydberg stage 76/847.
[INFO] Enola: Solve for Rydberg stage 77/847.
[INFO] Enola: Solve for Rydberg stage 78/847.
[INFO] Enola: Solve for Rydberg stage 79/847.
[INFO] Enola: Solve for Rydberg stage 80/847.
[INFO] Enola: Solve for Rydberg stage 81/847.
[INFO] Enola: Solve for Rydberg stage 82/847.
[INFO] Enola: Solve for Rydberg stage 83/847.
[INFO] Enola: Solve for Rydberg stage 84/847.
[INFO] Enola: Solve for Rydberg stage 85/847.
[INFO] Enola: Solve for Rydberg stage 86/847.
[INFO] Enola: Solve for Rydberg stage 87/847.
[INFO] Enola: Solve for Rydberg stage 88/847.
[INFO] Enola: Solve for Rydberg stage 89/847.
[INFO] Enola: Solve for Rydberg stage 90/847.
[INFO] Enola: Solve for Rydberg stage 91/847.
[INFO] Enola: Solve for Rydberg stage 92/847.
[INFO] Enola: Solve for Rydberg stage 93/847.
[INFO] Enola: Solve for Rydberg stage 94/847.
[INFO] Enola: Solve for Rydberg stage 95/847.
[INFO] Enola: Solve for Rydberg stage 96/847.
[INFO] Enola: Solve for Rydberg stage 97/847.
[INFO] Enola: Solve for Rydberg stage 98/847.
[INFO] Enola: Solve for Rydberg stage 99/847.
[INFO] Enola: Solve for Rydberg stage 100/847.
[INFO] Enola: Solve for Rydberg stage 101/847.
[INFO] Enola: Solve for Rydberg stage 102/847.
[INFO] Enola: Solve for Rydberg stage 103/847.
[INFO] Enola: Solve for Rydberg stage 104/847.
[INFO] Enola: Solve for Rydberg stage 105/847.
[INFO] Enola: Solve for Rydberg stage 106/847.
[INFO] Enola: Solve for Rydberg stage 107/847.
[INFO] Enola: Solve for Rydberg stage 108/847.
[INFO] Enola: Solve for Rydberg stage 109/847.
[INFO] Enola: Solve for Rydberg stage 110/847.
[INFO] Enola: Solve for Rydberg stage 111/847.
[INFO] Enola: Solve for Rydberg stage 112/847.
[INFO] Enola: Solve for Rydberg stage 113/847.
[INFO] Enola: Solve for Rydberg stage 114/847.
[INFO] Enola: Solve for Rydberg stage 115/847.
[INFO] Enola: Solve for Rydberg stage 116/847.
[INFO] Enola: Solve for Rydberg stage 117/847.
[INFO] Enola: Solve for Rydberg stage 118/847.
[INFO] Enola: Solve for Rydberg stage 119/847.
[INFO] Enola: Solve for Rydberg stage 120/847.
[INFO] Enola: Solve for Rydberg stage 121/847.
[INFO] Enola: Solve for Rydberg stage 122/847.
[INFO] Enola: Solve for Rydberg stage 123/847.
[INFO] Enola: Solve for Rydberg stage 124/847.
[INFO] Enola: Solve for Rydberg stage 125/847.
[INFO] Enola: Solve for Rydberg stage 126/847.
[INFO] Enola: Solve for Rydberg stage 127/847.
[INFO] Enola: Solve for Rydberg stage 128/847.
[INFO] Enola: Solve for Rydberg stage 129/847.
[INFO] Enola: Solve for Rydberg stage 130/847.
[INFO] Enola: Solve for Rydberg stage 131/847.
[INFO] Enola: Solve for Rydberg stage 132/847.
[INFO] Enola: Solve for Rydberg stage 133/847.
[INFO] Enola: Solve for Rydberg stage 134/847.
[INFO] Enola: Solve for Rydberg stage 135/847.
[INFO] Enola: Solve for Rydberg stage 136/847.
[INFO] Enola: Solve for Rydberg stage 137/847.
[INFO] Enola: Solve for Rydberg stage 138/847.
[INFO] Enola: Solve for Rydberg stage 139/847.
[INFO] Enola: Solve for Rydberg stage 140/847.
[INFO] Enola: Solve for Rydberg stage 141/847.
[INFO] Enola: Solve for Rydberg stage 142/847.
[INFO] Enola: Solve for Rydberg stage 143/847.
[INFO] Enola: Solve for Rydberg stage 144/847.
[INFO] Enola: Solve for Rydberg stage 145/847.
[INFO] Enola: Solve for Rydberg stage 146/847.
[INFO] Enola: Solve for Rydberg stage 147/847.
[INFO] Enola: Solve for Rydberg stage 148/847.
[INFO] Enola: Solve for Rydberg stage 149/847.
[INFO] Enola: Solve for Rydberg stage 150/847.
[INFO] Enola: Solve for Rydberg stage 151/847.
[INFO] Enola: Solve for Rydberg stage 152/847.
[INFO] Enola: Solve for Rydberg stage 153/847.
[INFO] Enola: Solve for Rydberg stage 154/847.
[INFO] Enola: Solve for Rydberg stage 155/847.
[INFO] Enola: Solve for Rydberg stage 156/847.
[INFO] Enola: Solve for Rydberg stage 157/847.
[INFO] Enola: Solve for Rydberg stage 158/847.
[INFO] Enola: Solve for Rydberg stage 159/847.
[INFO] Enola: Solve for Rydberg stage 160/847.
[INFO] Enola: Solve for Rydberg stage 161/847.
[INFO] Enola: Solve for Rydberg stage 162/847.
[INFO] Enola: Solve for Rydberg stage 163/847.
[INFO] Enola: Solve for Rydberg stage 164/847.
[INFO] Enola: Solve for Rydberg stage 165/847.
[INFO] Enola: Solve for Rydberg stage 166/847.
[INFO] Enola: Solve for Rydberg stage 167/847.
[INFO] Enola: Solve for Rydberg stage 168/847.
[INFO] Enola: Solve for Rydberg stage 169/847.
[INFO] Enola: Solve for Rydberg stage 170/847.
[INFO] Enola: Solve for Rydberg stage 171/847.
[INFO] Enola: Solve for Rydberg stage 172/847.
[INFO] Enola: Solve for Rydberg stage 173/847.
[INFO] Enola: Solve for Rydberg stage 174/847.
[INFO] Enola: Solve for Rydberg stage 175/847.
[INFO] Enola: Solve for Rydberg stage 176/847.
[INFO] Enola: Solve for Rydberg stage 177/847.
[INFO] Enola: Solve for Rydberg stage 178/847.
[INFO] Enola: Solve for Rydberg stage 179/847.
[INFO] Enola: Solve for Rydberg stage 180/847.
[INFO] Enola: Solve for Rydberg stage 181/847.
[INFO] Enola: Solve for Rydberg stage 182/847.
[INFO] Enola: Solve for Rydberg stage 183/847.
[INFO] Enola: Solve for Rydberg stage 184/847.
[INFO] Enola: Solve for Rydberg stage 185/847.
[INFO] Enola: Solve for Rydberg stage 186/847.
[INFO] Enola: Solve for Rydberg stage 187/847.
[INFO] Enola: Solve for Rydberg stage 188/847.
[INFO] Enola: Solve for Rydberg stage 189/847.
[INFO] Enola: Solve for Rydberg stage 190/847.
[INFO] Enola: Solve for Rydberg stage 191/847.
[INFO] Enola: Solve for Rydberg stage 192/847.
[INFO] Enola: Solve for Rydberg stage 193/847.
[INFO] Enola: Solve for Rydberg stage 194/847.
[INFO] Enola: Solve for Rydberg stage 195/847.
[INFO] Enola: Solve for Rydberg stage 196/847.
[INFO] Enola: Solve for Rydberg stage 197/847.
[INFO] Enola: Solve for Rydberg stage 198/847.
[INFO] Enola: Solve for Rydberg stage 199/847.
[INFO] Enola: Solve for Rydberg stage 200/847.
[INFO] Enola: Solve for Rydberg stage 201/847.
[INFO] Enola: Solve for Rydberg stage 202/847.
[INFO] Enola: Solve for Rydberg stage 203/847.
[INFO] Enola: Solve for Rydberg stage 204/847.
[INFO] Enola: Solve for Rydberg stage 205/847.
[INFO] Enola: Solve for Rydberg stage 206/847.
[INFO] Enola: Solve for Rydberg stage 207/847.
[INFO] Enola: Solve for Rydberg stage 208/847.
[INFO] Enola: Solve for Rydberg stage 209/847.
[INFO] Enola: Solve for Rydberg stage 210/847.
[INFO] Enola: Solve for Rydberg stage 211/847.
[INFO] Enola: Solve for Rydberg stage 212/847.
[INFO] Enola: Solve for Rydberg stage 213/847.
[INFO] Enola: Solve for Rydberg stage 214/847.
[INFO] Enola: Solve for Rydberg stage 215/847.
[INFO] Enola: Solve for Rydberg stage 216/847.
[INFO] Enola: Solve for Rydberg stage 217/847.
[INFO] Enola: Solve for Rydberg stage 218/847.
[INFO] Enola: Solve for Rydberg stage 219/847.
[INFO] Enola: Solve for Rydberg stage 220/847.
[INFO] Enola: Solve for Rydberg stage 221/847.
[INFO] Enola: Solve for Rydberg stage 222/847.
[INFO] Enola: Solve for Rydberg stage 223/847.
[INFO] Enola: Solve for Rydberg stage 224/847.
[INFO] Enola: Solve for Rydberg stage 225/847.
[INFO] Enola: Solve for Rydberg stage 226/847.
[INFO] Enola: Solve for Rydberg stage 227/847.
[INFO] Enola: Solve for Rydberg stage 228/847.
[INFO] Enola: Solve for Rydberg stage 229/847.
[INFO] Enola: Solve for Rydberg stage 230/847.
[INFO] Enola: Solve for Rydberg stage 231/847.
[INFO] Enola: Solve for Rydberg stage 232/847.
[INFO] Enola: Solve for Rydberg stage 233/847.
[INFO] Enola: Solve for Rydberg stage 234/847.
[INFO] Enola: Solve for Rydberg stage 235/847.
[INFO] Enola: Solve for Rydberg stage 236/847.
[INFO] Enola: Solve for Rydberg stage 237/847.
[INFO] Enola: Solve for Rydberg stage 238/847.
[INFO] Enola: Solve for Rydberg stage 239/847.
[INFO] Enola: Solve for Rydberg stage 240/847.
[INFO] Enola: Solve for Rydberg stage 241/847.
[INFO] Enola: Solve for Rydberg stage 242/847.
[INFO] Enola: Solve for Rydberg stage 243/847.
[INFO] Enola: Solve for Rydberg stage 244/847.
[INFO] Enola: Solve for Rydberg stage 245/847.
[INFO] Enola: Solve for Rydberg stage 246/847.
[INFO] Enola: Solve for Rydberg stage 247/847.
[INFO] Enola: Solve for Rydberg stage 248/847.
[INFO] Enola: Solve for Rydberg stage 249/847.
[INFO] Enola: Solve for Rydberg stage 250/847.
[INFO] Enola: Solve for Rydberg stage 251/847.
[INFO] Enola: Solve for Rydberg stage 252/847.
[INFO] Enola: Solve for Rydberg stage 253/847.
[INFO] Enola: Solve for Rydberg stage 254/847.
[INFO] Enola: Solve for Rydberg stage 255/847.
[INFO] Enola: Solve for Rydberg stage 256/847.
[INFO] Enola: Solve for Rydberg stage 257/847.
[INFO] Enola: Solve for Rydberg stage 258/847.
[INFO] Enola: Solve for Rydberg stage 259/847.
[INFO] Enola: Solve for Rydberg stage 260/847.
[INFO] Enola: Solve for Rydberg stage 261/847.
[INFO] Enola: Solve for Rydberg stage 262/847.
[INFO] Enola: Solve for Rydberg stage 263/847.
[INFO] Enola: Solve for Rydberg stage 264/847.
[INFO] Enola: Solve for Rydberg stage 265/847.
[INFO] Enola: Solve for Rydberg stage 266/847.
[INFO] Enola: Solve for Rydberg stage 267/847.
[INFO] Enola: Solve for Rydberg stage 268/847.
[INFO] Enola: Solve for Rydberg stage 269/847.
[INFO] Enola: Solve for Rydberg stage 270/847.
[INFO] Enola: Solve for Rydberg stage 271/847.
[INFO] Enola: Solve for Rydberg stage 272/847.
[INFO] Enola: Solve for Rydberg stage 273/847.
[INFO] Enola: Solve for Rydberg stage 274/847.
[INFO] Enola: Solve for Rydberg stage 275/847.
[INFO] Enola: Solve for Rydberg stage 276/847.
[INFO] Enola: Solve for Rydberg stage 277/847.
[INFO] Enola: Solve for Rydberg stage 278/847.
[INFO] Enola: Solve for Rydberg stage 279/847.
[INFO] Enola: Solve for Rydberg stage 280/847.
[INFO] Enola: Solve for Rydberg stage 281/847.
[INFO] Enola: Solve for Rydberg stage 282/847.
[INFO] Enola: Solve for Rydberg stage 283/847.
[INFO] Enola: Solve for Rydberg stage 284/847.
[INFO] Enola: Solve for Rydberg stage 285/847.
[INFO] Enola: Solve for Rydberg stage 286/847.
[INFO] Enola: Solve for Rydberg stage 287/847.
[INFO] Enola: Solve for Rydberg stage 288/847.
[INFO] Enola: Solve for Rydberg stage 289/847.
[INFO] Enola: Solve for Rydberg stage 290/847.
[INFO] Enola: Solve for Rydberg stage 291/847.
[INFO] Enola: Solve for Rydberg stage 292/847.
[INFO] Enola: Solve for Rydberg stage 293/847.
[INFO] Enola: Solve for Rydberg stage 294/847.
[INFO] Enola: Solve for Rydberg stage 295/847.
[INFO] Enola: Solve for Rydberg stage 296/847.
[INFO] Enola: Solve for Rydberg stage 297/847.
[INFO] Enola: Solve for Rydberg stage 298/847.
[INFO] Enola: Solve for Rydberg stage 299/847.
[INFO] Enola: Solve for Rydberg stage 300/847.
[INFO] Enola: Solve for Rydberg stage 301/847.
[INFO] Enola: Solve for Rydberg stage 302/847.
[INFO] Enola: Solve for Rydberg stage 303/847.
[INFO] Enola: Solve for Rydberg stage 304/847.
[INFO] Enola: Solve for Rydberg stage 305/847.
[INFO] Enola: Solve for Rydberg stage 306/847.
[INFO] Enola: Solve for Rydberg stage 307/847.
[INFO] Enola: Solve for Rydberg stage 308/847.
[INFO] Enola: Solve for Rydberg stage 309/847.
[INFO] Enola: Solve for Rydberg stage 310/847.
[INFO] Enola: Solve for Rydberg stage 311/847.
[INFO] Enola: Solve for Rydberg stage 312/847.
[INFO] Enola: Solve for Rydberg stage 313/847.
[INFO] Enola: Solve for Rydberg stage 314/847.
[INFO] Enola: Solve for Rydberg stage 315/847.
[INFO] Enola: Solve for Rydberg stage 316/847.
[INFO] Enola: Solve for Rydberg stage 317/847.
[INFO] Enola: Solve for Rydberg stage 318/847.
[INFO] Enola: Solve for Rydberg stage 319/847.
[INFO] Enola: Solve for Rydberg stage 320/847.
[INFO] Enola: Solve for Rydberg stage 321/847.
[INFO] Enola: Solve for Rydberg stage 322/847.
[INFO] Enola: Solve for Rydberg stage 323/847.
[INFO] Enola: Solve for Rydberg stage 324/847.
[INFO] Enola: Solve for Rydberg stage 325/847.
[INFO] Enola: Solve for Rydberg stage 326/847.
[INFO] Enola: Solve for Rydberg stage 327/847.
[INFO] Enola: Solve for Rydberg stage 328/847.
[INFO] Enola: Solve for Rydberg stage 329/847.
[INFO] Enola: Solve for Rydberg stage 330/847.
[INFO] Enola: Solve for Rydberg stage 331/847.
[INFO] Enola: Solve for Rydberg stage 332/847.
[INFO] Enola: Solve for Rydberg stage 333/847.
[INFO] Enola: Solve for Rydberg stage 334/847.
[INFO] Enola: Solve for Rydberg stage 335/847.
[INFO] Enola: Solve for Rydberg stage 336/847.
[INFO] Enola: Solve for Rydberg stage 337/847.
[INFO] Enola: Solve for Rydberg stage 338/847.
[INFO] Enola: Solve for Rydberg stage 339/847.
[INFO] Enola: Solve for Rydberg stage 340/847.
[INFO] Enola: Solve for Rydberg stage 341/847.
[INFO] Enola: Solve for Rydberg stage 342/847.
[INFO] Enola: Solve for Rydberg stage 343/847.
[INFO] Enola: Solve for Rydberg stage 344/847.
[INFO] Enola: Solve for Rydberg stage 345/847.
[INFO] Enola: Solve for Rydberg stage 346/847.
[INFO] Enola: Solve for Rydberg stage 347/847.
[INFO] Enola: Solve for Rydberg stage 348/847.
[INFO] Enola: Solve for Rydberg stage 349/847.
[INFO] Enola: Solve for Rydberg stage 350/847.
[INFO] Enola: Solve for Rydberg stage 351/847.
[INFO] Enola: Solve for Rydberg stage 352/847.
[INFO] Enola: Solve for Rydberg stage 353/847.
[INFO] Enola: Solve for Rydberg stage 354/847.
[INFO] Enola: Solve for Rydberg stage 355/847.
[INFO] Enola: Solve for Rydberg stage 356/847.
[INFO] Enola: Solve for Rydberg stage 357/847.
[INFO] Enola: Solve for Rydberg stage 358/847.
[INFO] Enola: Solve for Rydberg stage 359/847.
[INFO] Enola: Solve for Rydberg stage 360/847.
[INFO] Enola: Solve for Rydberg stage 361/847.
[INFO] Enola: Solve for Rydberg stage 362/847.
[INFO] Enola: Solve for Rydberg stage 363/847.
[INFO] Enola: Solve for Rydberg stage 364/847.
[INFO] Enola: Solve for Rydberg stage 365/847.
[INFO] Enola: Solve for Rydberg stage 366/847.
[INFO] Enola: Solve for Rydberg stage 367/847.
[INFO] Enola: Solve for Rydberg stage 368/847.
[INFO] Enola: Solve for Rydberg stage 369/847.
[INFO] Enola: Solve for Rydberg stage 370/847.
[INFO] Enola: Solve for Rydberg stage 371/847.
[INFO] Enola: Solve for Rydberg stage 372/847.
[INFO] Enola: Solve for Rydberg stage 373/847.
[INFO] Enola: Solve for Rydberg stage 374/847.
[INFO] Enola: Solve for Rydberg stage 375/847.
[INFO] Enola: Solve for Rydberg stage 376/847.
[INFO] Enola: Solve for Rydberg stage 377/847.
[INFO] Enola: Solve for Rydberg stage 378/847.
[INFO] Enola: Solve for Rydberg stage 379/847.
[INFO] Enola: Solve for Rydberg stage 380/847.
[INFO] Enola: Solve for Rydberg stage 381/847.
[INFO] Enola: Solve for Rydberg stage 382/847.
[INFO] Enola: Solve for Rydberg stage 383/847.
[INFO] Enola: Solve for Rydberg stage 384/847.
[INFO] Enola: Solve for Rydberg stage 385/847.
[INFO] Enola: Solve for Rydberg stage 386/847.
[INFO] Enola: Solve for Rydberg stage 387/847.
[INFO] Enola: Solve for Rydberg stage 388/847.
[INFO] Enola: Solve for Rydberg stage 389/847.
[INFO] Enola: Solve for Rydberg stage 390/847.
[INFO] Enola: Solve for Rydberg stage 391/847.
[INFO] Enola: Solve for Rydberg stage 392/847.
[INFO] Enola: Solve for Rydberg stage 393/847.
[INFO] Enola: Solve for Rydberg stage 394/847.
[INFO] Enola: Solve for Rydberg stage 395/847.
[INFO] Enola: Solve for Rydberg stage 396/847.
[INFO] Enola: Solve for Rydberg stage 397/847.
[INFO] Enola: Solve for Rydberg stage 398/847.
[INFO] Enola: Solve for Rydberg stage 399/847.
[INFO] Enola: Solve for Rydberg stage 400/847.
[INFO] Enola: Solve for Rydberg stage 401/847.
[INFO] Enola: Solve for Rydberg stage 402/847.
[INFO] Enola: Solve for Rydberg stage 403/847.
[INFO] Enola: Solve for Rydberg stage 404/847.
[INFO] Enola: Solve for Rydberg stage 405/847.
[INFO] Enola: Solve for Rydberg stage 406/847.
[INFO] Enola: Solve for Rydberg stage 407/847.
[INFO] Enola: Solve for Rydberg stage 408/847.
[INFO] Enola: Solve for Rydberg stage 409/847.
[INFO] Enola: Solve for Rydberg stage 410/847.
[INFO] Enola: Solve for Rydberg stage 411/847.
[INFO] Enola: Solve for Rydberg stage 412/847.
[INFO] Enola: Solve for Rydberg stage 413/847.
[INFO] Enola: Solve for Rydberg stage 414/847.
[INFO] Enola: Solve for Rydberg stage 415/847.
[INFO] Enola: Solve for Rydberg stage 416/847.
[INFO] Enola: Solve for Rydberg stage 417/847.
[INFO] Enola: Solve for Rydberg stage 418/847.
[INFO] Enola: Solve for Rydberg stage 419/847.
[INFO] Enola: Solve for Rydberg stage 420/847.
[INFO] Enola: Solve for Rydberg stage 421/847.
[INFO] Enola: Solve for Rydberg stage 422/847.
[INFO] Enola: Solve for Rydberg stage 423/847.
[INFO] Enola: Solve for Rydberg stage 424/847.
[INFO] Enola: Solve for Rydberg stage 425/847.
[INFO] Enola: Solve for Rydberg stage 426/847.
[INFO] Enola: Solve for Rydberg stage 427/847.
[INFO] Enola: Solve for Rydberg stage 428/847.
[INFO] Enola: Solve for Rydberg stage 429/847.
[INFO] Enola: Solve for Rydberg stage 430/847.
[INFO] Enola: Solve for Rydberg stage 431/847.
[INFO] Enola: Solve for Rydberg stage 432/847.
[INFO] Enola: Solve for Rydberg stage 433/847.
[INFO] Enola: Solve for Rydberg stage 434/847.
[INFO] Enola: Solve for Rydberg stage 435/847.
[INFO] Enola: Solve for Rydberg stage 436/847.
[INFO] Enola: Solve for Rydberg stage 437/847.
[INFO] Enola: Solve for Rydberg stage 438/847.
[INFO] Enola: Solve for Rydberg stage 439/847.
[INFO] Enola: Solve for Rydberg stage 440/847.
[INFO] Enola: Solve for Rydberg stage 441/847.
[INFO] Enola: Solve for Rydberg stage 442/847.
[INFO] Enola: Solve for Rydberg stage 443/847.
[INFO] Enola: Solve for Rydberg stage 444/847.
[INFO] Enola: Solve for Rydberg stage 445/847.
[INFO] Enola: Solve for Rydberg stage 446/847.
[INFO] Enola: Solve for Rydberg stage 447/847.
[INFO] Enola: Solve for Rydberg stage 448/847.
[INFO] Enola: Solve for Rydberg stage 449/847.
[INFO] Enola: Solve for Rydberg stage 450/847.
[INFO] Enola: Solve for Rydberg stage 451/847.
[INFO] Enola: Solve for Rydberg stage 452/847.
[INFO] Enola: Solve for Rydberg stage 453/847.
[INFO] Enola: Solve for Rydberg stage 454/847.
[INFO] Enola: Solve for Rydberg stage 455/847.
[INFO] Enola: Solve for Rydberg stage 456/847.
[INFO] Enola: Solve for Rydberg stage 457/847.
[INFO] Enola: Solve for Rydberg stage 458/847.
[INFO] Enola: Solve for Rydberg stage 459/847.
[INFO] Enola: Solve for Rydberg stage 460/847.
[INFO] Enola: Solve for Rydberg stage 461/847.
[INFO] Enola: Solve for Rydberg stage 462/847.
[INFO] Enola: Solve for Rydberg stage 463/847.
[INFO] Enola: Solve for Rydberg stage 464/847.
[INFO] Enola: Solve for Rydberg stage 465/847.
[INFO] Enola: Solve for Rydberg stage 466/847.
[INFO] Enola: Solve for Rydberg stage 467/847.
[INFO] Enola: Solve for Rydberg stage 468/847.
[INFO] Enola: Solve for Rydberg stage 469/847.
[INFO] Enola: Solve for Rydberg stage 470/847.
[INFO] Enola: Solve for Rydberg stage 471/847.
[INFO] Enola: Solve for Rydberg stage 472/847.
[INFO] Enola: Solve for Rydberg stage 473/847.
[INFO] Enola: Solve for Rydberg stage 474/847.
[INFO] Enola: Solve for Rydberg stage 475/847.
[INFO] Enola: Solve for Rydberg stage 476/847.
[INFO] Enola: Solve for Rydberg stage 477/847.
[INFO] Enola: Solve for Rydberg stage 478/847.
[INFO] Enola: Solve for Rydberg stage 479/847.
[INFO] Enola: Solve for Rydberg stage 480/847.
[INFO] Enola: Solve for Rydberg stage 481/847.
[INFO] Enola: Solve for Rydberg stage 482/847.
[INFO] Enola: Solve for Rydberg stage 483/847.
[INFO] Enola: Solve for Rydberg stage 484/847.
[INFO] Enola: Solve for Rydberg stage 485/847.
[INFO] Enola: Solve for Rydberg stage 486/847.
[INFO] Enola: Solve for Rydberg stage 487/847.
[INFO] Enola: Solve for Rydberg stage 488/847.
[INFO] Enola: Solve for Rydberg stage 489/847.
[INFO] Enola: Solve for Rydberg stage 490/847.
[INFO] Enola: Solve for Rydberg stage 491/847.
[INFO] Enola: Solve for Rydberg stage 492/847.
[INFO] Enola: Solve for Rydberg stage 493/847.
[INFO] Enola: Solve for Rydberg stage 494/847.
[INFO] Enola: Solve for Rydberg stage 495/847.
[INFO] Enola: Solve for Rydberg stage 496/847.
[INFO] Enola: Solve for Rydberg stage 497/847.
[INFO] Enola: Solve for Rydberg stage 498/847.
[INFO] Enola: Solve for Rydberg stage 499/847.
[INFO] Enola: Solve for Rydberg stage 500/847.
[INFO] Enola: Solve for Rydberg stage 501/847.
[INFO] Enola: Solve for Rydberg stage 502/847.
[INFO] Enola: Solve for Rydberg stage 503/847.
[INFO] Enola: Solve for Rydberg stage 504/847.
[INFO] Enola: Solve for Rydberg stage 505/847.
[INFO] Enola: Solve for Rydberg stage 506/847.
[INFO] Enola: Solve for Rydberg stage 507/847.
[INFO] Enola: Solve for Rydberg stage 508/847.
[INFO] Enola: Solve for Rydberg stage 509/847.
[INFO] Enola: Solve for Rydberg stage 510/847.
[INFO] Enola: Solve for Rydberg stage 511/847.
[INFO] Enola: Solve for Rydberg stage 512/847.
[INFO] Enola: Solve for Rydberg stage 513/847.
[INFO] Enola: Solve for Rydberg stage 514/847.
[INFO] Enola: Solve for Rydberg stage 515/847.
[INFO] Enola: Solve for Rydberg stage 516/847.
[INFO] Enola: Solve for Rydberg stage 517/847.
[INFO] Enola: Solve for Rydberg stage 518/847.
[INFO] Enola: Solve for Rydberg stage 519/847.
[INFO] Enola: Solve for Rydberg stage 520/847.
[INFO] Enola: Solve for Rydberg stage 521/847.
[INFO] Enola: Solve for Rydberg stage 522/847.
[INFO] Enola: Solve for Rydberg stage 523/847.
[INFO] Enola: Solve for Rydberg stage 524/847.
[INFO] Enola: Solve for Rydberg stage 525/847.
[INFO] Enola: Solve for Rydberg stage 526/847.
[INFO] Enola: Solve for Rydberg stage 527/847.
[INFO] Enola: Solve for Rydberg stage 528/847.
[INFO] Enola: Solve for Rydberg stage 529/847.
[INFO] Enola: Solve for Rydberg stage 530/847.
[INFO] Enola: Solve for Rydberg stage 531/847.
[INFO] Enola: Solve for Rydberg stage 532/847.
[INFO] Enola: Solve for Rydberg stage 533/847.
[INFO] Enola: Solve for Rydberg stage 534/847.
[INFO] Enola: Solve for Rydberg stage 535/847.
[INFO] Enola: Solve for Rydberg stage 536/847.
[INFO] Enola: Solve for Rydberg stage 537/847.
[INFO] Enola: Solve for Rydberg stage 538/847.
[INFO] Enola: Solve for Rydberg stage 539/847.
[INFO] Enola: Solve for Rydberg stage 540/847.
[INFO] Enola: Solve for Rydberg stage 541/847.
[INFO] Enola: Solve for Rydberg stage 542/847.
[INFO] Enola: Solve for Rydberg stage 543/847.
[INFO] Enola: Solve for Rydberg stage 544/847.
[INFO] Enola: Solve for Rydberg stage 545/847.
[INFO] Enola: Solve for Rydberg stage 546/847.
[INFO] Enola: Solve for Rydberg stage 547/847.
[INFO] Enola: Solve for Rydberg stage 548/847.
[INFO] Enola: Solve for Rydberg stage 549/847.
[INFO] Enola: Solve for Rydberg stage 550/847.
[INFO] Enola: Solve for Rydberg stage 551/847.
[INFO] Enola: Solve for Rydberg stage 552/847.
[INFO] Enola: Solve for Rydberg stage 553/847.
[INFO] Enola: Solve for Rydberg stage 554/847.
[INFO] Enola: Solve for Rydberg stage 555/847.
[INFO] Enola: Solve for Rydberg stage 556/847.
[INFO] Enola: Solve for Rydberg stage 557/847.
[INFO] Enola: Solve for Rydberg stage 558/847.
[INFO] Enola: Solve for Rydberg stage 559/847.
[INFO] Enola: Solve for Rydberg stage 560/847.
[INFO] Enola: Solve for Rydberg stage 561/847.
[INFO] Enola: Solve for Rydberg stage 562/847.
[INFO] Enola: Solve for Rydberg stage 563/847.
[INFO] Enola: Solve for Rydberg stage 564/847.
[INFO] Enola: Solve for Rydberg stage 565/847.
[INFO] Enola: Solve for Rydberg stage 566/847.
[INFO] Enola: Solve for Rydberg stage 567/847.
[INFO] Enola: Solve for Rydberg stage 568/847.
[INFO] Enola: Solve for Rydberg stage 569/847.
[INFO] Enola: Solve for Rydberg stage 570/847.
[INFO] Enola: Solve for Rydberg stage 571/847.
[INFO] Enola: Solve for Rydberg stage 572/847.
[INFO] Enola: Solve for Rydberg stage 573/847.
[INFO] Enola: Solve for Rydberg stage 574/847.
[INFO] Enola: Solve for Rydberg stage 575/847.
[INFO] Enola: Solve for Rydberg stage 576/847.
[INFO] Enola: Solve for Rydberg stage 577/847.
[INFO] Enola: Solve for Rydberg stage 578/847.
[INFO] Enola: Solve for Rydberg stage 579/847.
[INFO] Enola: Solve for Rydberg stage 580/847.
[INFO] Enola: Solve for Rydberg stage 581/847.
[INFO] Enola: Solve for Rydberg stage 582/847.
[INFO] Enola: Solve for Rydberg stage 583/847.
[INFO] Enola: Solve for Rydberg stage 584/847.
[INFO] Enola: Solve for Rydberg stage 585/847.
[INFO] Enola: Solve for Rydberg stage 586/847.
[INFO] Enola: Solve for Rydberg stage 587/847.
[INFO] Enola: Solve for Rydberg stage 588/847.
[INFO] Enola: Solve for Rydberg stage 589/847.
[INFO] Enola: Solve for Rydberg stage 590/847.
[INFO] Enola: Solve for Rydberg stage 591/847.
[INFO] Enola: Solve for Rydberg stage 592/847.
[INFO] Enola: Solve for Rydberg stage 593/847.
[INFO] Enola: Solve for Rydberg stage 594/847.
[INFO] Enola: Solve for Rydberg stage 595/847.
[INFO] Enola: Solve for Rydberg stage 596/847.
[INFO] Enola: Solve for Rydberg stage 597/847.
[INFO] Enola: Solve for Rydberg stage 598/847.
[INFO] Enola: Solve for Rydberg stage 599/847.
[INFO] Enola: Solve for Rydberg stage 600/847.
[INFO] Enola: Solve for Rydberg stage 601/847.
[INFO] Enola: Solve for Rydberg stage 602/847.
[INFO] Enola: Solve for Rydberg stage 603/847.
[INFO] Enola: Solve for Rydberg stage 604/847.
[INFO] Enola: Solve for Rydberg stage 605/847.
[INFO] Enola: Solve for Rydberg stage 606/847.
[INFO] Enola: Solve for Rydberg stage 607/847.
[INFO] Enola: Solve for Rydberg stage 608/847.
[INFO] Enola: Solve for Rydberg stage 609/847.
[INFO] Enola: Solve for Rydberg stage 610/847.
[INFO] Enola: Solve for Rydberg stage 611/847.
[INFO] Enola: Solve for Rydberg stage 612/847.
[INFO] Enola: Solve for Rydberg stage 613/847.
[INFO] Enola: Solve for Rydberg stage 614/847.
[INFO] Enola: Solve for Rydberg stage 615/847.
[INFO] Enola: Solve for Rydberg stage 616/847.
[INFO] Enola: Solve for Rydberg stage 617/847.
[INFO] Enola: Solve for Rydberg stage 618/847.
[INFO] Enola: Solve for Rydberg stage 619/847.
[INFO] Enola: Solve for Rydberg stage 620/847.
[INFO] Enola: Solve for Rydberg stage 621/847.
[INFO] Enola: Solve for Rydberg stage 622/847.
[INFO] Enola: Solve for Rydberg stage 623/847.
[INFO] Enola: Solve for Rydberg stage 624/847.
[INFO] Enola: Solve for Rydberg stage 625/847.
[INFO] Enola: Solve for Rydberg stage 626/847.
[INFO] Enola: Solve for Rydberg stage 627/847.
[INFO] Enola: Solve for Rydberg stage 628/847.
[INFO] Enola: Solve for Rydberg stage 629/847.
[INFO] Enola: Solve for Rydberg stage 630/847.
[INFO] Enola: Solve for Rydberg stage 631/847.
[INFO] Enola: Solve for Rydberg stage 632/847.
[INFO] Enola: Solve for Rydberg stage 633/847.
[INFO] Enola: Solve for Rydberg stage 634/847.
[INFO] Enola: Solve for Rydberg stage 635/847.
[INFO] Enola: Solve for Rydberg stage 636/847.
[INFO] Enola: Solve for Rydberg stage 637/847.
[INFO] Enola: Solve for Rydberg stage 638/847.
[INFO] Enola: Solve for Rydberg stage 639/847.
[INFO] Enola: Solve for Rydberg stage 640/847.
[INFO] Enola: Solve for Rydberg stage 641/847.
[INFO] Enola: Solve for Rydberg stage 642/847.
[INFO] Enola: Solve for Rydberg stage 643/847.
[INFO] Enola: Solve for Rydberg stage 644/847.
[INFO] Enola: Solve for Rydberg stage 645/847.
[INFO] Enola: Solve for Rydberg stage 646/847.
[INFO] Enola: Solve for Rydberg stage 647/847.
[INFO] Enola: Solve for Rydberg stage 648/847.
[INFO] Enola: Solve for Rydberg stage 649/847.
[INFO] Enola: Solve for Rydberg stage 650/847.
[INFO] Enola: Solve for Rydberg stage 651/847.
[INFO] Enola: Solve for Rydberg stage 652/847.
[INFO] Enola: Solve for Rydberg stage 653/847.
[INFO] Enola: Solve for Rydberg stage 654/847.
[INFO] Enola: Solve for Rydberg stage 655/847.
[INFO] Enola: Solve for Rydberg stage 656/847.
[INFO] Enola: Solve for Rydberg stage 657/847.
[INFO] Enola: Solve for Rydberg stage 658/847.
[INFO] Enola: Solve for Rydberg stage 659/847.
[INFO] Enola: Solve for Rydberg stage 660/847.
[INFO] Enola: Solve for Rydberg stage 661/847.
[INFO] Enola: Solve for Rydberg stage 662/847.
[INFO] Enola: Solve for Rydberg stage 663/847.
[INFO] Enola: Solve for Rydberg stage 664/847.
[INFO] Enola: Solve for Rydberg stage 665/847.
[INFO] Enola: Solve for Rydberg stage 666/847.
[INFO] Enola: Solve for Rydberg stage 667/847.
[INFO] Enola: Solve for Rydberg stage 668/847.
[INFO] Enola: Solve for Rydberg stage 669/847.
[INFO] Enola: Solve for Rydberg stage 670/847.
[INFO] Enola: Solve for Rydberg stage 671/847.
[INFO] Enola: Solve for Rydberg stage 672/847.
[INFO] Enola: Solve for Rydberg stage 673/847.
[INFO] Enola: Solve for Rydberg stage 674/847.
[INFO] Enola: Solve for Rydberg stage 675/847.
[INFO] Enola: Solve for Rydberg stage 676/847.
[INFO] Enola: Solve for Rydberg stage 677/847.
[INFO] Enola: Solve for Rydberg stage 678/847.
[INFO] Enola: Solve for Rydberg stage 679/847.
[INFO] Enola: Solve for Rydberg stage 680/847.
[INFO] Enola: Solve for Rydberg stage 681/847.
[INFO] Enola: Solve for Rydberg stage 682/847.
[INFO] Enola: Solve for Rydberg stage 683/847.
[INFO] Enola: Solve for Rydberg stage 684/847.
[INFO] Enola: Solve for Rydberg stage 685/847.
[INFO] Enola: Solve for Rydberg stage 686/847.
[INFO] Enola: Solve for Rydberg stage 687/847.
[INFO] Enola: Solve for Rydberg stage 688/847.
[INFO] Enola: Solve for Rydberg stage 689/847.
[INFO] Enola: Solve for Rydberg stage 690/847.
[INFO] Enola: Solve for Rydberg stage 691/847.
[INFO] Enola: Solve for Rydberg stage 692/847.
[INFO] Enola: Solve for Rydberg stage 693/847.
[INFO] Enola: Solve for Rydberg stage 694/847.
[INFO] Enola: Solve for Rydberg stage 695/847.
[INFO] Enola: Solve for Rydberg stage 696/847.
[INFO] Enola: Solve for Rydberg stage 697/847.
[INFO] Enola: Solve for Rydberg stage 698/847.
[INFO] Enola: Solve for Rydberg stage 699/847.
[INFO] Enola: Solve for Rydberg stage 700/847.
[INFO] Enola: Solve for Rydberg stage 701/847.
[INFO] Enola: Solve for Rydberg stage 702/847.
[INFO] Enola: Solve for Rydberg stage 703/847.
[INFO] Enola: Solve for Rydberg stage 704/847.
[INFO] Enola: Solve for Rydberg stage 705/847.
[INFO] Enola: Solve for Rydberg stage 706/847.
[INFO] Enola: Solve for Rydberg stage 707/847.
[INFO] Enola: Solve for Rydberg stage 708/847.
[INFO] Enola: Solve for Rydberg stage 709/847.
[INFO] Enola: Solve for Rydberg stage 710/847.
[INFO] Enola: Solve for Rydberg stage 711/847.
[INFO] Enola: Solve for Rydberg stage 712/847.
[INFO] Enola: Solve for Rydberg stage 713/847.
[INFO] Enola: Solve for Rydberg stage 714/847.
[INFO] Enola: Solve for Rydberg stage 715/847.
[INFO] Enola: Solve for Rydberg stage 716/847.
[INFO] Enola: Solve for Rydberg stage 717/847.
[INFO] Enola: Solve for Rydberg stage 718/847.
[INFO] Enola: Solve for Rydberg stage 719/847.
[INFO] Enola: Solve for Rydberg stage 720/847.
[INFO] Enola: Solve for Rydberg stage 721/847.
[INFO] Enola: Solve for Rydberg stage 722/847.
[INFO] Enola: Solve for Rydberg stage 723/847.
[INFO] Enola: Solve for Rydberg stage 724/847.
[INFO] Enola: Solve for Rydberg stage 725/847.
[INFO] Enola: Solve for Rydberg stage 726/847.
[INFO] Enola: Solve for Rydberg stage 727/847.
[INFO] Enola: Solve for Rydberg stage 728/847.
[INFO] Enola: Solve for Rydberg stage 729/847.
[INFO] Enola: Solve for Rydberg stage 730/847.
[INFO] Enola: Solve for Rydberg stage 731/847.
[INFO] Enola: Solve for Rydberg stage 732/847.
[INFO] Enola: Solve for Rydberg stage 733/847.
[INFO] Enola: Solve for Rydberg stage 734/847.
[INFO] Enola: Solve for Rydberg stage 735/847.
[INFO] Enola: Solve for Rydberg stage 736/847.
[INFO] Enola: Solve for Rydberg stage 737/847.
[INFO] Enola: Solve for Rydberg stage 738/847.
[INFO] Enola: Solve for Rydberg stage 739/847.
[INFO] Enola: Solve for Rydberg stage 740/847.
[INFO] Enola: Solve for Rydberg stage 741/847.
[INFO] Enola: Solve for Rydberg stage 742/847.
[INFO] Enola: Solve for Rydberg stage 743/847.
[INFO] Enola: Solve for Rydberg stage 744/847.
[INFO] Enola: Solve for Rydberg stage 745/847.
[INFO] Enola: Solve for Rydberg stage 746/847.
[INFO] Enola: Solve for Rydberg stage 747/847.
[INFO] Enola: Solve for Rydberg stage 748/847.
[INFO] Enola: Solve for Rydberg stage 749/847.
[INFO] Enola: Solve for Rydberg stage 750/847.
[INFO] Enola: Solve for Rydberg stage 751/847.
[INFO] Enola: Solve for Rydberg stage 752/847.
[INFO] Enola: Solve for Rydberg stage 753/847.
[INFO] Enola: Solve for Rydberg stage 754/847.
[INFO] Enola: Solve for Rydberg stage 755/847.
[INFO] Enola: Solve for Rydberg stage 756/847.
[INFO] Enola: Solve for Rydberg stage 757/847.
[INFO] Enola: Solve for Rydberg stage 758/847.
[INFO] Enola: Solve for Rydberg stage 759/847.
[INFO] Enola: Solve for Rydberg stage 760/847.
[INFO] Enola: Solve for Rydberg stage 761/847.
[INFO] Enola: Solve for Rydberg stage 762/847.
[INFO] Enola: Solve for Rydberg stage 763/847.
[INFO] Enola: Solve for Rydberg stage 764/847.
[INFO] Enola: Solve for Rydberg stage 765/847.
[INFO] Enola: Solve for Rydberg stage 766/847.
[INFO] Enola: Solve for Rydberg stage 767/847.
[INFO] Enola: Solve for Rydberg stage 768/847.
[INFO] Enola: Solve for Rydberg stage 769/847.
[INFO] Enola: Solve for Rydberg stage 770/847.
[INFO] Enola: Solve for Rydberg stage 771/847.
[INFO] Enola: Solve for Rydberg stage 772/847.
[INFO] Enola: Solve for Rydberg stage 773/847.
[INFO] Enola: Solve for Rydberg stage 774/847.
[INFO] Enola: Solve for Rydberg stage 775/847.
[INFO] Enola: Solve for Rydberg stage 776/847.
[INFO] Enola: Solve for Rydberg stage 777/847.
[INFO] Enola: Solve for Rydberg stage 778/847.
[INFO] Enola: Solve for Rydberg stage 779/847.
[INFO] Enola: Solve for Rydberg stage 780/847.
[INFO] Enola: Solve for Rydberg stage 781/847.
[INFO] Enola: Solve for Rydberg stage 782/847.
[INFO] Enola: Solve for Rydberg stage 783/847.
[INFO] Enola: Solve for Rydberg stage 784/847.
[INFO] Enola: Solve for Rydberg stage 785/847.
[INFO] Enola: Solve for Rydberg stage 786/847.
[INFO] Enola: Solve for Rydberg stage 787/847.
[INFO] Enola: Solve for Rydberg stage 788/847.
[INFO] Enola: Solve for Rydberg stage 789/847.
[INFO] Enola: Solve for Rydberg stage 790/847.
[INFO] Enola: Solve for Rydberg stage 791/847.
[INFO] Enola: Solve for Rydberg stage 792/847.
[INFO] Enola: Solve for Rydberg stage 793/847.
[INFO] Enola: Solve for Rydberg stage 794/847.
[INFO] Enola: Solve for Rydberg stage 795/847.
[INFO] Enola: Solve for Rydberg stage 796/847.
[INFO] Enola: Solve for Rydberg stage 797/847.
[INFO] Enola: Solve for Rydberg stage 798/847.
[INFO] Enola: Solve for Rydberg stage 799/847.
[INFO] Enola: Solve for Rydberg stage 800/847.
[INFO] Enola: Solve for Rydberg stage 801/847.
[INFO] Enola: Solve for Rydberg stage 802/847.
[INFO] Enola: Solve for Rydberg stage 803/847.
[INFO] Enola: Solve for Rydberg stage 804/847.
[INFO] Enola: Solve for Rydberg stage 805/847.
[INFO] Enola: Solve for Rydberg stage 806/847.
[INFO] Enola: Solve for Rydberg stage 807/847.
[INFO] Enola: Solve for Rydberg stage 808/847.
[INFO] Enola: Solve for Rydberg stage 809/847.
[INFO] Enola: Solve for Rydberg stage 810/847.
[INFO] Enola: Solve for Rydberg stage 811/847.
[INFO] Enola: Solve for Rydberg stage 812/847.
[INFO] Enola: Solve for Rydberg stage 813/847.
[INFO] Enola: Solve for Rydberg stage 814/847.
[INFO] Enola: Solve for Rydberg stage 815/847.
[INFO] Enola: Solve for Rydberg stage 816/847.
[INFO] Enola: Solve for Rydberg stage 817/847.
[INFO] Enola: Solve for Rydberg stage 818/847.
[INFO] Enola: Solve for Rydberg stage 819/847.
[INFO] Enola: Solve for Rydberg stage 820/847.
[INFO] Enola: Solve for Rydberg stage 821/847.
[INFO] Enola: Solve for Rydberg stage 822/847.
[INFO] Enola: Solve for Rydberg stage 823/847.
[INFO] Enola: Solve for Rydberg stage 824/847.
[INFO] Enola: Solve for Rydberg stage 825/847.
[INFO] Enola: Solve for Rydberg stage 826/847.
[INFO] Enola: Solve for Rydberg stage 827/847.
[INFO] Enola: Solve for Rydberg stage 828/847.
[INFO] Enola: Solve for Rydberg stage 829/847.
[INFO] Enola: Solve for Rydberg stage 830/847.
[INFO] Enola: Solve for Rydberg stage 831/847.
[INFO] Enola: Solve for Rydberg stage 832/847.
[INFO] Enola: Solve for Rydberg stage 833/847.
[INFO] Enola: Solve for Rydberg stage 834/847.
[INFO] Enola: Solve for Rydberg stage 835/847.
[INFO] Enola: Solve for Rydberg stage 836/847.
[INFO] Enola: Solve for Rydberg stage 837/847.
[INFO] Enola: Solve for Rydberg stage 838/847.
[INFO] Enola: Solve for Rydberg stage 839/847.
[INFO] Enola: Solve for Rydberg stage 840/847.
[INFO] Enola: Solve for Rydberg stage 841/847.
[INFO] Enola: Solve for Rydberg stage 842/847.
[INFO] Enola: Solve for Rydberg stage 843/847.
[INFO] Enola: Solve for Rydberg stage 844/847.
[INFO] Enola: Solve for Rydberg stage 845/847.
[INFO] Enola: Solve for Rydberg stage 846/847.
[INFO] Enola: Solve for Rydberg stage 847/847.
[INFO] Enola: Solve for Rydberg stage 848/847.
[INFO] Enola: Time for routing: 0.18111300468444824s
[INFO] Enola: Total Time: 168.2941255569458s
Compilation successful.

2026-03-23 12:35:53,473 - BenchmarkManager - INFO - Wrote metrics summary for enola: results/metrics/20260323_122319_arch/enola.json
2026-03-23 12:35:53,474 - BenchmarkManager - INFO - Found 5 QASM benchmark circuits in '/u/halle/heiz/home_at/BachelorProject/benchmarks/uuf_fix50_20-100'
2026-03-23 12:35:53,474 - BenchmarkManager - INFO -   - /u/halle/heiz/home_at/BachelorProject/benchmarks/uuf_fix50_20-100/uuf50-0100.qasm
2026-03-23 12:35:53,474 - BenchmarkManager - INFO -   - /u/halle/heiz/home_at/BachelorProject/benchmarks/uuf_fix50_20-100/uuf50-020.qasm
2026-03-23 12:35:53,476 - BenchmarkManager - INFO -   - /u/halle/heiz/home_at/BachelorProject/benchmarks/uuf_fix50_20-100/uuf50-040.qasm
2026-03-23 12:35:53,476 - BenchmarkManager - INFO -   - /u/halle/heiz/home_at/BachelorProject/benchmarks/uuf_fix50_20-100/uuf50-060.qasm
2026-03-23 12:35:53,477 - BenchmarkManager - INFO -   - /u/halle/heiz/home_at/BachelorProject/benchmarks/uuf_fix50_20-100/uuf50-080.qasm
2026-03-23 12:35:53,477 - BenchmarkManager - INFO - zac (run 1/1) - Running /u/halle/heiz/home_at/BachelorProject/benchmarks/uuf_fix50_20-100/uuf50-0100.qasm
2026-03-23 12:35:53,478 - Compiler.zac - INFO - Array width: 754, Array height: 44, AOD columns: 50, AOD rows: 1
2026-03-23 12:35:54,807 - Compiler.zac - INFO - STDOUT:
Compilation successful.

2026-03-23 12:35:54,840 - BenchmarkManager - INFO - zac (run 1/1) - Running /u/halle/heiz/home_at/BachelorProject/benchmarks/uuf_fix50_20-100/uuf50-020.qasm
2026-03-23 12:35:54,840 - Compiler.zac - INFO - Array width: 754, Array height: 44, AOD columns: 50, AOD rows: 1
2026-03-23 12:35:56,016 - Compiler.zac - INFO - STDOUT:
Compilation successful.

2026-03-23 12:35:56,060 - BenchmarkManager - INFO - zac (run 1/1) - Running /u/halle/heiz/home_at/BachelorProject/benchmarks/uuf_fix50_20-100/uuf50-040.qasm
2026-03-23 12:35:56,060 - Compiler.zac - INFO - Array width: 754, Array height: 48, AOD columns: 50, AOD rows: 1
2026-03-23 12:35:57,179 - Compiler.zac - INFO - STDOUT:
Compilation successful.

2026-03-23 12:35:57,225 - BenchmarkManager - INFO - zac (run 1/1) - Running /u/halle/heiz/home_at/BachelorProject/benchmarks/uuf_fix50_20-100/uuf50-060.qasm
2026-03-23 12:35:57,225 - Compiler.zac - INFO - Array width: 754, Array height: 44, AOD columns: 50, AOD rows: 1
2026-03-23 12:35:58,401 - Compiler.zac - INFO - STDOUT:
Compilation successful.

2026-03-23 12:35:58,444 - BenchmarkManager - INFO - zac (run 1/1) - Running /u/halle/heiz/home_at/BachelorProject/benchmarks/uuf_fix50_20-100/uuf50-080.qasm
2026-03-23 12:35:58,444 - Compiler.zac - INFO - Array width: 754, Array height: 44, AOD columns: 50, AOD rows: 1
2026-03-23 12:35:59,753 - Compiler.zac - INFO - STDOUT:
Compilation successful.

2026-03-23 12:35:59,788 - BenchmarkManager - INFO - Wrote metrics summary for zac: results/metrics/20260323_122319_arch/zac.json
2026-03-23 12:35:59,789 - BenchmarkManager - INFO - Found 5 QASM benchmark circuits in '/u/halle/heiz/home_at/BachelorProject/benchmarks/uuf_fix50_20-100'
2026-03-23 12:35:59,790 - BenchmarkManager - INFO -   - /u/halle/heiz/home_at/BachelorProject/benchmarks/uuf_fix50_20-100/uuf50-0100.qasm
2026-03-23 12:35:59,791 - BenchmarkManager - INFO -   - /u/halle/heiz/home_at/BachelorProject/benchmarks/uuf_fix50_20-100/uuf50-020.qasm
2026-03-23 12:35:59,792 - BenchmarkManager - INFO -   - /u/halle/heiz/home_at/BachelorProject/benchmarks/uuf_fix50_20-100/uuf50-040.qasm
2026-03-23 12:35:59,792 - BenchmarkManager - INFO -   - /u/halle/heiz/home_at/BachelorProject/benchmarks/uuf_fix50_20-100/uuf50-060.qasm
2026-03-23 12:35:59,793 - BenchmarkManager - INFO -   - /u/halle/heiz/home_at/BachelorProject/benchmarks/uuf_fix50_20-100/uuf50-080.qasm
2026-03-23 12:35:59,794 - BenchmarkManager - INFO - nalac (run 1/1) - Running /u/halle/heiz/home_at/BachelorProject/benchmarks/uuf_fix50_20-100/uuf50-0100.qasm
2026-03-23 12:35:59,795 - Compiler.nalac - INFO - Array width: 754, Array height: 44, AOD columns: 50, AOD rows: 1
2026-03-23 12:36:00,603 - Compiler.nalac - INFO - STDOUT:
Compilation successful.

2026-03-23 12:36:00,644 - BenchmarkManager - INFO - nalac (run 1/1) - Running /u/halle/heiz/home_at/BachelorProject/benchmarks/uuf_fix50_20-100/uuf50-020.qasm
2026-03-23 12:36:00,644 - Compiler.nalac - INFO - Array width: 754, Array height: 44, AOD columns: 50, AOD rows: 1
2026-03-23 12:36:01,513 - Compiler.nalac - INFO - STDOUT:
Compilation successful.

2026-03-23 12:36:01,555 - BenchmarkManager - INFO - nalac (run 1/1) - Running /u/halle/heiz/home_at/BachelorProject/benchmarks/uuf_fix50_20-100/uuf50-040.qasm
2026-03-23 12:36:01,555 - Compiler.nalac - INFO - Array width: 754, Array height: 48, AOD columns: 50, AOD rows: 1
2026-03-23 12:36:02,408 - Compiler.nalac - INFO - STDOUT:
Compilation successful.

2026-03-23 12:36:02,448 - BenchmarkManager - INFO - nalac (run 1/1) - Running /u/halle/heiz/home_at/BachelorProject/benchmarks/uuf_fix50_20-100/uuf50-060.qasm
2026-03-23 12:36:02,448 - Compiler.nalac - INFO - Array width: 754, Array height: 44, AOD columns: 50, AOD rows: 1
2026-03-23 12:36:03,295 - Compiler.nalac - INFO - STDOUT:
Compilation successful.

2026-03-23 12:36:03,337 - BenchmarkManager - INFO - nalac (run 1/1) - Running /u/halle/heiz/home_at/BachelorProject/benchmarks/uuf_fix50_20-100/uuf50-080.qasm
2026-03-23 12:36:03,337 - Compiler.nalac - INFO - Array width: 754, Array height: 44, AOD columns: 50, AOD rows: 1
2026-03-23 12:36:04,193 - Compiler.nalac - INFO - STDOUT:
Compilation successful.

2026-03-23 12:36:04,241 - BenchmarkManager - INFO - Wrote metrics summary for nalac: results/metrics/20260323_122319_arch/nalac.json
