2026-03-25 19:05:59,319 - BenchmarkManager - INFO - Initializing 4 compilers...
2026-03-25 19:05:59,319 - BenchmarkManager - INFO - Output directory for weaver: results/circuits/weaver
2026-03-25 19:05:59,320 - BenchmarkManager - INFO - Output directory for zac: results/circuits/zac
2026-03-25 19:05:59,321 - BenchmarkManager - INFO - Output directory for nalac: results/circuits/nalac
2026-03-25 19:05:59,322 - BenchmarkManager - INFO - Output directory for enola: results/circuits/enola
2026-03-25 19:05:59,323 - BenchmarkManager - INFO - Starting benchmark execution ...
2026-03-25 19:05:59,326 - BenchmarkManager - INFO - Found 5 CNF benchmark circuits in '/u/halle/heiz/home_at/BachelorProject/benchmarks/uuf_50-250_fix10'
2026-03-25 19:05:59,326 - BenchmarkManager - INFO -   - /u/halle/heiz/home_at/BachelorProject/benchmarks/uuf_50-250_fix10/uuf100-010.cnf
2026-03-25 19:05:59,327 - BenchmarkManager - INFO -   - /u/halle/heiz/home_at/BachelorProject/benchmarks/uuf_50-250_fix10/uuf150-010.cnf
2026-03-25 19:05:59,328 - BenchmarkManager - INFO -   - /u/halle/heiz/home_at/BachelorProject/benchmarks/uuf_50-250_fix10/uuf200-010.cnf
2026-03-25 19:05:59,329 - BenchmarkManager - INFO -   - /u/halle/heiz/home_at/BachelorProject/benchmarks/uuf_50-250_fix10/uuf250-010.cnf
2026-03-25 19:05:59,329 - BenchmarkManager - INFO -   - /u/halle/heiz/home_at/BachelorProject/benchmarks/uuf_50-250_fix10/uuf50-010.cnf
2026-03-25 19:05:59,330 - BenchmarkManager - INFO - weaver (run 1/1) - Running /u/halle/heiz/home_at/BachelorProject/benchmarks/uuf_50-250_fix10/uuf100-010.cnf
2026-03-25 19:06:00,848 - Compiler.weaver - INFO - STDOUT:
num_colors: 21, num_slm_rows: 44, num_slm_cols: 1490, num_aod_rows: 1, num_aod_cols: 100
Compilation successful.

2026-03-25 19:06:00,984 - BenchmarkManager - INFO - weaver (run 1/1) - Running /u/halle/heiz/home_at/BachelorProject/benchmarks/uuf_50-250_fix10/uuf150-010.cnf
2026-03-25 19:06:03,430 - Compiler.weaver - INFO - STDOUT:
num_colors: 22, num_slm_rows: 46, num_slm_cols: 2235, num_aod_rows: 1, num_aod_cols: 150
Compilation successful.

2026-03-25 19:06:03,659 - BenchmarkManager - INFO - weaver (run 1/1) - Running /u/halle/heiz/home_at/BachelorProject/benchmarks/uuf_50-250_fix10/uuf200-010.cnf
2026-03-25 19:06:07,495 - Compiler.weaver - INFO - STDOUT:
num_colors: 25, num_slm_rows: 52, num_slm_cols: 2980, num_aod_rows: 1, num_aod_cols: 200
Compilation successful.

2026-03-25 19:06:07,870 - BenchmarkManager - INFO - weaver (run 1/1) - Running /u/halle/heiz/home_at/BachelorProject/benchmarks/uuf_50-250_fix10/uuf250-010.cnf
2026-03-25 19:06:13,499 - Compiler.weaver - INFO - STDOUT:
num_colors: 23, num_slm_rows: 48, num_slm_cols: 3695, num_aod_rows: 1, num_aod_cols: 250
Compilation successful.

2026-03-25 19:06:14,015 - BenchmarkManager - INFO - weaver (run 1/1) - Running /u/halle/heiz/home_at/BachelorProject/benchmarks/uuf_50-250_fix10/uuf50-010.cnf
2026-03-25 19:06:14,822 - Compiler.weaver - INFO - STDOUT:
num_colors: 21, num_slm_rows: 44, num_slm_cols: 754, num_aod_rows: 1, num_aod_cols: 50
Compilation successful.

2026-03-25 19:06:14,877 - BenchmarkManager - INFO - Wrote metrics summary for weaver: results/metrics/20260325_190559_arch/weaver.json
2026-03-25 19:06:14,879 - BenchmarkManager - INFO - Found 5 QASM benchmark circuits in '/u/halle/heiz/home_at/BachelorProject/benchmarks/uuf_50-250_fix10'
2026-03-25 19:06:14,879 - BenchmarkManager - INFO -   - /u/halle/heiz/home_at/BachelorProject/benchmarks/uuf_50-250_fix10/uuf100-010.qasm
2026-03-25 19:06:14,880 - BenchmarkManager - INFO -   - /u/halle/heiz/home_at/BachelorProject/benchmarks/uuf_50-250_fix10/uuf150-010.qasm
2026-03-25 19:06:14,880 - BenchmarkManager - INFO -   - /u/halle/heiz/home_at/BachelorProject/benchmarks/uuf_50-250_fix10/uuf200-010.qasm
2026-03-25 19:06:14,880 - BenchmarkManager - INFO -   - /u/halle/heiz/home_at/BachelorProject/benchmarks/uuf_50-250_fix10/uuf250-010.qasm
2026-03-25 19:06:14,881 - BenchmarkManager - INFO -   - /u/halle/heiz/home_at/BachelorProject/benchmarks/uuf_50-250_fix10/uuf50-010.qasm
2026-03-25 19:06:14,881 - BenchmarkManager - INFO - zac (run 1/1) - Running /u/halle/heiz/home_at/BachelorProject/benchmarks/uuf_50-250_fix10/uuf100-010.qasm
2026-03-25 19:06:16,059 - Compiler.zac - INFO - STDOUT:
Compilation successful.

2026-03-25 19:06:16,131 - BenchmarkManager - INFO - zac (run 1/1) - Running /u/halle/heiz/home_at/BachelorProject/benchmarks/uuf_50-250_fix10/uuf150-010.qasm
2026-03-25 19:06:17,374 - Compiler.zac - INFO - STDOUT:
Compilation successful.

2026-03-25 19:06:17,493 - BenchmarkManager - INFO - zac (run 1/1) - Running /u/halle/heiz/home_at/BachelorProject/benchmarks/uuf_50-250_fix10/uuf200-010.qasm
2026-03-25 19:06:18,998 - Compiler.zac - INFO - STDOUT:
Compilation successful.

2026-03-25 19:06:19,149 - BenchmarkManager - INFO - zac (run 1/1) - Running /u/halle/heiz/home_at/BachelorProject/benchmarks/uuf_50-250_fix10/uuf250-010.qasm
2026-03-25 19:06:20,923 - Compiler.zac - INFO - STDOUT:
Compilation successful.

2026-03-25 19:06:21,108 - BenchmarkManager - INFO - zac (run 1/1) - Running /u/halle/heiz/home_at/BachelorProject/benchmarks/uuf_50-250_fix10/uuf50-010.qasm
2026-03-25 19:06:21,885 - Compiler.zac - INFO - STDOUT:
Compilation successful.

2026-03-25 19:06:21,920 - BenchmarkManager - INFO - Wrote metrics summary for zac: results/metrics/20260325_190559_arch/zac.json
2026-03-25 19:06:21,921 - BenchmarkManager - INFO - Found 5 QASM benchmark circuits in '/u/halle/heiz/home_at/BachelorProject/benchmarks/uuf_50-250_fix10'
2026-03-25 19:06:21,921 - BenchmarkManager - INFO -   - /u/halle/heiz/home_at/BachelorProject/benchmarks/uuf_50-250_fix10/uuf100-010.qasm
2026-03-25 19:06:21,921 - BenchmarkManager - INFO -   - /u/halle/heiz/home_at/BachelorProject/benchmarks/uuf_50-250_fix10/uuf150-010.qasm
2026-03-25 19:06:21,921 - BenchmarkManager - INFO -   - /u/halle/heiz/home_at/BachelorProject/benchmarks/uuf_50-250_fix10/uuf200-010.qasm
2026-03-25 19:06:21,922 - BenchmarkManager - INFO -   - /u/halle/heiz/home_at/BachelorProject/benchmarks/uuf_50-250_fix10/uuf250-010.qasm
2026-03-25 19:06:21,922 - BenchmarkManager - INFO -   - /u/halle/heiz/home_at/BachelorProject/benchmarks/uuf_50-250_fix10/uuf50-010.qasm
2026-03-25 19:06:21,923 - BenchmarkManager - INFO - nalac (run 1/1) - Running /u/halle/heiz/home_at/BachelorProject/benchmarks/uuf_50-250_fix10/uuf100-010.qasm
2026-03-25 19:06:22,781 - Compiler.nalac - INFO - STDOUT:
Compilation successful.

2026-03-25 19:06:22,841 - BenchmarkManager - INFO - nalac (run 1/1) - Running /u/halle/heiz/home_at/BachelorProject/benchmarks/uuf_50-250_fix10/uuf150-010.qasm
2026-03-25 19:06:23,760 - Compiler.nalac - INFO - STDOUT:
Compilation successful.

2026-03-25 19:06:23,853 - BenchmarkManager - INFO - nalac (run 1/1) - Running /u/halle/heiz/home_at/BachelorProject/benchmarks/uuf_50-250_fix10/uuf200-010.qasm
2026-03-25 19:06:24,938 - Compiler.nalac - INFO - STDOUT:
Compilation successful.

2026-03-25 19:06:25,070 - BenchmarkManager - INFO - nalac (run 1/1) - Running /u/halle/heiz/home_at/BachelorProject/benchmarks/uuf_50-250_fix10/uuf250-010.qasm
2026-03-25 19:06:26,357 - Compiler.nalac - INFO - STDOUT:
Compilation successful.

2026-03-25 19:06:26,527 - BenchmarkManager - INFO - nalac (run 1/1) - Running /u/halle/heiz/home_at/BachelorProject/benchmarks/uuf_50-250_fix10/uuf50-010.qasm
2026-03-25 19:06:27,197 - Compiler.nalac - INFO - STDOUT:
Compilation successful.

2026-03-25 19:06:27,226 - BenchmarkManager - INFO - Wrote metrics summary for nalac: results/metrics/20260325_190559_arch/nalac.json
2026-03-25 19:06:27,227 - BenchmarkManager - INFO - Found 5 QASM benchmark circuits in '/u/halle/heiz/home_at/BachelorProject/benchmarks/uuf_50-250_fix10'
2026-03-25 19:06:27,227 - BenchmarkManager - INFO -   - /u/halle/heiz/home_at/BachelorProject/benchmarks/uuf_50-250_fix10/uuf100-010.qasm
2026-03-25 19:06:27,227 - BenchmarkManager - INFO -   - /u/halle/heiz/home_at/BachelorProject/benchmarks/uuf_50-250_fix10/uuf150-010.qasm
2026-03-25 19:06:27,227 - BenchmarkManager - INFO -   - /u/halle/heiz/home_at/BachelorProject/benchmarks/uuf_50-250_fix10/uuf200-010.qasm
2026-03-25 19:06:27,229 - BenchmarkManager - INFO -   - /u/halle/heiz/home_at/BachelorProject/benchmarks/uuf_50-250_fix10/uuf250-010.qasm
2026-03-25 19:06:27,229 - BenchmarkManager - INFO -   - /u/halle/heiz/home_at/BachelorProject/benchmarks/uuf_50-250_fix10/uuf50-010.qasm
2026-03-25 19:06:27,230 - BenchmarkManager - INFO - enola (run 1/1) - Running /u/halle/heiz/home_at/BachelorProject/benchmarks/uuf_50-250_fix10/uuf100-010.qasm
2026-03-25 19:07:14,275 - Compiler.enola - INFO - STDOUT:
[INFO] Enola: Start Solving
[INFO] Enola: Run scheduling
[INFO] Enola: Time for scheduling: 0.0013260841369628906s
300
[INFO] Enola: Time for placement: 1.239776611328125e-05s
[INFO] Enola: Solve for Rydberg stage 2/1565.
[INFO] Enola: Solve for Rydberg stage 3/1565.
[INFO] Enola: Solve for Rydberg stage 4/1565.
[INFO] Enola: Solve for Rydberg stage 5/1565.
[INFO] Enola: Solve for Rydberg stage 6/1565.
[INFO] Enola: Solve for Rydberg stage 7/1565.
[INFO] Enola: Solve for Rydberg stage 8/1565.
[INFO] Enola: Solve for Rydberg stage 9/1565.
[INFO] Enola: Solve for Rydberg stage 10/1565.
[INFO] Enola: Solve for Rydberg stage 11/1565.
[INFO] Enola: Solve for Rydberg stage 12/1565.
[INFO] Enola: Solve for Rydberg stage 13/1565.
[INFO] Enola: Solve for Rydberg stage 14/1565.
[INFO] Enola: Solve for Rydberg stage 15/1565.
[INFO] Enola: Solve for Rydberg stage 16/1565.
[INFO] Enola: Solve for Rydberg stage 17/1565.
[INFO] Enola: Solve for Rydberg stage 18/1565.
[INFO] Enola: Solve for Rydberg stage 19/1565.
[INFO] Enola: Solve for Rydberg stage 20/1565.
[INFO] Enola: Solve for Rydberg stage 21/1565.
[INFO] Enola: Solve for Rydberg stage 22/1565.
[INFO] Enola: Solve for Rydberg stage 23/1565.
[INFO] Enola: Solve for Rydberg stage 24/1565.
[INFO] Enola: Solve for Rydberg stage 25/1565.
[INFO] Enola: Solve for Rydberg stage 26/1565.
[INFO] Enola: Solve for Rydberg stage 27/1565.
[INFO] Enola: Solve for Rydberg stage 28/1565.
[INFO] Enola: Solve for Rydberg stage 29/1565.
[INFO] Enola: Solve for Rydberg stage 30/1565.
[INFO] Enola: Solve for Rydberg stage 31/1565.
[INFO] Enola: Solve for Rydberg stage 32/1565.
[INFO] Enola: Solve for Rydberg stage 33/1565.
[INFO] Enola: Solve for Rydberg stage 34/1565.
[INFO] Enola: Solve for Rydberg stage 35/1565.
[INFO] Enola: Solve for Rydberg stage 36/1565.
[INFO] Enola: Solve for Rydberg stage 37/1565.
[INFO] Enola: Solve for Rydberg stage 38/1565.
[INFO] Enola: Solve for Rydberg stage 39/1565.
[INFO] Enola: Solve for Rydberg stage 40/1565.
[INFO] Enola: Solve for Rydberg stage 41/1565.
[INFO] Enola: Solve for Rydberg stage 42/1565.
[INFO] Enola: Solve for Rydberg stage 43/1565.
[INFO] Enola: Solve for Rydberg stage 44/1565.
[INFO] Enola: Solve for Rydberg stage 45/1565.
[INFO] Enola: Solve for Rydberg stage 46/1565.
[INFO] Enola: Solve for Rydberg stage 47/1565.
[INFO] Enola: Solve for Rydberg stage 48/1565.
[INFO] Enola: Solve for Rydberg stage 49/1565.
[INFO] Enola: Solve for Rydberg stage 50/1565.
[INFO] Enola: Solve for Rydberg stage 51/1565.
[INFO] Enola: Solve for Rydberg stage 52/1565.
[INFO] Enola: Solve for Rydberg stage 53/1565.
[INFO] Enola: Solve for Rydberg stage 54/1565.
[INFO] Enola: Solve for Rydberg stage 55/1565.
[INFO] Enola: Solve for Rydberg stage 56/1565.
[INFO] Enola: Solve for Rydberg stage 57/1565.
[INFO] Enola: Solve for Rydberg stage 58/1565.
[INFO] Enola: Solve for Rydberg stage 59/1565.
[INFO] Enola: Solve for Rydberg stage 60/1565.
[INFO] Enola: Solve for Rydberg stage 61/1565.
[INFO] Enola: Solve for Rydberg stage 62/1565.
[INFO] Enola: Solve for Rydberg stage 63/1565.
[INFO] Enola: Solve for Rydberg stage 64/1565.
[INFO] Enola: Solve for Rydberg stage 65/1565.
[INFO] Enola: Solve for Rydberg stage 66/1565.
[INFO] Enola: Solve for Rydberg stage 67/1565.
[INFO] Enola: Solve for Rydberg stage 68/1565.
[INFO] Enola: Solve for Rydberg stage 69/1565.
[INFO] Enola: Solve for Rydberg stage 70/1565.
[INFO] Enola: Solve for Rydberg stage 71/1565.
[INFO] Enola: Solve for Rydberg stage 72/1565.
[INFO] Enola: Solve for Rydberg stage 73/1565.
[INFO] Enola: Solve for Rydberg stage 74/1565.
[INFO] Enola: Solve for Rydberg stage 75/1565.
[INFO] Enola: Solve for Rydberg stage 76/1565.
[INFO] Enola: Solve for Rydberg stage 77/1565.
[INFO] Enola: Solve for Rydberg stage 78/1565.
[INFO] Enola: Solve for Rydberg stage 79/1565.
[INFO] Enola: Solve for Rydberg stage 80/1565.
[INFO] Enola: Solve for Rydberg stage 81/1565.
[INFO] Enola: Solve for Rydberg stage 82/1565.
[INFO] Enola: Solve for Rydberg stage 83/1565.
[INFO] Enola: Solve for Rydberg stage 84/1565.
[INFO] Enola: Solve for Rydberg stage 85/1565.
[INFO] Enola: Solve for Rydberg stage 86/1565.
[INFO] Enola: Solve for Rydberg stage 87/1565.
[INFO] Enola: Solve for Rydberg stage 88/1565.
[INFO] Enola: Solve for Rydberg stage 89/1565.
[INFO] Enola: Solve for Rydberg stage 90/1565.
[INFO] Enola: Solve for Rydberg stage 91/1565.
[INFO] Enola: Solve for Rydberg stage 92/1565.
[INFO] Enola: Solve for Rydberg stage 93/1565.
[INFO] Enola: Solve for Rydberg stage 94/1565.
[INFO] Enola: Solve for Rydberg stage 95/1565.
[INFO] Enola: Solve for Rydberg stage 96/1565.
[INFO] Enola: Solve for Rydberg stage 97/1565.
[INFO] Enola: Solve for Rydberg stage 98/1565.
[INFO] Enola: Solve for Rydberg stage 99/1565.
[INFO] Enola: Solve for Rydberg stage 100/1565.
[INFO] Enola: Solve for Rydberg stage 101/1565.
[INFO] Enola: Solve for Rydberg stage 102/1565.
[INFO] Enola: Solve for Rydberg stage 103/1565.
[INFO] Enola: Solve for Rydberg stage 104/1565.
[INFO] Enola: Solve for Rydberg stage 105/1565.
[INFO] Enola: Solve for Rydberg stage 106/1565.
[INFO] Enola: Solve for Rydberg stage 107/1565.
[INFO] Enola: Solve for Rydberg stage 108/1565.
[INFO] Enola: Solve for Rydberg stage 109/1565.
[INFO] Enola: Solve for Rydberg stage 110/1565.
[INFO] Enola: Solve for Rydberg stage 111/1565.
[INFO] Enola: Solve for Rydberg stage 112/1565.
[INFO] Enola: Solve for Rydberg stage 113/1565.
[INFO] Enola: Solve for Rydberg stage 114/1565.
[INFO] Enola: Solve for Rydberg stage 115/1565.
[INFO] Enola: Solve for Rydberg stage 116/1565.
[INFO] Enola: Solve for Rydberg stage 117/1565.
[INFO] Enola: Solve for Rydberg stage 118/1565.
[INFO] Enola: Solve for Rydberg stage 119/1565.
[INFO] Enola: Solve for Rydberg stage 120/1565.
[INFO] Enola: Solve for Rydberg stage 121/1565.
[INFO] Enola: Solve for Rydberg stage 122/1565.
[INFO] Enola: Solve for Rydberg stage 123/1565.
[INFO] Enola: Solve for Rydberg stage 124/1565.
[INFO] Enola: Solve for Rydberg stage 125/1565.
[INFO] Enola: Solve for Rydberg stage 126/1565.
[INFO] Enola: Solve for Rydberg stage 127/1565.
[INFO] Enola: Solve for Rydberg stage 128/1565.
[INFO] Enola: Solve for Rydberg stage 129/1565.
[INFO] Enola: Solve for Rydberg stage 130/1565.
[INFO] Enola: Solve for Rydberg stage 131/1565.
[INFO] Enola: Solve for Rydberg stage 132/1565.
[INFO] Enola: Solve for Rydberg stage 133/1565.
[INFO] Enola: Solve for Rydberg stage 134/1565.
[INFO] Enola: Solve for Rydberg stage 135/1565.
[INFO] Enola: Solve for Rydberg stage 136/1565.
[INFO] Enola: Solve for Rydberg stage 137/1565.
[INFO] Enola: Solve for Rydberg stage 138/1565.
[INFO] Enola: Solve for Rydberg stage 139/1565.
[INFO] Enola: Solve for Rydberg stage 140/1565.
[INFO] Enola: Solve for Rydberg stage 141/1565.
[INFO] Enola: Solve for Rydberg stage 142/1565.
[INFO] Enola: Solve for Rydberg stage 143/1565.
[INFO] Enola: Solve for Rydberg stage 144/1565.
[INFO] Enola: Solve for Rydberg stage 145/1565.
[INFO] Enola: Solve for Rydberg stage 146/1565.
[INFO] Enola: Solve for Rydberg stage 147/1565.
[INFO] Enola: Solve for Rydberg stage 148/1565.
[INFO] Enola: Solve for Rydberg stage 149/1565.
[INFO] Enola: Solve for Rydberg stage 150/1565.
[INFO] Enola: Solve for Rydberg stage 151/1565.
[INFO] Enola: Solve for Rydberg stage 152/1565.
[INFO] Enola: Solve for Rydberg stage 153/1565.
[INFO] Enola: Solve for Rydberg stage 154/1565.
[INFO] Enola: Solve for Rydberg stage 155/1565.
[INFO] Enola: Solve for Rydberg stage 156/1565.
[INFO] Enola: Solve for Rydberg stage 157/1565.
[INFO] Enola: Solve for Rydberg stage 158/1565.
[INFO] Enola: Solve for Rydberg stage 159/1565.
[INFO] Enola: Solve for Rydberg stage 160/1565.
[INFO] Enola: Solve for Rydberg stage 161/1565.
[INFO] Enola: Solve for Rydberg stage 162/1565.
[INFO] Enola: Solve for Rydberg stage 163/1565.
[INFO] Enola: Solve for Rydberg stage 164/1565.
[INFO] Enola: Solve for Rydberg stage 165/1565.
[INFO] Enola: Solve for Rydberg stage 166/1565.
[INFO] Enola: Solve for Rydberg stage 167/1565.
[INFO] Enola: Solve for Rydberg stage 168/1565.
[INFO] Enola: Solve for Rydberg stage 169/1565.
[INFO] Enola: Solve for Rydberg stage 170/1565.
[INFO] Enola: Solve for Rydberg stage 171/1565.
[INFO] Enola: Solve for Rydberg stage 172/1565.
[INFO] Enola: Solve for Rydberg stage 173/1565.
[INFO] Enola: Solve for Rydberg stage 174/1565.
[INFO] Enola: Solve for Rydberg stage 175/1565.
[INFO] Enola: Solve for Rydberg stage 176/1565.
[INFO] Enola: Solve for Rydberg stage 177/1565.
[INFO] Enola: Solve for Rydberg stage 178/1565.
[INFO] Enola: Solve for Rydberg stage 179/1565.
[INFO] Enola: Solve for Rydberg stage 180/1565.
[INFO] Enola: Solve for Rydberg stage 181/1565.
[INFO] Enola: Solve for Rydberg stage 182/1565.
[INFO] Enola: Solve for Rydberg stage 183/1565.
[INFO] Enola: Solve for Rydberg stage 184/1565.
[INFO] Enola: Solve for Rydberg stage 185/1565.
[INFO] Enola: Solve for Rydberg stage 186/1565.
[INFO] Enola: Solve for Rydberg stage 187/1565.
[INFO] Enola: Solve for Rydberg stage 188/1565.
[INFO] Enola: Solve for Rydberg stage 189/1565.
[INFO] Enola: Solve for Rydberg stage 190/1565.
[INFO] Enola: Solve for Rydberg stage 191/1565.
[INFO] Enola: Solve for Rydberg stage 192/1565.
[INFO] Enola: Solve for Rydberg stage 193/1565.
[INFO] Enola: Solve for Rydberg stage 194/1565.
[INFO] Enola: Solve for Rydberg stage 195/1565.
[INFO] Enola: Solve for Rydberg stage 196/1565.
[INFO] Enola: Solve for Rydberg stage 197/1565.
[INFO] Enola: Solve for Rydberg stage 198/1565.
[INFO] Enola: Solve for Rydberg stage 199/1565.
[INFO] Enola: Solve for Rydberg stage 200/1565.
[INFO] Enola: Solve for Rydberg stage 201/1565.
[INFO] Enola: Solve for Rydberg stage 202/1565.
[INFO] Enola: Solve for Rydberg stage 203/1565.
[INFO] Enola: Solve for Rydberg stage 204/1565.
[INFO] Enola: Solve for Rydberg stage 205/1565.
[INFO] Enola: Solve for Rydberg stage 206/1565.
[INFO] Enola: Solve for Rydberg stage 207/1565.
[INFO] Enola: Solve for Rydberg stage 208/1565.
[INFO] Enola: Solve for Rydberg stage 209/1565.
[INFO] Enola: Solve for Rydberg stage 210/1565.
[INFO] Enola: Solve for Rydberg stage 211/1565.
[INFO] Enola: Solve for Rydberg stage 212/1565.
[INFO] Enola: Solve for Rydberg stage 213/1565.
[INFO] Enola: Solve for Rydberg stage 214/1565.
[INFO] Enola: Solve for Rydberg stage 215/1565.
[INFO] Enola: Solve for Rydberg stage 216/1565.
[INFO] Enola: Solve for Rydberg stage 217/1565.
[INFO] Enola: Solve for Rydberg stage 218/1565.
[INFO] Enola: Solve for Rydberg stage 219/1565.
[INFO] Enola: Solve for Rydberg stage 220/1565.
[INFO] Enola: Solve for Rydberg stage 221/1565.
[INFO] Enola: Solve for Rydberg stage 222/1565.
[INFO] Enola: Solve for Rydberg stage 223/1565.
[INFO] Enola: Solve for Rydberg stage 224/1565.
[INFO] Enola: Solve for Rydberg stage 225/1565.
[INFO] Enola: Solve for Rydberg stage 226/1565.
[INFO] Enola: Solve for Rydberg stage 227/1565.
[INFO] Enola: Solve for Rydberg stage 228/1565.
[INFO] Enola: Solve for Rydberg stage 229/1565.
[INFO] Enola: Solve for Rydberg stage 230/1565.
[INFO] Enola: Solve for Rydberg stage 231/1565.
[INFO] Enola: Solve for Rydberg stage 232/1565.
[INFO] Enola: Solve for Rydberg stage 233/1565.
[INFO] Enola: Solve for Rydberg stage 234/1565.
[INFO] Enola: Solve for Rydberg stage 235/1565.
[INFO] Enola: Solve for Rydberg stage 236/1565.
[INFO] Enola: Solve for Rydberg stage 237/1565.
[INFO] Enola: Solve for Rydberg stage 238/1565.
[INFO] Enola: Solve for Rydberg stage 239/1565.
[INFO] Enola: Solve for Rydberg stage 240/1565.
[INFO] Enola: Solve for Rydberg stage 241/1565.
[INFO] Enola: Solve for Rydberg stage 242/1565.
[INFO] Enola: Solve for Rydberg stage 243/1565.
[INFO] Enola: Solve for Rydberg stage 244/1565.
[INFO] Enola: Solve for Rydberg stage 245/1565.
[INFO] Enola: Solve for Rydberg stage 246/1565.
[INFO] Enola: Solve for Rydberg stage 247/1565.
[INFO] Enola: Solve for Rydberg stage 248/1565.
[INFO] Enola: Solve for Rydberg stage 249/1565.
[INFO] Enola: Solve for Rydberg stage 250/1565.
[INFO] Enola: Solve for Rydberg stage 251/1565.
[INFO] Enola: Solve for Rydberg stage 252/1565.
[INFO] Enola: Solve for Rydberg stage 253/1565.
[INFO] Enola: Solve for Rydberg stage 254/1565.
[INFO] Enola: Solve for Rydberg stage 255/1565.
[INFO] Enola: Solve for Rydberg stage 256/1565.
[INFO] Enola: Solve for Rydberg stage 257/1565.
[INFO] Enola: Solve for Rydberg stage 258/1565.
[INFO] Enola: Solve for Rydberg stage 259/1565.
[INFO] Enola: Solve for Rydberg stage 260/1565.
[INFO] Enola: Solve for Rydberg stage 261/1565.
[INFO] Enola: Solve for Rydberg stage 262/1565.
[INFO] Enola: Solve for Rydberg stage 263/1565.
[INFO] Enola: Solve for Rydberg stage 264/1565.
[INFO] Enola: Solve for Rydberg stage 265/1565.
[INFO] Enola: Solve for Rydberg stage 266/1565.
[INFO] Enola: Solve for Rydberg stage 267/1565.
[INFO] Enola: Solve for Rydberg stage 268/1565.
[INFO] Enola: Solve for Rydberg stage 269/1565.
[INFO] Enola: Solve for Rydberg stage 270/1565.
[INFO] Enola: Solve for Rydberg stage 271/1565.
[INFO] Enola: Solve for Rydberg stage 272/1565.
[INFO] Enola: Solve for Rydberg stage 273/1565.
[INFO] Enola: Solve for Rydberg stage 274/1565.
[INFO] Enola: Solve for Rydberg stage 275/1565.
[INFO] Enola: Solve for Rydberg stage 276/1565.
[INFO] Enola: Solve for Rydberg stage 277/1565.
[INFO] Enola: Solve for Rydberg stage 278/1565.
[INFO] Enola: Solve for Rydberg stage 279/1565.
[INFO] Enola: Solve for Rydberg stage 280/1565.
[INFO] Enola: Solve for Rydberg stage 281/1565.
[INFO] Enola: Solve for Rydberg stage 282/1565.
[INFO] Enola: Solve for Rydberg stage 283/1565.
[INFO] Enola: Solve for Rydberg stage 284/1565.
[INFO] Enola: Solve for Rydberg stage 285/1565.
[INFO] Enola: Solve for Rydberg stage 286/1565.
[INFO] Enola: Solve for Rydberg stage 287/1565.
[INFO] Enola: Solve for Rydberg stage 288/1565.
[INFO] Enola: Solve for Rydberg stage 289/1565.
[INFO] Enola: Solve for Rydberg stage 290/1565.
[INFO] Enola: Solve for Rydberg stage 291/1565.
[INFO] Enola: Solve for Rydberg stage 292/1565.
[INFO] Enola: Solve for Rydberg stage 293/1565.
[INFO] Enola: Solve for Rydberg stage 294/1565.
[INFO] Enola: Solve for Rydberg stage 295/1565.
[INFO] Enola: Solve for Rydberg stage 296/1565.
[INFO] Enola: Solve for Rydberg stage 297/1565.
[INFO] Enola: Solve for Rydberg stage 298/1565.
[INFO] Enola: Solve for Rydberg stage 299/1565.
[INFO] Enola: Solve for Rydberg stage 300/1565.
[INFO] Enola: Solve for Rydberg stage 301/1565.
[INFO] Enola: Solve for Rydberg stage 302/1565.
[INFO] Enola: Solve for Rydberg stage 303/1565.
[INFO] Enola: Solve for Rydberg stage 304/1565.
[INFO] Enola: Solve for Rydberg stage 305/1565.
[INFO] Enola: Solve for Rydberg stage 306/1565.
[INFO] Enola: Solve for Rydberg stage 307/1565.
[INFO] Enola: Solve for Rydberg stage 308/1565.
[INFO] Enola: Solve for Rydberg stage 309/1565.
[INFO] Enola: Solve for Rydberg stage 310/1565.
[INFO] Enola: Solve for Rydberg stage 311/1565.
[INFO] Enola: Solve for Rydberg stage 312/1565.
[INFO] Enola: Solve for Rydberg stage 313/1565.
[INFO] Enola: Solve for Rydberg stage 314/1565.
[INFO] Enola: Solve for Rydberg stage 315/1565.
[INFO] Enola: Solve for Rydberg stage 316/1565.
[INFO] Enola: Solve for Rydberg stage 317/1565.
[INFO] Enola: Solve for Rydberg stage 318/1565.
[INFO] Enola: Solve for Rydberg stage 319/1565.
[INFO] Enola: Solve for Rydberg stage 320/1565.
[INFO] Enola: Solve for Rydberg stage 321/1565.
[INFO] Enola: Solve for Rydberg stage 322/1565.
[INFO] Enola: Solve for Rydberg stage 323/1565.
[INFO] Enola: Solve for Rydberg stage 324/1565.
[INFO] Enola: Solve for Rydberg stage 325/1565.
[INFO] Enola: Solve for Rydberg stage 326/1565.
[INFO] Enola: Solve for Rydberg stage 327/1565.
[INFO] Enola: Solve for Rydberg stage 328/1565.
[INFO] Enola: Solve for Rydberg stage 329/1565.
[INFO] Enola: Solve for Rydberg stage 330/1565.
[INFO] Enola: Solve for Rydberg stage 331/1565.
[INFO] Enola: Solve for Rydberg stage 332/1565.
[INFO] Enola: Solve for Rydberg stage 333/1565.
[INFO] Enola: Solve for Rydberg stage 334/1565.
[INFO] Enola: Solve for Rydberg stage 335/1565.
[INFO] Enola: Solve for Rydberg stage 336/1565.
[INFO] Enola: Solve for Rydberg stage 337/1565.
[INFO] Enola: Solve for Rydberg stage 338/1565.
[INFO] Enola: Solve for Rydberg stage 339/1565.
[INFO] Enola: Solve for Rydberg stage 340/1565.
[INFO] Enola: Solve for Rydberg stage 341/1565.
[INFO] Enola: Solve for Rydberg stage 342/1565.
[INFO] Enola: Solve for Rydberg stage 343/1565.
[INFO] Enola: Solve for Rydberg stage 344/1565.
[INFO] Enola: Solve for Rydberg stage 345/1565.
[INFO] Enola: Solve for Rydberg stage 346/1565.
[INFO] Enola: Solve for Rydberg stage 347/1565.
[INFO] Enola: Solve for Rydberg stage 348/1565.
[INFO] Enola: Solve for Rydberg stage 349/1565.
[INFO] Enola: Solve for Rydberg stage 350/1565.
[INFO] Enola: Solve for Rydberg stage 351/1565.
[INFO] Enola: Solve for Rydberg stage 352/1565.
[INFO] Enola: Solve for Rydberg stage 353/1565.
[INFO] Enola: Solve for Rydberg stage 354/1565.
[INFO] Enola: Solve for Rydberg stage 355/1565.
[INFO] Enola: Solve for Rydberg stage 356/1565.
[INFO] Enola: Solve for Rydberg stage 357/1565.
[INFO] Enola: Solve for Rydberg stage 358/1565.
[INFO] Enola: Solve for Rydberg stage 359/1565.
[INFO] Enola: Solve for Rydberg stage 360/1565.
[INFO] Enola: Solve for Rydberg stage 361/1565.
[INFO] Enola: Solve for Rydberg stage 362/1565.
[INFO] Enola: Solve for Rydberg stage 363/1565.
[INFO] Enola: Solve for Rydberg stage 364/1565.
[INFO] Enola: Solve for Rydberg stage 365/1565.
[INFO] Enola: Solve for Rydberg stage 366/1565.
[INFO] Enola: Solve for Rydberg stage 367/1565.
[INFO] Enola: Solve for Rydberg stage 368/1565.
[INFO] Enola: Solve for Rydberg stage 369/1565.
[INFO] Enola: Solve for Rydberg stage 370/1565.
[INFO] Enola: Solve for Rydberg stage 371/1565.
[INFO] Enola: Solve for Rydberg stage 372/1565.
[INFO] Enola: Solve for Rydberg stage 373/1565.
[INFO] Enola: Solve for Rydberg stage 374/1565.
[INFO] Enola: Solve for Rydberg stage 375/1565.
[INFO] Enola: Solve for Rydberg stage 376/1565.
[INFO] Enola: Solve for Rydberg stage 377/1565.
[INFO] Enola: Solve for Rydberg stage 378/1565.
[INFO] Enola: Solve for Rydberg stage 379/1565.
[INFO] Enola: Solve for Rydberg stage 380/1565.
[INFO] Enola: Solve for Rydberg stage 381/1565.
[INFO] Enola: Solve for Rydberg stage 382/1565.
[INFO] Enola: Solve for Rydberg stage 383/1565.
[INFO] Enola: Solve for Rydberg stage 384/1565.
[INFO] Enola: Solve for Rydberg stage 385/1565.
[INFO] Enola: Solve for Rydberg stage 386/1565.
[INFO] Enola: Solve for Rydberg stage 387/1565.
[INFO] Enola: Solve for Rydberg stage 388/1565.
[INFO] Enola: Solve for Rydberg stage 389/1565.
[INFO] Enola: Solve for Rydberg stage 390/1565.
[INFO] Enola: Solve for Rydberg stage 391/1565.
[INFO] Enola: Solve for Rydberg stage 392/1565.
[INFO] Enola: Solve for Rydberg stage 393/1565.
[INFO] Enola: Solve for Rydberg stage 394/1565.
[INFO] Enola: Solve for Rydberg stage 395/1565.
[INFO] Enola: Solve for Rydberg stage 396/1565.
[INFO] Enola: Solve for Rydberg stage 397/1565.
[INFO] Enola: Solve for Rydberg stage 398/1565.
[INFO] Enola: Solve for Rydberg stage 399/1565.
[INFO] Enola: Solve for Rydberg stage 400/1565.
[INFO] Enola: Solve for Rydberg stage 401/1565.
[INFO] Enola: Solve for Rydberg stage 402/1565.
[INFO] Enola: Solve for Rydberg stage 403/1565.
[INFO] Enola: Solve for Rydberg stage 404/1565.
[INFO] Enola: Solve for Rydberg stage 405/1565.
[INFO] Enola: Solve for Rydberg stage 406/1565.
[INFO] Enola: Solve for Rydberg stage 407/1565.
[INFO] Enola: Solve for Rydberg stage 408/1565.
[INFO] Enola: Solve for Rydberg stage 409/1565.
[INFO] Enola: Solve for Rydberg stage 410/1565.
[INFO] Enola: Solve for Rydberg stage 411/1565.
[INFO] Enola: Solve for Rydberg stage 412/1565.
[INFO] Enola: Solve for Rydberg stage 413/1565.
[INFO] Enola: Solve for Rydberg stage 414/1565.
[INFO] Enola: Solve for Rydberg stage 415/1565.
[INFO] Enola: Solve for Rydberg stage 416/1565.
[INFO] Enola: Solve for Rydberg stage 417/1565.
[INFO] Enola: Solve for Rydberg stage 418/1565.
[INFO] Enola: Solve for Rydberg stage 419/1565.
[INFO] Enola: Solve for Rydberg stage 420/1565.
[INFO] Enola: Solve for Rydberg stage 421/1565.
[INFO] Enola: Solve for Rydberg stage 422/1565.
[INFO] Enola: Solve for Rydberg stage 423/1565.
[INFO] Enola: Solve for Rydberg stage 424/1565.
[INFO] Enola: Solve for Rydberg stage 425/1565.
[INFO] Enola: Solve for Rydberg stage 426/1565.
[INFO] Enola: Solve for Rydberg stage 427/1565.
[INFO] Enola: Solve for Rydberg stage 428/1565.
[INFO] Enola: Solve for Rydberg stage 429/1565.
[INFO] Enola: Solve for Rydberg stage 430/1565.
[INFO] Enola: Solve for Rydberg stage 431/1565.
[INFO] Enola: Solve for Rydberg stage 432/1565.
[INFO] Enola: Solve for Rydberg stage 433/1565.
[INFO] Enola: Solve for Rydberg stage 434/1565.
[INFO] Enola: Solve for Rydberg stage 435/1565.
[INFO] Enola: Solve for Rydberg stage 436/1565.
[INFO] Enola: Solve for Rydberg stage 437/1565.
[INFO] Enola: Solve for Rydberg stage 438/1565.
[INFO] Enola: Solve for Rydberg stage 439/1565.
[INFO] Enola: Solve for Rydberg stage 440/1565.
[INFO] Enola: Solve for Rydberg stage 441/1565.
[INFO] Enola: Solve for Rydberg stage 442/1565.
[INFO] Enola: Solve for Rydberg stage 443/1565.
[INFO] Enola: Solve for Rydberg stage 444/1565.
[INFO] Enola: Solve for Rydberg stage 445/1565.
[INFO] Enola: Solve for Rydberg stage 446/1565.
[INFO] Enola: Solve for Rydberg stage 447/1565.
[INFO] Enola: Solve for Rydberg stage 448/1565.
[INFO] Enola: Solve for Rydberg stage 449/1565.
[INFO] Enola: Solve for Rydberg stage 450/1565.
[INFO] Enola: Solve for Rydberg stage 451/1565.
[INFO] Enola: Solve for Rydberg stage 452/1565.
[INFO] Enola: Solve for Rydberg stage 453/1565.
[INFO] Enola: Solve for Rydberg stage 454/1565.
[INFO] Enola: Solve for Rydberg stage 455/1565.
[INFO] Enola: Solve for Rydberg stage 456/1565.
[INFO] Enola: Solve for Rydberg stage 457/1565.
[INFO] Enola: Solve for Rydberg stage 458/1565.
[INFO] Enola: Solve for Rydberg stage 459/1565.
[INFO] Enola: Solve for Rydberg stage 460/1565.
[INFO] Enola: Solve for Rydberg stage 461/1565.
[INFO] Enola: Solve for Rydberg stage 462/1565.
[INFO] Enola: Solve for Rydberg stage 463/1565.
[INFO] Enola: Solve for Rydberg stage 464/1565.
[INFO] Enola: Solve for Rydberg stage 465/1565.
[INFO] Enola: Solve for Rydberg stage 466/1565.
[INFO] Enola: Solve for Rydberg stage 467/1565.
[INFO] Enola: Solve for Rydberg stage 468/1565.
[INFO] Enola: Solve for Rydberg stage 469/1565.
[INFO] Enola: Solve for Rydberg stage 470/1565.
[INFO] Enola: Solve for Rydberg stage 471/1565.
[INFO] Enola: Solve for Rydberg stage 472/1565.
[INFO] Enola: Solve for Rydberg stage 473/1565.
[INFO] Enola: Solve for Rydberg stage 474/1565.
[INFO] Enola: Solve for Rydberg stage 475/1565.
[INFO] Enola: Solve for Rydberg stage 476/1565.
[INFO] Enola: Solve for Rydberg stage 477/1565.
[INFO] Enola: Solve for Rydberg stage 478/1565.
[INFO] Enola: Solve for Rydberg stage 479/1565.
[INFO] Enola: Solve for Rydberg stage 480/1565.
[INFO] Enola: Solve for Rydberg stage 481/1565.
[INFO] Enola: Solve for Rydberg stage 482/1565.
[INFO] Enola: Solve for Rydberg stage 483/1565.
[INFO] Enola: Solve for Rydberg stage 484/1565.
[INFO] Enola: Solve for Rydberg stage 485/1565.
[INFO] Enola: Solve for Rydberg stage 486/1565.
[INFO] Enola: Solve for Rydberg stage 487/1565.
[INFO] Enola: Solve for Rydberg stage 488/1565.
[INFO] Enola: Solve for Rydberg stage 489/1565.
[INFO] Enola: Solve for Rydberg stage 490/1565.
[INFO] Enola: Solve for Rydberg stage 491/1565.
[INFO] Enola: Solve for Rydberg stage 492/1565.
[INFO] Enola: Solve for Rydberg stage 493/1565.
[INFO] Enola: Solve for Rydberg stage 494/1565.
[INFO] Enola: Solve for Rydberg stage 495/1565.
[INFO] Enola: Solve for Rydberg stage 496/1565.
[INFO] Enola: Solve for Rydberg stage 497/1565.
[INFO] Enola: Solve for Rydberg stage 498/1565.
[INFO] Enola: Solve for Rydberg stage 499/1565.
[INFO] Enola: Solve for Rydberg stage 500/1565.
[INFO] Enola: Solve for Rydberg stage 501/1565.
[INFO] Enola: Solve for Rydberg stage 502/1565.
[INFO] Enola: Solve for Rydberg stage 503/1565.
[INFO] Enola: Solve for Rydberg stage 504/1565.
[INFO] Enola: Solve for Rydberg stage 505/1565.
[INFO] Enola: Solve for Rydberg stage 506/1565.
[INFO] Enola: Solve for Rydberg stage 507/1565.
[INFO] Enola: Solve for Rydberg stage 508/1565.
[INFO] Enola: Solve for Rydberg stage 509/1565.
[INFO] Enola: Solve for Rydberg stage 510/1565.
[INFO] Enola: Solve for Rydberg stage 511/1565.
[INFO] Enola: Solve for Rydberg stage 512/1565.
[INFO] Enola: Solve for Rydberg stage 513/1565.
[INFO] Enola: Solve for Rydberg stage 514/1565.
[INFO] Enola: Solve for Rydberg stage 515/1565.
[INFO] Enola: Solve for Rydberg stage 516/1565.
[INFO] Enola: Solve for Rydberg stage 517/1565.
[INFO] Enola: Solve for Rydberg stage 518/1565.
[INFO] Enola: Solve for Rydberg stage 519/1565.
[INFO] Enola: Solve for Rydberg stage 520/1565.
[INFO] Enola: Solve for Rydberg stage 521/1565.
[INFO] Enola: Solve for Rydberg stage 522/1565.
[INFO] Enola: Solve for Rydberg stage 523/1565.
[INFO] Enola: Solve for Rydberg stage 524/1565.
[INFO] Enola: Solve for Rydberg stage 525/1565.
[INFO] Enola: Solve for Rydberg stage 526/1565.
[INFO] Enola: Solve for Rydberg stage 527/1565.
[INFO] Enola: Solve for Rydberg stage 528/1565.
[INFO] Enola: Solve for Rydberg stage 529/1565.
[INFO] Enola: Solve for Rydberg stage 530/1565.
[INFO] Enola: Solve for Rydberg stage 531/1565.
[INFO] Enola: Solve for Rydberg stage 532/1565.
[INFO] Enola: Solve for Rydberg stage 533/1565.
[INFO] Enola: Solve for Rydberg stage 534/1565.
[INFO] Enola: Solve for Rydberg stage 535/1565.
[INFO] Enola: Solve for Rydberg stage 536/1565.
[INFO] Enola: Solve for Rydberg stage 537/1565.
[INFO] Enola: Solve for Rydberg stage 538/1565.
[INFO] Enola: Solve for Rydberg stage 539/1565.
[INFO] Enola: Solve for Rydberg stage 540/1565.
[INFO] Enola: Solve for Rydberg stage 541/1565.
[INFO] Enola: Solve for Rydberg stage 542/1565.
[INFO] Enola: Solve for Rydberg stage 543/1565.
[INFO] Enola: Solve for Rydberg stage 544/1565.
[INFO] Enola: Solve for Rydberg stage 545/1565.
[INFO] Enola: Solve for Rydberg stage 546/1565.
[INFO] Enola: Solve for Rydberg stage 547/1565.
[INFO] Enola: Solve for Rydberg stage 548/1565.
[INFO] Enola: Solve for Rydberg stage 549/1565.
[INFO] Enola: Solve for Rydberg stage 550/1565.
[INFO] Enola: Solve for Rydberg stage 551/1565.
[INFO] Enola: Solve for Rydberg stage 552/1565.
[INFO] Enola: Solve for Rydberg stage 553/1565.
[INFO] Enola: Solve for Rydberg stage 554/1565.
[INFO] Enola: Solve for Rydberg stage 555/1565.
[INFO] Enola: Solve for Rydberg stage 556/1565.
[INFO] Enola: Solve for Rydberg stage 557/1565.
[INFO] Enola: Solve for Rydberg stage 558/1565.
[INFO] Enola: Solve for Rydberg stage 559/1565.
[INFO] Enola: Solve for Rydberg stage 560/1565.
[INFO] Enola: Solve for Rydberg stage 561/1565.
[INFO] Enola: Solve for Rydberg stage 562/1565.
[INFO] Enola: Solve for Rydberg stage 563/1565.
[INFO] Enola: Solve for Rydberg stage 564/1565.
[INFO] Enola: Solve for Rydberg stage 565/1565.
[INFO] Enola: Solve for Rydberg stage 566/1565.
[INFO] Enola: Solve for Rydberg stage 567/1565.
[INFO] Enola: Solve for Rydberg stage 568/1565.
[INFO] Enola: Solve for Rydberg stage 569/1565.
[INFO] Enola: Solve for Rydberg stage 570/1565.
[INFO] Enola: Solve for Rydberg stage 571/1565.
[INFO] Enola: Solve for Rydberg stage 572/1565.
[INFO] Enola: Solve for Rydberg stage 573/1565.
[INFO] Enola: Solve for Rydberg stage 574/1565.
[INFO] Enola: Solve for Rydberg stage 575/1565.
[INFO] Enola: Solve for Rydberg stage 576/1565.
[INFO] Enola: Solve for Rydberg stage 577/1565.
[INFO] Enola: Solve for Rydberg stage 578/1565.
[INFO] Enola: Solve for Rydberg stage 579/1565.
[INFO] Enola: Solve for Rydberg stage 580/1565.
[INFO] Enola: Solve for Rydberg stage 581/1565.
[INFO] Enola: Solve for Rydberg stage 582/1565.
[INFO] Enola: Solve for Rydberg stage 583/1565.
[INFO] Enola: Solve for Rydberg stage 584/1565.
[INFO] Enola: Solve for Rydberg stage 585/1565.
[INFO] Enola: Solve for Rydberg stage 586/1565.
[INFO] Enola: Solve for Rydberg stage 587/1565.
[INFO] Enola: Solve for Rydberg stage 588/1565.
[INFO] Enola: Solve for Rydberg stage 589/1565.
[INFO] Enola: Solve for Rydberg stage 590/1565.
[INFO] Enola: Solve for Rydberg stage 591/1565.
[INFO] Enola: Solve for Rydberg stage 592/1565.
[INFO] Enola: Solve for Rydberg stage 593/1565.
[INFO] Enola: Solve for Rydberg stage 594/1565.
[INFO] Enola: Solve for Rydberg stage 595/1565.
[INFO] Enola: Solve for Rydberg stage 596/1565.
[INFO] Enola: Solve for Rydberg stage 597/1565.
[INFO] Enola: Solve for Rydberg stage 598/1565.
[INFO] Enola: Solve for Rydberg stage 599/1565.
[INFO] Enola: Solve for Rydberg stage 600/1565.
[INFO] Enola: Solve for Rydberg stage 601/1565.
[INFO] Enola: Solve for Rydberg stage 602/1565.
[INFO] Enola: Solve for Rydberg stage 603/1565.
[INFO] Enola: Solve for Rydberg stage 604/1565.
[INFO] Enola: Solve for Rydberg stage 605/1565.
[INFO] Enola: Solve for Rydberg stage 606/1565.
[INFO] Enola: Solve for Rydberg stage 607/1565.
[INFO] Enola: Solve for Rydberg stage 608/1565.
[INFO] Enola: Solve for Rydberg stage 609/1565.
[INFO] Enola: Solve for Rydberg stage 610/1565.
[INFO] Enola: Solve for Rydberg stage 611/1565.
[INFO] Enola: Solve for Rydberg stage 612/1565.
[INFO] Enola: Solve for Rydberg stage 613/1565.
[INFO] Enola: Solve for Rydberg stage 614/1565.
[INFO] Enola: Solve for Rydberg stage 615/1565.
[INFO] Enola: Solve for Rydberg stage 616/1565.
[INFO] Enola: Solve for Rydberg stage 617/1565.
[INFO] Enola: Solve for Rydberg stage 618/1565.
[INFO] Enola: Solve for Rydberg stage 619/1565.
[INFO] Enola: Solve for Rydberg stage 620/1565.
[INFO] Enola: Solve for Rydberg stage 621/1565.
[INFO] Enola: Solve for Rydberg stage 622/1565.
[INFO] Enola: Solve for Rydberg stage 623/1565.
[INFO] Enola: Solve for Rydberg stage 624/1565.
[INFO] Enola: Solve for Rydberg stage 625/1565.
[INFO] Enola: Solve for Rydberg stage 626/1565.
[INFO] Enola: Solve for Rydberg stage 627/1565.
[INFO] Enola: Solve for Rydberg stage 628/1565.
[INFO] Enola: Solve for Rydberg stage 629/1565.
[INFO] Enola: Solve for Rydberg stage 630/1565.
[INFO] Enola: Solve for Rydberg stage 631/1565.
[INFO] Enola: Solve for Rydberg stage 632/1565.
[INFO] Enola: Solve for Rydberg stage 633/1565.
[INFO] Enola: Solve for Rydberg stage 634/1565.
[INFO] Enola: Solve for Rydberg stage 635/1565.
[INFO] Enola: Solve for Rydberg stage 636/1565.
[INFO] Enola: Solve for Rydberg stage 637/1565.
[INFO] Enola: Solve for Rydberg stage 638/1565.
[INFO] Enola: Solve for Rydberg stage 639/1565.
[INFO] Enola: Solve for Rydberg stage 640/1565.
[INFO] Enola: Solve for Rydberg stage 641/1565.
[INFO] Enola: Solve for Rydberg stage 642/1565.
[INFO] Enola: Solve for Rydberg stage 643/1565.
[INFO] Enola: Solve for Rydberg stage 644/1565.
[INFO] Enola: Solve for Rydberg stage 645/1565.
[INFO] Enola: Solve for Rydberg stage 646/1565.
[INFO] Enola: Solve for Rydberg stage 647/1565.
[INFO] Enola: Solve for Rydberg stage 648/1565.
[INFO] Enola: Solve for Rydberg stage 649/1565.
[INFO] Enola: Solve for Rydberg stage 650/1565.
[INFO] Enola: Solve for Rydberg stage 651/1565.
[INFO] Enola: Solve for Rydberg stage 652/1565.
[INFO] Enola: Solve for Rydberg stage 653/1565.
[INFO] Enola: Solve for Rydberg stage 654/1565.
[INFO] Enola: Solve for Rydberg stage 655/1565.
[INFO] Enola: Solve for Rydberg stage 656/1565.
[INFO] Enola: Solve for Rydberg stage 657/1565.
[INFO] Enola: Solve for Rydberg stage 658/1565.
[INFO] Enola: Solve for Rydberg stage 659/1565.
[INFO] Enola: Solve for Rydberg stage 660/1565.
[INFO] Enola: Solve for Rydberg stage 661/1565.
[INFO] Enola: Solve for Rydberg stage 662/1565.
[INFO] Enola: Solve for Rydberg stage 663/1565.
[INFO] Enola: Solve for Rydberg stage 664/1565.
[INFO] Enola: Solve for Rydberg stage 665/1565.
[INFO] Enola: Solve for Rydberg stage 666/1565.
[INFO] Enola: Solve for Rydberg stage 667/1565.
[INFO] Enola: Solve for Rydberg stage 668/1565.
[INFO] Enola: Solve for Rydberg stage 669/1565.
[INFO] Enola: Solve for Rydberg stage 670/1565.
[INFO] Enola: Solve for Rydberg stage 671/1565.
[INFO] Enola: Solve for Rydberg stage 672/1565.
[INFO] Enola: Solve for Rydberg stage 673/1565.
[INFO] Enola: Solve for Rydberg stage 674/1565.
[INFO] Enola: Solve for Rydberg stage 675/1565.
[INFO] Enola: Solve for Rydberg stage 676/1565.
[INFO] Enola: Solve for Rydberg stage 677/1565.
[INFO] Enola: Solve for Rydberg stage 678/1565.
[INFO] Enola: Solve for Rydberg stage 679/1565.
[INFO] Enola: Solve for Rydberg stage 680/1565.
[INFO] Enola: Solve for Rydberg stage 681/1565.
[INFO] Enola: Solve for Rydberg stage 682/1565.
[INFO] Enola: Solve for Rydberg stage 683/1565.
[INFO] Enola: Solve for Rydberg stage 684/1565.
[INFO] Enola: Solve for Rydberg stage 685/1565.
[INFO] Enola: Solve for Rydberg stage 686/1565.
[INFO] Enola: Solve for Rydberg stage 687/1565.
[INFO] Enola: Solve for Rydberg stage 688/1565.
[INFO] Enola: Solve for Rydberg stage 689/1565.
[INFO] Enola: Solve for Rydberg stage 690/1565.
[INFO] Enola: Solve for Rydberg stage 691/1565.
[INFO] Enola: Solve for Rydberg stage 692/1565.
[INFO] Enola: Solve for Rydberg stage 693/1565.
[INFO] Enola: Solve for Rydberg stage 694/1565.
[INFO] Enola: Solve for Rydberg stage 695/1565.
[INFO] Enola: Solve for Rydberg stage 696/1565.
[INFO] Enola: Solve for Rydberg stage 697/1565.
[INFO] Enola: Solve for Rydberg stage 698/1565.
[INFO] Enola: Solve for Rydberg stage 699/1565.
[INFO] Enola: Solve for Rydberg stage 700/1565.
[INFO] Enola: Solve for Rydberg stage 701/1565.
[INFO] Enola: Solve for Rydberg stage 702/1565.
[INFO] Enola: Solve for Rydberg stage 703/1565.
[INFO] Enola: Solve for Rydberg stage 704/1565.
[INFO] Enola: Solve for Rydberg stage 705/1565.
[INFO] Enola: Solve for Rydberg stage 706/1565.
[INFO] Enola: Solve for Rydberg stage 707/1565.
[INFO] Enola: Solve for Rydberg stage 708/1565.
[INFO] Enola: Solve for Rydberg stage 709/1565.
[INFO] Enola: Solve for Rydberg stage 710/1565.
[INFO] Enola: Solve for Rydberg stage 711/1565.
[INFO] Enola: Solve for Rydberg stage 712/1565.
[INFO] Enola: Solve for Rydberg stage 713/1565.
[INFO] Enola: Solve for Rydberg stage 714/1565.
[INFO] Enola: Solve for Rydberg stage 715/1565.
[INFO] Enola: Solve for Rydberg stage 716/1565.
[INFO] Enola: Solve for Rydberg stage 717/1565.
[INFO] Enola: Solve for Rydberg stage 718/1565.
[INFO] Enola: Solve for Rydberg stage 719/1565.
[INFO] Enola: Solve for Rydberg stage 720/1565.
[INFO] Enola: Solve for Rydberg stage 721/1565.
[INFO] Enola: Solve for Rydberg stage 722/1565.
[INFO] Enola: Solve for Rydberg stage 723/1565.
[INFO] Enola: Solve for Rydberg stage 724/1565.
[INFO] Enola: Solve for Rydberg stage 725/1565.
[INFO] Enola: Solve for Rydberg stage 726/1565.
[INFO] Enola: Solve for Rydberg stage 727/1565.
[INFO] Enola: Solve for Rydberg stage 728/1565.
[INFO] Enola: Solve for Rydberg stage 729/1565.
[INFO] Enola: Solve for Rydberg stage 730/1565.
[INFO] Enola: Solve for Rydberg stage 731/1565.
[INFO] Enola: Solve for Rydberg stage 732/1565.
[INFO] Enola: Solve for Rydberg stage 733/1565.
[INFO] Enola: Solve for Rydberg stage 734/1565.
[INFO] Enola: Solve for Rydberg stage 735/1565.
[INFO] Enola: Solve for Rydberg stage 736/1565.
[INFO] Enola: Solve for Rydberg stage 737/1565.
[INFO] Enola: Solve for Rydberg stage 738/1565.
[INFO] Enola: Solve for Rydberg stage 739/1565.
[INFO] Enola: Solve for Rydberg stage 740/1565.
[INFO] Enola: Solve for Rydberg stage 741/1565.
[INFO] Enola: Solve for Rydberg stage 742/1565.
[INFO] Enola: Solve for Rydberg stage 743/1565.
[INFO] Enola: Solve for Rydberg stage 744/1565.
[INFO] Enola: Solve for Rydberg stage 745/1565.
[INFO] Enola: Solve for Rydberg stage 746/1565.
[INFO] Enola: Solve for Rydberg stage 747/1565.
[INFO] Enola: Solve for Rydberg stage 748/1565.
[INFO] Enola: Solve for Rydberg stage 749/1565.
[INFO] Enola: Solve for Rydberg stage 750/1565.
[INFO] Enola: Solve for Rydberg stage 751/1565.
[INFO] Enola: Solve for Rydberg stage 752/1565.
[INFO] Enola: Solve for Rydberg stage 753/1565.
[INFO] Enola: Solve for Rydberg stage 754/1565.
[INFO] Enola: Solve for Rydberg stage 755/1565.
[INFO] Enola: Solve for Rydberg stage 756/1565.
[INFO] Enola: Solve for Rydberg stage 757/1565.
[INFO] Enola: Solve for Rydberg stage 758/1565.
[INFO] Enola: Solve for Rydberg stage 759/1565.
[INFO] Enola: Solve for Rydberg stage 760/1565.
[INFO] Enola: Solve for Rydberg stage 761/1565.
[INFO] Enola: Solve for Rydberg stage 762/1565.
[INFO] Enola: Solve for Rydberg stage 763/1565.
[INFO] Enola: Solve for Rydberg stage 764/1565.
[INFO] Enola: Solve for Rydberg stage 765/1565.
[INFO] Enola: Solve for Rydberg stage 766/1565.
[INFO] Enola: Solve for Rydberg stage 767/1565.
[INFO] Enola: Solve for Rydberg stage 768/1565.
[INFO] Enola: Solve for Rydberg stage 769/1565.
[INFO] Enola: Solve for Rydberg stage 770/1565.
[INFO] Enola: Solve for Rydberg stage 771/1565.
[INFO] Enola: Solve for Rydberg stage 772/1565.
[INFO] Enola: Solve for Rydberg stage 773/1565.
[INFO] Enola: Solve for Rydberg stage 774/1565.
[INFO] Enola: Solve for Rydberg stage 775/1565.
[INFO] Enola: Solve for Rydberg stage 776/1565.
[INFO] Enola: Solve for Rydberg stage 777/1565.
[INFO] Enola: Solve for Rydberg stage 778/1565.
[INFO] Enola: Solve for Rydberg stage 779/1565.
[INFO] Enola: Solve for Rydberg stage 780/1565.
[INFO] Enola: Solve for Rydberg stage 781/1565.
[INFO] Enola: Solve for Rydberg stage 782/1565.
[INFO] Enola: Solve for Rydberg stage 783/1565.
[INFO] Enola: Solve for Rydberg stage 784/1565.
[INFO] Enola: Solve for Rydberg stage 785/1565.
[INFO] Enola: Solve for Rydberg stage 786/1565.
[INFO] Enola: Solve for Rydberg stage 787/1565.
[INFO] Enola: Solve for Rydberg stage 788/1565.
[INFO] Enola: Solve for Rydberg stage 789/1565.
[INFO] Enola: Solve for Rydberg stage 790/1565.
[INFO] Enola: Solve for Rydberg stage 791/1565.
[INFO] Enola: Solve for Rydberg stage 792/1565.
[INFO] Enola: Solve for Rydberg stage 793/1565.
[INFO] Enola: Solve for Rydberg stage 794/1565.
[INFO] Enola: Solve for Rydberg stage 795/1565.
[INFO] Enola: Solve for Rydberg stage 796/1565.
[INFO] Enola: Solve for Rydberg stage 797/1565.
[INFO] Enola: Solve for Rydberg stage 798/1565.
[INFO] Enola: Solve for Rydberg stage 799/1565.
[INFO] Enola: Solve for Rydberg stage 800/1565.
[INFO] Enola: Solve for Rydberg stage 801/1565.
[INFO] Enola: Solve for Rydberg stage 802/1565.
[INFO] Enola: Solve for Rydberg stage 803/1565.
[INFO] Enola: Solve for Rydberg stage 804/1565.
[INFO] Enola: Solve for Rydberg stage 805/1565.
[INFO] Enola: Solve for Rydberg stage 806/1565.
[INFO] Enola: Solve for Rydberg stage 807/1565.
[INFO] Enola: Solve for Rydberg stage 808/1565.
[INFO] Enola: Solve for Rydberg stage 809/1565.
[INFO] Enola: Solve for Rydberg stage 810/1565.
[INFO] Enola: Solve for Rydberg stage 811/1565.
[INFO] Enola: Solve for Rydberg stage 812/1565.
[INFO] Enola: Solve for Rydberg stage 813/1565.
[INFO] Enola: Solve for Rydberg stage 814/1565.
[INFO] Enola: Solve for Rydberg stage 815/1565.
[INFO] Enola: Solve for Rydberg stage 816/1565.
[INFO] Enola: Solve for Rydberg stage 817/1565.
[INFO] Enola: Solve for Rydberg stage 818/1565.
[INFO] Enola: Solve for Rydberg stage 819/1565.
[INFO] Enola: Solve for Rydberg stage 820/1565.
[INFO] Enola: Solve for Rydberg stage 821/1565.
[INFO] Enola: Solve for Rydberg stage 822/1565.
[INFO] Enola: Solve for Rydberg stage 823/1565.
[INFO] Enola: Solve for Rydberg stage 824/1565.
[INFO] Enola: Solve for Rydberg stage 825/1565.
[INFO] Enola: Solve for Rydberg stage 826/1565.
[INFO] Enola: Solve for Rydberg stage 827/1565.
[INFO] Enola: Solve for Rydberg stage 828/1565.
[INFO] Enola: Solve for Rydberg stage 829/1565.
[INFO] Enola: Solve for Rydberg stage 830/1565.
[INFO] Enola: Solve for Rydberg stage 831/1565.
[INFO] Enola: Solve for Rydberg stage 832/1565.
[INFO] Enola: Solve for Rydberg stage 833/1565.
[INFO] Enola: Solve for Rydberg stage 834/1565.
[INFO] Enola: Solve for Rydberg stage 835/1565.
[INFO] Enola: Solve for Rydberg stage 836/1565.
[INFO] Enola: Solve for Rydberg stage 837/1565.
[INFO] Enola: Solve for Rydberg stage 838/1565.
[INFO] Enola: Solve for Rydberg stage 839/1565.
[INFO] Enola: Solve for Rydberg stage 840/1565.
[INFO] Enola: Solve for Rydberg stage 841/1565.
[INFO] Enola: Solve for Rydberg stage 842/1565.
[INFO] Enola: Solve for Rydberg stage 843/1565.
[INFO] Enola: Solve for Rydberg stage 844/1565.
[INFO] Enola: Solve for Rydberg stage 845/1565.
[INFO] Enola: Solve for Rydberg stage 846/1565.
[INFO] Enola: Solve for Rydberg stage 847/1565.
[INFO] Enola: Solve for Rydberg stage 848/1565.
[INFO] Enola: Solve for Rydberg stage 849/1565.
[INFO] Enola: Solve for Rydberg stage 850/1565.
[INFO] Enola: Solve for Rydberg stage 851/1565.
[INFO] Enola: Solve for Rydberg stage 852/1565.
[INFO] Enola: Solve for Rydberg stage 853/1565.
[INFO] Enola: Solve for Rydberg stage 854/1565.
[INFO] Enola: Solve for Rydberg stage 855/1565.
[INFO] Enola: Solve for Rydberg stage 856/1565.
[INFO] Enola: Solve for Rydberg stage 857/1565.
[INFO] Enola: Solve for Rydberg stage 858/1565.
[INFO] Enola: Solve for Rydberg stage 859/1565.
[INFO] Enola: Solve for Rydberg stage 860/1565.
[INFO] Enola: Solve for Rydberg stage 861/1565.
[INFO] Enola: Solve for Rydberg stage 862/1565.
[INFO] Enola: Solve for Rydberg stage 863/1565.
[INFO] Enola: Solve for Rydberg stage 864/1565.
[INFO] Enola: Solve for Rydberg stage 865/1565.
[INFO] Enola: Solve for Rydberg stage 866/1565.
[INFO] Enola: Solve for Rydberg stage 867/1565.
[INFO] Enola: Solve for Rydberg stage 868/1565.
[INFO] Enola: Solve for Rydberg stage 869/1565.
[INFO] Enola: Solve for Rydberg stage 870/1565.
[INFO] Enola: Solve for Rydberg stage 871/1565.
[INFO] Enola: Solve for Rydberg stage 872/1565.
[INFO] Enola: Solve for Rydberg stage 873/1565.
[INFO] Enola: Solve for Rydberg stage 874/1565.
[INFO] Enola: Solve for Rydberg stage 875/1565.
[INFO] Enola: Solve for Rydberg stage 876/1565.
[INFO] Enola: Solve for Rydberg stage 877/1565.
[INFO] Enola: Solve for Rydberg stage 878/1565.
[INFO] Enola: Solve for Rydberg stage 879/1565.
[INFO] Enola: Solve for Rydberg stage 880/1565.
[INFO] Enola: Solve for Rydberg stage 881/1565.
[INFO] Enola: Solve for Rydberg stage 882/1565.
[INFO] Enola: Solve for Rydberg stage 883/1565.
[INFO] Enola: Solve for Rydberg stage 884/1565.
[INFO] Enola: Solve for Rydberg stage 885/1565.
[INFO] Enola: Solve for Rydberg stage 886/1565.
[INFO] Enola: Solve for Rydberg stage 887/1565.
[INFO] Enola: Solve for Rydberg stage 888/1565.
[INFO] Enola: Solve for Rydberg stage 889/1565.
[INFO] Enola: Solve for Rydberg stage 890/1565.
[INFO] Enola: Solve for Rydberg stage 891/1565.
[INFO] Enola: Solve for Rydberg stage 892/1565.
[INFO] Enola: Solve for Rydberg stage 893/1565.
[INFO] Enola: Solve for Rydberg stage 894/1565.
[INFO] Enola: Solve for Rydberg stage 895/1565.
[INFO] Enola: Solve for Rydberg stage 896/1565.
[INFO] Enola: Solve for Rydberg stage 897/1565.
[INFO] Enola: Solve for Rydberg stage 898/1565.
[INFO] Enola: Solve for Rydberg stage 899/1565.
[INFO] Enola: Solve for Rydberg stage 900/1565.
[INFO] Enola: Solve for Rydberg stage 901/1565.
[INFO] Enola: Solve for Rydberg stage 902/1565.
[INFO] Enola: Solve for Rydberg stage 903/1565.
[INFO] Enola: Solve for Rydberg stage 904/1565.
[INFO] Enola: Solve for Rydberg stage 905/1565.
[INFO] Enola: Solve for Rydberg stage 906/1565.
[INFO] Enola: Solve for Rydberg stage 907/1565.
[INFO] Enola: Solve for Rydberg stage 908/1565.
[INFO] Enola: Solve for Rydberg stage 909/1565.
[INFO] Enola: Solve for Rydberg stage 910/1565.
[INFO] Enola: Solve for Rydberg stage 911/1565.
[INFO] Enola: Solve for Rydberg stage 912/1565.
[INFO] Enola: Solve for Rydberg stage 913/1565.
[INFO] Enola: Solve for Rydberg stage 914/1565.
[INFO] Enola: Solve for Rydberg stage 915/1565.
[INFO] Enola: Solve for Rydberg stage 916/1565.
[INFO] Enola: Solve for Rydberg stage 917/1565.
[INFO] Enola: Solve for Rydberg stage 918/1565.
[INFO] Enola: Solve for Rydberg stage 919/1565.
[INFO] Enola: Solve for Rydberg stage 920/1565.
[INFO] Enola: Solve for Rydberg stage 921/1565.
[INFO] Enola: Solve for Rydberg stage 922/1565.
[INFO] Enola: Solve for Rydberg stage 923/1565.
[INFO] Enola: Solve for Rydberg stage 924/1565.
[INFO] Enola: Solve for Rydberg stage 925/1565.
[INFO] Enola: Solve for Rydberg stage 926/1565.
[INFO] Enola: Solve for Rydberg stage 927/1565.
[INFO] Enola: Solve for Rydberg stage 928/1565.
[INFO] Enola: Solve for Rydberg stage 929/1565.
[INFO] Enola: Solve for Rydberg stage 930/1565.
[INFO] Enola: Solve for Rydberg stage 931/1565.
[INFO] Enola: Solve for Rydberg stage 932/1565.
[INFO] Enola: Solve for Rydberg stage 933/1565.
[INFO] Enola: Solve for Rydberg stage 934/1565.
[INFO] Enola: Solve for Rydberg stage 935/1565.
[INFO] Enola: Solve for Rydberg stage 936/1565.
[INFO] Enola: Solve for Rydberg stage 937/1565.
[INFO] Enola: Solve for Rydberg stage 938/1565.
[INFO] Enola: Solve for Rydberg stage 939/1565.
[INFO] Enola: Solve for Rydberg stage 940/1565.
[INFO] Enola: Solve for Rydberg stage 941/1565.
[INFO] Enola: Solve for Rydberg stage 942/1565.
[INFO] Enola: Solve for Rydberg stage 943/1565.
[INFO] Enola: Solve for Rydberg stage 944/1565.
[INFO] Enola: Solve for Rydberg stage 945/1565.
[INFO] Enola: Solve for Rydberg stage 946/1565.
[INFO] Enola: Solve for Rydberg stage 947/1565.
[INFO] Enola: Solve for Rydberg stage 948/1565.
[INFO] Enola: Solve for Rydberg stage 949/1565.
[INFO] Enola: Solve for Rydberg stage 950/1565.
[INFO] Enola: Solve for Rydberg stage 951/1565.
[INFO] Enola: Solve for Rydberg stage 952/1565.
[INFO] Enola: Solve for Rydberg stage 953/1565.
[INFO] Enola: Solve for Rydberg stage 954/1565.
[INFO] Enola: Solve for Rydberg stage 955/1565.
[INFO] Enola: Solve for Rydberg stage 956/1565.
[INFO] Enola: Solve for Rydberg stage 957/1565.
[INFO] Enola: Solve for Rydberg stage 958/1565.
[INFO] Enola: Solve for Rydberg stage 959/1565.
[INFO] Enola: Solve for Rydberg stage 960/1565.
[INFO] Enola: Solve for Rydberg stage 961/1565.
[INFO] Enola: Solve for Rydberg stage 962/1565.
[INFO] Enola: Solve for Rydberg stage 963/1565.
[INFO] Enola: Solve for Rydberg stage 964/1565.
[INFO] Enola: Solve for Rydberg stage 965/1565.
[INFO] Enola: Solve for Rydberg stage 966/1565.
[INFO] Enola: Solve for Rydberg stage 967/1565.
[INFO] Enola: Solve for Rydberg stage 968/1565.
[INFO] Enola: Solve for Rydberg stage 969/1565.
[INFO] Enola: Solve for Rydberg stage 970/1565.
[INFO] Enola: Solve for Rydberg stage 971/1565.
[INFO] Enola: Solve for Rydberg stage 972/1565.
[INFO] Enola: Solve for Rydberg stage 973/1565.
[INFO] Enola: Solve for Rydberg stage 974/1565.
[INFO] Enola: Solve for Rydberg stage 975/1565.
[INFO] Enola: Solve for Rydberg stage 976/1565.
[INFO] Enola: Solve for Rydberg stage 977/1565.
[INFO] Enola: Solve for Rydberg stage 978/1565.
[INFO] Enola: Solve for Rydberg stage 979/1565.
[INFO] Enola: Solve for Rydberg stage 980/1565.
[INFO] Enola: Solve for Rydberg stage 981/1565.
[INFO] Enola: Solve for Rydberg stage 982/1565.
[INFO] Enola: Solve for Rydberg stage 983/1565.
[INFO] Enola: Solve for Rydberg stage 984/1565.
[INFO] Enola: Solve for Rydberg stage 985/1565.
[INFO] Enola: Solve for Rydberg stage 986/1565.
[INFO] Enola: Solve for Rydberg stage 987/1565.
[INFO] Enola: Solve for Rydberg stage 988/1565.
[INFO] Enola: Solve for Rydberg stage 989/1565.
[INFO] Enola: Solve for Rydberg stage 990/1565.
[INFO] Enola: Solve for Rydberg stage 991/1565.
[INFO] Enola: Solve for Rydberg stage 992/1565.
[INFO] Enola: Solve for Rydberg stage 993/1565.
[INFO] Enola: Solve for Rydberg stage 994/1565.
[INFO] Enola: Solve for Rydberg stage 995/1565.
[INFO] Enola: Solve for Rydberg stage 996/1565.
[INFO] Enola: Solve for Rydberg stage 997/1565.
[INFO] Enola: Solve for Rydberg stage 998/1565.
[INFO] Enola: Solve for Rydberg stage 999/1565.
[INFO] Enola: Solve for Rydberg stage 1000/1565.
[INFO] Enola: Solve for Rydberg stage 1001/1565.
[INFO] Enola: Solve for Rydberg stage 1002/1565.
[INFO] Enola: Solve for Rydberg stage 1003/1565.
[INFO] Enola: Solve for Rydberg stage 1004/1565.
[INFO] Enola: Solve for Rydberg stage 1005/1565.
[INFO] Enola: Solve for Rydberg stage 1006/1565.
[INFO] Enola: Solve for Rydberg stage 1007/1565.
[INFO] Enola: Solve for Rydberg stage 1008/1565.
[INFO] Enola: Solve for Rydberg stage 1009/1565.
[INFO] Enola: Solve for Rydberg stage 1010/1565.
[INFO] Enola: Solve for Rydberg stage 1011/1565.
[INFO] Enola: Solve for Rydberg stage 1012/1565.
[INFO] Enola: Solve for Rydberg stage 1013/1565.
[INFO] Enola: Solve for Rydberg stage 1014/1565.
[INFO] Enola: Solve for Rydberg stage 1015/1565.
[INFO] Enola: Solve for Rydberg stage 1016/1565.
[INFO] Enola: Solve for Rydberg stage 1017/1565.
[INFO] Enola: Solve for Rydberg stage 1018/1565.
[INFO] Enola: Solve for Rydberg stage 1019/1565.
[INFO] Enola: Solve for Rydberg stage 1020/1565.
[INFO] Enola: Solve for Rydberg stage 1021/1565.
[INFO] Enola: Solve for Rydberg stage 1022/1565.
[INFO] Enola: Solve for Rydberg stage 1023/1565.
[INFO] Enola: Solve for Rydberg stage 1024/1565.
[INFO] Enola: Solve for Rydberg stage 1025/1565.
[INFO] Enola: Solve for Rydberg stage 1026/1565.
[INFO] Enola: Solve for Rydberg stage 1027/1565.
[INFO] Enola: Solve for Rydberg stage 1028/1565.
[INFO] Enola: Solve for Rydberg stage 1029/1565.
[INFO] Enola: Solve for Rydberg stage 1030/1565.
[INFO] Enola: Solve for Rydberg stage 1031/1565.
[INFO] Enola: Solve for Rydberg stage 1032/1565.
[INFO] Enola: Solve for Rydberg stage 1033/1565.
[INFO] Enola: Solve for Rydberg stage 1034/1565.
[INFO] Enola: Solve for Rydberg stage 1035/1565.
[INFO] Enola: Solve for Rydberg stage 1036/1565.
[INFO] Enola: Solve for Rydberg stage 1037/1565.
[INFO] Enola: Solve for Rydberg stage 1038/1565.
[INFO] Enola: Solve for Rydberg stage 1039/1565.
[INFO] Enola: Solve for Rydberg stage 1040/1565.
[INFO] Enola: Solve for Rydberg stage 1041/1565.
[INFO] Enola: Solve for Rydberg stage 1042/1565.
[INFO] Enola: Solve for Rydberg stage 1043/1565.
[INFO] Enola: Solve for Rydberg stage 1044/1565.
[INFO] Enola: Solve for Rydberg stage 1045/1565.
[INFO] Enola: Solve for Rydberg stage 1046/1565.
[INFO] Enola: Solve for Rydberg stage 1047/1565.
[INFO] Enola: Solve for Rydberg stage 1048/1565.
[INFO] Enola: Solve for Rydberg stage 1049/1565.
[INFO] Enola: Solve for Rydberg stage 1050/1565.
[INFO] Enola: Solve for Rydberg stage 1051/1565.
[INFO] Enola: Solve for Rydberg stage 1052/1565.
[INFO] Enola: Solve for Rydberg stage 1053/1565.
[INFO] Enola: Solve for Rydberg stage 1054/1565.
[INFO] Enola: Solve for Rydberg stage 1055/1565.
[INFO] Enola: Solve for Rydberg stage 1056/1565.
[INFO] Enola: Solve for Rydberg stage 1057/1565.
[INFO] Enola: Solve for Rydberg stage 1058/1565.
[INFO] Enola: Solve for Rydberg stage 1059/1565.
[INFO] Enola: Solve for Rydberg stage 1060/1565.
[INFO] Enola: Solve for Rydberg stage 1061/1565.
[INFO] Enola: Solve for Rydberg stage 1062/1565.
[INFO] Enola: Solve for Rydberg stage 1063/1565.
[INFO] Enola: Solve for Rydberg stage 1064/1565.
[INFO] Enola: Solve for Rydberg stage 1065/1565.
[INFO] Enola: Solve for Rydberg stage 1066/1565.
[INFO] Enola: Solve for Rydberg stage 1067/1565.
[INFO] Enola: Solve for Rydberg stage 1068/1565.
[INFO] Enola: Solve for Rydberg stage 1069/1565.
[INFO] Enola: Solve for Rydberg stage 1070/1565.
[INFO] Enola: Solve for Rydberg stage 1071/1565.
[INFO] Enola: Solve for Rydberg stage 1072/1565.
[INFO] Enola: Solve for Rydberg stage 1073/1565.
[INFO] Enola: Solve for Rydberg stage 1074/1565.
[INFO] Enola: Solve for Rydberg stage 1075/1565.
[INFO] Enola: Solve for Rydberg stage 1076/1565.
[INFO] Enola: Solve for Rydberg stage 1077/1565.
[INFO] Enola: Solve for Rydberg stage 1078/1565.
[INFO] Enola: Solve for Rydberg stage 1079/1565.
[INFO] Enola: Solve for Rydberg stage 1080/1565.
[INFO] Enola: Solve for Rydberg stage 1081/1565.
[INFO] Enola: Solve for Rydberg stage 1082/1565.
[INFO] Enola: Solve for Rydberg stage 1083/1565.
[INFO] Enola: Solve for Rydberg stage 1084/1565.
[INFO] Enola: Solve for Rydberg stage 1085/1565.
[INFO] Enola: Solve for Rydberg stage 1086/1565.
[INFO] Enola: Solve for Rydberg stage 1087/1565.
[INFO] Enola: Solve for Rydberg stage 1088/1565.
[INFO] Enola: Solve for Rydberg stage 1089/1565.
[INFO] Enola: Solve for Rydberg stage 1090/1565.
[INFO] Enola: Solve for Rydberg stage 1091/1565.
[INFO] Enola: Solve for Rydberg stage 1092/1565.
[INFO] Enola: Solve for Rydberg stage 1093/1565.
[INFO] Enola: Solve for Rydberg stage 1094/1565.
[INFO] Enola: Solve for Rydberg stage 1095/1565.
[INFO] Enola: Solve for Rydberg stage 1096/1565.
[INFO] Enola: Solve for Rydberg stage 1097/1565.
[INFO] Enola: Solve for Rydberg stage 1098/1565.
[INFO] Enola: Solve for Rydberg stage 1099/1565.
[INFO] Enola: Solve for Rydberg stage 1100/1565.
[INFO] Enola: Solve for Rydberg stage 1101/1565.
[INFO] Enola: Solve for Rydberg stage 1102/1565.
[INFO] Enola: Solve for Rydberg stage 1103/1565.
[INFO] Enola: Solve for Rydberg stage 1104/1565.
[INFO] Enola: Solve for Rydberg stage 1105/1565.
[INFO] Enola: Solve for Rydberg stage 1106/1565.
[INFO] Enola: Solve for Rydberg stage 1107/1565.
[INFO] Enola: Solve for Rydberg stage 1108/1565.
[INFO] Enola: Solve for Rydberg stage 1109/1565.
[INFO] Enola: Solve for Rydberg stage 1110/1565.
[INFO] Enola: Solve for Rydberg stage 1111/1565.
[INFO] Enola: Solve for Rydberg stage 1112/1565.
[INFO] Enola: Solve for Rydberg stage 1113/1565.
[INFO] Enola: Solve for Rydberg stage 1114/1565.
[INFO] Enola: Solve for Rydberg stage 1115/1565.
[INFO] Enola: Solve for Rydberg stage 1116/1565.
[INFO] Enola: Solve for Rydberg stage 1117/1565.
[INFO] Enola: Solve for Rydberg stage 1118/1565.
[INFO] Enola: Solve for Rydberg stage 1119/1565.
[INFO] Enola: Solve for Rydberg stage 1120/1565.
[INFO] Enola: Solve for Rydberg stage 1121/1565.
[INFO] Enola: Solve for Rydberg stage 1122/1565.
[INFO] Enola: Solve for Rydberg stage 1123/1565.
[INFO] Enola: Solve for Rydberg stage 1124/1565.
[INFO] Enola: Solve for Rydberg stage 1125/1565.
[INFO] Enola: Solve for Rydberg stage 1126/1565.
[INFO] Enola: Solve for Rydberg stage 1127/1565.
[INFO] Enola: Solve for Rydberg stage 1128/1565.
[INFO] Enola: Solve for Rydberg stage 1129/1565.
[INFO] Enola: Solve for Rydberg stage 1130/1565.
[INFO] Enola: Solve for Rydberg stage 1131/1565.
[INFO] Enola: Solve for Rydberg stage 1132/1565.
[INFO] Enola: Solve for Rydberg stage 1133/1565.
[INFO] Enola: Solve for Rydberg stage 1134/1565.
[INFO] Enola: Solve for Rydberg stage 1135/1565.
[INFO] Enola: Solve for Rydberg stage 1136/1565.
[INFO] Enola: Solve for Rydberg stage 1137/1565.
[INFO] Enola: Solve for Rydberg stage 1138/1565.
[INFO] Enola: Solve for Rydberg stage 1139/1565.
[INFO] Enola: Solve for Rydberg stage 1140/1565.
[INFO] Enola: Solve for Rydberg stage 1141/1565.
[INFO] Enola: Solve for Rydberg stage 1142/1565.
[INFO] Enola: Solve for Rydberg stage 1143/1565.
[INFO] Enola: Solve for Rydberg stage 1144/1565.
[INFO] Enola: Solve for Rydberg stage 1145/1565.
[INFO] Enola: Solve for Rydberg stage 1146/1565.
[INFO] Enola: Solve for Rydberg stage 1147/1565.
[INFO] Enola: Solve for Rydberg stage 1148/1565.
[INFO] Enola: Solve for Rydberg stage 1149/1565.
[INFO] Enola: Solve for Rydberg stage 1150/1565.
[INFO] Enola: Solve for Rydberg stage 1151/1565.
[INFO] Enola: Solve for Rydberg stage 1152/1565.
[INFO] Enola: Solve for Rydberg stage 1153/1565.
[INFO] Enola: Solve for Rydberg stage 1154/1565.
[INFO] Enola: Solve for Rydberg stage 1155/1565.
[INFO] Enola: Solve for Rydberg stage 1156/1565.
[INFO] Enola: Solve for Rydberg stage 1157/1565.
[INFO] Enola: Solve for Rydberg stage 1158/1565.
[INFO] Enola: Solve for Rydberg stage 1159/1565.
[INFO] Enola: Solve for Rydberg stage 1160/1565.
[INFO] Enola: Solve for Rydberg stage 1161/1565.
[INFO] Enola: Solve for Rydberg stage 1162/1565.
[INFO] Enola: Solve for Rydberg stage 1163/1565.
[INFO] Enola: Solve for Rydberg stage 1164/1565.
[INFO] Enola: Solve for Rydberg stage 1165/1565.
[INFO] Enola: Solve for Rydberg stage 1166/1565.
[INFO] Enola: Solve for Rydberg stage 1167/1565.
[INFO] Enola: Solve for Rydberg stage 1168/1565.
[INFO] Enola: Solve for Rydberg stage 1169/1565.
[INFO] Enola: Solve for Rydberg stage 1170/1565.
[INFO] Enola: Solve for Rydberg stage 1171/1565.
[INFO] Enola: Solve for Rydberg stage 1172/1565.
[INFO] Enola: Solve for Rydberg stage 1173/1565.
[INFO] Enola: Solve for Rydberg stage 1174/1565.
[INFO] Enola: Solve for Rydberg stage 1175/1565.
[INFO] Enola: Solve for Rydberg stage 1176/1565.
[INFO] Enola: Solve for Rydberg stage 1177/1565.
[INFO] Enola: Solve for Rydberg stage 1178/1565.
[INFO] Enola: Solve for Rydberg stage 1179/1565.
[INFO] Enola: Solve for Rydberg stage 1180/1565.
[INFO] Enola: Solve for Rydberg stage 1181/1565.
[INFO] Enola: Solve for Rydberg stage 1182/1565.
[INFO] Enola: Solve for Rydberg stage 1183/1565.
[INFO] Enola: Solve for Rydberg stage 1184/1565.
[INFO] Enola: Solve for Rydberg stage 1185/1565.
[INFO] Enola: Solve for Rydberg stage 1186/1565.
[INFO] Enola: Solve for Rydberg stage 1187/1565.
[INFO] Enola: Solve for Rydberg stage 1188/1565.
[INFO] Enola: Solve for Rydberg stage 1189/1565.
[INFO] Enola: Solve for Rydberg stage 1190/1565.
[INFO] Enola: Solve for Rydberg stage 1191/1565.
[INFO] Enola: Solve for Rydberg stage 1192/1565.
[INFO] Enola: Solve for Rydberg stage 1193/1565.
[INFO] Enola: Solve for Rydberg stage 1194/1565.
[INFO] Enola: Solve for Rydberg stage 1195/1565.
[INFO] Enola: Solve for Rydberg stage 1196/1565.
[INFO] Enola: Solve for Rydberg stage 1197/1565.
[INFO] Enola: Solve for Rydberg stage 1198/1565.
[INFO] Enola: Solve for Rydberg stage 1199/1565.
[INFO] Enola: Solve for Rydberg stage 1200/1565.
[INFO] Enola: Solve for Rydberg stage 1201/1565.
[INFO] Enola: Solve for Rydberg stage 1202/1565.
[INFO] Enola: Solve for Rydberg stage 1203/1565.
[INFO] Enola: Solve for Rydberg stage 1204/1565.
[INFO] Enola: Solve for Rydberg stage 1205/1565.
[INFO] Enola: Solve for Rydberg stage 1206/1565.
[INFO] Enola: Solve for Rydberg stage 1207/1565.
[INFO] Enola: Solve for Rydberg stage 1208/1565.
[INFO] Enola: Solve for Rydberg stage 1209/1565.
[INFO] Enola: Solve for Rydberg stage 1210/1565.
[INFO] Enola: Solve for Rydberg stage 1211/1565.
[INFO] Enola: Solve for Rydberg stage 1212/1565.
[INFO] Enola: Solve for Rydberg stage 1213/1565.
[INFO] Enola: Solve for Rydberg stage 1214/1565.
[INFO] Enola: Solve for Rydberg stage 1215/1565.
[INFO] Enola: Solve for Rydberg stage 1216/1565.
[INFO] Enola: Solve for Rydberg stage 1217/1565.
[INFO] Enola: Solve for Rydberg stage 1218/1565.
[INFO] Enola: Solve for Rydberg stage 1219/1565.
[INFO] Enola: Solve for Rydberg stage 1220/1565.
[INFO] Enola: Solve for Rydberg stage 1221/1565.
[INFO] Enola: Solve for Rydberg stage 1222/1565.
[INFO] Enola: Solve for Rydberg stage 1223/1565.
[INFO] Enola: Solve for Rydberg stage 1224/1565.
[INFO] Enola: Solve for Rydberg stage 1225/1565.
[INFO] Enola: Solve for Rydberg stage 1226/1565.
[INFO] Enola: Solve for Rydberg stage 1227/1565.
[INFO] Enola: Solve for Rydberg stage 1228/1565.
[INFO] Enola: Solve for Rydberg stage 1229/1565.
[INFO] Enola: Solve for Rydberg stage 1230/1565.
[INFO] Enola: Solve for Rydberg stage 1231/1565.
[INFO] Enola: Solve for Rydberg stage 1232/1565.
[INFO] Enola: Solve for Rydberg stage 1233/1565.
[INFO] Enola: Solve for Rydberg stage 1234/1565.
[INFO] Enola: Solve for Rydberg stage 1235/1565.
[INFO] Enola: Solve for Rydberg stage 1236/1565.
[INFO] Enola: Solve for Rydberg stage 1237/1565.
[INFO] Enola: Solve for Rydberg stage 1238/1565.
[INFO] Enola: Solve for Rydberg stage 1239/1565.
[INFO] Enola: Solve for Rydberg stage 1240/1565.
[INFO] Enola: Solve for Rydberg stage 1241/1565.
[INFO] Enola: Solve for Rydberg stage 1242/1565.
[INFO] Enola: Solve for Rydberg stage 1243/1565.
[INFO] Enola: Solve for Rydberg stage 1244/1565.
[INFO] Enola: Solve for Rydberg stage 1245/1565.
[INFO] Enola: Solve for Rydberg stage 1246/1565.
[INFO] Enola: Solve for Rydberg stage 1247/1565.
[INFO] Enola: Solve for Rydberg stage 1248/1565.
[INFO] Enola: Solve for Rydberg stage 1249/1565.
[INFO] Enola: Solve for Rydberg stage 1250/1565.
[INFO] Enola: Solve for Rydberg stage 1251/1565.
[INFO] Enola: Solve for Rydberg stage 1252/1565.
[INFO] Enola: Solve for Rydberg stage 1253/1565.
[INFO] Enola: Solve for Rydberg stage 1254/1565.
[INFO] Enola: Solve for Rydberg stage 1255/1565.
[INFO] Enola: Solve for Rydberg stage 1256/1565.
[INFO] Enola: Solve for Rydberg stage 1257/1565.
[INFO] Enola: Solve for Rydberg stage 1258/1565.
[INFO] Enola: Solve for Rydberg stage 1259/1565.
[INFO] Enola: Solve for Rydberg stage 1260/1565.
[INFO] Enola: Solve for Rydberg stage 1261/1565.
[INFO] Enola: Solve for Rydberg stage 1262/1565.
[INFO] Enola: Solve for Rydberg stage 1263/1565.
[INFO] Enola: Solve for Rydberg stage 1264/1565.
[INFO] Enola: Solve for Rydberg stage 1265/1565.
[INFO] Enola: Solve for Rydberg stage 1266/1565.
[INFO] Enola: Solve for Rydberg stage 1267/1565.
[INFO] Enola: Solve for Rydberg stage 1268/1565.
[INFO] Enola: Solve for Rydberg stage 1269/1565.
[INFO] Enola: Solve for Rydberg stage 1270/1565.
[INFO] Enola: Solve for Rydberg stage 1271/1565.
[INFO] Enola: Solve for Rydberg stage 1272/1565.
[INFO] Enola: Solve for Rydberg stage 1273/1565.
[INFO] Enola: Solve for Rydberg stage 1274/1565.
[INFO] Enola: Solve for Rydberg stage 1275/1565.
[INFO] Enola: Solve for Rydberg stage 1276/1565.
[INFO] Enola: Solve for Rydberg stage 1277/1565.
[INFO] Enola: Solve for Rydberg stage 1278/1565.
[INFO] Enola: Solve for Rydberg stage 1279/1565.
[INFO] Enola: Solve for Rydberg stage 1280/1565.
[INFO] Enola: Solve for Rydberg stage 1281/1565.
[INFO] Enola: Solve for Rydberg stage 1282/1565.
[INFO] Enola: Solve for Rydberg stage 1283/1565.
[INFO] Enola: Solve for Rydberg stage 1284/1565.
[INFO] Enola: Solve for Rydberg stage 1285/1565.
[INFO] Enola: Solve for Rydberg stage 1286/1565.
[INFO] Enola: Solve for Rydberg stage 1287/1565.
[INFO] Enola: Solve for Rydberg stage 1288/1565.
[INFO] Enola: Solve for Rydberg stage 1289/1565.
[INFO] Enola: Solve for Rydberg stage 1290/1565.
[INFO] Enola: Solve for Rydberg stage 1291/1565.
[INFO] Enola: Solve for Rydberg stage 1292/1565.
[INFO] Enola: Solve for Rydberg stage 1293/1565.
[INFO] Enola: Solve for Rydberg stage 1294/1565.
[INFO] Enola: Solve for Rydberg stage 1295/1565.
[INFO] Enola: Solve for Rydberg stage 1296/1565.
[INFO] Enola: Solve for Rydberg stage 1297/1565.
[INFO] Enola: Solve for Rydberg stage 1298/1565.
[INFO] Enola: Solve for Rydberg stage 1299/1565.
[INFO] Enola: Solve for Rydberg stage 1300/1565.
[INFO] Enola: Solve for Rydberg stage 1301/1565.
[INFO] Enola: Solve for Rydberg stage 1302/1565.
[INFO] Enola: Solve for Rydberg stage 1303/1565.
[INFO] Enola: Solve for Rydberg stage 1304/1565.
[INFO] Enola: Solve for Rydberg stage 1305/1565.
[INFO] Enola: Solve for Rydberg stage 1306/1565.
[INFO] Enola: Solve for Rydberg stage 1307/1565.
[INFO] Enola: Solve for Rydberg stage 1308/1565.
[INFO] Enola: Solve for Rydberg stage 1309/1565.
[INFO] Enola: Solve for Rydberg stage 1310/1565.
[INFO] Enola: Solve for Rydberg stage 1311/1565.
[INFO] Enola: Solve for Rydberg stage 1312/1565.
[INFO] Enola: Solve for Rydberg stage 1313/1565.
[INFO] Enola: Solve for Rydberg stage 1314/1565.
[INFO] Enola: Solve for Rydberg stage 1315/1565.
[INFO] Enola: Solve for Rydberg stage 1316/1565.
[INFO] Enola: Solve for Rydberg stage 1317/1565.
[INFO] Enola: Solve for Rydberg stage 1318/1565.
[INFO] Enola: Solve for Rydberg stage 1319/1565.
[INFO] Enola: Solve for Rydberg stage 1320/1565.
[INFO] Enola: Solve for Rydberg stage 1321/1565.
[INFO] Enola: Solve for Rydberg stage 1322/1565.
[INFO] Enola: Solve for Rydberg stage 1323/1565.
[INFO] Enola: Solve for Rydberg stage 1324/1565.
[INFO] Enola: Solve for Rydberg stage 1325/1565.
[INFO] Enola: Solve for Rydberg stage 1326/1565.
[INFO] Enola: Solve for Rydberg stage 1327/1565.
[INFO] Enola: Solve for Rydberg stage 1328/1565.
[INFO] Enola: Solve for Rydberg stage 1329/1565.
[INFO] Enola: Solve for Rydberg stage 1330/1565.
[INFO] Enola: Solve for Rydberg stage 1331/1565.
[INFO] Enola: Solve for Rydberg stage 1332/1565.
[INFO] Enola: Solve for Rydberg stage 1333/1565.
[INFO] Enola: Solve for Rydberg stage 1334/1565.
[INFO] Enola: Solve for Rydberg stage 1335/1565.
[INFO] Enola: Solve for Rydberg stage 1336/1565.
[INFO] Enola: Solve for Rydberg stage 1337/1565.
[INFO] Enola: Solve for Rydberg stage 1338/1565.
[INFO] Enola: Solve for Rydberg stage 1339/1565.
[INFO] Enola: Solve for Rydberg stage 1340/1565.
[INFO] Enola: Solve for Rydberg stage 1341/1565.
[INFO] Enola: Solve for Rydberg stage 1342/1565.
[INFO] Enola: Solve for Rydberg stage 1343/1565.
[INFO] Enola: Solve for Rydberg stage 1344/1565.
[INFO] Enola: Solve for Rydberg stage 1345/1565.
[INFO] Enola: Solve for Rydberg stage 1346/1565.
[INFO] Enola: Solve for Rydberg stage 1347/1565.
[INFO] Enola: Solve for Rydberg stage 1348/1565.
[INFO] Enola: Solve for Rydberg stage 1349/1565.
[INFO] Enola: Solve for Rydberg stage 1350/1565.
[INFO] Enola: Solve for Rydberg stage 1351/1565.
[INFO] Enola: Solve for Rydberg stage 1352/1565.
[INFO] Enola: Solve for Rydberg stage 1353/1565.
[INFO] Enola: Solve for Rydberg stage 1354/1565.
[INFO] Enola: Solve for Rydberg stage 1355/1565.
[INFO] Enola: Solve for Rydberg stage 1356/1565.
[INFO] Enola: Solve for Rydberg stage 1357/1565.
[INFO] Enola: Solve for Rydberg stage 1358/1565.
[INFO] Enola: Solve for Rydberg stage 1359/1565.
[INFO] Enola: Solve for Rydberg stage 1360/1565.
[INFO] Enola: Solve for Rydberg stage 1361/1565.
[INFO] Enola: Solve for Rydberg stage 1362/1565.
[INFO] Enola: Solve for Rydberg stage 1363/1565.
[INFO] Enola: Solve for Rydberg stage 1364/1565.
[INFO] Enola: Solve for Rydberg stage 1365/1565.
[INFO] Enola: Solve for Rydberg stage 1366/1565.
[INFO] Enola: Solve for Rydberg stage 1367/1565.
[INFO] Enola: Solve for Rydberg stage 1368/1565.
[INFO] Enola: Solve for Rydberg stage 1369/1565.
[INFO] Enola: Solve for Rydberg stage 1370/1565.
[INFO] Enola: Solve for Rydberg stage 1371/1565.
[INFO] Enola: Solve for Rydberg stage 1372/1565.
[INFO] Enola: Solve for Rydberg stage 1373/1565.
[INFO] Enola: Solve for Rydberg stage 1374/1565.
[INFO] Enola: Solve for Rydberg stage 1375/1565.
[INFO] Enola: Solve for Rydberg stage 1376/1565.
[INFO] Enola: Solve for Rydberg stage 1377/1565.
[INFO] Enola: Solve for Rydberg stage 1378/1565.
[INFO] Enola: Solve for Rydberg stage 1379/1565.
[INFO] Enola: Solve for Rydberg stage 1380/1565.
[INFO] Enola: Solve for Rydberg stage 1381/1565.
[INFO] Enola: Solve for Rydberg stage 1382/1565.
[INFO] Enola: Solve for Rydberg stage 1383/1565.
[INFO] Enola: Solve for Rydberg stage 1384/1565.
[INFO] Enola: Solve for Rydberg stage 1385/1565.
[INFO] Enola: Solve for Rydberg stage 1386/1565.
[INFO] Enola: Solve for Rydberg stage 1387/1565.
[INFO] Enola: Solve for Rydberg stage 1388/1565.
[INFO] Enola: Solve for Rydberg stage 1389/1565.
[INFO] Enola: Solve for Rydberg stage 1390/1565.
[INFO] Enola: Solve for Rydberg stage 1391/1565.
[INFO] Enola: Solve for Rydberg stage 1392/1565.
[INFO] Enola: Solve for Rydberg stage 1393/1565.
[INFO] Enola: Solve for Rydberg stage 1394/1565.
[INFO] Enola: Solve for Rydberg stage 1395/1565.
[INFO] Enola: Solve for Rydberg stage 1396/1565.
[INFO] Enola: Solve for Rydberg stage 1397/1565.
[INFO] Enola: Solve for Rydberg stage 1398/1565.
[INFO] Enola: Solve for Rydberg stage 1399/1565.
[INFO] Enola: Solve for Rydberg stage 1400/1565.
[INFO] Enola: Solve for Rydberg stage 1401/1565.
[INFO] Enola: Solve for Rydberg stage 1402/1565.
[INFO] Enola: Solve for Rydberg stage 1403/1565.
[INFO] Enola: Solve for Rydberg stage 1404/1565.
[INFO] Enola: Solve for Rydberg stage 1405/1565.
[INFO] Enola: Solve for Rydberg stage 1406/1565.
[INFO] Enola: Solve for Rydberg stage 1407/1565.
[INFO] Enola: Solve for Rydberg stage 1408/1565.
[INFO] Enola: Solve for Rydberg stage 1409/1565.
[INFO] Enola: Solve for Rydberg stage 1410/1565.
[INFO] Enola: Solve for Rydberg stage 1411/1565.
[INFO] Enola: Solve for Rydberg stage 1412/1565.
[INFO] Enola: Solve for Rydberg stage 1413/1565.
[INFO] Enola: Solve for Rydberg stage 1414/1565.
[INFO] Enola: Solve for Rydberg stage 1415/1565.
[INFO] Enola: Solve for Rydberg stage 1416/1565.
[INFO] Enola: Solve for Rydberg stage 1417/1565.
[INFO] Enola: Solve for Rydberg stage 1418/1565.
[INFO] Enola: Solve for Rydberg stage 1419/1565.
[INFO] Enola: Solve for Rydberg stage 1420/1565.
[INFO] Enola: Solve for Rydberg stage 1421/1565.
[INFO] Enola: Solve for Rydberg stage 1422/1565.
[INFO] Enola: Solve for Rydberg stage 1423/1565.
[INFO] Enola: Solve for Rydberg stage 1424/1565.
[INFO] Enola: Solve for Rydberg stage 1425/1565.
[INFO] Enola: Solve for Rydberg stage 1426/1565.
[INFO] Enola: Solve for Rydberg stage 1427/1565.
[INFO] Enola: Solve for Rydberg stage 1428/1565.
[INFO] Enola: Solve for Rydberg stage 1429/1565.
[INFO] Enola: Solve for Rydberg stage 1430/1565.
[INFO] Enola: Solve for Rydberg stage 1431/1565.
[INFO] Enola: Solve for Rydberg stage 1432/1565.
[INFO] Enola: Solve for Rydberg stage 1433/1565.
[INFO] Enola: Solve for Rydberg stage 1434/1565.
[INFO] Enola: Solve for Rydberg stage 1435/1565.
[INFO] Enola: Solve for Rydberg stage 1436/1565.
[INFO] Enola: Solve for Rydberg stage 1437/1565.
[INFO] Enola: Solve for Rydberg stage 1438/1565.
[INFO] Enola: Solve for Rydberg stage 1439/1565.
[INFO] Enola: Solve for Rydberg stage 1440/1565.
[INFO] Enola: Solve for Rydberg stage 1441/1565.
[INFO] Enola: Solve for Rydberg stage 1442/1565.
[INFO] Enola: Solve for Rydberg stage 1443/1565.
[INFO] Enola: Solve for Rydberg stage 1444/1565.
[INFO] Enola: Solve for Rydberg stage 1445/1565.
[INFO] Enola: Solve for Rydberg stage 1446/1565.
[INFO] Enola: Solve for Rydberg stage 1447/1565.
[INFO] Enola: Solve for Rydberg stage 1448/1565.
[INFO] Enola: Solve for Rydberg stage 1449/1565.
[INFO] Enola: Solve for Rydberg stage 1450/1565.
[INFO] Enola: Solve for Rydberg stage 1451/1565.
[INFO] Enola: Solve for Rydberg stage 1452/1565.
[INFO] Enola: Solve for Rydberg stage 1453/1565.
[INFO] Enola: Solve for Rydberg stage 1454/1565.
[INFO] Enola: Solve for Rydberg stage 1455/1565.
[INFO] Enola: Solve for Rydberg stage 1456/1565.
[INFO] Enola: Solve for Rydberg stage 1457/1565.
[INFO] Enola: Solve for Rydberg stage 1458/1565.
[INFO] Enola: Solve for Rydberg stage 1459/1565.
[INFO] Enola: Solve for Rydberg stage 1460/1565.
[INFO] Enola: Solve for Rydberg stage 1461/1565.
[INFO] Enola: Solve for Rydberg stage 1462/1565.
[INFO] Enola: Solve for Rydberg stage 1463/1565.
[INFO] Enola: Solve for Rydberg stage 1464/1565.
[INFO] Enola: Solve for Rydberg stage 1465/1565.
[INFO] Enola: Solve for Rydberg stage 1466/1565.
[INFO] Enola: Solve for Rydberg stage 1467/1565.
[INFO] Enola: Solve for Rydberg stage 1468/1565.
[INFO] Enola: Solve for Rydberg stage 1469/1565.
[INFO] Enola: Solve for Rydberg stage 1470/1565.
[INFO] Enola: Solve for Rydberg stage 1471/1565.
[INFO] Enola: Solve for Rydberg stage 1472/1565.
[INFO] Enola: Solve for Rydberg stage 1473/1565.
[INFO] Enola: Solve for Rydberg stage 1474/1565.
[INFO] Enola: Solve for Rydberg stage 1475/1565.
[INFO] Enola: Solve for Rydberg stage 1476/1565.
[INFO] Enola: Solve for Rydberg stage 1477/1565.
[INFO] Enola: Solve for Rydberg stage 1478/1565.
[INFO] Enola: Solve for Rydberg stage 1479/1565.
[INFO] Enola: Solve for Rydberg stage 1480/1565.
[INFO] Enola: Solve for Rydberg stage 1481/1565.
[INFO] Enola: Solve for Rydberg stage 1482/1565.
[INFO] Enola: Solve for Rydberg stage 1483/1565.
[INFO] Enola: Solve for Rydberg stage 1484/1565.
[INFO] Enola: Solve for Rydberg stage 1485/1565.
[INFO] Enola: Solve for Rydberg stage 1486/1565.
[INFO] Enola: Solve for Rydberg stage 1487/1565.
[INFO] Enola: Solve for Rydberg stage 1488/1565.
[INFO] Enola: Solve for Rydberg stage 1489/1565.
[INFO] Enola: Solve for Rydberg stage 1490/1565.
[INFO] Enola: Solve for Rydberg stage 1491/1565.
[INFO] Enola: Solve for Rydberg stage 1492/1565.
[INFO] Enola: Solve for Rydberg stage 1493/1565.
[INFO] Enola: Solve for Rydberg stage 1494/1565.
[INFO] Enola: Solve for Rydberg stage 1495/1565.
[INFO] Enola: Solve for Rydberg stage 1496/1565.
[INFO] Enola: Solve for Rydberg stage 1497/1565.
[INFO] Enola: Solve for Rydberg stage 1498/1565.
[INFO] Enola: Solve for Rydberg stage 1499/1565.
[INFO] Enola: Solve for Rydberg stage 1500/1565.
[INFO] Enola: Solve for Rydberg stage 1501/1565.
[INFO] Enola: Solve for Rydberg stage 1502/1565.
[INFO] Enola: Solve for Rydberg stage 1503/1565.
[INFO] Enola: Solve for Rydberg stage 1504/1565.
[INFO] Enola: Solve for Rydberg stage 1505/1565.
[INFO] Enola: Solve for Rydberg stage 1506/1565.
[INFO] Enola: Solve for Rydberg stage 1507/1565.
[INFO] Enola: Solve for Rydberg stage 1508/1565.
[INFO] Enola: Solve for Rydberg stage 1509/1565.
[INFO] Enola: Solve for Rydberg stage 1510/1565.
[INFO] Enola: Solve for Rydberg stage 1511/1565.
[INFO] Enola: Solve for Rydberg stage 1512/1565.
[INFO] Enola: Solve for Rydberg stage 1513/1565.
[INFO] Enola: Solve for Rydberg stage 1514/1565.
[INFO] Enola: Solve for Rydberg stage 1515/1565.
[INFO] Enola: Solve for Rydberg stage 1516/1565.
[INFO] Enola: Solve for Rydberg stage 1517/1565.
[INFO] Enola: Solve for Rydberg stage 1518/1565.
[INFO] Enola: Solve for Rydberg stage 1519/1565.
[INFO] Enola: Solve for Rydberg stage 1520/1565.
[INFO] Enola: Solve for Rydberg stage 1521/1565.
[INFO] Enola: Solve for Rydberg stage 1522/1565.
[INFO] Enola: Solve for Rydberg stage 1523/1565.
[INFO] Enola: Solve for Rydberg stage 1524/1565.
[INFO] Enola: Solve for Rydberg stage 1525/1565.
[INFO] Enola: Solve for Rydberg stage 1526/1565.
[INFO] Enola: Solve for Rydberg stage 1527/1565.
[INFO] Enola: Solve for Rydberg stage 1528/1565.
[INFO] Enola: Solve for Rydberg stage 1529/1565.
[INFO] Enola: Solve for Rydberg stage 1530/1565.
[INFO] Enola: Solve for Rydberg stage 1531/1565.
[INFO] Enola: Solve for Rydberg stage 1532/1565.
[INFO] Enola: Solve for Rydberg stage 1533/1565.
[INFO] Enola: Solve for Rydberg stage 1534/1565.
[INFO] Enola: Solve for Rydberg stage 1535/1565.
[INFO] Enola: Solve for Rydberg stage 1536/1565.
[INFO] Enola: Solve for Rydberg stage 1537/1565.
[INFO] Enola: Solve for Rydberg stage 1538/1565.
[INFO] Enola: Solve for Rydberg stage 1539/1565.
[INFO] Enola: Solve for Rydberg stage 1540/1565.
[INFO] Enola: Solve for Rydberg stage 1541/1565.
[INFO] Enola: Solve for Rydberg stage 1542/1565.
[INFO] Enola: Solve for Rydberg stage 1543/1565.
[INFO] Enola: Solve for Rydberg stage 1544/1565.
[INFO] Enola: Solve for Rydberg stage 1545/1565.
[INFO] Enola: Solve for Rydberg stage 1546/1565.
[INFO] Enola: Solve for Rydberg stage 1547/1565.
[INFO] Enola: Solve for Rydberg stage 1548/1565.
[INFO] Enola: Solve for Rydberg stage 1549/1565.
[INFO] Enola: Solve for Rydberg stage 1550/1565.
[INFO] Enola: Solve for Rydberg stage 1551/1565.
[INFO] Enola: Solve for Rydberg stage 1552/1565.
[INFO] Enola: Solve for Rydberg stage 1553/1565.
[INFO] Enola: Solve for Rydberg stage 1554/1565.
[INFO] Enola: Solve for Rydberg stage 1555/1565.
[INFO] Enola: Solve for Rydberg stage 1556/1565.
[INFO] Enola: Solve for Rydberg stage 1557/1565.
[INFO] Enola: Solve for Rydberg stage 1558/1565.
[INFO] Enola: Solve for Rydberg stage 1559/1565.
[INFO] Enola: Solve for Rydberg stage 1560/1565.
[INFO] Enola: Solve for Rydberg stage 1561/1565.
[INFO] Enola: Solve for Rydberg stage 1562/1565.
[INFO] Enola: Solve for Rydberg stage 1563/1565.
[INFO] Enola: Solve for Rydberg stage 1564/1565.
[INFO] Enola: Solve for Rydberg stage 1565/1565.
[INFO] Enola: Solve for Rydberg stage 1566/1565.
[INFO] Enola: Time for routing: 0.4170644283294678s
[INFO] Enola: Total Time: 45.5514280796051s
Compilation successful.

2026-03-25 19:07:14,423 - BenchmarkManager - INFO - enola (run 1/1) - Running /u/halle/heiz/home_at/BachelorProject/benchmarks/uuf_50-250_fix10/uuf150-010.qasm
2026-03-25 19:08:23,188 - Compiler.enola - INFO - STDOUT:
[INFO] Enola: Start Solving
[INFO] Enola: Run scheduling
[INFO] Enola: Time for scheduling: 0.0019125938415527344s
300
[INFO] Enola: Time for placement: 4.315376281738281e-05s
[INFO] Enola: Solve for Rydberg stage 2/1899.
[INFO] Enola: Solve for Rydberg stage 3/1899.
[INFO] Enola: Solve for Rydberg stage 4/1899.
[INFO] Enola: Solve for Rydberg stage 5/1899.
[INFO] Enola: Solve for Rydberg stage 6/1899.
[INFO] Enola: Solve for Rydberg stage 7/1899.
[INFO] Enola: Solve for Rydberg stage 8/1899.
[INFO] Enola: Solve for Rydberg stage 9/1899.
[INFO] Enola: Solve for Rydberg stage 10/1899.
[INFO] Enola: Solve for Rydberg stage 11/1899.
[INFO] Enola: Solve for Rydberg stage 12/1899.
[INFO] Enola: Solve for Rydberg stage 13/1899.
[INFO] Enola: Solve for Rydberg stage 14/1899.
[INFO] Enola: Solve for Rydberg stage 15/1899.
[INFO] Enola: Solve for Rydberg stage 16/1899.
[INFO] Enola: Solve for Rydberg stage 17/1899.
[INFO] Enola: Solve for Rydberg stage 18/1899.
[INFO] Enola: Solve for Rydberg stage 19/1899.
[INFO] Enola: Solve for Rydberg stage 20/1899.
[INFO] Enola: Solve for Rydberg stage 21/1899.
[INFO] Enola: Solve for Rydberg stage 22/1899.
[INFO] Enola: Solve for Rydberg stage 23/1899.
[INFO] Enola: Solve for Rydberg stage 24/1899.
[INFO] Enola: Solve for Rydberg stage 25/1899.
[INFO] Enola: Solve for Rydberg stage 26/1899.
[INFO] Enola: Solve for Rydberg stage 27/1899.
[INFO] Enola: Solve for Rydberg stage 28/1899.
[INFO] Enola: Solve for Rydberg stage 29/1899.
[INFO] Enola: Solve for Rydberg stage 30/1899.
[INFO] Enola: Solve for Rydberg stage 31/1899.
[INFO] Enola: Solve for Rydberg stage 32/1899.
[INFO] Enola: Solve for Rydberg stage 33/1899.
[INFO] Enola: Solve for Rydberg stage 34/1899.
[INFO] Enola: Solve for Rydberg stage 35/1899.
[INFO] Enola: Solve for Rydberg stage 36/1899.
[INFO] Enola: Solve for Rydberg stage 37/1899.
[INFO] Enola: Solve for Rydberg stage 38/1899.
[INFO] Enola: Solve for Rydberg stage 39/1899.
[INFO] Enola: Solve for Rydberg stage 40/1899.
[INFO] Enola: Solve for Rydberg stage 41/1899.
[INFO] Enola: Solve for Rydberg stage 42/1899.
[INFO] Enola: Solve for Rydberg stage 43/1899.
[INFO] Enola: Solve for Rydberg stage 44/1899.
[INFO] Enola: Solve for Rydberg stage 45/1899.
[INFO] Enola: Solve for Rydberg stage 46/1899.
[INFO] Enola: Solve for Rydberg stage 47/1899.
[INFO] Enola: Solve for Rydberg stage 48/1899.
[INFO] Enola: Solve for Rydberg stage 49/1899.
[INFO] Enola: Solve for Rydberg stage 50/1899.
[INFO] Enola: Solve for Rydberg stage 51/1899.
[INFO] Enola: Solve for Rydberg stage 52/1899.
[INFO] Enola: Solve for Rydberg stage 53/1899.
[INFO] Enola: Solve for Rydberg stage 54/1899.
[INFO] Enola: Solve for Rydberg stage 55/1899.
[INFO] Enola: Solve for Rydberg stage 56/1899.
[INFO] Enola: Solve for Rydberg stage 57/1899.
[INFO] Enola: Solve for Rydberg stage 58/1899.
[INFO] Enola: Solve for Rydberg stage 59/1899.
[INFO] Enola: Solve for Rydberg stage 60/1899.
[INFO] Enola: Solve for Rydberg stage 61/1899.
[INFO] Enola: Solve for Rydberg stage 62/1899.
[INFO] Enola: Solve for Rydberg stage 63/1899.
[INFO] Enola: Solve for Rydberg stage 64/1899.
[INFO] Enola: Solve for Rydberg stage 65/1899.
[INFO] Enola: Solve for Rydberg stage 66/1899.
[INFO] Enola: Solve for Rydberg stage 67/1899.
[INFO] Enola: Solve for Rydberg stage 68/1899.
[INFO] Enola: Solve for Rydberg stage 69/1899.
[INFO] Enola: Solve for Rydberg stage 70/1899.
[INFO] Enola: Solve for Rydberg stage 71/1899.
[INFO] Enola: Solve for Rydberg stage 72/1899.
[INFO] Enola: Solve for Rydberg stage 73/1899.
[INFO] Enola: Solve for Rydberg stage 74/1899.
[INFO] Enola: Solve for Rydberg stage 75/1899.
[INFO] Enola: Solve for Rydberg stage 76/1899.
[INFO] Enola: Solve for Rydberg stage 77/1899.
[INFO] Enola: Solve for Rydberg stage 78/1899.
[INFO] Enola: Solve for Rydberg stage 79/1899.
[INFO] Enola: Solve for Rydberg stage 80/1899.
[INFO] Enola: Solve for Rydberg stage 81/1899.
[INFO] Enola: Solve for Rydberg stage 82/1899.
[INFO] Enola: Solve for Rydberg stage 83/1899.
[INFO] Enola: Solve for Rydberg stage 84/1899.
[INFO] Enola: Solve for Rydberg stage 85/1899.
[INFO] Enola: Solve for Rydberg stage 86/1899.
[INFO] Enola: Solve for Rydberg stage 87/1899.
[INFO] Enola: Solve for Rydberg stage 88/1899.
[INFO] Enola: Solve for Rydberg stage 89/1899.
[INFO] Enola: Solve for Rydberg stage 90/1899.
[INFO] Enola: Solve for Rydberg stage 91/1899.
[INFO] Enola: Solve for Rydberg stage 92/1899.
[INFO] Enola: Solve for Rydberg stage 93/1899.
[INFO] Enola: Solve for Rydberg stage 94/1899.
[INFO] Enola: Solve for Rydberg stage 95/1899.
[INFO] Enola: Solve for Rydberg stage 96/1899.
[INFO] Enola: Solve for Rydberg stage 97/1899.
[INFO] Enola: Solve for Rydberg stage 98/1899.
[INFO] Enola: Solve for Rydberg stage 99/1899.
[INFO] Enola: Solve for Rydberg stage 100/1899.
[INFO] Enola: Solve for Rydberg stage 101/1899.
[INFO] Enola: Solve for Rydberg stage 102/1899.
[INFO] Enola: Solve for Rydberg stage 103/1899.
[INFO] Enola: Solve for Rydberg stage 104/1899.
[INFO] Enola: Solve for Rydberg stage 105/1899.
[INFO] Enola: Solve for Rydberg stage 106/1899.
[INFO] Enola: Solve for Rydberg stage 107/1899.
[INFO] Enola: Solve for Rydberg stage 108/1899.
[INFO] Enola: Solve for Rydberg stage 109/1899.
[INFO] Enola: Solve for Rydberg stage 110/1899.
[INFO] Enola: Solve for Rydberg stage 111/1899.
[INFO] Enola: Solve for Rydberg stage 112/1899.
[INFO] Enola: Solve for Rydberg stage 113/1899.
[INFO] Enola: Solve for Rydberg stage 114/1899.
[INFO] Enola: Solve for Rydberg stage 115/1899.
[INFO] Enola: Solve for Rydberg stage 116/1899.
[INFO] Enola: Solve for Rydberg stage 117/1899.
[INFO] Enola: Solve for Rydberg stage 118/1899.
[INFO] Enola: Solve for Rydberg stage 119/1899.
[INFO] Enola: Solve for Rydberg stage 120/1899.
[INFO] Enola: Solve for Rydberg stage 121/1899.
[INFO] Enola: Solve for Rydberg stage 122/1899.
[INFO] Enola: Solve for Rydberg stage 123/1899.
[INFO] Enola: Solve for Rydberg stage 124/1899.
[INFO] Enola: Solve for Rydberg stage 125/1899.
[INFO] Enola: Solve for Rydberg stage 126/1899.
[INFO] Enola: Solve for Rydberg stage 127/1899.
[INFO] Enola: Solve for Rydberg stage 128/1899.
[INFO] Enola: Solve for Rydberg stage 129/1899.
[INFO] Enola: Solve for Rydberg stage 130/1899.
[INFO] Enola: Solve for Rydberg stage 131/1899.
[INFO] Enola: Solve for Rydberg stage 132/1899.
[INFO] Enola: Solve for Rydberg stage 133/1899.
[INFO] Enola: Solve for Rydberg stage 134/1899.
[INFO] Enola: Solve for Rydberg stage 135/1899.
[INFO] Enola: Solve for Rydberg stage 136/1899.
[INFO] Enola: Solve for Rydberg stage 137/1899.
[INFO] Enola: Solve for Rydberg stage 138/1899.
[INFO] Enola: Solve for Rydberg stage 139/1899.
[INFO] Enola: Solve for Rydberg stage 140/1899.
[INFO] Enola: Solve for Rydberg stage 141/1899.
[INFO] Enola: Solve for Rydberg stage 142/1899.
[INFO] Enola: Solve for Rydberg stage 143/1899.
[INFO] Enola: Solve for Rydberg stage 144/1899.
[INFO] Enola: Solve for Rydberg stage 145/1899.
[INFO] Enola: Solve for Rydberg stage 146/1899.
[INFO] Enola: Solve for Rydberg stage 147/1899.
[INFO] Enola: Solve for Rydberg stage 148/1899.
[INFO] Enola: Solve for Rydberg stage 149/1899.
[INFO] Enola: Solve for Rydberg stage 150/1899.
[INFO] Enola: Solve for Rydberg stage 151/1899.
[INFO] Enola: Solve for Rydberg stage 152/1899.
[INFO] Enola: Solve for Rydberg stage 153/1899.
[INFO] Enola: Solve for Rydberg stage 154/1899.
[INFO] Enola: Solve for Rydberg stage 155/1899.
[INFO] Enola: Solve for Rydberg stage 156/1899.
[INFO] Enola: Solve for Rydberg stage 157/1899.
[INFO] Enola: Solve for Rydberg stage 158/1899.
[INFO] Enola: Solve for Rydberg stage 159/1899.
[INFO] Enola: Solve for Rydberg stage 160/1899.
[INFO] Enola: Solve for Rydberg stage 161/1899.
[INFO] Enola: Solve for Rydberg stage 162/1899.
[INFO] Enola: Solve for Rydberg stage 163/1899.
[INFO] Enola: Solve for Rydberg stage 164/1899.
[INFO] Enola: Solve for Rydberg stage 165/1899.
[INFO] Enola: Solve for Rydberg stage 166/1899.
[INFO] Enola: Solve for Rydberg stage 167/1899.
[INFO] Enola: Solve for Rydberg stage 168/1899.
[INFO] Enola: Solve for Rydberg stage 169/1899.
[INFO] Enola: Solve for Rydberg stage 170/1899.
[INFO] Enola: Solve for Rydberg stage 171/1899.
[INFO] Enola: Solve for Rydberg stage 172/1899.
[INFO] Enola: Solve for Rydberg stage 173/1899.
[INFO] Enola: Solve for Rydberg stage 174/1899.
[INFO] Enola: Solve for Rydberg stage 175/1899.
[INFO] Enola: Solve for Rydberg stage 176/1899.
[INFO] Enola: Solve for Rydberg stage 177/1899.
[INFO] Enola: Solve for Rydberg stage 178/1899.
[INFO] Enola: Solve for Rydberg stage 179/1899.
[INFO] Enola: Solve for Rydberg stage 180/1899.
[INFO] Enola: Solve for Rydberg stage 181/1899.
[INFO] Enola: Solve for Rydberg stage 182/1899.
[INFO] Enola: Solve for Rydberg stage 183/1899.
[INFO] Enola: Solve for Rydberg stage 184/1899.
[INFO] Enola: Solve for Rydberg stage 185/1899.
[INFO] Enola: Solve for Rydberg stage 186/1899.
[INFO] Enola: Solve for Rydberg stage 187/1899.
[INFO] Enola: Solve for Rydberg stage 188/1899.
[INFO] Enola: Solve for Rydberg stage 189/1899.
[INFO] Enola: Solve for Rydberg stage 190/1899.
[INFO] Enola: Solve for Rydberg stage 191/1899.
[INFO] Enola: Solve for Rydberg stage 192/1899.
[INFO] Enola: Solve for Rydberg stage 193/1899.
[INFO] Enola: Solve for Rydberg stage 194/1899.
[INFO] Enola: Solve for Rydberg stage 195/1899.
[INFO] Enola: Solve for Rydberg stage 196/1899.
[INFO] Enola: Solve for Rydberg stage 197/1899.
[INFO] Enola: Solve for Rydberg stage 198/1899.
[INFO] Enola: Solve for Rydberg stage 199/1899.
[INFO] Enola: Solve for Rydberg stage 200/1899.
[INFO] Enola: Solve for Rydberg stage 201/1899.
[INFO] Enola: Solve for Rydberg stage 202/1899.
[INFO] Enola: Solve for Rydberg stage 203/1899.
[INFO] Enola: Solve for Rydberg stage 204/1899.
[INFO] Enola: Solve for Rydberg stage 205/1899.
[INFO] Enola: Solve for Rydberg stage 206/1899.
[INFO] Enola: Solve for Rydberg stage 207/1899.
[INFO] Enola: Solve for Rydberg stage 208/1899.
[INFO] Enola: Solve for Rydberg stage 209/1899.
[INFO] Enola: Solve for Rydberg stage 210/1899.
[INFO] Enola: Solve for Rydberg stage 211/1899.
[INFO] Enola: Solve for Rydberg stage 212/1899.
[INFO] Enola: Solve for Rydberg stage 213/1899.
[INFO] Enola: Solve for Rydberg stage 214/1899.
[INFO] Enola: Solve for Rydberg stage 215/1899.
[INFO] Enola: Solve for Rydberg stage 216/1899.
[INFO] Enola: Solve for Rydberg stage 217/1899.
[INFO] Enola: Solve for Rydberg stage 218/1899.
[INFO] Enola: Solve for Rydberg stage 219/1899.
[INFO] Enola: Solve for Rydberg stage 220/1899.
[INFO] Enola: Solve for Rydberg stage 221/1899.
[INFO] Enola: Solve for Rydberg stage 222/1899.
[INFO] Enola: Solve for Rydberg stage 223/1899.
[INFO] Enola: Solve for Rydberg stage 224/1899.
[INFO] Enola: Solve for Rydberg stage 225/1899.
[INFO] Enola: Solve for Rydberg stage 226/1899.
[INFO] Enola: Solve for Rydberg stage 227/1899.
[INFO] Enola: Solve for Rydberg stage 228/1899.
[INFO] Enola: Solve for Rydberg stage 229/1899.
[INFO] Enola: Solve for Rydberg stage 230/1899.
[INFO] Enola: Solve for Rydberg stage 231/1899.
[INFO] Enola: Solve for Rydberg stage 232/1899.
[INFO] Enola: Solve for Rydberg stage 233/1899.
[INFO] Enola: Solve for Rydberg stage 234/1899.
[INFO] Enola: Solve for Rydberg stage 235/1899.
[INFO] Enola: Solve for Rydberg stage 236/1899.
[INFO] Enola: Solve for Rydberg stage 237/1899.
[INFO] Enola: Solve for Rydberg stage 238/1899.
[INFO] Enola: Solve for Rydberg stage 239/1899.
[INFO] Enola: Solve for Rydberg stage 240/1899.
[INFO] Enola: Solve for Rydberg stage 241/1899.
[INFO] Enola: Solve for Rydberg stage 242/1899.
[INFO] Enola: Solve for Rydberg stage 243/1899.
[INFO] Enola: Solve for Rydberg stage 244/1899.
[INFO] Enola: Solve for Rydberg stage 245/1899.
[INFO] Enola: Solve for Rydberg stage 246/1899.
[INFO] Enola: Solve for Rydberg stage 247/1899.
[INFO] Enola: Solve for Rydberg stage 248/1899.
[INFO] Enola: Solve for Rydberg stage 249/1899.
[INFO] Enola: Solve for Rydberg stage 250/1899.
[INFO] Enola: Solve for Rydberg stage 251/1899.
[INFO] Enola: Solve for Rydberg stage 252/1899.
[INFO] Enola: Solve for Rydberg stage 253/1899.
[INFO] Enola: Solve for Rydberg stage 254/1899.
[INFO] Enola: Solve for Rydberg stage 255/1899.
[INFO] Enola: Solve for Rydberg stage 256/1899.
[INFO] Enola: Solve for Rydberg stage 257/1899.
[INFO] Enola: Solve for Rydberg stage 258/1899.
[INFO] Enola: Solve for Rydberg stage 259/1899.
[INFO] Enola: Solve for Rydberg stage 260/1899.
[INFO] Enola: Solve for Rydberg stage 261/1899.
[INFO] Enola: Solve for Rydberg stage 262/1899.
[INFO] Enola: Solve for Rydberg stage 263/1899.
[INFO] Enola: Solve for Rydberg stage 264/1899.
[INFO] Enola: Solve for Rydberg stage 265/1899.
[INFO] Enola: Solve for Rydberg stage 266/1899.
[INFO] Enola: Solve for Rydberg stage 267/1899.
[INFO] Enola: Solve for Rydberg stage 268/1899.
[INFO] Enola: Solve for Rydberg stage 269/1899.
[INFO] Enola: Solve for Rydberg stage 270/1899.
[INFO] Enola: Solve for Rydberg stage 271/1899.
[INFO] Enola: Solve for Rydberg stage 272/1899.
[INFO] Enola: Solve for Rydberg stage 273/1899.
[INFO] Enola: Solve for Rydberg stage 274/1899.
[INFO] Enola: Solve for Rydberg stage 275/1899.
[INFO] Enola: Solve for Rydberg stage 276/1899.
[INFO] Enola: Solve for Rydberg stage 277/1899.
[INFO] Enola: Solve for Rydberg stage 278/1899.
[INFO] Enola: Solve for Rydberg stage 279/1899.
[INFO] Enola: Solve for Rydberg stage 280/1899.
[INFO] Enola: Solve for Rydberg stage 281/1899.
[INFO] Enola: Solve for Rydberg stage 282/1899.
[INFO] Enola: Solve for Rydberg stage 283/1899.
[INFO] Enola: Solve for Rydberg stage 284/1899.
[INFO] Enola: Solve for Rydberg stage 285/1899.
[INFO] Enola: Solve for Rydberg stage 286/1899.
[INFO] Enola: Solve for Rydberg stage 287/1899.
[INFO] Enola: Solve for Rydberg stage 288/1899.
[INFO] Enola: Solve for Rydberg stage 289/1899.
[INFO] Enola: Solve for Rydberg stage 290/1899.
[INFO] Enola: Solve for Rydberg stage 291/1899.
[INFO] Enola: Solve for Rydberg stage 292/1899.
[INFO] Enola: Solve for Rydberg stage 293/1899.
[INFO] Enola: Solve for Rydberg stage 294/1899.
[INFO] Enola: Solve for Rydberg stage 295/1899.
[INFO] Enola: Solve for Rydberg stage 296/1899.
[INFO] Enola: Solve for Rydberg stage 297/1899.
[INFO] Enola: Solve for Rydberg stage 298/1899.
[INFO] Enola: Solve for Rydberg stage 299/1899.
[INFO] Enola: Solve for Rydberg stage 300/1899.
[INFO] Enola: Solve for Rydberg stage 301/1899.
[INFO] Enola: Solve for Rydberg stage 302/1899.
[INFO] Enola: Solve for Rydberg stage 303/1899.
[INFO] Enola: Solve for Rydberg stage 304/1899.
[INFO] Enola: Solve for Rydberg stage 305/1899.
[INFO] Enola: Solve for Rydberg stage 306/1899.
[INFO] Enola: Solve for Rydberg stage 307/1899.
[INFO] Enola: Solve for Rydberg stage 308/1899.
[INFO] Enola: Solve for Rydberg stage 309/1899.
[INFO] Enola: Solve for Rydberg stage 310/1899.
[INFO] Enola: Solve for Rydberg stage 311/1899.
[INFO] Enola: Solve for Rydberg stage 312/1899.
[INFO] Enola: Solve for Rydberg stage 313/1899.
[INFO] Enola: Solve for Rydberg stage 314/1899.
[INFO] Enola: Solve for Rydberg stage 315/1899.
[INFO] Enola: Solve for Rydberg stage 316/1899.
[INFO] Enola: Solve for Rydberg stage 317/1899.
[INFO] Enola: Solve for Rydberg stage 318/1899.
[INFO] Enola: Solve for Rydberg stage 319/1899.
[INFO] Enola: Solve for Rydberg stage 320/1899.
[INFO] Enola: Solve for Rydberg stage 321/1899.
[INFO] Enola: Solve for Rydberg stage 322/1899.
[INFO] Enola: Solve for Rydberg stage 323/1899.
[INFO] Enola: Solve for Rydberg stage 324/1899.
[INFO] Enola: Solve for Rydberg stage 325/1899.
[INFO] Enola: Solve for Rydberg stage 326/1899.
[INFO] Enola: Solve for Rydberg stage 327/1899.
[INFO] Enola: Solve for Rydberg stage 328/1899.
[INFO] Enola: Solve for Rydberg stage 329/1899.
[INFO] Enola: Solve for Rydberg stage 330/1899.
[INFO] Enola: Solve for Rydberg stage 331/1899.
[INFO] Enola: Solve for Rydberg stage 332/1899.
[INFO] Enola: Solve for Rydberg stage 333/1899.
[INFO] Enola: Solve for Rydberg stage 334/1899.
[INFO] Enola: Solve for Rydberg stage 335/1899.
[INFO] Enola: Solve for Rydberg stage 336/1899.
[INFO] Enola: Solve for Rydberg stage 337/1899.
[INFO] Enola: Solve for Rydberg stage 338/1899.
[INFO] Enola: Solve for Rydberg stage 339/1899.
[INFO] Enola: Solve for Rydberg stage 340/1899.
[INFO] Enola: Solve for Rydberg stage 341/1899.
[INFO] Enola: Solve for Rydberg stage 342/1899.
[INFO] Enola: Solve for Rydberg stage 343/1899.
[INFO] Enola: Solve for Rydberg stage 344/1899.
[INFO] Enola: Solve for Rydberg stage 345/1899.
[INFO] Enola: Solve for Rydberg stage 346/1899.
[INFO] Enola: Solve for Rydberg stage 347/1899.
[INFO] Enola: Solve for Rydberg stage 348/1899.
[INFO] Enola: Solve for Rydberg stage 349/1899.
[INFO] Enola: Solve for Rydberg stage 350/1899.
[INFO] Enola: Solve for Rydberg stage 351/1899.
[INFO] Enola: Solve for Rydberg stage 352/1899.
[INFO] Enola: Solve for Rydberg stage 353/1899.
[INFO] Enola: Solve for Rydberg stage 354/1899.
[INFO] Enola: Solve for Rydberg stage 355/1899.
[INFO] Enola: Solve for Rydberg stage 356/1899.
[INFO] Enola: Solve for Rydberg stage 357/1899.
[INFO] Enola: Solve for Rydberg stage 358/1899.
[INFO] Enola: Solve for Rydberg stage 359/1899.
[INFO] Enola: Solve for Rydberg stage 360/1899.
[INFO] Enola: Solve for Rydberg stage 361/1899.
[INFO] Enola: Solve for Rydberg stage 362/1899.
[INFO] Enola: Solve for Rydberg stage 363/1899.
[INFO] Enola: Solve for Rydberg stage 364/1899.
[INFO] Enola: Solve for Rydberg stage 365/1899.
[INFO] Enola: Solve for Rydberg stage 366/1899.
[INFO] Enola: Solve for Rydberg stage 367/1899.
[INFO] Enola: Solve for Rydberg stage 368/1899.
[INFO] Enola: Solve for Rydberg stage 369/1899.
[INFO] Enola: Solve for Rydberg stage 370/1899.
[INFO] Enola: Solve for Rydberg stage 371/1899.
[INFO] Enola: Solve for Rydberg stage 372/1899.
[INFO] Enola: Solve for Rydberg stage 373/1899.
[INFO] Enola: Solve for Rydberg stage 374/1899.
[INFO] Enola: Solve for Rydberg stage 375/1899.
[INFO] Enola: Solve for Rydberg stage 376/1899.
[INFO] Enola: Solve for Rydberg stage 377/1899.
[INFO] Enola: Solve for Rydberg stage 378/1899.
[INFO] Enola: Solve for Rydberg stage 379/1899.
[INFO] Enola: Solve for Rydberg stage 380/1899.
[INFO] Enola: Solve for Rydberg stage 381/1899.
[INFO] Enola: Solve for Rydberg stage 382/1899.
[INFO] Enola: Solve for Rydberg stage 383/1899.
[INFO] Enola: Solve for Rydberg stage 384/1899.
[INFO] Enola: Solve for Rydberg stage 385/1899.
[INFO] Enola: Solve for Rydberg stage 386/1899.
[INFO] Enola: Solve for Rydberg stage 387/1899.
[INFO] Enola: Solve for Rydberg stage 388/1899.
[INFO] Enola: Solve for Rydberg stage 389/1899.
[INFO] Enola: Solve for Rydberg stage 390/1899.
[INFO] Enola: Solve for Rydberg stage 391/1899.
[INFO] Enola: Solve for Rydberg stage 392/1899.
[INFO] Enola: Solve for Rydberg stage 393/1899.
[INFO] Enola: Solve for Rydberg stage 394/1899.
[INFO] Enola: Solve for Rydberg stage 395/1899.
[INFO] Enola: Solve for Rydberg stage 396/1899.
[INFO] Enola: Solve for Rydberg stage 397/1899.
[INFO] Enola: Solve for Rydberg stage 398/1899.
[INFO] Enola: Solve for Rydberg stage 399/1899.
[INFO] Enola: Solve for Rydberg stage 400/1899.
[INFO] Enola: Solve for Rydberg stage 401/1899.
[INFO] Enola: Solve for Rydberg stage 402/1899.
[INFO] Enola: Solve for Rydberg stage 403/1899.
[INFO] Enola: Solve for Rydberg stage 404/1899.
[INFO] Enola: Solve for Rydberg stage 405/1899.
[INFO] Enola: Solve for Rydberg stage 406/1899.
[INFO] Enola: Solve for Rydberg stage 407/1899.
[INFO] Enola: Solve for Rydberg stage 408/1899.
[INFO] Enola: Solve for Rydberg stage 409/1899.
[INFO] Enola: Solve for Rydberg stage 410/1899.
[INFO] Enola: Solve for Rydberg stage 411/1899.
[INFO] Enola: Solve for Rydberg stage 412/1899.
[INFO] Enola: Solve for Rydberg stage 413/1899.
[INFO] Enola: Solve for Rydberg stage 414/1899.
[INFO] Enola: Solve for Rydberg stage 415/1899.
[INFO] Enola: Solve for Rydberg stage 416/1899.
[INFO] Enola: Solve for Rydberg stage 417/1899.
[INFO] Enola: Solve for Rydberg stage 418/1899.
[INFO] Enola: Solve for Rydberg stage 419/1899.
[INFO] Enola: Solve for Rydberg stage 420/1899.
[INFO] Enola: Solve for Rydberg stage 421/1899.
[INFO] Enola: Solve for Rydberg stage 422/1899.
[INFO] Enola: Solve for Rydberg stage 423/1899.
[INFO] Enola: Solve for Rydberg stage 424/1899.
[INFO] Enola: Solve for Rydberg stage 425/1899.
[INFO] Enola: Solve for Rydberg stage 426/1899.
[INFO] Enola: Solve for Rydberg stage 427/1899.
[INFO] Enola: Solve for Rydberg stage 428/1899.
[INFO] Enola: Solve for Rydberg stage 429/1899.
[INFO] Enola: Solve for Rydberg stage 430/1899.
[INFO] Enola: Solve for Rydberg stage 431/1899.
[INFO] Enola: Solve for Rydberg stage 432/1899.
[INFO] Enola: Solve for Rydberg stage 433/1899.
[INFO] Enola: Solve for Rydberg stage 434/1899.
[INFO] Enola: Solve for Rydberg stage 435/1899.
[INFO] Enola: Solve for Rydberg stage 436/1899.
[INFO] Enola: Solve for Rydberg stage 437/1899.
[INFO] Enola: Solve for Rydberg stage 438/1899.
[INFO] Enola: Solve for Rydberg stage 439/1899.
[INFO] Enola: Solve for Rydberg stage 440/1899.
[INFO] Enola: Solve for Rydberg stage 441/1899.
[INFO] Enola: Solve for Rydberg stage 442/1899.
[INFO] Enola: Solve for Rydberg stage 443/1899.
[INFO] Enola: Solve for Rydberg stage 444/1899.
[INFO] Enola: Solve for Rydberg stage 445/1899.
[INFO] Enola: Solve for Rydberg stage 446/1899.
[INFO] Enola: Solve for Rydberg stage 447/1899.
[INFO] Enola: Solve for Rydberg stage 448/1899.
[INFO] Enola: Solve for Rydberg stage 449/1899.
[INFO] Enola: Solve for Rydberg stage 450/1899.
[INFO] Enola: Solve for Rydberg stage 451/1899.
[INFO] Enola: Solve for Rydberg stage 452/1899.
[INFO] Enola: Solve for Rydberg stage 453/1899.
[INFO] Enola: Solve for Rydberg stage 454/1899.
[INFO] Enola: Solve for Rydberg stage 455/1899.
[INFO] Enola: Solve for Rydberg stage 456/1899.
[INFO] Enola: Solve for Rydberg stage 457/1899.
[INFO] Enola: Solve for Rydberg stage 458/1899.
[INFO] Enola: Solve for Rydberg stage 459/1899.
[INFO] Enola: Solve for Rydberg stage 460/1899.
[INFO] Enola: Solve for Rydberg stage 461/1899.
[INFO] Enola: Solve for Rydberg stage 462/1899.
[INFO] Enola: Solve for Rydberg stage 463/1899.
[INFO] Enola: Solve for Rydberg stage 464/1899.
[INFO] Enola: Solve for Rydberg stage 465/1899.
[INFO] Enola: Solve for Rydberg stage 466/1899.
[INFO] Enola: Solve for Rydberg stage 467/1899.
[INFO] Enola: Solve for Rydberg stage 468/1899.
[INFO] Enola: Solve for Rydberg stage 469/1899.
[INFO] Enola: Solve for Rydberg stage 470/1899.
[INFO] Enola: Solve for Rydberg stage 471/1899.
[INFO] Enola: Solve for Rydberg stage 472/1899.
[INFO] Enola: Solve for Rydberg stage 473/1899.
[INFO] Enola: Solve for Rydberg stage 474/1899.
[INFO] Enola: Solve for Rydberg stage 475/1899.
[INFO] Enola: Solve for Rydberg stage 476/1899.
[INFO] Enola: Solve for Rydberg stage 477/1899.
[INFO] Enola: Solve for Rydberg stage 478/1899.
[INFO] Enola: Solve for Rydberg stage 479/1899.
[INFO] Enola: Solve for Rydberg stage 480/1899.
[INFO] Enola: Solve for Rydberg stage 481/1899.
[INFO] Enola: Solve for Rydberg stage 482/1899.
[INFO] Enola: Solve for Rydberg stage 483/1899.
[INFO] Enola: Solve for Rydberg stage 484/1899.
[INFO] Enola: Solve for Rydberg stage 485/1899.
[INFO] Enola: Solve for Rydberg stage 486/1899.
[INFO] Enola: Solve for Rydberg stage 487/1899.
[INFO] Enola: Solve for Rydberg stage 488/1899.
[INFO] Enola: Solve for Rydberg stage 489/1899.
[INFO] Enola: Solve for Rydberg stage 490/1899.
[INFO] Enola: Solve for Rydberg stage 491/1899.
[INFO] Enola: Solve for Rydberg stage 492/1899.
[INFO] Enola: Solve for Rydberg stage 493/1899.
[INFO] Enola: Solve for Rydberg stage 494/1899.
[INFO] Enola: Solve for Rydberg stage 495/1899.
[INFO] Enola: Solve for Rydberg stage 496/1899.
[INFO] Enola: Solve for Rydberg stage 497/1899.
[INFO] Enola: Solve for Rydberg stage 498/1899.
[INFO] Enola: Solve for Rydberg stage 499/1899.
[INFO] Enola: Solve for Rydberg stage 500/1899.
[INFO] Enola: Solve for Rydberg stage 501/1899.
[INFO] Enola: Solve for Rydberg stage 502/1899.
[INFO] Enola: Solve for Rydberg stage 503/1899.
[INFO] Enola: Solve for Rydberg stage 504/1899.
[INFO] Enola: Solve for Rydberg stage 505/1899.
[INFO] Enola: Solve for Rydberg stage 506/1899.
[INFO] Enola: Solve for Rydberg stage 507/1899.
[INFO] Enola: Solve for Rydberg stage 508/1899.
[INFO] Enola: Solve for Rydberg stage 509/1899.
[INFO] Enola: Solve for Rydberg stage 510/1899.
[INFO] Enola: Solve for Rydberg stage 511/1899.
[INFO] Enola: Solve for Rydberg stage 512/1899.
[INFO] Enola: Solve for Rydberg stage 513/1899.
[INFO] Enola: Solve for Rydberg stage 514/1899.
[INFO] Enola: Solve for Rydberg stage 515/1899.
[INFO] Enola: Solve for Rydberg stage 516/1899.
[INFO] Enola: Solve for Rydberg stage 517/1899.
[INFO] Enola: Solve for Rydberg stage 518/1899.
[INFO] Enola: Solve for Rydberg stage 519/1899.
[INFO] Enola: Solve for Rydberg stage 520/1899.
[INFO] Enola: Solve for Rydberg stage 521/1899.
[INFO] Enola: Solve for Rydberg stage 522/1899.
[INFO] Enola: Solve for Rydberg stage 523/1899.
[INFO] Enola: Solve for Rydberg stage 524/1899.
[INFO] Enola: Solve for Rydberg stage 525/1899.
[INFO] Enola: Solve for Rydberg stage 526/1899.
[INFO] Enola: Solve for Rydberg stage 527/1899.
[INFO] Enola: Solve for Rydberg stage 528/1899.
[INFO] Enola: Solve for Rydberg stage 529/1899.
[INFO] Enola: Solve for Rydberg stage 530/1899.
[INFO] Enola: Solve for Rydberg stage 531/1899.
[INFO] Enola: Solve for Rydberg stage 532/1899.
[INFO] Enola: Solve for Rydberg stage 533/1899.
[INFO] Enola: Solve for Rydberg stage 534/1899.
[INFO] Enola: Solve for Rydberg stage 535/1899.
[INFO] Enola: Solve for Rydberg stage 536/1899.
[INFO] Enola: Solve for Rydberg stage 537/1899.
[INFO] Enola: Solve for Rydberg stage 538/1899.
[INFO] Enola: Solve for Rydberg stage 539/1899.
[INFO] Enola: Solve for Rydberg stage 540/1899.
[INFO] Enola: Solve for Rydberg stage 541/1899.
[INFO] Enola: Solve for Rydberg stage 542/1899.
[INFO] Enola: Solve for Rydberg stage 543/1899.
[INFO] Enola: Solve for Rydberg stage 544/1899.
[INFO] Enola: Solve for Rydberg stage 545/1899.
[INFO] Enola: Solve for Rydberg stage 546/1899.
[INFO] Enola: Solve for Rydberg stage 547/1899.
[INFO] Enola: Solve for Rydberg stage 548/1899.
[INFO] Enola: Solve for Rydberg stage 549/1899.
[INFO] Enola: Solve for Rydberg stage 550/1899.
[INFO] Enola: Solve for Rydberg stage 551/1899.
[INFO] Enola: Solve for Rydberg stage 552/1899.
[INFO] Enola: Solve for Rydberg stage 553/1899.
[INFO] Enola: Solve for Rydberg stage 554/1899.
[INFO] Enola: Solve for Rydberg stage 555/1899.
[INFO] Enola: Solve for Rydberg stage 556/1899.
[INFO] Enola: Solve for Rydberg stage 557/1899.
[INFO] Enola: Solve for Rydberg stage 558/1899.
[INFO] Enola: Solve for Rydberg stage 559/1899.
[INFO] Enola: Solve for Rydberg stage 560/1899.
[INFO] Enola: Solve for Rydberg stage 561/1899.
[INFO] Enola: Solve for Rydberg stage 562/1899.
[INFO] Enola: Solve for Rydberg stage 563/1899.
[INFO] Enola: Solve for Rydberg stage 564/1899.
[INFO] Enola: Solve for Rydberg stage 565/1899.
[INFO] Enola: Solve for Rydberg stage 566/1899.
[INFO] Enola: Solve for Rydberg stage 567/1899.
[INFO] Enola: Solve for Rydberg stage 568/1899.
[INFO] Enola: Solve for Rydberg stage 569/1899.
[INFO] Enola: Solve for Rydberg stage 570/1899.
[INFO] Enola: Solve for Rydberg stage 571/1899.
[INFO] Enola: Solve for Rydberg stage 572/1899.
[INFO] Enola: Solve for Rydberg stage 573/1899.
[INFO] Enola: Solve for Rydberg stage 574/1899.
[INFO] Enola: Solve for Rydberg stage 575/1899.
[INFO] Enola: Solve for Rydberg stage 576/1899.
[INFO] Enola: Solve for Rydberg stage 577/1899.
[INFO] Enola: Solve for Rydberg stage 578/1899.
[INFO] Enola: Solve for Rydberg stage 579/1899.
[INFO] Enola: Solve for Rydberg stage 580/1899.
[INFO] Enola: Solve for Rydberg stage 581/1899.
[INFO] Enola: Solve for Rydberg stage 582/1899.
[INFO] Enola: Solve for Rydberg stage 583/1899.
[INFO] Enola: Solve for Rydberg stage 584/1899.
[INFO] Enola: Solve for Rydberg stage 585/1899.
[INFO] Enola: Solve for Rydberg stage 586/1899.
[INFO] Enola: Solve for Rydberg stage 587/1899.
[INFO] Enola: Solve for Rydberg stage 588/1899.
[INFO] Enola: Solve for Rydberg stage 589/1899.
[INFO] Enola: Solve for Rydberg stage 590/1899.
[INFO] Enola: Solve for Rydberg stage 591/1899.
[INFO] Enola: Solve for Rydberg stage 592/1899.
[INFO] Enola: Solve for Rydberg stage 593/1899.
[INFO] Enola: Solve for Rydberg stage 594/1899.
[INFO] Enola: Solve for Rydberg stage 595/1899.
[INFO] Enola: Solve for Rydberg stage 596/1899.
[INFO] Enola: Solve for Rydberg stage 597/1899.
[INFO] Enola: Solve for Rydberg stage 598/1899.
[INFO] Enola: Solve for Rydberg stage 599/1899.
[INFO] Enola: Solve for Rydberg stage 600/1899.
[INFO] Enola: Solve for Rydberg stage 601/1899.
[INFO] Enola: Solve for Rydberg stage 602/1899.
[INFO] Enola: Solve for Rydberg stage 603/1899.
[INFO] Enola: Solve for Rydberg stage 604/1899.
[INFO] Enola: Solve for Rydberg stage 605/1899.
[INFO] Enola: Solve for Rydberg stage 606/1899.
[INFO] Enola: Solve for Rydberg stage 607/1899.
[INFO] Enola: Solve for Rydberg stage 608/1899.
[INFO] Enola: Solve for Rydberg stage 609/1899.
[INFO] Enola: Solve for Rydberg stage 610/1899.
[INFO] Enola: Solve for Rydberg stage 611/1899.
[INFO] Enola: Solve for Rydberg stage 612/1899.
[INFO] Enola: Solve for Rydberg stage 613/1899.
[INFO] Enola: Solve for Rydberg stage 614/1899.
[INFO] Enola: Solve for Rydberg stage 615/1899.
[INFO] Enola: Solve for Rydberg stage 616/1899.
[INFO] Enola: Solve for Rydberg stage 617/1899.
[INFO] Enola: Solve for Rydberg stage 618/1899.
[INFO] Enola: Solve for Rydberg stage 619/1899.
[INFO] Enola: Solve for Rydberg stage 620/1899.
[INFO] Enola: Solve for Rydberg stage 621/1899.
[INFO] Enola: Solve for Rydberg stage 622/1899.
[INFO] Enola: Solve for Rydberg stage 623/1899.
[INFO] Enola: Solve for Rydberg stage 624/1899.
[INFO] Enola: Solve for Rydberg stage 625/1899.
[INFO] Enola: Solve for Rydberg stage 626/1899.
[INFO] Enola: Solve for Rydberg stage 627/1899.
[INFO] Enola: Solve for Rydberg stage 628/1899.
[INFO] Enola: Solve for Rydberg stage 629/1899.
[INFO] Enola: Solve for Rydberg stage 630/1899.
[INFO] Enola: Solve for Rydberg stage 631/1899.
[INFO] Enola: Solve for Rydberg stage 632/1899.
[INFO] Enola: Solve for Rydberg stage 633/1899.
[INFO] Enola: Solve for Rydberg stage 634/1899.
[INFO] Enola: Solve for Rydberg stage 635/1899.
[INFO] Enola: Solve for Rydberg stage 636/1899.
[INFO] Enola: Solve for Rydberg stage 637/1899.
[INFO] Enola: Solve for Rydberg stage 638/1899.
[INFO] Enola: Solve for Rydberg stage 639/1899.
[INFO] Enola: Solve for Rydberg stage 640/1899.
[INFO] Enola: Solve for Rydberg stage 641/1899.
[INFO] Enola: Solve for Rydberg stage 642/1899.
[INFO] Enola: Solve for Rydberg stage 643/1899.
[INFO] Enola: Solve for Rydberg stage 644/1899.
[INFO] Enola: Solve for Rydberg stage 645/1899.
[INFO] Enola: Solve for Rydberg stage 646/1899.
[INFO] Enola: Solve for Rydberg stage 647/1899.
[INFO] Enola: Solve for Rydberg stage 648/1899.
[INFO] Enola: Solve for Rydberg stage 649/1899.
[INFO] Enola: Solve for Rydberg stage 650/1899.
[INFO] Enola: Solve for Rydberg stage 651/1899.
[INFO] Enola: Solve for Rydberg stage 652/1899.
[INFO] Enola: Solve for Rydberg stage 653/1899.
[INFO] Enola: Solve for Rydberg stage 654/1899.
[INFO] Enola: Solve for Rydberg stage 655/1899.
[INFO] Enola: Solve for Rydberg stage 656/1899.
[INFO] Enola: Solve for Rydberg stage 657/1899.
[INFO] Enola: Solve for Rydberg stage 658/1899.
[INFO] Enola: Solve for Rydberg stage 659/1899.
[INFO] Enola: Solve for Rydberg stage 660/1899.
[INFO] Enola: Solve for Rydberg stage 661/1899.
[INFO] Enola: Solve for Rydberg stage 662/1899.
[INFO] Enola: Solve for Rydberg stage 663/1899.
[INFO] Enola: Solve for Rydberg stage 664/1899.
[INFO] Enola: Solve for Rydberg stage 665/1899.
[INFO] Enola: Solve for Rydberg stage 666/1899.
[INFO] Enola: Solve for Rydberg stage 667/1899.
[INFO] Enola: Solve for Rydberg stage 668/1899.
[INFO] Enola: Solve for Rydberg stage 669/1899.
[INFO] Enola: Solve for Rydberg stage 670/1899.
[INFO] Enola: Solve for Rydberg stage 671/1899.
[INFO] Enola: Solve for Rydberg stage 672/1899.
[INFO] Enola: Solve for Rydberg stage 673/1899.
[INFO] Enola: Solve for Rydberg stage 674/1899.
[INFO] Enola: Solve for Rydberg stage 675/1899.
[INFO] Enola: Solve for Rydberg stage 676/1899.
[INFO] Enola: Solve for Rydberg stage 677/1899.
[INFO] Enola: Solve for Rydberg stage 678/1899.
[INFO] Enola: Solve for Rydberg stage 679/1899.
[INFO] Enola: Solve for Rydberg stage 680/1899.
[INFO] Enola: Solve for Rydberg stage 681/1899.
[INFO] Enola: Solve for Rydberg stage 682/1899.
[INFO] Enola: Solve for Rydberg stage 683/1899.
[INFO] Enola: Solve for Rydberg stage 684/1899.
[INFO] Enola: Solve for Rydberg stage 685/1899.
[INFO] Enola: Solve for Rydberg stage 686/1899.
[INFO] Enola: Solve for Rydberg stage 687/1899.
[INFO] Enola: Solve for Rydberg stage 688/1899.
[INFO] Enola: Solve for Rydberg stage 689/1899.
[INFO] Enola: Solve for Rydberg stage 690/1899.
[INFO] Enola: Solve for Rydberg stage 691/1899.
[INFO] Enola: Solve for Rydberg stage 692/1899.
[INFO] Enola: Solve for Rydberg stage 693/1899.
[INFO] Enola: Solve for Rydberg stage 694/1899.
[INFO] Enola: Solve for Rydberg stage 695/1899.
[INFO] Enola: Solve for Rydberg stage 696/1899.
[INFO] Enola: Solve for Rydberg stage 697/1899.
[INFO] Enola: Solve for Rydberg stage 698/1899.
[INFO] Enola: Solve for Rydberg stage 699/1899.
[INFO] Enola: Solve for Rydberg stage 700/1899.
[INFO] Enola: Solve for Rydberg stage 701/1899.
[INFO] Enola: Solve for Rydberg stage 702/1899.
[INFO] Enola: Solve for Rydberg stage 703/1899.
[INFO] Enola: Solve for Rydberg stage 704/1899.
[INFO] Enola: Solve for Rydberg stage 705/1899.
[INFO] Enola: Solve for Rydberg stage 706/1899.
[INFO] Enola: Solve for Rydberg stage 707/1899.
[INFO] Enola: Solve for Rydberg stage 708/1899.
[INFO] Enola: Solve for Rydberg stage 709/1899.
[INFO] Enola: Solve for Rydberg stage 710/1899.
[INFO] Enola: Solve for Rydberg stage 711/1899.
[INFO] Enola: Solve for Rydberg stage 712/1899.
[INFO] Enola: Solve for Rydberg stage 713/1899.
[INFO] Enola: Solve for Rydberg stage 714/1899.
[INFO] Enola: Solve for Rydberg stage 715/1899.
[INFO] Enola: Solve for Rydberg stage 716/1899.
[INFO] Enola: Solve for Rydberg stage 717/1899.
[INFO] Enola: Solve for Rydberg stage 718/1899.
[INFO] Enola: Solve for Rydberg stage 719/1899.
[INFO] Enola: Solve for Rydberg stage 720/1899.
[INFO] Enola: Solve for Rydberg stage 721/1899.
[INFO] Enola: Solve for Rydberg stage 722/1899.
[INFO] Enola: Solve for Rydberg stage 723/1899.
[INFO] Enola: Solve for Rydberg stage 724/1899.
[INFO] Enola: Solve for Rydberg stage 725/1899.
[INFO] Enola: Solve for Rydberg stage 726/1899.
[INFO] Enola: Solve for Rydberg stage 727/1899.
[INFO] Enola: Solve for Rydberg stage 728/1899.
[INFO] Enola: Solve for Rydberg stage 729/1899.
[INFO] Enola: Solve for Rydberg stage 730/1899.
[INFO] Enola: Solve for Rydberg stage 731/1899.
[INFO] Enola: Solve for Rydberg stage 732/1899.
[INFO] Enola: Solve for Rydberg stage 733/1899.
[INFO] Enola: Solve for Rydberg stage 734/1899.
[INFO] Enola: Solve for Rydberg stage 735/1899.
[INFO] Enola: Solve for Rydberg stage 736/1899.
[INFO] Enola: Solve for Rydberg stage 737/1899.
[INFO] Enola: Solve for Rydberg stage 738/1899.
[INFO] Enola: Solve for Rydberg stage 739/1899.
[INFO] Enola: Solve for Rydberg stage 740/1899.
[INFO] Enola: Solve for Rydberg stage 741/1899.
[INFO] Enola: Solve for Rydberg stage 742/1899.
[INFO] Enola: Solve for Rydberg stage 743/1899.
[INFO] Enola: Solve for Rydberg stage 744/1899.
[INFO] Enola: Solve for Rydberg stage 745/1899.
[INFO] Enola: Solve for Rydberg stage 746/1899.
[INFO] Enola: Solve for Rydberg stage 747/1899.
[INFO] Enola: Solve for Rydberg stage 748/1899.
[INFO] Enola: Solve for Rydberg stage 749/1899.
[INFO] Enola: Solve for Rydberg stage 750/1899.
[INFO] Enola: Solve for Rydberg stage 751/1899.
[INFO] Enola: Solve for Rydberg stage 752/1899.
[INFO] Enola: Solve for Rydberg stage 753/1899.
[INFO] Enola: Solve for Rydberg stage 754/1899.
[INFO] Enola: Solve for Rydberg stage 755/1899.
[INFO] Enola: Solve for Rydberg stage 756/1899.
[INFO] Enola: Solve for Rydberg stage 757/1899.
[INFO] Enola: Solve for Rydberg stage 758/1899.
[INFO] Enola: Solve for Rydberg stage 759/1899.
[INFO] Enola: Solve for Rydberg stage 760/1899.
[INFO] Enola: Solve for Rydberg stage 761/1899.
[INFO] Enola: Solve for Rydberg stage 762/1899.
[INFO] Enola: Solve for Rydberg stage 763/1899.
[INFO] Enola: Solve for Rydberg stage 764/1899.
[INFO] Enola: Solve for Rydberg stage 765/1899.
[INFO] Enola: Solve for Rydberg stage 766/1899.
[INFO] Enola: Solve for Rydberg stage 767/1899.
[INFO] Enola: Solve for Rydberg stage 768/1899.
[INFO] Enola: Solve for Rydberg stage 769/1899.
[INFO] Enola: Solve for Rydberg stage 770/1899.
[INFO] Enola: Solve for Rydberg stage 771/1899.
[INFO] Enola: Solve for Rydberg stage 772/1899.
[INFO] Enola: Solve for Rydberg stage 773/1899.
[INFO] Enola: Solve for Rydberg stage 774/1899.
[INFO] Enola: Solve for Rydberg stage 775/1899.
[INFO] Enola: Solve for Rydberg stage 776/1899.
[INFO] Enola: Solve for Rydberg stage 777/1899.
[INFO] Enola: Solve for Rydberg stage 778/1899.
[INFO] Enola: Solve for Rydberg stage 779/1899.
[INFO] Enola: Solve for Rydberg stage 780/1899.
[INFO] Enola: Solve for Rydberg stage 781/1899.
[INFO] Enola: Solve for Rydberg stage 782/1899.
[INFO] Enola: Solve for Rydberg stage 783/1899.
[INFO] Enola: Solve for Rydberg stage 784/1899.
[INFO] Enola: Solve for Rydberg stage 785/1899.
[INFO] Enola: Solve for Rydberg stage 786/1899.
[INFO] Enola: Solve for Rydberg stage 787/1899.
[INFO] Enola: Solve for Rydberg stage 788/1899.
[INFO] Enola: Solve for Rydberg stage 789/1899.
[INFO] Enola: Solve for Rydberg stage 790/1899.
[INFO] Enola: Solve for Rydberg stage 791/1899.
[INFO] Enola: Solve for Rydberg stage 792/1899.
[INFO] Enola: Solve for Rydberg stage 793/1899.
[INFO] Enola: Solve for Rydberg stage 794/1899.
[INFO] Enola: Solve for Rydberg stage 795/1899.
[INFO] Enola: Solve for Rydberg stage 796/1899.
[INFO] Enola: Solve for Rydberg stage 797/1899.
[INFO] Enola: Solve for Rydberg stage 798/1899.
[INFO] Enola: Solve for Rydberg stage 799/1899.
[INFO] Enola: Solve for Rydberg stage 800/1899.
[INFO] Enola: Solve for Rydberg stage 801/1899.
[INFO] Enola: Solve for Rydberg stage 802/1899.
[INFO] Enola: Solve for Rydberg stage 803/1899.
[INFO] Enola: Solve for Rydberg stage 804/1899.
[INFO] Enola: Solve for Rydberg stage 805/1899.
[INFO] Enola: Solve for Rydberg stage 806/1899.
[INFO] Enola: Solve for Rydberg stage 807/1899.
[INFO] Enola: Solve for Rydberg stage 808/1899.
[INFO] Enola: Solve for Rydberg stage 809/1899.
[INFO] Enola: Solve for Rydberg stage 810/1899.
[INFO] Enola: Solve for Rydberg stage 811/1899.
[INFO] Enola: Solve for Rydberg stage 812/1899.
[INFO] Enola: Solve for Rydberg stage 813/1899.
[INFO] Enola: Solve for Rydberg stage 814/1899.
[INFO] Enola: Solve for Rydberg stage 815/1899.
[INFO] Enola: Solve for Rydberg stage 816/1899.
[INFO] Enola: Solve for Rydberg stage 817/1899.
[INFO] Enola: Solve for Rydberg stage 818/1899.
[INFO] Enola: Solve for Rydberg stage 819/1899.
[INFO] Enola: Solve for Rydberg stage 820/1899.
[INFO] Enola: Solve for Rydberg stage 821/1899.
[INFO] Enola: Solve for Rydberg stage 822/1899.
[INFO] Enola: Solve for Rydberg stage 823/1899.
[INFO] Enola: Solve for Rydberg stage 824/1899.
[INFO] Enola: Solve for Rydberg stage 825/1899.
[INFO] Enola: Solve for Rydberg stage 826/1899.
[INFO] Enola: Solve for Rydberg stage 827/1899.
[INFO] Enola: Solve for Rydberg stage 828/1899.
[INFO] Enola: Solve for Rydberg stage 829/1899.
[INFO] Enola: Solve for Rydberg stage 830/1899.
[INFO] Enola: Solve for Rydberg stage 831/1899.
[INFO] Enola: Solve for Rydberg stage 832/1899.
[INFO] Enola: Solve for Rydberg stage 833/1899.
[INFO] Enola: Solve for Rydberg stage 834/1899.
[INFO] Enola: Solve for Rydberg stage 835/1899.
[INFO] Enola: Solve for Rydberg stage 836/1899.
[INFO] Enola: Solve for Rydberg stage 837/1899.
[INFO] Enola: Solve for Rydberg stage 838/1899.
[INFO] Enola: Solve for Rydberg stage 839/1899.
[INFO] Enola: Solve for Rydberg stage 840/1899.
[INFO] Enola: Solve for Rydberg stage 841/1899.
[INFO] Enola: Solve for Rydberg stage 842/1899.
[INFO] Enola: Solve for Rydberg stage 843/1899.
[INFO] Enola: Solve for Rydberg stage 844/1899.
[INFO] Enola: Solve for Rydberg stage 845/1899.
[INFO] Enola: Solve for Rydberg stage 846/1899.
[INFO] Enola: Solve for Rydberg stage 847/1899.
[INFO] Enola: Solve for Rydberg stage 848/1899.
[INFO] Enola: Solve for Rydberg stage 849/1899.
[INFO] Enola: Solve for Rydberg stage 850/1899.
[INFO] Enola: Solve for Rydberg stage 851/1899.
[INFO] Enola: Solve for Rydberg stage 852/1899.
[INFO] Enola: Solve for Rydberg stage 853/1899.
[INFO] Enola: Solve for Rydberg stage 854/1899.
[INFO] Enola: Solve for Rydberg stage 855/1899.
[INFO] Enola: Solve for Rydberg stage 856/1899.
[INFO] Enola: Solve for Rydberg stage 857/1899.
[INFO] Enola: Solve for Rydberg stage 858/1899.
[INFO] Enola: Solve for Rydberg stage 859/1899.
[INFO] Enola: Solve for Rydberg stage 860/1899.
[INFO] Enola: Solve for Rydberg stage 861/1899.
[INFO] Enola: Solve for Rydberg stage 862/1899.
[INFO] Enola: Solve for Rydberg stage 863/1899.
[INFO] Enola: Solve for Rydberg stage 864/1899.
[INFO] Enola: Solve for Rydberg stage 865/1899.
[INFO] Enola: Solve for Rydberg stage 866/1899.
[INFO] Enola: Solve for Rydberg stage 867/1899.
[INFO] Enola: Solve for Rydberg stage 868/1899.
[INFO] Enola: Solve for Rydberg stage 869/1899.
[INFO] Enola: Solve for Rydberg stage 870/1899.
[INFO] Enola: Solve for Rydberg stage 871/1899.
[INFO] Enola: Solve for Rydberg stage 872/1899.
[INFO] Enola: Solve for Rydberg stage 873/1899.
[INFO] Enola: Solve for Rydberg stage 874/1899.
[INFO] Enola: Solve for Rydberg stage 875/1899.
[INFO] Enola: Solve for Rydberg stage 876/1899.
[INFO] Enola: Solve for Rydberg stage 877/1899.
[INFO] Enola: Solve for Rydberg stage 878/1899.
[INFO] Enola: Solve for Rydberg stage 879/1899.
[INFO] Enola: Solve for Rydberg stage 880/1899.
[INFO] Enola: Solve for Rydberg stage 881/1899.
[INFO] Enola: Solve for Rydberg stage 882/1899.
[INFO] Enola: Solve for Rydberg stage 883/1899.
[INFO] Enola: Solve for Rydberg stage 884/1899.
[INFO] Enola: Solve for Rydberg stage 885/1899.
[INFO] Enola: Solve for Rydberg stage 886/1899.
[INFO] Enola: Solve for Rydberg stage 887/1899.
[INFO] Enola: Solve for Rydberg stage 888/1899.
[INFO] Enola: Solve for Rydberg stage 889/1899.
[INFO] Enola: Solve for Rydberg stage 890/1899.
[INFO] Enola: Solve for Rydberg stage 891/1899.
[INFO] Enola: Solve for Rydberg stage 892/1899.
[INFO] Enola: Solve for Rydberg stage 893/1899.
[INFO] Enola: Solve for Rydberg stage 894/1899.
[INFO] Enola: Solve for Rydberg stage 895/1899.
[INFO] Enola: Solve for Rydberg stage 896/1899.
[INFO] Enola: Solve for Rydberg stage 897/1899.
[INFO] Enola: Solve for Rydberg stage 898/1899.
[INFO] Enola: Solve for Rydberg stage 899/1899.
[INFO] Enola: Solve for Rydberg stage 900/1899.
[INFO] Enola: Solve for Rydberg stage 901/1899.
[INFO] Enola: Solve for Rydberg stage 902/1899.
[INFO] Enola: Solve for Rydberg stage 903/1899.
[INFO] Enola: Solve for Rydberg stage 904/1899.
[INFO] Enola: Solve for Rydberg stage 905/1899.
[INFO] Enola: Solve for Rydberg stage 906/1899.
[INFO] Enola: Solve for Rydberg stage 907/1899.
[INFO] Enola: Solve for Rydberg stage 908/1899.
[INFO] Enola: Solve for Rydberg stage 909/1899.
[INFO] Enola: Solve for Rydberg stage 910/1899.
[INFO] Enola: Solve for Rydberg stage 911/1899.
[INFO] Enola: Solve for Rydberg stage 912/1899.
[INFO] Enola: Solve for Rydberg stage 913/1899.
[INFO] Enola: Solve for Rydberg stage 914/1899.
[INFO] Enola: Solve for Rydberg stage 915/1899.
[INFO] Enola: Solve for Rydberg stage 916/1899.
[INFO] Enola: Solve for Rydberg stage 917/1899.
[INFO] Enola: Solve for Rydberg stage 918/1899.
[INFO] Enola: Solve for Rydberg stage 919/1899.
[INFO] Enola: Solve for Rydberg stage 920/1899.
[INFO] Enola: Solve for Rydberg stage 921/1899.
[INFO] Enola: Solve for Rydberg stage 922/1899.
[INFO] Enola: Solve for Rydberg stage 923/1899.
[INFO] Enola: Solve for Rydberg stage 924/1899.
[INFO] Enola: Solve for Rydberg stage 925/1899.
[INFO] Enola: Solve for Rydberg stage 926/1899.
[INFO] Enola: Solve for Rydberg stage 927/1899.
[INFO] Enola: Solve for Rydberg stage 928/1899.
[INFO] Enola: Solve for Rydberg stage 929/1899.
[INFO] Enola: Solve for Rydberg stage 930/1899.
[INFO] Enola: Solve for Rydberg stage 931/1899.
[INFO] Enola: Solve for Rydberg stage 932/1899.
[INFO] Enola: Solve for Rydberg stage 933/1899.
[INFO] Enola: Solve for Rydberg stage 934/1899.
[INFO] Enola: Solve for Rydberg stage 935/1899.
[INFO] Enola: Solve for Rydberg stage 936/1899.
[INFO] Enola: Solve for Rydberg stage 937/1899.
[INFO] Enola: Solve for Rydberg stage 938/1899.
[INFO] Enola: Solve for Rydberg stage 939/1899.
[INFO] Enola: Solve for Rydberg stage 940/1899.
[INFO] Enola: Solve for Rydberg stage 941/1899.
[INFO] Enola: Solve for Rydberg stage 942/1899.
[INFO] Enola: Solve for Rydberg stage 943/1899.
[INFO] Enola: Solve for Rydberg stage 944/1899.
[INFO] Enola: Solve for Rydberg stage 945/1899.
[INFO] Enola: Solve for Rydberg stage 946/1899.
[INFO] Enola: Solve for Rydberg stage 947/1899.
[INFO] Enola: Solve for Rydberg stage 948/1899.
[INFO] Enola: Solve for Rydberg stage 949/1899.
[INFO] Enola: Solve for Rydberg stage 950/1899.
[INFO] Enola: Solve for Rydberg stage 951/1899.
[INFO] Enola: Solve for Rydberg stage 952/1899.
[INFO] Enola: Solve for Rydberg stage 953/1899.
[INFO] Enola: Solve for Rydberg stage 954/1899.
[INFO] Enola: Solve for Rydberg stage 955/1899.
[INFO] Enola: Solve for Rydberg stage 956/1899.
[INFO] Enola: Solve for Rydberg stage 957/1899.
[INFO] Enola: Solve for Rydberg stage 958/1899.
[INFO] Enola: Solve for Rydberg stage 959/1899.
[INFO] Enola: Solve for Rydberg stage 960/1899.
[INFO] Enola: Solve for Rydberg stage 961/1899.
[INFO] Enola: Solve for Rydberg stage 962/1899.
[INFO] Enola: Solve for Rydberg stage 963/1899.
[INFO] Enola: Solve for Rydberg stage 964/1899.
[INFO] Enola: Solve for Rydberg stage 965/1899.
[INFO] Enola: Solve for Rydberg stage 966/1899.
[INFO] Enola: Solve for Rydberg stage 967/1899.
[INFO] Enola: Solve for Rydberg stage 968/1899.
[INFO] Enola: Solve for Rydberg stage 969/1899.
[INFO] Enola: Solve for Rydberg stage 970/1899.
[INFO] Enola: Solve for Rydberg stage 971/1899.
[INFO] Enola: Solve for Rydberg stage 972/1899.
[INFO] Enola: Solve for Rydberg stage 973/1899.
[INFO] Enola: Solve for Rydberg stage 974/1899.
[INFO] Enola: Solve for Rydberg stage 975/1899.
[INFO] Enola: Solve for Rydberg stage 976/1899.
[INFO] Enola: Solve for Rydberg stage 977/1899.
[INFO] Enola: Solve for Rydberg stage 978/1899.
[INFO] Enola: Solve for Rydberg stage 979/1899.
[INFO] Enola: Solve for Rydberg stage 980/1899.
[INFO] Enola: Solve for Rydberg stage 981/1899.
[INFO] Enola: Solve for Rydberg stage 982/1899.
[INFO] Enola: Solve for Rydberg stage 983/1899.
[INFO] Enola: Solve for Rydberg stage 984/1899.
[INFO] Enola: Solve for Rydberg stage 985/1899.
[INFO] Enola: Solve for Rydberg stage 986/1899.
[INFO] Enola: Solve for Rydberg stage 987/1899.
[INFO] Enola: Solve for Rydberg stage 988/1899.
[INFO] Enola: Solve for Rydberg stage 989/1899.
[INFO] Enola: Solve for Rydberg stage 990/1899.
[INFO] Enola: Solve for Rydberg stage 991/1899.
[INFO] Enola: Solve for Rydberg stage 992/1899.
[INFO] Enola: Solve for Rydberg stage 993/1899.
[INFO] Enola: Solve for Rydberg stage 994/1899.
[INFO] Enola: Solve for Rydberg stage 995/1899.
[INFO] Enola: Solve for Rydberg stage 996/1899.
[INFO] Enola: Solve for Rydberg stage 997/1899.
[INFO] Enola: Solve for Rydberg stage 998/1899.
[INFO] Enola: Solve for Rydberg stage 999/1899.
[INFO] Enola: Solve for Rydberg stage 1000/1899.
[INFO] Enola: Solve for Rydberg stage 1001/1899.
[INFO] Enola: Solve for Rydberg stage 1002/1899.
[INFO] Enola: Solve for Rydberg stage 1003/1899.
[INFO] Enola: Solve for Rydberg stage 1004/1899.
[INFO] Enola: Solve for Rydberg stage 1005/1899.
[INFO] Enola: Solve for Rydberg stage 1006/1899.
[INFO] Enola: Solve for Rydberg stage 1007/1899.
[INFO] Enola: Solve for Rydberg stage 1008/1899.
[INFO] Enola: Solve for Rydberg stage 1009/1899.
[INFO] Enola: Solve for Rydberg stage 1010/1899.
[INFO] Enola: Solve for Rydberg stage 1011/1899.
[INFO] Enola: Solve for Rydberg stage 1012/1899.
[INFO] Enola: Solve for Rydberg stage 1013/1899.
[INFO] Enola: Solve for Rydberg stage 1014/1899.
[INFO] Enola: Solve for Rydberg stage 1015/1899.
[INFO] Enola: Solve for Rydberg stage 1016/1899.
[INFO] Enola: Solve for Rydberg stage 1017/1899.
[INFO] Enola: Solve for Rydberg stage 1018/1899.
[INFO] Enola: Solve for Rydberg stage 1019/1899.
[INFO] Enola: Solve for Rydberg stage 1020/1899.
[INFO] Enola: Solve for Rydberg stage 1021/1899.
[INFO] Enola: Solve for Rydberg stage 1022/1899.
[INFO] Enola: Solve for Rydberg stage 1023/1899.
[INFO] Enola: Solve for Rydberg stage 1024/1899.
[INFO] Enola: Solve for Rydberg stage 1025/1899.
[INFO] Enola: Solve for Rydberg stage 1026/1899.
[INFO] Enola: Solve for Rydberg stage 1027/1899.
[INFO] Enola: Solve for Rydberg stage 1028/1899.
[INFO] Enola: Solve for Rydberg stage 1029/1899.
[INFO] Enola: Solve for Rydberg stage 1030/1899.
[INFO] Enola: Solve for Rydberg stage 1031/1899.
[INFO] Enola: Solve for Rydberg stage 1032/1899.
[INFO] Enola: Solve for Rydberg stage 1033/1899.
[INFO] Enola: Solve for Rydberg stage 1034/1899.
[INFO] Enola: Solve for Rydberg stage 1035/1899.
[INFO] Enola: Solve for Rydberg stage 1036/1899.
[INFO] Enola: Solve for Rydberg stage 1037/1899.
[INFO] Enola: Solve for Rydberg stage 1038/1899.
[INFO] Enola: Solve for Rydberg stage 1039/1899.
[INFO] Enola: Solve for Rydberg stage 1040/1899.
[INFO] Enola: Solve for Rydberg stage 1041/1899.
[INFO] Enola: Solve for Rydberg stage 1042/1899.
[INFO] Enola: Solve for Rydberg stage 1043/1899.
[INFO] Enola: Solve for Rydberg stage 1044/1899.
[INFO] Enola: Solve for Rydberg stage 1045/1899.
[INFO] Enola: Solve for Rydberg stage 1046/1899.
[INFO] Enola: Solve for Rydberg stage 1047/1899.
[INFO] Enola: Solve for Rydberg stage 1048/1899.
[INFO] Enola: Solve for Rydberg stage 1049/1899.
[INFO] Enola: Solve for Rydberg stage 1050/1899.
[INFO] Enola: Solve for Rydberg stage 1051/1899.
[INFO] Enola: Solve for Rydberg stage 1052/1899.
[INFO] Enola: Solve for Rydberg stage 1053/1899.
[INFO] Enola: Solve for Rydberg stage 1054/1899.
[INFO] Enola: Solve for Rydberg stage 1055/1899.
[INFO] Enola: Solve for Rydberg stage 1056/1899.
[INFO] Enola: Solve for Rydberg stage 1057/1899.
[INFO] Enola: Solve for Rydberg stage 1058/1899.
[INFO] Enola: Solve for Rydberg stage 1059/1899.
[INFO] Enola: Solve for Rydberg stage 1060/1899.
[INFO] Enola: Solve for Rydberg stage 1061/1899.
[INFO] Enola: Solve for Rydberg stage 1062/1899.
[INFO] Enola: Solve for Rydberg stage 1063/1899.
[INFO] Enola: Solve for Rydberg stage 1064/1899.
[INFO] Enola: Solve for Rydberg stage 1065/1899.
[INFO] Enola: Solve for Rydberg stage 1066/1899.
[INFO] Enola: Solve for Rydberg stage 1067/1899.
[INFO] Enola: Solve for Rydberg stage 1068/1899.
[INFO] Enola: Solve for Rydberg stage 1069/1899.
[INFO] Enola: Solve for Rydberg stage 1070/1899.
[INFO] Enola: Solve for Rydberg stage 1071/1899.
[INFO] Enola: Solve for Rydberg stage 1072/1899.
[INFO] Enola: Solve for Rydberg stage 1073/1899.
[INFO] Enola: Solve for Rydberg stage 1074/1899.
[INFO] Enola: Solve for Rydberg stage 1075/1899.
[INFO] Enola: Solve for Rydberg stage 1076/1899.
[INFO] Enola: Solve for Rydberg stage 1077/1899.
[INFO] Enola: Solve for Rydberg stage 1078/1899.
[INFO] Enola: Solve for Rydberg stage 1079/1899.
[INFO] Enola: Solve for Rydberg stage 1080/1899.
[INFO] Enola: Solve for Rydberg stage 1081/1899.
[INFO] Enola: Solve for Rydberg stage 1082/1899.
[INFO] Enola: Solve for Rydberg stage 1083/1899.
[INFO] Enola: Solve for Rydberg stage 1084/1899.
[INFO] Enola: Solve for Rydberg stage 1085/1899.
[INFO] Enola: Solve for Rydberg stage 1086/1899.
[INFO] Enola: Solve for Rydberg stage 1087/1899.
[INFO] Enola: Solve for Rydberg stage 1088/1899.
[INFO] Enola: Solve for Rydberg stage 1089/1899.
[INFO] Enola: Solve for Rydberg stage 1090/1899.
[INFO] Enola: Solve for Rydberg stage 1091/1899.
[INFO] Enola: Solve for Rydberg stage 1092/1899.
[INFO] Enola: Solve for Rydberg stage 1093/1899.
[INFO] Enola: Solve for Rydberg stage 1094/1899.
[INFO] Enola: Solve for Rydberg stage 1095/1899.
[INFO] Enola: Solve for Rydberg stage 1096/1899.
[INFO] Enola: Solve for Rydberg stage 1097/1899.
[INFO] Enola: Solve for Rydberg stage 1098/1899.
[INFO] Enola: Solve for Rydberg stage 1099/1899.
[INFO] Enola: Solve for Rydberg stage 1100/1899.
[INFO] Enola: Solve for Rydberg stage 1101/1899.
[INFO] Enola: Solve for Rydberg stage 1102/1899.
[INFO] Enola: Solve for Rydberg stage 1103/1899.
[INFO] Enola: Solve for Rydberg stage 1104/1899.
[INFO] Enola: Solve for Rydberg stage 1105/1899.
[INFO] Enola: Solve for Rydberg stage 1106/1899.
[INFO] Enola: Solve for Rydberg stage 1107/1899.
[INFO] Enola: Solve for Rydberg stage 1108/1899.
[INFO] Enola: Solve for Rydberg stage 1109/1899.
[INFO] Enola: Solve for Rydberg stage 1110/1899.
[INFO] Enola: Solve for Rydberg stage 1111/1899.
[INFO] Enola: Solve for Rydberg stage 1112/1899.
[INFO] Enola: Solve for Rydberg stage 1113/1899.
[INFO] Enola: Solve for Rydberg stage 1114/1899.
[INFO] Enola: Solve for Rydberg stage 1115/1899.
[INFO] Enola: Solve for Rydberg stage 1116/1899.
[INFO] Enola: Solve for Rydberg stage 1117/1899.
[INFO] Enola: Solve for Rydberg stage 1118/1899.
[INFO] Enola: Solve for Rydberg stage 1119/1899.
[INFO] Enola: Solve for Rydberg stage 1120/1899.
[INFO] Enola: Solve for Rydberg stage 1121/1899.
[INFO] Enola: Solve for Rydberg stage 1122/1899.
[INFO] Enola: Solve for Rydberg stage 1123/1899.
[INFO] Enola: Solve for Rydberg stage 1124/1899.
[INFO] Enola: Solve for Rydberg stage 1125/1899.
[INFO] Enola: Solve for Rydberg stage 1126/1899.
[INFO] Enola: Solve for Rydberg stage 1127/1899.
[INFO] Enola: Solve for Rydberg stage 1128/1899.
[INFO] Enola: Solve for Rydberg stage 1129/1899.
[INFO] Enola: Solve for Rydberg stage 1130/1899.
[INFO] Enola: Solve for Rydberg stage 1131/1899.
[INFO] Enola: Solve for Rydberg stage 1132/1899.
[INFO] Enola: Solve for Rydberg stage 1133/1899.
[INFO] Enola: Solve for Rydberg stage 1134/1899.
[INFO] Enola: Solve for Rydberg stage 1135/1899.
[INFO] Enola: Solve for Rydberg stage 1136/1899.
[INFO] Enola: Solve for Rydberg stage 1137/1899.
[INFO] Enola: Solve for Rydberg stage 1138/1899.
[INFO] Enola: Solve for Rydberg stage 1139/1899.
[INFO] Enola: Solve for Rydberg stage 1140/1899.
[INFO] Enola: Solve for Rydberg stage 1141/1899.
[INFO] Enola: Solve for Rydberg stage 1142/1899.
[INFO] Enola: Solve for Rydberg stage 1143/1899.
[INFO] Enola: Solve for Rydberg stage 1144/1899.
[INFO] Enola: Solve for Rydberg stage 1145/1899.
[INFO] Enola: Solve for Rydberg stage 1146/1899.
[INFO] Enola: Solve for Rydberg stage 1147/1899.
[INFO] Enola: Solve for Rydberg stage 1148/1899.
[INFO] Enola: Solve for Rydberg stage 1149/1899.
[INFO] Enola: Solve for Rydberg stage 1150/1899.
[INFO] Enola: Solve for Rydberg stage 1151/1899.
[INFO] Enola: Solve for Rydberg stage 1152/1899.
[INFO] Enola: Solve for Rydberg stage 1153/1899.
[INFO] Enola: Solve for Rydberg stage 1154/1899.
[INFO] Enola: Solve for Rydberg stage 1155/1899.
[INFO] Enola: Solve for Rydberg stage 1156/1899.
[INFO] Enola: Solve for Rydberg stage 1157/1899.
[INFO] Enola: Solve for Rydberg stage 1158/1899.
[INFO] Enola: Solve for Rydberg stage 1159/1899.
[INFO] Enola: Solve for Rydberg stage 1160/1899.
[INFO] Enola: Solve for Rydberg stage 1161/1899.
[INFO] Enola: Solve for Rydberg stage 1162/1899.
[INFO] Enola: Solve for Rydberg stage 1163/1899.
[INFO] Enola: Solve for Rydberg stage 1164/1899.
[INFO] Enola: Solve for Rydberg stage 1165/1899.
[INFO] Enola: Solve for Rydberg stage 1166/1899.
[INFO] Enola: Solve for Rydberg stage 1167/1899.
[INFO] Enola: Solve for Rydberg stage 1168/1899.
[INFO] Enola: Solve for Rydberg stage 1169/1899.
[INFO] Enola: Solve for Rydberg stage 1170/1899.
[INFO] Enola: Solve for Rydberg stage 1171/1899.
[INFO] Enola: Solve for Rydberg stage 1172/1899.
[INFO] Enola: Solve for Rydberg stage 1173/1899.
[INFO] Enola: Solve for Rydberg stage 1174/1899.
[INFO] Enola: Solve for Rydberg stage 1175/1899.
[INFO] Enola: Solve for Rydberg stage 1176/1899.
[INFO] Enola: Solve for Rydberg stage 1177/1899.
[INFO] Enola: Solve for Rydberg stage 1178/1899.
[INFO] Enola: Solve for Rydberg stage 1179/1899.
[INFO] Enola: Solve for Rydberg stage 1180/1899.
[INFO] Enola: Solve for Rydberg stage 1181/1899.
[INFO] Enola: Solve for Rydberg stage 1182/1899.
[INFO] Enola: Solve for Rydberg stage 1183/1899.
[INFO] Enola: Solve for Rydberg stage 1184/1899.
[INFO] Enola: Solve for Rydberg stage 1185/1899.
[INFO] Enola: Solve for Rydberg stage 1186/1899.
[INFO] Enola: Solve for Rydberg stage 1187/1899.
[INFO] Enola: Solve for Rydberg stage 1188/1899.
[INFO] Enola: Solve for Rydberg stage 1189/1899.
[INFO] Enola: Solve for Rydberg stage 1190/1899.
[INFO] Enola: Solve for Rydberg stage 1191/1899.
[INFO] Enola: Solve for Rydberg stage 1192/1899.
[INFO] Enola: Solve for Rydberg stage 1193/1899.
[INFO] Enola: Solve for Rydberg stage 1194/1899.
[INFO] Enola: Solve for Rydberg stage 1195/1899.
[INFO] Enola: Solve for Rydberg stage 1196/1899.
[INFO] Enola: Solve for Rydberg stage 1197/1899.
[INFO] Enola: Solve for Rydberg stage 1198/1899.
[INFO] Enola: Solve for Rydberg stage 1199/1899.
[INFO] Enola: Solve for Rydberg stage 1200/1899.
[INFO] Enola: Solve for Rydberg stage 1201/1899.
[INFO] Enola: Solve for Rydberg stage 1202/1899.
[INFO] Enola: Solve for Rydberg stage 1203/1899.
[INFO] Enola: Solve for Rydberg stage 1204/1899.
[INFO] Enola: Solve for Rydberg stage 1205/1899.
[INFO] Enola: Solve for Rydberg stage 1206/1899.
[INFO] Enola: Solve for Rydberg stage 1207/1899.
[INFO] Enola: Solve for Rydberg stage 1208/1899.
[INFO] Enola: Solve for Rydberg stage 1209/1899.
[INFO] Enola: Solve for Rydberg stage 1210/1899.
[INFO] Enola: Solve for Rydberg stage 1211/1899.
[INFO] Enola: Solve for Rydberg stage 1212/1899.
[INFO] Enola: Solve for Rydberg stage 1213/1899.
[INFO] Enola: Solve for Rydberg stage 1214/1899.
[INFO] Enola: Solve for Rydberg stage 1215/1899.
[INFO] Enola: Solve for Rydberg stage 1216/1899.
[INFO] Enola: Solve for Rydberg stage 1217/1899.
[INFO] Enola: Solve for Rydberg stage 1218/1899.
[INFO] Enola: Solve for Rydberg stage 1219/1899.
[INFO] Enola: Solve for Rydberg stage 1220/1899.
[INFO] Enola: Solve for Rydberg stage 1221/1899.
[INFO] Enola: Solve for Rydberg stage 1222/1899.
[INFO] Enola: Solve for Rydberg stage 1223/1899.
[INFO] Enola: Solve for Rydberg stage 1224/1899.
[INFO] Enola: Solve for Rydberg stage 1225/1899.
[INFO] Enola: Solve for Rydberg stage 1226/1899.
[INFO] Enola: Solve for Rydberg stage 1227/1899.
[INFO] Enola: Solve for Rydberg stage 1228/1899.
[INFO] Enola: Solve for Rydberg stage 1229/1899.
[INFO] Enola: Solve for Rydberg stage 1230/1899.
[INFO] Enola: Solve for Rydberg stage 1231/1899.
[INFO] Enola: Solve for Rydberg stage 1232/1899.
[INFO] Enola: Solve for Rydberg stage 1233/1899.
[INFO] Enola: Solve for Rydberg stage 1234/1899.
[INFO] Enola: Solve for Rydberg stage 1235/1899.
[INFO] Enola: Solve for Rydberg stage 1236/1899.
[INFO] Enola: Solve for Rydberg stage 1237/1899.
[INFO] Enola: Solve for Rydberg stage 1238/1899.
[INFO] Enola: Solve for Rydberg stage 1239/1899.
[INFO] Enola: Solve for Rydberg stage 1240/1899.
[INFO] Enola: Solve for Rydberg stage 1241/1899.
[INFO] Enola: Solve for Rydberg stage 1242/1899.
[INFO] Enola: Solve for Rydberg stage 1243/1899.
[INFO] Enola: Solve for Rydberg stage 1244/1899.
[INFO] Enola: Solve for Rydberg stage 1245/1899.
[INFO] Enola: Solve for Rydberg stage 1246/1899.
[INFO] Enola: Solve for Rydberg stage 1247/1899.
[INFO] Enola: Solve for Rydberg stage 1248/1899.
[INFO] Enola: Solve for Rydberg stage 1249/1899.
[INFO] Enola: Solve for Rydberg stage 1250/1899.
[INFO] Enola: Solve for Rydberg stage 1251/1899.
[INFO] Enola: Solve for Rydberg stage 1252/1899.
[INFO] Enola: Solve for Rydberg stage 1253/1899.
[INFO] Enola: Solve for Rydberg stage 1254/1899.
[INFO] Enola: Solve for Rydberg stage 1255/1899.
[INFO] Enola: Solve for Rydberg stage 1256/1899.
[INFO] Enola: Solve for Rydberg stage 1257/1899.
[INFO] Enola: Solve for Rydberg stage 1258/1899.
[INFO] Enola: Solve for Rydberg stage 1259/1899.
[INFO] Enola: Solve for Rydberg stage 1260/1899.
[INFO] Enola: Solve for Rydberg stage 1261/1899.
[INFO] Enola: Solve for Rydberg stage 1262/1899.
[INFO] Enola: Solve for Rydberg stage 1263/1899.
[INFO] Enola: Solve for Rydberg stage 1264/1899.
[INFO] Enola: Solve for Rydberg stage 1265/1899.
[INFO] Enola: Solve for Rydberg stage 1266/1899.
[INFO] Enola: Solve for Rydberg stage 1267/1899.
[INFO] Enola: Solve for Rydberg stage 1268/1899.
[INFO] Enola: Solve for Rydberg stage 1269/1899.
[INFO] Enola: Solve for Rydberg stage 1270/1899.
[INFO] Enola: Solve for Rydberg stage 1271/1899.
[INFO] Enola: Solve for Rydberg stage 1272/1899.
[INFO] Enola: Solve for Rydberg stage 1273/1899.
[INFO] Enola: Solve for Rydberg stage 1274/1899.
[INFO] Enola: Solve for Rydberg stage 1275/1899.
[INFO] Enola: Solve for Rydberg stage 1276/1899.
[INFO] Enola: Solve for Rydberg stage 1277/1899.
[INFO] Enola: Solve for Rydberg stage 1278/1899.
[INFO] Enola: Solve for Rydberg stage 1279/1899.
[INFO] Enola: Solve for Rydberg stage 1280/1899.
[INFO] Enola: Solve for Rydberg stage 1281/1899.
[INFO] Enola: Solve for Rydberg stage 1282/1899.
[INFO] Enola: Solve for Rydberg stage 1283/1899.
[INFO] Enola: Solve for Rydberg stage 1284/1899.
[INFO] Enola: Solve for Rydberg stage 1285/1899.
[INFO] Enola: Solve for Rydberg stage 1286/1899.
[INFO] Enola: Solve for Rydberg stage 1287/1899.
[INFO] Enola: Solve for Rydberg stage 1288/1899.
[INFO] Enola: Solve for Rydberg stage 1289/1899.
[INFO] Enola: Solve for Rydberg stage 1290/1899.
[INFO] Enola: Solve for Rydberg stage 1291/1899.
[INFO] Enola: Solve for Rydberg stage 1292/1899.
[INFO] Enola: Solve for Rydberg stage 1293/1899.
[INFO] Enola: Solve for Rydberg stage 1294/1899.
[INFO] Enola: Solve for Rydberg stage 1295/1899.
[INFO] Enola: Solve for Rydberg stage 1296/1899.
[INFO] Enola: Solve for Rydberg stage 1297/1899.
[INFO] Enola: Solve for Rydberg stage 1298/1899.
[INFO] Enola: Solve for Rydberg stage 1299/1899.
[INFO] Enola: Solve for Rydberg stage 1300/1899.
[INFO] Enola: Solve for Rydberg stage 1301/1899.
[INFO] Enola: Solve for Rydberg stage 1302/1899.
[INFO] Enola: Solve for Rydberg stage 1303/1899.
[INFO] Enola: Solve for Rydberg stage 1304/1899.
[INFO] Enola: Solve for Rydberg stage 1305/1899.
[INFO] Enola: Solve for Rydberg stage 1306/1899.
[INFO] Enola: Solve for Rydberg stage 1307/1899.
[INFO] Enola: Solve for Rydberg stage 1308/1899.
[INFO] Enola: Solve for Rydberg stage 1309/1899.
[INFO] Enola: Solve for Rydberg stage 1310/1899.
[INFO] Enola: Solve for Rydberg stage 1311/1899.
[INFO] Enola: Solve for Rydberg stage 1312/1899.
[INFO] Enola: Solve for Rydberg stage 1313/1899.
[INFO] Enola: Solve for Rydberg stage 1314/1899.
[INFO] Enola: Solve for Rydberg stage 1315/1899.
[INFO] Enola: Solve for Rydberg stage 1316/1899.
[INFO] Enola: Solve for Rydberg stage 1317/1899.
[INFO] Enola: Solve for Rydberg stage 1318/1899.
[INFO] Enola: Solve for Rydberg stage 1319/1899.
[INFO] Enola: Solve for Rydberg stage 1320/1899.
[INFO] Enola: Solve for Rydberg stage 1321/1899.
[INFO] Enola: Solve for Rydberg stage 1322/1899.
[INFO] Enola: Solve for Rydberg stage 1323/1899.
[INFO] Enola: Solve for Rydberg stage 1324/1899.
[INFO] Enola: Solve for Rydberg stage 1325/1899.
[INFO] Enola: Solve for Rydberg stage 1326/1899.
[INFO] Enola: Solve for Rydberg stage 1327/1899.
[INFO] Enola: Solve for Rydberg stage 1328/1899.
[INFO] Enola: Solve for Rydberg stage 1329/1899.
[INFO] Enola: Solve for Rydberg stage 1330/1899.
[INFO] Enola: Solve for Rydberg stage 1331/1899.
[INFO] Enola: Solve for Rydberg stage 1332/1899.
[INFO] Enola: Solve for Rydberg stage 1333/1899.
[INFO] Enola: Solve for Rydberg stage 1334/1899.
[INFO] Enola: Solve for Rydberg stage 1335/1899.
[INFO] Enola: Solve for Rydberg stage 1336/1899.
[INFO] Enola: Solve for Rydberg stage 1337/1899.
[INFO] Enola: Solve for Rydberg stage 1338/1899.
[INFO] Enola: Solve for Rydberg stage 1339/1899.
[INFO] Enola: Solve for Rydberg stage 1340/1899.
[INFO] Enola: Solve for Rydberg stage 1341/1899.
[INFO] Enola: Solve for Rydberg stage 1342/1899.
[INFO] Enola: Solve for Rydberg stage 1343/1899.
[INFO] Enola: Solve for Rydberg stage 1344/1899.
[INFO] Enola: Solve for Rydberg stage 1345/1899.
[INFO] Enola: Solve for Rydberg stage 1346/1899.
[INFO] Enola: Solve for Rydberg stage 1347/1899.
[INFO] Enola: Solve for Rydberg stage 1348/1899.
[INFO] Enola: Solve for Rydberg stage 1349/1899.
[INFO] Enola: Solve for Rydberg stage 1350/1899.
[INFO] Enola: Solve for Rydberg stage 1351/1899.
[INFO] Enola: Solve for Rydberg stage 1352/1899.
[INFO] Enola: Solve for Rydberg stage 1353/1899.
[INFO] Enola: Solve for Rydberg stage 1354/1899.
[INFO] Enola: Solve for Rydberg stage 1355/1899.
[INFO] Enola: Solve for Rydberg stage 1356/1899.
[INFO] Enola: Solve for Rydberg stage 1357/1899.
[INFO] Enola: Solve for Rydberg stage 1358/1899.
[INFO] Enola: Solve for Rydberg stage 1359/1899.
[INFO] Enola: Solve for Rydberg stage 1360/1899.
[INFO] Enola: Solve for Rydberg stage 1361/1899.
[INFO] Enola: Solve for Rydberg stage 1362/1899.
[INFO] Enola: Solve for Rydberg stage 1363/1899.
[INFO] Enola: Solve for Rydberg stage 1364/1899.
[INFO] Enola: Solve for Rydberg stage 1365/1899.
[INFO] Enola: Solve for Rydberg stage 1366/1899.
[INFO] Enola: Solve for Rydberg stage 1367/1899.
[INFO] Enola: Solve for Rydberg stage 1368/1899.
[INFO] Enola: Solve for Rydberg stage 1369/1899.
[INFO] Enola: Solve for Rydberg stage 1370/1899.
[INFO] Enola: Solve for Rydberg stage 1371/1899.
[INFO] Enola: Solve for Rydberg stage 1372/1899.
[INFO] Enola: Solve for Rydberg stage 1373/1899.
[INFO] Enola: Solve for Rydberg stage 1374/1899.
[INFO] Enola: Solve for Rydberg stage 1375/1899.
[INFO] Enola: Solve for Rydberg stage 1376/1899.
[INFO] Enola: Solve for Rydberg stage 1377/1899.
[INFO] Enola: Solve for Rydberg stage 1378/1899.
[INFO] Enola: Solve for Rydberg stage 1379/1899.
[INFO] Enola: Solve for Rydberg stage 1380/1899.
[INFO] Enola: Solve for Rydberg stage 1381/1899.
[INFO] Enola: Solve for Rydberg stage 1382/1899.
[INFO] Enola: Solve for Rydberg stage 1383/1899.
[INFO] Enola: Solve for Rydberg stage 1384/1899.
[INFO] Enola: Solve for Rydberg stage 1385/1899.
[INFO] Enola: Solve for Rydberg stage 1386/1899.
[INFO] Enola: Solve for Rydberg stage 1387/1899.
[INFO] Enola: Solve for Rydberg stage 1388/1899.
[INFO] Enola: Solve for Rydberg stage 1389/1899.
[INFO] Enola: Solve for Rydberg stage 1390/1899.
[INFO] Enola: Solve for Rydberg stage 1391/1899.
[INFO] Enola: Solve for Rydberg stage 1392/1899.
[INFO] Enola: Solve for Rydberg stage 1393/1899.
[INFO] Enola: Solve for Rydberg stage 1394/1899.
[INFO] Enola: Solve for Rydberg stage 1395/1899.
[INFO] Enola: Solve for Rydberg stage 1396/1899.
[INFO] Enola: Solve for Rydberg stage 1397/1899.
[INFO] Enola: Solve for Rydberg stage 1398/1899.
[INFO] Enola: Solve for Rydberg stage 1399/1899.
[INFO] Enola: Solve for Rydberg stage 1400/1899.
[INFO] Enola: Solve for Rydberg stage 1401/1899.
[INFO] Enola: Solve for Rydberg stage 1402/1899.
[INFO] Enola: Solve for Rydberg stage 1403/1899.
[INFO] Enola: Solve for Rydberg stage 1404/1899.
[INFO] Enola: Solve for Rydberg stage 1405/1899.
[INFO] Enola: Solve for Rydberg stage 1406/1899.
[INFO] Enola: Solve for Rydberg stage 1407/1899.
[INFO] Enola: Solve for Rydberg stage 1408/1899.
[INFO] Enola: Solve for Rydberg stage 1409/1899.
[INFO] Enola: Solve for Rydberg stage 1410/1899.
[INFO] Enola: Solve for Rydberg stage 1411/1899.
[INFO] Enola: Solve for Rydberg stage 1412/1899.
[INFO] Enola: Solve for Rydberg stage 1413/1899.
[INFO] Enola: Solve for Rydberg stage 1414/1899.
[INFO] Enola: Solve for Rydberg stage 1415/1899.
[INFO] Enola: Solve for Rydberg stage 1416/1899.
[INFO] Enola: Solve for Rydberg stage 1417/1899.
[INFO] Enola: Solve for Rydberg stage 1418/1899.
[INFO] Enola: Solve for Rydberg stage 1419/1899.
[INFO] Enola: Solve for Rydberg stage 1420/1899.
[INFO] Enola: Solve for Rydberg stage 1421/1899.
[INFO] Enola: Solve for Rydberg stage 1422/1899.
[INFO] Enola: Solve for Rydberg stage 1423/1899.
[INFO] Enola: Solve for Rydberg stage 1424/1899.
[INFO] Enola: Solve for Rydberg stage 1425/1899.
[INFO] Enola: Solve for Rydberg stage 1426/1899.
[INFO] Enola: Solve for Rydberg stage 1427/1899.
[INFO] Enola: Solve for Rydberg stage 1428/1899.
[INFO] Enola: Solve for Rydberg stage 1429/1899.
[INFO] Enola: Solve for Rydberg stage 1430/1899.
[INFO] Enola: Solve for Rydberg stage 1431/1899.
[INFO] Enola: Solve for Rydberg stage 1432/1899.
[INFO] Enola: Solve for Rydberg stage 1433/1899.
[INFO] Enola: Solve for Rydberg stage 1434/1899.
[INFO] Enola: Solve for Rydberg stage 1435/1899.
[INFO] Enola: Solve for Rydberg stage 1436/1899.
[INFO] Enola: Solve for Rydberg stage 1437/1899.
[INFO] Enola: Solve for Rydberg stage 1438/1899.
[INFO] Enola: Solve for Rydberg stage 1439/1899.
[INFO] Enola: Solve for Rydberg stage 1440/1899.
[INFO] Enola: Solve for Rydberg stage 1441/1899.
[INFO] Enola: Solve for Rydberg stage 1442/1899.
[INFO] Enola: Solve for Rydberg stage 1443/1899.
[INFO] Enola: Solve for Rydberg stage 1444/1899.
[INFO] Enola: Solve for Rydberg stage 1445/1899.
[INFO] Enola: Solve for Rydberg stage 1446/1899.
[INFO] Enola: Solve for Rydberg stage 1447/1899.
[INFO] Enola: Solve for Rydberg stage 1448/1899.
[INFO] Enola: Solve for Rydberg stage 1449/1899.
[INFO] Enola: Solve for Rydberg stage 1450/1899.
[INFO] Enola: Solve for Rydberg stage 1451/1899.
[INFO] Enola: Solve for Rydberg stage 1452/1899.
[INFO] Enola: Solve for Rydberg stage 1453/1899.
[INFO] Enola: Solve for Rydberg stage 1454/1899.
[INFO] Enola: Solve for Rydberg stage 1455/1899.
[INFO] Enola: Solve for Rydberg stage 1456/1899.
[INFO] Enola: Solve for Rydberg stage 1457/1899.
[INFO] Enola: Solve for Rydberg stage 1458/1899.
[INFO] Enola: Solve for Rydberg stage 1459/1899.
[INFO] Enola: Solve for Rydberg stage 1460/1899.
[INFO] Enola: Solve for Rydberg stage 1461/1899.
[INFO] Enola: Solve for Rydberg stage 1462/1899.
[INFO] Enola: Solve for Rydberg stage 1463/1899.
[INFO] Enola: Solve for Rydberg stage 1464/1899.
[INFO] Enola: Solve for Rydberg stage 1465/1899.
[INFO] Enola: Solve for Rydberg stage 1466/1899.
[INFO] Enola: Solve for Rydberg stage 1467/1899.
[INFO] Enola: Solve for Rydberg stage 1468/1899.
[INFO] Enola: Solve for Rydberg stage 1469/1899.
[INFO] Enola: Solve for Rydberg stage 1470/1899.
[INFO] Enola: Solve for Rydberg stage 1471/1899.
[INFO] Enola: Solve for Rydberg stage 1472/1899.
[INFO] Enola: Solve for Rydberg stage 1473/1899.
[INFO] Enola: Solve for Rydberg stage 1474/1899.
[INFO] Enola: Solve for Rydberg stage 1475/1899.
[INFO] Enola: Solve for Rydberg stage 1476/1899.
[INFO] Enola: Solve for Rydberg stage 1477/1899.
[INFO] Enola: Solve for Rydberg stage 1478/1899.
[INFO] Enola: Solve for Rydberg stage 1479/1899.
[INFO] Enola: Solve for Rydberg stage 1480/1899.
[INFO] Enola: Solve for Rydberg stage 1481/1899.
[INFO] Enola: Solve for Rydberg stage 1482/1899.
[INFO] Enola: Solve for Rydberg stage 1483/1899.
[INFO] Enola: Solve for Rydberg stage 1484/1899.
[INFO] Enola: Solve for Rydberg stage 1485/1899.
[INFO] Enola: Solve for Rydberg stage 1486/1899.
[INFO] Enola: Solve for Rydberg stage 1487/1899.
[INFO] Enola: Solve for Rydberg stage 1488/1899.
[INFO] Enola: Solve for Rydberg stage 1489/1899.
[INFO] Enola: Solve for Rydberg stage 1490/1899.
[INFO] Enola: Solve for Rydberg stage 1491/1899.
[INFO] Enola: Solve for Rydberg stage 1492/1899.
[INFO] Enola: Solve for Rydberg stage 1493/1899.
[INFO] Enola: Solve for Rydberg stage 1494/1899.
[INFO] Enola: Solve for Rydberg stage 1495/1899.
[INFO] Enola: Solve for Rydberg stage 1496/1899.
[INFO] Enola: Solve for Rydberg stage 1497/1899.
[INFO] Enola: Solve for Rydberg stage 1498/1899.
[INFO] Enola: Solve for Rydberg stage 1499/1899.
[INFO] Enola: Solve for Rydberg stage 1500/1899.
[INFO] Enola: Solve for Rydberg stage 1501/1899.
[INFO] Enola: Solve for Rydberg stage 1502/1899.
[INFO] Enola: Solve for Rydberg stage 1503/1899.
[INFO] Enola: Solve for Rydberg stage 1504/1899.
[INFO] Enola: Solve for Rydberg stage 1505/1899.
[INFO] Enola: Solve for Rydberg stage 1506/1899.
[INFO] Enola: Solve for Rydberg stage 1507/1899.
[INFO] Enola: Solve for Rydberg stage 1508/1899.
[INFO] Enola: Solve for Rydberg stage 1509/1899.
[INFO] Enola: Solve for Rydberg stage 1510/1899.
[INFO] Enola: Solve for Rydberg stage 1511/1899.
[INFO] Enola: Solve for Rydberg stage 1512/1899.
[INFO] Enola: Solve for Rydberg stage 1513/1899.
[INFO] Enola: Solve for Rydberg stage 1514/1899.
[INFO] Enola: Solve for Rydberg stage 1515/1899.
[INFO] Enola: Solve for Rydberg stage 1516/1899.
[INFO] Enola: Solve for Rydberg stage 1517/1899.
[INFO] Enola: Solve for Rydberg stage 1518/1899.
[INFO] Enola: Solve for Rydberg stage 1519/1899.
[INFO] Enola: Solve for Rydberg stage 1520/1899.
[INFO] Enola: Solve for Rydberg stage 1521/1899.
[INFO] Enola: Solve for Rydberg stage 1522/1899.
[INFO] Enola: Solve for Rydberg stage 1523/1899.
[INFO] Enola: Solve for Rydberg stage 1524/1899.
[INFO] Enola: Solve for Rydberg stage 1525/1899.
[INFO] Enola: Solve for Rydberg stage 1526/1899.
[INFO] Enola: Solve for Rydberg stage 1527/1899.
[INFO] Enola: Solve for Rydberg stage 1528/1899.
[INFO] Enola: Solve for Rydberg stage 1529/1899.
[INFO] Enola: Solve for Rydberg stage 1530/1899.
[INFO] Enola: Solve for Rydberg stage 1531/1899.
[INFO] Enola: Solve for Rydberg stage 1532/1899.
[INFO] Enola: Solve for Rydberg stage 1533/1899.
[INFO] Enola: Solve for Rydberg stage 1534/1899.
[INFO] Enola: Solve for Rydberg stage 1535/1899.
[INFO] Enola: Solve for Rydberg stage 1536/1899.
[INFO] Enola: Solve for Rydberg stage 1537/1899.
[INFO] Enola: Solve for Rydberg stage 1538/1899.
[INFO] Enola: Solve for Rydberg stage 1539/1899.
[INFO] Enola: Solve for Rydberg stage 1540/1899.
[INFO] Enola: Solve for Rydberg stage 1541/1899.
[INFO] Enola: Solve for Rydberg stage 1542/1899.
[INFO] Enola: Solve for Rydberg stage 1543/1899.
[INFO] Enola: Solve for Rydberg stage 1544/1899.
[INFO] Enola: Solve for Rydberg stage 1545/1899.
[INFO] Enola: Solve for Rydberg stage 1546/1899.
[INFO] Enola: Solve for Rydberg stage 1547/1899.
[INFO] Enola: Solve for Rydberg stage 1548/1899.
[INFO] Enola: Solve for Rydberg stage 1549/1899.
[INFO] Enola: Solve for Rydberg stage 1550/1899.
[INFO] Enola: Solve for Rydberg stage 1551/1899.
[INFO] Enola: Solve for Rydberg stage 1552/1899.
[INFO] Enola: Solve for Rydberg stage 1553/1899.
[INFO] Enola: Solve for Rydberg stage 1554/1899.
[INFO] Enola: Solve for Rydberg stage 1555/1899.
[INFO] Enola: Solve for Rydberg stage 1556/1899.
[INFO] Enola: Solve for Rydberg stage 1557/1899.
[INFO] Enola: Solve for Rydberg stage 1558/1899.
[INFO] Enola: Solve for Rydberg stage 1559/1899.
[INFO] Enola: Solve for Rydberg stage 1560/1899.
[INFO] Enola: Solve for Rydberg stage 1561/1899.
[INFO] Enola: Solve for Rydberg stage 1562/1899.
[INFO] Enola: Solve for Rydberg stage 1563/1899.
[INFO] Enola: Solve for Rydberg stage 1564/1899.
[INFO] Enola: Solve for Rydberg stage 1565/1899.
[INFO] Enola: Solve for Rydberg stage 1566/1899.
[INFO] Enola: Solve for Rydberg stage 1567/1899.
[INFO] Enola: Solve for Rydberg stage 1568/1899.
[INFO] Enola: Solve for Rydberg stage 1569/1899.
[INFO] Enola: Solve for Rydberg stage 1570/1899.
[INFO] Enola: Solve for Rydberg stage 1571/1899.
[INFO] Enola: Solve for Rydberg stage 1572/1899.
[INFO] Enola: Solve for Rydberg stage 1573/1899.
[INFO] Enola: Solve for Rydberg stage 1574/1899.
[INFO] Enola: Solve for Rydberg stage 1575/1899.
[INFO] Enola: Solve for Rydberg stage 1576/1899.
[INFO] Enola: Solve for Rydberg stage 1577/1899.
[INFO] Enola: Solve for Rydberg stage 1578/1899.
[INFO] Enola: Solve for Rydberg stage 1579/1899.
[INFO] Enola: Solve for Rydberg stage 1580/1899.
[INFO] Enola: Solve for Rydberg stage 1581/1899.
[INFO] Enola: Solve for Rydberg stage 1582/1899.
[INFO] Enola: Solve for Rydberg stage 1583/1899.
[INFO] Enola: Solve for Rydberg stage 1584/1899.
[INFO] Enola: Solve for Rydberg stage 1585/1899.
[INFO] Enola: Solve for Rydberg stage 1586/1899.
[INFO] Enola: Solve for Rydberg stage 1587/1899.
[INFO] Enola: Solve for Rydberg stage 1588/1899.
[INFO] Enola: Solve for Rydberg stage 1589/1899.
[INFO] Enola: Solve for Rydberg stage 1590/1899.
[INFO] Enola: Solve for Rydberg stage 1591/1899.
[INFO] Enola: Solve for Rydberg stage 1592/1899.
[INFO] Enola: Solve for Rydberg stage 1593/1899.
[INFO] Enola: Solve for Rydberg stage 1594/1899.
[INFO] Enola: Solve for Rydberg stage 1595/1899.
[INFO] Enola: Solve for Rydberg stage 1596/1899.
[INFO] Enola: Solve for Rydberg stage 1597/1899.
[INFO] Enola: Solve for Rydberg stage 1598/1899.
[INFO] Enola: Solve for Rydberg stage 1599/1899.
[INFO] Enola: Solve for Rydberg stage 1600/1899.
[INFO] Enola: Solve for Rydberg stage 1601/1899.
[INFO] Enola: Solve for Rydberg stage 1602/1899.
[INFO] Enola: Solve for Rydberg stage 1603/1899.
[INFO] Enola: Solve for Rydberg stage 1604/1899.
[INFO] Enola: Solve for Rydberg stage 1605/1899.
[INFO] Enola: Solve for Rydberg stage 1606/1899.
[INFO] Enola: Solve for Rydberg stage 1607/1899.
[INFO] Enola: Solve for Rydberg stage 1608/1899.
[INFO] Enola: Solve for Rydberg stage 1609/1899.
[INFO] Enola: Solve for Rydberg stage 1610/1899.
[INFO] Enola: Solve for Rydberg stage 1611/1899.
[INFO] Enola: Solve for Rydberg stage 1612/1899.
[INFO] Enola: Solve for Rydberg stage 1613/1899.
[INFO] Enola: Solve for Rydberg stage 1614/1899.
[INFO] Enola: Solve for Rydberg stage 1615/1899.
[INFO] Enola: Solve for Rydberg stage 1616/1899.
[INFO] Enola: Solve for Rydberg stage 1617/1899.
[INFO] Enola: Solve for Rydberg stage 1618/1899.
[INFO] Enola: Solve for Rydberg stage 1619/1899.
[INFO] Enola: Solve for Rydberg stage 1620/1899.
[INFO] Enola: Solve for Rydberg stage 1621/1899.
[INFO] Enola: Solve for Rydberg stage 1622/1899.
[INFO] Enola: Solve for Rydberg stage 1623/1899.
[INFO] Enola: Solve for Rydberg stage 1624/1899.
[INFO] Enola: Solve for Rydberg stage 1625/1899.
[INFO] Enola: Solve for Rydberg stage 1626/1899.
[INFO] Enola: Solve for Rydberg stage 1627/1899.
[INFO] Enola: Solve for Rydberg stage 1628/1899.
[INFO] Enola: Solve for Rydberg stage 1629/1899.
[INFO] Enola: Solve for Rydberg stage 1630/1899.
[INFO] Enola: Solve for Rydberg stage 1631/1899.
[INFO] Enola: Solve for Rydberg stage 1632/1899.
[INFO] Enola: Solve for Rydberg stage 1633/1899.
[INFO] Enola: Solve for Rydberg stage 1634/1899.
[INFO] Enola: Solve for Rydberg stage 1635/1899.
[INFO] Enola: Solve for Rydberg stage 1636/1899.
[INFO] Enola: Solve for Rydberg stage 1637/1899.
[INFO] Enola: Solve for Rydberg stage 1638/1899.
[INFO] Enola: Solve for Rydberg stage 1639/1899.
[INFO] Enola: Solve for Rydberg stage 1640/1899.
[INFO] Enola: Solve for Rydberg stage 1641/1899.
[INFO] Enola: Solve for Rydberg stage 1642/1899.
[INFO] Enola: Solve for Rydberg stage 1643/1899.
[INFO] Enola: Solve for Rydberg stage 1644/1899.
[INFO] Enola: Solve for Rydberg stage 1645/1899.
[INFO] Enola: Solve for Rydberg stage 1646/1899.
[INFO] Enola: Solve for Rydberg stage 1647/1899.
[INFO] Enola: Solve for Rydberg stage 1648/1899.
[INFO] Enola: Solve for Rydberg stage 1649/1899.
[INFO] Enola: Solve for Rydberg stage 1650/1899.
[INFO] Enola: Solve for Rydberg stage 1651/1899.
[INFO] Enola: Solve for Rydberg stage 1652/1899.
[INFO] Enola: Solve for Rydberg stage 1653/1899.
[INFO] Enola: Solve for Rydberg stage 1654/1899.
[INFO] Enola: Solve for Rydberg stage 1655/1899.
[INFO] Enola: Solve for Rydberg stage 1656/1899.
[INFO] Enola: Solve for Rydberg stage 1657/1899.
[INFO] Enola: Solve for Rydberg stage 1658/1899.
[INFO] Enola: Solve for Rydberg stage 1659/1899.
[INFO] Enola: Solve for Rydberg stage 1660/1899.
[INFO] Enola: Solve for Rydberg stage 1661/1899.
[INFO] Enola: Solve for Rydberg stage 1662/1899.
[INFO] Enola: Solve for Rydberg stage 1663/1899.
[INFO] Enola: Solve for Rydberg stage 1664/1899.
[INFO] Enola: Solve for Rydberg stage 1665/1899.
[INFO] Enola: Solve for Rydberg stage 1666/1899.
[INFO] Enola: Solve for Rydberg stage 1667/1899.
[INFO] Enola: Solve for Rydberg stage 1668/1899.
[INFO] Enola: Solve for Rydberg stage 1669/1899.
[INFO] Enola: Solve for Rydberg stage 1670/1899.
[INFO] Enola: Solve for Rydberg stage 1671/1899.
[INFO] Enola: Solve for Rydberg stage 1672/1899.
[INFO] Enola: Solve for Rydberg stage 1673/1899.
[INFO] Enola: Solve for Rydberg stage 1674/1899.
[INFO] Enola: Solve for Rydberg stage 1675/1899.
[INFO] Enola: Solve for Rydberg stage 1676/1899.
[INFO] Enola: Solve for Rydberg stage 1677/1899.
[INFO] Enola: Solve for Rydberg stage 1678/1899.
[INFO] Enola: Solve for Rydberg stage 1679/1899.
[INFO] Enola: Solve for Rydberg stage 1680/1899.
[INFO] Enola: Solve for Rydberg stage 1681/1899.
[INFO] Enola: Solve for Rydberg stage 1682/1899.
[INFO] Enola: Solve for Rydberg stage 1683/1899.
[INFO] Enola: Solve for Rydberg stage 1684/1899.
[INFO] Enola: Solve for Rydberg stage 1685/1899.
[INFO] Enola: Solve for Rydberg stage 1686/1899.
[INFO] Enola: Solve for Rydberg stage 1687/1899.
[INFO] Enola: Solve for Rydberg stage 1688/1899.
[INFO] Enola: Solve for Rydberg stage 1689/1899.
[INFO] Enola: Solve for Rydberg stage 1690/1899.
[INFO] Enola: Solve for Rydberg stage 1691/1899.
[INFO] Enola: Solve for Rydberg stage 1692/1899.
[INFO] Enola: Solve for Rydberg stage 1693/1899.
[INFO] Enola: Solve for Rydberg stage 1694/1899.
[INFO] Enola: Solve for Rydberg stage 1695/1899.
[INFO] Enola: Solve for Rydberg stage 1696/1899.
[INFO] Enola: Solve for Rydberg stage 1697/1899.
[INFO] Enola: Solve for Rydberg stage 1698/1899.
[INFO] Enola: Solve for Rydberg stage 1699/1899.
[INFO] Enola: Solve for Rydberg stage 1700/1899.
[INFO] Enola: Solve for Rydberg stage 1701/1899.
[INFO] Enola: Solve for Rydberg stage 1702/1899.
[INFO] Enola: Solve for Rydberg stage 1703/1899.
[INFO] Enola: Solve for Rydberg stage 1704/1899.
[INFO] Enola: Solve for Rydberg stage 1705/1899.
[INFO] Enola: Solve for Rydberg stage 1706/1899.
[INFO] Enola: Solve for Rydberg stage 1707/1899.
[INFO] Enola: Solve for Rydberg stage 1708/1899.
[INFO] Enola: Solve for Rydberg stage 1709/1899.
[INFO] Enola: Solve for Rydberg stage 1710/1899.
[INFO] Enola: Solve for Rydberg stage 1711/1899.
[INFO] Enola: Solve for Rydberg stage 1712/1899.
[INFO] Enola: Solve for Rydberg stage 1713/1899.
[INFO] Enola: Solve for Rydberg stage 1714/1899.
[INFO] Enola: Solve for Rydberg stage 1715/1899.
[INFO] Enola: Solve for Rydberg stage 1716/1899.
[INFO] Enola: Solve for Rydberg stage 1717/1899.
[INFO] Enola: Solve for Rydberg stage 1718/1899.
[INFO] Enola: Solve for Rydberg stage 1719/1899.
[INFO] Enola: Solve for Rydberg stage 1720/1899.
[INFO] Enola: Solve for Rydberg stage 1721/1899.
[INFO] Enola: Solve for Rydberg stage 1722/1899.
[INFO] Enola: Solve for Rydberg stage 1723/1899.
[INFO] Enola: Solve for Rydberg stage 1724/1899.
[INFO] Enola: Solve for Rydberg stage 1725/1899.
[INFO] Enola: Solve for Rydberg stage 1726/1899.
[INFO] Enola: Solve for Rydberg stage 1727/1899.
[INFO] Enola: Solve for Rydberg stage 1728/1899.
[INFO] Enola: Solve for Rydberg stage 1729/1899.
[INFO] Enola: Solve for Rydberg stage 1730/1899.
[INFO] Enola: Solve for Rydberg stage 1731/1899.
[INFO] Enola: Solve for Rydberg stage 1732/1899.
[INFO] Enola: Solve for Rydberg stage 1733/1899.
[INFO] Enola: Solve for Rydberg stage 1734/1899.
[INFO] Enola: Solve for Rydberg stage 1735/1899.
[INFO] Enola: Solve for Rydberg stage 1736/1899.
[INFO] Enola: Solve for Rydberg stage 1737/1899.
[INFO] Enola: Solve for Rydberg stage 1738/1899.
[INFO] Enola: Solve for Rydberg stage 1739/1899.
[INFO] Enola: Solve for Rydberg stage 1740/1899.
[INFO] Enola: Solve for Rydberg stage 1741/1899.
[INFO] Enola: Solve for Rydberg stage 1742/1899.
[INFO] Enola: Solve for Rydberg stage 1743/1899.
[INFO] Enola: Solve for Rydberg stage 1744/1899.
[INFO] Enola: Solve for Rydberg stage 1745/1899.
[INFO] Enola: Solve for Rydberg stage 1746/1899.
[INFO] Enola: Solve for Rydberg stage 1747/1899.
[INFO] Enola: Solve for Rydberg stage 1748/1899.
[INFO] Enola: Solve for Rydberg stage 1749/1899.
[INFO] Enola: Solve for Rydberg stage 1750/1899.
[INFO] Enola: Solve for Rydberg stage 1751/1899.
[INFO] Enola: Solve for Rydberg stage 1752/1899.
[INFO] Enola: Solve for Rydberg stage 1753/1899.
[INFO] Enola: Solve for Rydberg stage 1754/1899.
[INFO] Enola: Solve for Rydberg stage 1755/1899.
[INFO] Enola: Solve for Rydberg stage 1756/1899.
[INFO] Enola: Solve for Rydberg stage 1757/1899.
[INFO] Enola: Solve for Rydberg stage 1758/1899.
[INFO] Enola: Solve for Rydberg stage 1759/1899.
[INFO] Enola: Solve for Rydberg stage 1760/1899.
[INFO] Enola: Solve for Rydberg stage 1761/1899.
[INFO] Enola: Solve for Rydberg stage 1762/1899.
[INFO] Enola: Solve for Rydberg stage 1763/1899.
[INFO] Enola: Solve for Rydberg stage 1764/1899.
[INFO] Enola: Solve for Rydberg stage 1765/1899.
[INFO] Enola: Solve for Rydberg stage 1766/1899.
[INFO] Enola: Solve for Rydberg stage 1767/1899.
[INFO] Enola: Solve for Rydberg stage 1768/1899.
[INFO] Enola: Solve for Rydberg stage 1769/1899.
[INFO] Enola: Solve for Rydberg stage 1770/1899.
[INFO] Enola: Solve for Rydberg stage 1771/1899.
[INFO] Enola: Solve for Rydberg stage 1772/1899.
[INFO] Enola: Solve for Rydberg stage 1773/1899.
[INFO] Enola: Solve for Rydberg stage 1774/1899.
[INFO] Enola: Solve for Rydberg stage 1775/1899.
[INFO] Enola: Solve for Rydberg stage 1776/1899.
[INFO] Enola: Solve for Rydberg stage 1777/1899.
[INFO] Enola: Solve for Rydberg stage 1778/1899.
[INFO] Enola: Solve for Rydberg stage 1779/1899.
[INFO] Enola: Solve for Rydberg stage 1780/1899.
[INFO] Enola: Solve for Rydberg stage 1781/1899.
[INFO] Enola: Solve for Rydberg stage 1782/1899.
[INFO] Enola: Solve for Rydberg stage 1783/1899.
[INFO] Enola: Solve for Rydberg stage 1784/1899.
[INFO] Enola: Solve for Rydberg stage 1785/1899.
[INFO] Enola: Solve for Rydberg stage 1786/1899.
[INFO] Enola: Solve for Rydberg stage 1787/1899.
[INFO] Enola: Solve for Rydberg stage 1788/1899.
[INFO] Enola: Solve for Rydberg stage 1789/1899.
[INFO] Enola: Solve for Rydberg stage 1790/1899.
[INFO] Enola: Solve for Rydberg stage 1791/1899.
[INFO] Enola: Solve for Rydberg stage 1792/1899.
[INFO] Enola: Solve for Rydberg stage 1793/1899.
[INFO] Enola: Solve for Rydberg stage 1794/1899.
[INFO] Enola: Solve for Rydberg stage 1795/1899.
[INFO] Enola: Solve for Rydberg stage 1796/1899.
[INFO] Enola: Solve for Rydberg stage 1797/1899.
[INFO] Enola: Solve for Rydberg stage 1798/1899.
[INFO] Enola: Solve for Rydberg stage 1799/1899.
[INFO] Enola: Solve for Rydberg stage 1800/1899.
[INFO] Enola: Solve for Rydberg stage 1801/1899.
[INFO] Enola: Solve for Rydberg stage 1802/1899.
[INFO] Enola: Solve for Rydberg stage 1803/1899.
[INFO] Enola: Solve for Rydberg stage 1804/1899.
[INFO] Enola: Solve for Rydberg stage 1805/1899.
[INFO] Enola: Solve for Rydberg stage 1806/1899.
[INFO] Enola: Solve for Rydberg stage 1807/1899.
[INFO] Enola: Solve for Rydberg stage 1808/1899.
[INFO] Enola: Solve for Rydberg stage 1809/1899.
[INFO] Enola: Solve for Rydberg stage 1810/1899.
[INFO] Enola: Solve for Rydberg stage 1811/1899.
[INFO] Enola: Solve for Rydberg stage 1812/1899.
[INFO] Enola: Solve for Rydberg stage 1813/1899.
[INFO] Enola: Solve for Rydberg stage 1814/1899.
[INFO] Enola: Solve for Rydberg stage 1815/1899.
[INFO] Enola: Solve for Rydberg stage 1816/1899.
[INFO] Enola: Solve for Rydberg stage 1817/1899.
[INFO] Enola: Solve for Rydberg stage 1818/1899.
[INFO] Enola: Solve for Rydberg stage 1819/1899.
[INFO] Enola: Solve for Rydberg stage 1820/1899.
[INFO] Enola: Solve for Rydberg stage 1821/1899.
[INFO] Enola: Solve for Rydberg stage 1822/1899.
[INFO] Enola: Solve for Rydberg stage 1823/1899.
[INFO] Enola: Solve for Rydberg stage 1824/1899.
[INFO] Enola: Solve for Rydberg stage 1825/1899.
[INFO] Enola: Solve for Rydberg stage 1826/1899.
[INFO] Enola: Solve for Rydberg stage 1827/1899.
[INFO] Enola: Solve for Rydberg stage 1828/1899.
[INFO] Enola: Solve for Rydberg stage 1829/1899.
[INFO] Enola: Solve for Rydberg stage 1830/1899.
[INFO] Enola: Solve for Rydberg stage 1831/1899.
[INFO] Enola: Solve for Rydberg stage 1832/1899.
[INFO] Enola: Solve for Rydberg stage 1833/1899.
[INFO] Enola: Solve for Rydberg stage 1834/1899.
[INFO] Enola: Solve for Rydberg stage 1835/1899.
[INFO] Enola: Solve for Rydberg stage 1836/1899.
[INFO] Enola: Solve for Rydberg stage 1837/1899.
[INFO] Enola: Solve for Rydberg stage 1838/1899.
[INFO] Enola: Solve for Rydberg stage 1839/1899.
[INFO] Enola: Solve for Rydberg stage 1840/1899.
[INFO] Enola: Solve for Rydberg stage 1841/1899.
[INFO] Enola: Solve for Rydberg stage 1842/1899.
[INFO] Enola: Solve for Rydberg stage 1843/1899.
[INFO] Enola: Solve for Rydberg stage 1844/1899.
[INFO] Enola: Solve for Rydberg stage 1845/1899.
[INFO] Enola: Solve for Rydberg stage 1846/1899.
[INFO] Enola: Solve for Rydberg stage 1847/1899.
[INFO] Enola: Solve for Rydberg stage 1848/1899.
[INFO] Enola: Solve for Rydberg stage 1849/1899.
[INFO] Enola: Solve for Rydberg stage 1850/1899.
[INFO] Enola: Solve for Rydberg stage 1851/1899.
[INFO] Enola: Solve for Rydberg stage 1852/1899.
[INFO] Enola: Solve for Rydberg stage 1853/1899.
[INFO] Enola: Solve for Rydberg stage 1854/1899.
[INFO] Enola: Solve for Rydberg stage 1855/1899.
[INFO] Enola: Solve for Rydberg stage 1856/1899.
[INFO] Enola: Solve for Rydberg stage 1857/1899.
[INFO] Enola: Solve for Rydberg stage 1858/1899.
[INFO] Enola: Solve for Rydberg stage 1859/1899.
[INFO] Enola: Solve for Rydberg stage 1860/1899.
[INFO] Enola: Solve for Rydberg stage 1861/1899.
[INFO] Enola: Solve for Rydberg stage 1862/1899.
[INFO] Enola: Solve for Rydberg stage 1863/1899.
[INFO] Enola: Solve for Rydberg stage 1864/1899.
[INFO] Enola: Solve for Rydberg stage 1865/1899.
[INFO] Enola: Solve for Rydberg stage 1866/1899.
[INFO] Enola: Solve for Rydberg stage 1867/1899.
[INFO] Enola: Solve for Rydberg stage 1868/1899.
[INFO] Enola: Solve for Rydberg stage 1869/1899.
[INFO] Enola: Solve for Rydberg stage 1870/1899.
[INFO] Enola: Solve for Rydberg stage 1871/1899.
[INFO] Enola: Solve for Rydberg stage 1872/1899.
[INFO] Enola: Solve for Rydberg stage 1873/1899.
[INFO] Enola: Solve for Rydberg stage 1874/1899.
[INFO] Enola: Solve for Rydberg stage 1875/1899.
[INFO] Enola: Solve for Rydberg stage 1876/1899.
[INFO] Enola: Solve for Rydberg stage 1877/1899.
[INFO] Enola: Solve for Rydberg stage 1878/1899.
[INFO] Enola: Solve for Rydberg stage 1879/1899.
[INFO] Enola: Solve for Rydberg stage 1880/1899.
[INFO] Enola: Solve for Rydberg stage 1881/1899.
[INFO] Enola: Solve for Rydberg stage 1882/1899.
[INFO] Enola: Solve for Rydberg stage 1883/1899.
[INFO] Enola: Solve for Rydberg stage 1884/1899.
[INFO] Enola: Solve for Rydberg stage 1885/1899.
[INFO] Enola: Solve for Rydberg stage 1886/1899.
[INFO] Enola: Solve for Rydberg stage 1887/1899.
[INFO] Enola: Solve for Rydberg stage 1888/1899.
[INFO] Enola: Solve for Rydberg stage 1889/1899.
[INFO] Enola: Solve for Rydberg stage 1890/1899.
[INFO] Enola: Solve for Rydberg stage 1891/1899.
[INFO] Enola: Solve for Rydberg stage 1892/1899.
[INFO] Enola: Solve for Rydberg stage 1893/1899.
[INFO] Enola: Solve for Rydberg stage 1894/1899.
[INFO] Enola: Solve for Rydberg stage 1895/1899.
[INFO] Enola: Solve for Rydberg stage 1896/1899.
[INFO] Enola: Solve for Rydberg stage 1897/1899.
[INFO] Enola: Solve for Rydberg stage 1898/1899.
[INFO] Enola: Solve for Rydberg stage 1899/1899.
[INFO] Enola: Solve for Rydberg stage 1900/1899.
[INFO] Enola: Time for routing: 1.039839506149292s
[INFO] Enola: Total Time: 67.20374703407288s
Compilation successful.

2026-03-25 19:08:23,517 - BenchmarkManager - INFO - enola (run 1/1) - Running /u/halle/heiz/home_at/BachelorProject/benchmarks/uuf_50-250_fix10/uuf200-010.qasm
2026-03-25 19:09:58,392 - Compiler.enola - INFO - STDOUT:
[INFO] Enola: Start Solving
[INFO] Enola: Run scheduling
[INFO] Enola: Time for scheduling: 0.0026803016662597656s
300
[INFO] Enola: Time for placement: 2.2649765014648438e-05s
[INFO] Enola: Solve for Rydberg stage 2/2372.
[INFO] Enola: Solve for Rydberg stage 3/2372.
[INFO] Enola: Solve for Rydberg stage 4/2372.
[INFO] Enola: Solve for Rydberg stage 5/2372.
[INFO] Enola: Solve for Rydberg stage 6/2372.
[INFO] Enola: Solve for Rydberg stage 7/2372.
[INFO] Enola: Solve for Rydberg stage 8/2372.
[INFO] Enola: Solve for Rydberg stage 9/2372.
[INFO] Enola: Solve for Rydberg stage 10/2372.
[INFO] Enola: Solve for Rydberg stage 11/2372.
[INFO] Enola: Solve for Rydberg stage 12/2372.
[INFO] Enola: Solve for Rydberg stage 13/2372.
[INFO] Enola: Solve for Rydberg stage 14/2372.
[INFO] Enola: Solve for Rydberg stage 15/2372.
[INFO] Enola: Solve for Rydberg stage 16/2372.
[INFO] Enola: Solve for Rydberg stage 17/2372.
[INFO] Enola: Solve for Rydberg stage 18/2372.
[INFO] Enola: Solve for Rydberg stage 19/2372.
[INFO] Enola: Solve for Rydberg stage 20/2372.
[INFO] Enola: Solve for Rydberg stage 21/2372.
[INFO] Enola: Solve for Rydberg stage 22/2372.
[INFO] Enola: Solve for Rydberg stage 23/2372.
[INFO] Enola: Solve for Rydberg stage 24/2372.
[INFO] Enola: Solve for Rydberg stage 25/2372.
[INFO] Enola: Solve for Rydberg stage 26/2372.
[INFO] Enola: Solve for Rydberg stage 27/2372.
[INFO] Enola: Solve for Rydberg stage 28/2372.
[INFO] Enola: Solve for Rydberg stage 29/2372.
[INFO] Enola: Solve for Rydberg stage 30/2372.
[INFO] Enola: Solve for Rydberg stage 31/2372.
[INFO] Enola: Solve for Rydberg stage 32/2372.
[INFO] Enola: Solve for Rydberg stage 33/2372.
[INFO] Enola: Solve for Rydberg stage 34/2372.
[INFO] Enola: Solve for Rydberg stage 35/2372.
[INFO] Enola: Solve for Rydberg stage 36/2372.
[INFO] Enola: Solve for Rydberg stage 37/2372.
[INFO] Enola: Solve for Rydberg stage 38/2372.
[INFO] Enola: Solve for Rydberg stage 39/2372.
[INFO] Enola: Solve for Rydberg stage 40/2372.
[INFO] Enola: Solve for Rydberg stage 41/2372.
[INFO] Enola: Solve for Rydberg stage 42/2372.
[INFO] Enola: Solve for Rydberg stage 43/2372.
[INFO] Enola: Solve for Rydberg stage 44/2372.
[INFO] Enola: Solve for Rydberg stage 45/2372.
[INFO] Enola: Solve for Rydberg stage 46/2372.
[INFO] Enola: Solve for Rydberg stage 47/2372.
[INFO] Enola: Solve for Rydberg stage 48/2372.
[INFO] Enola: Solve for Rydberg stage 49/2372.
[INFO] Enola: Solve for Rydberg stage 50/2372.
[INFO] Enola: Solve for Rydberg stage 51/2372.
[INFO] Enola: Solve for Rydberg stage 52/2372.
[INFO] Enola: Solve for Rydberg stage 53/2372.
[INFO] Enola: Solve for Rydberg stage 54/2372.
[INFO] Enola: Solve for Rydberg stage 55/2372.
[INFO] Enola: Solve for Rydberg stage 56/2372.
[INFO] Enola: Solve for Rydberg stage 57/2372.
[INFO] Enola: Solve for Rydberg stage 58/2372.
[INFO] Enola: Solve for Rydberg stage 59/2372.
[INFO] Enola: Solve for Rydberg stage 60/2372.
[INFO] Enola: Solve for Rydberg stage 61/2372.
[INFO] Enola: Solve for Rydberg stage 62/2372.
[INFO] Enola: Solve for Rydberg stage 63/2372.
[INFO] Enola: Solve for Rydberg stage 64/2372.
[INFO] Enola: Solve for Rydberg stage 65/2372.
[INFO] Enola: Solve for Rydberg stage 66/2372.
[INFO] Enola: Solve for Rydberg stage 67/2372.
[INFO] Enola: Solve for Rydberg stage 68/2372.
[INFO] Enola: Solve for Rydberg stage 69/2372.
[INFO] Enola: Solve for Rydberg stage 70/2372.
[INFO] Enola: Solve for Rydberg stage 71/2372.
[INFO] Enola: Solve for Rydberg stage 72/2372.
[INFO] Enola: Solve for Rydberg stage 73/2372.
[INFO] Enola: Solve for Rydberg stage 74/2372.
[INFO] Enola: Solve for Rydberg stage 75/2372.
[INFO] Enola: Solve for Rydberg stage 76/2372.
[INFO] Enola: Solve for Rydberg stage 77/2372.
[INFO] Enola: Solve for Rydberg stage 78/2372.
[INFO] Enola: Solve for Rydberg stage 79/2372.
[INFO] Enola: Solve for Rydberg stage 80/2372.
[INFO] Enola: Solve for Rydberg stage 81/2372.
[INFO] Enola: Solve for Rydberg stage 82/2372.
[INFO] Enola: Solve for Rydberg stage 83/2372.
[INFO] Enola: Solve for Rydberg stage 84/2372.
[INFO] Enola: Solve for Rydberg stage 85/2372.
[INFO] Enola: Solve for Rydberg stage 86/2372.
[INFO] Enola: Solve for Rydberg stage 87/2372.
[INFO] Enola: Solve for Rydberg stage 88/2372.
[INFO] Enola: Solve for Rydberg stage 89/2372.
[INFO] Enola: Solve for Rydberg stage 90/2372.
[INFO] Enola: Solve for Rydberg stage 91/2372.
[INFO] Enola: Solve for Rydberg stage 92/2372.
[INFO] Enola: Solve for Rydberg stage 93/2372.
[INFO] Enola: Solve for Rydberg stage 94/2372.
[INFO] Enola: Solve for Rydberg stage 95/2372.
[INFO] Enola: Solve for Rydberg stage 96/2372.
[INFO] Enola: Solve for Rydberg stage 97/2372.
[INFO] Enola: Solve for Rydberg stage 98/2372.
[INFO] Enola: Solve for Rydberg stage 99/2372.
[INFO] Enola: Solve for Rydberg stage 100/2372.
[INFO] Enola: Solve for Rydberg stage 101/2372.
[INFO] Enola: Solve for Rydberg stage 102/2372.
[INFO] Enola: Solve for Rydberg stage 103/2372.
[INFO] Enola: Solve for Rydberg stage 104/2372.
[INFO] Enola: Solve for Rydberg stage 105/2372.
[INFO] Enola: Solve for Rydberg stage 106/2372.
[INFO] Enola: Solve for Rydberg stage 107/2372.
[INFO] Enola: Solve for Rydberg stage 108/2372.
[INFO] Enola: Solve for Rydberg stage 109/2372.
[INFO] Enola: Solve for Rydberg stage 110/2372.
[INFO] Enola: Solve for Rydberg stage 111/2372.
[INFO] Enola: Solve for Rydberg stage 112/2372.
[INFO] Enola: Solve for Rydberg stage 113/2372.
[INFO] Enola: Solve for Rydberg stage 114/2372.
[INFO] Enola: Solve for Rydberg stage 115/2372.
[INFO] Enola: Solve for Rydberg stage 116/2372.
[INFO] Enola: Solve for Rydberg stage 117/2372.
[INFO] Enola: Solve for Rydberg stage 118/2372.
[INFO] Enola: Solve for Rydberg stage 119/2372.
[INFO] Enola: Solve for Rydberg stage 120/2372.
[INFO] Enola: Solve for Rydberg stage 121/2372.
[INFO] Enola: Solve for Rydberg stage 122/2372.
[INFO] Enola: Solve for Rydberg stage 123/2372.
[INFO] Enola: Solve for Rydberg stage 124/2372.
[INFO] Enola: Solve for Rydberg stage 125/2372.
[INFO] Enola: Solve for Rydberg stage 126/2372.
[INFO] Enola: Solve for Rydberg stage 127/2372.
[INFO] Enola: Solve for Rydberg stage 128/2372.
[INFO] Enola: Solve for Rydberg stage 129/2372.
[INFO] Enola: Solve for Rydberg stage 130/2372.
[INFO] Enola: Solve for Rydberg stage 131/2372.
[INFO] Enola: Solve for Rydberg stage 132/2372.
[INFO] Enola: Solve for Rydberg stage 133/2372.
[INFO] Enola: Solve for Rydberg stage 134/2372.
[INFO] Enola: Solve for Rydberg stage 135/2372.
[INFO] Enola: Solve for Rydberg stage 136/2372.
[INFO] Enola: Solve for Rydberg stage 137/2372.
[INFO] Enola: Solve for Rydberg stage 138/2372.
[INFO] Enola: Solve for Rydberg stage 139/2372.
[INFO] Enola: Solve for Rydberg stage 140/2372.
[INFO] Enola: Solve for Rydberg stage 141/2372.
[INFO] Enola: Solve for Rydberg stage 142/2372.
[INFO] Enola: Solve for Rydberg stage 143/2372.
[INFO] Enola: Solve for Rydberg stage 144/2372.
[INFO] Enola: Solve for Rydberg stage 145/2372.
[INFO] Enola: Solve for Rydberg stage 146/2372.
[INFO] Enola: Solve for Rydberg stage 147/2372.
[INFO] Enola: Solve for Rydberg stage 148/2372.
[INFO] Enola: Solve for Rydberg stage 149/2372.
[INFO] Enola: Solve for Rydberg stage 150/2372.
[INFO] Enola: Solve for Rydberg stage 151/2372.
[INFO] Enola: Solve for Rydberg stage 152/2372.
[INFO] Enola: Solve for Rydberg stage 153/2372.
[INFO] Enola: Solve for Rydberg stage 154/2372.
[INFO] Enola: Solve for Rydberg stage 155/2372.
[INFO] Enola: Solve for Rydberg stage 156/2372.
[INFO] Enola: Solve for Rydberg stage 157/2372.
[INFO] Enola: Solve for Rydberg stage 158/2372.
[INFO] Enola: Solve for Rydberg stage 159/2372.
[INFO] Enola: Solve for Rydberg stage 160/2372.
[INFO] Enola: Solve for Rydberg stage 161/2372.
[INFO] Enola: Solve for Rydberg stage 162/2372.
[INFO] Enola: Solve for Rydberg stage 163/2372.
[INFO] Enola: Solve for Rydberg stage 164/2372.
[INFO] Enola: Solve for Rydberg stage 165/2372.
[INFO] Enola: Solve for Rydberg stage 166/2372.
[INFO] Enola: Solve for Rydberg stage 167/2372.
[INFO] Enola: Solve for Rydberg stage 168/2372.
[INFO] Enola: Solve for Rydberg stage 169/2372.
[INFO] Enola: Solve for Rydberg stage 170/2372.
[INFO] Enola: Solve for Rydberg stage 171/2372.
[INFO] Enola: Solve for Rydberg stage 172/2372.
[INFO] Enola: Solve for Rydberg stage 173/2372.
[INFO] Enola: Solve for Rydberg stage 174/2372.
[INFO] Enola: Solve for Rydberg stage 175/2372.
[INFO] Enola: Solve for Rydberg stage 176/2372.
[INFO] Enola: Solve for Rydberg stage 177/2372.
[INFO] Enola: Solve for Rydberg stage 178/2372.
[INFO] Enola: Solve for Rydberg stage 179/2372.
[INFO] Enola: Solve for Rydberg stage 180/2372.
[INFO] Enola: Solve for Rydberg stage 181/2372.
[INFO] Enola: Solve for Rydberg stage 182/2372.
[INFO] Enola: Solve for Rydberg stage 183/2372.
[INFO] Enola: Solve for Rydberg stage 184/2372.
[INFO] Enola: Solve for Rydberg stage 185/2372.
[INFO] Enola: Solve for Rydberg stage 186/2372.
[INFO] Enola: Solve for Rydberg stage 187/2372.
[INFO] Enola: Solve for Rydberg stage 188/2372.
[INFO] Enola: Solve for Rydberg stage 189/2372.
[INFO] Enola: Solve for Rydberg stage 190/2372.
[INFO] Enola: Solve for Rydberg stage 191/2372.
[INFO] Enola: Solve for Rydberg stage 192/2372.
[INFO] Enola: Solve for Rydberg stage 193/2372.
[INFO] Enola: Solve for Rydberg stage 194/2372.
[INFO] Enola: Solve for Rydberg stage 195/2372.
[INFO] Enola: Solve for Rydberg stage 196/2372.
[INFO] Enola: Solve for Rydberg stage 197/2372.
[INFO] Enola: Solve for Rydberg stage 198/2372.
[INFO] Enola: Solve for Rydberg stage 199/2372.
[INFO] Enola: Solve for Rydberg stage 200/2372.
[INFO] Enola: Solve for Rydberg stage 201/2372.
[INFO] Enola: Solve for Rydberg stage 202/2372.
[INFO] Enola: Solve for Rydberg stage 203/2372.
[INFO] Enola: Solve for Rydberg stage 204/2372.
[INFO] Enola: Solve for Rydberg stage 205/2372.
[INFO] Enola: Solve for Rydberg stage 206/2372.
[INFO] Enola: Solve for Rydberg stage 207/2372.
[INFO] Enola: Solve for Rydberg stage 208/2372.
[INFO] Enola: Solve for Rydberg stage 209/2372.
[INFO] Enola: Solve for Rydberg stage 210/2372.
[INFO] Enola: Solve for Rydberg stage 211/2372.
[INFO] Enola: Solve for Rydberg stage 212/2372.
[INFO] Enola: Solve for Rydberg stage 213/2372.
[INFO] Enola: Solve for Rydberg stage 214/2372.
[INFO] Enola: Solve for Rydberg stage 215/2372.
[INFO] Enola: Solve for Rydberg stage 216/2372.
[INFO] Enola: Solve for Rydberg stage 217/2372.
[INFO] Enola: Solve for Rydberg stage 218/2372.
[INFO] Enola: Solve for Rydberg stage 219/2372.
[INFO] Enola: Solve for Rydberg stage 220/2372.
[INFO] Enola: Solve for Rydberg stage 221/2372.
[INFO] Enola: Solve for Rydberg stage 222/2372.
[INFO] Enola: Solve for Rydberg stage 223/2372.
[INFO] Enola: Solve for Rydberg stage 224/2372.
[INFO] Enola: Solve for Rydberg stage 225/2372.
[INFO] Enola: Solve for Rydberg stage 226/2372.
[INFO] Enola: Solve for Rydberg stage 227/2372.
[INFO] Enola: Solve for Rydberg stage 228/2372.
[INFO] Enola: Solve for Rydberg stage 229/2372.
[INFO] Enola: Solve for Rydberg stage 230/2372.
[INFO] Enola: Solve for Rydberg stage 231/2372.
[INFO] Enola: Solve for Rydberg stage 232/2372.
[INFO] Enola: Solve for Rydberg stage 233/2372.
[INFO] Enola: Solve for Rydberg stage 234/2372.
[INFO] Enola: Solve for Rydberg stage 235/2372.
[INFO] Enola: Solve for Rydberg stage 236/2372.
[INFO] Enola: Solve for Rydberg stage 237/2372.
[INFO] Enola: Solve for Rydberg stage 238/2372.
[INFO] Enola: Solve for Rydberg stage 239/2372.
[INFO] Enola: Solve for Rydberg stage 240/2372.
[INFO] Enola: Solve for Rydberg stage 241/2372.
[INFO] Enola: Solve for Rydberg stage 242/2372.
[INFO] Enola: Solve for Rydberg stage 243/2372.
[INFO] Enola: Solve for Rydberg stage 244/2372.
[INFO] Enola: Solve for Rydberg stage 245/2372.
[INFO] Enola: Solve for Rydberg stage 246/2372.
[INFO] Enola: Solve for Rydberg stage 247/2372.
[INFO] Enola: Solve for Rydberg stage 248/2372.
[INFO] Enola: Solve for Rydberg stage 249/2372.
[INFO] Enola: Solve for Rydberg stage 250/2372.
[INFO] Enola: Solve for Rydberg stage 251/2372.
[INFO] Enola: Solve for Rydberg stage 252/2372.
[INFO] Enola: Solve for Rydberg stage 253/2372.
[INFO] Enola: Solve for Rydberg stage 254/2372.
[INFO] Enola: Solve for Rydberg stage 255/2372.
[INFO] Enola: Solve for Rydberg stage 256/2372.
[INFO] Enola: Solve for Rydberg stage 257/2372.
[INFO] Enola: Solve for Rydberg stage 258/2372.
[INFO] Enola: Solve for Rydberg stage 259/2372.
[INFO] Enola: Solve for Rydberg stage 260/2372.
[INFO] Enola: Solve for Rydberg stage 261/2372.
[INFO] Enola: Solve for Rydberg stage 262/2372.
[INFO] Enola: Solve for Rydberg stage 263/2372.
[INFO] Enola: Solve for Rydberg stage 264/2372.
[INFO] Enola: Solve for Rydberg stage 265/2372.
[INFO] Enola: Solve for Rydberg stage 266/2372.
[INFO] Enola: Solve for Rydberg stage 267/2372.
[INFO] Enola: Solve for Rydberg stage 268/2372.
[INFO] Enola: Solve for Rydberg stage 269/2372.
[INFO] Enola: Solve for Rydberg stage 270/2372.
[INFO] Enola: Solve for Rydberg stage 271/2372.
[INFO] Enola: Solve for Rydberg stage 272/2372.
[INFO] Enola: Solve for Rydberg stage 273/2372.
[INFO] Enola: Solve for Rydberg stage 274/2372.
[INFO] Enola: Solve for Rydberg stage 275/2372.
[INFO] Enola: Solve for Rydberg stage 276/2372.
[INFO] Enola: Solve for Rydberg stage 277/2372.
[INFO] Enola: Solve for Rydberg stage 278/2372.
[INFO] Enola: Solve for Rydberg stage 279/2372.
[INFO] Enola: Solve for Rydberg stage 280/2372.
[INFO] Enola: Solve for Rydberg stage 281/2372.
[INFO] Enola: Solve for Rydberg stage 282/2372.
[INFO] Enola: Solve for Rydberg stage 283/2372.
[INFO] Enola: Solve for Rydberg stage 284/2372.
[INFO] Enola: Solve for Rydberg stage 285/2372.
[INFO] Enola: Solve for Rydberg stage 286/2372.
[INFO] Enola: Solve for Rydberg stage 287/2372.
[INFO] Enola: Solve for Rydberg stage 288/2372.
[INFO] Enola: Solve for Rydberg stage 289/2372.
[INFO] Enola: Solve for Rydberg stage 290/2372.
[INFO] Enola: Solve for Rydberg stage 291/2372.
[INFO] Enola: Solve for Rydberg stage 292/2372.
[INFO] Enola: Solve for Rydberg stage 293/2372.
[INFO] Enola: Solve for Rydberg stage 294/2372.
[INFO] Enola: Solve for Rydberg stage 295/2372.
[INFO] Enola: Solve for Rydberg stage 296/2372.
[INFO] Enola: Solve for Rydberg stage 297/2372.
[INFO] Enola: Solve for Rydberg stage 298/2372.
[INFO] Enola: Solve for Rydberg stage 299/2372.
[INFO] Enola: Solve for Rydberg stage 300/2372.
[INFO] Enola: Solve for Rydberg stage 301/2372.
[INFO] Enola: Solve for Rydberg stage 302/2372.
[INFO] Enola: Solve for Rydberg stage 303/2372.
[INFO] Enola: Solve for Rydberg stage 304/2372.
[INFO] Enola: Solve for Rydberg stage 305/2372.
[INFO] Enola: Solve for Rydberg stage 306/2372.
[INFO] Enola: Solve for Rydberg stage 307/2372.
[INFO] Enola: Solve for Rydberg stage 308/2372.
[INFO] Enola: Solve for Rydberg stage 309/2372.
[INFO] Enola: Solve for Rydberg stage 310/2372.
[INFO] Enola: Solve for Rydberg stage 311/2372.
[INFO] Enola: Solve for Rydberg stage 312/2372.
[INFO] Enola: Solve for Rydberg stage 313/2372.
[INFO] Enola: Solve for Rydberg stage 314/2372.
[INFO] Enola: Solve for Rydberg stage 315/2372.
[INFO] Enola: Solve for Rydberg stage 316/2372.
[INFO] Enola: Solve for Rydberg stage 317/2372.
[INFO] Enola: Solve for Rydberg stage 318/2372.
[INFO] Enola: Solve for Rydberg stage 319/2372.
[INFO] Enola: Solve for Rydberg stage 320/2372.
[INFO] Enola: Solve for Rydberg stage 321/2372.
[INFO] Enola: Solve for Rydberg stage 322/2372.
[INFO] Enola: Solve for Rydberg stage 323/2372.
[INFO] Enola: Solve for Rydberg stage 324/2372.
[INFO] Enola: Solve for Rydberg stage 325/2372.
[INFO] Enola: Solve for Rydberg stage 326/2372.
[INFO] Enola: Solve for Rydberg stage 327/2372.
[INFO] Enola: Solve for Rydberg stage 328/2372.
[INFO] Enola: Solve for Rydberg stage 329/2372.
[INFO] Enola: Solve for Rydberg stage 330/2372.
[INFO] Enola: Solve for Rydberg stage 331/2372.
[INFO] Enola: Solve for Rydberg stage 332/2372.
[INFO] Enola: Solve for Rydberg stage 333/2372.
[INFO] Enola: Solve for Rydberg stage 334/2372.
[INFO] Enola: Solve for Rydberg stage 335/2372.
[INFO] Enola: Solve for Rydberg stage 336/2372.
[INFO] Enola: Solve for Rydberg stage 337/2372.
[INFO] Enola: Solve for Rydberg stage 338/2372.
[INFO] Enola: Solve for Rydberg stage 339/2372.
[INFO] Enola: Solve for Rydberg stage 340/2372.
[INFO] Enola: Solve for Rydberg stage 341/2372.
[INFO] Enola: Solve for Rydberg stage 342/2372.
[INFO] Enola: Solve for Rydberg stage 343/2372.
[INFO] Enola: Solve for Rydberg stage 344/2372.
[INFO] Enola: Solve for Rydberg stage 345/2372.
[INFO] Enola: Solve for Rydberg stage 346/2372.
[INFO] Enola: Solve for Rydberg stage 347/2372.
[INFO] Enola: Solve for Rydberg stage 348/2372.
[INFO] Enola: Solve for Rydberg stage 349/2372.
[INFO] Enola: Solve for Rydberg stage 350/2372.
[INFO] Enola: Solve for Rydberg stage 351/2372.
[INFO] Enola: Solve for Rydberg stage 352/2372.
[INFO] Enola: Solve for Rydberg stage 353/2372.
[INFO] Enola: Solve for Rydberg stage 354/2372.
[INFO] Enola: Solve for Rydberg stage 355/2372.
[INFO] Enola: Solve for Rydberg stage 356/2372.
[INFO] Enola: Solve for Rydberg stage 357/2372.
[INFO] Enola: Solve for Rydberg stage 358/2372.
[INFO] Enola: Solve for Rydberg stage 359/2372.
[INFO] Enola: Solve for Rydberg stage 360/2372.
[INFO] Enola: Solve for Rydberg stage 361/2372.
[INFO] Enola: Solve for Rydberg stage 362/2372.
[INFO] Enola: Solve for Rydberg stage 363/2372.
[INFO] Enola: Solve for Rydberg stage 364/2372.
[INFO] Enola: Solve for Rydberg stage 365/2372.
[INFO] Enola: Solve for Rydberg stage 366/2372.
[INFO] Enola: Solve for Rydberg stage 367/2372.
[INFO] Enola: Solve for Rydberg stage 368/2372.
[INFO] Enola: Solve for Rydberg stage 369/2372.
[INFO] Enola: Solve for Rydberg stage 370/2372.
[INFO] Enola: Solve for Rydberg stage 371/2372.
[INFO] Enola: Solve for Rydberg stage 372/2372.
[INFO] Enola: Solve for Rydberg stage 373/2372.
[INFO] Enola: Solve for Rydberg stage 374/2372.
[INFO] Enola: Solve for Rydberg stage 375/2372.
[INFO] Enola: Solve for Rydberg stage 376/2372.
[INFO] Enola: Solve for Rydberg stage 377/2372.
[INFO] Enola: Solve for Rydberg stage 378/2372.
[INFO] Enola: Solve for Rydberg stage 379/2372.
[INFO] Enola: Solve for Rydberg stage 380/2372.
[INFO] Enola: Solve for Rydberg stage 381/2372.
[INFO] Enola: Solve for Rydberg stage 382/2372.
[INFO] Enola: Solve for Rydberg stage 383/2372.
[INFO] Enola: Solve for Rydberg stage 384/2372.
[INFO] Enola: Solve for Rydberg stage 385/2372.
[INFO] Enola: Solve for Rydberg stage 386/2372.
[INFO] Enola: Solve for Rydberg stage 387/2372.
[INFO] Enola: Solve for Rydberg stage 388/2372.
[INFO] Enola: Solve for Rydberg stage 389/2372.
[INFO] Enola: Solve for Rydberg stage 390/2372.
[INFO] Enola: Solve for Rydberg stage 391/2372.
[INFO] Enola: Solve for Rydberg stage 392/2372.
[INFO] Enola: Solve for Rydberg stage 393/2372.
[INFO] Enola: Solve for Rydberg stage 394/2372.
[INFO] Enola: Solve for Rydberg stage 395/2372.
[INFO] Enola: Solve for Rydberg stage 396/2372.
[INFO] Enola: Solve for Rydberg stage 397/2372.
[INFO] Enola: Solve for Rydberg stage 398/2372.
[INFO] Enola: Solve for Rydberg stage 399/2372.
[INFO] Enola: Solve for Rydberg stage 400/2372.
[INFO] Enola: Solve for Rydberg stage 401/2372.
[INFO] Enola: Solve for Rydberg stage 402/2372.
[INFO] Enola: Solve for Rydberg stage 403/2372.
[INFO] Enola: Solve for Rydberg stage 404/2372.
[INFO] Enola: Solve for Rydberg stage 405/2372.
[INFO] Enola: Solve for Rydberg stage 406/2372.
[INFO] Enola: Solve for Rydberg stage 407/2372.
[INFO] Enola: Solve for Rydberg stage 408/2372.
[INFO] Enola: Solve for Rydberg stage 409/2372.
[INFO] Enola: Solve for Rydberg stage 410/2372.
[INFO] Enola: Solve for Rydberg stage 411/2372.
[INFO] Enola: Solve for Rydberg stage 412/2372.
[INFO] Enola: Solve for Rydberg stage 413/2372.
[INFO] Enola: Solve for Rydberg stage 414/2372.
[INFO] Enola: Solve for Rydberg stage 415/2372.
[INFO] Enola: Solve for Rydberg stage 416/2372.
[INFO] Enola: Solve for Rydberg stage 417/2372.
[INFO] Enola: Solve for Rydberg stage 418/2372.
[INFO] Enola: Solve for Rydberg stage 419/2372.
[INFO] Enola: Solve for Rydberg stage 420/2372.
[INFO] Enola: Solve for Rydberg stage 421/2372.
[INFO] Enola: Solve for Rydberg stage 422/2372.
[INFO] Enola: Solve for Rydberg stage 423/2372.
[INFO] Enola: Solve for Rydberg stage 424/2372.
[INFO] Enola: Solve for Rydberg stage 425/2372.
[INFO] Enola: Solve for Rydberg stage 426/2372.
[INFO] Enola: Solve for Rydberg stage 427/2372.
[INFO] Enola: Solve for Rydberg stage 428/2372.
[INFO] Enola: Solve for Rydberg stage 429/2372.
[INFO] Enola: Solve for Rydberg stage 430/2372.
[INFO] Enola: Solve for Rydberg stage 431/2372.
[INFO] Enola: Solve for Rydberg stage 432/2372.
[INFO] Enola: Solve for Rydberg stage 433/2372.
[INFO] Enola: Solve for Rydberg stage 434/2372.
[INFO] Enola: Solve for Rydberg stage 435/2372.
[INFO] Enola: Solve for Rydberg stage 436/2372.
[INFO] Enola: Solve for Rydberg stage 437/2372.
[INFO] Enola: Solve for Rydberg stage 438/2372.
[INFO] Enola: Solve for Rydberg stage 439/2372.
[INFO] Enola: Solve for Rydberg stage 440/2372.
[INFO] Enola: Solve for Rydberg stage 441/2372.
[INFO] Enola: Solve for Rydberg stage 442/2372.
[INFO] Enola: Solve for Rydberg stage 443/2372.
[INFO] Enola: Solve for Rydberg stage 444/2372.
[INFO] Enola: Solve for Rydberg stage 445/2372.
[INFO] Enola: Solve for Rydberg stage 446/2372.
[INFO] Enola: Solve for Rydberg stage 447/2372.
[INFO] Enola: Solve for Rydberg stage 448/2372.
[INFO] Enola: Solve for Rydberg stage 449/2372.
[INFO] Enola: Solve for Rydberg stage 450/2372.
[INFO] Enola: Solve for Rydberg stage 451/2372.
[INFO] Enola: Solve for Rydberg stage 452/2372.
[INFO] Enola: Solve for Rydberg stage 453/2372.
[INFO] Enola: Solve for Rydberg stage 454/2372.
[INFO] Enola: Solve for Rydberg stage 455/2372.
[INFO] Enola: Solve for Rydberg stage 456/2372.
[INFO] Enola: Solve for Rydberg stage 457/2372.
[INFO] Enola: Solve for Rydberg stage 458/2372.
[INFO] Enola: Solve for Rydberg stage 459/2372.
[INFO] Enola: Solve for Rydberg stage 460/2372.
[INFO] Enola: Solve for Rydberg stage 461/2372.
[INFO] Enola: Solve for Rydberg stage 462/2372.
[INFO] Enola: Solve for Rydberg stage 463/2372.
[INFO] Enola: Solve for Rydberg stage 464/2372.
[INFO] Enola: Solve for Rydberg stage 465/2372.
[INFO] Enola: Solve for Rydberg stage 466/2372.
[INFO] Enola: Solve for Rydberg stage 467/2372.
[INFO] Enola: Solve for Rydberg stage 468/2372.
[INFO] Enola: Solve for Rydberg stage 469/2372.
[INFO] Enola: Solve for Rydberg stage 470/2372.
[INFO] Enola: Solve for Rydberg stage 471/2372.
[INFO] Enola: Solve for Rydberg stage 472/2372.
[INFO] Enola: Solve for Rydberg stage 473/2372.
[INFO] Enola: Solve for Rydberg stage 474/2372.
[INFO] Enola: Solve for Rydberg stage 475/2372.
[INFO] Enola: Solve for Rydberg stage 476/2372.
[INFO] Enola: Solve for Rydberg stage 477/2372.
[INFO] Enola: Solve for Rydberg stage 478/2372.
[INFO] Enola: Solve for Rydberg stage 479/2372.
[INFO] Enola: Solve for Rydberg stage 480/2372.
[INFO] Enola: Solve for Rydberg stage 481/2372.
[INFO] Enola: Solve for Rydberg stage 482/2372.
[INFO] Enola: Solve for Rydberg stage 483/2372.
[INFO] Enola: Solve for Rydberg stage 484/2372.
[INFO] Enola: Solve for Rydberg stage 485/2372.
[INFO] Enola: Solve for Rydberg stage 486/2372.
[INFO] Enola: Solve for Rydberg stage 487/2372.
[INFO] Enola: Solve for Rydberg stage 488/2372.
[INFO] Enola: Solve for Rydberg stage 489/2372.
[INFO] Enola: Solve for Rydberg stage 490/2372.
[INFO] Enola: Solve for Rydberg stage 491/2372.
[INFO] Enola: Solve for Rydberg stage 492/2372.
[INFO] Enola: Solve for Rydberg stage 493/2372.
[INFO] Enola: Solve for Rydberg stage 494/2372.
[INFO] Enola: Solve for Rydberg stage 495/2372.
[INFO] Enola: Solve for Rydberg stage 496/2372.
[INFO] Enola: Solve for Rydberg stage 497/2372.
[INFO] Enola: Solve for Rydberg stage 498/2372.
[INFO] Enola: Solve for Rydberg stage 499/2372.
[INFO] Enola: Solve for Rydberg stage 500/2372.
[INFO] Enola: Solve for Rydberg stage 501/2372.
[INFO] Enola: Solve for Rydberg stage 502/2372.
[INFO] Enola: Solve for Rydberg stage 503/2372.
[INFO] Enola: Solve for Rydberg stage 504/2372.
[INFO] Enola: Solve for Rydberg stage 505/2372.
[INFO] Enola: Solve for Rydberg stage 506/2372.
[INFO] Enola: Solve for Rydberg stage 507/2372.
[INFO] Enola: Solve for Rydberg stage 508/2372.
[INFO] Enola: Solve for Rydberg stage 509/2372.
[INFO] Enola: Solve for Rydberg stage 510/2372.
[INFO] Enola: Solve for Rydberg stage 511/2372.
[INFO] Enola: Solve for Rydberg stage 512/2372.
[INFO] Enola: Solve for Rydberg stage 513/2372.
[INFO] Enola: Solve for Rydberg stage 514/2372.
[INFO] Enola: Solve for Rydberg stage 515/2372.
[INFO] Enola: Solve for Rydberg stage 516/2372.
[INFO] Enola: Solve for Rydberg stage 517/2372.
[INFO] Enola: Solve for Rydberg stage 518/2372.
[INFO] Enola: Solve for Rydberg stage 519/2372.
[INFO] Enola: Solve for Rydberg stage 520/2372.
[INFO] Enola: Solve for Rydberg stage 521/2372.
[INFO] Enola: Solve for Rydberg stage 522/2372.
[INFO] Enola: Solve for Rydberg stage 523/2372.
[INFO] Enola: Solve for Rydberg stage 524/2372.
[INFO] Enola: Solve for Rydberg stage 525/2372.
[INFO] Enola: Solve for Rydberg stage 526/2372.
[INFO] Enola: Solve for Rydberg stage 527/2372.
[INFO] Enola: Solve for Rydberg stage 528/2372.
[INFO] Enola: Solve for Rydberg stage 529/2372.
[INFO] Enola: Solve for Rydberg stage 530/2372.
[INFO] Enola: Solve for Rydberg stage 531/2372.
[INFO] Enola: Solve for Rydberg stage 532/2372.
[INFO] Enola: Solve for Rydberg stage 533/2372.
[INFO] Enola: Solve for Rydberg stage 534/2372.
[INFO] Enola: Solve for Rydberg stage 535/2372.
[INFO] Enola: Solve for Rydberg stage 536/2372.
[INFO] Enola: Solve for Rydberg stage 537/2372.
[INFO] Enola: Solve for Rydberg stage 538/2372.
[INFO] Enola: Solve for Rydberg stage 539/2372.
[INFO] Enola: Solve for Rydberg stage 540/2372.
[INFO] Enola: Solve for Rydberg stage 541/2372.
[INFO] Enola: Solve for Rydberg stage 542/2372.
[INFO] Enola: Solve for Rydberg stage 543/2372.
[INFO] Enola: Solve for Rydberg stage 544/2372.
[INFO] Enola: Solve for Rydberg stage 545/2372.
[INFO] Enola: Solve for Rydberg stage 546/2372.
[INFO] Enola: Solve for Rydberg stage 547/2372.
[INFO] Enola: Solve for Rydberg stage 548/2372.
[INFO] Enola: Solve for Rydberg stage 549/2372.
[INFO] Enola: Solve for Rydberg stage 550/2372.
[INFO] Enola: Solve for Rydberg stage 551/2372.
[INFO] Enola: Solve for Rydberg stage 552/2372.
[INFO] Enola: Solve for Rydberg stage 553/2372.
[INFO] Enola: Solve for Rydberg stage 554/2372.
[INFO] Enola: Solve for Rydberg stage 555/2372.
[INFO] Enola: Solve for Rydberg stage 556/2372.
[INFO] Enola: Solve for Rydberg stage 557/2372.
[INFO] Enola: Solve for Rydberg stage 558/2372.
[INFO] Enola: Solve for Rydberg stage 559/2372.
[INFO] Enola: Solve for Rydberg stage 560/2372.
[INFO] Enola: Solve for Rydberg stage 561/2372.
[INFO] Enola: Solve for Rydberg stage 562/2372.
[INFO] Enola: Solve for Rydberg stage 563/2372.
[INFO] Enola: Solve for Rydberg stage 564/2372.
[INFO] Enola: Solve for Rydberg stage 565/2372.
[INFO] Enola: Solve for Rydberg stage 566/2372.
[INFO] Enola: Solve for Rydberg stage 567/2372.
[INFO] Enola: Solve for Rydberg stage 568/2372.
[INFO] Enola: Solve for Rydberg stage 569/2372.
[INFO] Enola: Solve for Rydberg stage 570/2372.
[INFO] Enola: Solve for Rydberg stage 571/2372.
[INFO] Enola: Solve for Rydberg stage 572/2372.
[INFO] Enola: Solve for Rydberg stage 573/2372.
[INFO] Enola: Solve for Rydberg stage 574/2372.
[INFO] Enola: Solve for Rydberg stage 575/2372.
[INFO] Enola: Solve for Rydberg stage 576/2372.
[INFO] Enola: Solve for Rydberg stage 577/2372.
[INFO] Enola: Solve for Rydberg stage 578/2372.
[INFO] Enola: Solve for Rydberg stage 579/2372.
[INFO] Enola: Solve for Rydberg stage 580/2372.
[INFO] Enola: Solve for Rydberg stage 581/2372.
[INFO] Enola: Solve for Rydberg stage 582/2372.
[INFO] Enola: Solve for Rydberg stage 583/2372.
[INFO] Enola: Solve for Rydberg stage 584/2372.
[INFO] Enola: Solve for Rydberg stage 585/2372.
[INFO] Enola: Solve for Rydberg stage 586/2372.
[INFO] Enola: Solve for Rydberg stage 587/2372.
[INFO] Enola: Solve for Rydberg stage 588/2372.
[INFO] Enola: Solve for Rydberg stage 589/2372.
[INFO] Enola: Solve for Rydberg stage 590/2372.
[INFO] Enola: Solve for Rydberg stage 591/2372.
[INFO] Enola: Solve for Rydberg stage 592/2372.
[INFO] Enola: Solve for Rydberg stage 593/2372.
[INFO] Enola: Solve for Rydberg stage 594/2372.
[INFO] Enola: Solve for Rydberg stage 595/2372.
[INFO] Enola: Solve for Rydberg stage 596/2372.
[INFO] Enola: Solve for Rydberg stage 597/2372.
[INFO] Enola: Solve for Rydberg stage 598/2372.
[INFO] Enola: Solve for Rydberg stage 599/2372.
[INFO] Enola: Solve for Rydberg stage 600/2372.
[INFO] Enola: Solve for Rydberg stage 601/2372.
[INFO] Enola: Solve for Rydberg stage 602/2372.
[INFO] Enola: Solve for Rydberg stage 603/2372.
[INFO] Enola: Solve for Rydberg stage 604/2372.
[INFO] Enola: Solve for Rydberg stage 605/2372.
[INFO] Enola: Solve for Rydberg stage 606/2372.
[INFO] Enola: Solve for Rydberg stage 607/2372.
[INFO] Enola: Solve for Rydberg stage 608/2372.
[INFO] Enola: Solve for Rydberg stage 609/2372.
[INFO] Enola: Solve for Rydberg stage 610/2372.
[INFO] Enola: Solve for Rydberg stage 611/2372.
[INFO] Enola: Solve for Rydberg stage 612/2372.
[INFO] Enola: Solve for Rydberg stage 613/2372.
[INFO] Enola: Solve for Rydberg stage 614/2372.
[INFO] Enola: Solve for Rydberg stage 615/2372.
[INFO] Enola: Solve for Rydberg stage 616/2372.
[INFO] Enola: Solve for Rydberg stage 617/2372.
[INFO] Enola: Solve for Rydberg stage 618/2372.
[INFO] Enola: Solve for Rydberg stage 619/2372.
[INFO] Enola: Solve for Rydberg stage 620/2372.
[INFO] Enola: Solve for Rydberg stage 621/2372.
[INFO] Enola: Solve for Rydberg stage 622/2372.
[INFO] Enola: Solve for Rydberg stage 623/2372.
[INFO] Enola: Solve for Rydberg stage 624/2372.
[INFO] Enola: Solve for Rydberg stage 625/2372.
[INFO] Enola: Solve for Rydberg stage 626/2372.
[INFO] Enola: Solve for Rydberg stage 627/2372.
[INFO] Enola: Solve for Rydberg stage 628/2372.
[INFO] Enola: Solve for Rydberg stage 629/2372.
[INFO] Enola: Solve for Rydberg stage 630/2372.
[INFO] Enola: Solve for Rydberg stage 631/2372.
[INFO] Enola: Solve for Rydberg stage 632/2372.
[INFO] Enola: Solve for Rydberg stage 633/2372.
[INFO] Enola: Solve for Rydberg stage 634/2372.
[INFO] Enola: Solve for Rydberg stage 635/2372.
[INFO] Enola: Solve for Rydberg stage 636/2372.
[INFO] Enola: Solve for Rydberg stage 637/2372.
[INFO] Enola: Solve for Rydberg stage 638/2372.
[INFO] Enola: Solve for Rydberg stage 639/2372.
[INFO] Enola: Solve for Rydberg stage 640/2372.
[INFO] Enola: Solve for Rydberg stage 641/2372.
[INFO] Enola: Solve for Rydberg stage 642/2372.
[INFO] Enola: Solve for Rydberg stage 643/2372.
[INFO] Enola: Solve for Rydberg stage 644/2372.
[INFO] Enola: Solve for Rydberg stage 645/2372.
[INFO] Enola: Solve for Rydberg stage 646/2372.
[INFO] Enola: Solve for Rydberg stage 647/2372.
[INFO] Enola: Solve for Rydberg stage 648/2372.
[INFO] Enola: Solve for Rydberg stage 649/2372.
[INFO] Enola: Solve for Rydberg stage 650/2372.
[INFO] Enola: Solve for Rydberg stage 651/2372.
[INFO] Enola: Solve for Rydberg stage 652/2372.
[INFO] Enola: Solve for Rydberg stage 653/2372.
[INFO] Enola: Solve for Rydberg stage 654/2372.
[INFO] Enola: Solve for Rydberg stage 655/2372.
[INFO] Enola: Solve for Rydberg stage 656/2372.
[INFO] Enola: Solve for Rydberg stage 657/2372.
[INFO] Enola: Solve for Rydberg stage 658/2372.
[INFO] Enola: Solve for Rydberg stage 659/2372.
[INFO] Enola: Solve for Rydberg stage 660/2372.
[INFO] Enola: Solve for Rydberg stage 661/2372.
[INFO] Enola: Solve for Rydberg stage 662/2372.
[INFO] Enola: Solve for Rydberg stage 663/2372.
[INFO] Enola: Solve for Rydberg stage 664/2372.
[INFO] Enola: Solve for Rydberg stage 665/2372.
[INFO] Enola: Solve for Rydberg stage 666/2372.
[INFO] Enola: Solve for Rydberg stage 667/2372.
[INFO] Enola: Solve for Rydberg stage 668/2372.
[INFO] Enola: Solve for Rydberg stage 669/2372.
[INFO] Enola: Solve for Rydberg stage 670/2372.
[INFO] Enola: Solve for Rydberg stage 671/2372.
[INFO] Enola: Solve for Rydberg stage 672/2372.
[INFO] Enola: Solve for Rydberg stage 673/2372.
[INFO] Enola: Solve for Rydberg stage 674/2372.
[INFO] Enola: Solve for Rydberg stage 675/2372.
[INFO] Enola: Solve for Rydberg stage 676/2372.
[INFO] Enola: Solve for Rydberg stage 677/2372.
[INFO] Enola: Solve for Rydberg stage 678/2372.
[INFO] Enola: Solve for Rydberg stage 679/2372.
[INFO] Enola: Solve for Rydberg stage 680/2372.
[INFO] Enola: Solve for Rydberg stage 681/2372.
[INFO] Enola: Solve for Rydberg stage 682/2372.
[INFO] Enola: Solve for Rydberg stage 683/2372.
[INFO] Enola: Solve for Rydberg stage 684/2372.
[INFO] Enola: Solve for Rydberg stage 685/2372.
[INFO] Enola: Solve for Rydberg stage 686/2372.
[INFO] Enola: Solve for Rydberg stage 687/2372.
[INFO] Enola: Solve for Rydberg stage 688/2372.
[INFO] Enola: Solve for Rydberg stage 689/2372.
[INFO] Enola: Solve for Rydberg stage 690/2372.
[INFO] Enola: Solve for Rydberg stage 691/2372.
[INFO] Enola: Solve for Rydberg stage 692/2372.
[INFO] Enola: Solve for Rydberg stage 693/2372.
[INFO] Enola: Solve for Rydberg stage 694/2372.
[INFO] Enola: Solve for Rydberg stage 695/2372.
[INFO] Enola: Solve for Rydberg stage 696/2372.
[INFO] Enola: Solve for Rydberg stage 697/2372.
[INFO] Enola: Solve for Rydberg stage 698/2372.
[INFO] Enola: Solve for Rydberg stage 699/2372.
[INFO] Enola: Solve for Rydberg stage 700/2372.
[INFO] Enola: Solve for Rydberg stage 701/2372.
[INFO] Enola: Solve for Rydberg stage 702/2372.
[INFO] Enola: Solve for Rydberg stage 703/2372.
[INFO] Enola: Solve for Rydberg stage 704/2372.
[INFO] Enola: Solve for Rydberg stage 705/2372.
[INFO] Enola: Solve for Rydberg stage 706/2372.
[INFO] Enola: Solve for Rydberg stage 707/2372.
[INFO] Enola: Solve for Rydberg stage 708/2372.
[INFO] Enola: Solve for Rydberg stage 709/2372.
[INFO] Enola: Solve for Rydberg stage 710/2372.
[INFO] Enola: Solve for Rydberg stage 711/2372.
[INFO] Enola: Solve for Rydberg stage 712/2372.
[INFO] Enola: Solve for Rydberg stage 713/2372.
[INFO] Enola: Solve for Rydberg stage 714/2372.
[INFO] Enola: Solve for Rydberg stage 715/2372.
[INFO] Enola: Solve for Rydberg stage 716/2372.
[INFO] Enola: Solve for Rydberg stage 717/2372.
[INFO] Enola: Solve for Rydberg stage 718/2372.
[INFO] Enola: Solve for Rydberg stage 719/2372.
[INFO] Enola: Solve for Rydberg stage 720/2372.
[INFO] Enola: Solve for Rydberg stage 721/2372.
[INFO] Enola: Solve for Rydberg stage 722/2372.
[INFO] Enola: Solve for Rydberg stage 723/2372.
[INFO] Enola: Solve for Rydberg stage 724/2372.
[INFO] Enola: Solve for Rydberg stage 725/2372.
[INFO] Enola: Solve for Rydberg stage 726/2372.
[INFO] Enola: Solve for Rydberg stage 727/2372.
[INFO] Enola: Solve for Rydberg stage 728/2372.
[INFO] Enola: Solve for Rydberg stage 729/2372.
[INFO] Enola: Solve for Rydberg stage 730/2372.
[INFO] Enola: Solve for Rydberg stage 731/2372.
[INFO] Enola: Solve for Rydberg stage 732/2372.
[INFO] Enola: Solve for Rydberg stage 733/2372.
[INFO] Enola: Solve for Rydberg stage 734/2372.
[INFO] Enola: Solve for Rydberg stage 735/2372.
[INFO] Enola: Solve for Rydberg stage 736/2372.
[INFO] Enola: Solve for Rydberg stage 737/2372.
[INFO] Enola: Solve for Rydberg stage 738/2372.
[INFO] Enola: Solve for Rydberg stage 739/2372.
[INFO] Enola: Solve for Rydberg stage 740/2372.
[INFO] Enola: Solve for Rydberg stage 741/2372.
[INFO] Enola: Solve for Rydberg stage 742/2372.
[INFO] Enola: Solve for Rydberg stage 743/2372.
[INFO] Enola: Solve for Rydberg stage 744/2372.
[INFO] Enola: Solve for Rydberg stage 745/2372.
[INFO] Enola: Solve for Rydberg stage 746/2372.
[INFO] Enola: Solve for Rydberg stage 747/2372.
[INFO] Enola: Solve for Rydberg stage 748/2372.
[INFO] Enola: Solve for Rydberg stage 749/2372.
[INFO] Enola: Solve for Rydberg stage 750/2372.
[INFO] Enola: Solve for Rydberg stage 751/2372.
[INFO] Enola: Solve for Rydberg stage 752/2372.
[INFO] Enola: Solve for Rydberg stage 753/2372.
[INFO] Enola: Solve for Rydberg stage 754/2372.
[INFO] Enola: Solve for Rydberg stage 755/2372.
[INFO] Enola: Solve for Rydberg stage 756/2372.
[INFO] Enola: Solve for Rydberg stage 757/2372.
[INFO] Enola: Solve for Rydberg stage 758/2372.
[INFO] Enola: Solve for Rydberg stage 759/2372.
[INFO] Enola: Solve for Rydberg stage 760/2372.
[INFO] Enola: Solve for Rydberg stage 761/2372.
[INFO] Enola: Solve for Rydberg stage 762/2372.
[INFO] Enola: Solve for Rydberg stage 763/2372.
[INFO] Enola: Solve for Rydberg stage 764/2372.
[INFO] Enola: Solve for Rydberg stage 765/2372.
[INFO] Enola: Solve for Rydberg stage 766/2372.
[INFO] Enola: Solve for Rydberg stage 767/2372.
[INFO] Enola: Solve for Rydberg stage 768/2372.
[INFO] Enola: Solve for Rydberg stage 769/2372.
[INFO] Enola: Solve for Rydberg stage 770/2372.
[INFO] Enola: Solve for Rydberg stage 771/2372.
[INFO] Enola: Solve for Rydberg stage 772/2372.
[INFO] Enola: Solve for Rydberg stage 773/2372.
[INFO] Enola: Solve for Rydberg stage 774/2372.
[INFO] Enola: Solve for Rydberg stage 775/2372.
[INFO] Enola: Solve for Rydberg stage 776/2372.
[INFO] Enola: Solve for Rydberg stage 777/2372.
[INFO] Enola: Solve for Rydberg stage 778/2372.
[INFO] Enola: Solve for Rydberg stage 779/2372.
[INFO] Enola: Solve for Rydberg stage 780/2372.
[INFO] Enola: Solve for Rydberg stage 781/2372.
[INFO] Enola: Solve for Rydberg stage 782/2372.
[INFO] Enola: Solve for Rydberg stage 783/2372.
[INFO] Enola: Solve for Rydberg stage 784/2372.
[INFO] Enola: Solve for Rydberg stage 785/2372.
[INFO] Enola: Solve for Rydberg stage 786/2372.
[INFO] Enola: Solve for Rydberg stage 787/2372.
[INFO] Enola: Solve for Rydberg stage 788/2372.
[INFO] Enola: Solve for Rydberg stage 789/2372.
[INFO] Enola: Solve for Rydberg stage 790/2372.
[INFO] Enola: Solve for Rydberg stage 791/2372.
[INFO] Enola: Solve for Rydberg stage 792/2372.
[INFO] Enola: Solve for Rydberg stage 793/2372.
[INFO] Enola: Solve for Rydberg stage 794/2372.
[INFO] Enola: Solve for Rydberg stage 795/2372.
[INFO] Enola: Solve for Rydberg stage 796/2372.
[INFO] Enola: Solve for Rydberg stage 797/2372.
[INFO] Enola: Solve for Rydberg stage 798/2372.
[INFO] Enola: Solve for Rydberg stage 799/2372.
[INFO] Enola: Solve for Rydberg stage 800/2372.
[INFO] Enola: Solve for Rydberg stage 801/2372.
[INFO] Enola: Solve for Rydberg stage 802/2372.
[INFO] Enola: Solve for Rydberg stage 803/2372.
[INFO] Enola: Solve for Rydberg stage 804/2372.
[INFO] Enola: Solve for Rydberg stage 805/2372.
[INFO] Enola: Solve for Rydberg stage 806/2372.
[INFO] Enola: Solve for Rydberg stage 807/2372.
[INFO] Enola: Solve for Rydberg stage 808/2372.
[INFO] Enola: Solve for Rydberg stage 809/2372.
[INFO] Enola: Solve for Rydberg stage 810/2372.
[INFO] Enola: Solve for Rydberg stage 811/2372.
[INFO] Enola: Solve for Rydberg stage 812/2372.
[INFO] Enola: Solve for Rydberg stage 813/2372.
[INFO] Enola: Solve for Rydberg stage 814/2372.
[INFO] Enola: Solve for Rydberg stage 815/2372.
[INFO] Enola: Solve for Rydberg stage 816/2372.
[INFO] Enola: Solve for Rydberg stage 817/2372.
[INFO] Enola: Solve for Rydberg stage 818/2372.
[INFO] Enola: Solve for Rydberg stage 819/2372.
[INFO] Enola: Solve for Rydberg stage 820/2372.
[INFO] Enola: Solve for Rydberg stage 821/2372.
[INFO] Enola: Solve for Rydberg stage 822/2372.
[INFO] Enola: Solve for Rydberg stage 823/2372.
[INFO] Enola: Solve for Rydberg stage 824/2372.
[INFO] Enola: Solve for Rydberg stage 825/2372.
[INFO] Enola: Solve for Rydberg stage 826/2372.
[INFO] Enola: Solve for Rydberg stage 827/2372.
[INFO] Enola: Solve for Rydberg stage 828/2372.
[INFO] Enola: Solve for Rydberg stage 829/2372.
[INFO] Enola: Solve for Rydberg stage 830/2372.
[INFO] Enola: Solve for Rydberg stage 831/2372.
[INFO] Enola: Solve for Rydberg stage 832/2372.
[INFO] Enola: Solve for Rydberg stage 833/2372.
[INFO] Enola: Solve for Rydberg stage 834/2372.
[INFO] Enola: Solve for Rydberg stage 835/2372.
[INFO] Enola: Solve for Rydberg stage 836/2372.
[INFO] Enola: Solve for Rydberg stage 837/2372.
[INFO] Enola: Solve for Rydberg stage 838/2372.
[INFO] Enola: Solve for Rydberg stage 839/2372.
[INFO] Enola: Solve for Rydberg stage 840/2372.
[INFO] Enola: Solve for Rydberg stage 841/2372.
[INFO] Enola: Solve for Rydberg stage 842/2372.
[INFO] Enola: Solve for Rydberg stage 843/2372.
[INFO] Enola: Solve for Rydberg stage 844/2372.
[INFO] Enola: Solve for Rydberg stage 845/2372.
[INFO] Enola: Solve for Rydberg stage 846/2372.
[INFO] Enola: Solve for Rydberg stage 847/2372.
[INFO] Enola: Solve for Rydberg stage 848/2372.
[INFO] Enola: Solve for Rydberg stage 849/2372.
[INFO] Enola: Solve for Rydberg stage 850/2372.
[INFO] Enola: Solve for Rydberg stage 851/2372.
[INFO] Enola: Solve for Rydberg stage 852/2372.
[INFO] Enola: Solve for Rydberg stage 853/2372.
[INFO] Enola: Solve for Rydberg stage 854/2372.
[INFO] Enola: Solve for Rydberg stage 855/2372.
[INFO] Enola: Solve for Rydberg stage 856/2372.
[INFO] Enola: Solve for Rydberg stage 857/2372.
[INFO] Enola: Solve for Rydberg stage 858/2372.
[INFO] Enola: Solve for Rydberg stage 859/2372.
[INFO] Enola: Solve for Rydberg stage 860/2372.
[INFO] Enola: Solve for Rydberg stage 861/2372.
[INFO] Enola: Solve for Rydberg stage 862/2372.
[INFO] Enola: Solve for Rydberg stage 863/2372.
[INFO] Enola: Solve for Rydberg stage 864/2372.
[INFO] Enola: Solve for Rydberg stage 865/2372.
[INFO] Enola: Solve for Rydberg stage 866/2372.
[INFO] Enola: Solve for Rydberg stage 867/2372.
[INFO] Enola: Solve for Rydberg stage 868/2372.
[INFO] Enola: Solve for Rydberg stage 869/2372.
[INFO] Enola: Solve for Rydberg stage 870/2372.
[INFO] Enola: Solve for Rydberg stage 871/2372.
[INFO] Enola: Solve for Rydberg stage 872/2372.
[INFO] Enola: Solve for Rydberg stage 873/2372.
[INFO] Enola: Solve for Rydberg stage 874/2372.
[INFO] Enola: Solve for Rydberg stage 875/2372.
[INFO] Enola: Solve for Rydberg stage 876/2372.
[INFO] Enola: Solve for Rydberg stage 877/2372.
[INFO] Enola: Solve for Rydberg stage 878/2372.
[INFO] Enola: Solve for Rydberg stage 879/2372.
[INFO] Enola: Solve for Rydberg stage 880/2372.
[INFO] Enola: Solve for Rydberg stage 881/2372.
[INFO] Enola: Solve for Rydberg stage 882/2372.
[INFO] Enola: Solve for Rydberg stage 883/2372.
[INFO] Enola: Solve for Rydberg stage 884/2372.
[INFO] Enola: Solve for Rydberg stage 885/2372.
[INFO] Enola: Solve for Rydberg stage 886/2372.
[INFO] Enola: Solve for Rydberg stage 887/2372.
[INFO] Enola: Solve for Rydberg stage 888/2372.
[INFO] Enola: Solve for Rydberg stage 889/2372.
[INFO] Enola: Solve for Rydberg stage 890/2372.
[INFO] Enola: Solve for Rydberg stage 891/2372.
[INFO] Enola: Solve for Rydberg stage 892/2372.
[INFO] Enola: Solve for Rydberg stage 893/2372.
[INFO] Enola: Solve for Rydberg stage 894/2372.
[INFO] Enola: Solve for Rydberg stage 895/2372.
[INFO] Enola: Solve for Rydberg stage 896/2372.
[INFO] Enola: Solve for Rydberg stage 897/2372.
[INFO] Enola: Solve for Rydberg stage 898/2372.
[INFO] Enola: Solve for Rydberg stage 899/2372.
[INFO] Enola: Solve for Rydberg stage 900/2372.
[INFO] Enola: Solve for Rydberg stage 901/2372.
[INFO] Enola: Solve for Rydberg stage 902/2372.
[INFO] Enola: Solve for Rydberg stage 903/2372.
[INFO] Enola: Solve for Rydberg stage 904/2372.
[INFO] Enola: Solve for Rydberg stage 905/2372.
[INFO] Enola: Solve for Rydberg stage 906/2372.
[INFO] Enola: Solve for Rydberg stage 907/2372.
[INFO] Enola: Solve for Rydberg stage 908/2372.
[INFO] Enola: Solve for Rydberg stage 909/2372.
[INFO] Enola: Solve for Rydberg stage 910/2372.
[INFO] Enola: Solve for Rydberg stage 911/2372.
[INFO] Enola: Solve for Rydberg stage 912/2372.
[INFO] Enola: Solve for Rydberg stage 913/2372.
[INFO] Enola: Solve for Rydberg stage 914/2372.
[INFO] Enola: Solve for Rydberg stage 915/2372.
[INFO] Enola: Solve for Rydberg stage 916/2372.
[INFO] Enola: Solve for Rydberg stage 917/2372.
[INFO] Enola: Solve for Rydberg stage 918/2372.
[INFO] Enola: Solve for Rydberg stage 919/2372.
[INFO] Enola: Solve for Rydberg stage 920/2372.
[INFO] Enola: Solve for Rydberg stage 921/2372.
[INFO] Enola: Solve for Rydberg stage 922/2372.
[INFO] Enola: Solve for Rydberg stage 923/2372.
[INFO] Enola: Solve for Rydberg stage 924/2372.
[INFO] Enola: Solve for Rydberg stage 925/2372.
[INFO] Enola: Solve for Rydberg stage 926/2372.
[INFO] Enola: Solve for Rydberg stage 927/2372.
[INFO] Enola: Solve for Rydberg stage 928/2372.
[INFO] Enola: Solve for Rydberg stage 929/2372.
[INFO] Enola: Solve for Rydberg stage 930/2372.
[INFO] Enola: Solve for Rydberg stage 931/2372.
[INFO] Enola: Solve for Rydberg stage 932/2372.
[INFO] Enola: Solve for Rydberg stage 933/2372.
[INFO] Enola: Solve for Rydberg stage 934/2372.
[INFO] Enola: Solve for Rydberg stage 935/2372.
[INFO] Enola: Solve for Rydberg stage 936/2372.
[INFO] Enola: Solve for Rydberg stage 937/2372.
[INFO] Enola: Solve for Rydberg stage 938/2372.
[INFO] Enola: Solve for Rydberg stage 939/2372.
[INFO] Enola: Solve for Rydberg stage 940/2372.
[INFO] Enola: Solve for Rydberg stage 941/2372.
[INFO] Enola: Solve for Rydberg stage 942/2372.
[INFO] Enola: Solve for Rydberg stage 943/2372.
[INFO] Enola: Solve for Rydberg stage 944/2372.
[INFO] Enola: Solve for Rydberg stage 945/2372.
[INFO] Enola: Solve for Rydberg stage 946/2372.
[INFO] Enola: Solve for Rydberg stage 947/2372.
[INFO] Enola: Solve for Rydberg stage 948/2372.
[INFO] Enola: Solve for Rydberg stage 949/2372.
[INFO] Enola: Solve for Rydberg stage 950/2372.
[INFO] Enola: Solve for Rydberg stage 951/2372.
[INFO] Enola: Solve for Rydberg stage 952/2372.
[INFO] Enola: Solve for Rydberg stage 953/2372.
[INFO] Enola: Solve for Rydberg stage 954/2372.
[INFO] Enola: Solve for Rydberg stage 955/2372.
[INFO] Enola: Solve for Rydberg stage 956/2372.
[INFO] Enola: Solve for Rydberg stage 957/2372.
[INFO] Enola: Solve for Rydberg stage 958/2372.
[INFO] Enola: Solve for Rydberg stage 959/2372.
[INFO] Enola: Solve for Rydberg stage 960/2372.
[INFO] Enola: Solve for Rydberg stage 961/2372.
[INFO] Enola: Solve for Rydberg stage 962/2372.
[INFO] Enola: Solve for Rydberg stage 963/2372.
[INFO] Enola: Solve for Rydberg stage 964/2372.
[INFO] Enola: Solve for Rydberg stage 965/2372.
[INFO] Enola: Solve for Rydberg stage 966/2372.
[INFO] Enola: Solve for Rydberg stage 967/2372.
[INFO] Enola: Solve for Rydberg stage 968/2372.
[INFO] Enola: Solve for Rydberg stage 969/2372.
[INFO] Enola: Solve for Rydberg stage 970/2372.
[INFO] Enola: Solve for Rydberg stage 971/2372.
[INFO] Enola: Solve for Rydberg stage 972/2372.
[INFO] Enola: Solve for Rydberg stage 973/2372.
[INFO] Enola: Solve for Rydberg stage 974/2372.
[INFO] Enola: Solve for Rydberg stage 975/2372.
[INFO] Enola: Solve for Rydberg stage 976/2372.
[INFO] Enola: Solve for Rydberg stage 977/2372.
[INFO] Enola: Solve for Rydberg stage 978/2372.
[INFO] Enola: Solve for Rydberg stage 979/2372.
[INFO] Enola: Solve for Rydberg stage 980/2372.
[INFO] Enola: Solve for Rydberg stage 981/2372.
[INFO] Enola: Solve for Rydberg stage 982/2372.
[INFO] Enola: Solve for Rydberg stage 983/2372.
[INFO] Enola: Solve for Rydberg stage 984/2372.
[INFO] Enola: Solve for Rydberg stage 985/2372.
[INFO] Enola: Solve for Rydberg stage 986/2372.
[INFO] Enola: Solve for Rydberg stage 987/2372.
[INFO] Enola: Solve for Rydberg stage 988/2372.
[INFO] Enola: Solve for Rydberg stage 989/2372.
[INFO] Enola: Solve for Rydberg stage 990/2372.
[INFO] Enola: Solve for Rydberg stage 991/2372.
[INFO] Enola: Solve for Rydberg stage 992/2372.
[INFO] Enola: Solve for Rydberg stage 993/2372.
[INFO] Enola: Solve for Rydberg stage 994/2372.
[INFO] Enola: Solve for Rydberg stage 995/2372.
[INFO] Enola: Solve for Rydberg stage 996/2372.
[INFO] Enola: Solve for Rydberg stage 997/2372.
[INFO] Enola: Solve for Rydberg stage 998/2372.
[INFO] Enola: Solve for Rydberg stage 999/2372.
[INFO] Enola: Solve for Rydberg stage 1000/2372.
[INFO] Enola: Solve for Rydberg stage 1001/2372.
[INFO] Enola: Solve for Rydberg stage 1002/2372.
[INFO] Enola: Solve for Rydberg stage 1003/2372.
[INFO] Enola: Solve for Rydberg stage 1004/2372.
[INFO] Enola: Solve for Rydberg stage 1005/2372.
[INFO] Enola: Solve for Rydberg stage 1006/2372.
[INFO] Enola: Solve for Rydberg stage 1007/2372.
[INFO] Enola: Solve for Rydberg stage 1008/2372.
[INFO] Enola: Solve for Rydberg stage 1009/2372.
[INFO] Enola: Solve for Rydberg stage 1010/2372.
[INFO] Enola: Solve for Rydberg stage 1011/2372.
[INFO] Enola: Solve for Rydberg stage 1012/2372.
[INFO] Enola: Solve for Rydberg stage 1013/2372.
[INFO] Enola: Solve for Rydberg stage 1014/2372.
[INFO] Enola: Solve for Rydberg stage 1015/2372.
[INFO] Enola: Solve for Rydberg stage 1016/2372.
[INFO] Enola: Solve for Rydberg stage 1017/2372.
[INFO] Enola: Solve for Rydberg stage 1018/2372.
[INFO] Enola: Solve for Rydberg stage 1019/2372.
[INFO] Enola: Solve for Rydberg stage 1020/2372.
[INFO] Enola: Solve for Rydberg stage 1021/2372.
[INFO] Enola: Solve for Rydberg stage 1022/2372.
[INFO] Enola: Solve for Rydberg stage 1023/2372.
[INFO] Enola: Solve for Rydberg stage 1024/2372.
[INFO] Enola: Solve for Rydberg stage 1025/2372.
[INFO] Enola: Solve for Rydberg stage 1026/2372.
[INFO] Enola: Solve for Rydberg stage 1027/2372.
[INFO] Enola: Solve for Rydberg stage 1028/2372.
[INFO] Enola: Solve for Rydberg stage 1029/2372.
[INFO] Enola: Solve for Rydberg stage 1030/2372.
[INFO] Enola: Solve for Rydberg stage 1031/2372.
[INFO] Enola: Solve for Rydberg stage 1032/2372.
[INFO] Enola: Solve for Rydberg stage 1033/2372.
[INFO] Enola: Solve for Rydberg stage 1034/2372.
[INFO] Enola: Solve for Rydberg stage 1035/2372.
[INFO] Enola: Solve for Rydberg stage 1036/2372.
[INFO] Enola: Solve for Rydberg stage 1037/2372.
[INFO] Enola: Solve for Rydberg stage 1038/2372.
[INFO] Enola: Solve for Rydberg stage 1039/2372.
[INFO] Enola: Solve for Rydberg stage 1040/2372.
[INFO] Enola: Solve for Rydberg stage 1041/2372.
[INFO] Enola: Solve for Rydberg stage 1042/2372.
[INFO] Enola: Solve for Rydberg stage 1043/2372.
[INFO] Enola: Solve for Rydberg stage 1044/2372.
[INFO] Enola: Solve for Rydberg stage 1045/2372.
[INFO] Enola: Solve for Rydberg stage 1046/2372.
[INFO] Enola: Solve for Rydberg stage 1047/2372.
[INFO] Enola: Solve for Rydberg stage 1048/2372.
[INFO] Enola: Solve for Rydberg stage 1049/2372.
[INFO] Enola: Solve for Rydberg stage 1050/2372.
[INFO] Enola: Solve for Rydberg stage 1051/2372.
[INFO] Enola: Solve for Rydberg stage 1052/2372.
[INFO] Enola: Solve for Rydberg stage 1053/2372.
[INFO] Enola: Solve for Rydberg stage 1054/2372.
[INFO] Enola: Solve for Rydberg stage 1055/2372.
[INFO] Enola: Solve for Rydberg stage 1056/2372.
[INFO] Enola: Solve for Rydberg stage 1057/2372.
[INFO] Enola: Solve for Rydberg stage 1058/2372.
[INFO] Enola: Solve for Rydberg stage 1059/2372.
[INFO] Enola: Solve for Rydberg stage 1060/2372.
[INFO] Enola: Solve for Rydberg stage 1061/2372.
[INFO] Enola: Solve for Rydberg stage 1062/2372.
[INFO] Enola: Solve for Rydberg stage 1063/2372.
[INFO] Enola: Solve for Rydberg stage 1064/2372.
[INFO] Enola: Solve for Rydberg stage 1065/2372.
[INFO] Enola: Solve for Rydberg stage 1066/2372.
[INFO] Enola: Solve for Rydberg stage 1067/2372.
[INFO] Enola: Solve for Rydberg stage 1068/2372.
[INFO] Enola: Solve for Rydberg stage 1069/2372.
[INFO] Enola: Solve for Rydberg stage 1070/2372.
[INFO] Enola: Solve for Rydberg stage 1071/2372.
[INFO] Enola: Solve for Rydberg stage 1072/2372.
[INFO] Enola: Solve for Rydberg stage 1073/2372.
[INFO] Enola: Solve for Rydberg stage 1074/2372.
[INFO] Enola: Solve for Rydberg stage 1075/2372.
[INFO] Enola: Solve for Rydberg stage 1076/2372.
[INFO] Enola: Solve for Rydberg stage 1077/2372.
[INFO] Enola: Solve for Rydberg stage 1078/2372.
[INFO] Enola: Solve for Rydberg stage 1079/2372.
[INFO] Enola: Solve for Rydberg stage 1080/2372.
[INFO] Enola: Solve for Rydberg stage 1081/2372.
[INFO] Enola: Solve for Rydberg stage 1082/2372.
[INFO] Enola: Solve for Rydberg stage 1083/2372.
[INFO] Enola: Solve for Rydberg stage 1084/2372.
[INFO] Enola: Solve for Rydberg stage 1085/2372.
[INFO] Enola: Solve for Rydberg stage 1086/2372.
[INFO] Enola: Solve for Rydberg stage 1087/2372.
[INFO] Enola: Solve for Rydberg stage 1088/2372.
[INFO] Enola: Solve for Rydberg stage 1089/2372.
[INFO] Enola: Solve for Rydberg stage 1090/2372.
[INFO] Enola: Solve for Rydberg stage 1091/2372.
[INFO] Enola: Solve for Rydberg stage 1092/2372.
[INFO] Enola: Solve for Rydberg stage 1093/2372.
[INFO] Enola: Solve for Rydberg stage 1094/2372.
[INFO] Enola: Solve for Rydberg stage 1095/2372.
[INFO] Enola: Solve for Rydberg stage 1096/2372.
[INFO] Enola: Solve for Rydberg stage 1097/2372.
[INFO] Enola: Solve for Rydberg stage 1098/2372.
[INFO] Enola: Solve for Rydberg stage 1099/2372.
[INFO] Enola: Solve for Rydberg stage 1100/2372.
[INFO] Enola: Solve for Rydberg stage 1101/2372.
[INFO] Enola: Solve for Rydberg stage 1102/2372.
[INFO] Enola: Solve for Rydberg stage 1103/2372.
[INFO] Enola: Solve for Rydberg stage 1104/2372.
[INFO] Enola: Solve for Rydberg stage 1105/2372.
[INFO] Enola: Solve for Rydberg stage 1106/2372.
[INFO] Enola: Solve for Rydberg stage 1107/2372.
[INFO] Enola: Solve for Rydberg stage 1108/2372.
[INFO] Enola: Solve for Rydberg stage 1109/2372.
[INFO] Enola: Solve for Rydberg stage 1110/2372.
[INFO] Enola: Solve for Rydberg stage 1111/2372.
[INFO] Enola: Solve for Rydberg stage 1112/2372.
[INFO] Enola: Solve for Rydberg stage 1113/2372.
[INFO] Enola: Solve for Rydberg stage 1114/2372.
[INFO] Enola: Solve for Rydberg stage 1115/2372.
[INFO] Enola: Solve for Rydberg stage 1116/2372.
[INFO] Enola: Solve for Rydberg stage 1117/2372.
[INFO] Enola: Solve for Rydberg stage 1118/2372.
[INFO] Enola: Solve for Rydberg stage 1119/2372.
[INFO] Enola: Solve for Rydberg stage 1120/2372.
[INFO] Enola: Solve for Rydberg stage 1121/2372.
[INFO] Enola: Solve for Rydberg stage 1122/2372.
[INFO] Enola: Solve for Rydberg stage 1123/2372.
[INFO] Enola: Solve for Rydberg stage 1124/2372.
[INFO] Enola: Solve for Rydberg stage 1125/2372.
[INFO] Enola: Solve for Rydberg stage 1126/2372.
[INFO] Enola: Solve for Rydberg stage 1127/2372.
[INFO] Enola: Solve for Rydberg stage 1128/2372.
[INFO] Enola: Solve for Rydberg stage 1129/2372.
[INFO] Enola: Solve for Rydberg stage 1130/2372.
[INFO] Enola: Solve for Rydberg stage 1131/2372.
[INFO] Enola: Solve for Rydberg stage 1132/2372.
[INFO] Enola: Solve for Rydberg stage 1133/2372.
[INFO] Enola: Solve for Rydberg stage 1134/2372.
[INFO] Enola: Solve for Rydberg stage 1135/2372.
[INFO] Enola: Solve for Rydberg stage 1136/2372.
[INFO] Enola: Solve for Rydberg stage 1137/2372.
[INFO] Enola: Solve for Rydberg stage 1138/2372.
[INFO] Enola: Solve for Rydberg stage 1139/2372.
[INFO] Enola: Solve for Rydberg stage 1140/2372.
[INFO] Enola: Solve for Rydberg stage 1141/2372.
[INFO] Enola: Solve for Rydberg stage 1142/2372.
[INFO] Enola: Solve for Rydberg stage 1143/2372.
[INFO] Enola: Solve for Rydberg stage 1144/2372.
[INFO] Enola: Solve for Rydberg stage 1145/2372.
[INFO] Enola: Solve for Rydberg stage 1146/2372.
[INFO] Enola: Solve for Rydberg stage 1147/2372.
[INFO] Enola: Solve for Rydberg stage 1148/2372.
[INFO] Enola: Solve for Rydberg stage 1149/2372.
[INFO] Enola: Solve for Rydberg stage 1150/2372.
[INFO] Enola: Solve for Rydberg stage 1151/2372.
[INFO] Enola: Solve for Rydberg stage 1152/2372.
[INFO] Enola: Solve for Rydberg stage 1153/2372.
[INFO] Enola: Solve for Rydberg stage 1154/2372.
[INFO] Enola: Solve for Rydberg stage 1155/2372.
[INFO] Enola: Solve for Rydberg stage 1156/2372.
[INFO] Enola: Solve for Rydberg stage 1157/2372.
[INFO] Enola: Solve for Rydberg stage 1158/2372.
[INFO] Enola: Solve for Rydberg stage 1159/2372.
[INFO] Enola: Solve for Rydberg stage 1160/2372.
[INFO] Enola: Solve for Rydberg stage 1161/2372.
[INFO] Enola: Solve for Rydberg stage 1162/2372.
[INFO] Enola: Solve for Rydberg stage 1163/2372.
[INFO] Enola: Solve for Rydberg stage 1164/2372.
[INFO] Enola: Solve for Rydberg stage 1165/2372.
[INFO] Enola: Solve for Rydberg stage 1166/2372.
[INFO] Enola: Solve for Rydberg stage 1167/2372.
[INFO] Enola: Solve for Rydberg stage 1168/2372.
[INFO] Enola: Solve for Rydberg stage 1169/2372.
[INFO] Enola: Solve for Rydberg stage 1170/2372.
[INFO] Enola: Solve for Rydberg stage 1171/2372.
[INFO] Enola: Solve for Rydberg stage 1172/2372.
[INFO] Enola: Solve for Rydberg stage 1173/2372.
[INFO] Enola: Solve for Rydberg stage 1174/2372.
[INFO] Enola: Solve for Rydberg stage 1175/2372.
[INFO] Enola: Solve for Rydberg stage 1176/2372.
[INFO] Enola: Solve for Rydberg stage 1177/2372.
[INFO] Enola: Solve for Rydberg stage 1178/2372.
[INFO] Enola: Solve for Rydberg stage 1179/2372.
[INFO] Enola: Solve for Rydberg stage 1180/2372.
[INFO] Enola: Solve for Rydberg stage 1181/2372.
[INFO] Enola: Solve for Rydberg stage 1182/2372.
[INFO] Enola: Solve for Rydberg stage 1183/2372.
[INFO] Enola: Solve for Rydberg stage 1184/2372.
[INFO] Enola: Solve for Rydberg stage 1185/2372.
[INFO] Enola: Solve for Rydberg stage 1186/2372.
[INFO] Enola: Solve for Rydberg stage 1187/2372.
[INFO] Enola: Solve for Rydberg stage 1188/2372.
[INFO] Enola: Solve for Rydberg stage 1189/2372.
[INFO] Enola: Solve for Rydberg stage 1190/2372.
[INFO] Enola: Solve for Rydberg stage 1191/2372.
[INFO] Enola: Solve for Rydberg stage 1192/2372.
[INFO] Enola: Solve for Rydberg stage 1193/2372.
[INFO] Enola: Solve for Rydberg stage 1194/2372.
[INFO] Enola: Solve for Rydberg stage 1195/2372.
[INFO] Enola: Solve for Rydberg stage 1196/2372.
[INFO] Enola: Solve for Rydberg stage 1197/2372.
[INFO] Enola: Solve for Rydberg stage 1198/2372.
[INFO] Enola: Solve for Rydberg stage 1199/2372.
[INFO] Enola: Solve for Rydberg stage 1200/2372.
[INFO] Enola: Solve for Rydberg stage 1201/2372.
[INFO] Enola: Solve for Rydberg stage 1202/2372.
[INFO] Enola: Solve for Rydberg stage 1203/2372.
[INFO] Enola: Solve for Rydberg stage 1204/2372.
[INFO] Enola: Solve for Rydberg stage 1205/2372.
[INFO] Enola: Solve for Rydberg stage 1206/2372.
[INFO] Enola: Solve for Rydberg stage 1207/2372.
[INFO] Enola: Solve for Rydberg stage 1208/2372.
[INFO] Enola: Solve for Rydberg stage 1209/2372.
[INFO] Enola: Solve for Rydberg stage 1210/2372.
[INFO] Enola: Solve for Rydberg stage 1211/2372.
[INFO] Enola: Solve for Rydberg stage 1212/2372.
[INFO] Enola: Solve for Rydberg stage 1213/2372.
[INFO] Enola: Solve for Rydberg stage 1214/2372.
[INFO] Enola: Solve for Rydberg stage 1215/2372.
[INFO] Enola: Solve for Rydberg stage 1216/2372.
[INFO] Enola: Solve for Rydberg stage 1217/2372.
[INFO] Enola: Solve for Rydberg stage 1218/2372.
[INFO] Enola: Solve for Rydberg stage 1219/2372.
[INFO] Enola: Solve for Rydberg stage 1220/2372.
[INFO] Enola: Solve for Rydberg stage 1221/2372.
[INFO] Enola: Solve for Rydberg stage 1222/2372.
[INFO] Enola: Solve for Rydberg stage 1223/2372.
[INFO] Enola: Solve for Rydberg stage 1224/2372.
[INFO] Enola: Solve for Rydberg stage 1225/2372.
[INFO] Enola: Solve for Rydberg stage 1226/2372.
[INFO] Enola: Solve for Rydberg stage 1227/2372.
[INFO] Enola: Solve for Rydberg stage 1228/2372.
[INFO] Enola: Solve for Rydberg stage 1229/2372.
[INFO] Enola: Solve for Rydberg stage 1230/2372.
[INFO] Enola: Solve for Rydberg stage 1231/2372.
[INFO] Enola: Solve for Rydberg stage 1232/2372.
[INFO] Enola: Solve for Rydberg stage 1233/2372.
[INFO] Enola: Solve for Rydberg stage 1234/2372.
[INFO] Enola: Solve for Rydberg stage 1235/2372.
[INFO] Enola: Solve for Rydberg stage 1236/2372.
[INFO] Enola: Solve for Rydberg stage 1237/2372.
[INFO] Enola: Solve for Rydberg stage 1238/2372.
[INFO] Enola: Solve for Rydberg stage 1239/2372.
[INFO] Enola: Solve for Rydberg stage 1240/2372.
[INFO] Enola: Solve for Rydberg stage 1241/2372.
[INFO] Enola: Solve for Rydberg stage 1242/2372.
[INFO] Enola: Solve for Rydberg stage 1243/2372.
[INFO] Enola: Solve for Rydberg stage 1244/2372.
[INFO] Enola: Solve for Rydberg stage 1245/2372.
[INFO] Enola: Solve for Rydberg stage 1246/2372.
[INFO] Enola: Solve for Rydberg stage 1247/2372.
[INFO] Enola: Solve for Rydberg stage 1248/2372.
[INFO] Enola: Solve for Rydberg stage 1249/2372.
[INFO] Enola: Solve for Rydberg stage 1250/2372.
[INFO] Enola: Solve for Rydberg stage 1251/2372.
[INFO] Enola: Solve for Rydberg stage 1252/2372.
[INFO] Enola: Solve for Rydberg stage 1253/2372.
[INFO] Enola: Solve for Rydberg stage 1254/2372.
[INFO] Enola: Solve for Rydberg stage 1255/2372.
[INFO] Enola: Solve for Rydberg stage 1256/2372.
[INFO] Enola: Solve for Rydberg stage 1257/2372.
[INFO] Enola: Solve for Rydberg stage 1258/2372.
[INFO] Enola: Solve for Rydberg stage 1259/2372.
[INFO] Enola: Solve for Rydberg stage 1260/2372.
[INFO] Enola: Solve for Rydberg stage 1261/2372.
[INFO] Enola: Solve for Rydberg stage 1262/2372.
[INFO] Enola: Solve for Rydberg stage 1263/2372.
[INFO] Enola: Solve for Rydberg stage 1264/2372.
[INFO] Enola: Solve for Rydberg stage 1265/2372.
[INFO] Enola: Solve for Rydberg stage 1266/2372.
[INFO] Enola: Solve for Rydberg stage 1267/2372.
[INFO] Enola: Solve for Rydberg stage 1268/2372.
[INFO] Enola: Solve for Rydberg stage 1269/2372.
[INFO] Enola: Solve for Rydberg stage 1270/2372.
[INFO] Enola: Solve for Rydberg stage 1271/2372.
[INFO] Enola: Solve for Rydberg stage 1272/2372.
[INFO] Enola: Solve for Rydberg stage 1273/2372.
[INFO] Enola: Solve for Rydberg stage 1274/2372.
[INFO] Enola: Solve for Rydberg stage 1275/2372.
[INFO] Enola: Solve for Rydberg stage 1276/2372.
[INFO] Enola: Solve for Rydberg stage 1277/2372.
[INFO] Enola: Solve for Rydberg stage 1278/2372.
[INFO] Enola: Solve for Rydberg stage 1279/2372.
[INFO] Enola: Solve for Rydberg stage 1280/2372.
[INFO] Enola: Solve for Rydberg stage 1281/2372.
[INFO] Enola: Solve for Rydberg stage 1282/2372.
[INFO] Enola: Solve for Rydberg stage 1283/2372.
[INFO] Enola: Solve for Rydberg stage 1284/2372.
[INFO] Enola: Solve for Rydberg stage 1285/2372.
[INFO] Enola: Solve for Rydberg stage 1286/2372.
[INFO] Enola: Solve for Rydberg stage 1287/2372.
[INFO] Enola: Solve for Rydberg stage 1288/2372.
[INFO] Enola: Solve for Rydberg stage 1289/2372.
[INFO] Enola: Solve for Rydberg stage 1290/2372.
[INFO] Enola: Solve for Rydberg stage 1291/2372.
[INFO] Enola: Solve for Rydberg stage 1292/2372.
[INFO] Enola: Solve for Rydberg stage 1293/2372.
[INFO] Enola: Solve for Rydberg stage 1294/2372.
[INFO] Enola: Solve for Rydberg stage 1295/2372.
[INFO] Enola: Solve for Rydberg stage 1296/2372.
[INFO] Enola: Solve for Rydberg stage 1297/2372.
[INFO] Enola: Solve for Rydberg stage 1298/2372.
[INFO] Enola: Solve for Rydberg stage 1299/2372.
[INFO] Enola: Solve for Rydberg stage 1300/2372.
[INFO] Enola: Solve for Rydberg stage 1301/2372.
[INFO] Enola: Solve for Rydberg stage 1302/2372.
[INFO] Enola: Solve for Rydberg stage 1303/2372.
[INFO] Enola: Solve for Rydberg stage 1304/2372.
[INFO] Enola: Solve for Rydberg stage 1305/2372.
[INFO] Enola: Solve for Rydberg stage 1306/2372.
[INFO] Enola: Solve for Rydberg stage 1307/2372.
[INFO] Enola: Solve for Rydberg stage 1308/2372.
[INFO] Enola: Solve for Rydberg stage 1309/2372.
[INFO] Enola: Solve for Rydberg stage 1310/2372.
[INFO] Enola: Solve for Rydberg stage 1311/2372.
[INFO] Enola: Solve for Rydberg stage 1312/2372.
[INFO] Enola: Solve for Rydberg stage 1313/2372.
[INFO] Enola: Solve for Rydberg stage 1314/2372.
[INFO] Enola: Solve for Rydberg stage 1315/2372.
[INFO] Enola: Solve for Rydberg stage 1316/2372.
[INFO] Enola: Solve for Rydberg stage 1317/2372.
[INFO] Enola: Solve for Rydberg stage 1318/2372.
[INFO] Enola: Solve for Rydberg stage 1319/2372.
[INFO] Enola: Solve for Rydberg stage 1320/2372.
[INFO] Enola: Solve for Rydberg stage 1321/2372.
[INFO] Enola: Solve for Rydberg stage 1322/2372.
[INFO] Enola: Solve for Rydberg stage 1323/2372.
[INFO] Enola: Solve for Rydberg stage 1324/2372.
[INFO] Enola: Solve for Rydberg stage 1325/2372.
[INFO] Enola: Solve for Rydberg stage 1326/2372.
[INFO] Enola: Solve for Rydberg stage 1327/2372.
[INFO] Enola: Solve for Rydberg stage 1328/2372.
[INFO] Enola: Solve for Rydberg stage 1329/2372.
[INFO] Enola: Solve for Rydberg stage 1330/2372.
[INFO] Enola: Solve for Rydberg stage 1331/2372.
[INFO] Enola: Solve for Rydberg stage 1332/2372.
[INFO] Enola: Solve for Rydberg stage 1333/2372.
[INFO] Enola: Solve for Rydberg stage 1334/2372.
[INFO] Enola: Solve for Rydberg stage 1335/2372.
[INFO] Enola: Solve for Rydberg stage 1336/2372.
[INFO] Enola: Solve for Rydberg stage 1337/2372.
[INFO] Enola: Solve for Rydberg stage 1338/2372.
[INFO] Enola: Solve for Rydberg stage 1339/2372.
[INFO] Enola: Solve for Rydberg stage 1340/2372.
[INFO] Enola: Solve for Rydberg stage 1341/2372.
[INFO] Enola: Solve for Rydberg stage 1342/2372.
[INFO] Enola: Solve for Rydberg stage 1343/2372.
[INFO] Enola: Solve for Rydberg stage 1344/2372.
[INFO] Enola: Solve for Rydberg stage 1345/2372.
[INFO] Enola: Solve for Rydberg stage 1346/2372.
[INFO] Enola: Solve for Rydberg stage 1347/2372.
[INFO] Enola: Solve for Rydberg stage 1348/2372.
[INFO] Enola: Solve for Rydberg stage 1349/2372.
[INFO] Enola: Solve for Rydberg stage 1350/2372.
[INFO] Enola: Solve for Rydberg stage 1351/2372.
[INFO] Enola: Solve for Rydberg stage 1352/2372.
[INFO] Enola: Solve for Rydberg stage 1353/2372.
[INFO] Enola: Solve for Rydberg stage 1354/2372.
[INFO] Enola: Solve for Rydberg stage 1355/2372.
[INFO] Enola: Solve for Rydberg stage 1356/2372.
[INFO] Enola: Solve for Rydberg stage 1357/2372.
[INFO] Enola: Solve for Rydberg stage 1358/2372.
[INFO] Enola: Solve for Rydberg stage 1359/2372.
[INFO] Enola: Solve for Rydberg stage 1360/2372.
[INFO] Enola: Solve for Rydberg stage 1361/2372.
[INFO] Enola: Solve for Rydberg stage 1362/2372.
[INFO] Enola: Solve for Rydberg stage 1363/2372.
[INFO] Enola: Solve for Rydberg stage 1364/2372.
[INFO] Enola: Solve for Rydberg stage 1365/2372.
[INFO] Enola: Solve for Rydberg stage 1366/2372.
[INFO] Enola: Solve for Rydberg stage 1367/2372.
[INFO] Enola: Solve for Rydberg stage 1368/2372.
[INFO] Enola: Solve for Rydberg stage 1369/2372.
[INFO] Enola: Solve for Rydberg stage 1370/2372.
[INFO] Enola: Solve for Rydberg stage 1371/2372.
[INFO] Enola: Solve for Rydberg stage 1372/2372.
[INFO] Enola: Solve for Rydberg stage 1373/2372.
[INFO] Enola: Solve for Rydberg stage 1374/2372.
[INFO] Enola: Solve for Rydberg stage 1375/2372.
[INFO] Enola: Solve for Rydberg stage 1376/2372.
[INFO] Enola: Solve for Rydberg stage 1377/2372.
[INFO] Enola: Solve for Rydberg stage 1378/2372.
[INFO] Enola: Solve for Rydberg stage 1379/2372.
[INFO] Enola: Solve for Rydberg stage 1380/2372.
[INFO] Enola: Solve for Rydberg stage 1381/2372.
[INFO] Enola: Solve for Rydberg stage 1382/2372.
[INFO] Enola: Solve for Rydberg stage 1383/2372.
[INFO] Enola: Solve for Rydberg stage 1384/2372.
[INFO] Enola: Solve for Rydberg stage 1385/2372.
[INFO] Enola: Solve for Rydberg stage 1386/2372.
[INFO] Enola: Solve for Rydberg stage 1387/2372.
[INFO] Enola: Solve for Rydberg stage 1388/2372.
[INFO] Enola: Solve for Rydberg stage 1389/2372.
[INFO] Enola: Solve for Rydberg stage 1390/2372.
[INFO] Enola: Solve for Rydberg stage 1391/2372.
[INFO] Enola: Solve for Rydberg stage 1392/2372.
[INFO] Enola: Solve for Rydberg stage 1393/2372.
[INFO] Enola: Solve for Rydberg stage 1394/2372.
[INFO] Enola: Solve for Rydberg stage 1395/2372.
[INFO] Enola: Solve for Rydberg stage 1396/2372.
[INFO] Enola: Solve for Rydberg stage 1397/2372.
[INFO] Enola: Solve for Rydberg stage 1398/2372.
[INFO] Enola: Solve for Rydberg stage 1399/2372.
[INFO] Enola: Solve for Rydberg stage 1400/2372.
[INFO] Enola: Solve for Rydberg stage 1401/2372.
[INFO] Enola: Solve for Rydberg stage 1402/2372.
[INFO] Enola: Solve for Rydberg stage 1403/2372.
[INFO] Enola: Solve for Rydberg stage 1404/2372.
[INFO] Enola: Solve for Rydberg stage 1405/2372.
[INFO] Enola: Solve for Rydberg stage 1406/2372.
[INFO] Enola: Solve for Rydberg stage 1407/2372.
[INFO] Enola: Solve for Rydberg stage 1408/2372.
[INFO] Enola: Solve for Rydberg stage 1409/2372.
[INFO] Enola: Solve for Rydberg stage 1410/2372.
[INFO] Enola: Solve for Rydberg stage 1411/2372.
[INFO] Enola: Solve for Rydberg stage 1412/2372.
[INFO] Enola: Solve for Rydberg stage 1413/2372.
[INFO] Enola: Solve for Rydberg stage 1414/2372.
[INFO] Enola: Solve for Rydberg stage 1415/2372.
[INFO] Enola: Solve for Rydberg stage 1416/2372.
[INFO] Enola: Solve for Rydberg stage 1417/2372.
[INFO] Enola: Solve for Rydberg stage 1418/2372.
[INFO] Enola: Solve for Rydberg stage 1419/2372.
[INFO] Enola: Solve for Rydberg stage 1420/2372.
[INFO] Enola: Solve for Rydberg stage 1421/2372.
[INFO] Enola: Solve for Rydberg stage 1422/2372.
[INFO] Enola: Solve for Rydberg stage 1423/2372.
[INFO] Enola: Solve for Rydberg stage 1424/2372.
[INFO] Enola: Solve for Rydberg stage 1425/2372.
[INFO] Enola: Solve for Rydberg stage 1426/2372.
[INFO] Enola: Solve for Rydberg stage 1427/2372.
[INFO] Enola: Solve for Rydberg stage 1428/2372.
[INFO] Enola: Solve for Rydberg stage 1429/2372.
[INFO] Enola: Solve for Rydberg stage 1430/2372.
[INFO] Enola: Solve for Rydberg stage 1431/2372.
[INFO] Enola: Solve for Rydberg stage 1432/2372.
[INFO] Enola: Solve for Rydberg stage 1433/2372.
[INFO] Enola: Solve for Rydberg stage 1434/2372.
[INFO] Enola: Solve for Rydberg stage 1435/2372.
[INFO] Enola: Solve for Rydberg stage 1436/2372.
[INFO] Enola: Solve for Rydberg stage 1437/2372.
[INFO] Enola: Solve for Rydberg stage 1438/2372.
[INFO] Enola: Solve for Rydberg stage 1439/2372.
[INFO] Enola: Solve for Rydberg stage 1440/2372.
[INFO] Enola: Solve for Rydberg stage 1441/2372.
[INFO] Enola: Solve for Rydberg stage 1442/2372.
[INFO] Enola: Solve for Rydberg stage 1443/2372.
[INFO] Enola: Solve for Rydberg stage 1444/2372.
[INFO] Enola: Solve for Rydberg stage 1445/2372.
[INFO] Enola: Solve for Rydberg stage 1446/2372.
[INFO] Enola: Solve for Rydberg stage 1447/2372.
[INFO] Enola: Solve for Rydberg stage 1448/2372.
[INFO] Enola: Solve for Rydberg stage 1449/2372.
[INFO] Enola: Solve for Rydberg stage 1450/2372.
[INFO] Enola: Solve for Rydberg stage 1451/2372.
[INFO] Enola: Solve for Rydberg stage 1452/2372.
[INFO] Enola: Solve for Rydberg stage 1453/2372.
[INFO] Enola: Solve for Rydberg stage 1454/2372.
[INFO] Enola: Solve for Rydberg stage 1455/2372.
[INFO] Enola: Solve for Rydberg stage 1456/2372.
[INFO] Enola: Solve for Rydberg stage 1457/2372.
[INFO] Enola: Solve for Rydberg stage 1458/2372.
[INFO] Enola: Solve for Rydberg stage 1459/2372.
[INFO] Enola: Solve for Rydberg stage 1460/2372.
[INFO] Enola: Solve for Rydberg stage 1461/2372.
[INFO] Enola: Solve for Rydberg stage 1462/2372.
[INFO] Enola: Solve for Rydberg stage 1463/2372.
[INFO] Enola: Solve for Rydberg stage 1464/2372.
[INFO] Enola: Solve for Rydberg stage 1465/2372.
[INFO] Enola: Solve for Rydberg stage 1466/2372.
[INFO] Enola: Solve for Rydberg stage 1467/2372.
[INFO] Enola: Solve for Rydberg stage 1468/2372.
[INFO] Enola: Solve for Rydberg stage 1469/2372.
[INFO] Enola: Solve for Rydberg stage 1470/2372.
[INFO] Enola: Solve for Rydberg stage 1471/2372.
[INFO] Enola: Solve for Rydberg stage 1472/2372.
[INFO] Enola: Solve for Rydberg stage 1473/2372.
[INFO] Enola: Solve for Rydberg stage 1474/2372.
[INFO] Enola: Solve for Rydberg stage 1475/2372.
[INFO] Enola: Solve for Rydberg stage 1476/2372.
[INFO] Enola: Solve for Rydberg stage 1477/2372.
[INFO] Enola: Solve for Rydberg stage 1478/2372.
[INFO] Enola: Solve for Rydberg stage 1479/2372.
[INFO] Enola: Solve for Rydberg stage 1480/2372.
[INFO] Enola: Solve for Rydberg stage 1481/2372.
[INFO] Enola: Solve for Rydberg stage 1482/2372.
[INFO] Enola: Solve for Rydberg stage 1483/2372.
[INFO] Enola: Solve for Rydberg stage 1484/2372.
[INFO] Enola: Solve for Rydberg stage 1485/2372.
[INFO] Enola: Solve for Rydberg stage 1486/2372.
[INFO] Enola: Solve for Rydberg stage 1487/2372.
[INFO] Enola: Solve for Rydberg stage 1488/2372.
[INFO] Enola: Solve for Rydberg stage 1489/2372.
[INFO] Enola: Solve for Rydberg stage 1490/2372.
[INFO] Enola: Solve for Rydberg stage 1491/2372.
[INFO] Enola: Solve for Rydberg stage 1492/2372.
[INFO] Enola: Solve for Rydberg stage 1493/2372.
[INFO] Enola: Solve for Rydberg stage 1494/2372.
[INFO] Enola: Solve for Rydberg stage 1495/2372.
[INFO] Enola: Solve for Rydberg stage 1496/2372.
[INFO] Enola: Solve for Rydberg stage 1497/2372.
[INFO] Enola: Solve for Rydberg stage 1498/2372.
[INFO] Enola: Solve for Rydberg stage 1499/2372.
[INFO] Enola: Solve for Rydberg stage 1500/2372.
[INFO] Enola: Solve for Rydberg stage 1501/2372.
[INFO] Enola: Solve for Rydberg stage 1502/2372.
[INFO] Enola: Solve for Rydberg stage 1503/2372.
[INFO] Enola: Solve for Rydberg stage 1504/2372.
[INFO] Enola: Solve for Rydberg stage 1505/2372.
[INFO] Enola: Solve for Rydberg stage 1506/2372.
[INFO] Enola: Solve for Rydberg stage 1507/2372.
[INFO] Enola: Solve for Rydberg stage 1508/2372.
[INFO] Enola: Solve for Rydberg stage 1509/2372.
[INFO] Enola: Solve for Rydberg stage 1510/2372.
[INFO] Enola: Solve for Rydberg stage 1511/2372.
[INFO] Enola: Solve for Rydberg stage 1512/2372.
[INFO] Enola: Solve for Rydberg stage 1513/2372.
[INFO] Enola: Solve for Rydberg stage 1514/2372.
[INFO] Enola: Solve for Rydberg stage 1515/2372.
[INFO] Enola: Solve for Rydberg stage 1516/2372.
[INFO] Enola: Solve for Rydberg stage 1517/2372.
[INFO] Enola: Solve for Rydberg stage 1518/2372.
[INFO] Enola: Solve for Rydberg stage 1519/2372.
[INFO] Enola: Solve for Rydberg stage 1520/2372.
[INFO] Enola: Solve for Rydberg stage 1521/2372.
[INFO] Enola: Solve for Rydberg stage 1522/2372.
[INFO] Enola: Solve for Rydberg stage 1523/2372.
[INFO] Enola: Solve for Rydberg stage 1524/2372.
[INFO] Enola: Solve for Rydberg stage 1525/2372.
[INFO] Enola: Solve for Rydberg stage 1526/2372.
[INFO] Enola: Solve for Rydberg stage 1527/2372.
[INFO] Enola: Solve for Rydberg stage 1528/2372.
[INFO] Enola: Solve for Rydberg stage 1529/2372.
[INFO] Enola: Solve for Rydberg stage 1530/2372.
[INFO] Enola: Solve for Rydberg stage 1531/2372.
[INFO] Enola: Solve for Rydberg stage 1532/2372.
[INFO] Enola: Solve for Rydberg stage 1533/2372.
[INFO] Enola: Solve for Rydberg stage 1534/2372.
[INFO] Enola: Solve for Rydberg stage 1535/2372.
[INFO] Enola: Solve for Rydberg stage 1536/2372.
[INFO] Enola: Solve for Rydberg stage 1537/2372.
[INFO] Enola: Solve for Rydberg stage 1538/2372.
[INFO] Enola: Solve for Rydberg stage 1539/2372.
[INFO] Enola: Solve for Rydberg stage 1540/2372.
[INFO] Enola: Solve for Rydberg stage 1541/2372.
[INFO] Enola: Solve for Rydberg stage 1542/2372.
[INFO] Enola: Solve for Rydberg stage 1543/2372.
[INFO] Enola: Solve for Rydberg stage 1544/2372.
[INFO] Enola: Solve for Rydberg stage 1545/2372.
[INFO] Enola: Solve for Rydberg stage 1546/2372.
[INFO] Enola: Solve for Rydberg stage 1547/2372.
[INFO] Enola: Solve for Rydberg stage 1548/2372.
[INFO] Enola: Solve for Rydberg stage 1549/2372.
[INFO] Enola: Solve for Rydberg stage 1550/2372.
[INFO] Enola: Solve for Rydberg stage 1551/2372.
[INFO] Enola: Solve for Rydberg stage 1552/2372.
[INFO] Enola: Solve for Rydberg stage 1553/2372.
[INFO] Enola: Solve for Rydberg stage 1554/2372.
[INFO] Enola: Solve for Rydberg stage 1555/2372.
[INFO] Enola: Solve for Rydberg stage 1556/2372.
[INFO] Enola: Solve for Rydberg stage 1557/2372.
[INFO] Enola: Solve for Rydberg stage 1558/2372.
[INFO] Enola: Solve for Rydberg stage 1559/2372.
[INFO] Enola: Solve for Rydberg stage 1560/2372.
[INFO] Enola: Solve for Rydberg stage 1561/2372.
[INFO] Enola: Solve for Rydberg stage 1562/2372.
[INFO] Enola: Solve for Rydberg stage 1563/2372.
[INFO] Enola: Solve for Rydberg stage 1564/2372.
[INFO] Enola: Solve for Rydberg stage 1565/2372.
[INFO] Enola: Solve for Rydberg stage 1566/2372.
[INFO] Enola: Solve for Rydberg stage 1567/2372.
[INFO] Enola: Solve for Rydberg stage 1568/2372.
[INFO] Enola: Solve for Rydberg stage 1569/2372.
[INFO] Enola: Solve for Rydberg stage 1570/2372.
[INFO] Enola: Solve for Rydberg stage 1571/2372.
[INFO] Enola: Solve for Rydberg stage 1572/2372.
[INFO] Enola: Solve for Rydberg stage 1573/2372.
[INFO] Enola: Solve for Rydberg stage 1574/2372.
[INFO] Enola: Solve for Rydberg stage 1575/2372.
[INFO] Enola: Solve for Rydberg stage 1576/2372.
[INFO] Enola: Solve for Rydberg stage 1577/2372.
[INFO] Enola: Solve for Rydberg stage 1578/2372.
[INFO] Enola: Solve for Rydberg stage 1579/2372.
[INFO] Enola: Solve for Rydberg stage 1580/2372.
[INFO] Enola: Solve for Rydberg stage 1581/2372.
[INFO] Enola: Solve for Rydberg stage 1582/2372.
[INFO] Enola: Solve for Rydberg stage 1583/2372.
[INFO] Enola: Solve for Rydberg stage 1584/2372.
[INFO] Enola: Solve for Rydberg stage 1585/2372.
[INFO] Enola: Solve for Rydberg stage 1586/2372.
[INFO] Enola: Solve for Rydberg stage 1587/2372.
[INFO] Enola: Solve for Rydberg stage 1588/2372.
[INFO] Enola: Solve for Rydberg stage 1589/2372.
[INFO] Enola: Solve for Rydberg stage 1590/2372.
[INFO] Enola: Solve for Rydberg stage 1591/2372.
[INFO] Enola: Solve for Rydberg stage 1592/2372.
[INFO] Enola: Solve for Rydberg stage 1593/2372.
[INFO] Enola: Solve for Rydberg stage 1594/2372.
[INFO] Enola: Solve for Rydberg stage 1595/2372.
[INFO] Enola: Solve for Rydberg stage 1596/2372.
[INFO] Enola: Solve for Rydberg stage 1597/2372.
[INFO] Enola: Solve for Rydberg stage 1598/2372.
[INFO] Enola: Solve for Rydberg stage 1599/2372.
[INFO] Enola: Solve for Rydberg stage 1600/2372.
[INFO] Enola: Solve for Rydberg stage 1601/2372.
[INFO] Enola: Solve for Rydberg stage 1602/2372.
[INFO] Enola: Solve for Rydberg stage 1603/2372.
[INFO] Enola: Solve for Rydberg stage 1604/2372.
[INFO] Enola: Solve for Rydberg stage 1605/2372.
[INFO] Enola: Solve for Rydberg stage 1606/2372.
[INFO] Enola: Solve for Rydberg stage 1607/2372.
[INFO] Enola: Solve for Rydberg stage 1608/2372.
[INFO] Enola: Solve for Rydberg stage 1609/2372.
[INFO] Enola: Solve for Rydberg stage 1610/2372.
[INFO] Enola: Solve for Rydberg stage 1611/2372.
[INFO] Enola: Solve for Rydberg stage 1612/2372.
[INFO] Enola: Solve for Rydberg stage 1613/2372.
[INFO] Enola: Solve for Rydberg stage 1614/2372.
[INFO] Enola: Solve for Rydberg stage 1615/2372.
[INFO] Enola: Solve for Rydberg stage 1616/2372.
[INFO] Enola: Solve for Rydberg stage 1617/2372.
[INFO] Enola: Solve for Rydberg stage 1618/2372.
[INFO] Enola: Solve for Rydberg stage 1619/2372.
[INFO] Enola: Solve for Rydberg stage 1620/2372.
[INFO] Enola: Solve for Rydberg stage 1621/2372.
[INFO] Enola: Solve for Rydberg stage 1622/2372.
[INFO] Enola: Solve for Rydberg stage 1623/2372.
[INFO] Enola: Solve for Rydberg stage 1624/2372.
[INFO] Enola: Solve for Rydberg stage 1625/2372.
[INFO] Enola: Solve for Rydberg stage 1626/2372.
[INFO] Enola: Solve for Rydberg stage 1627/2372.
[INFO] Enola: Solve for Rydberg stage 1628/2372.
[INFO] Enola: Solve for Rydberg stage 1629/2372.
[INFO] Enola: Solve for Rydberg stage 1630/2372.
[INFO] Enola: Solve for Rydberg stage 1631/2372.
[INFO] Enola: Solve for Rydberg stage 1632/2372.
[INFO] Enola: Solve for Rydberg stage 1633/2372.
[INFO] Enola: Solve for Rydberg stage 1634/2372.
[INFO] Enola: Solve for Rydberg stage 1635/2372.
[INFO] Enola: Solve for Rydberg stage 1636/2372.
[INFO] Enola: Solve for Rydberg stage 1637/2372.
[INFO] Enola: Solve for Rydberg stage 1638/2372.
[INFO] Enola: Solve for Rydberg stage 1639/2372.
[INFO] Enola: Solve for Rydberg stage 1640/2372.
[INFO] Enola: Solve for Rydberg stage 1641/2372.
[INFO] Enola: Solve for Rydberg stage 1642/2372.
[INFO] Enola: Solve for Rydberg stage 1643/2372.
[INFO] Enola: Solve for Rydberg stage 1644/2372.
[INFO] Enola: Solve for Rydberg stage 1645/2372.
[INFO] Enola: Solve for Rydberg stage 1646/2372.
[INFO] Enola: Solve for Rydberg stage 1647/2372.
[INFO] Enola: Solve for Rydberg stage 1648/2372.
[INFO] Enola: Solve for Rydberg stage 1649/2372.
[INFO] Enola: Solve for Rydberg stage 1650/2372.
[INFO] Enola: Solve for Rydberg stage 1651/2372.
[INFO] Enola: Solve for Rydberg stage 1652/2372.
[INFO] Enola: Solve for Rydberg stage 1653/2372.
[INFO] Enola: Solve for Rydberg stage 1654/2372.
[INFO] Enola: Solve for Rydberg stage 1655/2372.
[INFO] Enola: Solve for Rydberg stage 1656/2372.
[INFO] Enola: Solve for Rydberg stage 1657/2372.
[INFO] Enola: Solve for Rydberg stage 1658/2372.
[INFO] Enola: Solve for Rydberg stage 1659/2372.
[INFO] Enola: Solve for Rydberg stage 1660/2372.
[INFO] Enola: Solve for Rydberg stage 1661/2372.
[INFO] Enola: Solve for Rydberg stage 1662/2372.
[INFO] Enola: Solve for Rydberg stage 1663/2372.
[INFO] Enola: Solve for Rydberg stage 1664/2372.
[INFO] Enola: Solve for Rydberg stage 1665/2372.
[INFO] Enola: Solve for Rydberg stage 1666/2372.
[INFO] Enola: Solve for Rydberg stage 1667/2372.
[INFO] Enola: Solve for Rydberg stage 1668/2372.
[INFO] Enola: Solve for Rydberg stage 1669/2372.
[INFO] Enola: Solve for Rydberg stage 1670/2372.
[INFO] Enola: Solve for Rydberg stage 1671/2372.
[INFO] Enola: Solve for Rydberg stage 1672/2372.
[INFO] Enola: Solve for Rydberg stage 1673/2372.
[INFO] Enola: Solve for Rydberg stage 1674/2372.
[INFO] Enola: Solve for Rydberg stage 1675/2372.
[INFO] Enola: Solve for Rydberg stage 1676/2372.
[INFO] Enola: Solve for Rydberg stage 1677/2372.
[INFO] Enola: Solve for Rydberg stage 1678/2372.
[INFO] Enola: Solve for Rydberg stage 1679/2372.
[INFO] Enola: Solve for Rydberg stage 1680/2372.
[INFO] Enola: Solve for Rydberg stage 1681/2372.
[INFO] Enola: Solve for Rydberg stage 1682/2372.
[INFO] Enola: Solve for Rydberg stage 1683/2372.
[INFO] Enola: Solve for Rydberg stage 1684/2372.
[INFO] Enola: Solve for Rydberg stage 1685/2372.
[INFO] Enola: Solve for Rydberg stage 1686/2372.
[INFO] Enola: Solve for Rydberg stage 1687/2372.
[INFO] Enola: Solve for Rydberg stage 1688/2372.
[INFO] Enola: Solve for Rydberg stage 1689/2372.
[INFO] Enola: Solve for Rydberg stage 1690/2372.
[INFO] Enola: Solve for Rydberg stage 1691/2372.
[INFO] Enola: Solve for Rydberg stage 1692/2372.
[INFO] Enola: Solve for Rydberg stage 1693/2372.
[INFO] Enola: Solve for Rydberg stage 1694/2372.
[INFO] Enola: Solve for Rydberg stage 1695/2372.
[INFO] Enola: Solve for Rydberg stage 1696/2372.
[INFO] Enola: Solve for Rydberg stage 1697/2372.
[INFO] Enola: Solve for Rydberg stage 1698/2372.
[INFO] Enola: Solve for Rydberg stage 1699/2372.
[INFO] Enola: Solve for Rydberg stage 1700/2372.
[INFO] Enola: Solve for Rydberg stage 1701/2372.
[INFO] Enola: Solve for Rydberg stage 1702/2372.
[INFO] Enola: Solve for Rydberg stage 1703/2372.
[INFO] Enola: Solve for Rydberg stage 1704/2372.
[INFO] Enola: Solve for Rydberg stage 1705/2372.
[INFO] Enola: Solve for Rydberg stage 1706/2372.
[INFO] Enola: Solve for Rydberg stage 1707/2372.
[INFO] Enola: Solve for Rydberg stage 1708/2372.
[INFO] Enola: Solve for Rydberg stage 1709/2372.
[INFO] Enola: Solve for Rydberg stage 1710/2372.
[INFO] Enola: Solve for Rydberg stage 1711/2372.
[INFO] Enola: Solve for Rydberg stage 1712/2372.
[INFO] Enola: Solve for Rydberg stage 1713/2372.
[INFO] Enola: Solve for Rydberg stage 1714/2372.
[INFO] Enola: Solve for Rydberg stage 1715/2372.
[INFO] Enola: Solve for Rydberg stage 1716/2372.
[INFO] Enola: Solve for Rydberg stage 1717/2372.
[INFO] Enola: Solve for Rydberg stage 1718/2372.
[INFO] Enola: Solve for Rydberg stage 1719/2372.
[INFO] Enola: Solve for Rydberg stage 1720/2372.
[INFO] Enola: Solve for Rydberg stage 1721/2372.
[INFO] Enola: Solve for Rydberg stage 1722/2372.
[INFO] Enola: Solve for Rydberg stage 1723/2372.
[INFO] Enola: Solve for Rydberg stage 1724/2372.
[INFO] Enola: Solve for Rydberg stage 1725/2372.
[INFO] Enola: Solve for Rydberg stage 1726/2372.
[INFO] Enola: Solve for Rydberg stage 1727/2372.
[INFO] Enola: Solve for Rydberg stage 1728/2372.
[INFO] Enola: Solve for Rydberg stage 1729/2372.
[INFO] Enola: Solve for Rydberg stage 1730/2372.
[INFO] Enola: Solve for Rydberg stage 1731/2372.
[INFO] Enola: Solve for Rydberg stage 1732/2372.
[INFO] Enola: Solve for Rydberg stage 1733/2372.
[INFO] Enola: Solve for Rydberg stage 1734/2372.
[INFO] Enola: Solve for Rydberg stage 1735/2372.
[INFO] Enola: Solve for Rydberg stage 1736/2372.
[INFO] Enola: Solve for Rydberg stage 1737/2372.
[INFO] Enola: Solve for Rydberg stage 1738/2372.
[INFO] Enola: Solve for Rydberg stage 1739/2372.
[INFO] Enola: Solve for Rydberg stage 1740/2372.
[INFO] Enola: Solve for Rydberg stage 1741/2372.
[INFO] Enola: Solve for Rydberg stage 1742/2372.
[INFO] Enola: Solve for Rydberg stage 1743/2372.
[INFO] Enola: Solve for Rydberg stage 1744/2372.
[INFO] Enola: Solve for Rydberg stage 1745/2372.
[INFO] Enola: Solve for Rydberg stage 1746/2372.
[INFO] Enola: Solve for Rydberg stage 1747/2372.
[INFO] Enola: Solve for Rydberg stage 1748/2372.
[INFO] Enola: Solve for Rydberg stage 1749/2372.
[INFO] Enola: Solve for Rydberg stage 1750/2372.
[INFO] Enola: Solve for Rydberg stage 1751/2372.
[INFO] Enola: Solve for Rydberg stage 1752/2372.
[INFO] Enola: Solve for Rydberg stage 1753/2372.
[INFO] Enola: Solve for Rydberg stage 1754/2372.
[INFO] Enola: Solve for Rydberg stage 1755/2372.
[INFO] Enola: Solve for Rydberg stage 1756/2372.
[INFO] Enola: Solve for Rydberg stage 1757/2372.
[INFO] Enola: Solve for Rydberg stage 1758/2372.
[INFO] Enola: Solve for Rydberg stage 1759/2372.
[INFO] Enola: Solve for Rydberg stage 1760/2372.
[INFO] Enola: Solve for Rydberg stage 1761/2372.
[INFO] Enola: Solve for Rydberg stage 1762/2372.
[INFO] Enola: Solve for Rydberg stage 1763/2372.
[INFO] Enola: Solve for Rydberg stage 1764/2372.
[INFO] Enola: Solve for Rydberg stage 1765/2372.
[INFO] Enola: Solve for Rydberg stage 1766/2372.
[INFO] Enola: Solve for Rydberg stage 1767/2372.
[INFO] Enola: Solve for Rydberg stage 1768/2372.
[INFO] Enola: Solve for Rydberg stage 1769/2372.
[INFO] Enola: Solve for Rydberg stage 1770/2372.
[INFO] Enola: Solve for Rydberg stage 1771/2372.
[INFO] Enola: Solve for Rydberg stage 1772/2372.
[INFO] Enola: Solve for Rydberg stage 1773/2372.
[INFO] Enola: Solve for Rydberg stage 1774/2372.
[INFO] Enola: Solve for Rydberg stage 1775/2372.
[INFO] Enola: Solve for Rydberg stage 1776/2372.
[INFO] Enola: Solve for Rydberg stage 1777/2372.
[INFO] Enola: Solve for Rydberg stage 1778/2372.
[INFO] Enola: Solve for Rydberg stage 1779/2372.
[INFO] Enola: Solve for Rydberg stage 1780/2372.
[INFO] Enola: Solve for Rydberg stage 1781/2372.
[INFO] Enola: Solve for Rydberg stage 1782/2372.
[INFO] Enola: Solve for Rydberg stage 1783/2372.
[INFO] Enola: Solve for Rydberg stage 1784/2372.
[INFO] Enola: Solve for Rydberg stage 1785/2372.
[INFO] Enola: Solve for Rydberg stage 1786/2372.
[INFO] Enola: Solve for Rydberg stage 1787/2372.
[INFO] Enola: Solve for Rydberg stage 1788/2372.
[INFO] Enola: Solve for Rydberg stage 1789/2372.
[INFO] Enola: Solve for Rydberg stage 1790/2372.
[INFO] Enola: Solve for Rydberg stage 1791/2372.
[INFO] Enola: Solve for Rydberg stage 1792/2372.
[INFO] Enola: Solve for Rydberg stage 1793/2372.
[INFO] Enola: Solve for Rydberg stage 1794/2372.
[INFO] Enola: Solve for Rydberg stage 1795/2372.
[INFO] Enola: Solve for Rydberg stage 1796/2372.
[INFO] Enola: Solve for Rydberg stage 1797/2372.
[INFO] Enola: Solve for Rydberg stage 1798/2372.
[INFO] Enola: Solve for Rydberg stage 1799/2372.
[INFO] Enola: Solve for Rydberg stage 1800/2372.
[INFO] Enola: Solve for Rydberg stage 1801/2372.
[INFO] Enola: Solve for Rydberg stage 1802/2372.
[INFO] Enola: Solve for Rydberg stage 1803/2372.
[INFO] Enola: Solve for Rydberg stage 1804/2372.
[INFO] Enola: Solve for Rydberg stage 1805/2372.
[INFO] Enola: Solve for Rydberg stage 1806/2372.
[INFO] Enola: Solve for Rydberg stage 1807/2372.
[INFO] Enola: Solve for Rydberg stage 1808/2372.
[INFO] Enola: Solve for Rydberg stage 1809/2372.
[INFO] Enola: Solve for Rydberg stage 1810/2372.
[INFO] Enola: Solve for Rydberg stage 1811/2372.
[INFO] Enola: Solve for Rydberg stage 1812/2372.
[INFO] Enola: Solve for Rydberg stage 1813/2372.
[INFO] Enola: Solve for Rydberg stage 1814/2372.
[INFO] Enola: Solve for Rydberg stage 1815/2372.
[INFO] Enola: Solve for Rydberg stage 1816/2372.
[INFO] Enola: Solve for Rydberg stage 1817/2372.
[INFO] Enola: Solve for Rydberg stage 1818/2372.
[INFO] Enola: Solve for Rydberg stage 1819/2372.
[INFO] Enola: Solve for Rydberg stage 1820/2372.
[INFO] Enola: Solve for Rydberg stage 1821/2372.
[INFO] Enola: Solve for Rydberg stage 1822/2372.
[INFO] Enola: Solve for Rydberg stage 1823/2372.
[INFO] Enola: Solve for Rydberg stage 1824/2372.
[INFO] Enola: Solve for Rydberg stage 1825/2372.
[INFO] Enola: Solve for Rydberg stage 1826/2372.
[INFO] Enola: Solve for Rydberg stage 1827/2372.
[INFO] Enola: Solve for Rydberg stage 1828/2372.
[INFO] Enola: Solve for Rydberg stage 1829/2372.
[INFO] Enola: Solve for Rydberg stage 1830/2372.
[INFO] Enola: Solve for Rydberg stage 1831/2372.
[INFO] Enola: Solve for Rydberg stage 1832/2372.
[INFO] Enola: Solve for Rydberg stage 1833/2372.
[INFO] Enola: Solve for Rydberg stage 1834/2372.
[INFO] Enola: Solve for Rydberg stage 1835/2372.
[INFO] Enola: Solve for Rydberg stage 1836/2372.
[INFO] Enola: Solve for Rydberg stage 1837/2372.
[INFO] Enola: Solve for Rydberg stage 1838/2372.
[INFO] Enola: Solve for Rydberg stage 1839/2372.
[INFO] Enola: Solve for Rydberg stage 1840/2372.
[INFO] Enola: Solve for Rydberg stage 1841/2372.
[INFO] Enola: Solve for Rydberg stage 1842/2372.
[INFO] Enola: Solve for Rydberg stage 1843/2372.
[INFO] Enola: Solve for Rydberg stage 1844/2372.
[INFO] Enola: Solve for Rydberg stage 1845/2372.
[INFO] Enola: Solve for Rydberg stage 1846/2372.
[INFO] Enola: Solve for Rydberg stage 1847/2372.
[INFO] Enola: Solve for Rydberg stage 1848/2372.
[INFO] Enola: Solve for Rydberg stage 1849/2372.
[INFO] Enola: Solve for Rydberg stage 1850/2372.
[INFO] Enola: Solve for Rydberg stage 1851/2372.
[INFO] Enola: Solve for Rydberg stage 1852/2372.
[INFO] Enola: Solve for Rydberg stage 1853/2372.
[INFO] Enola: Solve for Rydberg stage 1854/2372.
[INFO] Enola: Solve for Rydberg stage 1855/2372.
[INFO] Enola: Solve for Rydberg stage 1856/2372.
[INFO] Enola: Solve for Rydberg stage 1857/2372.
[INFO] Enola: Solve for Rydberg stage 1858/2372.
[INFO] Enola: Solve for Rydberg stage 1859/2372.
[INFO] Enola: Solve for Rydberg stage 1860/2372.
[INFO] Enola: Solve for Rydberg stage 1861/2372.
[INFO] Enola: Solve for Rydberg stage 1862/2372.
[INFO] Enola: Solve for Rydberg stage 1863/2372.
[INFO] Enola: Solve for Rydberg stage 1864/2372.
[INFO] Enola: Solve for Rydberg stage 1865/2372.
[INFO] Enola: Solve for Rydberg stage 1866/2372.
[INFO] Enola: Solve for Rydberg stage 1867/2372.
[INFO] Enola: Solve for Rydberg stage 1868/2372.
[INFO] Enola: Solve for Rydberg stage 1869/2372.
[INFO] Enola: Solve for Rydberg stage 1870/2372.
[INFO] Enola: Solve for Rydberg stage 1871/2372.
[INFO] Enola: Solve for Rydberg stage 1872/2372.
[INFO] Enola: Solve for Rydberg stage 1873/2372.
[INFO] Enola: Solve for Rydberg stage 1874/2372.
[INFO] Enola: Solve for Rydberg stage 1875/2372.
[INFO] Enola: Solve for Rydberg stage 1876/2372.
[INFO] Enola: Solve for Rydberg stage 1877/2372.
[INFO] Enola: Solve for Rydberg stage 1878/2372.
[INFO] Enola: Solve for Rydberg stage 1879/2372.
[INFO] Enola: Solve for Rydberg stage 1880/2372.
[INFO] Enola: Solve for Rydberg stage 1881/2372.
[INFO] Enola: Solve for Rydberg stage 1882/2372.
[INFO] Enola: Solve for Rydberg stage 1883/2372.
[INFO] Enola: Solve for Rydberg stage 1884/2372.
[INFO] Enola: Solve for Rydberg stage 1885/2372.
[INFO] Enola: Solve for Rydberg stage 1886/2372.
[INFO] Enola: Solve for Rydberg stage 1887/2372.
[INFO] Enola: Solve for Rydberg stage 1888/2372.
[INFO] Enola: Solve for Rydberg stage 1889/2372.
[INFO] Enola: Solve for Rydberg stage 1890/2372.
[INFO] Enola: Solve for Rydberg stage 1891/2372.
[INFO] Enola: Solve for Rydberg stage 1892/2372.
[INFO] Enola: Solve for Rydberg stage 1893/2372.
[INFO] Enola: Solve for Rydberg stage 1894/2372.
[INFO] Enola: Solve for Rydberg stage 1895/2372.
[INFO] Enola: Solve for Rydberg stage 1896/2372.
[INFO] Enola: Solve for Rydberg stage 1897/2372.
[INFO] Enola: Solve for Rydberg stage 1898/2372.
[INFO] Enola: Solve for Rydberg stage 1899/2372.
[INFO] Enola: Solve for Rydberg stage 1900/2372.
[INFO] Enola: Solve for Rydberg stage 1901/2372.
[INFO] Enola: Solve for Rydberg stage 1902/2372.
[INFO] Enola: Solve for Rydberg stage 1903/2372.
[INFO] Enola: Solve for Rydberg stage 1904/2372.
[INFO] Enola: Solve for Rydberg stage 1905/2372.
[INFO] Enola: Solve for Rydberg stage 1906/2372.
[INFO] Enola: Solve for Rydberg stage 1907/2372.
[INFO] Enola: Solve for Rydberg stage 1908/2372.
[INFO] Enola: Solve for Rydberg stage 1909/2372.
[INFO] Enola: Solve for Rydberg stage 1910/2372.
[INFO] Enola: Solve for Rydberg stage 1911/2372.
[INFO] Enola: Solve for Rydberg stage 1912/2372.
[INFO] Enola: Solve for Rydberg stage 1913/2372.
[INFO] Enola: Solve for Rydberg stage 1914/2372.
[INFO] Enola: Solve for Rydberg stage 1915/2372.
[INFO] Enola: Solve for Rydberg stage 1916/2372.
[INFO] Enola: Solve for Rydberg stage 1917/2372.
[INFO] Enola: Solve for Rydberg stage 1918/2372.
[INFO] Enola: Solve for Rydberg stage 1919/2372.
[INFO] Enola: Solve for Rydberg stage 1920/2372.
[INFO] Enola: Solve for Rydberg stage 1921/2372.
[INFO] Enola: Solve for Rydberg stage 1922/2372.
[INFO] Enola: Solve for Rydberg stage 1923/2372.
[INFO] Enola: Solve for Rydberg stage 1924/2372.
[INFO] Enola: Solve for Rydberg stage 1925/2372.
[INFO] Enola: Solve for Rydberg stage 1926/2372.
[INFO] Enola: Solve for Rydberg stage 1927/2372.
[INFO] Enola: Solve for Rydberg stage 1928/2372.
[INFO] Enola: Solve for Rydberg stage 1929/2372.
[INFO] Enola: Solve for Rydberg stage 1930/2372.
[INFO] Enola: Solve for Rydberg stage 1931/2372.
[INFO] Enola: Solve for Rydberg stage 1932/2372.
[INFO] Enola: Solve for Rydberg stage 1933/2372.
[INFO] Enola: Solve for Rydberg stage 1934/2372.
[INFO] Enola: Solve for Rydberg stage 1935/2372.
[INFO] Enola: Solve for Rydberg stage 1936/2372.
[INFO] Enola: Solve for Rydberg stage 1937/2372.
[INFO] Enola: Solve for Rydberg stage 1938/2372.
[INFO] Enola: Solve for Rydberg stage 1939/2372.
[INFO] Enola: Solve for Rydberg stage 1940/2372.
[INFO] Enola: Solve for Rydberg stage 1941/2372.
[INFO] Enola: Solve for Rydberg stage 1942/2372.
[INFO] Enola: Solve for Rydberg stage 1943/2372.
[INFO] Enola: Solve for Rydberg stage 1944/2372.
[INFO] Enola: Solve for Rydberg stage 1945/2372.
[INFO] Enola: Solve for Rydberg stage 1946/2372.
[INFO] Enola: Solve for Rydberg stage 1947/2372.
[INFO] Enola: Solve for Rydberg stage 1948/2372.
[INFO] Enola: Solve for Rydberg stage 1949/2372.
[INFO] Enola: Solve for Rydberg stage 1950/2372.
[INFO] Enola: Solve for Rydberg stage 1951/2372.
[INFO] Enola: Solve for Rydberg stage 1952/2372.
[INFO] Enola: Solve for Rydberg stage 1953/2372.
[INFO] Enola: Solve for Rydberg stage 1954/2372.
[INFO] Enola: Solve for Rydberg stage 1955/2372.
[INFO] Enola: Solve for Rydberg stage 1956/2372.
[INFO] Enola: Solve for Rydberg stage 1957/2372.
[INFO] Enola: Solve for Rydberg stage 1958/2372.
[INFO] Enola: Solve for Rydberg stage 1959/2372.
[INFO] Enola: Solve for Rydberg stage 1960/2372.
[INFO] Enola: Solve for Rydberg stage 1961/2372.
[INFO] Enola: Solve for Rydberg stage 1962/2372.
[INFO] Enola: Solve for Rydberg stage 1963/2372.
[INFO] Enola: Solve for Rydberg stage 1964/2372.
[INFO] Enola: Solve for Rydberg stage 1965/2372.
[INFO] Enola: Solve for Rydberg stage 1966/2372.
[INFO] Enola: Solve for Rydberg stage 1967/2372.
[INFO] Enola: Solve for Rydberg stage 1968/2372.
[INFO] Enola: Solve for Rydberg stage 1969/2372.
[INFO] Enola: Solve for Rydberg stage 1970/2372.
[INFO] Enola: Solve for Rydberg stage 1971/2372.
[INFO] Enola: Solve for Rydberg stage 1972/2372.
[INFO] Enola: Solve for Rydberg stage 1973/2372.
[INFO] Enola: Solve for Rydberg stage 1974/2372.
[INFO] Enola: Solve for Rydberg stage 1975/2372.
[INFO] Enola: Solve for Rydberg stage 1976/2372.
[INFO] Enola: Solve for Rydberg stage 1977/2372.
[INFO] Enola: Solve for Rydberg stage 1978/2372.
[INFO] Enola: Solve for Rydberg stage 1979/2372.
[INFO] Enola: Solve for Rydberg stage 1980/2372.
[INFO] Enola: Solve for Rydberg stage 1981/2372.
[INFO] Enola: Solve for Rydberg stage 1982/2372.
[INFO] Enola: Solve for Rydberg stage 1983/2372.
[INFO] Enola: Solve for Rydberg stage 1984/2372.
[INFO] Enola: Solve for Rydberg stage 1985/2372.
[INFO] Enola: Solve for Rydberg stage 1986/2372.
[INFO] Enola: Solve for Rydberg stage 1987/2372.
[INFO] Enola: Solve for Rydberg stage 1988/2372.
[INFO] Enola: Solve for Rydberg stage 1989/2372.
[INFO] Enola: Solve for Rydberg stage 1990/2372.
[INFO] Enola: Solve for Rydberg stage 1991/2372.
[INFO] Enola: Solve for Rydberg stage 1992/2372.
[INFO] Enola: Solve for Rydberg stage 1993/2372.
[INFO] Enola: Solve for Rydberg stage 1994/2372.
[INFO] Enola: Solve for Rydberg stage 1995/2372.
[INFO] Enola: Solve for Rydberg stage 1996/2372.
[INFO] Enola: Solve for Rydberg stage 1997/2372.
[INFO] Enola: Solve for Rydberg stage 1998/2372.
[INFO] Enola: Solve for Rydberg stage 1999/2372.
[INFO] Enola: Solve for Rydberg stage 2000/2372.
[INFO] Enola: Solve for Rydberg stage 2001/2372.
[INFO] Enola: Solve for Rydberg stage 2002/2372.
[INFO] Enola: Solve for Rydberg stage 2003/2372.
[INFO] Enola: Solve for Rydberg stage 2004/2372.
[INFO] Enola: Solve for Rydberg stage 2005/2372.
[INFO] Enola: Solve for Rydberg stage 2006/2372.
[INFO] Enola: Solve for Rydberg stage 2007/2372.
[INFO] Enola: Solve for Rydberg stage 2008/2372.
[INFO] Enola: Solve for Rydberg stage 2009/2372.
[INFO] Enola: Solve for Rydberg stage 2010/2372.
[INFO] Enola: Solve for Rydberg stage 2011/2372.
[INFO] Enola: Solve for Rydberg stage 2012/2372.
[INFO] Enola: Solve for Rydberg stage 2013/2372.
[INFO] Enola: Solve for Rydberg stage 2014/2372.
[INFO] Enola: Solve for Rydberg stage 2015/2372.
[INFO] Enola: Solve for Rydberg stage 2016/2372.
[INFO] Enola: Solve for Rydberg stage 2017/2372.
[INFO] Enola: Solve for Rydberg stage 2018/2372.
[INFO] Enola: Solve for Rydberg stage 2019/2372.
[INFO] Enola: Solve for Rydberg stage 2020/2372.
[INFO] Enola: Solve for Rydberg stage 2021/2372.
[INFO] Enola: Solve for Rydberg stage 2022/2372.
[INFO] Enola: Solve for Rydberg stage 2023/2372.
[INFO] Enola: Solve for Rydberg stage 2024/2372.
[INFO] Enola: Solve for Rydberg stage 2025/2372.
[INFO] Enola: Solve for Rydberg stage 2026/2372.
[INFO] Enola: Solve for Rydberg stage 2027/2372.
[INFO] Enola: Solve for Rydberg stage 2028/2372.
[INFO] Enola: Solve for Rydberg stage 2029/2372.
[INFO] Enola: Solve for Rydberg stage 2030/2372.
[INFO] Enola: Solve for Rydberg stage 2031/2372.
[INFO] Enola: Solve for Rydberg stage 2032/2372.
[INFO] Enola: Solve for Rydberg stage 2033/2372.
[INFO] Enola: Solve for Rydberg stage 2034/2372.
[INFO] Enola: Solve for Rydberg stage 2035/2372.
[INFO] Enola: Solve for Rydberg stage 2036/2372.
[INFO] Enola: Solve for Rydberg stage 2037/2372.
[INFO] Enola: Solve for Rydberg stage 2038/2372.
[INFO] Enola: Solve for Rydberg stage 2039/2372.
[INFO] Enola: Solve for Rydberg stage 2040/2372.
[INFO] Enola: Solve for Rydberg stage 2041/2372.
[INFO] Enola: Solve for Rydberg stage 2042/2372.
[INFO] Enola: Solve for Rydberg stage 2043/2372.
[INFO] Enola: Solve for Rydberg stage 2044/2372.
[INFO] Enola: Solve for Rydberg stage 2045/2372.
[INFO] Enola: Solve for Rydberg stage 2046/2372.
[INFO] Enola: Solve for Rydberg stage 2047/2372.
[INFO] Enola: Solve for Rydberg stage 2048/2372.
[INFO] Enola: Solve for Rydberg stage 2049/2372.
[INFO] Enola: Solve for Rydberg stage 2050/2372.
[INFO] Enola: Solve for Rydberg stage 2051/2372.
[INFO] Enola: Solve for Rydberg stage 2052/2372.
[INFO] Enola: Solve for Rydberg stage 2053/2372.
[INFO] Enola: Solve for Rydberg stage 2054/2372.
[INFO] Enola: Solve for Rydberg stage 2055/2372.
[INFO] Enola: Solve for Rydberg stage 2056/2372.
[INFO] Enola: Solve for Rydberg stage 2057/2372.
[INFO] Enola: Solve for Rydberg stage 2058/2372.
[INFO] Enola: Solve for Rydberg stage 2059/2372.
[INFO] Enola: Solve for Rydberg stage 2060/2372.
[INFO] Enola: Solve for Rydberg stage 2061/2372.
[INFO] Enola: Solve for Rydberg stage 2062/2372.
[INFO] Enola: Solve for Rydberg stage 2063/2372.
[INFO] Enola: Solve for Rydberg stage 2064/2372.
[INFO] Enola: Solve for Rydberg stage 2065/2372.
[INFO] Enola: Solve for Rydberg stage 2066/2372.
[INFO] Enola: Solve for Rydberg stage 2067/2372.
[INFO] Enola: Solve for Rydberg stage 2068/2372.
[INFO] Enola: Solve for Rydberg stage 2069/2372.
[INFO] Enola: Solve for Rydberg stage 2070/2372.
[INFO] Enola: Solve for Rydberg stage 2071/2372.
[INFO] Enola: Solve for Rydberg stage 2072/2372.
[INFO] Enola: Solve for Rydberg stage 2073/2372.
[INFO] Enola: Solve for Rydberg stage 2074/2372.
[INFO] Enola: Solve for Rydberg stage 2075/2372.
[INFO] Enola: Solve for Rydberg stage 2076/2372.
[INFO] Enola: Solve for Rydberg stage 2077/2372.
[INFO] Enola: Solve for Rydberg stage 2078/2372.
[INFO] Enola: Solve for Rydberg stage 2079/2372.
[INFO] Enola: Solve for Rydberg stage 2080/2372.
[INFO] Enola: Solve for Rydberg stage 2081/2372.
[INFO] Enola: Solve for Rydberg stage 2082/2372.
[INFO] Enola: Solve for Rydberg stage 2083/2372.
[INFO] Enola: Solve for Rydberg stage 2084/2372.
[INFO] Enola: Solve for Rydberg stage 2085/2372.
[INFO] Enola: Solve for Rydberg stage 2086/2372.
[INFO] Enola: Solve for Rydberg stage 2087/2372.
[INFO] Enola: Solve for Rydberg stage 2088/2372.
[INFO] Enola: Solve for Rydberg stage 2089/2372.
[INFO] Enola: Solve for Rydberg stage 2090/2372.
[INFO] Enola: Solve for Rydberg stage 2091/2372.
[INFO] Enola: Solve for Rydberg stage 2092/2372.
[INFO] Enola: Solve for Rydberg stage 2093/2372.
[INFO] Enola: Solve for Rydberg stage 2094/2372.
[INFO] Enola: Solve for Rydberg stage 2095/2372.
[INFO] Enola: Solve for Rydberg stage 2096/2372.
[INFO] Enola: Solve for Rydberg stage 2097/2372.
[INFO] Enola: Solve for Rydberg stage 2098/2372.
[INFO] Enola: Solve for Rydberg stage 2099/2372.
[INFO] Enola: Solve for Rydberg stage 2100/2372.
[INFO] Enola: Solve for Rydberg stage 2101/2372.
[INFO] Enola: Solve for Rydberg stage 2102/2372.
[INFO] Enola: Solve for Rydberg stage 2103/2372.
[INFO] Enola: Solve for Rydberg stage 2104/2372.
[INFO] Enola: Solve for Rydberg stage 2105/2372.
[INFO] Enola: Solve for Rydberg stage 2106/2372.
[INFO] Enola: Solve for Rydberg stage 2107/2372.
[INFO] Enola: Solve for Rydberg stage 2108/2372.
[INFO] Enola: Solve for Rydberg stage 2109/2372.
[INFO] Enola: Solve for Rydberg stage 2110/2372.
[INFO] Enola: Solve for Rydberg stage 2111/2372.
[INFO] Enola: Solve for Rydberg stage 2112/2372.
[INFO] Enola: Solve for Rydberg stage 2113/2372.
[INFO] Enola: Solve for Rydberg stage 2114/2372.
[INFO] Enola: Solve for Rydberg stage 2115/2372.
[INFO] Enola: Solve for Rydberg stage 2116/2372.
[INFO] Enola: Solve for Rydberg stage 2117/2372.
[INFO] Enola: Solve for Rydberg stage 2118/2372.
[INFO] Enola: Solve for Rydberg stage 2119/2372.
[INFO] Enola: Solve for Rydberg stage 2120/2372.
[INFO] Enola: Solve for Rydberg stage 2121/2372.
[INFO] Enola: Solve for Rydberg stage 2122/2372.
[INFO] Enola: Solve for Rydberg stage 2123/2372.
[INFO] Enola: Solve for Rydberg stage 2124/2372.
[INFO] Enola: Solve for Rydberg stage 2125/2372.
[INFO] Enola: Solve for Rydberg stage 2126/2372.
[INFO] Enola: Solve for Rydberg stage 2127/2372.
[INFO] Enola: Solve for Rydberg stage 2128/2372.
[INFO] Enola: Solve for Rydberg stage 2129/2372.
[INFO] Enola: Solve for Rydberg stage 2130/2372.
[INFO] Enola: Solve for Rydberg stage 2131/2372.
[INFO] Enola: Solve for Rydberg stage 2132/2372.
[INFO] Enola: Solve for Rydberg stage 2133/2372.
[INFO] Enola: Solve for Rydberg stage 2134/2372.
[INFO] Enola: Solve for Rydberg stage 2135/2372.
[INFO] Enola: Solve for Rydberg stage 2136/2372.
[INFO] Enola: Solve for Rydberg stage 2137/2372.
[INFO] Enola: Solve for Rydberg stage 2138/2372.
[INFO] Enola: Solve for Rydberg stage 2139/2372.
[INFO] Enola: Solve for Rydberg stage 2140/2372.
[INFO] Enola: Solve for Rydberg stage 2141/2372.
[INFO] Enola: Solve for Rydberg stage 2142/2372.
[INFO] Enola: Solve for Rydberg stage 2143/2372.
[INFO] Enola: Solve for Rydberg stage 2144/2372.
[INFO] Enola: Solve for Rydberg stage 2145/2372.
[INFO] Enola: Solve for Rydberg stage 2146/2372.
[INFO] Enola: Solve for Rydberg stage 2147/2372.
[INFO] Enola: Solve for Rydberg stage 2148/2372.
[INFO] Enola: Solve for Rydberg stage 2149/2372.
[INFO] Enola: Solve for Rydberg stage 2150/2372.
[INFO] Enola: Solve for Rydberg stage 2151/2372.
[INFO] Enola: Solve for Rydberg stage 2152/2372.
[INFO] Enola: Solve for Rydberg stage 2153/2372.
[INFO] Enola: Solve for Rydberg stage 2154/2372.
[INFO] Enola: Solve for Rydberg stage 2155/2372.
[INFO] Enola: Solve for Rydberg stage 2156/2372.
[INFO] Enola: Solve for Rydberg stage 2157/2372.
[INFO] Enola: Solve for Rydberg stage 2158/2372.
[INFO] Enola: Solve for Rydberg stage 2159/2372.
[INFO] Enola: Solve for Rydberg stage 2160/2372.
[INFO] Enola: Solve for Rydberg stage 2161/2372.
[INFO] Enola: Solve for Rydberg stage 2162/2372.
[INFO] Enola: Solve for Rydberg stage 2163/2372.
[INFO] Enola: Solve for Rydberg stage 2164/2372.
[INFO] Enola: Solve for Rydberg stage 2165/2372.
[INFO] Enola: Solve for Rydberg stage 2166/2372.
[INFO] Enola: Solve for Rydberg stage 2167/2372.
[INFO] Enola: Solve for Rydberg stage 2168/2372.
[INFO] Enola: Solve for Rydberg stage 2169/2372.
[INFO] Enola: Solve for Rydberg stage 2170/2372.
[INFO] Enola: Solve for Rydberg stage 2171/2372.
[INFO] Enola: Solve for Rydberg stage 2172/2372.
[INFO] Enola: Solve for Rydberg stage 2173/2372.
[INFO] Enola: Solve for Rydberg stage 2174/2372.
[INFO] Enola: Solve for Rydberg stage 2175/2372.
[INFO] Enola: Solve for Rydberg stage 2176/2372.
[INFO] Enola: Solve for Rydberg stage 2177/2372.
[INFO] Enola: Solve for Rydberg stage 2178/2372.
[INFO] Enola: Solve for Rydberg stage 2179/2372.
[INFO] Enola: Solve for Rydberg stage 2180/2372.
[INFO] Enola: Solve for Rydberg stage 2181/2372.
[INFO] Enola: Solve for Rydberg stage 2182/2372.
[INFO] Enola: Solve for Rydberg stage 2183/2372.
[INFO] Enola: Solve for Rydberg stage 2184/2372.
[INFO] Enola: Solve for Rydberg stage 2185/2372.
[INFO] Enola: Solve for Rydberg stage 2186/2372.
[INFO] Enola: Solve for Rydberg stage 2187/2372.
[INFO] Enola: Solve for Rydberg stage 2188/2372.
[INFO] Enola: Solve for Rydberg stage 2189/2372.
[INFO] Enola: Solve for Rydberg stage 2190/2372.
[INFO] Enola: Solve for Rydberg stage 2191/2372.
[INFO] Enola: Solve for Rydberg stage 2192/2372.
[INFO] Enola: Solve for Rydberg stage 2193/2372.
[INFO] Enola: Solve for Rydberg stage 2194/2372.
[INFO] Enola: Solve for Rydberg stage 2195/2372.
[INFO] Enola: Solve for Rydberg stage 2196/2372.
[INFO] Enola: Solve for Rydberg stage 2197/2372.
[INFO] Enola: Solve for Rydberg stage 2198/2372.
[INFO] Enola: Solve for Rydberg stage 2199/2372.
[INFO] Enola: Solve for Rydberg stage 2200/2372.
[INFO] Enola: Solve for Rydberg stage 2201/2372.
[INFO] Enola: Solve for Rydberg stage 2202/2372.
[INFO] Enola: Solve for Rydberg stage 2203/2372.
[INFO] Enola: Solve for Rydberg stage 2204/2372.
[INFO] Enola: Solve for Rydberg stage 2205/2372.
[INFO] Enola: Solve for Rydberg stage 2206/2372.
[INFO] Enola: Solve for Rydberg stage 2207/2372.
[INFO] Enola: Solve for Rydberg stage 2208/2372.
[INFO] Enola: Solve for Rydberg stage 2209/2372.
[INFO] Enola: Solve for Rydberg stage 2210/2372.
[INFO] Enola: Solve for Rydberg stage 2211/2372.
[INFO] Enola: Solve for Rydberg stage 2212/2372.
[INFO] Enola: Solve for Rydberg stage 2213/2372.
[INFO] Enola: Solve for Rydberg stage 2214/2372.
[INFO] Enola: Solve for Rydberg stage 2215/2372.
[INFO] Enola: Solve for Rydberg stage 2216/2372.
[INFO] Enola: Solve for Rydberg stage 2217/2372.
[INFO] Enola: Solve for Rydberg stage 2218/2372.
[INFO] Enola: Solve for Rydberg stage 2219/2372.
[INFO] Enola: Solve for Rydberg stage 2220/2372.
[INFO] Enola: Solve for Rydberg stage 2221/2372.
[INFO] Enola: Solve for Rydberg stage 2222/2372.
[INFO] Enola: Solve for Rydberg stage 2223/2372.
[INFO] Enola: Solve for Rydberg stage 2224/2372.
[INFO] Enola: Solve for Rydberg stage 2225/2372.
[INFO] Enola: Solve for Rydberg stage 2226/2372.
[INFO] Enola: Solve for Rydberg stage 2227/2372.
[INFO] Enola: Solve for Rydberg stage 2228/2372.
[INFO] Enola: Solve for Rydberg stage 2229/2372.
[INFO] Enola: Solve for Rydberg stage 2230/2372.
[INFO] Enola: Solve for Rydberg stage 2231/2372.
[INFO] Enola: Solve for Rydberg stage 2232/2372.
[INFO] Enola: Solve for Rydberg stage 2233/2372.
[INFO] Enola: Solve for Rydberg stage 2234/2372.
[INFO] Enola: Solve for Rydberg stage 2235/2372.
[INFO] Enola: Solve for Rydberg stage 2236/2372.
[INFO] Enola: Solve for Rydberg stage 2237/2372.
[INFO] Enola: Solve for Rydberg stage 2238/2372.
[INFO] Enola: Solve for Rydberg stage 2239/2372.
[INFO] Enola: Solve for Rydberg stage 2240/2372.
[INFO] Enola: Solve for Rydberg stage 2241/2372.
[INFO] Enola: Solve for Rydberg stage 2242/2372.
[INFO] Enola: Solve for Rydberg stage 2243/2372.
[INFO] Enola: Solve for Rydberg stage 2244/2372.
[INFO] Enola: Solve for Rydberg stage 2245/2372.
[INFO] Enola: Solve for Rydberg stage 2246/2372.
[INFO] Enola: Solve for Rydberg stage 2247/2372.
[INFO] Enola: Solve for Rydberg stage 2248/2372.
[INFO] Enola: Solve for Rydberg stage 2249/2372.
[INFO] Enola: Solve for Rydberg stage 2250/2372.
[INFO] Enola: Solve for Rydberg stage 2251/2372.
[INFO] Enola: Solve for Rydberg stage 2252/2372.
[INFO] Enola: Solve for Rydberg stage 2253/2372.
[INFO] Enola: Solve for Rydberg stage 2254/2372.
[INFO] Enola: Solve for Rydberg stage 2255/2372.
[INFO] Enola: Solve for Rydberg stage 2256/2372.
[INFO] Enola: Solve for Rydberg stage 2257/2372.
[INFO] Enola: Solve for Rydberg stage 2258/2372.
[INFO] Enola: Solve for Rydberg stage 2259/2372.
[INFO] Enola: Solve for Rydberg stage 2260/2372.
[INFO] Enola: Solve for Rydberg stage 2261/2372.
[INFO] Enola: Solve for Rydberg stage 2262/2372.
[INFO] Enola: Solve for Rydberg stage 2263/2372.
[INFO] Enola: Solve for Rydberg stage 2264/2372.
[INFO] Enola: Solve for Rydberg stage 2265/2372.
[INFO] Enola: Solve for Rydberg stage 2266/2372.
[INFO] Enola: Solve for Rydberg stage 2267/2372.
[INFO] Enola: Solve for Rydberg stage 2268/2372.
[INFO] Enola: Solve for Rydberg stage 2269/2372.
[INFO] Enola: Solve for Rydberg stage 2270/2372.
[INFO] Enola: Solve for Rydberg stage 2271/2372.
[INFO] Enola: Solve for Rydberg stage 2272/2372.
[INFO] Enola: Solve for Rydberg stage 2273/2372.
[INFO] Enola: Solve for Rydberg stage 2274/2372.
[INFO] Enola: Solve for Rydberg stage 2275/2372.
[INFO] Enola: Solve for Rydberg stage 2276/2372.
[INFO] Enola: Solve for Rydberg stage 2277/2372.
[INFO] Enola: Solve for Rydberg stage 2278/2372.
[INFO] Enola: Solve for Rydberg stage 2279/2372.
[INFO] Enola: Solve for Rydberg stage 2280/2372.
[INFO] Enola: Solve for Rydberg stage 2281/2372.
[INFO] Enola: Solve for Rydberg stage 2282/2372.
[INFO] Enola: Solve for Rydberg stage 2283/2372.
[INFO] Enola: Solve for Rydberg stage 2284/2372.
[INFO] Enola: Solve for Rydberg stage 2285/2372.
[INFO] Enola: Solve for Rydberg stage 2286/2372.
[INFO] Enola: Solve for Rydberg stage 2287/2372.
[INFO] Enola: Solve for Rydberg stage 2288/2372.
[INFO] Enola: Solve for Rydberg stage 2289/2372.
[INFO] Enola: Solve for Rydberg stage 2290/2372.
[INFO] Enola: Solve for Rydberg stage 2291/2372.
[INFO] Enola: Solve for Rydberg stage 2292/2372.
[INFO] Enola: Solve for Rydberg stage 2293/2372.
[INFO] Enola: Solve for Rydberg stage 2294/2372.
[INFO] Enola: Solve for Rydberg stage 2295/2372.
[INFO] Enola: Solve for Rydberg stage 2296/2372.
[INFO] Enola: Solve for Rydberg stage 2297/2372.
[INFO] Enola: Solve for Rydberg stage 2298/2372.
[INFO] Enola: Solve for Rydberg stage 2299/2372.
[INFO] Enola: Solve for Rydberg stage 2300/2372.
[INFO] Enola: Solve for Rydberg stage 2301/2372.
[INFO] Enola: Solve for Rydberg stage 2302/2372.
[INFO] Enola: Solve for Rydberg stage 2303/2372.
[INFO] Enola: Solve for Rydberg stage 2304/2372.
[INFO] Enola: Solve for Rydberg stage 2305/2372.
[INFO] Enola: Solve for Rydberg stage 2306/2372.
[INFO] Enola: Solve for Rydberg stage 2307/2372.
[INFO] Enola: Solve for Rydberg stage 2308/2372.
[INFO] Enola: Solve for Rydberg stage 2309/2372.
[INFO] Enola: Solve for Rydberg stage 2310/2372.
[INFO] Enola: Solve for Rydberg stage 2311/2372.
[INFO] Enola: Solve for Rydberg stage 2312/2372.
[INFO] Enola: Solve for Rydberg stage 2313/2372.
[INFO] Enola: Solve for Rydberg stage 2314/2372.
[INFO] Enola: Solve for Rydberg stage 2315/2372.
[INFO] Enola: Solve for Rydberg stage 2316/2372.
[INFO] Enola: Solve for Rydberg stage 2317/2372.
[INFO] Enola: Solve for Rydberg stage 2318/2372.
[INFO] Enola: Solve for Rydberg stage 2319/2372.
[INFO] Enola: Solve for Rydberg stage 2320/2372.
[INFO] Enola: Solve for Rydberg stage 2321/2372.
[INFO] Enola: Solve for Rydberg stage 2322/2372.
[INFO] Enola: Solve for Rydberg stage 2323/2372.
[INFO] Enola: Solve for Rydberg stage 2324/2372.
[INFO] Enola: Solve for Rydberg stage 2325/2372.
[INFO] Enola: Solve for Rydberg stage 2326/2372.
[INFO] Enola: Solve for Rydberg stage 2327/2372.
[INFO] Enola: Solve for Rydberg stage 2328/2372.
[INFO] Enola: Solve for Rydberg stage 2329/2372.
[INFO] Enola: Solve for Rydberg stage 2330/2372.
[INFO] Enola: Solve for Rydberg stage 2331/2372.
[INFO] Enola: Solve for Rydberg stage 2332/2372.
[INFO] Enola: Solve for Rydberg stage 2333/2372.
[INFO] Enola: Solve for Rydberg stage 2334/2372.
[INFO] Enola: Solve for Rydberg stage 2335/2372.
[INFO] Enola: Solve for Rydberg stage 2336/2372.
[INFO] Enola: Solve for Rydberg stage 2337/2372.
[INFO] Enola: Solve for Rydberg stage 2338/2372.
[INFO] Enola: Solve for Rydberg stage 2339/2372.
[INFO] Enola: Solve for Rydberg stage 2340/2372.
[INFO] Enola: Solve for Rydberg stage 2341/2372.
[INFO] Enola: Solve for Rydberg stage 2342/2372.
[INFO] Enola: Solve for Rydberg stage 2343/2372.
[INFO] Enola: Solve for Rydberg stage 2344/2372.
[INFO] Enola: Solve for Rydberg stage 2345/2372.
[INFO] Enola: Solve for Rydberg stage 2346/2372.
[INFO] Enola: Solve for Rydberg stage 2347/2372.
[INFO] Enola: Solve for Rydberg stage 2348/2372.
[INFO] Enola: Solve for Rydberg stage 2349/2372.
[INFO] Enola: Solve for Rydberg stage 2350/2372.
[INFO] Enola: Solve for Rydberg stage 2351/2372.
[INFO] Enola: Solve for Rydberg stage 2352/2372.
[INFO] Enola: Solve for Rydberg stage 2353/2372.
[INFO] Enola: Solve for Rydberg stage 2354/2372.
[INFO] Enola: Solve for Rydberg stage 2355/2372.
[INFO] Enola: Solve for Rydberg stage 2356/2372.
[INFO] Enola: Solve for Rydberg stage 2357/2372.
[INFO] Enola: Solve for Rydberg stage 2358/2372.
[INFO] Enola: Solve for Rydberg stage 2359/2372.
[INFO] Enola: Solve for Rydberg stage 2360/2372.
[INFO] Enola: Solve for Rydberg stage 2361/2372.
[INFO] Enola: Solve for Rydberg stage 2362/2372.
[INFO] Enola: Solve for Rydberg stage 2363/2372.
[INFO] Enola: Solve for Rydberg stage 2364/2372.
[INFO] Enola: Solve for Rydberg stage 2365/2372.
[INFO] Enola: Solve for Rydberg stage 2366/2372.
[INFO] Enola: Solve for Rydberg stage 2367/2372.
[INFO] Enola: Solve for Rydberg stage 2368/2372.
[INFO] Enola: Solve for Rydberg stage 2369/2372.
[INFO] Enola: Solve for Rydberg stage 2370/2372.
[INFO] Enola: Solve for Rydberg stage 2371/2372.
[INFO] Enola: Solve for Rydberg stage 2372/2372.
[INFO] Enola: Solve for Rydberg stage 2373/2372.
[INFO] Enola: Time for routing: 2.2130935192108154s
[INFO] Enola: Total Time: 92.83954286575317s
Compilation successful.

2026-03-25 19:09:58,858 - BenchmarkManager - INFO - enola (run 1/1) - Running /u/halle/heiz/home_at/BachelorProject/benchmarks/uuf_50-250_fix10/uuf250-010.qasm
2026-03-25 19:11:57,774 - Compiler.enola - INFO - STDOUT:
[INFO] Enola: Start Solving
[INFO] Enola: Run scheduling
[INFO] Enola: Time for scheduling: 0.0030736923217773438s
300
[INFO] Enola: Time for placement: 2.7179718017578125e-05s
[INFO] Enola: Solve for Rydberg stage 2/2503.
[INFO] Enola: Solve for Rydberg stage 3/2503.
[INFO] Enola: Solve for Rydberg stage 4/2503.
[INFO] Enola: Solve for Rydberg stage 5/2503.
[INFO] Enola: Solve for Rydberg stage 6/2503.
[INFO] Enola: Solve for Rydberg stage 7/2503.
[INFO] Enola: Solve for Rydberg stage 8/2503.
[INFO] Enola: Solve for Rydberg stage 9/2503.
[INFO] Enola: Solve for Rydberg stage 10/2503.
[INFO] Enola: Solve for Rydberg stage 11/2503.
[INFO] Enola: Solve for Rydberg stage 12/2503.
[INFO] Enola: Solve for Rydberg stage 13/2503.
[INFO] Enola: Solve for Rydberg stage 14/2503.
[INFO] Enola: Solve for Rydberg stage 15/2503.
[INFO] Enola: Solve for Rydberg stage 16/2503.
[INFO] Enola: Solve for Rydberg stage 17/2503.
[INFO] Enola: Solve for Rydberg stage 18/2503.
[INFO] Enola: Solve for Rydberg stage 19/2503.
[INFO] Enola: Solve for Rydberg stage 20/2503.
[INFO] Enola: Solve for Rydberg stage 21/2503.
[INFO] Enola: Solve for Rydberg stage 22/2503.
[INFO] Enola: Solve for Rydberg stage 23/2503.
[INFO] Enola: Solve for Rydberg stage 24/2503.
[INFO] Enola: Solve for Rydberg stage 25/2503.
[INFO] Enola: Solve for Rydberg stage 26/2503.
[INFO] Enola: Solve for Rydberg stage 27/2503.
[INFO] Enola: Solve for Rydberg stage 28/2503.
[INFO] Enola: Solve for Rydberg stage 29/2503.
[INFO] Enola: Solve for Rydberg stage 30/2503.
[INFO] Enola: Solve for Rydberg stage 31/2503.
[INFO] Enola: Solve for Rydberg stage 32/2503.
[INFO] Enola: Solve for Rydberg stage 33/2503.
[INFO] Enola: Solve for Rydberg stage 34/2503.
[INFO] Enola: Solve for Rydberg stage 35/2503.
[INFO] Enola: Solve for Rydberg stage 36/2503.
[INFO] Enola: Solve for Rydberg stage 37/2503.
[INFO] Enola: Solve for Rydberg stage 38/2503.
[INFO] Enola: Solve for Rydberg stage 39/2503.
[INFO] Enola: Solve for Rydberg stage 40/2503.
[INFO] Enola: Solve for Rydberg stage 41/2503.
[INFO] Enola: Solve for Rydberg stage 42/2503.
[INFO] Enola: Solve for Rydberg stage 43/2503.
[INFO] Enola: Solve for Rydberg stage 44/2503.
[INFO] Enola: Solve for Rydberg stage 45/2503.
[INFO] Enola: Solve for Rydberg stage 46/2503.
[INFO] Enola: Solve for Rydberg stage 47/2503.
[INFO] Enola: Solve for Rydberg stage 48/2503.
[INFO] Enola: Solve for Rydberg stage 49/2503.
[INFO] Enola: Solve for Rydberg stage 50/2503.
[INFO] Enola: Solve for Rydberg stage 51/2503.
[INFO] Enola: Solve for Rydberg stage 52/2503.
[INFO] Enola: Solve for Rydberg stage 53/2503.
[INFO] Enola: Solve for Rydberg stage 54/2503.
[INFO] Enola: Solve for Rydberg stage 55/2503.
[INFO] Enola: Solve for Rydberg stage 56/2503.
[INFO] Enola: Solve for Rydberg stage 57/2503.
[INFO] Enola: Solve for Rydberg stage 58/2503.
[INFO] Enola: Solve for Rydberg stage 59/2503.
[INFO] Enola: Solve for Rydberg stage 60/2503.
[INFO] Enola: Solve for Rydberg stage 61/2503.
[INFO] Enola: Solve for Rydberg stage 62/2503.
[INFO] Enola: Solve for Rydberg stage 63/2503.
[INFO] Enola: Solve for Rydberg stage 64/2503.
[INFO] Enola: Solve for Rydberg stage 65/2503.
[INFO] Enola: Solve for Rydberg stage 66/2503.
[INFO] Enola: Solve for Rydberg stage 67/2503.
[INFO] Enola: Solve for Rydberg stage 68/2503.
[INFO] Enola: Solve for Rydberg stage 69/2503.
[INFO] Enola: Solve for Rydberg stage 70/2503.
[INFO] Enola: Solve for Rydberg stage 71/2503.
[INFO] Enola: Solve for Rydberg stage 72/2503.
[INFO] Enola: Solve for Rydberg stage 73/2503.
[INFO] Enola: Solve for Rydberg stage 74/2503.
[INFO] Enola: Solve for Rydberg stage 75/2503.
[INFO] Enola: Solve for Rydberg stage 76/2503.
[INFO] Enola: Solve for Rydberg stage 77/2503.
[INFO] Enola: Solve for Rydberg stage 78/2503.
[INFO] Enola: Solve for Rydberg stage 79/2503.
[INFO] Enola: Solve for Rydberg stage 80/2503.
[INFO] Enola: Solve for Rydberg stage 81/2503.
[INFO] Enola: Solve for Rydberg stage 82/2503.
[INFO] Enola: Solve for Rydberg stage 83/2503.
[INFO] Enola: Solve for Rydberg stage 84/2503.
[INFO] Enola: Solve for Rydberg stage 85/2503.
[INFO] Enola: Solve for Rydberg stage 86/2503.
[INFO] Enola: Solve for Rydberg stage 87/2503.
[INFO] Enola: Solve for Rydberg stage 88/2503.
[INFO] Enola: Solve for Rydberg stage 89/2503.
[INFO] Enola: Solve for Rydberg stage 90/2503.
[INFO] Enola: Solve for Rydberg stage 91/2503.
[INFO] Enola: Solve for Rydberg stage 92/2503.
[INFO] Enola: Solve for Rydberg stage 93/2503.
[INFO] Enola: Solve for Rydberg stage 94/2503.
[INFO] Enola: Solve for Rydberg stage 95/2503.
[INFO] Enola: Solve for Rydberg stage 96/2503.
[INFO] Enola: Solve for Rydberg stage 97/2503.
[INFO] Enola: Solve for Rydberg stage 98/2503.
[INFO] Enola: Solve for Rydberg stage 99/2503.
[INFO] Enola: Solve for Rydberg stage 100/2503.
[INFO] Enola: Solve for Rydberg stage 101/2503.
[INFO] Enola: Solve for Rydberg stage 102/2503.
[INFO] Enola: Solve for Rydberg stage 103/2503.
[INFO] Enola: Solve for Rydberg stage 104/2503.
[INFO] Enola: Solve for Rydberg stage 105/2503.
[INFO] Enola: Solve for Rydberg stage 106/2503.
[INFO] Enola: Solve for Rydberg stage 107/2503.
[INFO] Enola: Solve for Rydberg stage 108/2503.
[INFO] Enola: Solve for Rydberg stage 109/2503.
[INFO] Enola: Solve for Rydberg stage 110/2503.
[INFO] Enola: Solve for Rydberg stage 111/2503.
[INFO] Enola: Solve for Rydberg stage 112/2503.
[INFO] Enola: Solve for Rydberg stage 113/2503.
[INFO] Enola: Solve for Rydberg stage 114/2503.
[INFO] Enola: Solve for Rydberg stage 115/2503.
[INFO] Enola: Solve for Rydberg stage 116/2503.
[INFO] Enola: Solve for Rydberg stage 117/2503.
[INFO] Enola: Solve for Rydberg stage 118/2503.
[INFO] Enola: Solve for Rydberg stage 119/2503.
[INFO] Enola: Solve for Rydberg stage 120/2503.
[INFO] Enola: Solve for Rydberg stage 121/2503.
[INFO] Enola: Solve for Rydberg stage 122/2503.
[INFO] Enola: Solve for Rydberg stage 123/2503.
[INFO] Enola: Solve for Rydberg stage 124/2503.
[INFO] Enola: Solve for Rydberg stage 125/2503.
[INFO] Enola: Solve for Rydberg stage 126/2503.
[INFO] Enola: Solve for Rydberg stage 127/2503.
[INFO] Enola: Solve for Rydberg stage 128/2503.
[INFO] Enola: Solve for Rydberg stage 129/2503.
[INFO] Enola: Solve for Rydberg stage 130/2503.
[INFO] Enola: Solve for Rydberg stage 131/2503.
[INFO] Enola: Solve for Rydberg stage 132/2503.
[INFO] Enola: Solve for Rydberg stage 133/2503.
[INFO] Enola: Solve for Rydberg stage 134/2503.
[INFO] Enola: Solve for Rydberg stage 135/2503.
[INFO] Enola: Solve for Rydberg stage 136/2503.
[INFO] Enola: Solve for Rydberg stage 137/2503.
[INFO] Enola: Solve for Rydberg stage 138/2503.
[INFO] Enola: Solve for Rydberg stage 139/2503.
[INFO] Enola: Solve for Rydberg stage 140/2503.
[INFO] Enola: Solve for Rydberg stage 141/2503.
[INFO] Enola: Solve for Rydberg stage 142/2503.
[INFO] Enola: Solve for Rydberg stage 143/2503.
[INFO] Enola: Solve for Rydberg stage 144/2503.
[INFO] Enola: Solve for Rydberg stage 145/2503.
[INFO] Enola: Solve for Rydberg stage 146/2503.
[INFO] Enola: Solve for Rydberg stage 147/2503.
[INFO] Enola: Solve for Rydberg stage 148/2503.
[INFO] Enola: Solve for Rydberg stage 149/2503.
[INFO] Enola: Solve for Rydberg stage 150/2503.
[INFO] Enola: Solve for Rydberg stage 151/2503.
[INFO] Enola: Solve for Rydberg stage 152/2503.
[INFO] Enola: Solve for Rydberg stage 153/2503.
[INFO] Enola: Solve for Rydberg stage 154/2503.
[INFO] Enola: Solve for Rydberg stage 155/2503.
[INFO] Enola: Solve for Rydberg stage 156/2503.
[INFO] Enola: Solve for Rydberg stage 157/2503.
[INFO] Enola: Solve for Rydberg stage 158/2503.
[INFO] Enola: Solve for Rydberg stage 159/2503.
[INFO] Enola: Solve for Rydberg stage 160/2503.
[INFO] Enola: Solve for Rydberg stage 161/2503.
[INFO] Enola: Solve for Rydberg stage 162/2503.
[INFO] Enola: Solve for Rydberg stage 163/2503.
[INFO] Enola: Solve for Rydberg stage 164/2503.
[INFO] Enola: Solve for Rydberg stage 165/2503.
[INFO] Enola: Solve for Rydberg stage 166/2503.
[INFO] Enola: Solve for Rydberg stage 167/2503.
[INFO] Enola: Solve for Rydberg stage 168/2503.
[INFO] Enola: Solve for Rydberg stage 169/2503.
[INFO] Enola: Solve for Rydberg stage 170/2503.
[INFO] Enola: Solve for Rydberg stage 171/2503.
[INFO] Enola: Solve for Rydberg stage 172/2503.
[INFO] Enola: Solve for Rydberg stage 173/2503.
[INFO] Enola: Solve for Rydberg stage 174/2503.
[INFO] Enola: Solve for Rydberg stage 175/2503.
[INFO] Enola: Solve for Rydberg stage 176/2503.
[INFO] Enola: Solve for Rydberg stage 177/2503.
[INFO] Enola: Solve for Rydberg stage 178/2503.
[INFO] Enola: Solve for Rydberg stage 179/2503.
[INFO] Enola: Solve for Rydberg stage 180/2503.
[INFO] Enola: Solve for Rydberg stage 181/2503.
[INFO] Enola: Solve for Rydberg stage 182/2503.
[INFO] Enola: Solve for Rydberg stage 183/2503.
[INFO] Enola: Solve for Rydberg stage 184/2503.
[INFO] Enola: Solve for Rydberg stage 185/2503.
[INFO] Enola: Solve for Rydberg stage 186/2503.
[INFO] Enola: Solve for Rydberg stage 187/2503.
[INFO] Enola: Solve for Rydberg stage 188/2503.
[INFO] Enola: Solve for Rydberg stage 189/2503.
[INFO] Enola: Solve for Rydberg stage 190/2503.
[INFO] Enola: Solve for Rydberg stage 191/2503.
[INFO] Enola: Solve for Rydberg stage 192/2503.
[INFO] Enola: Solve for Rydberg stage 193/2503.
[INFO] Enola: Solve for Rydberg stage 194/2503.
[INFO] Enola: Solve for Rydberg stage 195/2503.
[INFO] Enola: Solve for Rydberg stage 196/2503.
[INFO] Enola: Solve for Rydberg stage 197/2503.
[INFO] Enola: Solve for Rydberg stage 198/2503.
[INFO] Enola: Solve for Rydberg stage 199/2503.
[INFO] Enola: Solve for Rydberg stage 200/2503.
[INFO] Enola: Solve for Rydberg stage 201/2503.
[INFO] Enola: Solve for Rydberg stage 202/2503.
[INFO] Enola: Solve for Rydberg stage 203/2503.
[INFO] Enola: Solve for Rydberg stage 204/2503.
[INFO] Enola: Solve for Rydberg stage 205/2503.
[INFO] Enola: Solve for Rydberg stage 206/2503.
[INFO] Enola: Solve for Rydberg stage 207/2503.
[INFO] Enola: Solve for Rydberg stage 208/2503.
[INFO] Enola: Solve for Rydberg stage 209/2503.
[INFO] Enola: Solve for Rydberg stage 210/2503.
[INFO] Enola: Solve for Rydberg stage 211/2503.
[INFO] Enola: Solve for Rydberg stage 212/2503.
[INFO] Enola: Solve for Rydberg stage 213/2503.
[INFO] Enola: Solve for Rydberg stage 214/2503.
[INFO] Enola: Solve for Rydberg stage 215/2503.
[INFO] Enola: Solve for Rydberg stage 216/2503.
[INFO] Enola: Solve for Rydberg stage 217/2503.
[INFO] Enola: Solve for Rydberg stage 218/2503.
[INFO] Enola: Solve for Rydberg stage 219/2503.
[INFO] Enola: Solve for Rydberg stage 220/2503.
[INFO] Enola: Solve for Rydberg stage 221/2503.
[INFO] Enola: Solve for Rydberg stage 222/2503.
[INFO] Enola: Solve for Rydberg stage 223/2503.
[INFO] Enola: Solve for Rydberg stage 224/2503.
[INFO] Enola: Solve for Rydberg stage 225/2503.
[INFO] Enola: Solve for Rydberg stage 226/2503.
[INFO] Enola: Solve for Rydberg stage 227/2503.
[INFO] Enola: Solve for Rydberg stage 228/2503.
[INFO] Enola: Solve for Rydberg stage 229/2503.
[INFO] Enola: Solve for Rydberg stage 230/2503.
[INFO] Enola: Solve for Rydberg stage 231/2503.
[INFO] Enola: Solve for Rydberg stage 232/2503.
[INFO] Enola: Solve for Rydberg stage 233/2503.
[INFO] Enola: Solve for Rydberg stage 234/2503.
[INFO] Enola: Solve for Rydberg stage 235/2503.
[INFO] Enola: Solve for Rydberg stage 236/2503.
[INFO] Enola: Solve for Rydberg stage 237/2503.
[INFO] Enola: Solve for Rydberg stage 238/2503.
[INFO] Enola: Solve for Rydberg stage 239/2503.
[INFO] Enola: Solve for Rydberg stage 240/2503.
[INFO] Enola: Solve for Rydberg stage 241/2503.
[INFO] Enola: Solve for Rydberg stage 242/2503.
[INFO] Enola: Solve for Rydberg stage 243/2503.
[INFO] Enola: Solve for Rydberg stage 244/2503.
[INFO] Enola: Solve for Rydberg stage 245/2503.
[INFO] Enola: Solve for Rydberg stage 246/2503.
[INFO] Enola: Solve for Rydberg stage 247/2503.
[INFO] Enola: Solve for Rydberg stage 248/2503.
[INFO] Enola: Solve for Rydberg stage 249/2503.
[INFO] Enola: Solve for Rydberg stage 250/2503.
[INFO] Enola: Solve for Rydberg stage 251/2503.
[INFO] Enola: Solve for Rydberg stage 252/2503.
[INFO] Enola: Solve for Rydberg stage 253/2503.
[INFO] Enola: Solve for Rydberg stage 254/2503.
[INFO] Enola: Solve for Rydberg stage 255/2503.
[INFO] Enola: Solve for Rydberg stage 256/2503.
[INFO] Enola: Solve for Rydberg stage 257/2503.
[INFO] Enola: Solve for Rydberg stage 258/2503.
[INFO] Enola: Solve for Rydberg stage 259/2503.
[INFO] Enola: Solve for Rydberg stage 260/2503.
[INFO] Enola: Solve for Rydberg stage 261/2503.
[INFO] Enola: Solve for Rydberg stage 262/2503.
[INFO] Enola: Solve for Rydberg stage 263/2503.
[INFO] Enola: Solve for Rydberg stage 264/2503.
[INFO] Enola: Solve for Rydberg stage 265/2503.
[INFO] Enola: Solve for Rydberg stage 266/2503.
[INFO] Enola: Solve for Rydberg stage 267/2503.
[INFO] Enola: Solve for Rydberg stage 268/2503.
[INFO] Enola: Solve for Rydberg stage 269/2503.
[INFO] Enola: Solve for Rydberg stage 270/2503.
[INFO] Enola: Solve for Rydberg stage 271/2503.
[INFO] Enola: Solve for Rydberg stage 272/2503.
[INFO] Enola: Solve for Rydberg stage 273/2503.
[INFO] Enola: Solve for Rydberg stage 274/2503.
[INFO] Enola: Solve for Rydberg stage 275/2503.
[INFO] Enola: Solve for Rydberg stage 276/2503.
[INFO] Enola: Solve for Rydberg stage 277/2503.
[INFO] Enola: Solve for Rydberg stage 278/2503.
[INFO] Enola: Solve for Rydberg stage 279/2503.
[INFO] Enola: Solve for Rydberg stage 280/2503.
[INFO] Enola: Solve for Rydberg stage 281/2503.
[INFO] Enola: Solve for Rydberg stage 282/2503.
[INFO] Enola: Solve for Rydberg stage 283/2503.
[INFO] Enola: Solve for Rydberg stage 284/2503.
[INFO] Enola: Solve for Rydberg stage 285/2503.
[INFO] Enola: Solve for Rydberg stage 286/2503.
[INFO] Enola: Solve for Rydberg stage 287/2503.
[INFO] Enola: Solve for Rydberg stage 288/2503.
[INFO] Enola: Solve for Rydberg stage 289/2503.
[INFO] Enola: Solve for Rydberg stage 290/2503.
[INFO] Enola: Solve for Rydberg stage 291/2503.
[INFO] Enola: Solve for Rydberg stage 292/2503.
[INFO] Enola: Solve for Rydberg stage 293/2503.
[INFO] Enola: Solve for Rydberg stage 294/2503.
[INFO] Enola: Solve for Rydberg stage 295/2503.
[INFO] Enola: Solve for Rydberg stage 296/2503.
[INFO] Enola: Solve for Rydberg stage 297/2503.
[INFO] Enola: Solve for Rydberg stage 298/2503.
[INFO] Enola: Solve for Rydberg stage 299/2503.
[INFO] Enola: Solve for Rydberg stage 300/2503.
[INFO] Enola: Solve for Rydberg stage 301/2503.
[INFO] Enola: Solve for Rydberg stage 302/2503.
[INFO] Enola: Solve for Rydberg stage 303/2503.
[INFO] Enola: Solve for Rydberg stage 304/2503.
[INFO] Enola: Solve for Rydberg stage 305/2503.
[INFO] Enola: Solve for Rydberg stage 306/2503.
[INFO] Enola: Solve for Rydberg stage 307/2503.
[INFO] Enola: Solve for Rydberg stage 308/2503.
[INFO] Enola: Solve for Rydberg stage 309/2503.
[INFO] Enola: Solve for Rydberg stage 310/2503.
[INFO] Enola: Solve for Rydberg stage 311/2503.
[INFO] Enola: Solve for Rydberg stage 312/2503.
[INFO] Enola: Solve for Rydberg stage 313/2503.
[INFO] Enola: Solve for Rydberg stage 314/2503.
[INFO] Enola: Solve for Rydberg stage 315/2503.
[INFO] Enola: Solve for Rydberg stage 316/2503.
[INFO] Enola: Solve for Rydberg stage 317/2503.
[INFO] Enola: Solve for Rydberg stage 318/2503.
[INFO] Enola: Solve for Rydberg stage 319/2503.
[INFO] Enola: Solve for Rydberg stage 320/2503.
[INFO] Enola: Solve for Rydberg stage 321/2503.
[INFO] Enola: Solve for Rydberg stage 322/2503.
[INFO] Enola: Solve for Rydberg stage 323/2503.
[INFO] Enola: Solve for Rydberg stage 324/2503.
[INFO] Enola: Solve for Rydberg stage 325/2503.
[INFO] Enola: Solve for Rydberg stage 326/2503.
[INFO] Enola: Solve for Rydberg stage 327/2503.
[INFO] Enola: Solve for Rydberg stage 328/2503.
[INFO] Enola: Solve for Rydberg stage 329/2503.
[INFO] Enola: Solve for Rydberg stage 330/2503.
[INFO] Enola: Solve for Rydberg stage 331/2503.
[INFO] Enola: Solve for Rydberg stage 332/2503.
[INFO] Enola: Solve for Rydberg stage 333/2503.
[INFO] Enola: Solve for Rydberg stage 334/2503.
[INFO] Enola: Solve for Rydberg stage 335/2503.
[INFO] Enola: Solve for Rydberg stage 336/2503.
[INFO] Enola: Solve for Rydberg stage 337/2503.
[INFO] Enola: Solve for Rydberg stage 338/2503.
[INFO] Enola: Solve for Rydberg stage 339/2503.
[INFO] Enola: Solve for Rydberg stage 340/2503.
[INFO] Enola: Solve for Rydberg stage 341/2503.
[INFO] Enola: Solve for Rydberg stage 342/2503.
[INFO] Enola: Solve for Rydberg stage 343/2503.
[INFO] Enola: Solve for Rydberg stage 344/2503.
[INFO] Enola: Solve for Rydberg stage 345/2503.
[INFO] Enola: Solve for Rydberg stage 346/2503.
[INFO] Enola: Solve for Rydberg stage 347/2503.
[INFO] Enola: Solve for Rydberg stage 348/2503.
[INFO] Enola: Solve for Rydberg stage 349/2503.
[INFO] Enola: Solve for Rydberg stage 350/2503.
[INFO] Enola: Solve for Rydberg stage 351/2503.
[INFO] Enola: Solve for Rydberg stage 352/2503.
[INFO] Enola: Solve for Rydberg stage 353/2503.
[INFO] Enola: Solve for Rydberg stage 354/2503.
[INFO] Enola: Solve for Rydberg stage 355/2503.
[INFO] Enola: Solve for Rydberg stage 356/2503.
[INFO] Enola: Solve for Rydberg stage 357/2503.
[INFO] Enola: Solve for Rydberg stage 358/2503.
[INFO] Enola: Solve for Rydberg stage 359/2503.
[INFO] Enola: Solve for Rydberg stage 360/2503.
[INFO] Enola: Solve for Rydberg stage 361/2503.
[INFO] Enola: Solve for Rydberg stage 362/2503.
[INFO] Enola: Solve for Rydberg stage 363/2503.
[INFO] Enola: Solve for Rydberg stage 364/2503.
[INFO] Enola: Solve for Rydberg stage 365/2503.
[INFO] Enola: Solve for Rydberg stage 366/2503.
[INFO] Enola: Solve for Rydberg stage 367/2503.
[INFO] Enola: Solve for Rydberg stage 368/2503.
[INFO] Enola: Solve for Rydberg stage 369/2503.
[INFO] Enola: Solve for Rydberg stage 370/2503.
[INFO] Enola: Solve for Rydberg stage 371/2503.
[INFO] Enola: Solve for Rydberg stage 372/2503.
[INFO] Enola: Solve for Rydberg stage 373/2503.
[INFO] Enola: Solve for Rydberg stage 374/2503.
[INFO] Enola: Solve for Rydberg stage 375/2503.
[INFO] Enola: Solve for Rydberg stage 376/2503.
[INFO] Enola: Solve for Rydberg stage 377/2503.
[INFO] Enola: Solve for Rydberg stage 378/2503.
[INFO] Enola: Solve for Rydberg stage 379/2503.
[INFO] Enola: Solve for Rydberg stage 380/2503.
[INFO] Enola: Solve for Rydberg stage 381/2503.
[INFO] Enola: Solve for Rydberg stage 382/2503.
[INFO] Enola: Solve for Rydberg stage 383/2503.
[INFO] Enola: Solve for Rydberg stage 384/2503.
[INFO] Enola: Solve for Rydberg stage 385/2503.
[INFO] Enola: Solve for Rydberg stage 386/2503.
[INFO] Enola: Solve for Rydberg stage 387/2503.
[INFO] Enola: Solve for Rydberg stage 388/2503.
[INFO] Enola: Solve for Rydberg stage 389/2503.
[INFO] Enola: Solve for Rydberg stage 390/2503.
[INFO] Enola: Solve for Rydberg stage 391/2503.
[INFO] Enola: Solve for Rydberg stage 392/2503.
[INFO] Enola: Solve for Rydberg stage 393/2503.
[INFO] Enola: Solve for Rydberg stage 394/2503.
[INFO] Enola: Solve for Rydberg stage 395/2503.
[INFO] Enola: Solve for Rydberg stage 396/2503.
[INFO] Enola: Solve for Rydberg stage 397/2503.
[INFO] Enola: Solve for Rydberg stage 398/2503.
[INFO] Enola: Solve for Rydberg stage 399/2503.
[INFO] Enola: Solve for Rydberg stage 400/2503.
[INFO] Enola: Solve for Rydberg stage 401/2503.
[INFO] Enola: Solve for Rydberg stage 402/2503.
[INFO] Enola: Solve for Rydberg stage 403/2503.
[INFO] Enola: Solve for Rydberg stage 404/2503.
[INFO] Enola: Solve for Rydberg stage 405/2503.
[INFO] Enola: Solve for Rydberg stage 406/2503.
[INFO] Enola: Solve for Rydberg stage 407/2503.
[INFO] Enola: Solve for Rydberg stage 408/2503.
[INFO] Enola: Solve for Rydberg stage 409/2503.
[INFO] Enola: Solve for Rydberg stage 410/2503.
[INFO] Enola: Solve for Rydberg stage 411/2503.
[INFO] Enola: Solve for Rydberg stage 412/2503.
[INFO] Enola: Solve for Rydberg stage 413/2503.
[INFO] Enola: Solve for Rydberg stage 414/2503.
[INFO] Enola: Solve for Rydberg stage 415/2503.
[INFO] Enola: Solve for Rydberg stage 416/2503.
[INFO] Enola: Solve for Rydberg stage 417/2503.
[INFO] Enola: Solve for Rydberg stage 418/2503.
[INFO] Enola: Solve for Rydberg stage 419/2503.
[INFO] Enola: Solve for Rydberg stage 420/2503.
[INFO] Enola: Solve for Rydberg stage 421/2503.
[INFO] Enola: Solve for Rydberg stage 422/2503.
[INFO] Enola: Solve for Rydberg stage 423/2503.
[INFO] Enola: Solve for Rydberg stage 424/2503.
[INFO] Enola: Solve for Rydberg stage 425/2503.
[INFO] Enola: Solve for Rydberg stage 426/2503.
[INFO] Enola: Solve for Rydberg stage 427/2503.
[INFO] Enola: Solve for Rydberg stage 428/2503.
[INFO] Enola: Solve for Rydberg stage 429/2503.
[INFO] Enola: Solve for Rydberg stage 430/2503.
[INFO] Enola: Solve for Rydberg stage 431/2503.
[INFO] Enola: Solve for Rydberg stage 432/2503.
[INFO] Enola: Solve for Rydberg stage 433/2503.
[INFO] Enola: Solve for Rydberg stage 434/2503.
[INFO] Enola: Solve for Rydberg stage 435/2503.
[INFO] Enola: Solve for Rydberg stage 436/2503.
[INFO] Enola: Solve for Rydberg stage 437/2503.
[INFO] Enola: Solve for Rydberg stage 438/2503.
[INFO] Enola: Solve for Rydberg stage 439/2503.
[INFO] Enola: Solve for Rydberg stage 440/2503.
[INFO] Enola: Solve for Rydberg stage 441/2503.
[INFO] Enola: Solve for Rydberg stage 442/2503.
[INFO] Enola: Solve for Rydberg stage 443/2503.
[INFO] Enola: Solve for Rydberg stage 444/2503.
[INFO] Enola: Solve for Rydberg stage 445/2503.
[INFO] Enola: Solve for Rydberg stage 446/2503.
[INFO] Enola: Solve for Rydberg stage 447/2503.
[INFO] Enola: Solve for Rydberg stage 448/2503.
[INFO] Enola: Solve for Rydberg stage 449/2503.
[INFO] Enola: Solve for Rydberg stage 450/2503.
[INFO] Enola: Solve for Rydberg stage 451/2503.
[INFO] Enola: Solve for Rydberg stage 452/2503.
[INFO] Enola: Solve for Rydberg stage 453/2503.
[INFO] Enola: Solve for Rydberg stage 454/2503.
[INFO] Enola: Solve for Rydberg stage 455/2503.
[INFO] Enola: Solve for Rydberg stage 456/2503.
[INFO] Enola: Solve for Rydberg stage 457/2503.
[INFO] Enola: Solve for Rydberg stage 458/2503.
[INFO] Enola: Solve for Rydberg stage 459/2503.
[INFO] Enola: Solve for Rydberg stage 460/2503.
[INFO] Enola: Solve for Rydberg stage 461/2503.
[INFO] Enola: Solve for Rydberg stage 462/2503.
[INFO] Enola: Solve for Rydberg stage 463/2503.
[INFO] Enola: Solve for Rydberg stage 464/2503.
[INFO] Enola: Solve for Rydberg stage 465/2503.
[INFO] Enola: Solve for Rydberg stage 466/2503.
[INFO] Enola: Solve for Rydberg stage 467/2503.
[INFO] Enola: Solve for Rydberg stage 468/2503.
[INFO] Enola: Solve for Rydberg stage 469/2503.
[INFO] Enola: Solve for Rydberg stage 470/2503.
[INFO] Enola: Solve for Rydberg stage 471/2503.
[INFO] Enola: Solve for Rydberg stage 472/2503.
[INFO] Enola: Solve for Rydberg stage 473/2503.
[INFO] Enola: Solve for Rydberg stage 474/2503.
[INFO] Enola: Solve for Rydberg stage 475/2503.
[INFO] Enola: Solve for Rydberg stage 476/2503.
[INFO] Enola: Solve for Rydberg stage 477/2503.
[INFO] Enola: Solve for Rydberg stage 478/2503.
[INFO] Enola: Solve for Rydberg stage 479/2503.
[INFO] Enola: Solve for Rydberg stage 480/2503.
[INFO] Enola: Solve for Rydberg stage 481/2503.
[INFO] Enola: Solve for Rydberg stage 482/2503.
[INFO] Enola: Solve for Rydberg stage 483/2503.
[INFO] Enola: Solve for Rydberg stage 484/2503.
[INFO] Enola: Solve for Rydberg stage 485/2503.
[INFO] Enola: Solve for Rydberg stage 486/2503.
[INFO] Enola: Solve for Rydberg stage 487/2503.
[INFO] Enola: Solve for Rydberg stage 488/2503.
[INFO] Enola: Solve for Rydberg stage 489/2503.
[INFO] Enola: Solve for Rydberg stage 490/2503.
[INFO] Enola: Solve for Rydberg stage 491/2503.
[INFO] Enola: Solve for Rydberg stage 492/2503.
[INFO] Enola: Solve for Rydberg stage 493/2503.
[INFO] Enola: Solve for Rydberg stage 494/2503.
[INFO] Enola: Solve for Rydberg stage 495/2503.
[INFO] Enola: Solve for Rydberg stage 496/2503.
[INFO] Enola: Solve for Rydberg stage 497/2503.
[INFO] Enola: Solve for Rydberg stage 498/2503.
[INFO] Enola: Solve for Rydberg stage 499/2503.
[INFO] Enola: Solve for Rydberg stage 500/2503.
[INFO] Enola: Solve for Rydberg stage 501/2503.
[INFO] Enola: Solve for Rydberg stage 502/2503.
[INFO] Enola: Solve for Rydberg stage 503/2503.
[INFO] Enola: Solve for Rydberg stage 504/2503.
[INFO] Enola: Solve for Rydberg stage 505/2503.
[INFO] Enola: Solve for Rydberg stage 506/2503.
[INFO] Enola: Solve for Rydberg stage 507/2503.
[INFO] Enola: Solve for Rydberg stage 508/2503.
[INFO] Enola: Solve for Rydberg stage 509/2503.
[INFO] Enola: Solve for Rydberg stage 510/2503.
[INFO] Enola: Solve for Rydberg stage 511/2503.
[INFO] Enola: Solve for Rydberg stage 512/2503.
[INFO] Enola: Solve for Rydberg stage 513/2503.
[INFO] Enola: Solve for Rydberg stage 514/2503.
[INFO] Enola: Solve for Rydberg stage 515/2503.
[INFO] Enola: Solve for Rydberg stage 516/2503.
[INFO] Enola: Solve for Rydberg stage 517/2503.
[INFO] Enola: Solve for Rydberg stage 518/2503.
[INFO] Enola: Solve for Rydberg stage 519/2503.
[INFO] Enola: Solve for Rydberg stage 520/2503.
[INFO] Enola: Solve for Rydberg stage 521/2503.
[INFO] Enola: Solve for Rydberg stage 522/2503.
[INFO] Enola: Solve for Rydberg stage 523/2503.
[INFO] Enola: Solve for Rydberg stage 524/2503.
[INFO] Enola: Solve for Rydberg stage 525/2503.
[INFO] Enola: Solve for Rydberg stage 526/2503.
[INFO] Enola: Solve for Rydberg stage 527/2503.
[INFO] Enola: Solve for Rydberg stage 528/2503.
[INFO] Enola: Solve for Rydberg stage 529/2503.
[INFO] Enola: Solve for Rydberg stage 530/2503.
[INFO] Enola: Solve for Rydberg stage 531/2503.
[INFO] Enola: Solve for Rydberg stage 532/2503.
[INFO] Enola: Solve for Rydberg stage 533/2503.
[INFO] Enola: Solve for Rydberg stage 534/2503.
[INFO] Enola: Solve for Rydberg stage 535/2503.
[INFO] Enola: Solve for Rydberg stage 536/2503.
[INFO] Enola: Solve for Rydberg stage 537/2503.
[INFO] Enola: Solve for Rydberg stage 538/2503.
[INFO] Enola: Solve for Rydberg stage 539/2503.
[INFO] Enola: Solve for Rydberg stage 540/2503.
[INFO] Enola: Solve for Rydberg stage 541/2503.
[INFO] Enola: Solve for Rydberg stage 542/2503.
[INFO] Enola: Solve for Rydberg stage 543/2503.
[INFO] Enola: Solve for Rydberg stage 544/2503.
[INFO] Enola: Solve for Rydberg stage 545/2503.
[INFO] Enola: Solve for Rydberg stage 546/2503.
[INFO] Enola: Solve for Rydberg stage 547/2503.
[INFO] Enola: Solve for Rydberg stage 548/2503.
[INFO] Enola: Solve for Rydberg stage 549/2503.
[INFO] Enola: Solve for Rydberg stage 550/2503.
[INFO] Enola: Solve for Rydberg stage 551/2503.
[INFO] Enola: Solve for Rydberg stage 552/2503.
[INFO] Enola: Solve for Rydberg stage 553/2503.
[INFO] Enola: Solve for Rydberg stage 554/2503.
[INFO] Enola: Solve for Rydberg stage 555/2503.
[INFO] Enola: Solve for Rydberg stage 556/2503.
[INFO] Enola: Solve for Rydberg stage 557/2503.
[INFO] Enola: Solve for Rydberg stage 558/2503.
[INFO] Enola: Solve for Rydberg stage 559/2503.
[INFO] Enola: Solve for Rydberg stage 560/2503.
[INFO] Enola: Solve for Rydberg stage 561/2503.
[INFO] Enola: Solve for Rydberg stage 562/2503.
[INFO] Enola: Solve for Rydberg stage 563/2503.
[INFO] Enola: Solve for Rydberg stage 564/2503.
[INFO] Enola: Solve for Rydberg stage 565/2503.
[INFO] Enola: Solve for Rydberg stage 566/2503.
[INFO] Enola: Solve for Rydberg stage 567/2503.
[INFO] Enola: Solve for Rydberg stage 568/2503.
[INFO] Enola: Solve for Rydberg stage 569/2503.
[INFO] Enola: Solve for Rydberg stage 570/2503.
[INFO] Enola: Solve for Rydberg stage 571/2503.
[INFO] Enola: Solve for Rydberg stage 572/2503.
[INFO] Enola: Solve for Rydberg stage 573/2503.
[INFO] Enola: Solve for Rydberg stage 574/2503.
[INFO] Enola: Solve for Rydberg stage 575/2503.
[INFO] Enola: Solve for Rydberg stage 576/2503.
[INFO] Enola: Solve for Rydberg stage 577/2503.
[INFO] Enola: Solve for Rydberg stage 578/2503.
[INFO] Enola: Solve for Rydberg stage 579/2503.
[INFO] Enola: Solve for Rydberg stage 580/2503.
[INFO] Enola: Solve for Rydberg stage 581/2503.
[INFO] Enola: Solve for Rydberg stage 582/2503.
[INFO] Enola: Solve for Rydberg stage 583/2503.
[INFO] Enola: Solve for Rydberg stage 584/2503.
[INFO] Enola: Solve for Rydberg stage 585/2503.
[INFO] Enola: Solve for Rydberg stage 586/2503.
[INFO] Enola: Solve for Rydberg stage 587/2503.
[INFO] Enola: Solve for Rydberg stage 588/2503.
[INFO] Enola: Solve for Rydberg stage 589/2503.
[INFO] Enola: Solve for Rydberg stage 590/2503.
[INFO] Enola: Solve for Rydberg stage 591/2503.
[INFO] Enola: Solve for Rydberg stage 592/2503.
[INFO] Enola: Solve for Rydberg stage 593/2503.
[INFO] Enola: Solve for Rydberg stage 594/2503.
[INFO] Enola: Solve for Rydberg stage 595/2503.
[INFO] Enola: Solve for Rydberg stage 596/2503.
[INFO] Enola: Solve for Rydberg stage 597/2503.
[INFO] Enola: Solve for Rydberg stage 598/2503.
[INFO] Enola: Solve for Rydberg stage 599/2503.
[INFO] Enola: Solve for Rydberg stage 600/2503.
[INFO] Enola: Solve for Rydberg stage 601/2503.
[INFO] Enola: Solve for Rydberg stage 602/2503.
[INFO] Enola: Solve for Rydberg stage 603/2503.
[INFO] Enola: Solve for Rydberg stage 604/2503.
[INFO] Enola: Solve for Rydberg stage 605/2503.
[INFO] Enola: Solve for Rydberg stage 606/2503.
[INFO] Enola: Solve for Rydberg stage 607/2503.
[INFO] Enola: Solve for Rydberg stage 608/2503.
[INFO] Enola: Solve for Rydberg stage 609/2503.
[INFO] Enola: Solve for Rydberg stage 610/2503.
[INFO] Enola: Solve for Rydberg stage 611/2503.
[INFO] Enola: Solve for Rydberg stage 612/2503.
[INFO] Enola: Solve for Rydberg stage 613/2503.
[INFO] Enola: Solve for Rydberg stage 614/2503.
[INFO] Enola: Solve for Rydberg stage 615/2503.
[INFO] Enola: Solve for Rydberg stage 616/2503.
[INFO] Enola: Solve for Rydberg stage 617/2503.
[INFO] Enola: Solve for Rydberg stage 618/2503.
[INFO] Enola: Solve for Rydberg stage 619/2503.
[INFO] Enola: Solve for Rydberg stage 620/2503.
[INFO] Enola: Solve for Rydberg stage 621/2503.
[INFO] Enola: Solve for Rydberg stage 622/2503.
[INFO] Enola: Solve for Rydberg stage 623/2503.
[INFO] Enola: Solve for Rydberg stage 624/2503.
[INFO] Enola: Solve for Rydberg stage 625/2503.
[INFO] Enola: Solve for Rydberg stage 626/2503.
[INFO] Enola: Solve for Rydberg stage 627/2503.
[INFO] Enola: Solve for Rydberg stage 628/2503.
[INFO] Enola: Solve for Rydberg stage 629/2503.
[INFO] Enola: Solve for Rydberg stage 630/2503.
[INFO] Enola: Solve for Rydberg stage 631/2503.
[INFO] Enola: Solve for Rydberg stage 632/2503.
[INFO] Enola: Solve for Rydberg stage 633/2503.
[INFO] Enola: Solve for Rydberg stage 634/2503.
[INFO] Enola: Solve for Rydberg stage 635/2503.
[INFO] Enola: Solve for Rydberg stage 636/2503.
[INFO] Enola: Solve for Rydberg stage 637/2503.
[INFO] Enola: Solve for Rydberg stage 638/2503.
[INFO] Enola: Solve for Rydberg stage 639/2503.
[INFO] Enola: Solve for Rydberg stage 640/2503.
[INFO] Enola: Solve for Rydberg stage 641/2503.
[INFO] Enola: Solve for Rydberg stage 642/2503.
[INFO] Enola: Solve for Rydberg stage 643/2503.
[INFO] Enola: Solve for Rydberg stage 644/2503.
[INFO] Enola: Solve for Rydberg stage 645/2503.
[INFO] Enola: Solve for Rydberg stage 646/2503.
[INFO] Enola: Solve for Rydberg stage 647/2503.
[INFO] Enola: Solve for Rydberg stage 648/2503.
[INFO] Enola: Solve for Rydberg stage 649/2503.
[INFO] Enola: Solve for Rydberg stage 650/2503.
[INFO] Enola: Solve for Rydberg stage 651/2503.
[INFO] Enola: Solve for Rydberg stage 652/2503.
[INFO] Enola: Solve for Rydberg stage 653/2503.
[INFO] Enola: Solve for Rydberg stage 654/2503.
[INFO] Enola: Solve for Rydberg stage 655/2503.
[INFO] Enola: Solve for Rydberg stage 656/2503.
[INFO] Enola: Solve for Rydberg stage 657/2503.
[INFO] Enola: Solve for Rydberg stage 658/2503.
[INFO] Enola: Solve for Rydberg stage 659/2503.
[INFO] Enola: Solve for Rydberg stage 660/2503.
[INFO] Enola: Solve for Rydberg stage 661/2503.
[INFO] Enola: Solve for Rydberg stage 662/2503.
[INFO] Enola: Solve for Rydberg stage 663/2503.
[INFO] Enola: Solve for Rydberg stage 664/2503.
[INFO] Enola: Solve for Rydberg stage 665/2503.
[INFO] Enola: Solve for Rydberg stage 666/2503.
[INFO] Enola: Solve for Rydberg stage 667/2503.
[INFO] Enola: Solve for Rydberg stage 668/2503.
[INFO] Enola: Solve for Rydberg stage 669/2503.
[INFO] Enola: Solve for Rydberg stage 670/2503.
[INFO] Enola: Solve for Rydberg stage 671/2503.
[INFO] Enola: Solve for Rydberg stage 672/2503.
[INFO] Enola: Solve for Rydberg stage 673/2503.
[INFO] Enola: Solve for Rydberg stage 674/2503.
[INFO] Enola: Solve for Rydberg stage 675/2503.
[INFO] Enola: Solve for Rydberg stage 676/2503.
[INFO] Enola: Solve for Rydberg stage 677/2503.
[INFO] Enola: Solve for Rydberg stage 678/2503.
[INFO] Enola: Solve for Rydberg stage 679/2503.
[INFO] Enola: Solve for Rydberg stage 680/2503.
[INFO] Enola: Solve for Rydberg stage 681/2503.
[INFO] Enola: Solve for Rydberg stage 682/2503.
[INFO] Enola: Solve for Rydberg stage 683/2503.
[INFO] Enola: Solve for Rydberg stage 684/2503.
[INFO] Enola: Solve for Rydberg stage 685/2503.
[INFO] Enola: Solve for Rydberg stage 686/2503.
[INFO] Enola: Solve for Rydberg stage 687/2503.
[INFO] Enola: Solve for Rydberg stage 688/2503.
[INFO] Enola: Solve for Rydberg stage 689/2503.
[INFO] Enola: Solve for Rydberg stage 690/2503.
[INFO] Enola: Solve for Rydberg stage 691/2503.
[INFO] Enola: Solve for Rydberg stage 692/2503.
[INFO] Enola: Solve for Rydberg stage 693/2503.
[INFO] Enola: Solve for Rydberg stage 694/2503.
[INFO] Enola: Solve for Rydberg stage 695/2503.
[INFO] Enola: Solve for Rydberg stage 696/2503.
[INFO] Enola: Solve for Rydberg stage 697/2503.
[INFO] Enola: Solve for Rydberg stage 698/2503.
[INFO] Enola: Solve for Rydberg stage 699/2503.
[INFO] Enola: Solve for Rydberg stage 700/2503.
[INFO] Enola: Solve for Rydberg stage 701/2503.
[INFO] Enola: Solve for Rydberg stage 702/2503.
[INFO] Enola: Solve for Rydberg stage 703/2503.
[INFO] Enola: Solve for Rydberg stage 704/2503.
[INFO] Enola: Solve for Rydberg stage 705/2503.
[INFO] Enola: Solve for Rydberg stage 706/2503.
[INFO] Enola: Solve for Rydberg stage 707/2503.
[INFO] Enola: Solve for Rydberg stage 708/2503.
[INFO] Enola: Solve for Rydberg stage 709/2503.
[INFO] Enola: Solve for Rydberg stage 710/2503.
[INFO] Enola: Solve for Rydberg stage 711/2503.
[INFO] Enola: Solve for Rydberg stage 712/2503.
[INFO] Enola: Solve for Rydberg stage 713/2503.
[INFO] Enola: Solve for Rydberg stage 714/2503.
[INFO] Enola: Solve for Rydberg stage 715/2503.
[INFO] Enola: Solve for Rydberg stage 716/2503.
[INFO] Enola: Solve for Rydberg stage 717/2503.
[INFO] Enola: Solve for Rydberg stage 718/2503.
[INFO] Enola: Solve for Rydberg stage 719/2503.
[INFO] Enola: Solve for Rydberg stage 720/2503.
[INFO] Enola: Solve for Rydberg stage 721/2503.
[INFO] Enola: Solve for Rydberg stage 722/2503.
[INFO] Enola: Solve for Rydberg stage 723/2503.
[INFO] Enola: Solve for Rydberg stage 724/2503.
[INFO] Enola: Solve for Rydberg stage 725/2503.
[INFO] Enola: Solve for Rydberg stage 726/2503.
[INFO] Enola: Solve for Rydberg stage 727/2503.
[INFO] Enola: Solve for Rydberg stage 728/2503.
[INFO] Enola: Solve for Rydberg stage 729/2503.
[INFO] Enola: Solve for Rydberg stage 730/2503.
[INFO] Enola: Solve for Rydberg stage 731/2503.
[INFO] Enola: Solve for Rydberg stage 732/2503.
[INFO] Enola: Solve for Rydberg stage 733/2503.
[INFO] Enola: Solve for Rydberg stage 734/2503.
[INFO] Enola: Solve for Rydberg stage 735/2503.
[INFO] Enola: Solve for Rydberg stage 736/2503.
[INFO] Enola: Solve for Rydberg stage 737/2503.
[INFO] Enola: Solve for Rydberg stage 738/2503.
[INFO] Enola: Solve for Rydberg stage 739/2503.
[INFO] Enola: Solve for Rydberg stage 740/2503.
[INFO] Enola: Solve for Rydberg stage 741/2503.
[INFO] Enola: Solve for Rydberg stage 742/2503.
[INFO] Enola: Solve for Rydberg stage 743/2503.
[INFO] Enola: Solve for Rydberg stage 744/2503.
[INFO] Enola: Solve for Rydberg stage 745/2503.
[INFO] Enola: Solve for Rydberg stage 746/2503.
[INFO] Enola: Solve for Rydberg stage 747/2503.
[INFO] Enola: Solve for Rydberg stage 748/2503.
[INFO] Enola: Solve for Rydberg stage 749/2503.
[INFO] Enola: Solve for Rydberg stage 750/2503.
[INFO] Enola: Solve for Rydberg stage 751/2503.
[INFO] Enola: Solve for Rydberg stage 752/2503.
[INFO] Enola: Solve for Rydberg stage 753/2503.
[INFO] Enola: Solve for Rydberg stage 754/2503.
[INFO] Enola: Solve for Rydberg stage 755/2503.
[INFO] Enola: Solve for Rydberg stage 756/2503.
[INFO] Enola: Solve for Rydberg stage 757/2503.
[INFO] Enola: Solve for Rydberg stage 758/2503.
[INFO] Enola: Solve for Rydberg stage 759/2503.
[INFO] Enola: Solve for Rydberg stage 760/2503.
[INFO] Enola: Solve for Rydberg stage 761/2503.
[INFO] Enola: Solve for Rydberg stage 762/2503.
[INFO] Enola: Solve for Rydberg stage 763/2503.
[INFO] Enola: Solve for Rydberg stage 764/2503.
[INFO] Enola: Solve for Rydberg stage 765/2503.
[INFO] Enola: Solve for Rydberg stage 766/2503.
[INFO] Enola: Solve for Rydberg stage 767/2503.
[INFO] Enola: Solve for Rydberg stage 768/2503.
[INFO] Enola: Solve for Rydberg stage 769/2503.
[INFO] Enola: Solve for Rydberg stage 770/2503.
[INFO] Enola: Solve for Rydberg stage 771/2503.
[INFO] Enola: Solve for Rydberg stage 772/2503.
[INFO] Enola: Solve for Rydberg stage 773/2503.
[INFO] Enola: Solve for Rydberg stage 774/2503.
[INFO] Enola: Solve for Rydberg stage 775/2503.
[INFO] Enola: Solve for Rydberg stage 776/2503.
[INFO] Enola: Solve for Rydberg stage 777/2503.
[INFO] Enola: Solve for Rydberg stage 778/2503.
[INFO] Enola: Solve for Rydberg stage 779/2503.
[INFO] Enola: Solve for Rydberg stage 780/2503.
[INFO] Enola: Solve for Rydberg stage 781/2503.
[INFO] Enola: Solve for Rydberg stage 782/2503.
[INFO] Enola: Solve for Rydberg stage 783/2503.
[INFO] Enola: Solve for Rydberg stage 784/2503.
[INFO] Enola: Solve for Rydberg stage 785/2503.
[INFO] Enola: Solve for Rydberg stage 786/2503.
[INFO] Enola: Solve for Rydberg stage 787/2503.
[INFO] Enola: Solve for Rydberg stage 788/2503.
[INFO] Enola: Solve for Rydberg stage 789/2503.
[INFO] Enola: Solve for Rydberg stage 790/2503.
[INFO] Enola: Solve for Rydberg stage 791/2503.
[INFO] Enola: Solve for Rydberg stage 792/2503.
[INFO] Enola: Solve for Rydberg stage 793/2503.
[INFO] Enola: Solve for Rydberg stage 794/2503.
[INFO] Enola: Solve for Rydberg stage 795/2503.
[INFO] Enola: Solve for Rydberg stage 796/2503.
[INFO] Enola: Solve for Rydberg stage 797/2503.
[INFO] Enola: Solve for Rydberg stage 798/2503.
[INFO] Enola: Solve for Rydberg stage 799/2503.
[INFO] Enola: Solve for Rydberg stage 800/2503.
[INFO] Enola: Solve for Rydberg stage 801/2503.
[INFO] Enola: Solve for Rydberg stage 802/2503.
[INFO] Enola: Solve for Rydberg stage 803/2503.
[INFO] Enola: Solve for Rydberg stage 804/2503.
[INFO] Enola: Solve for Rydberg stage 805/2503.
[INFO] Enola: Solve for Rydberg stage 806/2503.
[INFO] Enola: Solve for Rydberg stage 807/2503.
[INFO] Enola: Solve for Rydberg stage 808/2503.
[INFO] Enola: Solve for Rydberg stage 809/2503.
[INFO] Enola: Solve for Rydberg stage 810/2503.
[INFO] Enola: Solve for Rydberg stage 811/2503.
[INFO] Enola: Solve for Rydberg stage 812/2503.
[INFO] Enola: Solve for Rydberg stage 813/2503.
[INFO] Enola: Solve for Rydberg stage 814/2503.
[INFO] Enola: Solve for Rydberg stage 815/2503.
[INFO] Enola: Solve for Rydberg stage 816/2503.
[INFO] Enola: Solve for Rydberg stage 817/2503.
[INFO] Enola: Solve for Rydberg stage 818/2503.
[INFO] Enola: Solve for Rydberg stage 819/2503.
[INFO] Enola: Solve for Rydberg stage 820/2503.
[INFO] Enola: Solve for Rydberg stage 821/2503.
[INFO] Enola: Solve for Rydberg stage 822/2503.
[INFO] Enola: Solve for Rydberg stage 823/2503.
[INFO] Enola: Solve for Rydberg stage 824/2503.
[INFO] Enola: Solve for Rydberg stage 825/2503.
[INFO] Enola: Solve for Rydberg stage 826/2503.
[INFO] Enola: Solve for Rydberg stage 827/2503.
[INFO] Enola: Solve for Rydberg stage 828/2503.
[INFO] Enola: Solve for Rydberg stage 829/2503.
[INFO] Enola: Solve for Rydberg stage 830/2503.
[INFO] Enola: Solve for Rydberg stage 831/2503.
[INFO] Enola: Solve for Rydberg stage 832/2503.
[INFO] Enola: Solve for Rydberg stage 833/2503.
[INFO] Enola: Solve for Rydberg stage 834/2503.
[INFO] Enola: Solve for Rydberg stage 835/2503.
[INFO] Enola: Solve for Rydberg stage 836/2503.
[INFO] Enola: Solve for Rydberg stage 837/2503.
[INFO] Enola: Solve for Rydberg stage 838/2503.
[INFO] Enola: Solve for Rydberg stage 839/2503.
[INFO] Enola: Solve for Rydberg stage 840/2503.
[INFO] Enola: Solve for Rydberg stage 841/2503.
[INFO] Enola: Solve for Rydberg stage 842/2503.
[INFO] Enola: Solve for Rydberg stage 843/2503.
[INFO] Enola: Solve for Rydberg stage 844/2503.
[INFO] Enola: Solve for Rydberg stage 845/2503.
[INFO] Enola: Solve for Rydberg stage 846/2503.
[INFO] Enola: Solve for Rydberg stage 847/2503.
[INFO] Enola: Solve for Rydberg stage 848/2503.
[INFO] Enola: Solve for Rydberg stage 849/2503.
[INFO] Enola: Solve for Rydberg stage 850/2503.
[INFO] Enola: Solve for Rydberg stage 851/2503.
[INFO] Enola: Solve for Rydberg stage 852/2503.
[INFO] Enola: Solve for Rydberg stage 853/2503.
[INFO] Enola: Solve for Rydberg stage 854/2503.
[INFO] Enola: Solve for Rydberg stage 855/2503.
[INFO] Enola: Solve for Rydberg stage 856/2503.
[INFO] Enola: Solve for Rydberg stage 857/2503.
[INFO] Enola: Solve for Rydberg stage 858/2503.
[INFO] Enola: Solve for Rydberg stage 859/2503.
[INFO] Enola: Solve for Rydberg stage 860/2503.
[INFO] Enola: Solve for Rydberg stage 861/2503.
[INFO] Enola: Solve for Rydberg stage 862/2503.
[INFO] Enola: Solve for Rydberg stage 863/2503.
[INFO] Enola: Solve for Rydberg stage 864/2503.
[INFO] Enola: Solve for Rydberg stage 865/2503.
[INFO] Enola: Solve for Rydberg stage 866/2503.
[INFO] Enola: Solve for Rydberg stage 867/2503.
[INFO] Enola: Solve for Rydberg stage 868/2503.
[INFO] Enola: Solve for Rydberg stage 869/2503.
[INFO] Enola: Solve for Rydberg stage 870/2503.
[INFO] Enola: Solve for Rydberg stage 871/2503.
[INFO] Enola: Solve for Rydberg stage 872/2503.
[INFO] Enola: Solve for Rydberg stage 873/2503.
[INFO] Enola: Solve for Rydberg stage 874/2503.
[INFO] Enola: Solve for Rydberg stage 875/2503.
[INFO] Enola: Solve for Rydberg stage 876/2503.
[INFO] Enola: Solve for Rydberg stage 877/2503.
[INFO] Enola: Solve for Rydberg stage 878/2503.
[INFO] Enola: Solve for Rydberg stage 879/2503.
[INFO] Enola: Solve for Rydberg stage 880/2503.
[INFO] Enola: Solve for Rydberg stage 881/2503.
[INFO] Enola: Solve for Rydberg stage 882/2503.
[INFO] Enola: Solve for Rydberg stage 883/2503.
[INFO] Enola: Solve for Rydberg stage 884/2503.
[INFO] Enola: Solve for Rydberg stage 885/2503.
[INFO] Enola: Solve for Rydberg stage 886/2503.
[INFO] Enola: Solve for Rydberg stage 887/2503.
[INFO] Enola: Solve for Rydberg stage 888/2503.
[INFO] Enola: Solve for Rydberg stage 889/2503.
[INFO] Enola: Solve for Rydberg stage 890/2503.
[INFO] Enola: Solve for Rydberg stage 891/2503.
[INFO] Enola: Solve for Rydberg stage 892/2503.
[INFO] Enola: Solve for Rydberg stage 893/2503.
[INFO] Enola: Solve for Rydberg stage 894/2503.
[INFO] Enola: Solve for Rydberg stage 895/2503.
[INFO] Enola: Solve for Rydberg stage 896/2503.
[INFO] Enola: Solve for Rydberg stage 897/2503.
[INFO] Enola: Solve for Rydberg stage 898/2503.
[INFO] Enola: Solve for Rydberg stage 899/2503.
[INFO] Enola: Solve for Rydberg stage 900/2503.
[INFO] Enola: Solve for Rydberg stage 901/2503.
[INFO] Enola: Solve for Rydberg stage 902/2503.
[INFO] Enola: Solve for Rydberg stage 903/2503.
[INFO] Enola: Solve for Rydberg stage 904/2503.
[INFO] Enola: Solve for Rydberg stage 905/2503.
[INFO] Enola: Solve for Rydberg stage 906/2503.
[INFO] Enola: Solve for Rydberg stage 907/2503.
[INFO] Enola: Solve for Rydberg stage 908/2503.
[INFO] Enola: Solve for Rydberg stage 909/2503.
[INFO] Enola: Solve for Rydberg stage 910/2503.
[INFO] Enola: Solve for Rydberg stage 911/2503.
[INFO] Enola: Solve for Rydberg stage 912/2503.
[INFO] Enola: Solve for Rydberg stage 913/2503.
[INFO] Enola: Solve for Rydberg stage 914/2503.
[INFO] Enola: Solve for Rydberg stage 915/2503.
[INFO] Enola: Solve for Rydberg stage 916/2503.
[INFO] Enola: Solve for Rydberg stage 917/2503.
[INFO] Enola: Solve for Rydberg stage 918/2503.
[INFO] Enola: Solve for Rydberg stage 919/2503.
[INFO] Enola: Solve for Rydberg stage 920/2503.
[INFO] Enola: Solve for Rydberg stage 921/2503.
[INFO] Enola: Solve for Rydberg stage 922/2503.
[INFO] Enola: Solve for Rydberg stage 923/2503.
[INFO] Enola: Solve for Rydberg stage 924/2503.
[INFO] Enola: Solve for Rydberg stage 925/2503.
[INFO] Enola: Solve for Rydberg stage 926/2503.
[INFO] Enola: Solve for Rydberg stage 927/2503.
[INFO] Enola: Solve for Rydberg stage 928/2503.
[INFO] Enola: Solve for Rydberg stage 929/2503.
[INFO] Enola: Solve for Rydberg stage 930/2503.
[INFO] Enola: Solve for Rydberg stage 931/2503.
[INFO] Enola: Solve for Rydberg stage 932/2503.
[INFO] Enola: Solve for Rydberg stage 933/2503.
[INFO] Enola: Solve for Rydberg stage 934/2503.
[INFO] Enola: Solve for Rydberg stage 935/2503.
[INFO] Enola: Solve for Rydberg stage 936/2503.
[INFO] Enola: Solve for Rydberg stage 937/2503.
[INFO] Enola: Solve for Rydberg stage 938/2503.
[INFO] Enola: Solve for Rydberg stage 939/2503.
[INFO] Enola: Solve for Rydberg stage 940/2503.
[INFO] Enola: Solve for Rydberg stage 941/2503.
[INFO] Enola: Solve for Rydberg stage 942/2503.
[INFO] Enola: Solve for Rydberg stage 943/2503.
[INFO] Enola: Solve for Rydberg stage 944/2503.
[INFO] Enola: Solve for Rydberg stage 945/2503.
[INFO] Enola: Solve for Rydberg stage 946/2503.
[INFO] Enola: Solve for Rydberg stage 947/2503.
[INFO] Enola: Solve for Rydberg stage 948/2503.
[INFO] Enola: Solve for Rydberg stage 949/2503.
[INFO] Enola: Solve for Rydberg stage 950/2503.
[INFO] Enola: Solve for Rydberg stage 951/2503.
[INFO] Enola: Solve for Rydberg stage 952/2503.
[INFO] Enola: Solve for Rydberg stage 953/2503.
[INFO] Enola: Solve for Rydberg stage 954/2503.
[INFO] Enola: Solve for Rydberg stage 955/2503.
[INFO] Enola: Solve for Rydberg stage 956/2503.
[INFO] Enola: Solve for Rydberg stage 957/2503.
[INFO] Enola: Solve for Rydberg stage 958/2503.
[INFO] Enola: Solve for Rydberg stage 959/2503.
[INFO] Enola: Solve for Rydberg stage 960/2503.
[INFO] Enola: Solve for Rydberg stage 961/2503.
[INFO] Enola: Solve for Rydberg stage 962/2503.
[INFO] Enola: Solve for Rydberg stage 963/2503.
[INFO] Enola: Solve for Rydberg stage 964/2503.
[INFO] Enola: Solve for Rydberg stage 965/2503.
[INFO] Enola: Solve for Rydberg stage 966/2503.
[INFO] Enola: Solve for Rydberg stage 967/2503.
[INFO] Enola: Solve for Rydberg stage 968/2503.
[INFO] Enola: Solve for Rydberg stage 969/2503.
[INFO] Enola: Solve for Rydberg stage 970/2503.
[INFO] Enola: Solve for Rydberg stage 971/2503.
[INFO] Enola: Solve for Rydberg stage 972/2503.
[INFO] Enola: Solve for Rydberg stage 973/2503.
[INFO] Enola: Solve for Rydberg stage 974/2503.
[INFO] Enola: Solve for Rydberg stage 975/2503.
[INFO] Enola: Solve for Rydberg stage 976/2503.
[INFO] Enola: Solve for Rydberg stage 977/2503.
[INFO] Enola: Solve for Rydberg stage 978/2503.
[INFO] Enola: Solve for Rydberg stage 979/2503.
[INFO] Enola: Solve for Rydberg stage 980/2503.
[INFO] Enola: Solve for Rydberg stage 981/2503.
[INFO] Enola: Solve for Rydberg stage 982/2503.
[INFO] Enola: Solve for Rydberg stage 983/2503.
[INFO] Enola: Solve for Rydberg stage 984/2503.
[INFO] Enola: Solve for Rydberg stage 985/2503.
[INFO] Enola: Solve for Rydberg stage 986/2503.
[INFO] Enola: Solve for Rydberg stage 987/2503.
[INFO] Enola: Solve for Rydberg stage 988/2503.
[INFO] Enola: Solve for Rydberg stage 989/2503.
[INFO] Enola: Solve for Rydberg stage 990/2503.
[INFO] Enola: Solve for Rydberg stage 991/2503.
[INFO] Enola: Solve for Rydberg stage 992/2503.
[INFO] Enola: Solve for Rydberg stage 993/2503.
[INFO] Enola: Solve for Rydberg stage 994/2503.
[INFO] Enola: Solve for Rydberg stage 995/2503.
[INFO] Enola: Solve for Rydberg stage 996/2503.
[INFO] Enola: Solve for Rydberg stage 997/2503.
[INFO] Enola: Solve for Rydberg stage 998/2503.
[INFO] Enola: Solve for Rydberg stage 999/2503.
[INFO] Enola: Solve for Rydberg stage 1000/2503.
[INFO] Enola: Solve for Rydberg stage 1001/2503.
[INFO] Enola: Solve for Rydberg stage 1002/2503.
[INFO] Enola: Solve for Rydberg stage 1003/2503.
[INFO] Enola: Solve for Rydberg stage 1004/2503.
[INFO] Enola: Solve for Rydberg stage 1005/2503.
[INFO] Enola: Solve for Rydberg stage 1006/2503.
[INFO] Enola: Solve for Rydberg stage 1007/2503.
[INFO] Enola: Solve for Rydberg stage 1008/2503.
[INFO] Enola: Solve for Rydberg stage 1009/2503.
[INFO] Enola: Solve for Rydberg stage 1010/2503.
[INFO] Enola: Solve for Rydberg stage 1011/2503.
[INFO] Enola: Solve for Rydberg stage 1012/2503.
[INFO] Enola: Solve for Rydberg stage 1013/2503.
[INFO] Enola: Solve for Rydberg stage 1014/2503.
[INFO] Enola: Solve for Rydberg stage 1015/2503.
[INFO] Enola: Solve for Rydberg stage 1016/2503.
[INFO] Enola: Solve for Rydberg stage 1017/2503.
[INFO] Enola: Solve for Rydberg stage 1018/2503.
[INFO] Enola: Solve for Rydberg stage 1019/2503.
[INFO] Enola: Solve for Rydberg stage 1020/2503.
[INFO] Enola: Solve for Rydberg stage 1021/2503.
[INFO] Enola: Solve for Rydberg stage 1022/2503.
[INFO] Enola: Solve for Rydberg stage 1023/2503.
[INFO] Enola: Solve for Rydberg stage 1024/2503.
[INFO] Enola: Solve for Rydberg stage 1025/2503.
[INFO] Enola: Solve for Rydberg stage 1026/2503.
[INFO] Enola: Solve for Rydberg stage 1027/2503.
[INFO] Enola: Solve for Rydberg stage 1028/2503.
[INFO] Enola: Solve for Rydberg stage 1029/2503.
[INFO] Enola: Solve for Rydberg stage 1030/2503.
[INFO] Enola: Solve for Rydberg stage 1031/2503.
[INFO] Enola: Solve for Rydberg stage 1032/2503.
[INFO] Enola: Solve for Rydberg stage 1033/2503.
[INFO] Enola: Solve for Rydberg stage 1034/2503.
[INFO] Enola: Solve for Rydberg stage 1035/2503.
[INFO] Enola: Solve for Rydberg stage 1036/2503.
[INFO] Enola: Solve for Rydberg stage 1037/2503.
[INFO] Enola: Solve for Rydberg stage 1038/2503.
[INFO] Enola: Solve for Rydberg stage 1039/2503.
[INFO] Enola: Solve for Rydberg stage 1040/2503.
[INFO] Enola: Solve for Rydberg stage 1041/2503.
[INFO] Enola: Solve for Rydberg stage 1042/2503.
[INFO] Enola: Solve for Rydberg stage 1043/2503.
[INFO] Enola: Solve for Rydberg stage 1044/2503.
[INFO] Enola: Solve for Rydberg stage 1045/2503.
[INFO] Enola: Solve for Rydberg stage 1046/2503.
[INFO] Enola: Solve for Rydberg stage 1047/2503.
[INFO] Enola: Solve for Rydberg stage 1048/2503.
[INFO] Enola: Solve for Rydberg stage 1049/2503.
[INFO] Enola: Solve for Rydberg stage 1050/2503.
[INFO] Enola: Solve for Rydberg stage 1051/2503.
[INFO] Enola: Solve for Rydberg stage 1052/2503.
[INFO] Enola: Solve for Rydberg stage 1053/2503.
[INFO] Enola: Solve for Rydberg stage 1054/2503.
[INFO] Enola: Solve for Rydberg stage 1055/2503.
[INFO] Enola: Solve for Rydberg stage 1056/2503.
[INFO] Enola: Solve for Rydberg stage 1057/2503.
[INFO] Enola: Solve for Rydberg stage 1058/2503.
[INFO] Enola: Solve for Rydberg stage 1059/2503.
[INFO] Enola: Solve for Rydberg stage 1060/2503.
[INFO] Enola: Solve for Rydberg stage 1061/2503.
[INFO] Enola: Solve for Rydberg stage 1062/2503.
[INFO] Enola: Solve for Rydberg stage 1063/2503.
[INFO] Enola: Solve for Rydberg stage 1064/2503.
[INFO] Enola: Solve for Rydberg stage 1065/2503.
[INFO] Enola: Solve for Rydberg stage 1066/2503.
[INFO] Enola: Solve for Rydberg stage 1067/2503.
[INFO] Enola: Solve for Rydberg stage 1068/2503.
[INFO] Enola: Solve for Rydberg stage 1069/2503.
[INFO] Enola: Solve for Rydberg stage 1070/2503.
[INFO] Enola: Solve for Rydberg stage 1071/2503.
[INFO] Enola: Solve for Rydberg stage 1072/2503.
[INFO] Enola: Solve for Rydberg stage 1073/2503.
[INFO] Enola: Solve for Rydberg stage 1074/2503.
[INFO] Enola: Solve for Rydberg stage 1075/2503.
[INFO] Enola: Solve for Rydberg stage 1076/2503.
[INFO] Enola: Solve for Rydberg stage 1077/2503.
[INFO] Enola: Solve for Rydberg stage 1078/2503.
[INFO] Enola: Solve for Rydberg stage 1079/2503.
[INFO] Enola: Solve for Rydberg stage 1080/2503.
[INFO] Enola: Solve for Rydberg stage 1081/2503.
[INFO] Enola: Solve for Rydberg stage 1082/2503.
[INFO] Enola: Solve for Rydberg stage 1083/2503.
[INFO] Enola: Solve for Rydberg stage 1084/2503.
[INFO] Enola: Solve for Rydberg stage 1085/2503.
[INFO] Enola: Solve for Rydberg stage 1086/2503.
[INFO] Enola: Solve for Rydberg stage 1087/2503.
[INFO] Enola: Solve for Rydberg stage 1088/2503.
[INFO] Enola: Solve for Rydberg stage 1089/2503.
[INFO] Enola: Solve for Rydberg stage 1090/2503.
[INFO] Enola: Solve for Rydberg stage 1091/2503.
[INFO] Enola: Solve for Rydberg stage 1092/2503.
[INFO] Enola: Solve for Rydberg stage 1093/2503.
[INFO] Enola: Solve for Rydberg stage 1094/2503.
[INFO] Enola: Solve for Rydberg stage 1095/2503.
[INFO] Enola: Solve for Rydberg stage 1096/2503.
[INFO] Enola: Solve for Rydberg stage 1097/2503.
[INFO] Enola: Solve for Rydberg stage 1098/2503.
[INFO] Enola: Solve for Rydberg stage 1099/2503.
[INFO] Enola: Solve for Rydberg stage 1100/2503.
[INFO] Enola: Solve for Rydberg stage 1101/2503.
[INFO] Enola: Solve for Rydberg stage 1102/2503.
[INFO] Enola: Solve for Rydberg stage 1103/2503.
[INFO] Enola: Solve for Rydberg stage 1104/2503.
[INFO] Enola: Solve for Rydberg stage 1105/2503.
[INFO] Enola: Solve for Rydberg stage 1106/2503.
[INFO] Enola: Solve for Rydberg stage 1107/2503.
[INFO] Enola: Solve for Rydberg stage 1108/2503.
[INFO] Enola: Solve for Rydberg stage 1109/2503.
[INFO] Enola: Solve for Rydberg stage 1110/2503.
[INFO] Enola: Solve for Rydberg stage 1111/2503.
[INFO] Enola: Solve for Rydberg stage 1112/2503.
[INFO] Enola: Solve for Rydberg stage 1113/2503.
[INFO] Enola: Solve for Rydberg stage 1114/2503.
[INFO] Enola: Solve for Rydberg stage 1115/2503.
[INFO] Enola: Solve for Rydberg stage 1116/2503.
[INFO] Enola: Solve for Rydberg stage 1117/2503.
[INFO] Enola: Solve for Rydberg stage 1118/2503.
[INFO] Enola: Solve for Rydberg stage 1119/2503.
[INFO] Enola: Solve for Rydberg stage 1120/2503.
[INFO] Enola: Solve for Rydberg stage 1121/2503.
[INFO] Enola: Solve for Rydberg stage 1122/2503.
[INFO] Enola: Solve for Rydberg stage 1123/2503.
[INFO] Enola: Solve for Rydberg stage 1124/2503.
[INFO] Enola: Solve for Rydberg stage 1125/2503.
[INFO] Enola: Solve for Rydberg stage 1126/2503.
[INFO] Enola: Solve for Rydberg stage 1127/2503.
[INFO] Enola: Solve for Rydberg stage 1128/2503.
[INFO] Enola: Solve for Rydberg stage 1129/2503.
[INFO] Enola: Solve for Rydberg stage 1130/2503.
[INFO] Enola: Solve for Rydberg stage 1131/2503.
[INFO] Enola: Solve for Rydberg stage 1132/2503.
[INFO] Enola: Solve for Rydberg stage 1133/2503.
[INFO] Enola: Solve for Rydberg stage 1134/2503.
[INFO] Enola: Solve for Rydberg stage 1135/2503.
[INFO] Enola: Solve for Rydberg stage 1136/2503.
[INFO] Enola: Solve for Rydberg stage 1137/2503.
[INFO] Enola: Solve for Rydberg stage 1138/2503.
[INFO] Enola: Solve for Rydberg stage 1139/2503.
[INFO] Enola: Solve for Rydberg stage 1140/2503.
[INFO] Enola: Solve for Rydberg stage 1141/2503.
[INFO] Enola: Solve for Rydberg stage 1142/2503.
[INFO] Enola: Solve for Rydberg stage 1143/2503.
[INFO] Enola: Solve for Rydberg stage 1144/2503.
[INFO] Enola: Solve for Rydberg stage 1145/2503.
[INFO] Enola: Solve for Rydberg stage 1146/2503.
[INFO] Enola: Solve for Rydberg stage 1147/2503.
[INFO] Enola: Solve for Rydberg stage 1148/2503.
[INFO] Enola: Solve for Rydberg stage 1149/2503.
[INFO] Enola: Solve for Rydberg stage 1150/2503.
[INFO] Enola: Solve for Rydberg stage 1151/2503.
[INFO] Enola: Solve for Rydberg stage 1152/2503.
[INFO] Enola: Solve for Rydberg stage 1153/2503.
[INFO] Enola: Solve for Rydberg stage 1154/2503.
[INFO] Enola: Solve for Rydberg stage 1155/2503.
[INFO] Enola: Solve for Rydberg stage 1156/2503.
[INFO] Enola: Solve for Rydberg stage 1157/2503.
[INFO] Enola: Solve for Rydberg stage 1158/2503.
[INFO] Enola: Solve for Rydberg stage 1159/2503.
[INFO] Enola: Solve for Rydberg stage 1160/2503.
[INFO] Enola: Solve for Rydberg stage 1161/2503.
[INFO] Enola: Solve for Rydberg stage 1162/2503.
[INFO] Enola: Solve for Rydberg stage 1163/2503.
[INFO] Enola: Solve for Rydberg stage 1164/2503.
[INFO] Enola: Solve for Rydberg stage 1165/2503.
[INFO] Enola: Solve for Rydberg stage 1166/2503.
[INFO] Enola: Solve for Rydberg stage 1167/2503.
[INFO] Enola: Solve for Rydberg stage 1168/2503.
[INFO] Enola: Solve for Rydberg stage 1169/2503.
[INFO] Enola: Solve for Rydberg stage 1170/2503.
[INFO] Enola: Solve for Rydberg stage 1171/2503.
[INFO] Enola: Solve for Rydberg stage 1172/2503.
[INFO] Enola: Solve for Rydberg stage 1173/2503.
[INFO] Enola: Solve for Rydberg stage 1174/2503.
[INFO] Enola: Solve for Rydberg stage 1175/2503.
[INFO] Enola: Solve for Rydberg stage 1176/2503.
[INFO] Enola: Solve for Rydberg stage 1177/2503.
[INFO] Enola: Solve for Rydberg stage 1178/2503.
[INFO] Enola: Solve for Rydberg stage 1179/2503.
[INFO] Enola: Solve for Rydberg stage 1180/2503.
[INFO] Enola: Solve for Rydberg stage 1181/2503.
[INFO] Enola: Solve for Rydberg stage 1182/2503.
[INFO] Enola: Solve for Rydberg stage 1183/2503.
[INFO] Enola: Solve for Rydberg stage 1184/2503.
[INFO] Enola: Solve for Rydberg stage 1185/2503.
[INFO] Enola: Solve for Rydberg stage 1186/2503.
[INFO] Enola: Solve for Rydberg stage 1187/2503.
[INFO] Enola: Solve for Rydberg stage 1188/2503.
[INFO] Enola: Solve for Rydberg stage 1189/2503.
[INFO] Enola: Solve for Rydberg stage 1190/2503.
[INFO] Enola: Solve for Rydberg stage 1191/2503.
[INFO] Enola: Solve for Rydberg stage 1192/2503.
[INFO] Enola: Solve for Rydberg stage 1193/2503.
[INFO] Enola: Solve for Rydberg stage 1194/2503.
[INFO] Enola: Solve for Rydberg stage 1195/2503.
[INFO] Enola: Solve for Rydberg stage 1196/2503.
[INFO] Enola: Solve for Rydberg stage 1197/2503.
[INFO] Enola: Solve for Rydberg stage 1198/2503.
[INFO] Enola: Solve for Rydberg stage 1199/2503.
[INFO] Enola: Solve for Rydberg stage 1200/2503.
[INFO] Enola: Solve for Rydberg stage 1201/2503.
[INFO] Enola: Solve for Rydberg stage 1202/2503.
[INFO] Enola: Solve for Rydberg stage 1203/2503.
[INFO] Enola: Solve for Rydberg stage 1204/2503.
[INFO] Enola: Solve for Rydberg stage 1205/2503.
[INFO] Enola: Solve for Rydberg stage 1206/2503.
[INFO] Enola: Solve for Rydberg stage 1207/2503.
[INFO] Enola: Solve for Rydberg stage 1208/2503.
[INFO] Enola: Solve for Rydberg stage 1209/2503.
[INFO] Enola: Solve for Rydberg stage 1210/2503.
[INFO] Enola: Solve for Rydberg stage 1211/2503.
[INFO] Enola: Solve for Rydberg stage 1212/2503.
[INFO] Enola: Solve for Rydberg stage 1213/2503.
[INFO] Enola: Solve for Rydberg stage 1214/2503.
[INFO] Enola: Solve for Rydberg stage 1215/2503.
[INFO] Enola: Solve for Rydberg stage 1216/2503.
[INFO] Enola: Solve for Rydberg stage 1217/2503.
[INFO] Enola: Solve for Rydberg stage 1218/2503.
[INFO] Enola: Solve for Rydberg stage 1219/2503.
[INFO] Enola: Solve for Rydberg stage 1220/2503.
[INFO] Enola: Solve for Rydberg stage 1221/2503.
[INFO] Enola: Solve for Rydberg stage 1222/2503.
[INFO] Enola: Solve for Rydberg stage 1223/2503.
[INFO] Enola: Solve for Rydberg stage 1224/2503.
[INFO] Enola: Solve for Rydberg stage 1225/2503.
[INFO] Enola: Solve for Rydberg stage 1226/2503.
[INFO] Enola: Solve for Rydberg stage 1227/2503.
[INFO] Enola: Solve for Rydberg stage 1228/2503.
[INFO] Enola: Solve for Rydberg stage 1229/2503.
[INFO] Enola: Solve for Rydberg stage 1230/2503.
[INFO] Enola: Solve for Rydberg stage 1231/2503.
[INFO] Enola: Solve for Rydberg stage 1232/2503.
[INFO] Enola: Solve for Rydberg stage 1233/2503.
[INFO] Enola: Solve for Rydberg stage 1234/2503.
[INFO] Enola: Solve for Rydberg stage 1235/2503.
[INFO] Enola: Solve for Rydberg stage 1236/2503.
[INFO] Enola: Solve for Rydberg stage 1237/2503.
[INFO] Enola: Solve for Rydberg stage 1238/2503.
[INFO] Enola: Solve for Rydberg stage 1239/2503.
[INFO] Enola: Solve for Rydberg stage 1240/2503.
[INFO] Enola: Solve for Rydberg stage 1241/2503.
[INFO] Enola: Solve for Rydberg stage 1242/2503.
[INFO] Enola: Solve for Rydberg stage 1243/2503.
[INFO] Enola: Solve for Rydberg stage 1244/2503.
[INFO] Enola: Solve for Rydberg stage 1245/2503.
[INFO] Enola: Solve for Rydberg stage 1246/2503.
[INFO] Enola: Solve for Rydberg stage 1247/2503.
[INFO] Enola: Solve for Rydberg stage 1248/2503.
[INFO] Enola: Solve for Rydberg stage 1249/2503.
[INFO] Enola: Solve for Rydberg stage 1250/2503.
[INFO] Enola: Solve for Rydberg stage 1251/2503.
[INFO] Enola: Solve for Rydberg stage 1252/2503.
[INFO] Enola: Solve for Rydberg stage 1253/2503.
[INFO] Enola: Solve for Rydberg stage 1254/2503.
[INFO] Enola: Solve for Rydberg stage 1255/2503.
[INFO] Enola: Solve for Rydberg stage 1256/2503.
[INFO] Enola: Solve for Rydberg stage 1257/2503.
[INFO] Enola: Solve for Rydberg stage 1258/2503.
[INFO] Enola: Solve for Rydberg stage 1259/2503.
[INFO] Enola: Solve for Rydberg stage 1260/2503.
[INFO] Enola: Solve for Rydberg stage 1261/2503.
[INFO] Enola: Solve for Rydberg stage 1262/2503.
[INFO] Enola: Solve for Rydberg stage 1263/2503.
[INFO] Enola: Solve for Rydberg stage 1264/2503.
[INFO] Enola: Solve for Rydberg stage 1265/2503.
[INFO] Enola: Solve for Rydberg stage 1266/2503.
[INFO] Enola: Solve for Rydberg stage 1267/2503.
[INFO] Enola: Solve for Rydberg stage 1268/2503.
[INFO] Enola: Solve for Rydberg stage 1269/2503.
[INFO] Enola: Solve for Rydberg stage 1270/2503.
[INFO] Enola: Solve for Rydberg stage 1271/2503.
[INFO] Enola: Solve for Rydberg stage 1272/2503.
[INFO] Enola: Solve for Rydberg stage 1273/2503.
[INFO] Enola: Solve for Rydberg stage 1274/2503.
[INFO] Enola: Solve for Rydberg stage 1275/2503.
[INFO] Enola: Solve for Rydberg stage 1276/2503.
[INFO] Enola: Solve for Rydberg stage 1277/2503.
[INFO] Enola: Solve for Rydberg stage 1278/2503.
[INFO] Enola: Solve for Rydberg stage 1279/2503.
[INFO] Enola: Solve for Rydberg stage 1280/2503.
[INFO] Enola: Solve for Rydberg stage 1281/2503.
[INFO] Enola: Solve for Rydberg stage 1282/2503.
[INFO] Enola: Solve for Rydberg stage 1283/2503.
[INFO] Enola: Solve for Rydberg stage 1284/2503.
[INFO] Enola: Solve for Rydberg stage 1285/2503.
[INFO] Enola: Solve for Rydberg stage 1286/2503.
[INFO] Enola: Solve for Rydberg stage 1287/2503.
[INFO] Enola: Solve for Rydberg stage 1288/2503.
[INFO] Enola: Solve for Rydberg stage 1289/2503.
[INFO] Enola: Solve for Rydberg stage 1290/2503.
[INFO] Enola: Solve for Rydberg stage 1291/2503.
[INFO] Enola: Solve for Rydberg stage 1292/2503.
[INFO] Enola: Solve for Rydberg stage 1293/2503.
[INFO] Enola: Solve for Rydberg stage 1294/2503.
[INFO] Enola: Solve for Rydberg stage 1295/2503.
[INFO] Enola: Solve for Rydberg stage 1296/2503.
[INFO] Enola: Solve for Rydberg stage 1297/2503.
[INFO] Enola: Solve for Rydberg stage 1298/2503.
[INFO] Enola: Solve for Rydberg stage 1299/2503.
[INFO] Enola: Solve for Rydberg stage 1300/2503.
[INFO] Enola: Solve for Rydberg stage 1301/2503.
[INFO] Enola: Solve for Rydberg stage 1302/2503.
[INFO] Enola: Solve for Rydberg stage 1303/2503.
[INFO] Enola: Solve for Rydberg stage 1304/2503.
[INFO] Enola: Solve for Rydberg stage 1305/2503.
[INFO] Enola: Solve for Rydberg stage 1306/2503.
[INFO] Enola: Solve for Rydberg stage 1307/2503.
[INFO] Enola: Solve for Rydberg stage 1308/2503.
[INFO] Enola: Solve for Rydberg stage 1309/2503.
[INFO] Enola: Solve for Rydberg stage 1310/2503.
[INFO] Enola: Solve for Rydberg stage 1311/2503.
[INFO] Enola: Solve for Rydberg stage 1312/2503.
[INFO] Enola: Solve for Rydberg stage 1313/2503.
[INFO] Enola: Solve for Rydberg stage 1314/2503.
[INFO] Enola: Solve for Rydberg stage 1315/2503.
[INFO] Enola: Solve for Rydberg stage 1316/2503.
[INFO] Enola: Solve for Rydberg stage 1317/2503.
[INFO] Enola: Solve for Rydberg stage 1318/2503.
[INFO] Enola: Solve for Rydberg stage 1319/2503.
[INFO] Enola: Solve for Rydberg stage 1320/2503.
[INFO] Enola: Solve for Rydberg stage 1321/2503.
[INFO] Enola: Solve for Rydberg stage 1322/2503.
[INFO] Enola: Solve for Rydberg stage 1323/2503.
[INFO] Enola: Solve for Rydberg stage 1324/2503.
[INFO] Enola: Solve for Rydberg stage 1325/2503.
[INFO] Enola: Solve for Rydberg stage 1326/2503.
[INFO] Enola: Solve for Rydberg stage 1327/2503.
[INFO] Enola: Solve for Rydberg stage 1328/2503.
[INFO] Enola: Solve for Rydberg stage 1329/2503.
[INFO] Enola: Solve for Rydberg stage 1330/2503.
[INFO] Enola: Solve for Rydberg stage 1331/2503.
[INFO] Enola: Solve for Rydberg stage 1332/2503.
[INFO] Enola: Solve for Rydberg stage 1333/2503.
[INFO] Enola: Solve for Rydberg stage 1334/2503.
[INFO] Enola: Solve for Rydberg stage 1335/2503.
[INFO] Enola: Solve for Rydberg stage 1336/2503.
[INFO] Enola: Solve for Rydberg stage 1337/2503.
[INFO] Enola: Solve for Rydberg stage 1338/2503.
[INFO] Enola: Solve for Rydberg stage 1339/2503.
[INFO] Enola: Solve for Rydberg stage 1340/2503.
[INFO] Enola: Solve for Rydberg stage 1341/2503.
[INFO] Enola: Solve for Rydberg stage 1342/2503.
[INFO] Enola: Solve for Rydberg stage 1343/2503.
[INFO] Enola: Solve for Rydberg stage 1344/2503.
[INFO] Enola: Solve for Rydberg stage 1345/2503.
[INFO] Enola: Solve for Rydberg stage 1346/2503.
[INFO] Enola: Solve for Rydberg stage 1347/2503.
[INFO] Enola: Solve for Rydberg stage 1348/2503.
[INFO] Enola: Solve for Rydberg stage 1349/2503.
[INFO] Enola: Solve for Rydberg stage 1350/2503.
[INFO] Enola: Solve for Rydberg stage 1351/2503.
[INFO] Enola: Solve for Rydberg stage 1352/2503.
[INFO] Enola: Solve for Rydberg stage 1353/2503.
[INFO] Enola: Solve for Rydberg stage 1354/2503.
[INFO] Enola: Solve for Rydberg stage 1355/2503.
[INFO] Enola: Solve for Rydberg stage 1356/2503.
[INFO] Enola: Solve for Rydberg stage 1357/2503.
[INFO] Enola: Solve for Rydberg stage 1358/2503.
[INFO] Enola: Solve for Rydberg stage 1359/2503.
[INFO] Enola: Solve for Rydberg stage 1360/2503.
[INFO] Enola: Solve for Rydberg stage 1361/2503.
[INFO] Enola: Solve for Rydberg stage 1362/2503.
[INFO] Enola: Solve for Rydberg stage 1363/2503.
[INFO] Enola: Solve for Rydberg stage 1364/2503.
[INFO] Enola: Solve for Rydberg stage 1365/2503.
[INFO] Enola: Solve for Rydberg stage 1366/2503.
[INFO] Enola: Solve for Rydberg stage 1367/2503.
[INFO] Enola: Solve for Rydberg stage 1368/2503.
[INFO] Enola: Solve for Rydberg stage 1369/2503.
[INFO] Enola: Solve for Rydberg stage 1370/2503.
[INFO] Enola: Solve for Rydberg stage 1371/2503.
[INFO] Enola: Solve for Rydberg stage 1372/2503.
[INFO] Enola: Solve for Rydberg stage 1373/2503.
[INFO] Enola: Solve for Rydberg stage 1374/2503.
[INFO] Enola: Solve for Rydberg stage 1375/2503.
[INFO] Enola: Solve for Rydberg stage 1376/2503.
[INFO] Enola: Solve for Rydberg stage 1377/2503.
[INFO] Enola: Solve for Rydberg stage 1378/2503.
[INFO] Enola: Solve for Rydberg stage 1379/2503.
[INFO] Enola: Solve for Rydberg stage 1380/2503.
[INFO] Enola: Solve for Rydberg stage 1381/2503.
[INFO] Enola: Solve for Rydberg stage 1382/2503.
[INFO] Enola: Solve for Rydberg stage 1383/2503.
[INFO] Enola: Solve for Rydberg stage 1384/2503.
[INFO] Enola: Solve for Rydberg stage 1385/2503.
[INFO] Enola: Solve for Rydberg stage 1386/2503.
[INFO] Enola: Solve for Rydberg stage 1387/2503.
[INFO] Enola: Solve for Rydberg stage 1388/2503.
[INFO] Enola: Solve for Rydberg stage 1389/2503.
[INFO] Enola: Solve for Rydberg stage 1390/2503.
[INFO] Enola: Solve for Rydberg stage 1391/2503.
[INFO] Enola: Solve for Rydberg stage 1392/2503.
[INFO] Enola: Solve for Rydberg stage 1393/2503.
[INFO] Enola: Solve for Rydberg stage 1394/2503.
[INFO] Enola: Solve for Rydberg stage 1395/2503.
[INFO] Enola: Solve for Rydberg stage 1396/2503.
[INFO] Enola: Solve for Rydberg stage 1397/2503.
[INFO] Enola: Solve for Rydberg stage 1398/2503.
[INFO] Enola: Solve for Rydberg stage 1399/2503.
[INFO] Enola: Solve for Rydberg stage 1400/2503.
[INFO] Enola: Solve for Rydberg stage 1401/2503.
[INFO] Enola: Solve for Rydberg stage 1402/2503.
[INFO] Enola: Solve for Rydberg stage 1403/2503.
[INFO] Enola: Solve for Rydberg stage 1404/2503.
[INFO] Enola: Solve for Rydberg stage 1405/2503.
[INFO] Enola: Solve for Rydberg stage 1406/2503.
[INFO] Enola: Solve for Rydberg stage 1407/2503.
[INFO] Enola: Solve for Rydberg stage 1408/2503.
[INFO] Enola: Solve for Rydberg stage 1409/2503.
[INFO] Enola: Solve for Rydberg stage 1410/2503.
[INFO] Enola: Solve for Rydberg stage 1411/2503.
[INFO] Enola: Solve for Rydberg stage 1412/2503.
[INFO] Enola: Solve for Rydberg stage 1413/2503.
[INFO] Enola: Solve for Rydberg stage 1414/2503.
[INFO] Enola: Solve for Rydberg stage 1415/2503.
[INFO] Enola: Solve for Rydberg stage 1416/2503.
[INFO] Enola: Solve for Rydberg stage 1417/2503.
[INFO] Enola: Solve for Rydberg stage 1418/2503.
[INFO] Enola: Solve for Rydberg stage 1419/2503.
[INFO] Enola: Solve for Rydberg stage 1420/2503.
[INFO] Enola: Solve for Rydberg stage 1421/2503.
[INFO] Enola: Solve for Rydberg stage 1422/2503.
[INFO] Enola: Solve for Rydberg stage 1423/2503.
[INFO] Enola: Solve for Rydberg stage 1424/2503.
[INFO] Enola: Solve for Rydberg stage 1425/2503.
[INFO] Enola: Solve for Rydberg stage 1426/2503.
[INFO] Enola: Solve for Rydberg stage 1427/2503.
[INFO] Enola: Solve for Rydberg stage 1428/2503.
[INFO] Enola: Solve for Rydberg stage 1429/2503.
[INFO] Enola: Solve for Rydberg stage 1430/2503.
[INFO] Enola: Solve for Rydberg stage 1431/2503.
[INFO] Enola: Solve for Rydberg stage 1432/2503.
[INFO] Enola: Solve for Rydberg stage 1433/2503.
[INFO] Enola: Solve for Rydberg stage 1434/2503.
[INFO] Enola: Solve for Rydberg stage 1435/2503.
[INFO] Enola: Solve for Rydberg stage 1436/2503.
[INFO] Enola: Solve for Rydberg stage 1437/2503.
[INFO] Enola: Solve for Rydberg stage 1438/2503.
[INFO] Enola: Solve for Rydberg stage 1439/2503.
[INFO] Enola: Solve for Rydberg stage 1440/2503.
[INFO] Enola: Solve for Rydberg stage 1441/2503.
[INFO] Enola: Solve for Rydberg stage 1442/2503.
[INFO] Enola: Solve for Rydberg stage 1443/2503.
[INFO] Enola: Solve for Rydberg stage 1444/2503.
[INFO] Enola: Solve for Rydberg stage 1445/2503.
[INFO] Enola: Solve for Rydberg stage 1446/2503.
[INFO] Enola: Solve for Rydberg stage 1447/2503.
[INFO] Enola: Solve for Rydberg stage 1448/2503.
[INFO] Enola: Solve for Rydberg stage 1449/2503.
[INFO] Enola: Solve for Rydberg stage 1450/2503.
[INFO] Enola: Solve for Rydberg stage 1451/2503.
[INFO] Enola: Solve for Rydberg stage 1452/2503.
[INFO] Enola: Solve for Rydberg stage 1453/2503.
[INFO] Enola: Solve for Rydberg stage 1454/2503.
[INFO] Enola: Solve for Rydberg stage 1455/2503.
[INFO] Enola: Solve for Rydberg stage 1456/2503.
[INFO] Enola: Solve for Rydberg stage 1457/2503.
[INFO] Enola: Solve for Rydberg stage 1458/2503.
[INFO] Enola: Solve for Rydberg stage 1459/2503.
[INFO] Enola: Solve for Rydberg stage 1460/2503.
[INFO] Enola: Solve for Rydberg stage 1461/2503.
[INFO] Enola: Solve for Rydberg stage 1462/2503.
[INFO] Enola: Solve for Rydberg stage 1463/2503.
[INFO] Enola: Solve for Rydberg stage 1464/2503.
[INFO] Enola: Solve for Rydberg stage 1465/2503.
[INFO] Enola: Solve for Rydberg stage 1466/2503.
[INFO] Enola: Solve for Rydberg stage 1467/2503.
[INFO] Enola: Solve for Rydberg stage 1468/2503.
[INFO] Enola: Solve for Rydberg stage 1469/2503.
[INFO] Enola: Solve for Rydberg stage 1470/2503.
[INFO] Enola: Solve for Rydberg stage 1471/2503.
[INFO] Enola: Solve for Rydberg stage 1472/2503.
[INFO] Enola: Solve for Rydberg stage 1473/2503.
[INFO] Enola: Solve for Rydberg stage 1474/2503.
[INFO] Enola: Solve for Rydberg stage 1475/2503.
[INFO] Enola: Solve for Rydberg stage 1476/2503.
[INFO] Enola: Solve for Rydberg stage 1477/2503.
[INFO] Enola: Solve for Rydberg stage 1478/2503.
[INFO] Enola: Solve for Rydberg stage 1479/2503.
[INFO] Enola: Solve for Rydberg stage 1480/2503.
[INFO] Enola: Solve for Rydberg stage 1481/2503.
[INFO] Enola: Solve for Rydberg stage 1482/2503.
[INFO] Enola: Solve for Rydberg stage 1483/2503.
[INFO] Enola: Solve for Rydberg stage 1484/2503.
[INFO] Enola: Solve for Rydberg stage 1485/2503.
[INFO] Enola: Solve for Rydberg stage 1486/2503.
[INFO] Enola: Solve for Rydberg stage 1487/2503.
[INFO] Enola: Solve for Rydberg stage 1488/2503.
[INFO] Enola: Solve for Rydberg stage 1489/2503.
[INFO] Enola: Solve for Rydberg stage 1490/2503.
[INFO] Enola: Solve for Rydberg stage 1491/2503.
[INFO] Enola: Solve for Rydberg stage 1492/2503.
[INFO] Enola: Solve for Rydberg stage 1493/2503.
[INFO] Enola: Solve for Rydberg stage 1494/2503.
[INFO] Enola: Solve for Rydberg stage 1495/2503.
[INFO] Enola: Solve for Rydberg stage 1496/2503.
[INFO] Enola: Solve for Rydberg stage 1497/2503.
[INFO] Enola: Solve for Rydberg stage 1498/2503.
[INFO] Enola: Solve for Rydberg stage 1499/2503.
[INFO] Enola: Solve for Rydberg stage 1500/2503.
[INFO] Enola: Solve for Rydberg stage 1501/2503.
[INFO] Enola: Solve for Rydberg stage 1502/2503.
[INFO] Enola: Solve for Rydberg stage 1503/2503.
[INFO] Enola: Solve for Rydberg stage 1504/2503.
[INFO] Enola: Solve for Rydberg stage 1505/2503.
[INFO] Enola: Solve for Rydberg stage 1506/2503.
[INFO] Enola: Solve for Rydberg stage 1507/2503.
[INFO] Enola: Solve for Rydberg stage 1508/2503.
[INFO] Enola: Solve for Rydberg stage 1509/2503.
[INFO] Enola: Solve for Rydberg stage 1510/2503.
[INFO] Enola: Solve for Rydberg stage 1511/2503.
[INFO] Enola: Solve for Rydberg stage 1512/2503.
[INFO] Enola: Solve for Rydberg stage 1513/2503.
[INFO] Enola: Solve for Rydberg stage 1514/2503.
[INFO] Enola: Solve for Rydberg stage 1515/2503.
[INFO] Enola: Solve for Rydberg stage 1516/2503.
[INFO] Enola: Solve for Rydberg stage 1517/2503.
[INFO] Enola: Solve for Rydberg stage 1518/2503.
[INFO] Enola: Solve for Rydberg stage 1519/2503.
[INFO] Enola: Solve for Rydberg stage 1520/2503.
[INFO] Enola: Solve for Rydberg stage 1521/2503.
[INFO] Enola: Solve for Rydberg stage 1522/2503.
[INFO] Enola: Solve for Rydberg stage 1523/2503.
[INFO] Enola: Solve for Rydberg stage 1524/2503.
[INFO] Enola: Solve for Rydberg stage 1525/2503.
[INFO] Enola: Solve for Rydberg stage 1526/2503.
[INFO] Enola: Solve for Rydberg stage 1527/2503.
[INFO] Enola: Solve for Rydberg stage 1528/2503.
[INFO] Enola: Solve for Rydberg stage 1529/2503.
[INFO] Enola: Solve for Rydberg stage 1530/2503.
[INFO] Enola: Solve for Rydberg stage 1531/2503.
[INFO] Enola: Solve for Rydberg stage 1532/2503.
[INFO] Enola: Solve for Rydberg stage 1533/2503.
[INFO] Enola: Solve for Rydberg stage 1534/2503.
[INFO] Enola: Solve for Rydberg stage 1535/2503.
[INFO] Enola: Solve for Rydberg stage 1536/2503.
[INFO] Enola: Solve for Rydberg stage 1537/2503.
[INFO] Enola: Solve for Rydberg stage 1538/2503.
[INFO] Enola: Solve for Rydberg stage 1539/2503.
[INFO] Enola: Solve for Rydberg stage 1540/2503.
[INFO] Enola: Solve for Rydberg stage 1541/2503.
[INFO] Enola: Solve for Rydberg stage 1542/2503.
[INFO] Enola: Solve for Rydberg stage 1543/2503.
[INFO] Enola: Solve for Rydberg stage 1544/2503.
[INFO] Enola: Solve for Rydberg stage 1545/2503.
[INFO] Enola: Solve for Rydberg stage 1546/2503.
[INFO] Enola: Solve for Rydberg stage 1547/2503.
[INFO] Enola: Solve for Rydberg stage 1548/2503.
[INFO] Enola: Solve for Rydberg stage 1549/2503.
[INFO] Enola: Solve for Rydberg stage 1550/2503.
[INFO] Enola: Solve for Rydberg stage 1551/2503.
[INFO] Enola: Solve for Rydberg stage 1552/2503.
[INFO] Enola: Solve for Rydberg stage 1553/2503.
[INFO] Enola: Solve for Rydberg stage 1554/2503.
[INFO] Enola: Solve for Rydberg stage 1555/2503.
[INFO] Enola: Solve for Rydberg stage 1556/2503.
[INFO] Enola: Solve for Rydberg stage 1557/2503.
[INFO] Enola: Solve for Rydberg stage 1558/2503.
[INFO] Enola: Solve for Rydberg stage 1559/2503.
[INFO] Enola: Solve for Rydberg stage 1560/2503.
[INFO] Enola: Solve for Rydberg stage 1561/2503.
[INFO] Enola: Solve for Rydberg stage 1562/2503.
[INFO] Enola: Solve for Rydberg stage 1563/2503.
[INFO] Enola: Solve for Rydberg stage 1564/2503.
[INFO] Enola: Solve for Rydberg stage 1565/2503.
[INFO] Enola: Solve for Rydberg stage 1566/2503.
[INFO] Enola: Solve for Rydberg stage 1567/2503.
[INFO] Enola: Solve for Rydberg stage 1568/2503.
[INFO] Enola: Solve for Rydberg stage 1569/2503.
[INFO] Enola: Solve for Rydberg stage 1570/2503.
[INFO] Enola: Solve for Rydberg stage 1571/2503.
[INFO] Enola: Solve for Rydberg stage 1572/2503.
[INFO] Enola: Solve for Rydberg stage 1573/2503.
[INFO] Enola: Solve for Rydberg stage 1574/2503.
[INFO] Enola: Solve for Rydberg stage 1575/2503.
[INFO] Enola: Solve for Rydberg stage 1576/2503.
[INFO] Enola: Solve for Rydberg stage 1577/2503.
[INFO] Enola: Solve for Rydberg stage 1578/2503.
[INFO] Enola: Solve for Rydberg stage 1579/2503.
[INFO] Enola: Solve for Rydberg stage 1580/2503.
[INFO] Enola: Solve for Rydberg stage 1581/2503.
[INFO] Enola: Solve for Rydberg stage 1582/2503.
[INFO] Enola: Solve for Rydberg stage 1583/2503.
[INFO] Enola: Solve for Rydberg stage 1584/2503.
[INFO] Enola: Solve for Rydberg stage 1585/2503.
[INFO] Enola: Solve for Rydberg stage 1586/2503.
[INFO] Enola: Solve for Rydberg stage 1587/2503.
[INFO] Enola: Solve for Rydberg stage 1588/2503.
[INFO] Enola: Solve for Rydberg stage 1589/2503.
[INFO] Enola: Solve for Rydberg stage 1590/2503.
[INFO] Enola: Solve for Rydberg stage 1591/2503.
[INFO] Enola: Solve for Rydberg stage 1592/2503.
[INFO] Enola: Solve for Rydberg stage 1593/2503.
[INFO] Enola: Solve for Rydberg stage 1594/2503.
[INFO] Enola: Solve for Rydberg stage 1595/2503.
[INFO] Enola: Solve for Rydberg stage 1596/2503.
[INFO] Enola: Solve for Rydberg stage 1597/2503.
[INFO] Enola: Solve for Rydberg stage 1598/2503.
[INFO] Enola: Solve for Rydberg stage 1599/2503.
[INFO] Enola: Solve for Rydberg stage 1600/2503.
[INFO] Enola: Solve for Rydberg stage 1601/2503.
[INFO] Enola: Solve for Rydberg stage 1602/2503.
[INFO] Enola: Solve for Rydberg stage 1603/2503.
[INFO] Enola: Solve for Rydberg stage 1604/2503.
[INFO] Enola: Solve for Rydberg stage 1605/2503.
[INFO] Enola: Solve for Rydberg stage 1606/2503.
[INFO] Enola: Solve for Rydberg stage 1607/2503.
[INFO] Enola: Solve for Rydberg stage 1608/2503.
[INFO] Enola: Solve for Rydberg stage 1609/2503.
[INFO] Enola: Solve for Rydberg stage 1610/2503.
[INFO] Enola: Solve for Rydberg stage 1611/2503.
[INFO] Enola: Solve for Rydberg stage 1612/2503.
[INFO] Enola: Solve for Rydberg stage 1613/2503.
[INFO] Enola: Solve for Rydberg stage 1614/2503.
[INFO] Enola: Solve for Rydberg stage 1615/2503.
[INFO] Enola: Solve for Rydberg stage 1616/2503.
[INFO] Enola: Solve for Rydberg stage 1617/2503.
[INFO] Enola: Solve for Rydberg stage 1618/2503.
[INFO] Enola: Solve for Rydberg stage 1619/2503.
[INFO] Enola: Solve for Rydberg stage 1620/2503.
[INFO] Enola: Solve for Rydberg stage 1621/2503.
[INFO] Enola: Solve for Rydberg stage 1622/2503.
[INFO] Enola: Solve for Rydberg stage 1623/2503.
[INFO] Enola: Solve for Rydberg stage 1624/2503.
[INFO] Enola: Solve for Rydberg stage 1625/2503.
[INFO] Enola: Solve for Rydberg stage 1626/2503.
[INFO] Enola: Solve for Rydberg stage 1627/2503.
[INFO] Enola: Solve for Rydberg stage 1628/2503.
[INFO] Enola: Solve for Rydberg stage 1629/2503.
[INFO] Enola: Solve for Rydberg stage 1630/2503.
[INFO] Enola: Solve for Rydberg stage 1631/2503.
[INFO] Enola: Solve for Rydberg stage 1632/2503.
[INFO] Enola: Solve for Rydberg stage 1633/2503.
[INFO] Enola: Solve for Rydberg stage 1634/2503.
[INFO] Enola: Solve for Rydberg stage 1635/2503.
[INFO] Enola: Solve for Rydberg stage 1636/2503.
[INFO] Enola: Solve for Rydberg stage 1637/2503.
[INFO] Enola: Solve for Rydberg stage 1638/2503.
[INFO] Enola: Solve for Rydberg stage 1639/2503.
[INFO] Enola: Solve for Rydberg stage 1640/2503.
[INFO] Enola: Solve for Rydberg stage 1641/2503.
[INFO] Enola: Solve for Rydberg stage 1642/2503.
[INFO] Enola: Solve for Rydberg stage 1643/2503.
[INFO] Enola: Solve for Rydberg stage 1644/2503.
[INFO] Enola: Solve for Rydberg stage 1645/2503.
[INFO] Enola: Solve for Rydberg stage 1646/2503.
[INFO] Enola: Solve for Rydberg stage 1647/2503.
[INFO] Enola: Solve for Rydberg stage 1648/2503.
[INFO] Enola: Solve for Rydberg stage 1649/2503.
[INFO] Enola: Solve for Rydberg stage 1650/2503.
[INFO] Enola: Solve for Rydberg stage 1651/2503.
[INFO] Enola: Solve for Rydberg stage 1652/2503.
[INFO] Enola: Solve for Rydberg stage 1653/2503.
[INFO] Enola: Solve for Rydberg stage 1654/2503.
[INFO] Enola: Solve for Rydberg stage 1655/2503.
[INFO] Enola: Solve for Rydberg stage 1656/2503.
[INFO] Enola: Solve for Rydberg stage 1657/2503.
[INFO] Enola: Solve for Rydberg stage 1658/2503.
[INFO] Enola: Solve for Rydberg stage 1659/2503.
[INFO] Enola: Solve for Rydberg stage 1660/2503.
[INFO] Enola: Solve for Rydberg stage 1661/2503.
[INFO] Enola: Solve for Rydberg stage 1662/2503.
[INFO] Enola: Solve for Rydberg stage 1663/2503.
[INFO] Enola: Solve for Rydberg stage 1664/2503.
[INFO] Enola: Solve for Rydberg stage 1665/2503.
[INFO] Enola: Solve for Rydberg stage 1666/2503.
[INFO] Enola: Solve for Rydberg stage 1667/2503.
[INFO] Enola: Solve for Rydberg stage 1668/2503.
[INFO] Enola: Solve for Rydberg stage 1669/2503.
[INFO] Enola: Solve for Rydberg stage 1670/2503.
[INFO] Enola: Solve for Rydberg stage 1671/2503.
[INFO] Enola: Solve for Rydberg stage 1672/2503.
[INFO] Enola: Solve for Rydberg stage 1673/2503.
[INFO] Enola: Solve for Rydberg stage 1674/2503.
[INFO] Enola: Solve for Rydberg stage 1675/2503.
[INFO] Enola: Solve for Rydberg stage 1676/2503.
[INFO] Enola: Solve for Rydberg stage 1677/2503.
[INFO] Enola: Solve for Rydberg stage 1678/2503.
[INFO] Enola: Solve for Rydberg stage 1679/2503.
[INFO] Enola: Solve for Rydberg stage 1680/2503.
[INFO] Enola: Solve for Rydberg stage 1681/2503.
[INFO] Enola: Solve for Rydberg stage 1682/2503.
[INFO] Enola: Solve for Rydberg stage 1683/2503.
[INFO] Enola: Solve for Rydberg stage 1684/2503.
[INFO] Enola: Solve for Rydberg stage 1685/2503.
[INFO] Enola: Solve for Rydberg stage 1686/2503.
[INFO] Enola: Solve for Rydberg stage 1687/2503.
[INFO] Enola: Solve for Rydberg stage 1688/2503.
[INFO] Enola: Solve for Rydberg stage 1689/2503.
[INFO] Enola: Solve for Rydberg stage 1690/2503.
[INFO] Enola: Solve for Rydberg stage 1691/2503.
[INFO] Enola: Solve for Rydberg stage 1692/2503.
[INFO] Enola: Solve for Rydberg stage 1693/2503.
[INFO] Enola: Solve for Rydberg stage 1694/2503.
[INFO] Enola: Solve for Rydberg stage 1695/2503.
[INFO] Enola: Solve for Rydberg stage 1696/2503.
[INFO] Enola: Solve for Rydberg stage 1697/2503.
[INFO] Enola: Solve for Rydberg stage 1698/2503.
[INFO] Enola: Solve for Rydberg stage 1699/2503.
[INFO] Enola: Solve for Rydberg stage 1700/2503.
[INFO] Enola: Solve for Rydberg stage 1701/2503.
[INFO] Enola: Solve for Rydberg stage 1702/2503.
[INFO] Enola: Solve for Rydberg stage 1703/2503.
[INFO] Enola: Solve for Rydberg stage 1704/2503.
[INFO] Enola: Solve for Rydberg stage 1705/2503.
[INFO] Enola: Solve for Rydberg stage 1706/2503.
[INFO] Enola: Solve for Rydberg stage 1707/2503.
[INFO] Enola: Solve for Rydberg stage 1708/2503.
[INFO] Enola: Solve for Rydberg stage 1709/2503.
[INFO] Enola: Solve for Rydberg stage 1710/2503.
[INFO] Enola: Solve for Rydberg stage 1711/2503.
[INFO] Enola: Solve for Rydberg stage 1712/2503.
[INFO] Enola: Solve for Rydberg stage 1713/2503.
[INFO] Enola: Solve for Rydberg stage 1714/2503.
[INFO] Enola: Solve for Rydberg stage 1715/2503.
[INFO] Enola: Solve for Rydberg stage 1716/2503.
[INFO] Enola: Solve for Rydberg stage 1717/2503.
[INFO] Enola: Solve for Rydberg stage 1718/2503.
[INFO] Enola: Solve for Rydberg stage 1719/2503.
[INFO] Enola: Solve for Rydberg stage 1720/2503.
[INFO] Enola: Solve for Rydberg stage 1721/2503.
[INFO] Enola: Solve for Rydberg stage 1722/2503.
[INFO] Enola: Solve for Rydberg stage 1723/2503.
[INFO] Enola: Solve for Rydberg stage 1724/2503.
[INFO] Enola: Solve for Rydberg stage 1725/2503.
[INFO] Enola: Solve for Rydberg stage 1726/2503.
[INFO] Enola: Solve for Rydberg stage 1727/2503.
[INFO] Enola: Solve for Rydberg stage 1728/2503.
[INFO] Enola: Solve for Rydberg stage 1729/2503.
[INFO] Enola: Solve for Rydberg stage 1730/2503.
[INFO] Enola: Solve for Rydberg stage 1731/2503.
[INFO] Enola: Solve for Rydberg stage 1732/2503.
[INFO] Enola: Solve for Rydberg stage 1733/2503.
[INFO] Enola: Solve for Rydberg stage 1734/2503.
[INFO] Enola: Solve for Rydberg stage 1735/2503.
[INFO] Enola: Solve for Rydberg stage 1736/2503.
[INFO] Enola: Solve for Rydberg stage 1737/2503.
[INFO] Enola: Solve for Rydberg stage 1738/2503.
[INFO] Enola: Solve for Rydberg stage 1739/2503.
[INFO] Enola: Solve for Rydberg stage 1740/2503.
[INFO] Enola: Solve for Rydberg stage 1741/2503.
[INFO] Enola: Solve for Rydberg stage 1742/2503.
[INFO] Enola: Solve for Rydberg stage 1743/2503.
[INFO] Enola: Solve for Rydberg stage 1744/2503.
[INFO] Enola: Solve for Rydberg stage 1745/2503.
[INFO] Enola: Solve for Rydberg stage 1746/2503.
[INFO] Enola: Solve for Rydberg stage 1747/2503.
[INFO] Enola: Solve for Rydberg stage 1748/2503.
[INFO] Enola: Solve for Rydberg stage 1749/2503.
[INFO] Enola: Solve for Rydberg stage 1750/2503.
[INFO] Enola: Solve for Rydberg stage 1751/2503.
[INFO] Enola: Solve for Rydberg stage 1752/2503.
[INFO] Enola: Solve for Rydberg stage 1753/2503.
[INFO] Enola: Solve for Rydberg stage 1754/2503.
[INFO] Enola: Solve for Rydberg stage 1755/2503.
[INFO] Enola: Solve for Rydberg stage 1756/2503.
[INFO] Enola: Solve for Rydberg stage 1757/2503.
[INFO] Enola: Solve for Rydberg stage 1758/2503.
[INFO] Enola: Solve for Rydberg stage 1759/2503.
[INFO] Enola: Solve for Rydberg stage 1760/2503.
[INFO] Enola: Solve for Rydberg stage 1761/2503.
[INFO] Enola: Solve for Rydberg stage 1762/2503.
[INFO] Enola: Solve for Rydberg stage 1763/2503.
[INFO] Enola: Solve for Rydberg stage 1764/2503.
[INFO] Enola: Solve for Rydberg stage 1765/2503.
[INFO] Enola: Solve for Rydberg stage 1766/2503.
[INFO] Enola: Solve for Rydberg stage 1767/2503.
[INFO] Enola: Solve for Rydberg stage 1768/2503.
[INFO] Enola: Solve for Rydberg stage 1769/2503.
[INFO] Enola: Solve for Rydberg stage 1770/2503.
[INFO] Enola: Solve for Rydberg stage 1771/2503.
[INFO] Enola: Solve for Rydberg stage 1772/2503.
[INFO] Enola: Solve for Rydberg stage 1773/2503.
[INFO] Enola: Solve for Rydberg stage 1774/2503.
[INFO] Enola: Solve for Rydberg stage 1775/2503.
[INFO] Enola: Solve for Rydberg stage 1776/2503.
[INFO] Enola: Solve for Rydberg stage 1777/2503.
[INFO] Enola: Solve for Rydberg stage 1778/2503.
[INFO] Enola: Solve for Rydberg stage 1779/2503.
[INFO] Enola: Solve for Rydberg stage 1780/2503.
[INFO] Enola: Solve for Rydberg stage 1781/2503.
[INFO] Enola: Solve for Rydberg stage 1782/2503.
[INFO] Enola: Solve for Rydberg stage 1783/2503.
[INFO] Enola: Solve for Rydberg stage 1784/2503.
[INFO] Enola: Solve for Rydberg stage 1785/2503.
[INFO] Enola: Solve for Rydberg stage 1786/2503.
[INFO] Enola: Solve for Rydberg stage 1787/2503.
[INFO] Enola: Solve for Rydberg stage 1788/2503.
[INFO] Enola: Solve for Rydberg stage 1789/2503.
[INFO] Enola: Solve for Rydberg stage 1790/2503.
[INFO] Enola: Solve for Rydberg stage 1791/2503.
[INFO] Enola: Solve for Rydberg stage 1792/2503.
[INFO] Enola: Solve for Rydberg stage 1793/2503.
[INFO] Enola: Solve for Rydberg stage 1794/2503.
[INFO] Enola: Solve for Rydberg stage 1795/2503.
[INFO] Enola: Solve for Rydberg stage 1796/2503.
[INFO] Enola: Solve for Rydberg stage 1797/2503.
[INFO] Enola: Solve for Rydberg stage 1798/2503.
[INFO] Enola: Solve for Rydberg stage 1799/2503.
[INFO] Enola: Solve for Rydberg stage 1800/2503.
[INFO] Enola: Solve for Rydberg stage 1801/2503.
[INFO] Enola: Solve for Rydberg stage 1802/2503.
[INFO] Enola: Solve for Rydberg stage 1803/2503.
[INFO] Enola: Solve for Rydberg stage 1804/2503.
[INFO] Enola: Solve for Rydberg stage 1805/2503.
[INFO] Enola: Solve for Rydberg stage 1806/2503.
[INFO] Enola: Solve for Rydberg stage 1807/2503.
[INFO] Enola: Solve for Rydberg stage 1808/2503.
[INFO] Enola: Solve for Rydberg stage 1809/2503.
[INFO] Enola: Solve for Rydberg stage 1810/2503.
[INFO] Enola: Solve for Rydberg stage 1811/2503.
[INFO] Enola: Solve for Rydberg stage 1812/2503.
[INFO] Enola: Solve for Rydberg stage 1813/2503.
[INFO] Enola: Solve for Rydberg stage 1814/2503.
[INFO] Enola: Solve for Rydberg stage 1815/2503.
[INFO] Enola: Solve for Rydberg stage 1816/2503.
[INFO] Enola: Solve for Rydberg stage 1817/2503.
[INFO] Enola: Solve for Rydberg stage 1818/2503.
[INFO] Enola: Solve for Rydberg stage 1819/2503.
[INFO] Enola: Solve for Rydberg stage 1820/2503.
[INFO] Enola: Solve for Rydberg stage 1821/2503.
[INFO] Enola: Solve for Rydberg stage 1822/2503.
[INFO] Enola: Solve for Rydberg stage 1823/2503.
[INFO] Enola: Solve for Rydberg stage 1824/2503.
[INFO] Enola: Solve for Rydberg stage 1825/2503.
[INFO] Enola: Solve for Rydberg stage 1826/2503.
[INFO] Enola: Solve for Rydberg stage 1827/2503.
[INFO] Enola: Solve for Rydberg stage 1828/2503.
[INFO] Enola: Solve for Rydberg stage 1829/2503.
[INFO] Enola: Solve for Rydberg stage 1830/2503.
[INFO] Enola: Solve for Rydberg stage 1831/2503.
[INFO] Enola: Solve for Rydberg stage 1832/2503.
[INFO] Enola: Solve for Rydberg stage 1833/2503.
[INFO] Enola: Solve for Rydberg stage 1834/2503.
[INFO] Enola: Solve for Rydberg stage 1835/2503.
[INFO] Enola: Solve for Rydberg stage 1836/2503.
[INFO] Enola: Solve for Rydberg stage 1837/2503.
[INFO] Enola: Solve for Rydberg stage 1838/2503.
[INFO] Enola: Solve for Rydberg stage 1839/2503.
[INFO] Enola: Solve for Rydberg stage 1840/2503.
[INFO] Enola: Solve for Rydberg stage 1841/2503.
[INFO] Enola: Solve for Rydberg stage 1842/2503.
[INFO] Enola: Solve for Rydberg stage 1843/2503.
[INFO] Enola: Solve for Rydberg stage 1844/2503.
[INFO] Enola: Solve for Rydberg stage 1845/2503.
[INFO] Enola: Solve for Rydberg stage 1846/2503.
[INFO] Enola: Solve for Rydberg stage 1847/2503.
[INFO] Enola: Solve for Rydberg stage 1848/2503.
[INFO] Enola: Solve for Rydberg stage 1849/2503.
[INFO] Enola: Solve for Rydberg stage 1850/2503.
[INFO] Enola: Solve for Rydberg stage 1851/2503.
[INFO] Enola: Solve for Rydberg stage 1852/2503.
[INFO] Enola: Solve for Rydberg stage 1853/2503.
[INFO] Enola: Solve for Rydberg stage 1854/2503.
[INFO] Enola: Solve for Rydberg stage 1855/2503.
[INFO] Enola: Solve for Rydberg stage 1856/2503.
[INFO] Enola: Solve for Rydberg stage 1857/2503.
[INFO] Enola: Solve for Rydberg stage 1858/2503.
[INFO] Enola: Solve for Rydberg stage 1859/2503.
[INFO] Enola: Solve for Rydberg stage 1860/2503.
[INFO] Enola: Solve for Rydberg stage 1861/2503.
[INFO] Enola: Solve for Rydberg stage 1862/2503.
[INFO] Enola: Solve for Rydberg stage 1863/2503.
[INFO] Enola: Solve for Rydberg stage 1864/2503.
[INFO] Enola: Solve for Rydberg stage 1865/2503.
[INFO] Enola: Solve for Rydberg stage 1866/2503.
[INFO] Enola: Solve for Rydberg stage 1867/2503.
[INFO] Enola: Solve for Rydberg stage 1868/2503.
[INFO] Enola: Solve for Rydberg stage 1869/2503.
[INFO] Enola: Solve for Rydberg stage 1870/2503.
[INFO] Enola: Solve for Rydberg stage 1871/2503.
[INFO] Enola: Solve for Rydberg stage 1872/2503.
[INFO] Enola: Solve for Rydberg stage 1873/2503.
[INFO] Enola: Solve for Rydberg stage 1874/2503.
[INFO] Enola: Solve for Rydberg stage 1875/2503.
[INFO] Enola: Solve for Rydberg stage 1876/2503.
[INFO] Enola: Solve for Rydberg stage 1877/2503.
[INFO] Enola: Solve for Rydberg stage 1878/2503.
[INFO] Enola: Solve for Rydberg stage 1879/2503.
[INFO] Enola: Solve for Rydberg stage 1880/2503.
[INFO] Enola: Solve for Rydberg stage 1881/2503.
[INFO] Enola: Solve for Rydberg stage 1882/2503.
[INFO] Enola: Solve for Rydberg stage 1883/2503.
[INFO] Enola: Solve for Rydberg stage 1884/2503.
[INFO] Enola: Solve for Rydberg stage 1885/2503.
[INFO] Enola: Solve for Rydberg stage 1886/2503.
[INFO] Enola: Solve for Rydberg stage 1887/2503.
[INFO] Enola: Solve for Rydberg stage 1888/2503.
[INFO] Enola: Solve for Rydberg stage 1889/2503.
[INFO] Enola: Solve for Rydberg stage 1890/2503.
[INFO] Enola: Solve for Rydberg stage 1891/2503.
[INFO] Enola: Solve for Rydberg stage 1892/2503.
[INFO] Enola: Solve for Rydberg stage 1893/2503.
[INFO] Enola: Solve for Rydberg stage 1894/2503.
[INFO] Enola: Solve for Rydberg stage 1895/2503.
[INFO] Enola: Solve for Rydberg stage 1896/2503.
[INFO] Enola: Solve for Rydberg stage 1897/2503.
[INFO] Enola: Solve for Rydberg stage 1898/2503.
[INFO] Enola: Solve for Rydberg stage 1899/2503.
[INFO] Enola: Solve for Rydberg stage 1900/2503.
[INFO] Enola: Solve for Rydberg stage 1901/2503.
[INFO] Enola: Solve for Rydberg stage 1902/2503.
[INFO] Enola: Solve for Rydberg stage 1903/2503.
[INFO] Enola: Solve for Rydberg stage 1904/2503.
[INFO] Enola: Solve for Rydberg stage 1905/2503.
[INFO] Enola: Solve for Rydberg stage 1906/2503.
[INFO] Enola: Solve for Rydberg stage 1907/2503.
[INFO] Enola: Solve for Rydberg stage 1908/2503.
[INFO] Enola: Solve for Rydberg stage 1909/2503.
[INFO] Enola: Solve for Rydberg stage 1910/2503.
[INFO] Enola: Solve for Rydberg stage 1911/2503.
[INFO] Enola: Solve for Rydberg stage 1912/2503.
[INFO] Enola: Solve for Rydberg stage 1913/2503.
[INFO] Enola: Solve for Rydberg stage 1914/2503.
[INFO] Enola: Solve for Rydberg stage 1915/2503.
[INFO] Enola: Solve for Rydberg stage 1916/2503.
[INFO] Enola: Solve for Rydberg stage 1917/2503.
[INFO] Enola: Solve for Rydberg stage 1918/2503.
[INFO] Enola: Solve for Rydberg stage 1919/2503.
[INFO] Enola: Solve for Rydberg stage 1920/2503.
[INFO] Enola: Solve for Rydberg stage 1921/2503.
[INFO] Enola: Solve for Rydberg stage 1922/2503.
[INFO] Enola: Solve for Rydberg stage 1923/2503.
[INFO] Enola: Solve for Rydberg stage 1924/2503.
[INFO] Enola: Solve for Rydberg stage 1925/2503.
[INFO] Enola: Solve for Rydberg stage 1926/2503.
[INFO] Enola: Solve for Rydberg stage 1927/2503.
[INFO] Enola: Solve for Rydberg stage 1928/2503.
[INFO] Enola: Solve for Rydberg stage 1929/2503.
[INFO] Enola: Solve for Rydberg stage 1930/2503.
[INFO] Enola: Solve for Rydberg stage 1931/2503.
[INFO] Enola: Solve for Rydberg stage 1932/2503.
[INFO] Enola: Solve for Rydberg stage 1933/2503.
[INFO] Enola: Solve for Rydberg stage 1934/2503.
[INFO] Enola: Solve for Rydberg stage 1935/2503.
[INFO] Enola: Solve for Rydberg stage 1936/2503.
[INFO] Enola: Solve for Rydberg stage 1937/2503.
[INFO] Enola: Solve for Rydberg stage 1938/2503.
[INFO] Enola: Solve for Rydberg stage 1939/2503.
[INFO] Enola: Solve for Rydberg stage 1940/2503.
[INFO] Enola: Solve for Rydberg stage 1941/2503.
[INFO] Enola: Solve for Rydberg stage 1942/2503.
[INFO] Enola: Solve for Rydberg stage 1943/2503.
[INFO] Enola: Solve for Rydberg stage 1944/2503.
[INFO] Enola: Solve for Rydberg stage 1945/2503.
[INFO] Enola: Solve for Rydberg stage 1946/2503.
[INFO] Enola: Solve for Rydberg stage 1947/2503.
[INFO] Enola: Solve for Rydberg stage 1948/2503.
[INFO] Enola: Solve for Rydberg stage 1949/2503.
[INFO] Enola: Solve for Rydberg stage 1950/2503.
[INFO] Enola: Solve for Rydberg stage 1951/2503.
[INFO] Enola: Solve for Rydberg stage 1952/2503.
[INFO] Enola: Solve for Rydberg stage 1953/2503.
[INFO] Enola: Solve for Rydberg stage 1954/2503.
[INFO] Enola: Solve for Rydberg stage 1955/2503.
[INFO] Enola: Solve for Rydberg stage 1956/2503.
[INFO] Enola: Solve for Rydberg stage 1957/2503.
[INFO] Enola: Solve for Rydberg stage 1958/2503.
[INFO] Enola: Solve for Rydberg stage 1959/2503.
[INFO] Enola: Solve for Rydberg stage 1960/2503.
[INFO] Enola: Solve for Rydberg stage 1961/2503.
[INFO] Enola: Solve for Rydberg stage 1962/2503.
[INFO] Enola: Solve for Rydberg stage 1963/2503.
[INFO] Enola: Solve for Rydberg stage 1964/2503.
[INFO] Enola: Solve for Rydberg stage 1965/2503.
[INFO] Enola: Solve for Rydberg stage 1966/2503.
[INFO] Enola: Solve for Rydberg stage 1967/2503.
[INFO] Enola: Solve for Rydberg stage 1968/2503.
[INFO] Enola: Solve for Rydberg stage 1969/2503.
[INFO] Enola: Solve for Rydberg stage 1970/2503.
[INFO] Enola: Solve for Rydberg stage 1971/2503.
[INFO] Enola: Solve for Rydberg stage 1972/2503.
[INFO] Enola: Solve for Rydberg stage 1973/2503.
[INFO] Enola: Solve for Rydberg stage 1974/2503.
[INFO] Enola: Solve for Rydberg stage 1975/2503.
[INFO] Enola: Solve for Rydberg stage 1976/2503.
[INFO] Enola: Solve for Rydberg stage 1977/2503.
[INFO] Enola: Solve for Rydberg stage 1978/2503.
[INFO] Enola: Solve for Rydberg stage 1979/2503.
[INFO] Enola: Solve for Rydberg stage 1980/2503.
[INFO] Enola: Solve for Rydberg stage 1981/2503.
[INFO] Enola: Solve for Rydberg stage 1982/2503.
[INFO] Enola: Solve for Rydberg stage 1983/2503.
[INFO] Enola: Solve for Rydberg stage 1984/2503.
[INFO] Enola: Solve for Rydberg stage 1985/2503.
[INFO] Enola: Solve for Rydberg stage 1986/2503.
[INFO] Enola: Solve for Rydberg stage 1987/2503.
[INFO] Enola: Solve for Rydberg stage 1988/2503.
[INFO] Enola: Solve for Rydberg stage 1989/2503.
[INFO] Enola: Solve for Rydberg stage 1990/2503.
[INFO] Enola: Solve for Rydberg stage 1991/2503.
[INFO] Enola: Solve for Rydberg stage 1992/2503.
[INFO] Enola: Solve for Rydberg stage 1993/2503.
[INFO] Enola: Solve for Rydberg stage 1994/2503.
[INFO] Enola: Solve for Rydberg stage 1995/2503.
[INFO] Enola: Solve for Rydberg stage 1996/2503.
[INFO] Enola: Solve for Rydberg stage 1997/2503.
[INFO] Enola: Solve for Rydberg stage 1998/2503.
[INFO] Enola: Solve for Rydberg stage 1999/2503.
[INFO] Enola: Solve for Rydberg stage 2000/2503.
[INFO] Enola: Solve for Rydberg stage 2001/2503.
[INFO] Enola: Solve for Rydberg stage 2002/2503.
[INFO] Enola: Solve for Rydberg stage 2003/2503.
[INFO] Enola: Solve for Rydberg stage 2004/2503.
[INFO] Enola: Solve for Rydberg stage 2005/2503.
[INFO] Enola: Solve for Rydberg stage 2006/2503.
[INFO] Enola: Solve for Rydberg stage 2007/2503.
[INFO] Enola: Solve for Rydberg stage 2008/2503.
[INFO] Enola: Solve for Rydberg stage 2009/2503.
[INFO] Enola: Solve for Rydberg stage 2010/2503.
[INFO] Enola: Solve for Rydberg stage 2011/2503.
[INFO] Enola: Solve for Rydberg stage 2012/2503.
[INFO] Enola: Solve for Rydberg stage 2013/2503.
[INFO] Enola: Solve for Rydberg stage 2014/2503.
[INFO] Enola: Solve for Rydberg stage 2015/2503.
[INFO] Enola: Solve for Rydberg stage 2016/2503.
[INFO] Enola: Solve for Rydberg stage 2017/2503.
[INFO] Enola: Solve for Rydberg stage 2018/2503.
[INFO] Enola: Solve for Rydberg stage 2019/2503.
[INFO] Enola: Solve for Rydberg stage 2020/2503.
[INFO] Enola: Solve for Rydberg stage 2021/2503.
[INFO] Enola: Solve for Rydberg stage 2022/2503.
[INFO] Enola: Solve for Rydberg stage 2023/2503.
[INFO] Enola: Solve for Rydberg stage 2024/2503.
[INFO] Enola: Solve for Rydberg stage 2025/2503.
[INFO] Enola: Solve for Rydberg stage 2026/2503.
[INFO] Enola: Solve for Rydberg stage 2027/2503.
[INFO] Enola: Solve for Rydberg stage 2028/2503.
[INFO] Enola: Solve for Rydberg stage 2029/2503.
[INFO] Enola: Solve for Rydberg stage 2030/2503.
[INFO] Enola: Solve for Rydberg stage 2031/2503.
[INFO] Enola: Solve for Rydberg stage 2032/2503.
[INFO] Enola: Solve for Rydberg stage 2033/2503.
[INFO] Enola: Solve for Rydberg stage 2034/2503.
[INFO] Enola: Solve for Rydberg stage 2035/2503.
[INFO] Enola: Solve for Rydberg stage 2036/2503.
[INFO] Enola: Solve for Rydberg stage 2037/2503.
[INFO] Enola: Solve for Rydberg stage 2038/2503.
[INFO] Enola: Solve for Rydberg stage 2039/2503.
[INFO] Enola: Solve for Rydberg stage 2040/2503.
[INFO] Enola: Solve for Rydberg stage 2041/2503.
[INFO] Enola: Solve for Rydberg stage 2042/2503.
[INFO] Enola: Solve for Rydberg stage 2043/2503.
[INFO] Enola: Solve for Rydberg stage 2044/2503.
[INFO] Enola: Solve for Rydberg stage 2045/2503.
[INFO] Enola: Solve for Rydberg stage 2046/2503.
[INFO] Enola: Solve for Rydberg stage 2047/2503.
[INFO] Enola: Solve for Rydberg stage 2048/2503.
[INFO] Enola: Solve for Rydberg stage 2049/2503.
[INFO] Enola: Solve for Rydberg stage 2050/2503.
[INFO] Enola: Solve for Rydberg stage 2051/2503.
[INFO] Enola: Solve for Rydberg stage 2052/2503.
[INFO] Enola: Solve for Rydberg stage 2053/2503.
[INFO] Enola: Solve for Rydberg stage 2054/2503.
[INFO] Enola: Solve for Rydberg stage 2055/2503.
[INFO] Enola: Solve for Rydberg stage 2056/2503.
[INFO] Enola: Solve for Rydberg stage 2057/2503.
[INFO] Enola: Solve for Rydberg stage 2058/2503.
[INFO] Enola: Solve for Rydberg stage 2059/2503.
[INFO] Enola: Solve for Rydberg stage 2060/2503.
[INFO] Enola: Solve for Rydberg stage 2061/2503.
[INFO] Enola: Solve for Rydberg stage 2062/2503.
[INFO] Enola: Solve for Rydberg stage 2063/2503.
[INFO] Enola: Solve for Rydberg stage 2064/2503.
[INFO] Enola: Solve for Rydberg stage 2065/2503.
[INFO] Enola: Solve for Rydberg stage 2066/2503.
[INFO] Enola: Solve for Rydberg stage 2067/2503.
[INFO] Enola: Solve for Rydberg stage 2068/2503.
[INFO] Enola: Solve for Rydberg stage 2069/2503.
[INFO] Enola: Solve for Rydberg stage 2070/2503.
[INFO] Enola: Solve for Rydberg stage 2071/2503.
[INFO] Enola: Solve for Rydberg stage 2072/2503.
[INFO] Enola: Solve for Rydberg stage 2073/2503.
[INFO] Enola: Solve for Rydberg stage 2074/2503.
[INFO] Enola: Solve for Rydberg stage 2075/2503.
[INFO] Enola: Solve for Rydberg stage 2076/2503.
[INFO] Enola: Solve for Rydberg stage 2077/2503.
[INFO] Enola: Solve for Rydberg stage 2078/2503.
[INFO] Enola: Solve for Rydberg stage 2079/2503.
[INFO] Enola: Solve for Rydberg stage 2080/2503.
[INFO] Enola: Solve for Rydberg stage 2081/2503.
[INFO] Enola: Solve for Rydberg stage 2082/2503.
[INFO] Enola: Solve for Rydberg stage 2083/2503.
[INFO] Enola: Solve for Rydberg stage 2084/2503.
[INFO] Enola: Solve for Rydberg stage 2085/2503.
[INFO] Enola: Solve for Rydberg stage 2086/2503.
[INFO] Enola: Solve for Rydberg stage 2087/2503.
[INFO] Enola: Solve for Rydberg stage 2088/2503.
[INFO] Enola: Solve for Rydberg stage 2089/2503.
[INFO] Enola: Solve for Rydberg stage 2090/2503.
[INFO] Enola: Solve for Rydberg stage 2091/2503.
[INFO] Enola: Solve for Rydberg stage 2092/2503.
[INFO] Enola: Solve for Rydberg stage 2093/2503.
[INFO] Enola: Solve for Rydberg stage 2094/2503.
[INFO] Enola: Solve for Rydberg stage 2095/2503.
[INFO] Enola: Solve for Rydberg stage 2096/2503.
[INFO] Enola: Solve for Rydberg stage 2097/2503.
[INFO] Enola: Solve for Rydberg stage 2098/2503.
[INFO] Enola: Solve for Rydberg stage 2099/2503.
[INFO] Enola: Solve for Rydberg stage 2100/2503.
[INFO] Enola: Solve for Rydberg stage 2101/2503.
[INFO] Enola: Solve for Rydberg stage 2102/2503.
[INFO] Enola: Solve for Rydberg stage 2103/2503.
[INFO] Enola: Solve for Rydberg stage 2104/2503.
[INFO] Enola: Solve for Rydberg stage 2105/2503.
[INFO] Enola: Solve for Rydberg stage 2106/2503.
[INFO] Enola: Solve for Rydberg stage 2107/2503.
[INFO] Enola: Solve for Rydberg stage 2108/2503.
[INFO] Enola: Solve for Rydberg stage 2109/2503.
[INFO] Enola: Solve for Rydberg stage 2110/2503.
[INFO] Enola: Solve for Rydberg stage 2111/2503.
[INFO] Enola: Solve for Rydberg stage 2112/2503.
[INFO] Enola: Solve for Rydberg stage 2113/2503.
[INFO] Enola: Solve for Rydberg stage 2114/2503.
[INFO] Enola: Solve for Rydberg stage 2115/2503.
[INFO] Enola: Solve for Rydberg stage 2116/2503.
[INFO] Enola: Solve for Rydberg stage 2117/2503.
[INFO] Enola: Solve for Rydberg stage 2118/2503.
[INFO] Enola: Solve for Rydberg stage 2119/2503.
[INFO] Enola: Solve for Rydberg stage 2120/2503.
[INFO] Enola: Solve for Rydberg stage 2121/2503.
[INFO] Enola: Solve for Rydberg stage 2122/2503.
[INFO] Enola: Solve for Rydberg stage 2123/2503.
[INFO] Enola: Solve for Rydberg stage 2124/2503.
[INFO] Enola: Solve for Rydberg stage 2125/2503.
[INFO] Enola: Solve for Rydberg stage 2126/2503.
[INFO] Enola: Solve for Rydberg stage 2127/2503.
[INFO] Enola: Solve for Rydberg stage 2128/2503.
[INFO] Enola: Solve for Rydberg stage 2129/2503.
[INFO] Enola: Solve for Rydberg stage 2130/2503.
[INFO] Enola: Solve for Rydberg stage 2131/2503.
[INFO] Enola: Solve for Rydberg stage 2132/2503.
[INFO] Enola: Solve for Rydberg stage 2133/2503.
[INFO] Enola: Solve for Rydberg stage 2134/2503.
[INFO] Enola: Solve for Rydberg stage 2135/2503.
[INFO] Enola: Solve for Rydberg stage 2136/2503.
[INFO] Enola: Solve for Rydberg stage 2137/2503.
[INFO] Enola: Solve for Rydberg stage 2138/2503.
[INFO] Enola: Solve for Rydberg stage 2139/2503.
[INFO] Enola: Solve for Rydberg stage 2140/2503.
[INFO] Enola: Solve for Rydberg stage 2141/2503.
[INFO] Enola: Solve for Rydberg stage 2142/2503.
[INFO] Enola: Solve for Rydberg stage 2143/2503.
[INFO] Enola: Solve for Rydberg stage 2144/2503.
[INFO] Enola: Solve for Rydberg stage 2145/2503.
[INFO] Enola: Solve for Rydberg stage 2146/2503.
[INFO] Enola: Solve for Rydberg stage 2147/2503.
[INFO] Enola: Solve for Rydberg stage 2148/2503.
[INFO] Enola: Solve for Rydberg stage 2149/2503.
[INFO] Enola: Solve for Rydberg stage 2150/2503.
[INFO] Enola: Solve for Rydberg stage 2151/2503.
[INFO] Enola: Solve for Rydberg stage 2152/2503.
[INFO] Enola: Solve for Rydberg stage 2153/2503.
[INFO] Enola: Solve for Rydberg stage 2154/2503.
[INFO] Enola: Solve for Rydberg stage 2155/2503.
[INFO] Enola: Solve for Rydberg stage 2156/2503.
[INFO] Enola: Solve for Rydberg stage 2157/2503.
[INFO] Enola: Solve for Rydberg stage 2158/2503.
[INFO] Enola: Solve for Rydberg stage 2159/2503.
[INFO] Enola: Solve for Rydberg stage 2160/2503.
[INFO] Enola: Solve for Rydberg stage 2161/2503.
[INFO] Enola: Solve for Rydberg stage 2162/2503.
[INFO] Enola: Solve for Rydberg stage 2163/2503.
[INFO] Enola: Solve for Rydberg stage 2164/2503.
[INFO] Enola: Solve for Rydberg stage 2165/2503.
[INFO] Enola: Solve for Rydberg stage 2166/2503.
[INFO] Enola: Solve for Rydberg stage 2167/2503.
[INFO] Enola: Solve for Rydberg stage 2168/2503.
[INFO] Enola: Solve for Rydberg stage 2169/2503.
[INFO] Enola: Solve for Rydberg stage 2170/2503.
[INFO] Enola: Solve for Rydberg stage 2171/2503.
[INFO] Enola: Solve for Rydberg stage 2172/2503.
[INFO] Enola: Solve for Rydberg stage 2173/2503.
[INFO] Enola: Solve for Rydberg stage 2174/2503.
[INFO] Enola: Solve for Rydberg stage 2175/2503.
[INFO] Enola: Solve for Rydberg stage 2176/2503.
[INFO] Enola: Solve for Rydberg stage 2177/2503.
[INFO] Enola: Solve for Rydberg stage 2178/2503.
[INFO] Enola: Solve for Rydberg stage 2179/2503.
[INFO] Enola: Solve for Rydberg stage 2180/2503.
[INFO] Enola: Solve for Rydberg stage 2181/2503.
[INFO] Enola: Solve for Rydberg stage 2182/2503.
[INFO] Enola: Solve for Rydberg stage 2183/2503.
[INFO] Enola: Solve for Rydberg stage 2184/2503.
[INFO] Enola: Solve for Rydberg stage 2185/2503.
[INFO] Enola: Solve for Rydberg stage 2186/2503.
[INFO] Enola: Solve for Rydberg stage 2187/2503.
[INFO] Enola: Solve for Rydberg stage 2188/2503.
[INFO] Enola: Solve for Rydberg stage 2189/2503.
[INFO] Enola: Solve for Rydberg stage 2190/2503.
[INFO] Enola: Solve for Rydberg stage 2191/2503.
[INFO] Enola: Solve for Rydberg stage 2192/2503.
[INFO] Enola: Solve for Rydberg stage 2193/2503.
[INFO] Enola: Solve for Rydberg stage 2194/2503.
[INFO] Enola: Solve for Rydberg stage 2195/2503.
[INFO] Enola: Solve for Rydberg stage 2196/2503.
[INFO] Enola: Solve for Rydberg stage 2197/2503.
[INFO] Enola: Solve for Rydberg stage 2198/2503.
[INFO] Enola: Solve for Rydberg stage 2199/2503.
[INFO] Enola: Solve for Rydberg stage 2200/2503.
[INFO] Enola: Solve for Rydberg stage 2201/2503.
[INFO] Enola: Solve for Rydberg stage 2202/2503.
[INFO] Enola: Solve for Rydberg stage 2203/2503.
[INFO] Enola: Solve for Rydberg stage 2204/2503.
[INFO] Enola: Solve for Rydberg stage 2205/2503.
[INFO] Enola: Solve for Rydberg stage 2206/2503.
[INFO] Enola: Solve for Rydberg stage 2207/2503.
[INFO] Enola: Solve for Rydberg stage 2208/2503.
[INFO] Enola: Solve for Rydberg stage 2209/2503.
[INFO] Enola: Solve for Rydberg stage 2210/2503.
[INFO] Enola: Solve for Rydberg stage 2211/2503.
[INFO] Enola: Solve for Rydberg stage 2212/2503.
[INFO] Enola: Solve for Rydberg stage 2213/2503.
[INFO] Enola: Solve for Rydberg stage 2214/2503.
[INFO] Enola: Solve for Rydberg stage 2215/2503.
[INFO] Enola: Solve for Rydberg stage 2216/2503.
[INFO] Enola: Solve for Rydberg stage 2217/2503.
[INFO] Enola: Solve for Rydberg stage 2218/2503.
[INFO] Enola: Solve for Rydberg stage 2219/2503.
[INFO] Enola: Solve for Rydberg stage 2220/2503.
[INFO] Enola: Solve for Rydberg stage 2221/2503.
[INFO] Enola: Solve for Rydberg stage 2222/2503.
[INFO] Enola: Solve for Rydberg stage 2223/2503.
[INFO] Enola: Solve for Rydberg stage 2224/2503.
[INFO] Enola: Solve for Rydberg stage 2225/2503.
[INFO] Enola: Solve for Rydberg stage 2226/2503.
[INFO] Enola: Solve for Rydberg stage 2227/2503.
[INFO] Enola: Solve for Rydberg stage 2228/2503.
[INFO] Enola: Solve for Rydberg stage 2229/2503.
[INFO] Enola: Solve for Rydberg stage 2230/2503.
[INFO] Enola: Solve for Rydberg stage 2231/2503.
[INFO] Enola: Solve for Rydberg stage 2232/2503.
[INFO] Enola: Solve for Rydberg stage 2233/2503.
[INFO] Enola: Solve for Rydberg stage 2234/2503.
[INFO] Enola: Solve for Rydberg stage 2235/2503.
[INFO] Enola: Solve for Rydberg stage 2236/2503.
[INFO] Enola: Solve for Rydberg stage 2237/2503.
[INFO] Enola: Solve for Rydberg stage 2238/2503.
[INFO] Enola: Solve for Rydberg stage 2239/2503.
[INFO] Enola: Solve for Rydberg stage 2240/2503.
[INFO] Enola: Solve for Rydberg stage 2241/2503.
[INFO] Enola: Solve for Rydberg stage 2242/2503.
[INFO] Enola: Solve for Rydberg stage 2243/2503.
[INFO] Enola: Solve for Rydberg stage 2244/2503.
[INFO] Enola: Solve for Rydberg stage 2245/2503.
[INFO] Enola: Solve for Rydberg stage 2246/2503.
[INFO] Enola: Solve for Rydberg stage 2247/2503.
[INFO] Enola: Solve for Rydberg stage 2248/2503.
[INFO] Enola: Solve for Rydberg stage 2249/2503.
[INFO] Enola: Solve for Rydberg stage 2250/2503.
[INFO] Enola: Solve for Rydberg stage 2251/2503.
[INFO] Enola: Solve for Rydberg stage 2252/2503.
[INFO] Enola: Solve for Rydberg stage 2253/2503.
[INFO] Enola: Solve for Rydberg stage 2254/2503.
[INFO] Enola: Solve for Rydberg stage 2255/2503.
[INFO] Enola: Solve for Rydberg stage 2256/2503.
[INFO] Enola: Solve for Rydberg stage 2257/2503.
[INFO] Enola: Solve for Rydberg stage 2258/2503.
[INFO] Enola: Solve for Rydberg stage 2259/2503.
[INFO] Enola: Solve for Rydberg stage 2260/2503.
[INFO] Enola: Solve for Rydberg stage 2261/2503.
[INFO] Enola: Solve for Rydberg stage 2262/2503.
[INFO] Enola: Solve for Rydberg stage 2263/2503.
[INFO] Enola: Solve for Rydberg stage 2264/2503.
[INFO] Enola: Solve for Rydberg stage 2265/2503.
[INFO] Enola: Solve for Rydberg stage 2266/2503.
[INFO] Enola: Solve for Rydberg stage 2267/2503.
[INFO] Enola: Solve for Rydberg stage 2268/2503.
[INFO] Enola: Solve for Rydberg stage 2269/2503.
[INFO] Enola: Solve for Rydberg stage 2270/2503.
[INFO] Enola: Solve for Rydberg stage 2271/2503.
[INFO] Enola: Solve for Rydberg stage 2272/2503.
[INFO] Enola: Solve for Rydberg stage 2273/2503.
[INFO] Enola: Solve for Rydberg stage 2274/2503.
[INFO] Enola: Solve for Rydberg stage 2275/2503.
[INFO] Enola: Solve for Rydberg stage 2276/2503.
[INFO] Enola: Solve for Rydberg stage 2277/2503.
[INFO] Enola: Solve for Rydberg stage 2278/2503.
[INFO] Enola: Solve for Rydberg stage 2279/2503.
[INFO] Enola: Solve for Rydberg stage 2280/2503.
[INFO] Enola: Solve for Rydberg stage 2281/2503.
[INFO] Enola: Solve for Rydberg stage 2282/2503.
[INFO] Enola: Solve for Rydberg stage 2283/2503.
[INFO] Enola: Solve for Rydberg stage 2284/2503.
[INFO] Enola: Solve for Rydberg stage 2285/2503.
[INFO] Enola: Solve for Rydberg stage 2286/2503.
[INFO] Enola: Solve for Rydberg stage 2287/2503.
[INFO] Enola: Solve for Rydberg stage 2288/2503.
[INFO] Enola: Solve for Rydberg stage 2289/2503.
[INFO] Enola: Solve for Rydberg stage 2290/2503.
[INFO] Enola: Solve for Rydberg stage 2291/2503.
[INFO] Enola: Solve for Rydberg stage 2292/2503.
[INFO] Enola: Solve for Rydberg stage 2293/2503.
[INFO] Enola: Solve for Rydberg stage 2294/2503.
[INFO] Enola: Solve for Rydberg stage 2295/2503.
[INFO] Enola: Solve for Rydberg stage 2296/2503.
[INFO] Enola: Solve for Rydberg stage 2297/2503.
[INFO] Enola: Solve for Rydberg stage 2298/2503.
[INFO] Enola: Solve for Rydberg stage 2299/2503.
[INFO] Enola: Solve for Rydberg stage 2300/2503.
[INFO] Enola: Solve for Rydberg stage 2301/2503.
[INFO] Enola: Solve for Rydberg stage 2302/2503.
[INFO] Enola: Solve for Rydberg stage 2303/2503.
[INFO] Enola: Solve for Rydberg stage 2304/2503.
[INFO] Enola: Solve for Rydberg stage 2305/2503.
[INFO] Enola: Solve for Rydberg stage 2306/2503.
[INFO] Enola: Solve for Rydberg stage 2307/2503.
[INFO] Enola: Solve for Rydberg stage 2308/2503.
[INFO] Enola: Solve for Rydberg stage 2309/2503.
[INFO] Enola: Solve for Rydberg stage 2310/2503.
[INFO] Enola: Solve for Rydberg stage 2311/2503.
[INFO] Enola: Solve for Rydberg stage 2312/2503.
[INFO] Enola: Solve for Rydberg stage 2313/2503.
[INFO] Enola: Solve for Rydberg stage 2314/2503.
[INFO] Enola: Solve for Rydberg stage 2315/2503.
[INFO] Enola: Solve for Rydberg stage 2316/2503.
[INFO] Enola: Solve for Rydberg stage 2317/2503.
[INFO] Enola: Solve for Rydberg stage 2318/2503.
[INFO] Enola: Solve for Rydberg stage 2319/2503.
[INFO] Enola: Solve for Rydberg stage 2320/2503.
[INFO] Enola: Solve for Rydberg stage 2321/2503.
[INFO] Enola: Solve for Rydberg stage 2322/2503.
[INFO] Enola: Solve for Rydberg stage 2323/2503.
[INFO] Enola: Solve for Rydberg stage 2324/2503.
[INFO] Enola: Solve for Rydberg stage 2325/2503.
[INFO] Enola: Solve for Rydberg stage 2326/2503.
[INFO] Enola: Solve for Rydberg stage 2327/2503.
[INFO] Enola: Solve for Rydberg stage 2328/2503.
[INFO] Enola: Solve for Rydberg stage 2329/2503.
[INFO] Enola: Solve for Rydberg stage 2330/2503.
[INFO] Enola: Solve for Rydberg stage 2331/2503.
[INFO] Enola: Solve for Rydberg stage 2332/2503.
[INFO] Enola: Solve for Rydberg stage 2333/2503.
[INFO] Enola: Solve for Rydberg stage 2334/2503.
[INFO] Enola: Solve for Rydberg stage 2335/2503.
[INFO] Enola: Solve for Rydberg stage 2336/2503.
[INFO] Enola: Solve for Rydberg stage 2337/2503.
[INFO] Enola: Solve for Rydberg stage 2338/2503.
[INFO] Enola: Solve for Rydberg stage 2339/2503.
[INFO] Enola: Solve for Rydberg stage 2340/2503.
[INFO] Enola: Solve for Rydberg stage 2341/2503.
[INFO] Enola: Solve for Rydberg stage 2342/2503.
[INFO] Enola: Solve for Rydberg stage 2343/2503.
[INFO] Enola: Solve for Rydberg stage 2344/2503.
[INFO] Enola: Solve for Rydberg stage 2345/2503.
[INFO] Enola: Solve for Rydberg stage 2346/2503.
[INFO] Enola: Solve for Rydberg stage 2347/2503.
[INFO] Enola: Solve for Rydberg stage 2348/2503.
[INFO] Enola: Solve for Rydberg stage 2349/2503.
[INFO] Enola: Solve for Rydberg stage 2350/2503.
[INFO] Enola: Solve for Rydberg stage 2351/2503.
[INFO] Enola: Solve for Rydberg stage 2352/2503.
[INFO] Enola: Solve for Rydberg stage 2353/2503.
[INFO] Enola: Solve for Rydberg stage 2354/2503.
[INFO] Enola: Solve for Rydberg stage 2355/2503.
[INFO] Enola: Solve for Rydberg stage 2356/2503.
[INFO] Enola: Solve for Rydberg stage 2357/2503.
[INFO] Enola: Solve for Rydberg stage 2358/2503.
[INFO] Enola: Solve for Rydberg stage 2359/2503.
[INFO] Enola: Solve for Rydberg stage 2360/2503.
[INFO] Enola: Solve for Rydberg stage 2361/2503.
[INFO] Enola: Solve for Rydberg stage 2362/2503.
[INFO] Enola: Solve for Rydberg stage 2363/2503.
[INFO] Enola: Solve for Rydberg stage 2364/2503.
[INFO] Enola: Solve for Rydberg stage 2365/2503.
[INFO] Enola: Solve for Rydberg stage 2366/2503.
[INFO] Enola: Solve for Rydberg stage 2367/2503.
[INFO] Enola: Solve for Rydberg stage 2368/2503.
[INFO] Enola: Solve for Rydberg stage 2369/2503.
[INFO] Enola: Solve for Rydberg stage 2370/2503.
[INFO] Enola: Solve for Rydberg stage 2371/2503.
[INFO] Enola: Solve for Rydberg stage 2372/2503.
[INFO] Enola: Solve for Rydberg stage 2373/2503.
[INFO] Enola: Solve for Rydberg stage 2374/2503.
[INFO] Enola: Solve for Rydberg stage 2375/2503.
[INFO] Enola: Solve for Rydberg stage 2376/2503.
[INFO] Enola: Solve for Rydberg stage 2377/2503.
[INFO] Enola: Solve for Rydberg stage 2378/2503.
[INFO] Enola: Solve for Rydberg stage 2379/2503.
[INFO] Enola: Solve for Rydberg stage 2380/2503.
[INFO] Enola: Solve for Rydberg stage 2381/2503.
[INFO] Enola: Solve for Rydberg stage 2382/2503.
[INFO] Enola: Solve for Rydberg stage 2383/2503.
[INFO] Enola: Solve for Rydberg stage 2384/2503.
[INFO] Enola: Solve for Rydberg stage 2385/2503.
[INFO] Enola: Solve for Rydberg stage 2386/2503.
[INFO] Enola: Solve for Rydberg stage 2387/2503.
[INFO] Enola: Solve for Rydberg stage 2388/2503.
[INFO] Enola: Solve for Rydberg stage 2389/2503.
[INFO] Enola: Solve for Rydberg stage 2390/2503.
[INFO] Enola: Solve for Rydberg stage 2391/2503.
[INFO] Enola: Solve for Rydberg stage 2392/2503.
[INFO] Enola: Solve for Rydberg stage 2393/2503.
[INFO] Enola: Solve for Rydberg stage 2394/2503.
[INFO] Enola: Solve for Rydberg stage 2395/2503.
[INFO] Enola: Solve for Rydberg stage 2396/2503.
[INFO] Enola: Solve for Rydberg stage 2397/2503.
[INFO] Enola: Solve for Rydberg stage 2398/2503.
[INFO] Enola: Solve for Rydberg stage 2399/2503.
[INFO] Enola: Solve for Rydberg stage 2400/2503.
[INFO] Enola: Solve for Rydberg stage 2401/2503.
[INFO] Enola: Solve for Rydberg stage 2402/2503.
[INFO] Enola: Solve for Rydberg stage 2403/2503.
[INFO] Enola: Solve for Rydberg stage 2404/2503.
[INFO] Enola: Solve for Rydberg stage 2405/2503.
[INFO] Enola: Solve for Rydberg stage 2406/2503.
[INFO] Enola: Solve for Rydberg stage 2407/2503.
[INFO] Enola: Solve for Rydberg stage 2408/2503.
[INFO] Enola: Solve for Rydberg stage 2409/2503.
[INFO] Enola: Solve for Rydberg stage 2410/2503.
[INFO] Enola: Solve for Rydberg stage 2411/2503.
[INFO] Enola: Solve for Rydberg stage 2412/2503.
[INFO] Enola: Solve for Rydberg stage 2413/2503.
[INFO] Enola: Solve for Rydberg stage 2414/2503.
[INFO] Enola: Solve for Rydberg stage 2415/2503.
[INFO] Enola: Solve for Rydberg stage 2416/2503.
[INFO] Enola: Solve for Rydberg stage 2417/2503.
[INFO] Enola: Solve for Rydberg stage 2418/2503.
[INFO] Enola: Solve for Rydberg stage 2419/2503.
[INFO] Enola: Solve for Rydberg stage 2420/2503.
[INFO] Enola: Solve for Rydberg stage 2421/2503.
[INFO] Enola: Solve for Rydberg stage 2422/2503.
[INFO] Enola: Solve for Rydberg stage 2423/2503.
[INFO] Enola: Solve for Rydberg stage 2424/2503.
[INFO] Enola: Solve for Rydberg stage 2425/2503.
[INFO] Enola: Solve for Rydberg stage 2426/2503.
[INFO] Enola: Solve for Rydberg stage 2427/2503.
[INFO] Enola: Solve for Rydberg stage 2428/2503.
[INFO] Enola: Solve for Rydberg stage 2429/2503.
[INFO] Enola: Solve for Rydberg stage 2430/2503.
[INFO] Enola: Solve for Rydberg stage 2431/2503.
[INFO] Enola: Solve for Rydberg stage 2432/2503.
[INFO] Enola: Solve for Rydberg stage 2433/2503.
[INFO] Enola: Solve for Rydberg stage 2434/2503.
[INFO] Enola: Solve for Rydberg stage 2435/2503.
[INFO] Enola: Solve for Rydberg stage 2436/2503.
[INFO] Enola: Solve for Rydberg stage 2437/2503.
[INFO] Enola: Solve for Rydberg stage 2438/2503.
[INFO] Enola: Solve for Rydberg stage 2439/2503.
[INFO] Enola: Solve for Rydberg stage 2440/2503.
[INFO] Enola: Solve for Rydberg stage 2441/2503.
[INFO] Enola: Solve for Rydberg stage 2442/2503.
[INFO] Enola: Solve for Rydberg stage 2443/2503.
[INFO] Enola: Solve for Rydberg stage 2444/2503.
[INFO] Enola: Solve for Rydberg stage 2445/2503.
[INFO] Enola: Solve for Rydberg stage 2446/2503.
[INFO] Enola: Solve for Rydberg stage 2447/2503.
[INFO] Enola: Solve for Rydberg stage 2448/2503.
[INFO] Enola: Solve for Rydberg stage 2449/2503.
[INFO] Enola: Solve for Rydberg stage 2450/2503.
[INFO] Enola: Solve for Rydberg stage 2451/2503.
[INFO] Enola: Solve for Rydberg stage 2452/2503.
[INFO] Enola: Solve for Rydberg stage 2453/2503.
[INFO] Enola: Solve for Rydberg stage 2454/2503.
[INFO] Enola: Solve for Rydberg stage 2455/2503.
[INFO] Enola: Solve for Rydberg stage 2456/2503.
[INFO] Enola: Solve for Rydberg stage 2457/2503.
[INFO] Enola: Solve for Rydberg stage 2458/2503.
[INFO] Enola: Solve for Rydberg stage 2459/2503.
[INFO] Enola: Solve for Rydberg stage 2460/2503.
[INFO] Enola: Solve for Rydberg stage 2461/2503.
[INFO] Enola: Solve for Rydberg stage 2462/2503.
[INFO] Enola: Solve for Rydberg stage 2463/2503.
[INFO] Enola: Solve for Rydberg stage 2464/2503.
[INFO] Enola: Solve for Rydberg stage 2465/2503.
[INFO] Enola: Solve for Rydberg stage 2466/2503.
[INFO] Enola: Solve for Rydberg stage 2467/2503.
[INFO] Enola: Solve for Rydberg stage 2468/2503.
[INFO] Enola: Solve for Rydberg stage 2469/2503.
[INFO] Enola: Solve for Rydberg stage 2470/2503.
[INFO] Enola: Solve for Rydberg stage 2471/2503.
[INFO] Enola: Solve for Rydberg stage 2472/2503.
[INFO] Enola: Solve for Rydberg stage 2473/2503.
[INFO] Enola: Solve for Rydberg stage 2474/2503.
[INFO] Enola: Solve for Rydberg stage 2475/2503.
[INFO] Enola: Solve for Rydberg stage 2476/2503.
[INFO] Enola: Solve for Rydberg stage 2477/2503.
[INFO] Enola: Solve for Rydberg stage 2478/2503.
[INFO] Enola: Solve for Rydberg stage 2479/2503.
[INFO] Enola: Solve for Rydberg stage 2480/2503.
[INFO] Enola: Solve for Rydberg stage 2481/2503.
[INFO] Enola: Solve for Rydberg stage 2482/2503.
[INFO] Enola: Solve for Rydberg stage 2483/2503.
[INFO] Enola: Solve for Rydberg stage 2484/2503.
[INFO] Enola: Solve for Rydberg stage 2485/2503.
[INFO] Enola: Solve for Rydberg stage 2486/2503.
[INFO] Enola: Solve for Rydberg stage 2487/2503.
[INFO] Enola: Solve for Rydberg stage 2488/2503.
[INFO] Enola: Solve for Rydberg stage 2489/2503.
[INFO] Enola: Solve for Rydberg stage 2490/2503.
[INFO] Enola: Solve for Rydberg stage 2491/2503.
[INFO] Enola: Solve for Rydberg stage 2492/2503.
[INFO] Enola: Solve for Rydberg stage 2493/2503.
[INFO] Enola: Solve for Rydberg stage 2494/2503.
[INFO] Enola: Solve for Rydberg stage 2495/2503.
[INFO] Enola: Solve for Rydberg stage 2496/2503.
[INFO] Enola: Solve for Rydberg stage 2497/2503.
[INFO] Enola: Solve for Rydberg stage 2498/2503.
[INFO] Enola: Solve for Rydberg stage 2499/2503.
[INFO] Enola: Solve for Rydberg stage 2500/2503.
[INFO] Enola: Solve for Rydberg stage 2501/2503.
[INFO] Enola: Solve for Rydberg stage 2502/2503.
[INFO] Enola: Solve for Rydberg stage 2503/2503.
[INFO] Enola: Solve for Rydberg stage 2504/2503.
[INFO] Enola: Time for routing: 3.257157564163208s
[INFO] Enola: Total Time: 116.65093994140625s
Compilation successful.

2026-03-25 19:11:58,579 - BenchmarkManager - INFO - enola (run 1/1) - Running /u/halle/heiz/home_at/BachelorProject/benchmarks/uuf_50-250_fix10/uuf50-010.qasm
2026-03-25 19:12:20,329 - Compiler.enola - INFO - STDOUT:
[INFO] Enola: Start Solving
[INFO] Enola: Run scheduling
[INFO] Enola: Time for scheduling: 0.0006113052368164062s
300
[INFO] Enola: Time for placement: 8.58306884765625e-06s
[INFO] Enola: Solve for Rydberg stage 2/745.
[INFO] Enola: Solve for Rydberg stage 3/745.
[INFO] Enola: Solve for Rydberg stage 4/745.
[INFO] Enola: Solve for Rydberg stage 5/745.
[INFO] Enola: Solve for Rydberg stage 6/745.
[INFO] Enola: Solve for Rydberg stage 7/745.
[INFO] Enola: Solve for Rydberg stage 8/745.
[INFO] Enola: Solve for Rydberg stage 9/745.
[INFO] Enola: Solve for Rydberg stage 10/745.
[INFO] Enola: Solve for Rydberg stage 11/745.
[INFO] Enola: Solve for Rydberg stage 12/745.
[INFO] Enola: Solve for Rydberg stage 13/745.
[INFO] Enola: Solve for Rydberg stage 14/745.
[INFO] Enola: Solve for Rydberg stage 15/745.
[INFO] Enola: Solve for Rydberg stage 16/745.
[INFO] Enola: Solve for Rydberg stage 17/745.
[INFO] Enola: Solve for Rydberg stage 18/745.
[INFO] Enola: Solve for Rydberg stage 19/745.
[INFO] Enola: Solve for Rydberg stage 20/745.
[INFO] Enola: Solve for Rydberg stage 21/745.
[INFO] Enola: Solve for Rydberg stage 22/745.
[INFO] Enola: Solve for Rydberg stage 23/745.
[INFO] Enola: Solve for Rydberg stage 24/745.
[INFO] Enola: Solve for Rydberg stage 25/745.
[INFO] Enola: Solve for Rydberg stage 26/745.
[INFO] Enola: Solve for Rydberg stage 27/745.
[INFO] Enola: Solve for Rydberg stage 28/745.
[INFO] Enola: Solve for Rydberg stage 29/745.
[INFO] Enola: Solve for Rydberg stage 30/745.
[INFO] Enola: Solve for Rydberg stage 31/745.
[INFO] Enola: Solve for Rydberg stage 32/745.
[INFO] Enola: Solve for Rydberg stage 33/745.
[INFO] Enola: Solve for Rydberg stage 34/745.
[INFO] Enola: Solve for Rydberg stage 35/745.
[INFO] Enola: Solve for Rydberg stage 36/745.
[INFO] Enola: Solve for Rydberg stage 37/745.
[INFO] Enola: Solve for Rydberg stage 38/745.
[INFO] Enola: Solve for Rydberg stage 39/745.
[INFO] Enola: Solve for Rydberg stage 40/745.
[INFO] Enola: Solve for Rydberg stage 41/745.
[INFO] Enola: Solve for Rydberg stage 42/745.
[INFO] Enola: Solve for Rydberg stage 43/745.
[INFO] Enola: Solve for Rydberg stage 44/745.
[INFO] Enola: Solve for Rydberg stage 45/745.
[INFO] Enola: Solve for Rydberg stage 46/745.
[INFO] Enola: Solve for Rydberg stage 47/745.
[INFO] Enola: Solve for Rydberg stage 48/745.
[INFO] Enola: Solve for Rydberg stage 49/745.
[INFO] Enola: Solve for Rydberg stage 50/745.
[INFO] Enola: Solve for Rydberg stage 51/745.
[INFO] Enola: Solve for Rydberg stage 52/745.
[INFO] Enola: Solve for Rydberg stage 53/745.
[INFO] Enola: Solve for Rydberg stage 54/745.
[INFO] Enola: Solve for Rydberg stage 55/745.
[INFO] Enola: Solve for Rydberg stage 56/745.
[INFO] Enola: Solve for Rydberg stage 57/745.
[INFO] Enola: Solve for Rydberg stage 58/745.
[INFO] Enola: Solve for Rydberg stage 59/745.
[INFO] Enola: Solve for Rydberg stage 60/745.
[INFO] Enola: Solve for Rydberg stage 61/745.
[INFO] Enola: Solve for Rydberg stage 62/745.
[INFO] Enola: Solve for Rydberg stage 63/745.
[INFO] Enola: Solve for Rydberg stage 64/745.
[INFO] Enola: Solve for Rydberg stage 65/745.
[INFO] Enola: Solve for Rydberg stage 66/745.
[INFO] Enola: Solve for Rydberg stage 67/745.
[INFO] Enola: Solve for Rydberg stage 68/745.
[INFO] Enola: Solve for Rydberg stage 69/745.
[INFO] Enola: Solve for Rydberg stage 70/745.
[INFO] Enola: Solve for Rydberg stage 71/745.
[INFO] Enola: Solve for Rydberg stage 72/745.
[INFO] Enola: Solve for Rydberg stage 73/745.
[INFO] Enola: Solve for Rydberg stage 74/745.
[INFO] Enola: Solve for Rydberg stage 75/745.
[INFO] Enola: Solve for Rydberg stage 76/745.
[INFO] Enola: Solve for Rydberg stage 77/745.
[INFO] Enola: Solve for Rydberg stage 78/745.
[INFO] Enola: Solve for Rydberg stage 79/745.
[INFO] Enola: Solve for Rydberg stage 80/745.
[INFO] Enola: Solve for Rydberg stage 81/745.
[INFO] Enola: Solve for Rydberg stage 82/745.
[INFO] Enola: Solve for Rydberg stage 83/745.
[INFO] Enola: Solve for Rydberg stage 84/745.
[INFO] Enola: Solve for Rydberg stage 85/745.
[INFO] Enola: Solve for Rydberg stage 86/745.
[INFO] Enola: Solve for Rydberg stage 87/745.
[INFO] Enola: Solve for Rydberg stage 88/745.
[INFO] Enola: Solve for Rydberg stage 89/745.
[INFO] Enola: Solve for Rydberg stage 90/745.
[INFO] Enola: Solve for Rydberg stage 91/745.
[INFO] Enola: Solve for Rydberg stage 92/745.
[INFO] Enola: Solve for Rydberg stage 93/745.
[INFO] Enola: Solve for Rydberg stage 94/745.
[INFO] Enola: Solve for Rydberg stage 95/745.
[INFO] Enola: Solve for Rydberg stage 96/745.
[INFO] Enola: Solve for Rydberg stage 97/745.
[INFO] Enola: Solve for Rydberg stage 98/745.
[INFO] Enola: Solve for Rydberg stage 99/745.
[INFO] Enola: Solve for Rydberg stage 100/745.
[INFO] Enola: Solve for Rydberg stage 101/745.
[INFO] Enola: Solve for Rydberg stage 102/745.
[INFO] Enola: Solve for Rydberg stage 103/745.
[INFO] Enola: Solve for Rydberg stage 104/745.
[INFO] Enola: Solve for Rydberg stage 105/745.
[INFO] Enola: Solve for Rydberg stage 106/745.
[INFO] Enola: Solve for Rydberg stage 107/745.
[INFO] Enola: Solve for Rydberg stage 108/745.
[INFO] Enola: Solve for Rydberg stage 109/745.
[INFO] Enola: Solve for Rydberg stage 110/745.
[INFO] Enola: Solve for Rydberg stage 111/745.
[INFO] Enola: Solve for Rydberg stage 112/745.
[INFO] Enola: Solve for Rydberg stage 113/745.
[INFO] Enola: Solve for Rydberg stage 114/745.
[INFO] Enola: Solve for Rydberg stage 115/745.
[INFO] Enola: Solve for Rydberg stage 116/745.
[INFO] Enola: Solve for Rydberg stage 117/745.
[INFO] Enola: Solve for Rydberg stage 118/745.
[INFO] Enola: Solve for Rydberg stage 119/745.
[INFO] Enola: Solve for Rydberg stage 120/745.
[INFO] Enola: Solve for Rydberg stage 121/745.
[INFO] Enola: Solve for Rydberg stage 122/745.
[INFO] Enola: Solve for Rydberg stage 123/745.
[INFO] Enola: Solve for Rydberg stage 124/745.
[INFO] Enola: Solve for Rydberg stage 125/745.
[INFO] Enola: Solve for Rydberg stage 126/745.
[INFO] Enola: Solve for Rydberg stage 127/745.
[INFO] Enola: Solve for Rydberg stage 128/745.
[INFO] Enola: Solve for Rydberg stage 129/745.
[INFO] Enola: Solve for Rydberg stage 130/745.
[INFO] Enola: Solve for Rydberg stage 131/745.
[INFO] Enola: Solve for Rydberg stage 132/745.
[INFO] Enola: Solve for Rydberg stage 133/745.
[INFO] Enola: Solve for Rydberg stage 134/745.
[INFO] Enola: Solve for Rydberg stage 135/745.
[INFO] Enola: Solve for Rydberg stage 136/745.
[INFO] Enola: Solve for Rydberg stage 137/745.
[INFO] Enola: Solve for Rydberg stage 138/745.
[INFO] Enola: Solve for Rydberg stage 139/745.
[INFO] Enola: Solve for Rydberg stage 140/745.
[INFO] Enola: Solve for Rydberg stage 141/745.
[INFO] Enola: Solve for Rydberg stage 142/745.
[INFO] Enola: Solve for Rydberg stage 143/745.
[INFO] Enola: Solve for Rydberg stage 144/745.
[INFO] Enola: Solve for Rydberg stage 145/745.
[INFO] Enola: Solve for Rydberg stage 146/745.
[INFO] Enola: Solve for Rydberg stage 147/745.
[INFO] Enola: Solve for Rydberg stage 148/745.
[INFO] Enola: Solve for Rydberg stage 149/745.
[INFO] Enola: Solve for Rydberg stage 150/745.
[INFO] Enola: Solve for Rydberg stage 151/745.
[INFO] Enola: Solve for Rydberg stage 152/745.
[INFO] Enola: Solve for Rydberg stage 153/745.
[INFO] Enola: Solve for Rydberg stage 154/745.
[INFO] Enola: Solve for Rydberg stage 155/745.
[INFO] Enola: Solve for Rydberg stage 156/745.
[INFO] Enola: Solve for Rydberg stage 157/745.
[INFO] Enola: Solve for Rydberg stage 158/745.
[INFO] Enola: Solve for Rydberg stage 159/745.
[INFO] Enola: Solve for Rydberg stage 160/745.
[INFO] Enola: Solve for Rydberg stage 161/745.
[INFO] Enola: Solve for Rydberg stage 162/745.
[INFO] Enola: Solve for Rydberg stage 163/745.
[INFO] Enola: Solve for Rydberg stage 164/745.
[INFO] Enola: Solve for Rydberg stage 165/745.
[INFO] Enola: Solve for Rydberg stage 166/745.
[INFO] Enola: Solve for Rydberg stage 167/745.
[INFO] Enola: Solve for Rydberg stage 168/745.
[INFO] Enola: Solve for Rydberg stage 169/745.
[INFO] Enola: Solve for Rydberg stage 170/745.
[INFO] Enola: Solve for Rydberg stage 171/745.
[INFO] Enola: Solve for Rydberg stage 172/745.
[INFO] Enola: Solve for Rydberg stage 173/745.
[INFO] Enola: Solve for Rydberg stage 174/745.
[INFO] Enola: Solve for Rydberg stage 175/745.
[INFO] Enola: Solve for Rydberg stage 176/745.
[INFO] Enola: Solve for Rydberg stage 177/745.
[INFO] Enola: Solve for Rydberg stage 178/745.
[INFO] Enola: Solve for Rydberg stage 179/745.
[INFO] Enola: Solve for Rydberg stage 180/745.
[INFO] Enola: Solve for Rydberg stage 181/745.
[INFO] Enola: Solve for Rydberg stage 182/745.
[INFO] Enola: Solve for Rydberg stage 183/745.
[INFO] Enola: Solve for Rydberg stage 184/745.
[INFO] Enola: Solve for Rydberg stage 185/745.
[INFO] Enola: Solve for Rydberg stage 186/745.
[INFO] Enola: Solve for Rydberg stage 187/745.
[INFO] Enola: Solve for Rydberg stage 188/745.
[INFO] Enola: Solve for Rydberg stage 189/745.
[INFO] Enola: Solve for Rydberg stage 190/745.
[INFO] Enola: Solve for Rydberg stage 191/745.
[INFO] Enola: Solve for Rydberg stage 192/745.
[INFO] Enola: Solve for Rydberg stage 193/745.
[INFO] Enola: Solve for Rydberg stage 194/745.
[INFO] Enola: Solve for Rydberg stage 195/745.
[INFO] Enola: Solve for Rydberg stage 196/745.
[INFO] Enola: Solve for Rydberg stage 197/745.
[INFO] Enola: Solve for Rydberg stage 198/745.
[INFO] Enola: Solve for Rydberg stage 199/745.
[INFO] Enola: Solve for Rydberg stage 200/745.
[INFO] Enola: Solve for Rydberg stage 201/745.
[INFO] Enola: Solve for Rydberg stage 202/745.
[INFO] Enola: Solve for Rydberg stage 203/745.
[INFO] Enola: Solve for Rydberg stage 204/745.
[INFO] Enola: Solve for Rydberg stage 205/745.
[INFO] Enola: Solve for Rydberg stage 206/745.
[INFO] Enola: Solve for Rydberg stage 207/745.
[INFO] Enola: Solve for Rydberg stage 208/745.
[INFO] Enola: Solve for Rydberg stage 209/745.
[INFO] Enola: Solve for Rydberg stage 210/745.
[INFO] Enola: Solve for Rydberg stage 211/745.
[INFO] Enola: Solve for Rydberg stage 212/745.
[INFO] Enola: Solve for Rydberg stage 213/745.
[INFO] Enola: Solve for Rydberg stage 214/745.
[INFO] Enola: Solve for Rydberg stage 215/745.
[INFO] Enola: Solve for Rydberg stage 216/745.
[INFO] Enola: Solve for Rydberg stage 217/745.
[INFO] Enola: Solve for Rydberg stage 218/745.
[INFO] Enola: Solve for Rydberg stage 219/745.
[INFO] Enola: Solve for Rydberg stage 220/745.
[INFO] Enola: Solve for Rydberg stage 221/745.
[INFO] Enola: Solve for Rydberg stage 222/745.
[INFO] Enola: Solve for Rydberg stage 223/745.
[INFO] Enola: Solve for Rydberg stage 224/745.
[INFO] Enola: Solve for Rydberg stage 225/745.
[INFO] Enola: Solve for Rydberg stage 226/745.
[INFO] Enola: Solve for Rydberg stage 227/745.
[INFO] Enola: Solve for Rydberg stage 228/745.
[INFO] Enola: Solve for Rydberg stage 229/745.
[INFO] Enola: Solve for Rydberg stage 230/745.
[INFO] Enola: Solve for Rydberg stage 231/745.
[INFO] Enola: Solve for Rydberg stage 232/745.
[INFO] Enola: Solve for Rydberg stage 233/745.
[INFO] Enola: Solve for Rydberg stage 234/745.
[INFO] Enola: Solve for Rydberg stage 235/745.
[INFO] Enola: Solve for Rydberg stage 236/745.
[INFO] Enola: Solve for Rydberg stage 237/745.
[INFO] Enola: Solve for Rydberg stage 238/745.
[INFO] Enola: Solve for Rydberg stage 239/745.
[INFO] Enola: Solve for Rydberg stage 240/745.
[INFO] Enola: Solve for Rydberg stage 241/745.
[INFO] Enola: Solve for Rydberg stage 242/745.
[INFO] Enola: Solve for Rydberg stage 243/745.
[INFO] Enola: Solve for Rydberg stage 244/745.
[INFO] Enola: Solve for Rydberg stage 245/745.
[INFO] Enola: Solve for Rydberg stage 246/745.
[INFO] Enola: Solve for Rydberg stage 247/745.
[INFO] Enola: Solve for Rydberg stage 248/745.
[INFO] Enola: Solve for Rydberg stage 249/745.
[INFO] Enola: Solve for Rydberg stage 250/745.
[INFO] Enola: Solve for Rydberg stage 251/745.
[INFO] Enola: Solve for Rydberg stage 252/745.
[INFO] Enola: Solve for Rydberg stage 253/745.
[INFO] Enola: Solve for Rydberg stage 254/745.
[INFO] Enola: Solve for Rydberg stage 255/745.
[INFO] Enola: Solve for Rydberg stage 256/745.
[INFO] Enola: Solve for Rydberg stage 257/745.
[INFO] Enola: Solve for Rydberg stage 258/745.
[INFO] Enola: Solve for Rydberg stage 259/745.
[INFO] Enola: Solve for Rydberg stage 260/745.
[INFO] Enola: Solve for Rydberg stage 261/745.
[INFO] Enola: Solve for Rydberg stage 262/745.
[INFO] Enola: Solve for Rydberg stage 263/745.
[INFO] Enola: Solve for Rydberg stage 264/745.
[INFO] Enola: Solve for Rydberg stage 265/745.
[INFO] Enola: Solve for Rydberg stage 266/745.
[INFO] Enola: Solve for Rydberg stage 267/745.
[INFO] Enola: Solve for Rydberg stage 268/745.
[INFO] Enola: Solve for Rydberg stage 269/745.
[INFO] Enola: Solve for Rydberg stage 270/745.
[INFO] Enola: Solve for Rydberg stage 271/745.
[INFO] Enola: Solve for Rydberg stage 272/745.
[INFO] Enola: Solve for Rydberg stage 273/745.
[INFO] Enola: Solve for Rydberg stage 274/745.
[INFO] Enola: Solve for Rydberg stage 275/745.
[INFO] Enola: Solve for Rydberg stage 276/745.
[INFO] Enola: Solve for Rydberg stage 277/745.
[INFO] Enola: Solve for Rydberg stage 278/745.
[INFO] Enola: Solve for Rydberg stage 279/745.
[INFO] Enola: Solve for Rydberg stage 280/745.
[INFO] Enola: Solve for Rydberg stage 281/745.
[INFO] Enola: Solve for Rydberg stage 282/745.
[INFO] Enola: Solve for Rydberg stage 283/745.
[INFO] Enola: Solve for Rydberg stage 284/745.
[INFO] Enola: Solve for Rydberg stage 285/745.
[INFO] Enola: Solve for Rydberg stage 286/745.
[INFO] Enola: Solve for Rydberg stage 287/745.
[INFO] Enola: Solve for Rydberg stage 288/745.
[INFO] Enola: Solve for Rydberg stage 289/745.
[INFO] Enola: Solve for Rydberg stage 290/745.
[INFO] Enola: Solve for Rydberg stage 291/745.
[INFO] Enola: Solve for Rydberg stage 292/745.
[INFO] Enola: Solve for Rydberg stage 293/745.
[INFO] Enola: Solve for Rydberg stage 294/745.
[INFO] Enola: Solve for Rydberg stage 295/745.
[INFO] Enola: Solve for Rydberg stage 296/745.
[INFO] Enola: Solve for Rydberg stage 297/745.
[INFO] Enola: Solve for Rydberg stage 298/745.
[INFO] Enola: Solve for Rydberg stage 299/745.
[INFO] Enola: Solve for Rydberg stage 300/745.
[INFO] Enola: Solve for Rydberg stage 301/745.
[INFO] Enola: Solve for Rydberg stage 302/745.
[INFO] Enola: Solve for Rydberg stage 303/745.
[INFO] Enola: Solve for Rydberg stage 304/745.
[INFO] Enola: Solve for Rydberg stage 305/745.
[INFO] Enola: Solve for Rydberg stage 306/745.
[INFO] Enola: Solve for Rydberg stage 307/745.
[INFO] Enola: Solve for Rydberg stage 308/745.
[INFO] Enola: Solve for Rydberg stage 309/745.
[INFO] Enola: Solve for Rydberg stage 310/745.
[INFO] Enola: Solve for Rydberg stage 311/745.
[INFO] Enola: Solve for Rydberg stage 312/745.
[INFO] Enola: Solve for Rydberg stage 313/745.
[INFO] Enola: Solve for Rydberg stage 314/745.
[INFO] Enola: Solve for Rydberg stage 315/745.
[INFO] Enola: Solve for Rydberg stage 316/745.
[INFO] Enola: Solve for Rydberg stage 317/745.
[INFO] Enola: Solve for Rydberg stage 318/745.
[INFO] Enola: Solve for Rydberg stage 319/745.
[INFO] Enola: Solve for Rydberg stage 320/745.
[INFO] Enola: Solve for Rydberg stage 321/745.
[INFO] Enola: Solve for Rydberg stage 322/745.
[INFO] Enola: Solve for Rydberg stage 323/745.
[INFO] Enola: Solve for Rydberg stage 324/745.
[INFO] Enola: Solve for Rydberg stage 325/745.
[INFO] Enola: Solve for Rydberg stage 326/745.
[INFO] Enola: Solve for Rydberg stage 327/745.
[INFO] Enola: Solve for Rydberg stage 328/745.
[INFO] Enola: Solve for Rydberg stage 329/745.
[INFO] Enola: Solve for Rydberg stage 330/745.
[INFO] Enola: Solve for Rydberg stage 331/745.
[INFO] Enola: Solve for Rydberg stage 332/745.
[INFO] Enola: Solve for Rydberg stage 333/745.
[INFO] Enola: Solve for Rydberg stage 334/745.
[INFO] Enola: Solve for Rydberg stage 335/745.
[INFO] Enola: Solve for Rydberg stage 336/745.
[INFO] Enola: Solve for Rydberg stage 337/745.
[INFO] Enola: Solve for Rydberg stage 338/745.
[INFO] Enola: Solve for Rydberg stage 339/745.
[INFO] Enola: Solve for Rydberg stage 340/745.
[INFO] Enola: Solve for Rydberg stage 341/745.
[INFO] Enola: Solve for Rydberg stage 342/745.
[INFO] Enola: Solve for Rydberg stage 343/745.
[INFO] Enola: Solve for Rydberg stage 344/745.
[INFO] Enola: Solve for Rydberg stage 345/745.
[INFO] Enola: Solve for Rydberg stage 346/745.
[INFO] Enola: Solve for Rydberg stage 347/745.
[INFO] Enola: Solve for Rydberg stage 348/745.
[INFO] Enola: Solve for Rydberg stage 349/745.
[INFO] Enola: Solve for Rydberg stage 350/745.
[INFO] Enola: Solve for Rydberg stage 351/745.
[INFO] Enola: Solve for Rydberg stage 352/745.
[INFO] Enola: Solve for Rydberg stage 353/745.
[INFO] Enola: Solve for Rydberg stage 354/745.
[INFO] Enola: Solve for Rydberg stage 355/745.
[INFO] Enola: Solve for Rydberg stage 356/745.
[INFO] Enola: Solve for Rydberg stage 357/745.
[INFO] Enola: Solve for Rydberg stage 358/745.
[INFO] Enola: Solve for Rydberg stage 359/745.
[INFO] Enola: Solve for Rydberg stage 360/745.
[INFO] Enola: Solve for Rydberg stage 361/745.
[INFO] Enola: Solve for Rydberg stage 362/745.
[INFO] Enola: Solve for Rydberg stage 363/745.
[INFO] Enola: Solve for Rydberg stage 364/745.
[INFO] Enola: Solve for Rydberg stage 365/745.
[INFO] Enola: Solve for Rydberg stage 366/745.
[INFO] Enola: Solve for Rydberg stage 367/745.
[INFO] Enola: Solve for Rydberg stage 368/745.
[INFO] Enola: Solve for Rydberg stage 369/745.
[INFO] Enola: Solve for Rydberg stage 370/745.
[INFO] Enola: Solve for Rydberg stage 371/745.
[INFO] Enola: Solve for Rydberg stage 372/745.
[INFO] Enola: Solve for Rydberg stage 373/745.
[INFO] Enola: Solve for Rydberg stage 374/745.
[INFO] Enola: Solve for Rydberg stage 375/745.
[INFO] Enola: Solve for Rydberg stage 376/745.
[INFO] Enola: Solve for Rydberg stage 377/745.
[INFO] Enola: Solve for Rydberg stage 378/745.
[INFO] Enola: Solve for Rydberg stage 379/745.
[INFO] Enola: Solve for Rydberg stage 380/745.
[INFO] Enola: Solve for Rydberg stage 381/745.
[INFO] Enola: Solve for Rydberg stage 382/745.
[INFO] Enola: Solve for Rydberg stage 383/745.
[INFO] Enola: Solve for Rydberg stage 384/745.
[INFO] Enola: Solve for Rydberg stage 385/745.
[INFO] Enola: Solve for Rydberg stage 386/745.
[INFO] Enola: Solve for Rydberg stage 387/745.
[INFO] Enola: Solve for Rydberg stage 388/745.
[INFO] Enola: Solve for Rydberg stage 389/745.
[INFO] Enola: Solve for Rydberg stage 390/745.
[INFO] Enola: Solve for Rydberg stage 391/745.
[INFO] Enola: Solve for Rydberg stage 392/745.
[INFO] Enola: Solve for Rydberg stage 393/745.
[INFO] Enola: Solve for Rydberg stage 394/745.
[INFO] Enola: Solve for Rydberg stage 395/745.
[INFO] Enola: Solve for Rydberg stage 396/745.
[INFO] Enola: Solve for Rydberg stage 397/745.
[INFO] Enola: Solve for Rydberg stage 398/745.
[INFO] Enola: Solve for Rydberg stage 399/745.
[INFO] Enola: Solve for Rydberg stage 400/745.
[INFO] Enola: Solve for Rydberg stage 401/745.
[INFO] Enola: Solve for Rydberg stage 402/745.
[INFO] Enola: Solve for Rydberg stage 403/745.
[INFO] Enola: Solve for Rydberg stage 404/745.
[INFO] Enola: Solve for Rydberg stage 405/745.
[INFO] Enola: Solve for Rydberg stage 406/745.
[INFO] Enola: Solve for Rydberg stage 407/745.
[INFO] Enola: Solve for Rydberg stage 408/745.
[INFO] Enola: Solve for Rydberg stage 409/745.
[INFO] Enola: Solve for Rydberg stage 410/745.
[INFO] Enola: Solve for Rydberg stage 411/745.
[INFO] Enola: Solve for Rydberg stage 412/745.
[INFO] Enola: Solve for Rydberg stage 413/745.
[INFO] Enola: Solve for Rydberg stage 414/745.
[INFO] Enola: Solve for Rydberg stage 415/745.
[INFO] Enola: Solve for Rydberg stage 416/745.
[INFO] Enola: Solve for Rydberg stage 417/745.
[INFO] Enola: Solve for Rydberg stage 418/745.
[INFO] Enola: Solve for Rydberg stage 419/745.
[INFO] Enola: Solve for Rydberg stage 420/745.
[INFO] Enola: Solve for Rydberg stage 421/745.
[INFO] Enola: Solve for Rydberg stage 422/745.
[INFO] Enola: Solve for Rydberg stage 423/745.
[INFO] Enola: Solve for Rydberg stage 424/745.
[INFO] Enola: Solve for Rydberg stage 425/745.
[INFO] Enola: Solve for Rydberg stage 426/745.
[INFO] Enola: Solve for Rydberg stage 427/745.
[INFO] Enola: Solve for Rydberg stage 428/745.
[INFO] Enola: Solve for Rydberg stage 429/745.
[INFO] Enola: Solve for Rydberg stage 430/745.
[INFO] Enola: Solve for Rydberg stage 431/745.
[INFO] Enola: Solve for Rydberg stage 432/745.
[INFO] Enola: Solve for Rydberg stage 433/745.
[INFO] Enola: Solve for Rydberg stage 434/745.
[INFO] Enola: Solve for Rydberg stage 435/745.
[INFO] Enola: Solve for Rydberg stage 436/745.
[INFO] Enola: Solve for Rydberg stage 437/745.
[INFO] Enola: Solve for Rydberg stage 438/745.
[INFO] Enola: Solve for Rydberg stage 439/745.
[INFO] Enola: Solve for Rydberg stage 440/745.
[INFO] Enola: Solve for Rydberg stage 441/745.
[INFO] Enola: Solve for Rydberg stage 442/745.
[INFO] Enola: Solve for Rydberg stage 443/745.
[INFO] Enola: Solve for Rydberg stage 444/745.
[INFO] Enola: Solve for Rydberg stage 445/745.
[INFO] Enola: Solve for Rydberg stage 446/745.
[INFO] Enola: Solve for Rydberg stage 447/745.
[INFO] Enola: Solve for Rydberg stage 448/745.
[INFO] Enola: Solve for Rydberg stage 449/745.
[INFO] Enola: Solve for Rydberg stage 450/745.
[INFO] Enola: Solve for Rydberg stage 451/745.
[INFO] Enola: Solve for Rydberg stage 452/745.
[INFO] Enola: Solve for Rydberg stage 453/745.
[INFO] Enola: Solve for Rydberg stage 454/745.
[INFO] Enola: Solve for Rydberg stage 455/745.
[INFO] Enola: Solve for Rydberg stage 456/745.
[INFO] Enola: Solve for Rydberg stage 457/745.
[INFO] Enola: Solve for Rydberg stage 458/745.
[INFO] Enola: Solve for Rydberg stage 459/745.
[INFO] Enola: Solve for Rydberg stage 460/745.
[INFO] Enola: Solve for Rydberg stage 461/745.
[INFO] Enola: Solve for Rydberg stage 462/745.
[INFO] Enola: Solve for Rydberg stage 463/745.
[INFO] Enola: Solve for Rydberg stage 464/745.
[INFO] Enola: Solve for Rydberg stage 465/745.
[INFO] Enola: Solve for Rydberg stage 466/745.
[INFO] Enola: Solve for Rydberg stage 467/745.
[INFO] Enola: Solve for Rydberg stage 468/745.
[INFO] Enola: Solve for Rydberg stage 469/745.
[INFO] Enola: Solve for Rydberg stage 470/745.
[INFO] Enola: Solve for Rydberg stage 471/745.
[INFO] Enola: Solve for Rydberg stage 472/745.
[INFO] Enola: Solve for Rydberg stage 473/745.
[INFO] Enola: Solve for Rydberg stage 474/745.
[INFO] Enola: Solve for Rydberg stage 475/745.
[INFO] Enola: Solve for Rydberg stage 476/745.
[INFO] Enola: Solve for Rydberg stage 477/745.
[INFO] Enola: Solve for Rydberg stage 478/745.
[INFO] Enola: Solve for Rydberg stage 479/745.
[INFO] Enola: Solve for Rydberg stage 480/745.
[INFO] Enola: Solve for Rydberg stage 481/745.
[INFO] Enola: Solve for Rydberg stage 482/745.
[INFO] Enola: Solve for Rydberg stage 483/745.
[INFO] Enola: Solve for Rydberg stage 484/745.
[INFO] Enola: Solve for Rydberg stage 485/745.
[INFO] Enola: Solve for Rydberg stage 486/745.
[INFO] Enola: Solve for Rydberg stage 487/745.
[INFO] Enola: Solve for Rydberg stage 488/745.
[INFO] Enola: Solve for Rydberg stage 489/745.
[INFO] Enola: Solve for Rydberg stage 490/745.
[INFO] Enola: Solve for Rydberg stage 491/745.
[INFO] Enola: Solve for Rydberg stage 492/745.
[INFO] Enola: Solve for Rydberg stage 493/745.
[INFO] Enola: Solve for Rydberg stage 494/745.
[INFO] Enola: Solve for Rydberg stage 495/745.
[INFO] Enola: Solve for Rydberg stage 496/745.
[INFO] Enola: Solve for Rydberg stage 497/745.
[INFO] Enola: Solve for Rydberg stage 498/745.
[INFO] Enola: Solve for Rydberg stage 499/745.
[INFO] Enola: Solve for Rydberg stage 500/745.
[INFO] Enola: Solve for Rydberg stage 501/745.
[INFO] Enola: Solve for Rydberg stage 502/745.
[INFO] Enola: Solve for Rydberg stage 503/745.
[INFO] Enola: Solve for Rydberg stage 504/745.
[INFO] Enola: Solve for Rydberg stage 505/745.
[INFO] Enola: Solve for Rydberg stage 506/745.
[INFO] Enola: Solve for Rydberg stage 507/745.
[INFO] Enola: Solve for Rydberg stage 508/745.
[INFO] Enola: Solve for Rydberg stage 509/745.
[INFO] Enola: Solve for Rydberg stage 510/745.
[INFO] Enola: Solve for Rydberg stage 511/745.
[INFO] Enola: Solve for Rydberg stage 512/745.
[INFO] Enola: Solve for Rydberg stage 513/745.
[INFO] Enola: Solve for Rydberg stage 514/745.
[INFO] Enola: Solve for Rydberg stage 515/745.
[INFO] Enola: Solve for Rydberg stage 516/745.
[INFO] Enola: Solve for Rydberg stage 517/745.
[INFO] Enola: Solve for Rydberg stage 518/745.
[INFO] Enola: Solve for Rydberg stage 519/745.
[INFO] Enola: Solve for Rydberg stage 520/745.
[INFO] Enola: Solve for Rydberg stage 521/745.
[INFO] Enola: Solve for Rydberg stage 522/745.
[INFO] Enola: Solve for Rydberg stage 523/745.
[INFO] Enola: Solve for Rydberg stage 524/745.
[INFO] Enola: Solve for Rydberg stage 525/745.
[INFO] Enola: Solve for Rydberg stage 526/745.
[INFO] Enola: Solve for Rydberg stage 527/745.
[INFO] Enola: Solve for Rydberg stage 528/745.
[INFO] Enola: Solve for Rydberg stage 529/745.
[INFO] Enola: Solve for Rydberg stage 530/745.
[INFO] Enola: Solve for Rydberg stage 531/745.
[INFO] Enola: Solve for Rydberg stage 532/745.
[INFO] Enola: Solve for Rydberg stage 533/745.
[INFO] Enola: Solve for Rydberg stage 534/745.
[INFO] Enola: Solve for Rydberg stage 535/745.
[INFO] Enola: Solve for Rydberg stage 536/745.
[INFO] Enola: Solve for Rydberg stage 537/745.
[INFO] Enola: Solve for Rydberg stage 538/745.
[INFO] Enola: Solve for Rydberg stage 539/745.
[INFO] Enola: Solve for Rydberg stage 540/745.
[INFO] Enola: Solve for Rydberg stage 541/745.
[INFO] Enola: Solve for Rydberg stage 542/745.
[INFO] Enola: Solve for Rydberg stage 543/745.
[INFO] Enola: Solve for Rydberg stage 544/745.
[INFO] Enola: Solve for Rydberg stage 545/745.
[INFO] Enola: Solve for Rydberg stage 546/745.
[INFO] Enola: Solve for Rydberg stage 547/745.
[INFO] Enola: Solve for Rydberg stage 548/745.
[INFO] Enola: Solve for Rydberg stage 549/745.
[INFO] Enola: Solve for Rydberg stage 550/745.
[INFO] Enola: Solve for Rydberg stage 551/745.
[INFO] Enola: Solve for Rydberg stage 552/745.
[INFO] Enola: Solve for Rydberg stage 553/745.
[INFO] Enola: Solve for Rydberg stage 554/745.
[INFO] Enola: Solve for Rydberg stage 555/745.
[INFO] Enola: Solve for Rydberg stage 556/745.
[INFO] Enola: Solve for Rydberg stage 557/745.
[INFO] Enola: Solve for Rydberg stage 558/745.
[INFO] Enola: Solve for Rydberg stage 559/745.
[INFO] Enola: Solve for Rydberg stage 560/745.
[INFO] Enola: Solve for Rydberg stage 561/745.
[INFO] Enola: Solve for Rydberg stage 562/745.
[INFO] Enola: Solve for Rydberg stage 563/745.
[INFO] Enola: Solve for Rydberg stage 564/745.
[INFO] Enola: Solve for Rydberg stage 565/745.
[INFO] Enola: Solve for Rydberg stage 566/745.
[INFO] Enola: Solve for Rydberg stage 567/745.
[INFO] Enola: Solve for Rydberg stage 568/745.
[INFO] Enola: Solve for Rydberg stage 569/745.
[INFO] Enola: Solve for Rydberg stage 570/745.
[INFO] Enola: Solve for Rydberg stage 571/745.
[INFO] Enola: Solve for Rydberg stage 572/745.
[INFO] Enola: Solve for Rydberg stage 573/745.
[INFO] Enola: Solve for Rydberg stage 574/745.
[INFO] Enola: Solve for Rydberg stage 575/745.
[INFO] Enola: Solve for Rydberg stage 576/745.
[INFO] Enola: Solve for Rydberg stage 577/745.
[INFO] Enola: Solve for Rydberg stage 578/745.
[INFO] Enola: Solve for Rydberg stage 579/745.
[INFO] Enola: Solve for Rydberg stage 580/745.
[INFO] Enola: Solve for Rydberg stage 581/745.
[INFO] Enola: Solve for Rydberg stage 582/745.
[INFO] Enola: Solve for Rydberg stage 583/745.
[INFO] Enola: Solve for Rydberg stage 584/745.
[INFO] Enola: Solve for Rydberg stage 585/745.
[INFO] Enola: Solve for Rydberg stage 586/745.
[INFO] Enola: Solve for Rydberg stage 587/745.
[INFO] Enola: Solve for Rydberg stage 588/745.
[INFO] Enola: Solve for Rydberg stage 589/745.
[INFO] Enola: Solve for Rydberg stage 590/745.
[INFO] Enola: Solve for Rydberg stage 591/745.
[INFO] Enola: Solve for Rydberg stage 592/745.
[INFO] Enola: Solve for Rydberg stage 593/745.
[INFO] Enola: Solve for Rydberg stage 594/745.
[INFO] Enola: Solve for Rydberg stage 595/745.
[INFO] Enola: Solve for Rydberg stage 596/745.
[INFO] Enola: Solve for Rydberg stage 597/745.
[INFO] Enola: Solve for Rydberg stage 598/745.
[INFO] Enola: Solve for Rydberg stage 599/745.
[INFO] Enola: Solve for Rydberg stage 600/745.
[INFO] Enola: Solve for Rydberg stage 601/745.
[INFO] Enola: Solve for Rydberg stage 602/745.
[INFO] Enola: Solve for Rydberg stage 603/745.
[INFO] Enola: Solve for Rydberg stage 604/745.
[INFO] Enola: Solve for Rydberg stage 605/745.
[INFO] Enola: Solve for Rydberg stage 606/745.
[INFO] Enola: Solve for Rydberg stage 607/745.
[INFO] Enola: Solve for Rydberg stage 608/745.
[INFO] Enola: Solve for Rydberg stage 609/745.
[INFO] Enola: Solve for Rydberg stage 610/745.
[INFO] Enola: Solve for Rydberg stage 611/745.
[INFO] Enola: Solve for Rydberg stage 612/745.
[INFO] Enola: Solve for Rydberg stage 613/745.
[INFO] Enola: Solve for Rydberg stage 614/745.
[INFO] Enola: Solve for Rydberg stage 615/745.
[INFO] Enola: Solve for Rydberg stage 616/745.
[INFO] Enola: Solve for Rydberg stage 617/745.
[INFO] Enola: Solve for Rydberg stage 618/745.
[INFO] Enola: Solve for Rydberg stage 619/745.
[INFO] Enola: Solve for Rydberg stage 620/745.
[INFO] Enola: Solve for Rydberg stage 621/745.
[INFO] Enola: Solve for Rydberg stage 622/745.
[INFO] Enola: Solve for Rydberg stage 623/745.
[INFO] Enola: Solve for Rydberg stage 624/745.
[INFO] Enola: Solve for Rydberg stage 625/745.
[INFO] Enola: Solve for Rydberg stage 626/745.
[INFO] Enola: Solve for Rydberg stage 627/745.
[INFO] Enola: Solve for Rydberg stage 628/745.
[INFO] Enola: Solve for Rydberg stage 629/745.
[INFO] Enola: Solve for Rydberg stage 630/745.
[INFO] Enola: Solve for Rydberg stage 631/745.
[INFO] Enola: Solve for Rydberg stage 632/745.
[INFO] Enola: Solve for Rydberg stage 633/745.
[INFO] Enola: Solve for Rydberg stage 634/745.
[INFO] Enola: Solve for Rydberg stage 635/745.
[INFO] Enola: Solve for Rydberg stage 636/745.
[INFO] Enola: Solve for Rydberg stage 637/745.
[INFO] Enola: Solve for Rydberg stage 638/745.
[INFO] Enola: Solve for Rydberg stage 639/745.
[INFO] Enola: Solve for Rydberg stage 640/745.
[INFO] Enola: Solve for Rydberg stage 641/745.
[INFO] Enola: Solve for Rydberg stage 642/745.
[INFO] Enola: Solve for Rydberg stage 643/745.
[INFO] Enola: Solve for Rydberg stage 644/745.
[INFO] Enola: Solve for Rydberg stage 645/745.
[INFO] Enola: Solve for Rydberg stage 646/745.
[INFO] Enola: Solve for Rydberg stage 647/745.
[INFO] Enola: Solve for Rydberg stage 648/745.
[INFO] Enola: Solve for Rydberg stage 649/745.
[INFO] Enola: Solve for Rydberg stage 650/745.
[INFO] Enola: Solve for Rydberg stage 651/745.
[INFO] Enola: Solve for Rydberg stage 652/745.
[INFO] Enola: Solve for Rydberg stage 653/745.
[INFO] Enola: Solve for Rydberg stage 654/745.
[INFO] Enola: Solve for Rydberg stage 655/745.
[INFO] Enola: Solve for Rydberg stage 656/745.
[INFO] Enola: Solve for Rydberg stage 657/745.
[INFO] Enola: Solve for Rydberg stage 658/745.
[INFO] Enola: Solve for Rydberg stage 659/745.
[INFO] Enola: Solve for Rydberg stage 660/745.
[INFO] Enola: Solve for Rydberg stage 661/745.
[INFO] Enola: Solve for Rydberg stage 662/745.
[INFO] Enola: Solve for Rydberg stage 663/745.
[INFO] Enola: Solve for Rydberg stage 664/745.
[INFO] Enola: Solve for Rydberg stage 665/745.
[INFO] Enola: Solve for Rydberg stage 666/745.
[INFO] Enola: Solve for Rydberg stage 667/745.
[INFO] Enola: Solve for Rydberg stage 668/745.
[INFO] Enola: Solve for Rydberg stage 669/745.
[INFO] Enola: Solve for Rydberg stage 670/745.
[INFO] Enola: Solve for Rydberg stage 671/745.
[INFO] Enola: Solve for Rydberg stage 672/745.
[INFO] Enola: Solve for Rydberg stage 673/745.
[INFO] Enola: Solve for Rydberg stage 674/745.
[INFO] Enola: Solve for Rydberg stage 675/745.
[INFO] Enola: Solve for Rydberg stage 676/745.
[INFO] Enola: Solve for Rydberg stage 677/745.
[INFO] Enola: Solve for Rydberg stage 678/745.
[INFO] Enola: Solve for Rydberg stage 679/745.
[INFO] Enola: Solve for Rydberg stage 680/745.
[INFO] Enola: Solve for Rydberg stage 681/745.
[INFO] Enola: Solve for Rydberg stage 682/745.
[INFO] Enola: Solve for Rydberg stage 683/745.
[INFO] Enola: Solve for Rydberg stage 684/745.
[INFO] Enola: Solve for Rydberg stage 685/745.
[INFO] Enola: Solve for Rydberg stage 686/745.
[INFO] Enola: Solve for Rydberg stage 687/745.
[INFO] Enola: Solve for Rydberg stage 688/745.
[INFO] Enola: Solve for Rydberg stage 689/745.
[INFO] Enola: Solve for Rydberg stage 690/745.
[INFO] Enola: Solve for Rydberg stage 691/745.
[INFO] Enola: Solve for Rydberg stage 692/745.
[INFO] Enola: Solve for Rydberg stage 693/745.
[INFO] Enola: Solve for Rydberg stage 694/745.
[INFO] Enola: Solve for Rydberg stage 695/745.
[INFO] Enola: Solve for Rydberg stage 696/745.
[INFO] Enola: Solve for Rydberg stage 697/745.
[INFO] Enola: Solve for Rydberg stage 698/745.
[INFO] Enola: Solve for Rydberg stage 699/745.
[INFO] Enola: Solve for Rydberg stage 700/745.
[INFO] Enola: Solve for Rydberg stage 701/745.
[INFO] Enola: Solve for Rydberg stage 702/745.
[INFO] Enola: Solve for Rydberg stage 703/745.
[INFO] Enola: Solve for Rydberg stage 704/745.
[INFO] Enola: Solve for Rydberg stage 705/745.
[INFO] Enola: Solve for Rydberg stage 706/745.
[INFO] Enola: Solve for Rydberg stage 707/745.
[INFO] Enola: Solve for Rydberg stage 708/745.
[INFO] Enola: Solve for Rydberg stage 709/745.
[INFO] Enola: Solve for Rydberg stage 710/745.
[INFO] Enola: Solve for Rydberg stage 711/745.
[INFO] Enola: Solve for Rydberg stage 712/745.
[INFO] Enola: Solve for Rydberg stage 713/745.
[INFO] Enola: Solve for Rydberg stage 714/745.
[INFO] Enola: Solve for Rydberg stage 715/745.
[INFO] Enola: Solve for Rydberg stage 716/745.
[INFO] Enola: Solve for Rydberg stage 717/745.
[INFO] Enola: Solve for Rydberg stage 718/745.
[INFO] Enola: Solve for Rydberg stage 719/745.
[INFO] Enola: Solve for Rydberg stage 720/745.
[INFO] Enola: Solve for Rydberg stage 721/745.
[INFO] Enola: Solve for Rydberg stage 722/745.
[INFO] Enola: Solve for Rydberg stage 723/745.
[INFO] Enola: Solve for Rydberg stage 724/745.
[INFO] Enola: Solve for Rydberg stage 725/745.
[INFO] Enola: Solve for Rydberg stage 726/745.
[INFO] Enola: Solve for Rydberg stage 727/745.
[INFO] Enola: Solve for Rydberg stage 728/745.
[INFO] Enola: Solve for Rydberg stage 729/745.
[INFO] Enola: Solve for Rydberg stage 730/745.
[INFO] Enola: Solve for Rydberg stage 731/745.
[INFO] Enola: Solve for Rydberg stage 732/745.
[INFO] Enola: Solve for Rydberg stage 733/745.
[INFO] Enola: Solve for Rydberg stage 734/745.
[INFO] Enola: Solve for Rydberg stage 735/745.
[INFO] Enola: Solve for Rydberg stage 736/745.
[INFO] Enola: Solve for Rydberg stage 737/745.
[INFO] Enola: Solve for Rydberg stage 738/745.
[INFO] Enola: Solve for Rydberg stage 739/745.
[INFO] Enola: Solve for Rydberg stage 740/745.
[INFO] Enola: Solve for Rydberg stage 741/745.
[INFO] Enola: Solve for Rydberg stage 742/745.
[INFO] Enola: Solve for Rydberg stage 743/745.
[INFO] Enola: Solve for Rydberg stage 744/745.
[INFO] Enola: Solve for Rydberg stage 745/745.
[INFO] Enola: Solve for Rydberg stage 746/745.
[INFO] Enola: Time for routing: 0.11938738822937012s
[INFO] Enola: Total Time: 20.5164852142334s
Compilation successful.

2026-03-25 19:12:20,393 - BenchmarkManager - INFO - Wrote metrics summary for enola: results/metrics/20260325_190559_arch/enola.json
