2026-03-25 17:14:59,239 - BenchmarkManager - INFO - Initializing 4 compilers...
2026-03-25 17:14:59,240 - BenchmarkManager - INFO - Output directory for weaver: results/circuits/weaver
2026-03-25 17:14:59,241 - BenchmarkManager - INFO - Output directory for zac: results/circuits/zac
2026-03-25 17:14:59,242 - BenchmarkManager - INFO - Output directory for nalac: results/circuits/nalac
2026-03-25 17:14:59,243 - BenchmarkManager - INFO - Output directory for enola: results/circuits/enola
2026-03-25 17:14:59,244 - BenchmarkManager - INFO - Starting benchmark execution ...
2026-03-25 17:14:59,247 - BenchmarkManager - INFO - Found 5 CNF benchmark circuits in '/u/halle/heiz/home_at/BachelorProject/benchmarks/uf_fix50_20-100'
2026-03-25 17:14:59,247 - BenchmarkManager - INFO -   - /u/halle/heiz/home_at/BachelorProject/benchmarks/uf_fix50_20-100/uf50-0100.cnf
2026-03-25 17:14:59,248 - BenchmarkManager - INFO -   - /u/halle/heiz/home_at/BachelorProject/benchmarks/uf_fix50_20-100/uf50-020.cnf
2026-03-25 17:14:59,249 - BenchmarkManager - INFO -   - /u/halle/heiz/home_at/BachelorProject/benchmarks/uf_fix50_20-100/uf50-040.cnf
2026-03-25 17:14:59,250 - BenchmarkManager - INFO -   - /u/halle/heiz/home_at/BachelorProject/benchmarks/uf_fix50_20-100/uf50-060.cnf
2026-03-25 17:14:59,251 - BenchmarkManager - INFO -   - /u/halle/heiz/home_at/BachelorProject/benchmarks/uf_fix50_20-100/uf50-080.cnf
2026-03-25 17:14:59,252 - BenchmarkManager - INFO - weaver (run 1/1) - Running /u/halle/heiz/home_at/BachelorProject/benchmarks/uf_fix50_20-100/uf50-0100.cnf
2026-03-25 17:15:00,271 - Compiler.weaver - INFO - STDOUT:
num_colors: 23, num_slm_rows: 48, num_slm_cols: 754, num_aod_rows: 1, num_aod_cols: 50
Compilation successful.

2026-03-25 17:15:00,324 - BenchmarkManager - INFO - weaver (run 1/1) - Running /u/halle/heiz/home_at/BachelorProject/benchmarks/uf_fix50_20-100/uf50-020.cnf
2026-03-25 17:15:01,149 - Compiler.weaver - INFO - STDOUT:
num_colors: 21, num_slm_rows: 44, num_slm_cols: 754, num_aod_rows: 1, num_aod_cols: 50
Compilation successful.

2026-03-25 17:15:01,201 - BenchmarkManager - INFO - weaver (run 1/1) - Running /u/halle/heiz/home_at/BachelorProject/benchmarks/uf_fix50_20-100/uf50-040.cnf
2026-03-25 17:15:02,124 - Compiler.weaver - INFO - STDOUT:
num_colors: 21, num_slm_rows: 44, num_slm_cols: 754, num_aod_rows: 1, num_aod_cols: 50
Compilation successful.

2026-03-25 17:15:02,175 - BenchmarkManager - INFO - weaver (run 1/1) - Running /u/halle/heiz/home_at/BachelorProject/benchmarks/uf_fix50_20-100/uf50-060.cnf
2026-03-25 17:15:03,048 - Compiler.weaver - INFO - STDOUT:
num_colors: 29, num_slm_rows: 60, num_slm_cols: 754, num_aod_rows: 1, num_aod_cols: 50
Compilation successful.

2026-03-25 17:15:03,106 - BenchmarkManager - INFO - weaver (run 1/1) - Running /u/halle/heiz/home_at/BachelorProject/benchmarks/uf_fix50_20-100/uf50-080.cnf
2026-03-25 17:15:03,989 - Compiler.weaver - INFO - STDOUT:
num_colors: 22, num_slm_rows: 46, num_slm_cols: 754, num_aod_rows: 1, num_aod_cols: 50
Compilation successful.

2026-03-25 17:15:04,069 - BenchmarkManager - INFO - Wrote metrics summary for weaver: results/metrics/20260325_171459_arch/weaver.json
2026-03-25 17:15:04,070 - BenchmarkManager - INFO - Found 5 QASM benchmark circuits in '/u/halle/heiz/home_at/BachelorProject/benchmarks/uf_fix50_20-100'
2026-03-25 17:15:04,070 - BenchmarkManager - INFO -   - /u/halle/heiz/home_at/BachelorProject/benchmarks/uf_fix50_20-100/uf50-0100.qasm
2026-03-25 17:15:04,071 - BenchmarkManager - INFO -   - /u/halle/heiz/home_at/BachelorProject/benchmarks/uf_fix50_20-100/uf50-020.qasm
2026-03-25 17:15:04,071 - BenchmarkManager - INFO -   - /u/halle/heiz/home_at/BachelorProject/benchmarks/uf_fix50_20-100/uf50-040.qasm
2026-03-25 17:15:04,072 - BenchmarkManager - INFO -   - /u/halle/heiz/home_at/BachelorProject/benchmarks/uf_fix50_20-100/uf50-060.qasm
2026-03-25 17:15:04,072 - BenchmarkManager - INFO -   - /u/halle/heiz/home_at/BachelorProject/benchmarks/uf_fix50_20-100/uf50-080.qasm
2026-03-25 17:15:04,072 - BenchmarkManager - INFO - zac (run 1/1) - Running /u/halle/heiz/home_at/BachelorProject/benchmarks/uf_fix50_20-100/uf50-0100.qasm
2026-03-25 17:15:04,911 - Compiler.zac - INFO - STDOUT:
Compilation successful.

2026-03-25 17:15:04,939 - BenchmarkManager - INFO - zac (run 1/1) - Running /u/halle/heiz/home_at/BachelorProject/benchmarks/uf_fix50_20-100/uf50-020.qasm
2026-03-25 17:15:05,606 - Compiler.zac - INFO - STDOUT:
Compilation successful.

2026-03-25 17:15:05,634 - BenchmarkManager - INFO - zac (run 1/1) - Running /u/halle/heiz/home_at/BachelorProject/benchmarks/uf_fix50_20-100/uf50-040.qasm
2026-03-25 17:15:06,360 - Compiler.zac - INFO - STDOUT:
Compilation successful.

2026-03-25 17:15:06,387 - BenchmarkManager - INFO - zac (run 1/1) - Running /u/halle/heiz/home_at/BachelorProject/benchmarks/uf_fix50_20-100/uf50-060.qasm
2026-03-25 17:15:07,112 - Compiler.zac - INFO - STDOUT:
Compilation successful.

2026-03-25 17:15:07,141 - BenchmarkManager - INFO - zac (run 1/1) - Running /u/halle/heiz/home_at/BachelorProject/benchmarks/uf_fix50_20-100/uf50-080.qasm
2026-03-25 17:15:07,858 - Compiler.zac - INFO - STDOUT:
Compilation successful.

2026-03-25 17:15:07,888 - BenchmarkManager - INFO - Wrote metrics summary for zac: results/metrics/20260325_171459_arch/zac.json
2026-03-25 17:15:07,889 - BenchmarkManager - INFO - Found 5 QASM benchmark circuits in '/u/halle/heiz/home_at/BachelorProject/benchmarks/uf_fix50_20-100'
2026-03-25 17:15:07,890 - BenchmarkManager - INFO -   - /u/halle/heiz/home_at/BachelorProject/benchmarks/uf_fix50_20-100/uf50-0100.qasm
2026-03-25 17:15:07,891 - BenchmarkManager - INFO -   - /u/halle/heiz/home_at/BachelorProject/benchmarks/uf_fix50_20-100/uf50-020.qasm
2026-03-25 17:15:07,891 - BenchmarkManager - INFO -   - /u/halle/heiz/home_at/BachelorProject/benchmarks/uf_fix50_20-100/uf50-040.qasm
2026-03-25 17:15:07,892 - BenchmarkManager - INFO -   - /u/halle/heiz/home_at/BachelorProject/benchmarks/uf_fix50_20-100/uf50-060.qasm
2026-03-25 17:15:07,892 - BenchmarkManager - INFO -   - /u/halle/heiz/home_at/BachelorProject/benchmarks/uf_fix50_20-100/uf50-080.qasm
2026-03-25 17:15:07,894 - BenchmarkManager - INFO - nalac (run 1/1) - Running /u/halle/heiz/home_at/BachelorProject/benchmarks/uf_fix50_20-100/uf50-0100.qasm
2026-03-25 17:15:08,599 - Compiler.nalac - INFO - STDOUT:
Compilation successful.

2026-03-25 17:15:08,627 - BenchmarkManager - INFO - nalac (run 1/1) - Running /u/halle/heiz/home_at/BachelorProject/benchmarks/uf_fix50_20-100/uf50-020.qasm
2026-03-25 17:15:09,351 - Compiler.nalac - INFO - STDOUT:
Compilation successful.

2026-03-25 17:15:09,380 - BenchmarkManager - INFO - nalac (run 1/1) - Running /u/halle/heiz/home_at/BachelorProject/benchmarks/uf_fix50_20-100/uf50-040.qasm
2026-03-25 17:15:10,089 - Compiler.nalac - INFO - STDOUT:
Compilation successful.

2026-03-25 17:15:10,116 - BenchmarkManager - INFO - nalac (run 1/1) - Running /u/halle/heiz/home_at/BachelorProject/benchmarks/uf_fix50_20-100/uf50-060.qasm
2026-03-25 17:15:10,829 - Compiler.nalac - INFO - STDOUT:
Compilation successful.

2026-03-25 17:15:10,856 - BenchmarkManager - INFO - nalac (run 1/1) - Running /u/halle/heiz/home_at/BachelorProject/benchmarks/uf_fix50_20-100/uf50-080.qasm
2026-03-25 17:15:11,531 - Compiler.nalac - INFO - STDOUT:
Compilation successful.

2026-03-25 17:15:11,563 - BenchmarkManager - INFO - Wrote metrics summary for nalac: results/metrics/20260325_171459_arch/nalac.json
2026-03-25 17:15:11,564 - BenchmarkManager - INFO - Found 5 QASM benchmark circuits in '/u/halle/heiz/home_at/BachelorProject/benchmarks/uf_fix50_20-100'
2026-03-25 17:15:11,581 - BenchmarkManager - INFO -   - /u/halle/heiz/home_at/BachelorProject/benchmarks/uf_fix50_20-100/uf50-0100.qasm
2026-03-25 17:15:11,581 - BenchmarkManager - INFO -   - /u/halle/heiz/home_at/BachelorProject/benchmarks/uf_fix50_20-100/uf50-020.qasm
2026-03-25 17:15:11,581 - BenchmarkManager - INFO -   - /u/halle/heiz/home_at/BachelorProject/benchmarks/uf_fix50_20-100/uf50-040.qasm
2026-03-25 17:15:11,583 - BenchmarkManager - INFO -   - /u/halle/heiz/home_at/BachelorProject/benchmarks/uf_fix50_20-100/uf50-060.qasm
2026-03-25 17:15:11,583 - BenchmarkManager - INFO -   - /u/halle/heiz/home_at/BachelorProject/benchmarks/uf_fix50_20-100/uf50-080.qasm
2026-03-25 17:15:11,583 - BenchmarkManager - INFO - enola (run 1/1) - Running /u/halle/heiz/home_at/BachelorProject/benchmarks/uf_fix50_20-100/uf50-0100.qasm
2026-03-25 17:15:14,739 - Compiler.enola - INFO - STDOUT:
[INFO] Enola: Start Solving
[INFO] Enola: Run scheduling
[INFO] Enola: Time for scheduling: 0.0006289482116699219s
75
[INFO] Enola: Time for placement: 2.3365020751953125e-05s
[INFO] Enola: Solve for Rydberg stage 2/768.
[INFO] Enola: Solve for Rydberg stage 3/768.
[INFO] Enola: Solve for Rydberg stage 4/768.
[INFO] Enola: Solve for Rydberg stage 5/768.
[INFO] Enola: Solve for Rydberg stage 6/768.
[INFO] Enola: Solve for Rydberg stage 7/768.
[INFO] Enola: Solve for Rydberg stage 8/768.
[INFO] Enola: Solve for Rydberg stage 9/768.
[INFO] Enola: Solve for Rydberg stage 10/768.
[INFO] Enola: Solve for Rydberg stage 11/768.
[INFO] Enola: Solve for Rydberg stage 12/768.
[INFO] Enola: Solve for Rydberg stage 13/768.
[INFO] Enola: Solve for Rydberg stage 14/768.
[INFO] Enola: Solve for Rydberg stage 15/768.
[INFO] Enola: Solve for Rydberg stage 16/768.
[INFO] Enola: Solve for Rydberg stage 17/768.
[INFO] Enola: Solve for Rydberg stage 18/768.
[INFO] Enola: Solve for Rydberg stage 19/768.
[INFO] Enola: Solve for Rydberg stage 20/768.
[INFO] Enola: Solve for Rydberg stage 21/768.
[INFO] Enola: Solve for Rydberg stage 22/768.
[INFO] Enola: Solve for Rydberg stage 23/768.
[INFO] Enola: Solve for Rydberg stage 24/768.
[INFO] Enola: Solve for Rydberg stage 25/768.
[INFO] Enola: Solve for Rydberg stage 26/768.
[INFO] Enola: Solve for Rydberg stage 27/768.
[INFO] Enola: Solve for Rydberg stage 28/768.
[INFO] Enola: Solve for Rydberg stage 29/768.
[INFO] Enola: Solve for Rydberg stage 30/768.
[INFO] Enola: Solve for Rydberg stage 31/768.
[INFO] Enola: Solve for Rydberg stage 32/768.
[INFO] Enola: Solve for Rydberg stage 33/768.
[INFO] Enola: Solve for Rydberg stage 34/768.
[INFO] Enola: Solve for Rydberg stage 35/768.
[INFO] Enola: Solve for Rydberg stage 36/768.
[INFO] Enola: Solve for Rydberg stage 37/768.
[INFO] Enola: Solve for Rydberg stage 38/768.
[INFO] Enola: Solve for Rydberg stage 39/768.
[INFO] Enola: Solve for Rydberg stage 40/768.
[INFO] Enola: Solve for Rydberg stage 41/768.
[INFO] Enola: Solve for Rydberg stage 42/768.
[INFO] Enola: Solve for Rydberg stage 43/768.
[INFO] Enola: Solve for Rydberg stage 44/768.
[INFO] Enola: Solve for Rydberg stage 45/768.
[INFO] Enola: Solve for Rydberg stage 46/768.
[INFO] Enola: Solve for Rydberg stage 47/768.
[INFO] Enola: Solve for Rydberg stage 48/768.
[INFO] Enola: Solve for Rydberg stage 49/768.
[INFO] Enola: Solve for Rydberg stage 50/768.
[INFO] Enola: Solve for Rydberg stage 51/768.
[INFO] Enola: Solve for Rydberg stage 52/768.
[INFO] Enola: Solve for Rydberg stage 53/768.
[INFO] Enola: Solve for Rydberg stage 54/768.
[INFO] Enola: Solve for Rydberg stage 55/768.
[INFO] Enola: Solve for Rydberg stage 56/768.
[INFO] Enola: Solve for Rydberg stage 57/768.
[INFO] Enola: Solve for Rydberg stage 58/768.
[INFO] Enola: Solve for Rydberg stage 59/768.
[INFO] Enola: Solve for Rydberg stage 60/768.
[INFO] Enola: Solve for Rydberg stage 61/768.
[INFO] Enola: Solve for Rydberg stage 62/768.
[INFO] Enola: Solve for Rydberg stage 63/768.
[INFO] Enola: Solve for Rydberg stage 64/768.
[INFO] Enola: Solve for Rydberg stage 65/768.
[INFO] Enola: Solve for Rydberg stage 66/768.
[INFO] Enola: Solve for Rydberg stage 67/768.
[INFO] Enola: Solve for Rydberg stage 68/768.
[INFO] Enola: Solve for Rydberg stage 69/768.
[INFO] Enola: Solve for Rydberg stage 70/768.
[INFO] Enola: Solve for Rydberg stage 71/768.
[INFO] Enola: Solve for Rydberg stage 72/768.
[INFO] Enola: Solve for Rydberg stage 73/768.
[INFO] Enola: Solve for Rydberg stage 74/768.
[INFO] Enola: Solve for Rydberg stage 75/768.
[INFO] Enola: Solve for Rydberg stage 76/768.
[INFO] Enola: Solve for Rydberg stage 77/768.
[INFO] Enola: Solve for Rydberg stage 78/768.
[INFO] Enola: Solve for Rydberg stage 79/768.
[INFO] Enola: Solve for Rydberg stage 80/768.
[INFO] Enola: Solve for Rydberg stage 81/768.
[INFO] Enola: Solve for Rydberg stage 82/768.
[INFO] Enola: Solve for Rydberg stage 83/768.
[INFO] Enola: Solve for Rydberg stage 84/768.
[INFO] Enola: Solve for Rydberg stage 85/768.
[INFO] Enola: Solve for Rydberg stage 86/768.
[INFO] Enola: Solve for Rydberg stage 87/768.
[INFO] Enola: Solve for Rydberg stage 88/768.
[INFO] Enola: Solve for Rydberg stage 89/768.
[INFO] Enola: Solve for Rydberg stage 90/768.
[INFO] Enola: Solve for Rydberg stage 91/768.
[INFO] Enola: Solve for Rydberg stage 92/768.
[INFO] Enola: Solve for Rydberg stage 93/768.
[INFO] Enola: Solve for Rydberg stage 94/768.
[INFO] Enola: Solve for Rydberg stage 95/768.
[INFO] Enola: Solve for Rydberg stage 96/768.
[INFO] Enola: Solve for Rydberg stage 97/768.
[INFO] Enola: Solve for Rydberg stage 98/768.
[INFO] Enola: Solve for Rydberg stage 99/768.
[INFO] Enola: Solve for Rydberg stage 100/768.
[INFO] Enola: Solve for Rydberg stage 101/768.
[INFO] Enola: Solve for Rydberg stage 102/768.
[INFO] Enola: Solve for Rydberg stage 103/768.
[INFO] Enola: Solve for Rydberg stage 104/768.
[INFO] Enola: Solve for Rydberg stage 105/768.
[INFO] Enola: Solve for Rydberg stage 106/768.
[INFO] Enola: Solve for Rydberg stage 107/768.
[INFO] Enola: Solve for Rydberg stage 108/768.
[INFO] Enola: Solve for Rydberg stage 109/768.
[INFO] Enola: Solve for Rydberg stage 110/768.
[INFO] Enola: Solve for Rydberg stage 111/768.
[INFO] Enola: Solve for Rydberg stage 112/768.
[INFO] Enola: Solve for Rydberg stage 113/768.
[INFO] Enola: Solve for Rydberg stage 114/768.
[INFO] Enola: Solve for Rydberg stage 115/768.
[INFO] Enola: Solve for Rydberg stage 116/768.
[INFO] Enola: Solve for Rydberg stage 117/768.
[INFO] Enola: Solve for Rydberg stage 118/768.
[INFO] Enola: Solve for Rydberg stage 119/768.
[INFO] Enola: Solve for Rydberg stage 120/768.
[INFO] Enola: Solve for Rydberg stage 121/768.
[INFO] Enola: Solve for Rydberg stage 122/768.
[INFO] Enola: Solve for Rydberg stage 123/768.
[INFO] Enola: Solve for Rydberg stage 124/768.
[INFO] Enola: Solve for Rydberg stage 125/768.
[INFO] Enola: Solve for Rydberg stage 126/768.
[INFO] Enola: Solve for Rydberg stage 127/768.
[INFO] Enola: Solve for Rydberg stage 128/768.
[INFO] Enola: Solve for Rydberg stage 129/768.
[INFO] Enola: Solve for Rydberg stage 130/768.
[INFO] Enola: Solve for Rydberg stage 131/768.
[INFO] Enola: Solve for Rydberg stage 132/768.
[INFO] Enola: Solve for Rydberg stage 133/768.
[INFO] Enola: Solve for Rydberg stage 134/768.
[INFO] Enola: Solve for Rydberg stage 135/768.
[INFO] Enola: Solve for Rydberg stage 136/768.
[INFO] Enola: Solve for Rydberg stage 137/768.
[INFO] Enola: Solve for Rydberg stage 138/768.
[INFO] Enola: Solve for Rydberg stage 139/768.
[INFO] Enola: Solve for Rydberg stage 140/768.
[INFO] Enola: Solve for Rydberg stage 141/768.
[INFO] Enola: Solve for Rydberg stage 142/768.
[INFO] Enola: Solve for Rydberg stage 143/768.
[INFO] Enola: Solve for Rydberg stage 144/768.
[INFO] Enola: Solve for Rydberg stage 145/768.
[INFO] Enola: Solve for Rydberg stage 146/768.
[INFO] Enola: Solve for Rydberg stage 147/768.
[INFO] Enola: Solve for Rydberg stage 148/768.
[INFO] Enola: Solve for Rydberg stage 149/768.
[INFO] Enola: Solve for Rydberg stage 150/768.
[INFO] Enola: Solve for Rydberg stage 151/768.
[INFO] Enola: Solve for Rydberg stage 152/768.
[INFO] Enola: Solve for Rydberg stage 153/768.
[INFO] Enola: Solve for Rydberg stage 154/768.
[INFO] Enola: Solve for Rydberg stage 155/768.
[INFO] Enola: Solve for Rydberg stage 156/768.
[INFO] Enola: Solve for Rydberg stage 157/768.
[INFO] Enola: Solve for Rydberg stage 158/768.
[INFO] Enola: Solve for Rydberg stage 159/768.
[INFO] Enola: Solve for Rydberg stage 160/768.
[INFO] Enola: Solve for Rydberg stage 161/768.
[INFO] Enola: Solve for Rydberg stage 162/768.
[INFO] Enola: Solve for Rydberg stage 163/768.
[INFO] Enola: Solve for Rydberg stage 164/768.
[INFO] Enola: Solve for Rydberg stage 165/768.
[INFO] Enola: Solve for Rydberg stage 166/768.
[INFO] Enola: Solve for Rydberg stage 167/768.
[INFO] Enola: Solve for Rydberg stage 168/768.
[INFO] Enola: Solve for Rydberg stage 169/768.
[INFO] Enola: Solve for Rydberg stage 170/768.
[INFO] Enola: Solve for Rydberg stage 171/768.
[INFO] Enola: Solve for Rydberg stage 172/768.
[INFO] Enola: Solve for Rydberg stage 173/768.
[INFO] Enola: Solve for Rydberg stage 174/768.
[INFO] Enola: Solve for Rydberg stage 175/768.
[INFO] Enola: Solve for Rydberg stage 176/768.
[INFO] Enola: Solve for Rydberg stage 177/768.
[INFO] Enola: Solve for Rydberg stage 178/768.
[INFO] Enola: Solve for Rydberg stage 179/768.
[INFO] Enola: Solve for Rydberg stage 180/768.
[INFO] Enola: Solve for Rydberg stage 181/768.
[INFO] Enola: Solve for Rydberg stage 182/768.
[INFO] Enola: Solve for Rydberg stage 183/768.
[INFO] Enola: Solve for Rydberg stage 184/768.
[INFO] Enola: Solve for Rydberg stage 185/768.
[INFO] Enola: Solve for Rydberg stage 186/768.
[INFO] Enola: Solve for Rydberg stage 187/768.
[INFO] Enola: Solve for Rydberg stage 188/768.
[INFO] Enola: Solve for Rydberg stage 189/768.
[INFO] Enola: Solve for Rydberg stage 190/768.
[INFO] Enola: Solve for Rydberg stage 191/768.
[INFO] Enola: Solve for Rydberg stage 192/768.
[INFO] Enola: Solve for Rydberg stage 193/768.
[INFO] Enola: Solve for Rydberg stage 194/768.
[INFO] Enola: Solve for Rydberg stage 195/768.
[INFO] Enola: Solve for Rydberg stage 196/768.
[INFO] Enola: Solve for Rydberg stage 197/768.
[INFO] Enola: Solve for Rydberg stage 198/768.
[INFO] Enola: Solve for Rydberg stage 199/768.
[INFO] Enola: Solve for Rydberg stage 200/768.
[INFO] Enola: Solve for Rydberg stage 201/768.
[INFO] Enola: Solve for Rydberg stage 202/768.
[INFO] Enola: Solve for Rydberg stage 203/768.
[INFO] Enola: Solve for Rydberg stage 204/768.
[INFO] Enola: Solve for Rydberg stage 205/768.
[INFO] Enola: Solve for Rydberg stage 206/768.
[INFO] Enola: Solve for Rydberg stage 207/768.
[INFO] Enola: Solve for Rydberg stage 208/768.
[INFO] Enola: Solve for Rydberg stage 209/768.
[INFO] Enola: Solve for Rydberg stage 210/768.
[INFO] Enola: Solve for Rydberg stage 211/768.
[INFO] Enola: Solve for Rydberg stage 212/768.
[INFO] Enola: Solve for Rydberg stage 213/768.
[INFO] Enola: Solve for Rydberg stage 214/768.
[INFO] Enola: Solve for Rydberg stage 215/768.
[INFO] Enola: Solve for Rydberg stage 216/768.
[INFO] Enola: Solve for Rydberg stage 217/768.
[INFO] Enola: Solve for Rydberg stage 218/768.
[INFO] Enola: Solve for Rydberg stage 219/768.
[INFO] Enola: Solve for Rydberg stage 220/768.
[INFO] Enola: Solve for Rydberg stage 221/768.
[INFO] Enola: Solve for Rydberg stage 222/768.
[INFO] Enola: Solve for Rydberg stage 223/768.
[INFO] Enola: Solve for Rydberg stage 224/768.
[INFO] Enola: Solve for Rydberg stage 225/768.
[INFO] Enola: Solve for Rydberg stage 226/768.
[INFO] Enola: Solve for Rydberg stage 227/768.
[INFO] Enola: Solve for Rydberg stage 228/768.
[INFO] Enola: Solve for Rydberg stage 229/768.
[INFO] Enola: Solve for Rydberg stage 230/768.
[INFO] Enola: Solve for Rydberg stage 231/768.
[INFO] Enola: Solve for Rydberg stage 232/768.
[INFO] Enola: Solve for Rydberg stage 233/768.
[INFO] Enola: Solve for Rydberg stage 234/768.
[INFO] Enola: Solve for Rydberg stage 235/768.
[INFO] Enola: Solve for Rydberg stage 236/768.
[INFO] Enola: Solve for Rydberg stage 237/768.
[INFO] Enola: Solve for Rydberg stage 238/768.
[INFO] Enola: Solve for Rydberg stage 239/768.
[INFO] Enola: Solve for Rydberg stage 240/768.
[INFO] Enola: Solve for Rydberg stage 241/768.
[INFO] Enola: Solve for Rydberg stage 242/768.
[INFO] Enola: Solve for Rydberg stage 243/768.
[INFO] Enola: Solve for Rydberg stage 244/768.
[INFO] Enola: Solve for Rydberg stage 245/768.
[INFO] Enola: Solve for Rydberg stage 246/768.
[INFO] Enola: Solve for Rydberg stage 247/768.
[INFO] Enola: Solve for Rydberg stage 248/768.
[INFO] Enola: Solve for Rydberg stage 249/768.
[INFO] Enola: Solve for Rydberg stage 250/768.
[INFO] Enola: Solve for Rydberg stage 251/768.
[INFO] Enola: Solve for Rydberg stage 252/768.
[INFO] Enola: Solve for Rydberg stage 253/768.
[INFO] Enola: Solve for Rydberg stage 254/768.
[INFO] Enola: Solve for Rydberg stage 255/768.
[INFO] Enola: Solve for Rydberg stage 256/768.
[INFO] Enola: Solve for Rydberg stage 257/768.
[INFO] Enola: Solve for Rydberg stage 258/768.
[INFO] Enola: Solve for Rydberg stage 259/768.
[INFO] Enola: Solve for Rydberg stage 260/768.
[INFO] Enola: Solve for Rydberg stage 261/768.
[INFO] Enola: Solve for Rydberg stage 262/768.
[INFO] Enola: Solve for Rydberg stage 263/768.
[INFO] Enola: Solve for Rydberg stage 264/768.
[INFO] Enola: Solve for Rydberg stage 265/768.
[INFO] Enola: Solve for Rydberg stage 266/768.
[INFO] Enola: Solve for Rydberg stage 267/768.
[INFO] Enola: Solve for Rydberg stage 268/768.
[INFO] Enola: Solve for Rydberg stage 269/768.
[INFO] Enola: Solve for Rydberg stage 270/768.
[INFO] Enola: Solve for Rydberg stage 271/768.
[INFO] Enola: Solve for Rydberg stage 272/768.
[INFO] Enola: Solve for Rydberg stage 273/768.
[INFO] Enola: Solve for Rydberg stage 274/768.
[INFO] Enola: Solve for Rydberg stage 275/768.
[INFO] Enola: Solve for Rydberg stage 276/768.
[INFO] Enola: Solve for Rydberg stage 277/768.
[INFO] Enola: Solve for Rydberg stage 278/768.
[INFO] Enola: Solve for Rydberg stage 279/768.
[INFO] Enola: Solve for Rydberg stage 280/768.
[INFO] Enola: Solve for Rydberg stage 281/768.
[INFO] Enola: Solve for Rydberg stage 282/768.
[INFO] Enola: Solve for Rydberg stage 283/768.
[INFO] Enola: Solve for Rydberg stage 284/768.
[INFO] Enola: Solve for Rydberg stage 285/768.
[INFO] Enola: Solve for Rydberg stage 286/768.
[INFO] Enola: Solve for Rydberg stage 287/768.
[INFO] Enola: Solve for Rydberg stage 288/768.
[INFO] Enola: Solve for Rydberg stage 289/768.
[INFO] Enola: Solve for Rydberg stage 290/768.
[INFO] Enola: Solve for Rydberg stage 291/768.
[INFO] Enola: Solve for Rydberg stage 292/768.
[INFO] Enola: Solve for Rydberg stage 293/768.
[INFO] Enola: Solve for Rydberg stage 294/768.
[INFO] Enola: Solve for Rydberg stage 295/768.
[INFO] Enola: Solve for Rydberg stage 296/768.
[INFO] Enola: Solve for Rydberg stage 297/768.
[INFO] Enola: Solve for Rydberg stage 298/768.
[INFO] Enola: Solve for Rydberg stage 299/768.
[INFO] Enola: Solve for Rydberg stage 300/768.
[INFO] Enola: Solve for Rydberg stage 301/768.
[INFO] Enola: Solve for Rydberg stage 302/768.
[INFO] Enola: Solve for Rydberg stage 303/768.
[INFO] Enola: Solve for Rydberg stage 304/768.
[INFO] Enola: Solve for Rydberg stage 305/768.
[INFO] Enola: Solve for Rydberg stage 306/768.
[INFO] Enola: Solve for Rydberg stage 307/768.
[INFO] Enola: Solve for Rydberg stage 308/768.
[INFO] Enola: Solve for Rydberg stage 309/768.
[INFO] Enola: Solve for Rydberg stage 310/768.
[INFO] Enola: Solve for Rydberg stage 311/768.
[INFO] Enola: Solve for Rydberg stage 312/768.
[INFO] Enola: Solve for Rydberg stage 313/768.
[INFO] Enola: Solve for Rydberg stage 314/768.
[INFO] Enola: Solve for Rydberg stage 315/768.
[INFO] Enola: Solve for Rydberg stage 316/768.
[INFO] Enola: Solve for Rydberg stage 317/768.
[INFO] Enola: Solve for Rydberg stage 318/768.
[INFO] Enola: Solve for Rydberg stage 319/768.
[INFO] Enola: Solve for Rydberg stage 320/768.
[INFO] Enola: Solve for Rydberg stage 321/768.
[INFO] Enola: Solve for Rydberg stage 322/768.
[INFO] Enola: Solve for Rydberg stage 323/768.
[INFO] Enola: Solve for Rydberg stage 324/768.
[INFO] Enola: Solve for Rydberg stage 325/768.
[INFO] Enola: Solve for Rydberg stage 326/768.
[INFO] Enola: Solve for Rydberg stage 327/768.
[INFO] Enola: Solve for Rydberg stage 328/768.
[INFO] Enola: Solve for Rydberg stage 329/768.
[INFO] Enola: Solve for Rydberg stage 330/768.
[INFO] Enola: Solve for Rydberg stage 331/768.
[INFO] Enola: Solve for Rydberg stage 332/768.
[INFO] Enola: Solve for Rydberg stage 333/768.
[INFO] Enola: Solve for Rydberg stage 334/768.
[INFO] Enola: Solve for Rydberg stage 335/768.
[INFO] Enola: Solve for Rydberg stage 336/768.
[INFO] Enola: Solve for Rydberg stage 337/768.
[INFO] Enola: Solve for Rydberg stage 338/768.
[INFO] Enola: Solve for Rydberg stage 339/768.
[INFO] Enola: Solve for Rydberg stage 340/768.
[INFO] Enola: Solve for Rydberg stage 341/768.
[INFO] Enola: Solve for Rydberg stage 342/768.
[INFO] Enola: Solve for Rydberg stage 343/768.
[INFO] Enola: Solve for Rydberg stage 344/768.
[INFO] Enola: Solve for Rydberg stage 345/768.
[INFO] Enola: Solve for Rydberg stage 346/768.
[INFO] Enola: Solve for Rydberg stage 347/768.
[INFO] Enola: Solve for Rydberg stage 348/768.
[INFO] Enola: Solve for Rydberg stage 349/768.
[INFO] Enola: Solve for Rydberg stage 350/768.
[INFO] Enola: Solve for Rydberg stage 351/768.
[INFO] Enola: Solve for Rydberg stage 352/768.
[INFO] Enola: Solve for Rydberg stage 353/768.
[INFO] Enola: Solve for Rydberg stage 354/768.
[INFO] Enola: Solve for Rydberg stage 355/768.
[INFO] Enola: Solve for Rydberg stage 356/768.
[INFO] Enola: Solve for Rydberg stage 357/768.
[INFO] Enola: Solve for Rydberg stage 358/768.
[INFO] Enola: Solve for Rydberg stage 359/768.
[INFO] Enola: Solve for Rydberg stage 360/768.
[INFO] Enola: Solve for Rydberg stage 361/768.
[INFO] Enola: Solve for Rydberg stage 362/768.
[INFO] Enola: Solve for Rydberg stage 363/768.
[INFO] Enola: Solve for Rydberg stage 364/768.
[INFO] Enola: Solve for Rydberg stage 365/768.
[INFO] Enola: Solve for Rydberg stage 366/768.
[INFO] Enola: Solve for Rydberg stage 367/768.
[INFO] Enola: Solve for Rydberg stage 368/768.
[INFO] Enola: Solve for Rydberg stage 369/768.
[INFO] Enola: Solve for Rydberg stage 370/768.
[INFO] Enola: Solve for Rydberg stage 371/768.
[INFO] Enola: Solve for Rydberg stage 372/768.
[INFO] Enola: Solve for Rydberg stage 373/768.
[INFO] Enola: Solve for Rydberg stage 374/768.
[INFO] Enola: Solve for Rydberg stage 375/768.
[INFO] Enola: Solve for Rydberg stage 376/768.
[INFO] Enola: Solve for Rydberg stage 377/768.
[INFO] Enola: Solve for Rydberg stage 378/768.
[INFO] Enola: Solve for Rydberg stage 379/768.
[INFO] Enola: Solve for Rydberg stage 380/768.
[INFO] Enola: Solve for Rydberg stage 381/768.
[INFO] Enola: Solve for Rydberg stage 382/768.
[INFO] Enola: Solve for Rydberg stage 383/768.
[INFO] Enola: Solve for Rydberg stage 384/768.
[INFO] Enola: Solve for Rydberg stage 385/768.
[INFO] Enola: Solve for Rydberg stage 386/768.
[INFO] Enola: Solve for Rydberg stage 387/768.
[INFO] Enola: Solve for Rydberg stage 388/768.
[INFO] Enola: Solve for Rydberg stage 389/768.
[INFO] Enola: Solve for Rydberg stage 390/768.
[INFO] Enola: Solve for Rydberg stage 391/768.
[INFO] Enola: Solve for Rydberg stage 392/768.
[INFO] Enola: Solve for Rydberg stage 393/768.
[INFO] Enola: Solve for Rydberg stage 394/768.
[INFO] Enola: Solve for Rydberg stage 395/768.
[INFO] Enola: Solve for Rydberg stage 396/768.
[INFO] Enola: Solve for Rydberg stage 397/768.
[INFO] Enola: Solve for Rydberg stage 398/768.
[INFO] Enola: Solve for Rydberg stage 399/768.
[INFO] Enola: Solve for Rydberg stage 400/768.
[INFO] Enola: Solve for Rydberg stage 401/768.
[INFO] Enola: Solve for Rydberg stage 402/768.
[INFO] Enola: Solve for Rydberg stage 403/768.
[INFO] Enola: Solve for Rydberg stage 404/768.
[INFO] Enola: Solve for Rydberg stage 405/768.
[INFO] Enola: Solve for Rydberg stage 406/768.
[INFO] Enola: Solve for Rydberg stage 407/768.
[INFO] Enola: Solve for Rydberg stage 408/768.
[INFO] Enola: Solve for Rydberg stage 409/768.
[INFO] Enola: Solve for Rydberg stage 410/768.
[INFO] Enola: Solve for Rydberg stage 411/768.
[INFO] Enola: Solve for Rydberg stage 412/768.
[INFO] Enola: Solve for Rydberg stage 413/768.
[INFO] Enola: Solve for Rydberg stage 414/768.
[INFO] Enola: Solve for Rydberg stage 415/768.
[INFO] Enola: Solve for Rydberg stage 416/768.
[INFO] Enola: Solve for Rydberg stage 417/768.
[INFO] Enola: Solve for Rydberg stage 418/768.
[INFO] Enola: Solve for Rydberg stage 419/768.
[INFO] Enola: Solve for Rydberg stage 420/768.
[INFO] Enola: Solve for Rydberg stage 421/768.
[INFO] Enola: Solve for Rydberg stage 422/768.
[INFO] Enola: Solve for Rydberg stage 423/768.
[INFO] Enola: Solve for Rydberg stage 424/768.
[INFO] Enola: Solve for Rydberg stage 425/768.
[INFO] Enola: Solve for Rydberg stage 426/768.
[INFO] Enola: Solve for Rydberg stage 427/768.
[INFO] Enola: Solve for Rydberg stage 428/768.
[INFO] Enola: Solve for Rydberg stage 429/768.
[INFO] Enola: Solve for Rydberg stage 430/768.
[INFO] Enola: Solve for Rydberg stage 431/768.
[INFO] Enola: Solve for Rydberg stage 432/768.
[INFO] Enola: Solve for Rydberg stage 433/768.
[INFO] Enola: Solve for Rydberg stage 434/768.
[INFO] Enola: Solve for Rydberg stage 435/768.
[INFO] Enola: Solve for Rydberg stage 436/768.
[INFO] Enola: Solve for Rydberg stage 437/768.
[INFO] Enola: Solve for Rydberg stage 438/768.
[INFO] Enola: Solve for Rydberg stage 439/768.
[INFO] Enola: Solve for Rydberg stage 440/768.
[INFO] Enola: Solve for Rydberg stage 441/768.
[INFO] Enola: Solve for Rydberg stage 442/768.
[INFO] Enola: Solve for Rydberg stage 443/768.
[INFO] Enola: Solve for Rydberg stage 444/768.
[INFO] Enola: Solve for Rydberg stage 445/768.
[INFO] Enola: Solve for Rydberg stage 446/768.
[INFO] Enola: Solve for Rydberg stage 447/768.
[INFO] Enola: Solve for Rydberg stage 448/768.
[INFO] Enola: Solve for Rydberg stage 449/768.
[INFO] Enola: Solve for Rydberg stage 450/768.
[INFO] Enola: Solve for Rydberg stage 451/768.
[INFO] Enola: Solve for Rydberg stage 452/768.
[INFO] Enola: Solve for Rydberg stage 453/768.
[INFO] Enola: Solve for Rydberg stage 454/768.
[INFO] Enola: Solve for Rydberg stage 455/768.
[INFO] Enola: Solve for Rydberg stage 456/768.
[INFO] Enola: Solve for Rydberg stage 457/768.
[INFO] Enola: Solve for Rydberg stage 458/768.
[INFO] Enola: Solve for Rydberg stage 459/768.
[INFO] Enola: Solve for Rydberg stage 460/768.
[INFO] Enola: Solve for Rydberg stage 461/768.
[INFO] Enola: Solve for Rydberg stage 462/768.
[INFO] Enola: Solve for Rydberg stage 463/768.
[INFO] Enola: Solve for Rydberg stage 464/768.
[INFO] Enola: Solve for Rydberg stage 465/768.
[INFO] Enola: Solve for Rydberg stage 466/768.
[INFO] Enola: Solve for Rydberg stage 467/768.
[INFO] Enola: Solve for Rydberg stage 468/768.
[INFO] Enola: Solve for Rydberg stage 469/768.
[INFO] Enola: Solve for Rydberg stage 470/768.
[INFO] Enola: Solve for Rydberg stage 471/768.
[INFO] Enola: Solve for Rydberg stage 472/768.
[INFO] Enola: Solve for Rydberg stage 473/768.
[INFO] Enola: Solve for Rydberg stage 474/768.
[INFO] Enola: Solve for Rydberg stage 475/768.
[INFO] Enola: Solve for Rydberg stage 476/768.
[INFO] Enola: Solve for Rydberg stage 477/768.
[INFO] Enola: Solve for Rydberg stage 478/768.
[INFO] Enola: Solve for Rydberg stage 479/768.
[INFO] Enola: Solve for Rydberg stage 480/768.
[INFO] Enola: Solve for Rydberg stage 481/768.
[INFO] Enola: Solve for Rydberg stage 482/768.
[INFO] Enola: Solve for Rydberg stage 483/768.
[INFO] Enola: Solve for Rydberg stage 484/768.
[INFO] Enola: Solve for Rydberg stage 485/768.
[INFO] Enola: Solve for Rydberg stage 486/768.
[INFO] Enola: Solve for Rydberg stage 487/768.
[INFO] Enola: Solve for Rydberg stage 488/768.
[INFO] Enola: Solve for Rydberg stage 489/768.
[INFO] Enola: Solve for Rydberg stage 490/768.
[INFO] Enola: Solve for Rydberg stage 491/768.
[INFO] Enola: Solve for Rydberg stage 492/768.
[INFO] Enola: Solve for Rydberg stage 493/768.
[INFO] Enola: Solve for Rydberg stage 494/768.
[INFO] Enola: Solve for Rydberg stage 495/768.
[INFO] Enola: Solve for Rydberg stage 496/768.
[INFO] Enola: Solve for Rydberg stage 497/768.
[INFO] Enola: Solve for Rydberg stage 498/768.
[INFO] Enola: Solve for Rydberg stage 499/768.
[INFO] Enola: Solve for Rydberg stage 500/768.
[INFO] Enola: Solve for Rydberg stage 501/768.
[INFO] Enola: Solve for Rydberg stage 502/768.
[INFO] Enola: Solve for Rydberg stage 503/768.
[INFO] Enola: Solve for Rydberg stage 504/768.
[INFO] Enola: Solve for Rydberg stage 505/768.
[INFO] Enola: Solve for Rydberg stage 506/768.
[INFO] Enola: Solve for Rydberg stage 507/768.
[INFO] Enola: Solve for Rydberg stage 508/768.
[INFO] Enola: Solve for Rydberg stage 509/768.
[INFO] Enola: Solve for Rydberg stage 510/768.
[INFO] Enola: Solve for Rydberg stage 511/768.
[INFO] Enola: Solve for Rydberg stage 512/768.
[INFO] Enola: Solve for Rydberg stage 513/768.
[INFO] Enola: Solve for Rydberg stage 514/768.
[INFO] Enola: Solve for Rydberg stage 515/768.
[INFO] Enola: Solve for Rydberg stage 516/768.
[INFO] Enola: Solve for Rydberg stage 517/768.
[INFO] Enola: Solve for Rydberg stage 518/768.
[INFO] Enola: Solve for Rydberg stage 519/768.
[INFO] Enola: Solve for Rydberg stage 520/768.
[INFO] Enola: Solve for Rydberg stage 521/768.
[INFO] Enola: Solve for Rydberg stage 522/768.
[INFO] Enola: Solve for Rydberg stage 523/768.
[INFO] Enola: Solve for Rydberg stage 524/768.
[INFO] Enola: Solve for Rydberg stage 525/768.
[INFO] Enola: Solve for Rydberg stage 526/768.
[INFO] Enola: Solve for Rydberg stage 527/768.
[INFO] Enola: Solve for Rydberg stage 528/768.
[INFO] Enola: Solve for Rydberg stage 529/768.
[INFO] Enola: Solve for Rydberg stage 530/768.
[INFO] Enola: Solve for Rydberg stage 531/768.
[INFO] Enola: Solve for Rydberg stage 532/768.
[INFO] Enola: Solve for Rydberg stage 533/768.
[INFO] Enola: Solve for Rydberg stage 534/768.
[INFO] Enola: Solve for Rydberg stage 535/768.
[INFO] Enola: Solve for Rydberg stage 536/768.
[INFO] Enola: Solve for Rydberg stage 537/768.
[INFO] Enola: Solve for Rydberg stage 538/768.
[INFO] Enola: Solve for Rydberg stage 539/768.
[INFO] Enola: Solve for Rydberg stage 540/768.
[INFO] Enola: Solve for Rydberg stage 541/768.
[INFO] Enola: Solve for Rydberg stage 542/768.
[INFO] Enola: Solve for Rydberg stage 543/768.
[INFO] Enola: Solve for Rydberg stage 544/768.
[INFO] Enola: Solve for Rydberg stage 545/768.
[INFO] Enola: Solve for Rydberg stage 546/768.
[INFO] Enola: Solve for Rydberg stage 547/768.
[INFO] Enola: Solve for Rydberg stage 548/768.
[INFO] Enola: Solve for Rydberg stage 549/768.
[INFO] Enola: Solve for Rydberg stage 550/768.
[INFO] Enola: Solve for Rydberg stage 551/768.
[INFO] Enola: Solve for Rydberg stage 552/768.
[INFO] Enola: Solve for Rydberg stage 553/768.
[INFO] Enola: Solve for Rydberg stage 554/768.
[INFO] Enola: Solve for Rydberg stage 555/768.
[INFO] Enola: Solve for Rydberg stage 556/768.
[INFO] Enola: Solve for Rydberg stage 557/768.
[INFO] Enola: Solve for Rydberg stage 558/768.
[INFO] Enola: Solve for Rydberg stage 559/768.
[INFO] Enola: Solve for Rydberg stage 560/768.
[INFO] Enola: Solve for Rydberg stage 561/768.
[INFO] Enola: Solve for Rydberg stage 562/768.
[INFO] Enola: Solve for Rydberg stage 563/768.
[INFO] Enola: Solve for Rydberg stage 564/768.
[INFO] Enola: Solve for Rydberg stage 565/768.
[INFO] Enola: Solve for Rydberg stage 566/768.
[INFO] Enola: Solve for Rydberg stage 567/768.
[INFO] Enola: Solve for Rydberg stage 568/768.
[INFO] Enola: Solve for Rydberg stage 569/768.
[INFO] Enola: Solve for Rydberg stage 570/768.
[INFO] Enola: Solve for Rydberg stage 571/768.
[INFO] Enola: Solve for Rydberg stage 572/768.
[INFO] Enola: Solve for Rydberg stage 573/768.
[INFO] Enola: Solve for Rydberg stage 574/768.
[INFO] Enola: Solve for Rydberg stage 575/768.
[INFO] Enola: Solve for Rydberg stage 576/768.
[INFO] Enola: Solve for Rydberg stage 577/768.
[INFO] Enola: Solve for Rydberg stage 578/768.
[INFO] Enola: Solve for Rydberg stage 579/768.
[INFO] Enola: Solve for Rydberg stage 580/768.
[INFO] Enola: Solve for Rydberg stage 581/768.
[INFO] Enola: Solve for Rydberg stage 582/768.
[INFO] Enola: Solve for Rydberg stage 583/768.
[INFO] Enola: Solve for Rydberg stage 584/768.
[INFO] Enola: Solve for Rydberg stage 585/768.
[INFO] Enola: Solve for Rydberg stage 586/768.
[INFO] Enola: Solve for Rydberg stage 587/768.
[INFO] Enola: Solve for Rydberg stage 588/768.
[INFO] Enola: Solve for Rydberg stage 589/768.
[INFO] Enola: Solve for Rydberg stage 590/768.
[INFO] Enola: Solve for Rydberg stage 591/768.
[INFO] Enola: Solve for Rydberg stage 592/768.
[INFO] Enola: Solve for Rydberg stage 593/768.
[INFO] Enola: Solve for Rydberg stage 594/768.
[INFO] Enola: Solve for Rydberg stage 595/768.
[INFO] Enola: Solve for Rydberg stage 596/768.
[INFO] Enola: Solve for Rydberg stage 597/768.
[INFO] Enola: Solve for Rydberg stage 598/768.
[INFO] Enola: Solve for Rydberg stage 599/768.
[INFO] Enola: Solve for Rydberg stage 600/768.
[INFO] Enola: Solve for Rydberg stage 601/768.
[INFO] Enola: Solve for Rydberg stage 602/768.
[INFO] Enola: Solve for Rydberg stage 603/768.
[INFO] Enola: Solve for Rydberg stage 604/768.
[INFO] Enola: Solve for Rydberg stage 605/768.
[INFO] Enola: Solve for Rydberg stage 606/768.
[INFO] Enola: Solve for Rydberg stage 607/768.
[INFO] Enola: Solve for Rydberg stage 608/768.
[INFO] Enola: Solve for Rydberg stage 609/768.
[INFO] Enola: Solve for Rydberg stage 610/768.
[INFO] Enola: Solve for Rydberg stage 611/768.
[INFO] Enola: Solve for Rydberg stage 612/768.
[INFO] Enola: Solve for Rydberg stage 613/768.
[INFO] Enola: Solve for Rydberg stage 614/768.
[INFO] Enola: Solve for Rydberg stage 615/768.
[INFO] Enola: Solve for Rydberg stage 616/768.
[INFO] Enola: Solve for Rydberg stage 617/768.
[INFO] Enola: Solve for Rydberg stage 618/768.
[INFO] Enola: Solve for Rydberg stage 619/768.
[INFO] Enola: Solve for Rydberg stage 620/768.
[INFO] Enola: Solve for Rydberg stage 621/768.
[INFO] Enola: Solve for Rydberg stage 622/768.
[INFO] Enola: Solve for Rydberg stage 623/768.
[INFO] Enola: Solve for Rydberg stage 624/768.
[INFO] Enola: Solve for Rydberg stage 625/768.
[INFO] Enola: Solve for Rydberg stage 626/768.
[INFO] Enola: Solve for Rydberg stage 627/768.
[INFO] Enola: Solve for Rydberg stage 628/768.
[INFO] Enola: Solve for Rydberg stage 629/768.
[INFO] Enola: Solve for Rydberg stage 630/768.
[INFO] Enola: Solve for Rydberg stage 631/768.
[INFO] Enola: Solve for Rydberg stage 632/768.
[INFO] Enola: Solve for Rydberg stage 633/768.
[INFO] Enola: Solve for Rydberg stage 634/768.
[INFO] Enola: Solve for Rydberg stage 635/768.
[INFO] Enola: Solve for Rydberg stage 636/768.
[INFO] Enola: Solve for Rydberg stage 637/768.
[INFO] Enola: Solve for Rydberg stage 638/768.
[INFO] Enola: Solve for Rydberg stage 639/768.
[INFO] Enola: Solve for Rydberg stage 640/768.
[INFO] Enola: Solve for Rydberg stage 641/768.
[INFO] Enola: Solve for Rydberg stage 642/768.
[INFO] Enola: Solve for Rydberg stage 643/768.
[INFO] Enola: Solve for Rydberg stage 644/768.
[INFO] Enola: Solve for Rydberg stage 645/768.
[INFO] Enola: Solve for Rydberg stage 646/768.
[INFO] Enola: Solve for Rydberg stage 647/768.
[INFO] Enola: Solve for Rydberg stage 648/768.
[INFO] Enola: Solve for Rydberg stage 649/768.
[INFO] Enola: Solve for Rydberg stage 650/768.
[INFO] Enola: Solve for Rydberg stage 651/768.
[INFO] Enola: Solve for Rydberg stage 652/768.
[INFO] Enola: Solve for Rydberg stage 653/768.
[INFO] Enola: Solve for Rydberg stage 654/768.
[INFO] Enola: Solve for Rydberg stage 655/768.
[INFO] Enola: Solve for Rydberg stage 656/768.
[INFO] Enola: Solve for Rydberg stage 657/768.
[INFO] Enola: Solve for Rydberg stage 658/768.
[INFO] Enola: Solve for Rydberg stage 659/768.
[INFO] Enola: Solve for Rydberg stage 660/768.
[INFO] Enola: Solve for Rydberg stage 661/768.
[INFO] Enola: Solve for Rydberg stage 662/768.
[INFO] Enola: Solve for Rydberg stage 663/768.
[INFO] Enola: Solve for Rydberg stage 664/768.
[INFO] Enola: Solve for Rydberg stage 665/768.
[INFO] Enola: Solve for Rydberg stage 666/768.
[INFO] Enola: Solve for Rydberg stage 667/768.
[INFO] Enola: Solve for Rydberg stage 668/768.
[INFO] Enola: Solve for Rydberg stage 669/768.
[INFO] Enola: Solve for Rydberg stage 670/768.
[INFO] Enola: Solve for Rydberg stage 671/768.
[INFO] Enola: Solve for Rydberg stage 672/768.
[INFO] Enola: Solve for Rydberg stage 673/768.
[INFO] Enola: Solve for Rydberg stage 674/768.
[INFO] Enola: Solve for Rydberg stage 675/768.
[INFO] Enola: Solve for Rydberg stage 676/768.
[INFO] Enola: Solve for Rydberg stage 677/768.
[INFO] Enola: Solve for Rydberg stage 678/768.
[INFO] Enola: Solve for Rydberg stage 679/768.
[INFO] Enola: Solve for Rydberg stage 680/768.
[INFO] Enola: Solve for Rydberg stage 681/768.
[INFO] Enola: Solve for Rydberg stage 682/768.
[INFO] Enola: Solve for Rydberg stage 683/768.
[INFO] Enola: Solve for Rydberg stage 684/768.
[INFO] Enola: Solve for Rydberg stage 685/768.
[INFO] Enola: Solve for Rydberg stage 686/768.
[INFO] Enola: Solve for Rydberg stage 687/768.
[INFO] Enola: Solve for Rydberg stage 688/768.
[INFO] Enola: Solve for Rydberg stage 689/768.
[INFO] Enola: Solve for Rydberg stage 690/768.
[INFO] Enola: Solve for Rydberg stage 691/768.
[INFO] Enola: Solve for Rydberg stage 692/768.
[INFO] Enola: Solve for Rydberg stage 693/768.
[INFO] Enola: Solve for Rydberg stage 694/768.
[INFO] Enola: Solve for Rydberg stage 695/768.
[INFO] Enola: Solve for Rydberg stage 696/768.
[INFO] Enola: Solve for Rydberg stage 697/768.
[INFO] Enola: Solve for Rydberg stage 698/768.
[INFO] Enola: Solve for Rydberg stage 699/768.
[INFO] Enola: Solve for Rydberg stage 700/768.
[INFO] Enola: Solve for Rydberg stage 701/768.
[INFO] Enola: Solve for Rydberg stage 702/768.
[INFO] Enola: Solve for Rydberg stage 703/768.
[INFO] Enola: Solve for Rydberg stage 704/768.
[INFO] Enola: Solve for Rydberg stage 705/768.
[INFO] Enola: Solve for Rydberg stage 706/768.
[INFO] Enola: Solve for Rydberg stage 707/768.
[INFO] Enola: Solve for Rydberg stage 708/768.
[INFO] Enola: Solve for Rydberg stage 709/768.
[INFO] Enola: Solve for Rydberg stage 710/768.
[INFO] Enola: Solve for Rydberg stage 711/768.
[INFO] Enola: Solve for Rydberg stage 712/768.
[INFO] Enola: Solve for Rydberg stage 713/768.
[INFO] Enola: Solve for Rydberg stage 714/768.
[INFO] Enola: Solve for Rydberg stage 715/768.
[INFO] Enola: Solve for Rydberg stage 716/768.
[INFO] Enola: Solve for Rydberg stage 717/768.
[INFO] Enola: Solve for Rydberg stage 718/768.
[INFO] Enola: Solve for Rydberg stage 719/768.
[INFO] Enola: Solve for Rydberg stage 720/768.
[INFO] Enola: Solve for Rydberg stage 721/768.
[INFO] Enola: Solve for Rydberg stage 722/768.
[INFO] Enola: Solve for Rydberg stage 723/768.
[INFO] Enola: Solve for Rydberg stage 724/768.
[INFO] Enola: Solve for Rydberg stage 725/768.
[INFO] Enola: Solve for Rydberg stage 726/768.
[INFO] Enola: Solve for Rydberg stage 727/768.
[INFO] Enola: Solve for Rydberg stage 728/768.
[INFO] Enola: Solve for Rydberg stage 729/768.
[INFO] Enola: Solve for Rydberg stage 730/768.
[INFO] Enola: Solve for Rydberg stage 731/768.
[INFO] Enola: Solve for Rydberg stage 732/768.
[INFO] Enola: Solve for Rydberg stage 733/768.
[INFO] Enola: Solve for Rydberg stage 734/768.
[INFO] Enola: Solve for Rydberg stage 735/768.
[INFO] Enola: Solve for Rydberg stage 736/768.
[INFO] Enola: Solve for Rydberg stage 737/768.
[INFO] Enola: Solve for Rydberg stage 738/768.
[INFO] Enola: Solve for Rydberg stage 739/768.
[INFO] Enola: Solve for Rydberg stage 740/768.
[INFO] Enola: Solve for Rydberg stage 741/768.
[INFO] Enola: Solve for Rydberg stage 742/768.
[INFO] Enola: Solve for Rydberg stage 743/768.
[INFO] Enola: Solve for Rydberg stage 744/768.
[INFO] Enola: Solve for Rydberg stage 745/768.
[INFO] Enola: Solve for Rydberg stage 746/768.
[INFO] Enola: Solve for Rydberg stage 747/768.
[INFO] Enola: Solve for Rydberg stage 748/768.
[INFO] Enola: Solve for Rydberg stage 749/768.
[INFO] Enola: Solve for Rydberg stage 750/768.
[INFO] Enola: Solve for Rydberg stage 751/768.
[INFO] Enola: Solve for Rydberg stage 752/768.
[INFO] Enola: Solve for Rydberg stage 753/768.
[INFO] Enola: Solve for Rydberg stage 754/768.
[INFO] Enola: Solve for Rydberg stage 755/768.
[INFO] Enola: Solve for Rydberg stage 756/768.
[INFO] Enola: Solve for Rydberg stage 757/768.
[INFO] Enola: Solve for Rydberg stage 758/768.
[INFO] Enola: Solve for Rydberg stage 759/768.
[INFO] Enola: Solve for Rydberg stage 760/768.
[INFO] Enola: Solve for Rydberg stage 761/768.
[INFO] Enola: Solve for Rydberg stage 762/768.
[INFO] Enola: Solve for Rydberg stage 763/768.
[INFO] Enola: Solve for Rydberg stage 764/768.
[INFO] Enola: Solve for Rydberg stage 765/768.
[INFO] Enola: Solve for Rydberg stage 766/768.
[INFO] Enola: Solve for Rydberg stage 767/768.
[INFO] Enola: Solve for Rydberg stage 768/768.
[INFO] Enola: Solve for Rydberg stage 769/768.
[INFO] Enola: Time for routing: 0.10684466361999512s
[INFO] Enola: Total Time: 1.9929163455963135s
Compilation successful.

2026-03-25 17:15:14,835 - BenchmarkManager - INFO - enola (run 1/1) - Running /u/halle/heiz/home_at/BachelorProject/benchmarks/uf_fix50_20-100/uf50-020.qasm
2026-03-25 17:15:17,872 - Compiler.enola - INFO - STDOUT:
[INFO] Enola: Start Solving
[INFO] Enola: Run scheduling
[INFO] Enola: Time for scheduling: 0.0006291866302490234s
75
[INFO] Enola: Time for placement: 8.821487426757812e-06s
[INFO] Enola: Solve for Rydberg stage 2/756.
[INFO] Enola: Solve for Rydberg stage 3/756.
[INFO] Enola: Solve for Rydberg stage 4/756.
[INFO] Enola: Solve for Rydberg stage 5/756.
[INFO] Enola: Solve for Rydberg stage 6/756.
[INFO] Enola: Solve for Rydberg stage 7/756.
[INFO] Enola: Solve for Rydberg stage 8/756.
[INFO] Enola: Solve for Rydberg stage 9/756.
[INFO] Enola: Solve for Rydberg stage 10/756.
[INFO] Enola: Solve for Rydberg stage 11/756.
[INFO] Enola: Solve for Rydberg stage 12/756.
[INFO] Enola: Solve for Rydberg stage 13/756.
[INFO] Enola: Solve for Rydberg stage 14/756.
[INFO] Enola: Solve for Rydberg stage 15/756.
[INFO] Enola: Solve for Rydberg stage 16/756.
[INFO] Enola: Solve for Rydberg stage 17/756.
[INFO] Enola: Solve for Rydberg stage 18/756.
[INFO] Enola: Solve for Rydberg stage 19/756.
[INFO] Enola: Solve for Rydberg stage 20/756.
[INFO] Enola: Solve for Rydberg stage 21/756.
[INFO] Enola: Solve for Rydberg stage 22/756.
[INFO] Enola: Solve for Rydberg stage 23/756.
[INFO] Enola: Solve for Rydberg stage 24/756.
[INFO] Enola: Solve for Rydberg stage 25/756.
[INFO] Enola: Solve for Rydberg stage 26/756.
[INFO] Enola: Solve for Rydberg stage 27/756.
[INFO] Enola: Solve for Rydberg stage 28/756.
[INFO] Enola: Solve for Rydberg stage 29/756.
[INFO] Enola: Solve for Rydberg stage 30/756.
[INFO] Enola: Solve for Rydberg stage 31/756.
[INFO] Enola: Solve for Rydberg stage 32/756.
[INFO] Enola: Solve for Rydberg stage 33/756.
[INFO] Enola: Solve for Rydberg stage 34/756.
[INFO] Enola: Solve for Rydberg stage 35/756.
[INFO] Enola: Solve for Rydberg stage 36/756.
[INFO] Enola: Solve for Rydberg stage 37/756.
[INFO] Enola: Solve for Rydberg stage 38/756.
[INFO] Enola: Solve for Rydberg stage 39/756.
[INFO] Enola: Solve for Rydberg stage 40/756.
[INFO] Enola: Solve for Rydberg stage 41/756.
[INFO] Enola: Solve for Rydberg stage 42/756.
[INFO] Enola: Solve for Rydberg stage 43/756.
[INFO] Enola: Solve for Rydberg stage 44/756.
[INFO] Enola: Solve for Rydberg stage 45/756.
[INFO] Enola: Solve for Rydberg stage 46/756.
[INFO] Enola: Solve for Rydberg stage 47/756.
[INFO] Enola: Solve for Rydberg stage 48/756.
[INFO] Enola: Solve for Rydberg stage 49/756.
[INFO] Enola: Solve for Rydberg stage 50/756.
[INFO] Enola: Solve for Rydberg stage 51/756.
[INFO] Enola: Solve for Rydberg stage 52/756.
[INFO] Enola: Solve for Rydberg stage 53/756.
[INFO] Enola: Solve for Rydberg stage 54/756.
[INFO] Enola: Solve for Rydberg stage 55/756.
[INFO] Enola: Solve for Rydberg stage 56/756.
[INFO] Enola: Solve for Rydberg stage 57/756.
[INFO] Enola: Solve for Rydberg stage 58/756.
[INFO] Enola: Solve for Rydberg stage 59/756.
[INFO] Enola: Solve for Rydberg stage 60/756.
[INFO] Enola: Solve for Rydberg stage 61/756.
[INFO] Enola: Solve for Rydberg stage 62/756.
[INFO] Enola: Solve for Rydberg stage 63/756.
[INFO] Enola: Solve for Rydberg stage 64/756.
[INFO] Enola: Solve for Rydberg stage 65/756.
[INFO] Enola: Solve for Rydberg stage 66/756.
[INFO] Enola: Solve for Rydberg stage 67/756.
[INFO] Enola: Solve for Rydberg stage 68/756.
[INFO] Enola: Solve for Rydberg stage 69/756.
[INFO] Enola: Solve for Rydberg stage 70/756.
[INFO] Enola: Solve for Rydberg stage 71/756.
[INFO] Enola: Solve for Rydberg stage 72/756.
[INFO] Enola: Solve for Rydberg stage 73/756.
[INFO] Enola: Solve for Rydberg stage 74/756.
[INFO] Enola: Solve for Rydberg stage 75/756.
[INFO] Enola: Solve for Rydberg stage 76/756.
[INFO] Enola: Solve for Rydberg stage 77/756.
[INFO] Enola: Solve for Rydberg stage 78/756.
[INFO] Enola: Solve for Rydberg stage 79/756.
[INFO] Enola: Solve for Rydberg stage 80/756.
[INFO] Enola: Solve for Rydberg stage 81/756.
[INFO] Enola: Solve for Rydberg stage 82/756.
[INFO] Enola: Solve for Rydberg stage 83/756.
[INFO] Enola: Solve for Rydberg stage 84/756.
[INFO] Enola: Solve for Rydberg stage 85/756.
[INFO] Enola: Solve for Rydberg stage 86/756.
[INFO] Enola: Solve for Rydberg stage 87/756.
[INFO] Enola: Solve for Rydberg stage 88/756.
[INFO] Enola: Solve for Rydberg stage 89/756.
[INFO] Enola: Solve for Rydberg stage 90/756.
[INFO] Enola: Solve for Rydberg stage 91/756.
[INFO] Enola: Solve for Rydberg stage 92/756.
[INFO] Enola: Solve for Rydberg stage 93/756.
[INFO] Enola: Solve for Rydberg stage 94/756.
[INFO] Enola: Solve for Rydberg stage 95/756.
[INFO] Enola: Solve for Rydberg stage 96/756.
[INFO] Enola: Solve for Rydberg stage 97/756.
[INFO] Enola: Solve for Rydberg stage 98/756.
[INFO] Enola: Solve for Rydberg stage 99/756.
[INFO] Enola: Solve for Rydberg stage 100/756.
[INFO] Enola: Solve for Rydberg stage 101/756.
[INFO] Enola: Solve for Rydberg stage 102/756.
[INFO] Enola: Solve for Rydberg stage 103/756.
[INFO] Enola: Solve for Rydberg stage 104/756.
[INFO] Enola: Solve for Rydberg stage 105/756.
[INFO] Enola: Solve for Rydberg stage 106/756.
[INFO] Enola: Solve for Rydberg stage 107/756.
[INFO] Enola: Solve for Rydberg stage 108/756.
[INFO] Enola: Solve for Rydberg stage 109/756.
[INFO] Enola: Solve for Rydberg stage 110/756.
[INFO] Enola: Solve for Rydberg stage 111/756.
[INFO] Enola: Solve for Rydberg stage 112/756.
[INFO] Enola: Solve for Rydberg stage 113/756.
[INFO] Enola: Solve for Rydberg stage 114/756.
[INFO] Enola: Solve for Rydberg stage 115/756.
[INFO] Enola: Solve for Rydberg stage 116/756.
[INFO] Enola: Solve for Rydberg stage 117/756.
[INFO] Enola: Solve for Rydberg stage 118/756.
[INFO] Enola: Solve for Rydberg stage 119/756.
[INFO] Enola: Solve for Rydberg stage 120/756.
[INFO] Enola: Solve for Rydberg stage 121/756.
[INFO] Enola: Solve for Rydberg stage 122/756.
[INFO] Enola: Solve for Rydberg stage 123/756.
[INFO] Enola: Solve for Rydberg stage 124/756.
[INFO] Enola: Solve for Rydberg stage 125/756.
[INFO] Enola: Solve for Rydberg stage 126/756.
[INFO] Enola: Solve for Rydberg stage 127/756.
[INFO] Enola: Solve for Rydberg stage 128/756.
[INFO] Enola: Solve for Rydberg stage 129/756.
[INFO] Enola: Solve for Rydberg stage 130/756.
[INFO] Enola: Solve for Rydberg stage 131/756.
[INFO] Enola: Solve for Rydberg stage 132/756.
[INFO] Enola: Solve for Rydberg stage 133/756.
[INFO] Enola: Solve for Rydberg stage 134/756.
[INFO] Enola: Solve for Rydberg stage 135/756.
[INFO] Enola: Solve for Rydberg stage 136/756.
[INFO] Enola: Solve for Rydberg stage 137/756.
[INFO] Enola: Solve for Rydberg stage 138/756.
[INFO] Enola: Solve for Rydberg stage 139/756.
[INFO] Enola: Solve for Rydberg stage 140/756.
[INFO] Enola: Solve for Rydberg stage 141/756.
[INFO] Enola: Solve for Rydberg stage 142/756.
[INFO] Enola: Solve for Rydberg stage 143/756.
[INFO] Enola: Solve for Rydberg stage 144/756.
[INFO] Enola: Solve for Rydberg stage 145/756.
[INFO] Enola: Solve for Rydberg stage 146/756.
[INFO] Enola: Solve for Rydberg stage 147/756.
[INFO] Enola: Solve for Rydberg stage 148/756.
[INFO] Enola: Solve for Rydberg stage 149/756.
[INFO] Enola: Solve for Rydberg stage 150/756.
[INFO] Enola: Solve for Rydberg stage 151/756.
[INFO] Enola: Solve for Rydberg stage 152/756.
[INFO] Enola: Solve for Rydberg stage 153/756.
[INFO] Enola: Solve for Rydberg stage 154/756.
[INFO] Enola: Solve for Rydberg stage 155/756.
[INFO] Enola: Solve for Rydberg stage 156/756.
[INFO] Enola: Solve for Rydberg stage 157/756.
[INFO] Enola: Solve for Rydberg stage 158/756.
[INFO] Enola: Solve for Rydberg stage 159/756.
[INFO] Enola: Solve for Rydberg stage 160/756.
[INFO] Enola: Solve for Rydberg stage 161/756.
[INFO] Enola: Solve for Rydberg stage 162/756.
[INFO] Enola: Solve for Rydberg stage 163/756.
[INFO] Enola: Solve for Rydberg stage 164/756.
[INFO] Enola: Solve for Rydberg stage 165/756.
[INFO] Enola: Solve for Rydberg stage 166/756.
[INFO] Enola: Solve for Rydberg stage 167/756.
[INFO] Enola: Solve for Rydberg stage 168/756.
[INFO] Enola: Solve for Rydberg stage 169/756.
[INFO] Enola: Solve for Rydberg stage 170/756.
[INFO] Enola: Solve for Rydberg stage 171/756.
[INFO] Enola: Solve for Rydberg stage 172/756.
[INFO] Enola: Solve for Rydberg stage 173/756.
[INFO] Enola: Solve for Rydberg stage 174/756.
[INFO] Enola: Solve for Rydberg stage 175/756.
[INFO] Enola: Solve for Rydberg stage 176/756.
[INFO] Enola: Solve for Rydberg stage 177/756.
[INFO] Enola: Solve for Rydberg stage 178/756.
[INFO] Enola: Solve for Rydberg stage 179/756.
[INFO] Enola: Solve for Rydberg stage 180/756.
[INFO] Enola: Solve for Rydberg stage 181/756.
[INFO] Enola: Solve for Rydberg stage 182/756.
[INFO] Enola: Solve for Rydberg stage 183/756.
[INFO] Enola: Solve for Rydberg stage 184/756.
[INFO] Enola: Solve for Rydberg stage 185/756.
[INFO] Enola: Solve for Rydberg stage 186/756.
[INFO] Enola: Solve for Rydberg stage 187/756.
[INFO] Enola: Solve for Rydberg stage 188/756.
[INFO] Enola: Solve for Rydberg stage 189/756.
[INFO] Enola: Solve for Rydberg stage 190/756.
[INFO] Enola: Solve for Rydberg stage 191/756.
[INFO] Enola: Solve for Rydberg stage 192/756.
[INFO] Enola: Solve for Rydberg stage 193/756.
[INFO] Enola: Solve for Rydberg stage 194/756.
[INFO] Enola: Solve for Rydberg stage 195/756.
[INFO] Enola: Solve for Rydberg stage 196/756.
[INFO] Enola: Solve for Rydberg stage 197/756.
[INFO] Enola: Solve for Rydberg stage 198/756.
[INFO] Enola: Solve for Rydberg stage 199/756.
[INFO] Enola: Solve for Rydberg stage 200/756.
[INFO] Enola: Solve for Rydberg stage 201/756.
[INFO] Enola: Solve for Rydberg stage 202/756.
[INFO] Enola: Solve for Rydberg stage 203/756.
[INFO] Enola: Solve for Rydberg stage 204/756.
[INFO] Enola: Solve for Rydberg stage 205/756.
[INFO] Enola: Solve for Rydberg stage 206/756.
[INFO] Enola: Solve for Rydberg stage 207/756.
[INFO] Enola: Solve for Rydberg stage 208/756.
[INFO] Enola: Solve for Rydberg stage 209/756.
[INFO] Enola: Solve for Rydberg stage 210/756.
[INFO] Enola: Solve for Rydberg stage 211/756.
[INFO] Enola: Solve for Rydberg stage 212/756.
[INFO] Enola: Solve for Rydberg stage 213/756.
[INFO] Enola: Solve for Rydberg stage 214/756.
[INFO] Enola: Solve for Rydberg stage 215/756.
[INFO] Enola: Solve for Rydberg stage 216/756.
[INFO] Enola: Solve for Rydberg stage 217/756.
[INFO] Enola: Solve for Rydberg stage 218/756.
[INFO] Enola: Solve for Rydberg stage 219/756.
[INFO] Enola: Solve for Rydberg stage 220/756.
[INFO] Enola: Solve for Rydberg stage 221/756.
[INFO] Enola: Solve for Rydberg stage 222/756.
[INFO] Enola: Solve for Rydberg stage 223/756.
[INFO] Enola: Solve for Rydberg stage 224/756.
[INFO] Enola: Solve for Rydberg stage 225/756.
[INFO] Enola: Solve for Rydberg stage 226/756.
[INFO] Enola: Solve for Rydberg stage 227/756.
[INFO] Enola: Solve for Rydberg stage 228/756.
[INFO] Enola: Solve for Rydberg stage 229/756.
[INFO] Enola: Solve for Rydberg stage 230/756.
[INFO] Enola: Solve for Rydberg stage 231/756.
[INFO] Enola: Solve for Rydberg stage 232/756.
[INFO] Enola: Solve for Rydberg stage 233/756.
[INFO] Enola: Solve for Rydberg stage 234/756.
[INFO] Enola: Solve for Rydberg stage 235/756.
[INFO] Enola: Solve for Rydberg stage 236/756.
[INFO] Enola: Solve for Rydberg stage 237/756.
[INFO] Enola: Solve for Rydberg stage 238/756.
[INFO] Enola: Solve for Rydberg stage 239/756.
[INFO] Enola: Solve for Rydberg stage 240/756.
[INFO] Enola: Solve for Rydberg stage 241/756.
[INFO] Enola: Solve for Rydberg stage 242/756.
[INFO] Enola: Solve for Rydberg stage 243/756.
[INFO] Enola: Solve for Rydberg stage 244/756.
[INFO] Enola: Solve for Rydberg stage 245/756.
[INFO] Enola: Solve for Rydberg stage 246/756.
[INFO] Enola: Solve for Rydberg stage 247/756.
[INFO] Enola: Solve for Rydberg stage 248/756.
[INFO] Enola: Solve for Rydberg stage 249/756.
[INFO] Enola: Solve for Rydberg stage 250/756.
[INFO] Enola: Solve for Rydberg stage 251/756.
[INFO] Enola: Solve for Rydberg stage 252/756.
[INFO] Enola: Solve for Rydberg stage 253/756.
[INFO] Enola: Solve for Rydberg stage 254/756.
[INFO] Enola: Solve for Rydberg stage 255/756.
[INFO] Enola: Solve for Rydberg stage 256/756.
[INFO] Enola: Solve for Rydberg stage 257/756.
[INFO] Enola: Solve for Rydberg stage 258/756.
[INFO] Enola: Solve for Rydberg stage 259/756.
[INFO] Enola: Solve for Rydberg stage 260/756.
[INFO] Enola: Solve for Rydberg stage 261/756.
[INFO] Enola: Solve for Rydberg stage 262/756.
[INFO] Enola: Solve for Rydberg stage 263/756.
[INFO] Enola: Solve for Rydberg stage 264/756.
[INFO] Enola: Solve for Rydberg stage 265/756.
[INFO] Enola: Solve for Rydberg stage 266/756.
[INFO] Enola: Solve for Rydberg stage 267/756.
[INFO] Enola: Solve for Rydberg stage 268/756.
[INFO] Enola: Solve for Rydberg stage 269/756.
[INFO] Enola: Solve for Rydberg stage 270/756.
[INFO] Enola: Solve for Rydberg stage 271/756.
[INFO] Enola: Solve for Rydberg stage 272/756.
[INFO] Enola: Solve for Rydberg stage 273/756.
[INFO] Enola: Solve for Rydberg stage 274/756.
[INFO] Enola: Solve for Rydberg stage 275/756.
[INFO] Enola: Solve for Rydberg stage 276/756.
[INFO] Enola: Solve for Rydberg stage 277/756.
[INFO] Enola: Solve for Rydberg stage 278/756.
[INFO] Enola: Solve for Rydberg stage 279/756.
[INFO] Enola: Solve for Rydberg stage 280/756.
[INFO] Enola: Solve for Rydberg stage 281/756.
[INFO] Enola: Solve for Rydberg stage 282/756.
[INFO] Enola: Solve for Rydberg stage 283/756.
[INFO] Enola: Solve for Rydberg stage 284/756.
[INFO] Enola: Solve for Rydberg stage 285/756.
[INFO] Enola: Solve for Rydberg stage 286/756.
[INFO] Enola: Solve for Rydberg stage 287/756.
[INFO] Enola: Solve for Rydberg stage 288/756.
[INFO] Enola: Solve for Rydberg stage 289/756.
[INFO] Enola: Solve for Rydberg stage 290/756.
[INFO] Enola: Solve for Rydberg stage 291/756.
[INFO] Enola: Solve for Rydberg stage 292/756.
[INFO] Enola: Solve for Rydberg stage 293/756.
[INFO] Enola: Solve for Rydberg stage 294/756.
[INFO] Enola: Solve for Rydberg stage 295/756.
[INFO] Enola: Solve for Rydberg stage 296/756.
[INFO] Enola: Solve for Rydberg stage 297/756.
[INFO] Enola: Solve for Rydberg stage 298/756.
[INFO] Enola: Solve for Rydberg stage 299/756.
[INFO] Enola: Solve for Rydberg stage 300/756.
[INFO] Enola: Solve for Rydberg stage 301/756.
[INFO] Enola: Solve for Rydberg stage 302/756.
[INFO] Enola: Solve for Rydberg stage 303/756.
[INFO] Enola: Solve for Rydberg stage 304/756.
[INFO] Enola: Solve for Rydberg stage 305/756.
[INFO] Enola: Solve for Rydberg stage 306/756.
[INFO] Enola: Solve for Rydberg stage 307/756.
[INFO] Enola: Solve for Rydberg stage 308/756.
[INFO] Enola: Solve for Rydberg stage 309/756.
[INFO] Enola: Solve for Rydberg stage 310/756.
[INFO] Enola: Solve for Rydberg stage 311/756.
[INFO] Enola: Solve for Rydberg stage 312/756.
[INFO] Enola: Solve for Rydberg stage 313/756.
[INFO] Enola: Solve for Rydberg stage 314/756.
[INFO] Enola: Solve for Rydberg stage 315/756.
[INFO] Enola: Solve for Rydberg stage 316/756.
[INFO] Enola: Solve for Rydberg stage 317/756.
[INFO] Enola: Solve for Rydberg stage 318/756.
[INFO] Enola: Solve for Rydberg stage 319/756.
[INFO] Enola: Solve for Rydberg stage 320/756.
[INFO] Enola: Solve for Rydberg stage 321/756.
[INFO] Enola: Solve for Rydberg stage 322/756.
[INFO] Enola: Solve for Rydberg stage 323/756.
[INFO] Enola: Solve for Rydberg stage 324/756.
[INFO] Enola: Solve for Rydberg stage 325/756.
[INFO] Enola: Solve for Rydberg stage 326/756.
[INFO] Enola: Solve for Rydberg stage 327/756.
[INFO] Enola: Solve for Rydberg stage 328/756.
[INFO] Enola: Solve for Rydberg stage 329/756.
[INFO] Enola: Solve for Rydberg stage 330/756.
[INFO] Enola: Solve for Rydberg stage 331/756.
[INFO] Enola: Solve for Rydberg stage 332/756.
[INFO] Enola: Solve for Rydberg stage 333/756.
[INFO] Enola: Solve for Rydberg stage 334/756.
[INFO] Enola: Solve for Rydberg stage 335/756.
[INFO] Enola: Solve for Rydberg stage 336/756.
[INFO] Enola: Solve for Rydberg stage 337/756.
[INFO] Enola: Solve for Rydberg stage 338/756.
[INFO] Enola: Solve for Rydberg stage 339/756.
[INFO] Enola: Solve for Rydberg stage 340/756.
[INFO] Enola: Solve for Rydberg stage 341/756.
[INFO] Enola: Solve for Rydberg stage 342/756.
[INFO] Enola: Solve for Rydberg stage 343/756.
[INFO] Enola: Solve for Rydberg stage 344/756.
[INFO] Enola: Solve for Rydberg stage 345/756.
[INFO] Enola: Solve for Rydberg stage 346/756.
[INFO] Enola: Solve for Rydberg stage 347/756.
[INFO] Enola: Solve for Rydberg stage 348/756.
[INFO] Enola: Solve for Rydberg stage 349/756.
[INFO] Enola: Solve for Rydberg stage 350/756.
[INFO] Enola: Solve for Rydberg stage 351/756.
[INFO] Enola: Solve for Rydberg stage 352/756.
[INFO] Enola: Solve for Rydberg stage 353/756.
[INFO] Enola: Solve for Rydberg stage 354/756.
[INFO] Enola: Solve for Rydberg stage 355/756.
[INFO] Enola: Solve for Rydberg stage 356/756.
[INFO] Enola: Solve for Rydberg stage 357/756.
[INFO] Enola: Solve for Rydberg stage 358/756.
[INFO] Enola: Solve for Rydberg stage 359/756.
[INFO] Enola: Solve for Rydberg stage 360/756.
[INFO] Enola: Solve for Rydberg stage 361/756.
[INFO] Enola: Solve for Rydberg stage 362/756.
[INFO] Enola: Solve for Rydberg stage 363/756.
[INFO] Enola: Solve for Rydberg stage 364/756.
[INFO] Enola: Solve for Rydberg stage 365/756.
[INFO] Enola: Solve for Rydberg stage 366/756.
[INFO] Enola: Solve for Rydberg stage 367/756.
[INFO] Enola: Solve for Rydberg stage 368/756.
[INFO] Enola: Solve for Rydberg stage 369/756.
[INFO] Enola: Solve for Rydberg stage 370/756.
[INFO] Enola: Solve for Rydberg stage 371/756.
[INFO] Enola: Solve for Rydberg stage 372/756.
[INFO] Enola: Solve for Rydberg stage 373/756.
[INFO] Enola: Solve for Rydberg stage 374/756.
[INFO] Enola: Solve for Rydberg stage 375/756.
[INFO] Enola: Solve for Rydberg stage 376/756.
[INFO] Enola: Solve for Rydberg stage 377/756.
[INFO] Enola: Solve for Rydberg stage 378/756.
[INFO] Enola: Solve for Rydberg stage 379/756.
[INFO] Enola: Solve for Rydberg stage 380/756.
[INFO] Enola: Solve for Rydberg stage 381/756.
[INFO] Enola: Solve for Rydberg stage 382/756.
[INFO] Enola: Solve for Rydberg stage 383/756.
[INFO] Enola: Solve for Rydberg stage 384/756.
[INFO] Enola: Solve for Rydberg stage 385/756.
[INFO] Enola: Solve for Rydberg stage 386/756.
[INFO] Enola: Solve for Rydberg stage 387/756.
[INFO] Enola: Solve for Rydberg stage 388/756.
[INFO] Enola: Solve for Rydberg stage 389/756.
[INFO] Enola: Solve for Rydberg stage 390/756.
[INFO] Enola: Solve for Rydberg stage 391/756.
[INFO] Enola: Solve for Rydberg stage 392/756.
[INFO] Enola: Solve for Rydberg stage 393/756.
[INFO] Enola: Solve for Rydberg stage 394/756.
[INFO] Enola: Solve for Rydberg stage 395/756.
[INFO] Enola: Solve for Rydberg stage 396/756.
[INFO] Enola: Solve for Rydberg stage 397/756.
[INFO] Enola: Solve for Rydberg stage 398/756.
[INFO] Enola: Solve for Rydberg stage 399/756.
[INFO] Enola: Solve for Rydberg stage 400/756.
[INFO] Enola: Solve for Rydberg stage 401/756.
[INFO] Enola: Solve for Rydberg stage 402/756.
[INFO] Enola: Solve for Rydberg stage 403/756.
[INFO] Enola: Solve for Rydberg stage 404/756.
[INFO] Enola: Solve for Rydberg stage 405/756.
[INFO] Enola: Solve for Rydberg stage 406/756.
[INFO] Enola: Solve for Rydberg stage 407/756.
[INFO] Enola: Solve for Rydberg stage 408/756.
[INFO] Enola: Solve for Rydberg stage 409/756.
[INFO] Enola: Solve for Rydberg stage 410/756.
[INFO] Enola: Solve for Rydberg stage 411/756.
[INFO] Enola: Solve for Rydberg stage 412/756.
[INFO] Enola: Solve for Rydberg stage 413/756.
[INFO] Enola: Solve for Rydberg stage 414/756.
[INFO] Enola: Solve for Rydberg stage 415/756.
[INFO] Enola: Solve for Rydberg stage 416/756.
[INFO] Enola: Solve for Rydberg stage 417/756.
[INFO] Enola: Solve for Rydberg stage 418/756.
[INFO] Enola: Solve for Rydberg stage 419/756.
[INFO] Enola: Solve for Rydberg stage 420/756.
[INFO] Enola: Solve for Rydberg stage 421/756.
[INFO] Enola: Solve for Rydberg stage 422/756.
[INFO] Enola: Solve for Rydberg stage 423/756.
[INFO] Enola: Solve for Rydberg stage 424/756.
[INFO] Enola: Solve for Rydberg stage 425/756.
[INFO] Enola: Solve for Rydberg stage 426/756.
[INFO] Enola: Solve for Rydberg stage 427/756.
[INFO] Enola: Solve for Rydberg stage 428/756.
[INFO] Enola: Solve for Rydberg stage 429/756.
[INFO] Enola: Solve for Rydberg stage 430/756.
[INFO] Enola: Solve for Rydberg stage 431/756.
[INFO] Enola: Solve for Rydberg stage 432/756.
[INFO] Enola: Solve for Rydberg stage 433/756.
[INFO] Enola: Solve for Rydberg stage 434/756.
[INFO] Enola: Solve for Rydberg stage 435/756.
[INFO] Enola: Solve for Rydberg stage 436/756.
[INFO] Enola: Solve for Rydberg stage 437/756.
[INFO] Enola: Solve for Rydberg stage 438/756.
[INFO] Enola: Solve for Rydberg stage 439/756.
[INFO] Enola: Solve for Rydberg stage 440/756.
[INFO] Enola: Solve for Rydberg stage 441/756.
[INFO] Enola: Solve for Rydberg stage 442/756.
[INFO] Enola: Solve for Rydberg stage 443/756.
[INFO] Enola: Solve for Rydberg stage 444/756.
[INFO] Enola: Solve for Rydberg stage 445/756.
[INFO] Enola: Solve for Rydberg stage 446/756.
[INFO] Enola: Solve for Rydberg stage 447/756.
[INFO] Enola: Solve for Rydberg stage 448/756.
[INFO] Enola: Solve for Rydberg stage 449/756.
[INFO] Enola: Solve for Rydberg stage 450/756.
[INFO] Enola: Solve for Rydberg stage 451/756.
[INFO] Enola: Solve for Rydberg stage 452/756.
[INFO] Enola: Solve for Rydberg stage 453/756.
[INFO] Enola: Solve for Rydberg stage 454/756.
[INFO] Enola: Solve for Rydberg stage 455/756.
[INFO] Enola: Solve for Rydberg stage 456/756.
[INFO] Enola: Solve for Rydberg stage 457/756.
[INFO] Enola: Solve for Rydberg stage 458/756.
[INFO] Enola: Solve for Rydberg stage 459/756.
[INFO] Enola: Solve for Rydberg stage 460/756.
[INFO] Enola: Solve for Rydberg stage 461/756.
[INFO] Enola: Solve for Rydberg stage 462/756.
[INFO] Enola: Solve for Rydberg stage 463/756.
[INFO] Enola: Solve for Rydberg stage 464/756.
[INFO] Enola: Solve for Rydberg stage 465/756.
[INFO] Enola: Solve for Rydberg stage 466/756.
[INFO] Enola: Solve for Rydberg stage 467/756.
[INFO] Enola: Solve for Rydberg stage 468/756.
[INFO] Enola: Solve for Rydberg stage 469/756.
[INFO] Enola: Solve for Rydberg stage 470/756.
[INFO] Enola: Solve for Rydberg stage 471/756.
[INFO] Enola: Solve for Rydberg stage 472/756.
[INFO] Enola: Solve for Rydberg stage 473/756.
[INFO] Enola: Solve for Rydberg stage 474/756.
[INFO] Enola: Solve for Rydberg stage 475/756.
[INFO] Enola: Solve for Rydberg stage 476/756.
[INFO] Enola: Solve for Rydberg stage 477/756.
[INFO] Enola: Solve for Rydberg stage 478/756.
[INFO] Enola: Solve for Rydberg stage 479/756.
[INFO] Enola: Solve for Rydberg stage 480/756.
[INFO] Enola: Solve for Rydberg stage 481/756.
[INFO] Enola: Solve for Rydberg stage 482/756.
[INFO] Enola: Solve for Rydberg stage 483/756.
[INFO] Enola: Solve for Rydberg stage 484/756.
[INFO] Enola: Solve for Rydberg stage 485/756.
[INFO] Enola: Solve for Rydberg stage 486/756.
[INFO] Enola: Solve for Rydberg stage 487/756.
[INFO] Enola: Solve for Rydberg stage 488/756.
[INFO] Enola: Solve for Rydberg stage 489/756.
[INFO] Enola: Solve for Rydberg stage 490/756.
[INFO] Enola: Solve for Rydberg stage 491/756.
[INFO] Enola: Solve for Rydberg stage 492/756.
[INFO] Enola: Solve for Rydberg stage 493/756.
[INFO] Enola: Solve for Rydberg stage 494/756.
[INFO] Enola: Solve for Rydberg stage 495/756.
[INFO] Enola: Solve for Rydberg stage 496/756.
[INFO] Enola: Solve for Rydberg stage 497/756.
[INFO] Enola: Solve for Rydberg stage 498/756.
[INFO] Enola: Solve for Rydberg stage 499/756.
[INFO] Enola: Solve for Rydberg stage 500/756.
[INFO] Enola: Solve for Rydberg stage 501/756.
[INFO] Enola: Solve for Rydberg stage 502/756.
[INFO] Enola: Solve for Rydberg stage 503/756.
[INFO] Enola: Solve for Rydberg stage 504/756.
[INFO] Enola: Solve for Rydberg stage 505/756.
[INFO] Enola: Solve for Rydberg stage 506/756.
[INFO] Enola: Solve for Rydberg stage 507/756.
[INFO] Enola: Solve for Rydberg stage 508/756.
[INFO] Enola: Solve for Rydberg stage 509/756.
[INFO] Enola: Solve for Rydberg stage 510/756.
[INFO] Enola: Solve for Rydberg stage 511/756.
[INFO] Enola: Solve for Rydberg stage 512/756.
[INFO] Enola: Solve for Rydberg stage 513/756.
[INFO] Enola: Solve for Rydberg stage 514/756.
[INFO] Enola: Solve for Rydberg stage 515/756.
[INFO] Enola: Solve for Rydberg stage 516/756.
[INFO] Enola: Solve for Rydberg stage 517/756.
[INFO] Enola: Solve for Rydberg stage 518/756.
[INFO] Enola: Solve for Rydberg stage 519/756.
[INFO] Enola: Solve for Rydberg stage 520/756.
[INFO] Enola: Solve for Rydberg stage 521/756.
[INFO] Enola: Solve for Rydberg stage 522/756.
[INFO] Enola: Solve for Rydberg stage 523/756.
[INFO] Enola: Solve for Rydberg stage 524/756.
[INFO] Enola: Solve for Rydberg stage 525/756.
[INFO] Enola: Solve for Rydberg stage 526/756.
[INFO] Enola: Solve for Rydberg stage 527/756.
[INFO] Enola: Solve for Rydberg stage 528/756.
[INFO] Enola: Solve for Rydberg stage 529/756.
[INFO] Enola: Solve for Rydberg stage 530/756.
[INFO] Enola: Solve for Rydberg stage 531/756.
[INFO] Enola: Solve for Rydberg stage 532/756.
[INFO] Enola: Solve for Rydberg stage 533/756.
[INFO] Enola: Solve for Rydberg stage 534/756.
[INFO] Enola: Solve for Rydberg stage 535/756.
[INFO] Enola: Solve for Rydberg stage 536/756.
[INFO] Enola: Solve for Rydberg stage 537/756.
[INFO] Enola: Solve for Rydberg stage 538/756.
[INFO] Enola: Solve for Rydberg stage 539/756.
[INFO] Enola: Solve for Rydberg stage 540/756.
[INFO] Enola: Solve for Rydberg stage 541/756.
[INFO] Enola: Solve for Rydberg stage 542/756.
[INFO] Enola: Solve for Rydberg stage 543/756.
[INFO] Enola: Solve for Rydberg stage 544/756.
[INFO] Enola: Solve for Rydberg stage 545/756.
[INFO] Enola: Solve for Rydberg stage 546/756.
[INFO] Enola: Solve for Rydberg stage 547/756.
[INFO] Enola: Solve for Rydberg stage 548/756.
[INFO] Enola: Solve for Rydberg stage 549/756.
[INFO] Enola: Solve for Rydberg stage 550/756.
[INFO] Enola: Solve for Rydberg stage 551/756.
[INFO] Enola: Solve for Rydberg stage 552/756.
[INFO] Enola: Solve for Rydberg stage 553/756.
[INFO] Enola: Solve for Rydberg stage 554/756.
[INFO] Enola: Solve for Rydberg stage 555/756.
[INFO] Enola: Solve for Rydberg stage 556/756.
[INFO] Enola: Solve for Rydberg stage 557/756.
[INFO] Enola: Solve for Rydberg stage 558/756.
[INFO] Enola: Solve for Rydberg stage 559/756.
[INFO] Enola: Solve for Rydberg stage 560/756.
[INFO] Enola: Solve for Rydberg stage 561/756.
[INFO] Enola: Solve for Rydberg stage 562/756.
[INFO] Enola: Solve for Rydberg stage 563/756.
[INFO] Enola: Solve for Rydberg stage 564/756.
[INFO] Enola: Solve for Rydberg stage 565/756.
[INFO] Enola: Solve for Rydberg stage 566/756.
[INFO] Enola: Solve for Rydberg stage 567/756.
[INFO] Enola: Solve for Rydberg stage 568/756.
[INFO] Enola: Solve for Rydberg stage 569/756.
[INFO] Enola: Solve for Rydberg stage 570/756.
[INFO] Enola: Solve for Rydberg stage 571/756.
[INFO] Enola: Solve for Rydberg stage 572/756.
[INFO] Enola: Solve for Rydberg stage 573/756.
[INFO] Enola: Solve for Rydberg stage 574/756.
[INFO] Enola: Solve for Rydberg stage 575/756.
[INFO] Enola: Solve for Rydberg stage 576/756.
[INFO] Enola: Solve for Rydberg stage 577/756.
[INFO] Enola: Solve for Rydberg stage 578/756.
[INFO] Enola: Solve for Rydberg stage 579/756.
[INFO] Enola: Solve for Rydberg stage 580/756.
[INFO] Enola: Solve for Rydberg stage 581/756.
[INFO] Enola: Solve for Rydberg stage 582/756.
[INFO] Enola: Solve for Rydberg stage 583/756.
[INFO] Enola: Solve for Rydberg stage 584/756.
[INFO] Enola: Solve for Rydberg stage 585/756.
[INFO] Enola: Solve for Rydberg stage 586/756.
[INFO] Enola: Solve for Rydberg stage 587/756.
[INFO] Enola: Solve for Rydberg stage 588/756.
[INFO] Enola: Solve for Rydberg stage 589/756.
[INFO] Enola: Solve for Rydberg stage 590/756.
[INFO] Enola: Solve for Rydberg stage 591/756.
[INFO] Enola: Solve for Rydberg stage 592/756.
[INFO] Enola: Solve for Rydberg stage 593/756.
[INFO] Enola: Solve for Rydberg stage 594/756.
[INFO] Enola: Solve for Rydberg stage 595/756.
[INFO] Enola: Solve for Rydberg stage 596/756.
[INFO] Enola: Solve for Rydberg stage 597/756.
[INFO] Enola: Solve for Rydberg stage 598/756.
[INFO] Enola: Solve for Rydberg stage 599/756.
[INFO] Enola: Solve for Rydberg stage 600/756.
[INFO] Enola: Solve for Rydberg stage 601/756.
[INFO] Enola: Solve for Rydberg stage 602/756.
[INFO] Enola: Solve for Rydberg stage 603/756.
[INFO] Enola: Solve for Rydberg stage 604/756.
[INFO] Enola: Solve for Rydberg stage 605/756.
[INFO] Enola: Solve for Rydberg stage 606/756.
[INFO] Enola: Solve for Rydberg stage 607/756.
[INFO] Enola: Solve for Rydberg stage 608/756.
[INFO] Enola: Solve for Rydberg stage 609/756.
[INFO] Enola: Solve for Rydberg stage 610/756.
[INFO] Enola: Solve for Rydberg stage 611/756.
[INFO] Enola: Solve for Rydberg stage 612/756.
[INFO] Enola: Solve for Rydberg stage 613/756.
[INFO] Enola: Solve for Rydberg stage 614/756.
[INFO] Enola: Solve for Rydberg stage 615/756.
[INFO] Enola: Solve for Rydberg stage 616/756.
[INFO] Enola: Solve for Rydberg stage 617/756.
[INFO] Enola: Solve for Rydberg stage 618/756.
[INFO] Enola: Solve for Rydberg stage 619/756.
[INFO] Enola: Solve for Rydberg stage 620/756.
[INFO] Enola: Solve for Rydberg stage 621/756.
[INFO] Enola: Solve for Rydberg stage 622/756.
[INFO] Enola: Solve for Rydberg stage 623/756.
[INFO] Enola: Solve for Rydberg stage 624/756.
[INFO] Enola: Solve for Rydberg stage 625/756.
[INFO] Enola: Solve for Rydberg stage 626/756.
[INFO] Enola: Solve for Rydberg stage 627/756.
[INFO] Enola: Solve for Rydberg stage 628/756.
[INFO] Enola: Solve for Rydberg stage 629/756.
[INFO] Enola: Solve for Rydberg stage 630/756.
[INFO] Enola: Solve for Rydberg stage 631/756.
[INFO] Enola: Solve for Rydberg stage 632/756.
[INFO] Enola: Solve for Rydberg stage 633/756.
[INFO] Enola: Solve for Rydberg stage 634/756.
[INFO] Enola: Solve for Rydberg stage 635/756.
[INFO] Enola: Solve for Rydberg stage 636/756.
[INFO] Enola: Solve for Rydberg stage 637/756.
[INFO] Enola: Solve for Rydberg stage 638/756.
[INFO] Enola: Solve for Rydberg stage 639/756.
[INFO] Enola: Solve for Rydberg stage 640/756.
[INFO] Enola: Solve for Rydberg stage 641/756.
[INFO] Enola: Solve for Rydberg stage 642/756.
[INFO] Enola: Solve for Rydberg stage 643/756.
[INFO] Enola: Solve for Rydberg stage 644/756.
[INFO] Enola: Solve for Rydberg stage 645/756.
[INFO] Enola: Solve for Rydberg stage 646/756.
[INFO] Enola: Solve for Rydberg stage 647/756.
[INFO] Enola: Solve for Rydberg stage 648/756.
[INFO] Enola: Solve for Rydberg stage 649/756.
[INFO] Enola: Solve for Rydberg stage 650/756.
[INFO] Enola: Solve for Rydberg stage 651/756.
[INFO] Enola: Solve for Rydberg stage 652/756.
[INFO] Enola: Solve for Rydberg stage 653/756.
[INFO] Enola: Solve for Rydberg stage 654/756.
[INFO] Enola: Solve for Rydberg stage 655/756.
[INFO] Enola: Solve for Rydberg stage 656/756.
[INFO] Enola: Solve for Rydberg stage 657/756.
[INFO] Enola: Solve for Rydberg stage 658/756.
[INFO] Enola: Solve for Rydberg stage 659/756.
[INFO] Enola: Solve for Rydberg stage 660/756.
[INFO] Enola: Solve for Rydberg stage 661/756.
[INFO] Enola: Solve for Rydberg stage 662/756.
[INFO] Enola: Solve for Rydberg stage 663/756.
[INFO] Enola: Solve for Rydberg stage 664/756.
[INFO] Enola: Solve for Rydberg stage 665/756.
[INFO] Enola: Solve for Rydberg stage 666/756.
[INFO] Enola: Solve for Rydberg stage 667/756.
[INFO] Enola: Solve for Rydberg stage 668/756.
[INFO] Enola: Solve for Rydberg stage 669/756.
[INFO] Enola: Solve for Rydberg stage 670/756.
[INFO] Enola: Solve for Rydberg stage 671/756.
[INFO] Enola: Solve for Rydberg stage 672/756.
[INFO] Enola: Solve for Rydberg stage 673/756.
[INFO] Enola: Solve for Rydberg stage 674/756.
[INFO] Enola: Solve for Rydberg stage 675/756.
[INFO] Enola: Solve for Rydberg stage 676/756.
[INFO] Enola: Solve for Rydberg stage 677/756.
[INFO] Enola: Solve for Rydberg stage 678/756.
[INFO] Enola: Solve for Rydberg stage 679/756.
[INFO] Enola: Solve for Rydberg stage 680/756.
[INFO] Enola: Solve for Rydberg stage 681/756.
[INFO] Enola: Solve for Rydberg stage 682/756.
[INFO] Enola: Solve for Rydberg stage 683/756.
[INFO] Enola: Solve for Rydberg stage 684/756.
[INFO] Enola: Solve for Rydberg stage 685/756.
[INFO] Enola: Solve for Rydberg stage 686/756.
[INFO] Enola: Solve for Rydberg stage 687/756.
[INFO] Enola: Solve for Rydberg stage 688/756.
[INFO] Enola: Solve for Rydberg stage 689/756.
[INFO] Enola: Solve for Rydberg stage 690/756.
[INFO] Enola: Solve for Rydberg stage 691/756.
[INFO] Enola: Solve for Rydberg stage 692/756.
[INFO] Enola: Solve for Rydberg stage 693/756.
[INFO] Enola: Solve for Rydberg stage 694/756.
[INFO] Enola: Solve for Rydberg stage 695/756.
[INFO] Enola: Solve for Rydberg stage 696/756.
[INFO] Enola: Solve for Rydberg stage 697/756.
[INFO] Enola: Solve for Rydberg stage 698/756.
[INFO] Enola: Solve for Rydberg stage 699/756.
[INFO] Enola: Solve for Rydberg stage 700/756.
[INFO] Enola: Solve for Rydberg stage 701/756.
[INFO] Enola: Solve for Rydberg stage 702/756.
[INFO] Enola: Solve for Rydberg stage 703/756.
[INFO] Enola: Solve for Rydberg stage 704/756.
[INFO] Enola: Solve for Rydberg stage 705/756.
[INFO] Enola: Solve for Rydberg stage 706/756.
[INFO] Enola: Solve for Rydberg stage 707/756.
[INFO] Enola: Solve for Rydberg stage 708/756.
[INFO] Enola: Solve for Rydberg stage 709/756.
[INFO] Enola: Solve for Rydberg stage 710/756.
[INFO] Enola: Solve for Rydberg stage 711/756.
[INFO] Enola: Solve for Rydberg stage 712/756.
[INFO] Enola: Solve for Rydberg stage 713/756.
[INFO] Enola: Solve for Rydberg stage 714/756.
[INFO] Enola: Solve for Rydberg stage 715/756.
[INFO] Enola: Solve for Rydberg stage 716/756.
[INFO] Enola: Solve for Rydberg stage 717/756.
[INFO] Enola: Solve for Rydberg stage 718/756.
[INFO] Enola: Solve for Rydberg stage 719/756.
[INFO] Enola: Solve for Rydberg stage 720/756.
[INFO] Enola: Solve for Rydberg stage 721/756.
[INFO] Enola: Solve for Rydberg stage 722/756.
[INFO] Enola: Solve for Rydberg stage 723/756.
[INFO] Enola: Solve for Rydberg stage 724/756.
[INFO] Enola: Solve for Rydberg stage 725/756.
[INFO] Enola: Solve for Rydberg stage 726/756.
[INFO] Enola: Solve for Rydberg stage 727/756.
[INFO] Enola: Solve for Rydberg stage 728/756.
[INFO] Enola: Solve for Rydberg stage 729/756.
[INFO] Enola: Solve for Rydberg stage 730/756.
[INFO] Enola: Solve for Rydberg stage 731/756.
[INFO] Enola: Solve for Rydberg stage 732/756.
[INFO] Enola: Solve for Rydberg stage 733/756.
[INFO] Enola: Solve for Rydberg stage 734/756.
[INFO] Enola: Solve for Rydberg stage 735/756.
[INFO] Enola: Solve for Rydberg stage 736/756.
[INFO] Enola: Solve for Rydberg stage 737/756.
[INFO] Enola: Solve for Rydberg stage 738/756.
[INFO] Enola: Solve for Rydberg stage 739/756.
[INFO] Enola: Solve for Rydberg stage 740/756.
[INFO] Enola: Solve for Rydberg stage 741/756.
[INFO] Enola: Solve for Rydberg stage 742/756.
[INFO] Enola: Solve for Rydberg stage 743/756.
[INFO] Enola: Solve for Rydberg stage 744/756.
[INFO] Enola: Solve for Rydberg stage 745/756.
[INFO] Enola: Solve for Rydberg stage 746/756.
[INFO] Enola: Solve for Rydberg stage 747/756.
[INFO] Enola: Solve for Rydberg stage 748/756.
[INFO] Enola: Solve for Rydberg stage 749/756.
[INFO] Enola: Solve for Rydberg stage 750/756.
[INFO] Enola: Solve for Rydberg stage 751/756.
[INFO] Enola: Solve for Rydberg stage 752/756.
[INFO] Enola: Solve for Rydberg stage 753/756.
[INFO] Enola: Solve for Rydberg stage 754/756.
[INFO] Enola: Solve for Rydberg stage 755/756.
[INFO] Enola: Solve for Rydberg stage 756/756.
[INFO] Enola: Solve for Rydberg stage 757/756.
[INFO] Enola: Time for routing: 0.10938835144042969s
[INFO] Enola: Total Time: 2.0680439472198486s
Compilation successful.

2026-03-25 17:15:17,969 - BenchmarkManager - INFO - enola (run 1/1) - Running /u/halle/heiz/home_at/BachelorProject/benchmarks/uf_fix50_20-100/uf50-040.qasm
2026-03-25 17:15:21,084 - Compiler.enola - INFO - STDOUT:
[INFO] Enola: Start Solving
[INFO] Enola: Run scheduling
[INFO] Enola: Time for scheduling: 0.0006680488586425781s
75
[INFO] Enola: Time for placement: 8.821487426757812e-06s
[INFO] Enola: Solve for Rydberg stage 2/884.
[INFO] Enola: Solve for Rydberg stage 3/884.
[INFO] Enola: Solve for Rydberg stage 4/884.
[INFO] Enola: Solve for Rydberg stage 5/884.
[INFO] Enola: Solve for Rydberg stage 6/884.
[INFO] Enola: Solve for Rydberg stage 7/884.
[INFO] Enola: Solve for Rydberg stage 8/884.
[INFO] Enola: Solve for Rydberg stage 9/884.
[INFO] Enola: Solve for Rydberg stage 10/884.
[INFO] Enola: Solve for Rydberg stage 11/884.
[INFO] Enola: Solve for Rydberg stage 12/884.
[INFO] Enola: Solve for Rydberg stage 13/884.
[INFO] Enola: Solve for Rydberg stage 14/884.
[INFO] Enola: Solve for Rydberg stage 15/884.
[INFO] Enola: Solve for Rydberg stage 16/884.
[INFO] Enola: Solve for Rydberg stage 17/884.
[INFO] Enola: Solve for Rydberg stage 18/884.
[INFO] Enola: Solve for Rydberg stage 19/884.
[INFO] Enola: Solve for Rydberg stage 20/884.
[INFO] Enola: Solve for Rydberg stage 21/884.
[INFO] Enola: Solve for Rydberg stage 22/884.
[INFO] Enola: Solve for Rydberg stage 23/884.
[INFO] Enola: Solve for Rydberg stage 24/884.
[INFO] Enola: Solve for Rydberg stage 25/884.
[INFO] Enola: Solve for Rydberg stage 26/884.
[INFO] Enola: Solve for Rydberg stage 27/884.
[INFO] Enola: Solve for Rydberg stage 28/884.
[INFO] Enola: Solve for Rydberg stage 29/884.
[INFO] Enola: Solve for Rydberg stage 30/884.
[INFO] Enola: Solve for Rydberg stage 31/884.
[INFO] Enola: Solve for Rydberg stage 32/884.
[INFO] Enola: Solve for Rydberg stage 33/884.
[INFO] Enola: Solve for Rydberg stage 34/884.
[INFO] Enola: Solve for Rydberg stage 35/884.
[INFO] Enola: Solve for Rydberg stage 36/884.
[INFO] Enola: Solve for Rydberg stage 37/884.
[INFO] Enola: Solve for Rydberg stage 38/884.
[INFO] Enola: Solve for Rydberg stage 39/884.
[INFO] Enola: Solve for Rydberg stage 40/884.
[INFO] Enola: Solve for Rydberg stage 41/884.
[INFO] Enola: Solve for Rydberg stage 42/884.
[INFO] Enola: Solve for Rydberg stage 43/884.
[INFO] Enola: Solve for Rydberg stage 44/884.
[INFO] Enola: Solve for Rydberg stage 45/884.
[INFO] Enola: Solve for Rydberg stage 46/884.
[INFO] Enola: Solve for Rydberg stage 47/884.
[INFO] Enola: Solve for Rydberg stage 48/884.
[INFO] Enola: Solve for Rydberg stage 49/884.
[INFO] Enola: Solve for Rydberg stage 50/884.
[INFO] Enola: Solve for Rydberg stage 51/884.
[INFO] Enola: Solve for Rydberg stage 52/884.
[INFO] Enola: Solve for Rydberg stage 53/884.
[INFO] Enola: Solve for Rydberg stage 54/884.
[INFO] Enola: Solve for Rydberg stage 55/884.
[INFO] Enola: Solve for Rydberg stage 56/884.
[INFO] Enola: Solve for Rydberg stage 57/884.
[INFO] Enola: Solve for Rydberg stage 58/884.
[INFO] Enola: Solve for Rydberg stage 59/884.
[INFO] Enola: Solve for Rydberg stage 60/884.
[INFO] Enola: Solve for Rydberg stage 61/884.
[INFO] Enola: Solve for Rydberg stage 62/884.
[INFO] Enola: Solve for Rydberg stage 63/884.
[INFO] Enola: Solve for Rydberg stage 64/884.
[INFO] Enola: Solve for Rydberg stage 65/884.
[INFO] Enola: Solve for Rydberg stage 66/884.
[INFO] Enola: Solve for Rydberg stage 67/884.
[INFO] Enola: Solve for Rydberg stage 68/884.
[INFO] Enola: Solve for Rydberg stage 69/884.
[INFO] Enola: Solve for Rydberg stage 70/884.
[INFO] Enola: Solve for Rydberg stage 71/884.
[INFO] Enola: Solve for Rydberg stage 72/884.
[INFO] Enola: Solve for Rydberg stage 73/884.
[INFO] Enola: Solve for Rydberg stage 74/884.
[INFO] Enola: Solve for Rydberg stage 75/884.
[INFO] Enola: Solve for Rydberg stage 76/884.
[INFO] Enola: Solve for Rydberg stage 77/884.
[INFO] Enola: Solve for Rydberg stage 78/884.
[INFO] Enola: Solve for Rydberg stage 79/884.
[INFO] Enola: Solve for Rydberg stage 80/884.
[INFO] Enola: Solve for Rydberg stage 81/884.
[INFO] Enola: Solve for Rydberg stage 82/884.
[INFO] Enola: Solve for Rydberg stage 83/884.
[INFO] Enola: Solve for Rydberg stage 84/884.
[INFO] Enola: Solve for Rydberg stage 85/884.
[INFO] Enola: Solve for Rydberg stage 86/884.
[INFO] Enola: Solve for Rydberg stage 87/884.
[INFO] Enola: Solve for Rydberg stage 88/884.
[INFO] Enola: Solve for Rydberg stage 89/884.
[INFO] Enola: Solve for Rydberg stage 90/884.
[INFO] Enola: Solve for Rydberg stage 91/884.
[INFO] Enola: Solve for Rydberg stage 92/884.
[INFO] Enola: Solve for Rydberg stage 93/884.
[INFO] Enola: Solve for Rydberg stage 94/884.
[INFO] Enola: Solve for Rydberg stage 95/884.
[INFO] Enola: Solve for Rydberg stage 96/884.
[INFO] Enola: Solve for Rydberg stage 97/884.
[INFO] Enola: Solve for Rydberg stage 98/884.
[INFO] Enola: Solve for Rydberg stage 99/884.
[INFO] Enola: Solve for Rydberg stage 100/884.
[INFO] Enola: Solve for Rydberg stage 101/884.
[INFO] Enola: Solve for Rydberg stage 102/884.
[INFO] Enola: Solve for Rydberg stage 103/884.
[INFO] Enola: Solve for Rydberg stage 104/884.
[INFO] Enola: Solve for Rydberg stage 105/884.
[INFO] Enola: Solve for Rydberg stage 106/884.
[INFO] Enola: Solve for Rydberg stage 107/884.
[INFO] Enola: Solve for Rydberg stage 108/884.
[INFO] Enola: Solve for Rydberg stage 109/884.
[INFO] Enola: Solve for Rydberg stage 110/884.
[INFO] Enola: Solve for Rydberg stage 111/884.
[INFO] Enola: Solve for Rydberg stage 112/884.
[INFO] Enola: Solve for Rydberg stage 113/884.
[INFO] Enola: Solve for Rydberg stage 114/884.
[INFO] Enola: Solve for Rydberg stage 115/884.
[INFO] Enola: Solve for Rydberg stage 116/884.
[INFO] Enola: Solve for Rydberg stage 117/884.
[INFO] Enola: Solve for Rydberg stage 118/884.
[INFO] Enola: Solve for Rydberg stage 119/884.
[INFO] Enola: Solve for Rydberg stage 120/884.
[INFO] Enola: Solve for Rydberg stage 121/884.
[INFO] Enola: Solve for Rydberg stage 122/884.
[INFO] Enola: Solve for Rydberg stage 123/884.
[INFO] Enola: Solve for Rydberg stage 124/884.
[INFO] Enola: Solve for Rydberg stage 125/884.
[INFO] Enola: Solve for Rydberg stage 126/884.
[INFO] Enola: Solve for Rydberg stage 127/884.
[INFO] Enola: Solve for Rydberg stage 128/884.
[INFO] Enola: Solve for Rydberg stage 129/884.
[INFO] Enola: Solve for Rydberg stage 130/884.
[INFO] Enola: Solve for Rydberg stage 131/884.
[INFO] Enola: Solve for Rydberg stage 132/884.
[INFO] Enola: Solve for Rydberg stage 133/884.
[INFO] Enola: Solve for Rydberg stage 134/884.
[INFO] Enola: Solve for Rydberg stage 135/884.
[INFO] Enola: Solve for Rydberg stage 136/884.
[INFO] Enola: Solve for Rydberg stage 137/884.
[INFO] Enola: Solve for Rydberg stage 138/884.
[INFO] Enola: Solve for Rydberg stage 139/884.
[INFO] Enola: Solve for Rydberg stage 140/884.
[INFO] Enola: Solve for Rydberg stage 141/884.
[INFO] Enola: Solve for Rydberg stage 142/884.
[INFO] Enola: Solve for Rydberg stage 143/884.
[INFO] Enola: Solve for Rydberg stage 144/884.
[INFO] Enola: Solve for Rydberg stage 145/884.
[INFO] Enola: Solve for Rydberg stage 146/884.
[INFO] Enola: Solve for Rydberg stage 147/884.
[INFO] Enola: Solve for Rydberg stage 148/884.
[INFO] Enola: Solve for Rydberg stage 149/884.
[INFO] Enola: Solve for Rydberg stage 150/884.
[INFO] Enola: Solve for Rydberg stage 151/884.
[INFO] Enola: Solve for Rydberg stage 152/884.
[INFO] Enola: Solve for Rydberg stage 153/884.
[INFO] Enola: Solve for Rydberg stage 154/884.
[INFO] Enola: Solve for Rydberg stage 155/884.
[INFO] Enola: Solve for Rydberg stage 156/884.
[INFO] Enola: Solve for Rydberg stage 157/884.
[INFO] Enola: Solve for Rydberg stage 158/884.
[INFO] Enola: Solve for Rydberg stage 159/884.
[INFO] Enola: Solve for Rydberg stage 160/884.
[INFO] Enola: Solve for Rydberg stage 161/884.
[INFO] Enola: Solve for Rydberg stage 162/884.
[INFO] Enola: Solve for Rydberg stage 163/884.
[INFO] Enola: Solve for Rydberg stage 164/884.
[INFO] Enola: Solve for Rydberg stage 165/884.
[INFO] Enola: Solve for Rydberg stage 166/884.
[INFO] Enola: Solve for Rydberg stage 167/884.
[INFO] Enola: Solve for Rydberg stage 168/884.
[INFO] Enola: Solve for Rydberg stage 169/884.
[INFO] Enola: Solve for Rydberg stage 170/884.
[INFO] Enola: Solve for Rydberg stage 171/884.
[INFO] Enola: Solve for Rydberg stage 172/884.
[INFO] Enola: Solve for Rydberg stage 173/884.
[INFO] Enola: Solve for Rydberg stage 174/884.
[INFO] Enola: Solve for Rydberg stage 175/884.
[INFO] Enola: Solve for Rydberg stage 176/884.
[INFO] Enola: Solve for Rydberg stage 177/884.
[INFO] Enola: Solve for Rydberg stage 178/884.
[INFO] Enola: Solve for Rydberg stage 179/884.
[INFO] Enola: Solve for Rydberg stage 180/884.
[INFO] Enola: Solve for Rydberg stage 181/884.
[INFO] Enola: Solve for Rydberg stage 182/884.
[INFO] Enola: Solve for Rydberg stage 183/884.
[INFO] Enola: Solve for Rydberg stage 184/884.
[INFO] Enola: Solve for Rydberg stage 185/884.
[INFO] Enola: Solve for Rydberg stage 186/884.
[INFO] Enola: Solve for Rydberg stage 187/884.
[INFO] Enola: Solve for Rydberg stage 188/884.
[INFO] Enola: Solve for Rydberg stage 189/884.
[INFO] Enola: Solve for Rydberg stage 190/884.
[INFO] Enola: Solve for Rydberg stage 191/884.
[INFO] Enola: Solve for Rydberg stage 192/884.
[INFO] Enola: Solve for Rydberg stage 193/884.
[INFO] Enola: Solve for Rydberg stage 194/884.
[INFO] Enola: Solve for Rydberg stage 195/884.
[INFO] Enola: Solve for Rydberg stage 196/884.
[INFO] Enola: Solve for Rydberg stage 197/884.
[INFO] Enola: Solve for Rydberg stage 198/884.
[INFO] Enola: Solve for Rydberg stage 199/884.
[INFO] Enola: Solve for Rydberg stage 200/884.
[INFO] Enola: Solve for Rydberg stage 201/884.
[INFO] Enola: Solve for Rydberg stage 202/884.
[INFO] Enola: Solve for Rydberg stage 203/884.
[INFO] Enola: Solve for Rydberg stage 204/884.
[INFO] Enola: Solve for Rydberg stage 205/884.
[INFO] Enola: Solve for Rydberg stage 206/884.
[INFO] Enola: Solve for Rydberg stage 207/884.
[INFO] Enola: Solve for Rydberg stage 208/884.
[INFO] Enola: Solve for Rydberg stage 209/884.
[INFO] Enola: Solve for Rydberg stage 210/884.
[INFO] Enola: Solve for Rydberg stage 211/884.
[INFO] Enola: Solve for Rydberg stage 212/884.
[INFO] Enola: Solve for Rydberg stage 213/884.
[INFO] Enola: Solve for Rydberg stage 214/884.
[INFO] Enola: Solve for Rydberg stage 215/884.
[INFO] Enola: Solve for Rydberg stage 216/884.
[INFO] Enola: Solve for Rydberg stage 217/884.
[INFO] Enola: Solve for Rydberg stage 218/884.
[INFO] Enola: Solve for Rydberg stage 219/884.
[INFO] Enola: Solve for Rydberg stage 220/884.
[INFO] Enola: Solve for Rydberg stage 221/884.
[INFO] Enola: Solve for Rydberg stage 222/884.
[INFO] Enola: Solve for Rydberg stage 223/884.
[INFO] Enola: Solve for Rydberg stage 224/884.
[INFO] Enola: Solve for Rydberg stage 225/884.
[INFO] Enola: Solve for Rydberg stage 226/884.
[INFO] Enola: Solve for Rydberg stage 227/884.
[INFO] Enola: Solve for Rydberg stage 228/884.
[INFO] Enola: Solve for Rydberg stage 229/884.
[INFO] Enola: Solve for Rydberg stage 230/884.
[INFO] Enola: Solve for Rydberg stage 231/884.
[INFO] Enola: Solve for Rydberg stage 232/884.
[INFO] Enola: Solve for Rydberg stage 233/884.
[INFO] Enola: Solve for Rydberg stage 234/884.
[INFO] Enola: Solve for Rydberg stage 235/884.
[INFO] Enola: Solve for Rydberg stage 236/884.
[INFO] Enola: Solve for Rydberg stage 237/884.
[INFO] Enola: Solve for Rydberg stage 238/884.
[INFO] Enola: Solve for Rydberg stage 239/884.
[INFO] Enola: Solve for Rydberg stage 240/884.
[INFO] Enola: Solve for Rydberg stage 241/884.
[INFO] Enola: Solve for Rydberg stage 242/884.
[INFO] Enola: Solve for Rydberg stage 243/884.
[INFO] Enola: Solve for Rydberg stage 244/884.
[INFO] Enola: Solve for Rydberg stage 245/884.
[INFO] Enola: Solve for Rydberg stage 246/884.
[INFO] Enola: Solve for Rydberg stage 247/884.
[INFO] Enola: Solve for Rydberg stage 248/884.
[INFO] Enola: Solve for Rydberg stage 249/884.
[INFO] Enola: Solve for Rydberg stage 250/884.
[INFO] Enola: Solve for Rydberg stage 251/884.
[INFO] Enola: Solve for Rydberg stage 252/884.
[INFO] Enola: Solve for Rydberg stage 253/884.
[INFO] Enola: Solve for Rydberg stage 254/884.
[INFO] Enola: Solve for Rydberg stage 255/884.
[INFO] Enola: Solve for Rydberg stage 256/884.
[INFO] Enola: Solve for Rydberg stage 257/884.
[INFO] Enola: Solve for Rydberg stage 258/884.
[INFO] Enola: Solve for Rydberg stage 259/884.
[INFO] Enola: Solve for Rydberg stage 260/884.
[INFO] Enola: Solve for Rydberg stage 261/884.
[INFO] Enola: Solve for Rydberg stage 262/884.
[INFO] Enola: Solve for Rydberg stage 263/884.
[INFO] Enola: Solve for Rydberg stage 264/884.
[INFO] Enola: Solve for Rydberg stage 265/884.
[INFO] Enola: Solve for Rydberg stage 266/884.
[INFO] Enola: Solve for Rydberg stage 267/884.
[INFO] Enola: Solve for Rydberg stage 268/884.
[INFO] Enola: Solve for Rydberg stage 269/884.
[INFO] Enola: Solve for Rydberg stage 270/884.
[INFO] Enola: Solve for Rydberg stage 271/884.
[INFO] Enola: Solve for Rydberg stage 272/884.
[INFO] Enola: Solve for Rydberg stage 273/884.
[INFO] Enola: Solve for Rydberg stage 274/884.
[INFO] Enola: Solve for Rydberg stage 275/884.
[INFO] Enola: Solve for Rydberg stage 276/884.
[INFO] Enola: Solve for Rydberg stage 277/884.
[INFO] Enola: Solve for Rydberg stage 278/884.
[INFO] Enola: Solve for Rydberg stage 279/884.
[INFO] Enola: Solve for Rydberg stage 280/884.
[INFO] Enola: Solve for Rydberg stage 281/884.
[INFO] Enola: Solve for Rydberg stage 282/884.
[INFO] Enola: Solve for Rydberg stage 283/884.
[INFO] Enola: Solve for Rydberg stage 284/884.
[INFO] Enola: Solve for Rydberg stage 285/884.
[INFO] Enola: Solve for Rydberg stage 286/884.
[INFO] Enola: Solve for Rydberg stage 287/884.
[INFO] Enola: Solve for Rydberg stage 288/884.
[INFO] Enola: Solve for Rydberg stage 289/884.
[INFO] Enola: Solve for Rydberg stage 290/884.
[INFO] Enola: Solve for Rydberg stage 291/884.
[INFO] Enola: Solve for Rydberg stage 292/884.
[INFO] Enola: Solve for Rydberg stage 293/884.
[INFO] Enola: Solve for Rydberg stage 294/884.
[INFO] Enola: Solve for Rydberg stage 295/884.
[INFO] Enola: Solve for Rydberg stage 296/884.
[INFO] Enola: Solve for Rydberg stage 297/884.
[INFO] Enola: Solve for Rydberg stage 298/884.
[INFO] Enola: Solve for Rydberg stage 299/884.
[INFO] Enola: Solve for Rydberg stage 300/884.
[INFO] Enola: Solve for Rydberg stage 301/884.
[INFO] Enola: Solve for Rydberg stage 302/884.
[INFO] Enola: Solve for Rydberg stage 303/884.
[INFO] Enola: Solve for Rydberg stage 304/884.
[INFO] Enola: Solve for Rydberg stage 305/884.
[INFO] Enola: Solve for Rydberg stage 306/884.
[INFO] Enola: Solve for Rydberg stage 307/884.
[INFO] Enola: Solve for Rydberg stage 308/884.
[INFO] Enola: Solve for Rydberg stage 309/884.
[INFO] Enola: Solve for Rydberg stage 310/884.
[INFO] Enola: Solve for Rydberg stage 311/884.
[INFO] Enola: Solve for Rydberg stage 312/884.
[INFO] Enola: Solve for Rydberg stage 313/884.
[INFO] Enola: Solve for Rydberg stage 314/884.
[INFO] Enola: Solve for Rydberg stage 315/884.
[INFO] Enola: Solve for Rydberg stage 316/884.
[INFO] Enola: Solve for Rydberg stage 317/884.
[INFO] Enola: Solve for Rydberg stage 318/884.
[INFO] Enola: Solve for Rydberg stage 319/884.
[INFO] Enola: Solve for Rydberg stage 320/884.
[INFO] Enola: Solve for Rydberg stage 321/884.
[INFO] Enola: Solve for Rydberg stage 322/884.
[INFO] Enola: Solve for Rydberg stage 323/884.
[INFO] Enola: Solve for Rydberg stage 324/884.
[INFO] Enola: Solve for Rydberg stage 325/884.
[INFO] Enola: Solve for Rydberg stage 326/884.
[INFO] Enola: Solve for Rydberg stage 327/884.
[INFO] Enola: Solve for Rydberg stage 328/884.
[INFO] Enola: Solve for Rydberg stage 329/884.
[INFO] Enola: Solve for Rydberg stage 330/884.
[INFO] Enola: Solve for Rydberg stage 331/884.
[INFO] Enola: Solve for Rydberg stage 332/884.
[INFO] Enola: Solve for Rydberg stage 333/884.
[INFO] Enola: Solve for Rydberg stage 334/884.
[INFO] Enola: Solve for Rydberg stage 335/884.
[INFO] Enola: Solve for Rydberg stage 336/884.
[INFO] Enola: Solve for Rydberg stage 337/884.
[INFO] Enola: Solve for Rydberg stage 338/884.
[INFO] Enola: Solve for Rydberg stage 339/884.
[INFO] Enola: Solve for Rydberg stage 340/884.
[INFO] Enola: Solve for Rydberg stage 341/884.
[INFO] Enola: Solve for Rydberg stage 342/884.
[INFO] Enola: Solve for Rydberg stage 343/884.
[INFO] Enola: Solve for Rydberg stage 344/884.
[INFO] Enola: Solve for Rydberg stage 345/884.
[INFO] Enola: Solve for Rydberg stage 346/884.
[INFO] Enola: Solve for Rydberg stage 347/884.
[INFO] Enola: Solve for Rydberg stage 348/884.
[INFO] Enola: Solve for Rydberg stage 349/884.
[INFO] Enola: Solve for Rydberg stage 350/884.
[INFO] Enola: Solve for Rydberg stage 351/884.
[INFO] Enola: Solve for Rydberg stage 352/884.
[INFO] Enola: Solve for Rydberg stage 353/884.
[INFO] Enola: Solve for Rydberg stage 354/884.
[INFO] Enola: Solve for Rydberg stage 355/884.
[INFO] Enola: Solve for Rydberg stage 356/884.
[INFO] Enola: Solve for Rydberg stage 357/884.
[INFO] Enola: Solve for Rydberg stage 358/884.
[INFO] Enola: Solve for Rydberg stage 359/884.
[INFO] Enola: Solve for Rydberg stage 360/884.
[INFO] Enola: Solve for Rydberg stage 361/884.
[INFO] Enola: Solve for Rydberg stage 362/884.
[INFO] Enola: Solve for Rydberg stage 363/884.
[INFO] Enola: Solve for Rydberg stage 364/884.
[INFO] Enola: Solve for Rydberg stage 365/884.
[INFO] Enola: Solve for Rydberg stage 366/884.
[INFO] Enola: Solve for Rydberg stage 367/884.
[INFO] Enola: Solve for Rydberg stage 368/884.
[INFO] Enola: Solve for Rydberg stage 369/884.
[INFO] Enola: Solve for Rydberg stage 370/884.
[INFO] Enola: Solve for Rydberg stage 371/884.
[INFO] Enola: Solve for Rydberg stage 372/884.
[INFO] Enola: Solve for Rydberg stage 373/884.
[INFO] Enola: Solve for Rydberg stage 374/884.
[INFO] Enola: Solve for Rydberg stage 375/884.
[INFO] Enola: Solve for Rydberg stage 376/884.
[INFO] Enola: Solve for Rydberg stage 377/884.
[INFO] Enola: Solve for Rydberg stage 378/884.
[INFO] Enola: Solve for Rydberg stage 379/884.
[INFO] Enola: Solve for Rydberg stage 380/884.
[INFO] Enola: Solve for Rydberg stage 381/884.
[INFO] Enola: Solve for Rydberg stage 382/884.
[INFO] Enola: Solve for Rydberg stage 383/884.
[INFO] Enola: Solve for Rydberg stage 384/884.
[INFO] Enola: Solve for Rydberg stage 385/884.
[INFO] Enola: Solve for Rydberg stage 386/884.
[INFO] Enola: Solve for Rydberg stage 387/884.
[INFO] Enola: Solve for Rydberg stage 388/884.
[INFO] Enola: Solve for Rydberg stage 389/884.
[INFO] Enola: Solve for Rydberg stage 390/884.
[INFO] Enola: Solve for Rydberg stage 391/884.
[INFO] Enola: Solve for Rydberg stage 392/884.
[INFO] Enola: Solve for Rydberg stage 393/884.
[INFO] Enola: Solve for Rydberg stage 394/884.
[INFO] Enola: Solve for Rydberg stage 395/884.
[INFO] Enola: Solve for Rydberg stage 396/884.
[INFO] Enola: Solve for Rydberg stage 397/884.
[INFO] Enola: Solve for Rydberg stage 398/884.
[INFO] Enola: Solve for Rydberg stage 399/884.
[INFO] Enola: Solve for Rydberg stage 400/884.
[INFO] Enola: Solve for Rydberg stage 401/884.
[INFO] Enola: Solve for Rydberg stage 402/884.
[INFO] Enola: Solve for Rydberg stage 403/884.
[INFO] Enola: Solve for Rydberg stage 404/884.
[INFO] Enola: Solve for Rydberg stage 405/884.
[INFO] Enola: Solve for Rydberg stage 406/884.
[INFO] Enola: Solve for Rydberg stage 407/884.
[INFO] Enola: Solve for Rydberg stage 408/884.
[INFO] Enola: Solve for Rydberg stage 409/884.
[INFO] Enola: Solve for Rydberg stage 410/884.
[INFO] Enola: Solve for Rydberg stage 411/884.
[INFO] Enola: Solve for Rydberg stage 412/884.
[INFO] Enola: Solve for Rydberg stage 413/884.
[INFO] Enola: Solve for Rydberg stage 414/884.
[INFO] Enola: Solve for Rydberg stage 415/884.
[INFO] Enola: Solve for Rydberg stage 416/884.
[INFO] Enola: Solve for Rydberg stage 417/884.
[INFO] Enola: Solve for Rydberg stage 418/884.
[INFO] Enola: Solve for Rydberg stage 419/884.
[INFO] Enola: Solve for Rydberg stage 420/884.
[INFO] Enola: Solve for Rydberg stage 421/884.
[INFO] Enola: Solve for Rydberg stage 422/884.
[INFO] Enola: Solve for Rydberg stage 423/884.
[INFO] Enola: Solve for Rydberg stage 424/884.
[INFO] Enola: Solve for Rydberg stage 425/884.
[INFO] Enola: Solve for Rydberg stage 426/884.
[INFO] Enola: Solve for Rydberg stage 427/884.
[INFO] Enola: Solve for Rydberg stage 428/884.
[INFO] Enola: Solve for Rydberg stage 429/884.
[INFO] Enola: Solve for Rydberg stage 430/884.
[INFO] Enola: Solve for Rydberg stage 431/884.
[INFO] Enola: Solve for Rydberg stage 432/884.
[INFO] Enola: Solve for Rydberg stage 433/884.
[INFO] Enola: Solve for Rydberg stage 434/884.
[INFO] Enola: Solve for Rydberg stage 435/884.
[INFO] Enola: Solve for Rydberg stage 436/884.
[INFO] Enola: Solve for Rydberg stage 437/884.
[INFO] Enola: Solve for Rydberg stage 438/884.
[INFO] Enola: Solve for Rydberg stage 439/884.
[INFO] Enola: Solve for Rydberg stage 440/884.
[INFO] Enola: Solve for Rydberg stage 441/884.
[INFO] Enola: Solve for Rydberg stage 442/884.
[INFO] Enola: Solve for Rydberg stage 443/884.
[INFO] Enola: Solve for Rydberg stage 444/884.
[INFO] Enola: Solve for Rydberg stage 445/884.
[INFO] Enola: Solve for Rydberg stage 446/884.
[INFO] Enola: Solve for Rydberg stage 447/884.
[INFO] Enola: Solve for Rydberg stage 448/884.
[INFO] Enola: Solve for Rydberg stage 449/884.
[INFO] Enola: Solve for Rydberg stage 450/884.
[INFO] Enola: Solve for Rydberg stage 451/884.
[INFO] Enola: Solve for Rydberg stage 452/884.
[INFO] Enola: Solve for Rydberg stage 453/884.
[INFO] Enola: Solve for Rydberg stage 454/884.
[INFO] Enola: Solve for Rydberg stage 455/884.
[INFO] Enola: Solve for Rydberg stage 456/884.
[INFO] Enola: Solve for Rydberg stage 457/884.
[INFO] Enola: Solve for Rydberg stage 458/884.
[INFO] Enola: Solve for Rydberg stage 459/884.
[INFO] Enola: Solve for Rydberg stage 460/884.
[INFO] Enola: Solve for Rydberg stage 461/884.
[INFO] Enola: Solve for Rydberg stage 462/884.
[INFO] Enola: Solve for Rydberg stage 463/884.
[INFO] Enola: Solve for Rydberg stage 464/884.
[INFO] Enola: Solve for Rydberg stage 465/884.
[INFO] Enola: Solve for Rydberg stage 466/884.
[INFO] Enola: Solve for Rydberg stage 467/884.
[INFO] Enola: Solve for Rydberg stage 468/884.
[INFO] Enola: Solve for Rydberg stage 469/884.
[INFO] Enola: Solve for Rydberg stage 470/884.
[INFO] Enola: Solve for Rydberg stage 471/884.
[INFO] Enola: Solve for Rydberg stage 472/884.
[INFO] Enola: Solve for Rydberg stage 473/884.
[INFO] Enola: Solve for Rydberg stage 474/884.
[INFO] Enola: Solve for Rydberg stage 475/884.
[INFO] Enola: Solve for Rydberg stage 476/884.
[INFO] Enola: Solve for Rydberg stage 477/884.
[INFO] Enola: Solve for Rydberg stage 478/884.
[INFO] Enola: Solve for Rydberg stage 479/884.
[INFO] Enola: Solve for Rydberg stage 480/884.
[INFO] Enola: Solve for Rydberg stage 481/884.
[INFO] Enola: Solve for Rydberg stage 482/884.
[INFO] Enola: Solve for Rydberg stage 483/884.
[INFO] Enola: Solve for Rydberg stage 484/884.
[INFO] Enola: Solve for Rydberg stage 485/884.
[INFO] Enola: Solve for Rydberg stage 486/884.
[INFO] Enola: Solve for Rydberg stage 487/884.
[INFO] Enola: Solve for Rydberg stage 488/884.
[INFO] Enola: Solve for Rydberg stage 489/884.
[INFO] Enola: Solve for Rydberg stage 490/884.
[INFO] Enola: Solve for Rydberg stage 491/884.
[INFO] Enola: Solve for Rydberg stage 492/884.
[INFO] Enola: Solve for Rydberg stage 493/884.
[INFO] Enola: Solve for Rydberg stage 494/884.
[INFO] Enola: Solve for Rydberg stage 495/884.
[INFO] Enola: Solve for Rydberg stage 496/884.
[INFO] Enola: Solve for Rydberg stage 497/884.
[INFO] Enola: Solve for Rydberg stage 498/884.
[INFO] Enola: Solve for Rydberg stage 499/884.
[INFO] Enola: Solve for Rydberg stage 500/884.
[INFO] Enola: Solve for Rydberg stage 501/884.
[INFO] Enola: Solve for Rydberg stage 502/884.
[INFO] Enola: Solve for Rydberg stage 503/884.
[INFO] Enola: Solve for Rydberg stage 504/884.
[INFO] Enola: Solve for Rydberg stage 505/884.
[INFO] Enola: Solve for Rydberg stage 506/884.
[INFO] Enola: Solve for Rydberg stage 507/884.
[INFO] Enola: Solve for Rydberg stage 508/884.
[INFO] Enola: Solve for Rydberg stage 509/884.
[INFO] Enola: Solve for Rydberg stage 510/884.
[INFO] Enola: Solve for Rydberg stage 511/884.
[INFO] Enola: Solve for Rydberg stage 512/884.
[INFO] Enola: Solve for Rydberg stage 513/884.
[INFO] Enola: Solve for Rydberg stage 514/884.
[INFO] Enola: Solve for Rydberg stage 515/884.
[INFO] Enola: Solve for Rydberg stage 516/884.
[INFO] Enola: Solve for Rydberg stage 517/884.
[INFO] Enola: Solve for Rydberg stage 518/884.
[INFO] Enola: Solve for Rydberg stage 519/884.
[INFO] Enola: Solve for Rydberg stage 520/884.
[INFO] Enola: Solve for Rydberg stage 521/884.
[INFO] Enola: Solve for Rydberg stage 522/884.
[INFO] Enola: Solve for Rydberg stage 523/884.
[INFO] Enola: Solve for Rydberg stage 524/884.
[INFO] Enola: Solve for Rydberg stage 525/884.
[INFO] Enola: Solve for Rydberg stage 526/884.
[INFO] Enola: Solve for Rydberg stage 527/884.
[INFO] Enola: Solve for Rydberg stage 528/884.
[INFO] Enola: Solve for Rydberg stage 529/884.
[INFO] Enola: Solve for Rydberg stage 530/884.
[INFO] Enola: Solve for Rydberg stage 531/884.
[INFO] Enola: Solve for Rydberg stage 532/884.
[INFO] Enola: Solve for Rydberg stage 533/884.
[INFO] Enola: Solve for Rydberg stage 534/884.
[INFO] Enola: Solve for Rydberg stage 535/884.
[INFO] Enola: Solve for Rydberg stage 536/884.
[INFO] Enola: Solve for Rydberg stage 537/884.
[INFO] Enola: Solve for Rydberg stage 538/884.
[INFO] Enola: Solve for Rydberg stage 539/884.
[INFO] Enola: Solve for Rydberg stage 540/884.
[INFO] Enola: Solve for Rydberg stage 541/884.
[INFO] Enola: Solve for Rydberg stage 542/884.
[INFO] Enola: Solve for Rydberg stage 543/884.
[INFO] Enola: Solve for Rydberg stage 544/884.
[INFO] Enola: Solve for Rydberg stage 545/884.
[INFO] Enola: Solve for Rydberg stage 546/884.
[INFO] Enola: Solve for Rydberg stage 547/884.
[INFO] Enola: Solve for Rydberg stage 548/884.
[INFO] Enola: Solve for Rydberg stage 549/884.
[INFO] Enola: Solve for Rydberg stage 550/884.
[INFO] Enola: Solve for Rydberg stage 551/884.
[INFO] Enola: Solve for Rydberg stage 552/884.
[INFO] Enola: Solve for Rydberg stage 553/884.
[INFO] Enola: Solve for Rydberg stage 554/884.
[INFO] Enola: Solve for Rydberg stage 555/884.
[INFO] Enola: Solve for Rydberg stage 556/884.
[INFO] Enola: Solve for Rydberg stage 557/884.
[INFO] Enola: Solve for Rydberg stage 558/884.
[INFO] Enola: Solve for Rydberg stage 559/884.
[INFO] Enola: Solve for Rydberg stage 560/884.
[INFO] Enola: Solve for Rydberg stage 561/884.
[INFO] Enola: Solve for Rydberg stage 562/884.
[INFO] Enola: Solve for Rydberg stage 563/884.
[INFO] Enola: Solve for Rydberg stage 564/884.
[INFO] Enola: Solve for Rydberg stage 565/884.
[INFO] Enola: Solve for Rydberg stage 566/884.
[INFO] Enola: Solve for Rydberg stage 567/884.
[INFO] Enola: Solve for Rydberg stage 568/884.
[INFO] Enola: Solve for Rydberg stage 569/884.
[INFO] Enola: Solve for Rydberg stage 570/884.
[INFO] Enola: Solve for Rydberg stage 571/884.
[INFO] Enola: Solve for Rydberg stage 572/884.
[INFO] Enola: Solve for Rydberg stage 573/884.
[INFO] Enola: Solve for Rydberg stage 574/884.
[INFO] Enola: Solve for Rydberg stage 575/884.
[INFO] Enola: Solve for Rydberg stage 576/884.
[INFO] Enola: Solve for Rydberg stage 577/884.
[INFO] Enola: Solve for Rydberg stage 578/884.
[INFO] Enola: Solve for Rydberg stage 579/884.
[INFO] Enola: Solve for Rydberg stage 580/884.
[INFO] Enola: Solve for Rydberg stage 581/884.
[INFO] Enola: Solve for Rydberg stage 582/884.
[INFO] Enola: Solve for Rydberg stage 583/884.
[INFO] Enola: Solve for Rydberg stage 584/884.
[INFO] Enola: Solve for Rydberg stage 585/884.
[INFO] Enola: Solve for Rydberg stage 586/884.
[INFO] Enola: Solve for Rydberg stage 587/884.
[INFO] Enola: Solve for Rydberg stage 588/884.
[INFO] Enola: Solve for Rydberg stage 589/884.
[INFO] Enola: Solve for Rydberg stage 590/884.
[INFO] Enola: Solve for Rydberg stage 591/884.
[INFO] Enola: Solve for Rydberg stage 592/884.
[INFO] Enola: Solve for Rydberg stage 593/884.
[INFO] Enola: Solve for Rydberg stage 594/884.
[INFO] Enola: Solve for Rydberg stage 595/884.
[INFO] Enola: Solve for Rydberg stage 596/884.
[INFO] Enola: Solve for Rydberg stage 597/884.
[INFO] Enola: Solve for Rydberg stage 598/884.
[INFO] Enola: Solve for Rydberg stage 599/884.
[INFO] Enola: Solve for Rydberg stage 600/884.
[INFO] Enola: Solve for Rydberg stage 601/884.
[INFO] Enola: Solve for Rydberg stage 602/884.
[INFO] Enola: Solve for Rydberg stage 603/884.
[INFO] Enola: Solve for Rydberg stage 604/884.
[INFO] Enola: Solve for Rydberg stage 605/884.
[INFO] Enola: Solve for Rydberg stage 606/884.
[INFO] Enola: Solve for Rydberg stage 607/884.
[INFO] Enola: Solve for Rydberg stage 608/884.
[INFO] Enola: Solve for Rydberg stage 609/884.
[INFO] Enola: Solve for Rydberg stage 610/884.
[INFO] Enola: Solve for Rydberg stage 611/884.
[INFO] Enola: Solve for Rydberg stage 612/884.
[INFO] Enola: Solve for Rydberg stage 613/884.
[INFO] Enola: Solve for Rydberg stage 614/884.
[INFO] Enola: Solve for Rydberg stage 615/884.
[INFO] Enola: Solve for Rydberg stage 616/884.
[INFO] Enola: Solve for Rydberg stage 617/884.
[INFO] Enola: Solve for Rydberg stage 618/884.
[INFO] Enola: Solve for Rydberg stage 619/884.
[INFO] Enola: Solve for Rydberg stage 620/884.
[INFO] Enola: Solve for Rydberg stage 621/884.
[INFO] Enola: Solve for Rydberg stage 622/884.
[INFO] Enola: Solve for Rydberg stage 623/884.
[INFO] Enola: Solve for Rydberg stage 624/884.
[INFO] Enola: Solve for Rydberg stage 625/884.
[INFO] Enola: Solve for Rydberg stage 626/884.
[INFO] Enola: Solve for Rydberg stage 627/884.
[INFO] Enola: Solve for Rydberg stage 628/884.
[INFO] Enola: Solve for Rydberg stage 629/884.
[INFO] Enola: Solve for Rydberg stage 630/884.
[INFO] Enola: Solve for Rydberg stage 631/884.
[INFO] Enola: Solve for Rydberg stage 632/884.
[INFO] Enola: Solve for Rydberg stage 633/884.
[INFO] Enola: Solve for Rydberg stage 634/884.
[INFO] Enola: Solve for Rydberg stage 635/884.
[INFO] Enola: Solve for Rydberg stage 636/884.
[INFO] Enola: Solve for Rydberg stage 637/884.
[INFO] Enola: Solve for Rydberg stage 638/884.
[INFO] Enola: Solve for Rydberg stage 639/884.
[INFO] Enola: Solve for Rydberg stage 640/884.
[INFO] Enola: Solve for Rydberg stage 641/884.
[INFO] Enola: Solve for Rydberg stage 642/884.
[INFO] Enola: Solve for Rydberg stage 643/884.
[INFO] Enola: Solve for Rydberg stage 644/884.
[INFO] Enola: Solve for Rydberg stage 645/884.
[INFO] Enola: Solve for Rydberg stage 646/884.
[INFO] Enola: Solve for Rydberg stage 647/884.
[INFO] Enola: Solve for Rydberg stage 648/884.
[INFO] Enola: Solve for Rydberg stage 649/884.
[INFO] Enola: Solve for Rydberg stage 650/884.
[INFO] Enola: Solve for Rydberg stage 651/884.
[INFO] Enola: Solve for Rydberg stage 652/884.
[INFO] Enola: Solve for Rydberg stage 653/884.
[INFO] Enola: Solve for Rydberg stage 654/884.
[INFO] Enola: Solve for Rydberg stage 655/884.
[INFO] Enola: Solve for Rydberg stage 656/884.
[INFO] Enola: Solve for Rydberg stage 657/884.
[INFO] Enola: Solve for Rydberg stage 658/884.
[INFO] Enola: Solve for Rydberg stage 659/884.
[INFO] Enola: Solve for Rydberg stage 660/884.
[INFO] Enola: Solve for Rydberg stage 661/884.
[INFO] Enola: Solve for Rydberg stage 662/884.
[INFO] Enola: Solve for Rydberg stage 663/884.
[INFO] Enola: Solve for Rydberg stage 664/884.
[INFO] Enola: Solve for Rydberg stage 665/884.
[INFO] Enola: Solve for Rydberg stage 666/884.
[INFO] Enola: Solve for Rydberg stage 667/884.
[INFO] Enola: Solve for Rydberg stage 668/884.
[INFO] Enola: Solve for Rydberg stage 669/884.
[INFO] Enola: Solve for Rydberg stage 670/884.
[INFO] Enola: Solve for Rydberg stage 671/884.
[INFO] Enola: Solve for Rydberg stage 672/884.
[INFO] Enola: Solve for Rydberg stage 673/884.
[INFO] Enola: Solve for Rydberg stage 674/884.
[INFO] Enola: Solve for Rydberg stage 675/884.
[INFO] Enola: Solve for Rydberg stage 676/884.
[INFO] Enola: Solve for Rydberg stage 677/884.
[INFO] Enola: Solve for Rydberg stage 678/884.
[INFO] Enola: Solve for Rydberg stage 679/884.
[INFO] Enola: Solve for Rydberg stage 680/884.
[INFO] Enola: Solve for Rydberg stage 681/884.
[INFO] Enola: Solve for Rydberg stage 682/884.
[INFO] Enola: Solve for Rydberg stage 683/884.
[INFO] Enola: Solve for Rydberg stage 684/884.
[INFO] Enola: Solve for Rydberg stage 685/884.
[INFO] Enola: Solve for Rydberg stage 686/884.
[INFO] Enola: Solve for Rydberg stage 687/884.
[INFO] Enola: Solve for Rydberg stage 688/884.
[INFO] Enola: Solve for Rydberg stage 689/884.
[INFO] Enola: Solve for Rydberg stage 690/884.
[INFO] Enola: Solve for Rydberg stage 691/884.
[INFO] Enola: Solve for Rydberg stage 692/884.
[INFO] Enola: Solve for Rydberg stage 693/884.
[INFO] Enola: Solve for Rydberg stage 694/884.
[INFO] Enola: Solve for Rydberg stage 695/884.
[INFO] Enola: Solve for Rydberg stage 696/884.
[INFO] Enola: Solve for Rydberg stage 697/884.
[INFO] Enola: Solve for Rydberg stage 698/884.
[INFO] Enola: Solve for Rydberg stage 699/884.
[INFO] Enola: Solve for Rydberg stage 700/884.
[INFO] Enola: Solve for Rydberg stage 701/884.
[INFO] Enola: Solve for Rydberg stage 702/884.
[INFO] Enola: Solve for Rydberg stage 703/884.
[INFO] Enola: Solve for Rydberg stage 704/884.
[INFO] Enola: Solve for Rydberg stage 705/884.
[INFO] Enola: Solve for Rydberg stage 706/884.
[INFO] Enola: Solve for Rydberg stage 707/884.
[INFO] Enola: Solve for Rydberg stage 708/884.
[INFO] Enola: Solve for Rydberg stage 709/884.
[INFO] Enola: Solve for Rydberg stage 710/884.
[INFO] Enola: Solve for Rydberg stage 711/884.
[INFO] Enola: Solve for Rydberg stage 712/884.
[INFO] Enola: Solve for Rydberg stage 713/884.
[INFO] Enola: Solve for Rydberg stage 714/884.
[INFO] Enola: Solve for Rydberg stage 715/884.
[INFO] Enola: Solve for Rydberg stage 716/884.
[INFO] Enola: Solve for Rydberg stage 717/884.
[INFO] Enola: Solve for Rydberg stage 718/884.
[INFO] Enola: Solve for Rydberg stage 719/884.
[INFO] Enola: Solve for Rydberg stage 720/884.
[INFO] Enola: Solve for Rydberg stage 721/884.
[INFO] Enola: Solve for Rydberg stage 722/884.
[INFO] Enola: Solve for Rydberg stage 723/884.
[INFO] Enola: Solve for Rydberg stage 724/884.
[INFO] Enola: Solve for Rydberg stage 725/884.
[INFO] Enola: Solve for Rydberg stage 726/884.
[INFO] Enola: Solve for Rydberg stage 727/884.
[INFO] Enola: Solve for Rydberg stage 728/884.
[INFO] Enola: Solve for Rydberg stage 729/884.
[INFO] Enola: Solve for Rydberg stage 730/884.
[INFO] Enola: Solve for Rydberg stage 731/884.
[INFO] Enola: Solve for Rydberg stage 732/884.
[INFO] Enola: Solve for Rydberg stage 733/884.
[INFO] Enola: Solve for Rydberg stage 734/884.
[INFO] Enola: Solve for Rydberg stage 735/884.
[INFO] Enola: Solve for Rydberg stage 736/884.
[INFO] Enola: Solve for Rydberg stage 737/884.
[INFO] Enola: Solve for Rydberg stage 738/884.
[INFO] Enola: Solve for Rydberg stage 739/884.
[INFO] Enola: Solve for Rydberg stage 740/884.
[INFO] Enola: Solve for Rydberg stage 741/884.
[INFO] Enola: Solve for Rydberg stage 742/884.
[INFO] Enola: Solve for Rydberg stage 743/884.
[INFO] Enola: Solve for Rydberg stage 744/884.
[INFO] Enola: Solve for Rydberg stage 745/884.
[INFO] Enola: Solve for Rydberg stage 746/884.
[INFO] Enola: Solve for Rydberg stage 747/884.
[INFO] Enola: Solve for Rydberg stage 748/884.
[INFO] Enola: Solve for Rydberg stage 749/884.
[INFO] Enola: Solve for Rydberg stage 750/884.
[INFO] Enola: Solve for Rydberg stage 751/884.
[INFO] Enola: Solve for Rydberg stage 752/884.
[INFO] Enola: Solve for Rydberg stage 753/884.
[INFO] Enola: Solve for Rydberg stage 754/884.
[INFO] Enola: Solve for Rydberg stage 755/884.
[INFO] Enola: Solve for Rydberg stage 756/884.
[INFO] Enola: Solve for Rydberg stage 757/884.
[INFO] Enola: Solve for Rydberg stage 758/884.
[INFO] Enola: Solve for Rydberg stage 759/884.
[INFO] Enola: Solve for Rydberg stage 760/884.
[INFO] Enola: Solve for Rydberg stage 761/884.
[INFO] Enola: Solve for Rydberg stage 762/884.
[INFO] Enola: Solve for Rydberg stage 763/884.
[INFO] Enola: Solve for Rydberg stage 764/884.
[INFO] Enola: Solve for Rydberg stage 765/884.
[INFO] Enola: Solve for Rydberg stage 766/884.
[INFO] Enola: Solve for Rydberg stage 767/884.
[INFO] Enola: Solve for Rydberg stage 768/884.
[INFO] Enola: Solve for Rydberg stage 769/884.
[INFO] Enola: Solve for Rydberg stage 770/884.
[INFO] Enola: Solve for Rydberg stage 771/884.
[INFO] Enola: Solve for Rydberg stage 772/884.
[INFO] Enola: Solve for Rydberg stage 773/884.
[INFO] Enola: Solve for Rydberg stage 774/884.
[INFO] Enola: Solve for Rydberg stage 775/884.
[INFO] Enola: Solve for Rydberg stage 776/884.
[INFO] Enola: Solve for Rydberg stage 777/884.
[INFO] Enola: Solve for Rydberg stage 778/884.
[INFO] Enola: Solve for Rydberg stage 779/884.
[INFO] Enola: Solve for Rydberg stage 780/884.
[INFO] Enola: Solve for Rydberg stage 781/884.
[INFO] Enola: Solve for Rydberg stage 782/884.
[INFO] Enola: Solve for Rydberg stage 783/884.
[INFO] Enola: Solve for Rydberg stage 784/884.
[INFO] Enola: Solve for Rydberg stage 785/884.
[INFO] Enola: Solve for Rydberg stage 786/884.
[INFO] Enola: Solve for Rydberg stage 787/884.
[INFO] Enola: Solve for Rydberg stage 788/884.
[INFO] Enola: Solve for Rydberg stage 789/884.
[INFO] Enola: Solve for Rydberg stage 790/884.
[INFO] Enola: Solve for Rydberg stage 791/884.
[INFO] Enola: Solve for Rydberg stage 792/884.
[INFO] Enola: Solve for Rydberg stage 793/884.
[INFO] Enola: Solve for Rydberg stage 794/884.
[INFO] Enola: Solve for Rydberg stage 795/884.
[INFO] Enola: Solve for Rydberg stage 796/884.
[INFO] Enola: Solve for Rydberg stage 797/884.
[INFO] Enola: Solve for Rydberg stage 798/884.
[INFO] Enola: Solve for Rydberg stage 799/884.
[INFO] Enola: Solve for Rydberg stage 800/884.
[INFO] Enola: Solve for Rydberg stage 801/884.
[INFO] Enola: Solve for Rydberg stage 802/884.
[INFO] Enola: Solve for Rydberg stage 803/884.
[INFO] Enola: Solve for Rydberg stage 804/884.
[INFO] Enola: Solve for Rydberg stage 805/884.
[INFO] Enola: Solve for Rydberg stage 806/884.
[INFO] Enola: Solve for Rydberg stage 807/884.
[INFO] Enola: Solve for Rydberg stage 808/884.
[INFO] Enola: Solve for Rydberg stage 809/884.
[INFO] Enola: Solve for Rydberg stage 810/884.
[INFO] Enola: Solve for Rydberg stage 811/884.
[INFO] Enola: Solve for Rydberg stage 812/884.
[INFO] Enola: Solve for Rydberg stage 813/884.
[INFO] Enola: Solve for Rydberg stage 814/884.
[INFO] Enola: Solve for Rydberg stage 815/884.
[INFO] Enola: Solve for Rydberg stage 816/884.
[INFO] Enola: Solve for Rydberg stage 817/884.
[INFO] Enola: Solve for Rydberg stage 818/884.
[INFO] Enola: Solve for Rydberg stage 819/884.
[INFO] Enola: Solve for Rydberg stage 820/884.
[INFO] Enola: Solve for Rydberg stage 821/884.
[INFO] Enola: Solve for Rydberg stage 822/884.
[INFO] Enola: Solve for Rydberg stage 823/884.
[INFO] Enola: Solve for Rydberg stage 824/884.
[INFO] Enola: Solve for Rydberg stage 825/884.
[INFO] Enola: Solve for Rydberg stage 826/884.
[INFO] Enola: Solve for Rydberg stage 827/884.
[INFO] Enola: Solve for Rydberg stage 828/884.
[INFO] Enola: Solve for Rydberg stage 829/884.
[INFO] Enola: Solve for Rydberg stage 830/884.
[INFO] Enola: Solve for Rydberg stage 831/884.
[INFO] Enola: Solve for Rydberg stage 832/884.
[INFO] Enola: Solve for Rydberg stage 833/884.
[INFO] Enola: Solve for Rydberg stage 834/884.
[INFO] Enola: Solve for Rydberg stage 835/884.
[INFO] Enola: Solve for Rydberg stage 836/884.
[INFO] Enola: Solve for Rydberg stage 837/884.
[INFO] Enola: Solve for Rydberg stage 838/884.
[INFO] Enola: Solve for Rydberg stage 839/884.
[INFO] Enola: Solve for Rydberg stage 840/884.
[INFO] Enola: Solve for Rydberg stage 841/884.
[INFO] Enola: Solve for Rydberg stage 842/884.
[INFO] Enola: Solve for Rydberg stage 843/884.
[INFO] Enola: Solve for Rydberg stage 844/884.
[INFO] Enola: Solve for Rydberg stage 845/884.
[INFO] Enola: Solve for Rydberg stage 846/884.
[INFO] Enola: Solve for Rydberg stage 847/884.
[INFO] Enola: Solve for Rydberg stage 848/884.
[INFO] Enola: Solve for Rydberg stage 849/884.
[INFO] Enola: Solve for Rydberg stage 850/884.
[INFO] Enola: Solve for Rydberg stage 851/884.
[INFO] Enola: Solve for Rydberg stage 852/884.
[INFO] Enola: Solve for Rydberg stage 853/884.
[INFO] Enola: Solve for Rydberg stage 854/884.
[INFO] Enola: Solve for Rydberg stage 855/884.
[INFO] Enola: Solve for Rydberg stage 856/884.
[INFO] Enola: Solve for Rydberg stage 857/884.
[INFO] Enola: Solve for Rydberg stage 858/884.
[INFO] Enola: Solve for Rydberg stage 859/884.
[INFO] Enola: Solve for Rydberg stage 860/884.
[INFO] Enola: Solve for Rydberg stage 861/884.
[INFO] Enola: Solve for Rydberg stage 862/884.
[INFO] Enola: Solve for Rydberg stage 863/884.
[INFO] Enola: Solve for Rydberg stage 864/884.
[INFO] Enola: Solve for Rydberg stage 865/884.
[INFO] Enola: Solve for Rydberg stage 866/884.
[INFO] Enola: Solve for Rydberg stage 867/884.
[INFO] Enola: Solve for Rydberg stage 868/884.
[INFO] Enola: Solve for Rydberg stage 869/884.
[INFO] Enola: Solve for Rydberg stage 870/884.
[INFO] Enola: Solve for Rydberg stage 871/884.
[INFO] Enola: Solve for Rydberg stage 872/884.
[INFO] Enola: Solve for Rydberg stage 873/884.
[INFO] Enola: Solve for Rydberg stage 874/884.
[INFO] Enola: Solve for Rydberg stage 875/884.
[INFO] Enola: Solve for Rydberg stage 876/884.
[INFO] Enola: Solve for Rydberg stage 877/884.
[INFO] Enola: Solve for Rydberg stage 878/884.
[INFO] Enola: Solve for Rydberg stage 879/884.
[INFO] Enola: Solve for Rydberg stage 880/884.
[INFO] Enola: Solve for Rydberg stage 881/884.
[INFO] Enola: Solve for Rydberg stage 882/884.
[INFO] Enola: Solve for Rydberg stage 883/884.
[INFO] Enola: Solve for Rydberg stage 884/884.
[INFO] Enola: Solve for Rydberg stage 885/884.
[INFO] Enola: Time for routing: 0.11136817932128906s
[INFO] Enola: Total Time: 2.1324269771575928s
Compilation successful.

2026-03-25 17:15:21,180 - BenchmarkManager - INFO - enola (run 1/1) - Running /u/halle/heiz/home_at/BachelorProject/benchmarks/uf_fix50_20-100/uf50-060.qasm
2026-03-25 17:15:24,183 - Compiler.enola - INFO - STDOUT:
[INFO] Enola: Start Solving
[INFO] Enola: Run scheduling
[INFO] Enola: Time for scheduling: 0.0006434917449951172s
75
[INFO] Enola: Time for placement: 9.298324584960938e-06s
[INFO] Enola: Solve for Rydberg stage 2/844.
[INFO] Enola: Solve for Rydberg stage 3/844.
[INFO] Enola: Solve for Rydberg stage 4/844.
[INFO] Enola: Solve for Rydberg stage 5/844.
[INFO] Enola: Solve for Rydberg stage 6/844.
[INFO] Enola: Solve for Rydberg stage 7/844.
[INFO] Enola: Solve for Rydberg stage 8/844.
[INFO] Enola: Solve for Rydberg stage 9/844.
[INFO] Enola: Solve for Rydberg stage 10/844.
[INFO] Enola: Solve for Rydberg stage 11/844.
[INFO] Enola: Solve for Rydberg stage 12/844.
[INFO] Enola: Solve for Rydberg stage 13/844.
[INFO] Enola: Solve for Rydberg stage 14/844.
[INFO] Enola: Solve for Rydberg stage 15/844.
[INFO] Enola: Solve for Rydberg stage 16/844.
[INFO] Enola: Solve for Rydberg stage 17/844.
[INFO] Enola: Solve for Rydberg stage 18/844.
[INFO] Enola: Solve for Rydberg stage 19/844.
[INFO] Enola: Solve for Rydberg stage 20/844.
[INFO] Enola: Solve for Rydberg stage 21/844.
[INFO] Enola: Solve for Rydberg stage 22/844.
[INFO] Enola: Solve for Rydberg stage 23/844.
[INFO] Enola: Solve for Rydberg stage 24/844.
[INFO] Enola: Solve for Rydberg stage 25/844.
[INFO] Enola: Solve for Rydberg stage 26/844.
[INFO] Enola: Solve for Rydberg stage 27/844.
[INFO] Enola: Solve for Rydberg stage 28/844.
[INFO] Enola: Solve for Rydberg stage 29/844.
[INFO] Enola: Solve for Rydberg stage 30/844.
[INFO] Enola: Solve for Rydberg stage 31/844.
[INFO] Enola: Solve for Rydberg stage 32/844.
[INFO] Enola: Solve for Rydberg stage 33/844.
[INFO] Enola: Solve for Rydberg stage 34/844.
[INFO] Enola: Solve for Rydberg stage 35/844.
[INFO] Enola: Solve for Rydberg stage 36/844.
[INFO] Enola: Solve for Rydberg stage 37/844.
[INFO] Enola: Solve for Rydberg stage 38/844.
[INFO] Enola: Solve for Rydberg stage 39/844.
[INFO] Enola: Solve for Rydberg stage 40/844.
[INFO] Enola: Solve for Rydberg stage 41/844.
[INFO] Enola: Solve for Rydberg stage 42/844.
[INFO] Enola: Solve for Rydberg stage 43/844.
[INFO] Enola: Solve for Rydberg stage 44/844.
[INFO] Enola: Solve for Rydberg stage 45/844.
[INFO] Enola: Solve for Rydberg stage 46/844.
[INFO] Enola: Solve for Rydberg stage 47/844.
[INFO] Enola: Solve for Rydberg stage 48/844.
[INFO] Enola: Solve for Rydberg stage 49/844.
[INFO] Enola: Solve for Rydberg stage 50/844.
[INFO] Enola: Solve for Rydberg stage 51/844.
[INFO] Enola: Solve for Rydberg stage 52/844.
[INFO] Enola: Solve for Rydberg stage 53/844.
[INFO] Enola: Solve for Rydberg stage 54/844.
[INFO] Enola: Solve for Rydberg stage 55/844.
[INFO] Enola: Solve for Rydberg stage 56/844.
[INFO] Enola: Solve for Rydberg stage 57/844.
[INFO] Enola: Solve for Rydberg stage 58/844.
[INFO] Enola: Solve for Rydberg stage 59/844.
[INFO] Enola: Solve for Rydberg stage 60/844.
[INFO] Enola: Solve for Rydberg stage 61/844.
[INFO] Enola: Solve for Rydberg stage 62/844.
[INFO] Enola: Solve for Rydberg stage 63/844.
[INFO] Enola: Solve for Rydberg stage 64/844.
[INFO] Enola: Solve for Rydberg stage 65/844.
[INFO] Enola: Solve for Rydberg stage 66/844.
[INFO] Enola: Solve for Rydberg stage 67/844.
[INFO] Enola: Solve for Rydberg stage 68/844.
[INFO] Enola: Solve for Rydberg stage 69/844.
[INFO] Enola: Solve for Rydberg stage 70/844.
[INFO] Enola: Solve for Rydberg stage 71/844.
[INFO] Enola: Solve for Rydberg stage 72/844.
[INFO] Enola: Solve for Rydberg stage 73/844.
[INFO] Enola: Solve for Rydberg stage 74/844.
[INFO] Enola: Solve for Rydberg stage 75/844.
[INFO] Enola: Solve for Rydberg stage 76/844.
[INFO] Enola: Solve for Rydberg stage 77/844.
[INFO] Enola: Solve for Rydberg stage 78/844.
[INFO] Enola: Solve for Rydberg stage 79/844.
[INFO] Enola: Solve for Rydberg stage 80/844.
[INFO] Enola: Solve for Rydberg stage 81/844.
[INFO] Enola: Solve for Rydberg stage 82/844.
[INFO] Enola: Solve for Rydberg stage 83/844.
[INFO] Enola: Solve for Rydberg stage 84/844.
[INFO] Enola: Solve for Rydberg stage 85/844.
[INFO] Enola: Solve for Rydberg stage 86/844.
[INFO] Enola: Solve for Rydberg stage 87/844.
[INFO] Enola: Solve for Rydberg stage 88/844.
[INFO] Enola: Solve for Rydberg stage 89/844.
[INFO] Enola: Solve for Rydberg stage 90/844.
[INFO] Enola: Solve for Rydberg stage 91/844.
[INFO] Enola: Solve for Rydberg stage 92/844.
[INFO] Enola: Solve for Rydberg stage 93/844.
[INFO] Enola: Solve for Rydberg stage 94/844.
[INFO] Enola: Solve for Rydberg stage 95/844.
[INFO] Enola: Solve for Rydberg stage 96/844.
[INFO] Enola: Solve for Rydberg stage 97/844.
[INFO] Enola: Solve for Rydberg stage 98/844.
[INFO] Enola: Solve for Rydberg stage 99/844.
[INFO] Enola: Solve for Rydberg stage 100/844.
[INFO] Enola: Solve for Rydberg stage 101/844.
[INFO] Enola: Solve for Rydberg stage 102/844.
[INFO] Enola: Solve for Rydberg stage 103/844.
[INFO] Enola: Solve for Rydberg stage 104/844.
[INFO] Enola: Solve for Rydberg stage 105/844.
[INFO] Enola: Solve for Rydberg stage 106/844.
[INFO] Enola: Solve for Rydberg stage 107/844.
[INFO] Enola: Solve for Rydberg stage 108/844.
[INFO] Enola: Solve for Rydberg stage 109/844.
[INFO] Enola: Solve for Rydberg stage 110/844.
[INFO] Enola: Solve for Rydberg stage 111/844.
[INFO] Enola: Solve for Rydberg stage 112/844.
[INFO] Enola: Solve for Rydberg stage 113/844.
[INFO] Enola: Solve for Rydberg stage 114/844.
[INFO] Enola: Solve for Rydberg stage 115/844.
[INFO] Enola: Solve for Rydberg stage 116/844.
[INFO] Enola: Solve for Rydberg stage 117/844.
[INFO] Enola: Solve for Rydberg stage 118/844.
[INFO] Enola: Solve for Rydberg stage 119/844.
[INFO] Enola: Solve for Rydberg stage 120/844.
[INFO] Enola: Solve for Rydberg stage 121/844.
[INFO] Enola: Solve for Rydberg stage 122/844.
[INFO] Enola: Solve for Rydberg stage 123/844.
[INFO] Enola: Solve for Rydberg stage 124/844.
[INFO] Enola: Solve for Rydberg stage 125/844.
[INFO] Enola: Solve for Rydberg stage 126/844.
[INFO] Enola: Solve for Rydberg stage 127/844.
[INFO] Enola: Solve for Rydberg stage 128/844.
[INFO] Enola: Solve for Rydberg stage 129/844.
[INFO] Enola: Solve for Rydberg stage 130/844.
[INFO] Enola: Solve for Rydberg stage 131/844.
[INFO] Enola: Solve for Rydberg stage 132/844.
[INFO] Enola: Solve for Rydberg stage 133/844.
[INFO] Enola: Solve for Rydberg stage 134/844.
[INFO] Enola: Solve for Rydberg stage 135/844.
[INFO] Enola: Solve for Rydberg stage 136/844.
[INFO] Enola: Solve for Rydberg stage 137/844.
[INFO] Enola: Solve for Rydberg stage 138/844.
[INFO] Enola: Solve for Rydberg stage 139/844.
[INFO] Enola: Solve for Rydberg stage 140/844.
[INFO] Enola: Solve for Rydberg stage 141/844.
[INFO] Enola: Solve for Rydberg stage 142/844.
[INFO] Enola: Solve for Rydberg stage 143/844.
[INFO] Enola: Solve for Rydberg stage 144/844.
[INFO] Enola: Solve for Rydberg stage 145/844.
[INFO] Enola: Solve for Rydberg stage 146/844.
[INFO] Enola: Solve for Rydberg stage 147/844.
[INFO] Enola: Solve for Rydberg stage 148/844.
[INFO] Enola: Solve for Rydberg stage 149/844.
[INFO] Enola: Solve for Rydberg stage 150/844.
[INFO] Enola: Solve for Rydberg stage 151/844.
[INFO] Enola: Solve for Rydberg stage 152/844.
[INFO] Enola: Solve for Rydberg stage 153/844.
[INFO] Enola: Solve for Rydberg stage 154/844.
[INFO] Enola: Solve for Rydberg stage 155/844.
[INFO] Enola: Solve for Rydberg stage 156/844.
[INFO] Enola: Solve for Rydberg stage 157/844.
[INFO] Enola: Solve for Rydberg stage 158/844.
[INFO] Enola: Solve for Rydberg stage 159/844.
[INFO] Enola: Solve for Rydberg stage 160/844.
[INFO] Enola: Solve for Rydberg stage 161/844.
[INFO] Enola: Solve for Rydberg stage 162/844.
[INFO] Enola: Solve for Rydberg stage 163/844.
[INFO] Enola: Solve for Rydberg stage 164/844.
[INFO] Enola: Solve for Rydberg stage 165/844.
[INFO] Enola: Solve for Rydberg stage 166/844.
[INFO] Enola: Solve for Rydberg stage 167/844.
[INFO] Enola: Solve for Rydberg stage 168/844.
[INFO] Enola: Solve for Rydberg stage 169/844.
[INFO] Enola: Solve for Rydberg stage 170/844.
[INFO] Enola: Solve for Rydberg stage 171/844.
[INFO] Enola: Solve for Rydberg stage 172/844.
[INFO] Enola: Solve for Rydberg stage 173/844.
[INFO] Enola: Solve for Rydberg stage 174/844.
[INFO] Enola: Solve for Rydberg stage 175/844.
[INFO] Enola: Solve for Rydberg stage 176/844.
[INFO] Enola: Solve for Rydberg stage 177/844.
[INFO] Enola: Solve for Rydberg stage 178/844.
[INFO] Enola: Solve for Rydberg stage 179/844.
[INFO] Enola: Solve for Rydberg stage 180/844.
[INFO] Enola: Solve for Rydberg stage 181/844.
[INFO] Enola: Solve for Rydberg stage 182/844.
[INFO] Enola: Solve for Rydberg stage 183/844.
[INFO] Enola: Solve for Rydberg stage 184/844.
[INFO] Enola: Solve for Rydberg stage 185/844.
[INFO] Enola: Solve for Rydberg stage 186/844.
[INFO] Enola: Solve for Rydberg stage 187/844.
[INFO] Enola: Solve for Rydberg stage 188/844.
[INFO] Enola: Solve for Rydberg stage 189/844.
[INFO] Enola: Solve for Rydberg stage 190/844.
[INFO] Enola: Solve for Rydberg stage 191/844.
[INFO] Enola: Solve for Rydberg stage 192/844.
[INFO] Enola: Solve for Rydberg stage 193/844.
[INFO] Enola: Solve for Rydberg stage 194/844.
[INFO] Enola: Solve for Rydberg stage 195/844.
[INFO] Enola: Solve for Rydberg stage 196/844.
[INFO] Enola: Solve for Rydberg stage 197/844.
[INFO] Enola: Solve for Rydberg stage 198/844.
[INFO] Enola: Solve for Rydberg stage 199/844.
[INFO] Enola: Solve for Rydberg stage 200/844.
[INFO] Enola: Solve for Rydberg stage 201/844.
[INFO] Enola: Solve for Rydberg stage 202/844.
[INFO] Enola: Solve for Rydberg stage 203/844.
[INFO] Enola: Solve for Rydberg stage 204/844.
[INFO] Enola: Solve for Rydberg stage 205/844.
[INFO] Enola: Solve for Rydberg stage 206/844.
[INFO] Enola: Solve for Rydberg stage 207/844.
[INFO] Enola: Solve for Rydberg stage 208/844.
[INFO] Enola: Solve for Rydberg stage 209/844.
[INFO] Enola: Solve for Rydberg stage 210/844.
[INFO] Enola: Solve for Rydberg stage 211/844.
[INFO] Enola: Solve for Rydberg stage 212/844.
[INFO] Enola: Solve for Rydberg stage 213/844.
[INFO] Enola: Solve for Rydberg stage 214/844.
[INFO] Enola: Solve for Rydberg stage 215/844.
[INFO] Enola: Solve for Rydberg stage 216/844.
[INFO] Enola: Solve for Rydberg stage 217/844.
[INFO] Enola: Solve for Rydberg stage 218/844.
[INFO] Enola: Solve for Rydberg stage 219/844.
[INFO] Enola: Solve for Rydberg stage 220/844.
[INFO] Enola: Solve for Rydberg stage 221/844.
[INFO] Enola: Solve for Rydberg stage 222/844.
[INFO] Enola: Solve for Rydberg stage 223/844.
[INFO] Enola: Solve for Rydberg stage 224/844.
[INFO] Enola: Solve for Rydberg stage 225/844.
[INFO] Enola: Solve for Rydberg stage 226/844.
[INFO] Enola: Solve for Rydberg stage 227/844.
[INFO] Enola: Solve for Rydberg stage 228/844.
[INFO] Enola: Solve for Rydberg stage 229/844.
[INFO] Enola: Solve for Rydberg stage 230/844.
[INFO] Enola: Solve for Rydberg stage 231/844.
[INFO] Enola: Solve for Rydberg stage 232/844.
[INFO] Enola: Solve for Rydberg stage 233/844.
[INFO] Enola: Solve for Rydberg stage 234/844.
[INFO] Enola: Solve for Rydberg stage 235/844.
[INFO] Enola: Solve for Rydberg stage 236/844.
[INFO] Enola: Solve for Rydberg stage 237/844.
[INFO] Enola: Solve for Rydberg stage 238/844.
[INFO] Enola: Solve for Rydberg stage 239/844.
[INFO] Enola: Solve for Rydberg stage 240/844.
[INFO] Enola: Solve for Rydberg stage 241/844.
[INFO] Enola: Solve for Rydberg stage 242/844.
[INFO] Enola: Solve for Rydberg stage 243/844.
[INFO] Enola: Solve for Rydberg stage 244/844.
[INFO] Enola: Solve for Rydberg stage 245/844.
[INFO] Enola: Solve for Rydberg stage 246/844.
[INFO] Enola: Solve for Rydberg stage 247/844.
[INFO] Enola: Solve for Rydberg stage 248/844.
[INFO] Enola: Solve for Rydberg stage 249/844.
[INFO] Enola: Solve for Rydberg stage 250/844.
[INFO] Enola: Solve for Rydberg stage 251/844.
[INFO] Enola: Solve for Rydberg stage 252/844.
[INFO] Enola: Solve for Rydberg stage 253/844.
[INFO] Enola: Solve for Rydberg stage 254/844.
[INFO] Enola: Solve for Rydberg stage 255/844.
[INFO] Enola: Solve for Rydberg stage 256/844.
[INFO] Enola: Solve for Rydberg stage 257/844.
[INFO] Enola: Solve for Rydberg stage 258/844.
[INFO] Enola: Solve for Rydberg stage 259/844.
[INFO] Enola: Solve for Rydberg stage 260/844.
[INFO] Enola: Solve for Rydberg stage 261/844.
[INFO] Enola: Solve for Rydberg stage 262/844.
[INFO] Enola: Solve for Rydberg stage 263/844.
[INFO] Enola: Solve for Rydberg stage 264/844.
[INFO] Enola: Solve for Rydberg stage 265/844.
[INFO] Enola: Solve for Rydberg stage 266/844.
[INFO] Enola: Solve for Rydberg stage 267/844.
[INFO] Enola: Solve for Rydberg stage 268/844.
[INFO] Enola: Solve for Rydberg stage 269/844.
[INFO] Enola: Solve for Rydberg stage 270/844.
[INFO] Enola: Solve for Rydberg stage 271/844.
[INFO] Enola: Solve for Rydberg stage 272/844.
[INFO] Enola: Solve for Rydberg stage 273/844.
[INFO] Enola: Solve for Rydberg stage 274/844.
[INFO] Enola: Solve for Rydberg stage 275/844.
[INFO] Enola: Solve for Rydberg stage 276/844.
[INFO] Enola: Solve for Rydberg stage 277/844.
[INFO] Enola: Solve for Rydberg stage 278/844.
[INFO] Enola: Solve for Rydberg stage 279/844.
[INFO] Enola: Solve for Rydberg stage 280/844.
[INFO] Enola: Solve for Rydberg stage 281/844.
[INFO] Enola: Solve for Rydberg stage 282/844.
[INFO] Enola: Solve for Rydberg stage 283/844.
[INFO] Enola: Solve for Rydberg stage 284/844.
[INFO] Enola: Solve for Rydberg stage 285/844.
[INFO] Enola: Solve for Rydberg stage 286/844.
[INFO] Enola: Solve for Rydberg stage 287/844.
[INFO] Enola: Solve for Rydberg stage 288/844.
[INFO] Enola: Solve for Rydberg stage 289/844.
[INFO] Enola: Solve for Rydberg stage 290/844.
[INFO] Enola: Solve for Rydberg stage 291/844.
[INFO] Enola: Solve for Rydberg stage 292/844.
[INFO] Enola: Solve for Rydberg stage 293/844.
[INFO] Enola: Solve for Rydberg stage 294/844.
[INFO] Enola: Solve for Rydberg stage 295/844.
[INFO] Enola: Solve for Rydberg stage 296/844.
[INFO] Enola: Solve for Rydberg stage 297/844.
[INFO] Enola: Solve for Rydberg stage 298/844.
[INFO] Enola: Solve for Rydberg stage 299/844.
[INFO] Enola: Solve for Rydberg stage 300/844.
[INFO] Enola: Solve for Rydberg stage 301/844.
[INFO] Enola: Solve for Rydberg stage 302/844.
[INFO] Enola: Solve for Rydberg stage 303/844.
[INFO] Enola: Solve for Rydberg stage 304/844.
[INFO] Enola: Solve for Rydberg stage 305/844.
[INFO] Enola: Solve for Rydberg stage 306/844.
[INFO] Enola: Solve for Rydberg stage 307/844.
[INFO] Enola: Solve for Rydberg stage 308/844.
[INFO] Enola: Solve for Rydberg stage 309/844.
[INFO] Enola: Solve for Rydberg stage 310/844.
[INFO] Enola: Solve for Rydberg stage 311/844.
[INFO] Enola: Solve for Rydberg stage 312/844.
[INFO] Enola: Solve for Rydberg stage 313/844.
[INFO] Enola: Solve for Rydberg stage 314/844.
[INFO] Enola: Solve for Rydberg stage 315/844.
[INFO] Enola: Solve for Rydberg stage 316/844.
[INFO] Enola: Solve for Rydberg stage 317/844.
[INFO] Enola: Solve for Rydberg stage 318/844.
[INFO] Enola: Solve for Rydberg stage 319/844.
[INFO] Enola: Solve for Rydberg stage 320/844.
[INFO] Enola: Solve for Rydberg stage 321/844.
[INFO] Enola: Solve for Rydberg stage 322/844.
[INFO] Enola: Solve for Rydberg stage 323/844.
[INFO] Enola: Solve for Rydberg stage 324/844.
[INFO] Enola: Solve for Rydberg stage 325/844.
[INFO] Enola: Solve for Rydberg stage 326/844.
[INFO] Enola: Solve for Rydberg stage 327/844.
[INFO] Enola: Solve for Rydberg stage 328/844.
[INFO] Enola: Solve for Rydberg stage 329/844.
[INFO] Enola: Solve for Rydberg stage 330/844.
[INFO] Enola: Solve for Rydberg stage 331/844.
[INFO] Enola: Solve for Rydberg stage 332/844.
[INFO] Enola: Solve for Rydberg stage 333/844.
[INFO] Enola: Solve for Rydberg stage 334/844.
[INFO] Enola: Solve for Rydberg stage 335/844.
[INFO] Enola: Solve for Rydberg stage 336/844.
[INFO] Enola: Solve for Rydberg stage 337/844.
[INFO] Enola: Solve for Rydberg stage 338/844.
[INFO] Enola: Solve for Rydberg stage 339/844.
[INFO] Enola: Solve for Rydberg stage 340/844.
[INFO] Enola: Solve for Rydberg stage 341/844.
[INFO] Enola: Solve for Rydberg stage 342/844.
[INFO] Enola: Solve for Rydberg stage 343/844.
[INFO] Enola: Solve for Rydberg stage 344/844.
[INFO] Enola: Solve for Rydberg stage 345/844.
[INFO] Enola: Solve for Rydberg stage 346/844.
[INFO] Enola: Solve for Rydberg stage 347/844.
[INFO] Enola: Solve for Rydberg stage 348/844.
[INFO] Enola: Solve for Rydberg stage 349/844.
[INFO] Enola: Solve for Rydberg stage 350/844.
[INFO] Enola: Solve for Rydberg stage 351/844.
[INFO] Enola: Solve for Rydberg stage 352/844.
[INFO] Enola: Solve for Rydberg stage 353/844.
[INFO] Enola: Solve for Rydberg stage 354/844.
[INFO] Enola: Solve for Rydberg stage 355/844.
[INFO] Enola: Solve for Rydberg stage 356/844.
[INFO] Enola: Solve for Rydberg stage 357/844.
[INFO] Enola: Solve for Rydberg stage 358/844.
[INFO] Enola: Solve for Rydberg stage 359/844.
[INFO] Enola: Solve for Rydberg stage 360/844.
[INFO] Enola: Solve for Rydberg stage 361/844.
[INFO] Enola: Solve for Rydberg stage 362/844.
[INFO] Enola: Solve for Rydberg stage 363/844.
[INFO] Enola: Solve for Rydberg stage 364/844.
[INFO] Enola: Solve for Rydberg stage 365/844.
[INFO] Enola: Solve for Rydberg stage 366/844.
[INFO] Enola: Solve for Rydberg stage 367/844.
[INFO] Enola: Solve for Rydberg stage 368/844.
[INFO] Enola: Solve for Rydberg stage 369/844.
[INFO] Enola: Solve for Rydberg stage 370/844.
[INFO] Enola: Solve for Rydberg stage 371/844.
[INFO] Enola: Solve for Rydberg stage 372/844.
[INFO] Enola: Solve for Rydberg stage 373/844.
[INFO] Enola: Solve for Rydberg stage 374/844.
[INFO] Enola: Solve for Rydberg stage 375/844.
[INFO] Enola: Solve for Rydberg stage 376/844.
[INFO] Enola: Solve for Rydberg stage 377/844.
[INFO] Enola: Solve for Rydberg stage 378/844.
[INFO] Enola: Solve for Rydberg stage 379/844.
[INFO] Enola: Solve for Rydberg stage 380/844.
[INFO] Enola: Solve for Rydberg stage 381/844.
[INFO] Enola: Solve for Rydberg stage 382/844.
[INFO] Enola: Solve for Rydberg stage 383/844.
[INFO] Enola: Solve for Rydberg stage 384/844.
[INFO] Enola: Solve for Rydberg stage 385/844.
[INFO] Enola: Solve for Rydberg stage 386/844.
[INFO] Enola: Solve for Rydberg stage 387/844.
[INFO] Enola: Solve for Rydberg stage 388/844.
[INFO] Enola: Solve for Rydberg stage 389/844.
[INFO] Enola: Solve for Rydberg stage 390/844.
[INFO] Enola: Solve for Rydberg stage 391/844.
[INFO] Enola: Solve for Rydberg stage 392/844.
[INFO] Enola: Solve for Rydberg stage 393/844.
[INFO] Enola: Solve for Rydberg stage 394/844.
[INFO] Enola: Solve for Rydberg stage 395/844.
[INFO] Enola: Solve for Rydberg stage 396/844.
[INFO] Enola: Solve for Rydberg stage 397/844.
[INFO] Enola: Solve for Rydberg stage 398/844.
[INFO] Enola: Solve for Rydberg stage 399/844.
[INFO] Enola: Solve for Rydberg stage 400/844.
[INFO] Enola: Solve for Rydberg stage 401/844.
[INFO] Enola: Solve for Rydberg stage 402/844.
[INFO] Enola: Solve for Rydberg stage 403/844.
[INFO] Enola: Solve for Rydberg stage 404/844.
[INFO] Enola: Solve for Rydberg stage 405/844.
[INFO] Enola: Solve for Rydberg stage 406/844.
[INFO] Enola: Solve for Rydberg stage 407/844.
[INFO] Enola: Solve for Rydberg stage 408/844.
[INFO] Enola: Solve for Rydberg stage 409/844.
[INFO] Enola: Solve for Rydberg stage 410/844.
[INFO] Enola: Solve for Rydberg stage 411/844.
[INFO] Enola: Solve for Rydberg stage 412/844.
[INFO] Enola: Solve for Rydberg stage 413/844.
[INFO] Enola: Solve for Rydberg stage 414/844.
[INFO] Enola: Solve for Rydberg stage 415/844.
[INFO] Enola: Solve for Rydberg stage 416/844.
[INFO] Enola: Solve for Rydberg stage 417/844.
[INFO] Enola: Solve for Rydberg stage 418/844.
[INFO] Enola: Solve for Rydberg stage 419/844.
[INFO] Enola: Solve for Rydberg stage 420/844.
[INFO] Enola: Solve for Rydberg stage 421/844.
[INFO] Enola: Solve for Rydberg stage 422/844.
[INFO] Enola: Solve for Rydberg stage 423/844.
[INFO] Enola: Solve for Rydberg stage 424/844.
[INFO] Enola: Solve for Rydberg stage 425/844.
[INFO] Enola: Solve for Rydberg stage 426/844.
[INFO] Enola: Solve for Rydberg stage 427/844.
[INFO] Enola: Solve for Rydberg stage 428/844.
[INFO] Enola: Solve for Rydberg stage 429/844.
[INFO] Enola: Solve for Rydberg stage 430/844.
[INFO] Enola: Solve for Rydberg stage 431/844.
[INFO] Enola: Solve for Rydberg stage 432/844.
[INFO] Enola: Solve for Rydberg stage 433/844.
[INFO] Enola: Solve for Rydberg stage 434/844.
[INFO] Enola: Solve for Rydberg stage 435/844.
[INFO] Enola: Solve for Rydberg stage 436/844.
[INFO] Enola: Solve for Rydberg stage 437/844.
[INFO] Enola: Solve for Rydberg stage 438/844.
[INFO] Enola: Solve for Rydberg stage 439/844.
[INFO] Enola: Solve for Rydberg stage 440/844.
[INFO] Enola: Solve for Rydberg stage 441/844.
[INFO] Enola: Solve for Rydberg stage 442/844.
[INFO] Enola: Solve for Rydberg stage 443/844.
[INFO] Enola: Solve for Rydberg stage 444/844.
[INFO] Enola: Solve for Rydberg stage 445/844.
[INFO] Enola: Solve for Rydberg stage 446/844.
[INFO] Enola: Solve for Rydberg stage 447/844.
[INFO] Enola: Solve for Rydberg stage 448/844.
[INFO] Enola: Solve for Rydberg stage 449/844.
[INFO] Enola: Solve for Rydberg stage 450/844.
[INFO] Enola: Solve for Rydberg stage 451/844.
[INFO] Enola: Solve for Rydberg stage 452/844.
[INFO] Enola: Solve for Rydberg stage 453/844.
[INFO] Enola: Solve for Rydberg stage 454/844.
[INFO] Enola: Solve for Rydberg stage 455/844.
[INFO] Enola: Solve for Rydberg stage 456/844.
[INFO] Enola: Solve for Rydberg stage 457/844.
[INFO] Enola: Solve for Rydberg stage 458/844.
[INFO] Enola: Solve for Rydberg stage 459/844.
[INFO] Enola: Solve for Rydberg stage 460/844.
[INFO] Enola: Solve for Rydberg stage 461/844.
[INFO] Enola: Solve for Rydberg stage 462/844.
[INFO] Enola: Solve for Rydberg stage 463/844.
[INFO] Enola: Solve for Rydberg stage 464/844.
[INFO] Enola: Solve for Rydberg stage 465/844.
[INFO] Enola: Solve for Rydberg stage 466/844.
[INFO] Enola: Solve for Rydberg stage 467/844.
[INFO] Enola: Solve for Rydberg stage 468/844.
[INFO] Enola: Solve for Rydberg stage 469/844.
[INFO] Enola: Solve for Rydberg stage 470/844.
[INFO] Enola: Solve for Rydberg stage 471/844.
[INFO] Enola: Solve for Rydberg stage 472/844.
[INFO] Enola: Solve for Rydberg stage 473/844.
[INFO] Enola: Solve for Rydberg stage 474/844.
[INFO] Enola: Solve for Rydberg stage 475/844.
[INFO] Enola: Solve for Rydberg stage 476/844.
[INFO] Enola: Solve for Rydberg stage 477/844.
[INFO] Enola: Solve for Rydberg stage 478/844.
[INFO] Enola: Solve for Rydberg stage 479/844.
[INFO] Enola: Solve for Rydberg stage 480/844.
[INFO] Enola: Solve for Rydberg stage 481/844.
[INFO] Enola: Solve for Rydberg stage 482/844.
[INFO] Enola: Solve for Rydberg stage 483/844.
[INFO] Enola: Solve for Rydberg stage 484/844.
[INFO] Enola: Solve for Rydberg stage 485/844.
[INFO] Enola: Solve for Rydberg stage 486/844.
[INFO] Enola: Solve for Rydberg stage 487/844.
[INFO] Enola: Solve for Rydberg stage 488/844.
[INFO] Enola: Solve for Rydberg stage 489/844.
[INFO] Enola: Solve for Rydberg stage 490/844.
[INFO] Enola: Solve for Rydberg stage 491/844.
[INFO] Enola: Solve for Rydberg stage 492/844.
[INFO] Enola: Solve for Rydberg stage 493/844.
[INFO] Enola: Solve for Rydberg stage 494/844.
[INFO] Enola: Solve for Rydberg stage 495/844.
[INFO] Enola: Solve for Rydberg stage 496/844.
[INFO] Enola: Solve for Rydberg stage 497/844.
[INFO] Enola: Solve for Rydberg stage 498/844.
[INFO] Enola: Solve for Rydberg stage 499/844.
[INFO] Enola: Solve for Rydberg stage 500/844.
[INFO] Enola: Solve for Rydberg stage 501/844.
[INFO] Enola: Solve for Rydberg stage 502/844.
[INFO] Enola: Solve for Rydberg stage 503/844.
[INFO] Enola: Solve for Rydberg stage 504/844.
[INFO] Enola: Solve for Rydberg stage 505/844.
[INFO] Enola: Solve for Rydberg stage 506/844.
[INFO] Enola: Solve for Rydberg stage 507/844.
[INFO] Enola: Solve for Rydberg stage 508/844.
[INFO] Enola: Solve for Rydberg stage 509/844.
[INFO] Enola: Solve for Rydberg stage 510/844.
[INFO] Enola: Solve for Rydberg stage 511/844.
[INFO] Enola: Solve for Rydberg stage 512/844.
[INFO] Enola: Solve for Rydberg stage 513/844.
[INFO] Enola: Solve for Rydberg stage 514/844.
[INFO] Enola: Solve for Rydberg stage 515/844.
[INFO] Enola: Solve for Rydberg stage 516/844.
[INFO] Enola: Solve for Rydberg stage 517/844.
[INFO] Enola: Solve for Rydberg stage 518/844.
[INFO] Enola: Solve for Rydberg stage 519/844.
[INFO] Enola: Solve for Rydberg stage 520/844.
[INFO] Enola: Solve for Rydberg stage 521/844.
[INFO] Enola: Solve for Rydberg stage 522/844.
[INFO] Enola: Solve for Rydberg stage 523/844.
[INFO] Enola: Solve for Rydberg stage 524/844.
[INFO] Enola: Solve for Rydberg stage 525/844.
[INFO] Enola: Solve for Rydberg stage 526/844.
[INFO] Enola: Solve for Rydberg stage 527/844.
[INFO] Enola: Solve for Rydberg stage 528/844.
[INFO] Enola: Solve for Rydberg stage 529/844.
[INFO] Enola: Solve for Rydberg stage 530/844.
[INFO] Enola: Solve for Rydberg stage 531/844.
[INFO] Enola: Solve for Rydberg stage 532/844.
[INFO] Enola: Solve for Rydberg stage 533/844.
[INFO] Enola: Solve for Rydberg stage 534/844.
[INFO] Enola: Solve for Rydberg stage 535/844.
[INFO] Enola: Solve for Rydberg stage 536/844.
[INFO] Enola: Solve for Rydberg stage 537/844.
[INFO] Enola: Solve for Rydberg stage 538/844.
[INFO] Enola: Solve for Rydberg stage 539/844.
[INFO] Enola: Solve for Rydberg stage 540/844.
[INFO] Enola: Solve for Rydberg stage 541/844.
[INFO] Enola: Solve for Rydberg stage 542/844.
[INFO] Enola: Solve for Rydberg stage 543/844.
[INFO] Enola: Solve for Rydberg stage 544/844.
[INFO] Enola: Solve for Rydberg stage 545/844.
[INFO] Enola: Solve for Rydberg stage 546/844.
[INFO] Enola: Solve for Rydberg stage 547/844.
[INFO] Enola: Solve for Rydberg stage 548/844.
[INFO] Enola: Solve for Rydberg stage 549/844.
[INFO] Enola: Solve for Rydberg stage 550/844.
[INFO] Enola: Solve for Rydberg stage 551/844.
[INFO] Enola: Solve for Rydberg stage 552/844.
[INFO] Enola: Solve for Rydberg stage 553/844.
[INFO] Enola: Solve for Rydberg stage 554/844.
[INFO] Enola: Solve for Rydberg stage 555/844.
[INFO] Enola: Solve for Rydberg stage 556/844.
[INFO] Enola: Solve for Rydberg stage 557/844.
[INFO] Enola: Solve for Rydberg stage 558/844.
[INFO] Enola: Solve for Rydberg stage 559/844.
[INFO] Enola: Solve for Rydberg stage 560/844.
[INFO] Enola: Solve for Rydberg stage 561/844.
[INFO] Enola: Solve for Rydberg stage 562/844.
[INFO] Enola: Solve for Rydberg stage 563/844.
[INFO] Enola: Solve for Rydberg stage 564/844.
[INFO] Enola: Solve for Rydberg stage 565/844.
[INFO] Enola: Solve for Rydberg stage 566/844.
[INFO] Enola: Solve for Rydberg stage 567/844.
[INFO] Enola: Solve for Rydberg stage 568/844.
[INFO] Enola: Solve for Rydberg stage 569/844.
[INFO] Enola: Solve for Rydberg stage 570/844.
[INFO] Enola: Solve for Rydberg stage 571/844.
[INFO] Enola: Solve for Rydberg stage 572/844.
[INFO] Enola: Solve for Rydberg stage 573/844.
[INFO] Enola: Solve for Rydberg stage 574/844.
[INFO] Enola: Solve for Rydberg stage 575/844.
[INFO] Enola: Solve for Rydberg stage 576/844.
[INFO] Enola: Solve for Rydberg stage 577/844.
[INFO] Enola: Solve for Rydberg stage 578/844.
[INFO] Enola: Solve for Rydberg stage 579/844.
[INFO] Enola: Solve for Rydberg stage 580/844.
[INFO] Enola: Solve for Rydberg stage 581/844.
[INFO] Enola: Solve for Rydberg stage 582/844.
[INFO] Enola: Solve for Rydberg stage 583/844.
[INFO] Enola: Solve for Rydberg stage 584/844.
[INFO] Enola: Solve for Rydberg stage 585/844.
[INFO] Enola: Solve for Rydberg stage 586/844.
[INFO] Enola: Solve for Rydberg stage 587/844.
[INFO] Enola: Solve for Rydberg stage 588/844.
[INFO] Enola: Solve for Rydberg stage 589/844.
[INFO] Enola: Solve for Rydberg stage 590/844.
[INFO] Enola: Solve for Rydberg stage 591/844.
[INFO] Enola: Solve for Rydberg stage 592/844.
[INFO] Enola: Solve for Rydberg stage 593/844.
[INFO] Enola: Solve for Rydberg stage 594/844.
[INFO] Enola: Solve for Rydberg stage 595/844.
[INFO] Enola: Solve for Rydberg stage 596/844.
[INFO] Enola: Solve for Rydberg stage 597/844.
[INFO] Enola: Solve for Rydberg stage 598/844.
[INFO] Enola: Solve for Rydberg stage 599/844.
[INFO] Enola: Solve for Rydberg stage 600/844.
[INFO] Enola: Solve for Rydberg stage 601/844.
[INFO] Enola: Solve for Rydberg stage 602/844.
[INFO] Enola: Solve for Rydberg stage 603/844.
[INFO] Enola: Solve for Rydberg stage 604/844.
[INFO] Enola: Solve for Rydberg stage 605/844.
[INFO] Enola: Solve for Rydberg stage 606/844.
[INFO] Enola: Solve for Rydberg stage 607/844.
[INFO] Enola: Solve for Rydberg stage 608/844.
[INFO] Enola: Solve for Rydberg stage 609/844.
[INFO] Enola: Solve for Rydberg stage 610/844.
[INFO] Enola: Solve for Rydberg stage 611/844.
[INFO] Enola: Solve for Rydberg stage 612/844.
[INFO] Enola: Solve for Rydberg stage 613/844.
[INFO] Enola: Solve for Rydberg stage 614/844.
[INFO] Enola: Solve for Rydberg stage 615/844.
[INFO] Enola: Solve for Rydberg stage 616/844.
[INFO] Enola: Solve for Rydberg stage 617/844.
[INFO] Enola: Solve for Rydberg stage 618/844.
[INFO] Enola: Solve for Rydberg stage 619/844.
[INFO] Enola: Solve for Rydberg stage 620/844.
[INFO] Enola: Solve for Rydberg stage 621/844.
[INFO] Enola: Solve for Rydberg stage 622/844.
[INFO] Enola: Solve for Rydberg stage 623/844.
[INFO] Enola: Solve for Rydberg stage 624/844.
[INFO] Enola: Solve for Rydberg stage 625/844.
[INFO] Enola: Solve for Rydberg stage 626/844.
[INFO] Enola: Solve for Rydberg stage 627/844.
[INFO] Enola: Solve for Rydberg stage 628/844.
[INFO] Enola: Solve for Rydberg stage 629/844.
[INFO] Enola: Solve for Rydberg stage 630/844.
[INFO] Enola: Solve for Rydberg stage 631/844.
[INFO] Enola: Solve for Rydberg stage 632/844.
[INFO] Enola: Solve for Rydberg stage 633/844.
[INFO] Enola: Solve for Rydberg stage 634/844.
[INFO] Enola: Solve for Rydberg stage 635/844.
[INFO] Enola: Solve for Rydberg stage 636/844.
[INFO] Enola: Solve for Rydberg stage 637/844.
[INFO] Enola: Solve for Rydberg stage 638/844.
[INFO] Enola: Solve for Rydberg stage 639/844.
[INFO] Enola: Solve for Rydberg stage 640/844.
[INFO] Enola: Solve for Rydberg stage 641/844.
[INFO] Enola: Solve for Rydberg stage 642/844.
[INFO] Enola: Solve for Rydberg stage 643/844.
[INFO] Enola: Solve for Rydberg stage 644/844.
[INFO] Enola: Solve for Rydberg stage 645/844.
[INFO] Enola: Solve for Rydberg stage 646/844.
[INFO] Enola: Solve for Rydberg stage 647/844.
[INFO] Enola: Solve for Rydberg stage 648/844.
[INFO] Enola: Solve for Rydberg stage 649/844.
[INFO] Enola: Solve for Rydberg stage 650/844.
[INFO] Enola: Solve for Rydberg stage 651/844.
[INFO] Enola: Solve for Rydberg stage 652/844.
[INFO] Enola: Solve for Rydberg stage 653/844.
[INFO] Enola: Solve for Rydberg stage 654/844.
[INFO] Enola: Solve for Rydberg stage 655/844.
[INFO] Enola: Solve for Rydberg stage 656/844.
[INFO] Enola: Solve for Rydberg stage 657/844.
[INFO] Enola: Solve for Rydberg stage 658/844.
[INFO] Enola: Solve for Rydberg stage 659/844.
[INFO] Enola: Solve for Rydberg stage 660/844.
[INFO] Enola: Solve for Rydberg stage 661/844.
[INFO] Enola: Solve for Rydberg stage 662/844.
[INFO] Enola: Solve for Rydberg stage 663/844.
[INFO] Enola: Solve for Rydberg stage 664/844.
[INFO] Enola: Solve for Rydberg stage 665/844.
[INFO] Enola: Solve for Rydberg stage 666/844.
[INFO] Enola: Solve for Rydberg stage 667/844.
[INFO] Enola: Solve for Rydberg stage 668/844.
[INFO] Enola: Solve for Rydberg stage 669/844.
[INFO] Enola: Solve for Rydberg stage 670/844.
[INFO] Enola: Solve for Rydberg stage 671/844.
[INFO] Enola: Solve for Rydberg stage 672/844.
[INFO] Enola: Solve for Rydberg stage 673/844.
[INFO] Enola: Solve for Rydberg stage 674/844.
[INFO] Enola: Solve for Rydberg stage 675/844.
[INFO] Enola: Solve for Rydberg stage 676/844.
[INFO] Enola: Solve for Rydberg stage 677/844.
[INFO] Enola: Solve for Rydberg stage 678/844.
[INFO] Enola: Solve for Rydberg stage 679/844.
[INFO] Enola: Solve for Rydberg stage 680/844.
[INFO] Enola: Solve for Rydberg stage 681/844.
[INFO] Enola: Solve for Rydberg stage 682/844.
[INFO] Enola: Solve for Rydberg stage 683/844.
[INFO] Enola: Solve for Rydberg stage 684/844.
[INFO] Enola: Solve for Rydberg stage 685/844.
[INFO] Enola: Solve for Rydberg stage 686/844.
[INFO] Enola: Solve for Rydberg stage 687/844.
[INFO] Enola: Solve for Rydberg stage 688/844.
[INFO] Enola: Solve for Rydberg stage 689/844.
[INFO] Enola: Solve for Rydberg stage 690/844.
[INFO] Enola: Solve for Rydberg stage 691/844.
[INFO] Enola: Solve for Rydberg stage 692/844.
[INFO] Enola: Solve for Rydberg stage 693/844.
[INFO] Enola: Solve for Rydberg stage 694/844.
[INFO] Enola: Solve for Rydberg stage 695/844.
[INFO] Enola: Solve for Rydberg stage 696/844.
[INFO] Enola: Solve for Rydberg stage 697/844.
[INFO] Enola: Solve for Rydberg stage 698/844.
[INFO] Enola: Solve for Rydberg stage 699/844.
[INFO] Enola: Solve for Rydberg stage 700/844.
[INFO] Enola: Solve for Rydberg stage 701/844.
[INFO] Enola: Solve for Rydberg stage 702/844.
[INFO] Enola: Solve for Rydberg stage 703/844.
[INFO] Enola: Solve for Rydberg stage 704/844.
[INFO] Enola: Solve for Rydberg stage 705/844.
[INFO] Enola: Solve for Rydberg stage 706/844.
[INFO] Enola: Solve for Rydberg stage 707/844.
[INFO] Enola: Solve for Rydberg stage 708/844.
[INFO] Enola: Solve for Rydberg stage 709/844.
[INFO] Enola: Solve for Rydberg stage 710/844.
[INFO] Enola: Solve for Rydberg stage 711/844.
[INFO] Enola: Solve for Rydberg stage 712/844.
[INFO] Enola: Solve for Rydberg stage 713/844.
[INFO] Enola: Solve for Rydberg stage 714/844.
[INFO] Enola: Solve for Rydberg stage 715/844.
[INFO] Enola: Solve for Rydberg stage 716/844.
[INFO] Enola: Solve for Rydberg stage 717/844.
[INFO] Enola: Solve for Rydberg stage 718/844.
[INFO] Enola: Solve for Rydberg stage 719/844.
[INFO] Enola: Solve for Rydberg stage 720/844.
[INFO] Enola: Solve for Rydberg stage 721/844.
[INFO] Enola: Solve for Rydberg stage 722/844.
[INFO] Enola: Solve for Rydberg stage 723/844.
[INFO] Enola: Solve for Rydberg stage 724/844.
[INFO] Enola: Solve for Rydberg stage 725/844.
[INFO] Enola: Solve for Rydberg stage 726/844.
[INFO] Enola: Solve for Rydberg stage 727/844.
[INFO] Enola: Solve for Rydberg stage 728/844.
[INFO] Enola: Solve for Rydberg stage 729/844.
[INFO] Enola: Solve for Rydberg stage 730/844.
[INFO] Enola: Solve for Rydberg stage 731/844.
[INFO] Enola: Solve for Rydberg stage 732/844.
[INFO] Enola: Solve for Rydberg stage 733/844.
[INFO] Enola: Solve for Rydberg stage 734/844.
[INFO] Enola: Solve for Rydberg stage 735/844.
[INFO] Enola: Solve for Rydberg stage 736/844.
[INFO] Enola: Solve for Rydberg stage 737/844.
[INFO] Enola: Solve for Rydberg stage 738/844.
[INFO] Enola: Solve for Rydberg stage 739/844.
[INFO] Enola: Solve for Rydberg stage 740/844.
[INFO] Enola: Solve for Rydberg stage 741/844.
[INFO] Enola: Solve for Rydberg stage 742/844.
[INFO] Enola: Solve for Rydberg stage 743/844.
[INFO] Enola: Solve for Rydberg stage 744/844.
[INFO] Enola: Solve for Rydberg stage 745/844.
[INFO] Enola: Solve for Rydberg stage 746/844.
[INFO] Enola: Solve for Rydberg stage 747/844.
[INFO] Enola: Solve for Rydberg stage 748/844.
[INFO] Enola: Solve for Rydberg stage 749/844.
[INFO] Enola: Solve for Rydberg stage 750/844.
[INFO] Enola: Solve for Rydberg stage 751/844.
[INFO] Enola: Solve for Rydberg stage 752/844.
[INFO] Enola: Solve for Rydberg stage 753/844.
[INFO] Enola: Solve for Rydberg stage 754/844.
[INFO] Enola: Solve for Rydberg stage 755/844.
[INFO] Enola: Solve for Rydberg stage 756/844.
[INFO] Enola: Solve for Rydberg stage 757/844.
[INFO] Enola: Solve for Rydberg stage 758/844.
[INFO] Enola: Solve for Rydberg stage 759/844.
[INFO] Enola: Solve for Rydberg stage 760/844.
[INFO] Enola: Solve for Rydberg stage 761/844.
[INFO] Enola: Solve for Rydberg stage 762/844.
[INFO] Enola: Solve for Rydberg stage 763/844.
[INFO] Enola: Solve for Rydberg stage 764/844.
[INFO] Enola: Solve for Rydberg stage 765/844.
[INFO] Enola: Solve for Rydberg stage 766/844.
[INFO] Enola: Solve for Rydberg stage 767/844.
[INFO] Enola: Solve for Rydberg stage 768/844.
[INFO] Enola: Solve for Rydberg stage 769/844.
[INFO] Enola: Solve for Rydberg stage 770/844.
[INFO] Enola: Solve for Rydberg stage 771/844.
[INFO] Enola: Solve for Rydberg stage 772/844.
[INFO] Enola: Solve for Rydberg stage 773/844.
[INFO] Enola: Solve for Rydberg stage 774/844.
[INFO] Enola: Solve for Rydberg stage 775/844.
[INFO] Enola: Solve for Rydberg stage 776/844.
[INFO] Enola: Solve for Rydberg stage 777/844.
[INFO] Enola: Solve for Rydberg stage 778/844.
[INFO] Enola: Solve for Rydberg stage 779/844.
[INFO] Enola: Solve for Rydberg stage 780/844.
[INFO] Enola: Solve for Rydberg stage 781/844.
[INFO] Enola: Solve for Rydberg stage 782/844.
[INFO] Enola: Solve for Rydberg stage 783/844.
[INFO] Enola: Solve for Rydberg stage 784/844.
[INFO] Enola: Solve for Rydberg stage 785/844.
[INFO] Enola: Solve for Rydberg stage 786/844.
[INFO] Enola: Solve for Rydberg stage 787/844.
[INFO] Enola: Solve for Rydberg stage 788/844.
[INFO] Enola: Solve for Rydberg stage 789/844.
[INFO] Enola: Solve for Rydberg stage 790/844.
[INFO] Enola: Solve for Rydberg stage 791/844.
[INFO] Enola: Solve for Rydberg stage 792/844.
[INFO] Enola: Solve for Rydberg stage 793/844.
[INFO] Enola: Solve for Rydberg stage 794/844.
[INFO] Enola: Solve for Rydberg stage 795/844.
[INFO] Enola: Solve for Rydberg stage 796/844.
[INFO] Enola: Solve for Rydberg stage 797/844.
[INFO] Enola: Solve for Rydberg stage 798/844.
[INFO] Enola: Solve for Rydberg stage 799/844.
[INFO] Enola: Solve for Rydberg stage 800/844.
[INFO] Enola: Solve for Rydberg stage 801/844.
[INFO] Enola: Solve for Rydberg stage 802/844.
[INFO] Enola: Solve for Rydberg stage 803/844.
[INFO] Enola: Solve for Rydberg stage 804/844.
[INFO] Enola: Solve for Rydberg stage 805/844.
[INFO] Enola: Solve for Rydberg stage 806/844.
[INFO] Enola: Solve for Rydberg stage 807/844.
[INFO] Enola: Solve for Rydberg stage 808/844.
[INFO] Enola: Solve for Rydberg stage 809/844.
[INFO] Enola: Solve for Rydberg stage 810/844.
[INFO] Enola: Solve for Rydberg stage 811/844.
[INFO] Enola: Solve for Rydberg stage 812/844.
[INFO] Enola: Solve for Rydberg stage 813/844.
[INFO] Enola: Solve for Rydberg stage 814/844.
[INFO] Enola: Solve for Rydberg stage 815/844.
[INFO] Enola: Solve for Rydberg stage 816/844.
[INFO] Enola: Solve for Rydberg stage 817/844.
[INFO] Enola: Solve for Rydberg stage 818/844.
[INFO] Enola: Solve for Rydberg stage 819/844.
[INFO] Enola: Solve for Rydberg stage 820/844.
[INFO] Enola: Solve for Rydberg stage 821/844.
[INFO] Enola: Solve for Rydberg stage 822/844.
[INFO] Enola: Solve for Rydberg stage 823/844.
[INFO] Enola: Solve for Rydberg stage 824/844.
[INFO] Enola: Solve for Rydberg stage 825/844.
[INFO] Enola: Solve for Rydberg stage 826/844.
[INFO] Enola: Solve for Rydberg stage 827/844.
[INFO] Enola: Solve for Rydberg stage 828/844.
[INFO] Enola: Solve for Rydberg stage 829/844.
[INFO] Enola: Solve for Rydberg stage 830/844.
[INFO] Enola: Solve for Rydberg stage 831/844.
[INFO] Enola: Solve for Rydberg stage 832/844.
[INFO] Enola: Solve for Rydberg stage 833/844.
[INFO] Enola: Solve for Rydberg stage 834/844.
[INFO] Enola: Solve for Rydberg stage 835/844.
[INFO] Enola: Solve for Rydberg stage 836/844.
[INFO] Enola: Solve for Rydberg stage 837/844.
[INFO] Enola: Solve for Rydberg stage 838/844.
[INFO] Enola: Solve for Rydberg stage 839/844.
[INFO] Enola: Solve for Rydberg stage 840/844.
[INFO] Enola: Solve for Rydberg stage 841/844.
[INFO] Enola: Solve for Rydberg stage 842/844.
[INFO] Enola: Solve for Rydberg stage 843/844.
[INFO] Enola: Solve for Rydberg stage 844/844.
[INFO] Enola: Solve for Rydberg stage 845/844.
[INFO] Enola: Time for routing: 0.11234712600708008s
[INFO] Enola: Total Time: 2.006847858428955s
Compilation successful.

2026-03-25 17:15:24,276 - BenchmarkManager - INFO - enola (run 1/1) - Running /u/halle/heiz/home_at/BachelorProject/benchmarks/uf_fix50_20-100/uf50-080.qasm
2026-03-25 17:15:27,368 - Compiler.enola - INFO - STDOUT:
[INFO] Enola: Start Solving
[INFO] Enola: Run scheduling
[INFO] Enola: Time for scheduling: 0.0006763935089111328s
75
[INFO] Enola: Time for placement: 8.821487426757812e-06s
[INFO] Enola: Solve for Rydberg stage 2/921.
[INFO] Enola: Solve for Rydberg stage 3/921.
[INFO] Enola: Solve for Rydberg stage 4/921.
[INFO] Enola: Solve for Rydberg stage 5/921.
[INFO] Enola: Solve for Rydberg stage 6/921.
[INFO] Enola: Solve for Rydberg stage 7/921.
[INFO] Enola: Solve for Rydberg stage 8/921.
[INFO] Enola: Solve for Rydberg stage 9/921.
[INFO] Enola: Solve for Rydberg stage 10/921.
[INFO] Enola: Solve for Rydberg stage 11/921.
[INFO] Enola: Solve for Rydberg stage 12/921.
[INFO] Enola: Solve for Rydberg stage 13/921.
[INFO] Enola: Solve for Rydberg stage 14/921.
[INFO] Enola: Solve for Rydberg stage 15/921.
[INFO] Enola: Solve for Rydberg stage 16/921.
[INFO] Enola: Solve for Rydberg stage 17/921.
[INFO] Enola: Solve for Rydberg stage 18/921.
[INFO] Enola: Solve for Rydberg stage 19/921.
[INFO] Enola: Solve for Rydberg stage 20/921.
[INFO] Enola: Solve for Rydberg stage 21/921.
[INFO] Enola: Solve for Rydberg stage 22/921.
[INFO] Enola: Solve for Rydberg stage 23/921.
[INFO] Enola: Solve for Rydberg stage 24/921.
[INFO] Enola: Solve for Rydberg stage 25/921.
[INFO] Enola: Solve for Rydberg stage 26/921.
[INFO] Enola: Solve for Rydberg stage 27/921.
[INFO] Enola: Solve for Rydberg stage 28/921.
[INFO] Enola: Solve for Rydberg stage 29/921.
[INFO] Enola: Solve for Rydberg stage 30/921.
[INFO] Enola: Solve for Rydberg stage 31/921.
[INFO] Enola: Solve for Rydberg stage 32/921.
[INFO] Enola: Solve for Rydberg stage 33/921.
[INFO] Enola: Solve for Rydberg stage 34/921.
[INFO] Enola: Solve for Rydberg stage 35/921.
[INFO] Enola: Solve for Rydberg stage 36/921.
[INFO] Enola: Solve for Rydberg stage 37/921.
[INFO] Enola: Solve for Rydberg stage 38/921.
[INFO] Enola: Solve for Rydberg stage 39/921.
[INFO] Enola: Solve for Rydberg stage 40/921.
[INFO] Enola: Solve for Rydberg stage 41/921.
[INFO] Enola: Solve for Rydberg stage 42/921.
[INFO] Enola: Solve for Rydberg stage 43/921.
[INFO] Enola: Solve for Rydberg stage 44/921.
[INFO] Enola: Solve for Rydberg stage 45/921.
[INFO] Enola: Solve for Rydberg stage 46/921.
[INFO] Enola: Solve for Rydberg stage 47/921.
[INFO] Enola: Solve for Rydberg stage 48/921.
[INFO] Enola: Solve for Rydberg stage 49/921.
[INFO] Enola: Solve for Rydberg stage 50/921.
[INFO] Enola: Solve for Rydberg stage 51/921.
[INFO] Enola: Solve for Rydberg stage 52/921.
[INFO] Enola: Solve for Rydberg stage 53/921.
[INFO] Enola: Solve for Rydberg stage 54/921.
[INFO] Enola: Solve for Rydberg stage 55/921.
[INFO] Enola: Solve for Rydberg stage 56/921.
[INFO] Enola: Solve for Rydberg stage 57/921.
[INFO] Enola: Solve for Rydberg stage 58/921.
[INFO] Enola: Solve for Rydberg stage 59/921.
[INFO] Enola: Solve for Rydberg stage 60/921.
[INFO] Enola: Solve for Rydberg stage 61/921.
[INFO] Enola: Solve for Rydberg stage 62/921.
[INFO] Enola: Solve for Rydberg stage 63/921.
[INFO] Enola: Solve for Rydberg stage 64/921.
[INFO] Enola: Solve for Rydberg stage 65/921.
[INFO] Enola: Solve for Rydberg stage 66/921.
[INFO] Enola: Solve for Rydberg stage 67/921.
[INFO] Enola: Solve for Rydberg stage 68/921.
[INFO] Enola: Solve for Rydberg stage 69/921.
[INFO] Enola: Solve for Rydberg stage 70/921.
[INFO] Enola: Solve for Rydberg stage 71/921.
[INFO] Enola: Solve for Rydberg stage 72/921.
[INFO] Enola: Solve for Rydberg stage 73/921.
[INFO] Enola: Solve for Rydberg stage 74/921.
[INFO] Enola: Solve for Rydberg stage 75/921.
[INFO] Enola: Solve for Rydberg stage 76/921.
[INFO] Enola: Solve for Rydberg stage 77/921.
[INFO] Enola: Solve for Rydberg stage 78/921.
[INFO] Enola: Solve for Rydberg stage 79/921.
[INFO] Enola: Solve for Rydberg stage 80/921.
[INFO] Enola: Solve for Rydberg stage 81/921.
[INFO] Enola: Solve for Rydberg stage 82/921.
[INFO] Enola: Solve for Rydberg stage 83/921.
[INFO] Enola: Solve for Rydberg stage 84/921.
[INFO] Enola: Solve for Rydberg stage 85/921.
[INFO] Enola: Solve for Rydberg stage 86/921.
[INFO] Enola: Solve for Rydberg stage 87/921.
[INFO] Enola: Solve for Rydberg stage 88/921.
[INFO] Enola: Solve for Rydberg stage 89/921.
[INFO] Enola: Solve for Rydberg stage 90/921.
[INFO] Enola: Solve for Rydberg stage 91/921.
[INFO] Enola: Solve for Rydberg stage 92/921.
[INFO] Enola: Solve for Rydberg stage 93/921.
[INFO] Enola: Solve for Rydberg stage 94/921.
[INFO] Enola: Solve for Rydberg stage 95/921.
[INFO] Enola: Solve for Rydberg stage 96/921.
[INFO] Enola: Solve for Rydberg stage 97/921.
[INFO] Enola: Solve for Rydberg stage 98/921.
[INFO] Enola: Solve for Rydberg stage 99/921.
[INFO] Enola: Solve for Rydberg stage 100/921.
[INFO] Enola: Solve for Rydberg stage 101/921.
[INFO] Enola: Solve for Rydberg stage 102/921.
[INFO] Enola: Solve for Rydberg stage 103/921.
[INFO] Enola: Solve for Rydberg stage 104/921.
[INFO] Enola: Solve for Rydberg stage 105/921.
[INFO] Enola: Solve for Rydberg stage 106/921.
[INFO] Enola: Solve for Rydberg stage 107/921.
[INFO] Enola: Solve for Rydberg stage 108/921.
[INFO] Enola: Solve for Rydberg stage 109/921.
[INFO] Enola: Solve for Rydberg stage 110/921.
[INFO] Enola: Solve for Rydberg stage 111/921.
[INFO] Enola: Solve for Rydberg stage 112/921.
[INFO] Enola: Solve for Rydberg stage 113/921.
[INFO] Enola: Solve for Rydberg stage 114/921.
[INFO] Enola: Solve for Rydberg stage 115/921.
[INFO] Enola: Solve for Rydberg stage 116/921.
[INFO] Enola: Solve for Rydberg stage 117/921.
[INFO] Enola: Solve for Rydberg stage 118/921.
[INFO] Enola: Solve for Rydberg stage 119/921.
[INFO] Enola: Solve for Rydberg stage 120/921.
[INFO] Enola: Solve for Rydberg stage 121/921.
[INFO] Enola: Solve for Rydberg stage 122/921.
[INFO] Enola: Solve for Rydberg stage 123/921.
[INFO] Enola: Solve for Rydberg stage 124/921.
[INFO] Enola: Solve for Rydberg stage 125/921.
[INFO] Enola: Solve for Rydberg stage 126/921.
[INFO] Enola: Solve for Rydberg stage 127/921.
[INFO] Enola: Solve for Rydberg stage 128/921.
[INFO] Enola: Solve for Rydberg stage 129/921.
[INFO] Enola: Solve for Rydberg stage 130/921.
[INFO] Enola: Solve for Rydberg stage 131/921.
[INFO] Enola: Solve for Rydberg stage 132/921.
[INFO] Enola: Solve for Rydberg stage 133/921.
[INFO] Enola: Solve for Rydberg stage 134/921.
[INFO] Enola: Solve for Rydberg stage 135/921.
[INFO] Enola: Solve for Rydberg stage 136/921.
[INFO] Enola: Solve for Rydberg stage 137/921.
[INFO] Enola: Solve for Rydberg stage 138/921.
[INFO] Enola: Solve for Rydberg stage 139/921.
[INFO] Enola: Solve for Rydberg stage 140/921.
[INFO] Enola: Solve for Rydberg stage 141/921.
[INFO] Enola: Solve for Rydberg stage 142/921.
[INFO] Enola: Solve for Rydberg stage 143/921.
[INFO] Enola: Solve for Rydberg stage 144/921.
[INFO] Enola: Solve for Rydberg stage 145/921.
[INFO] Enola: Solve for Rydberg stage 146/921.
[INFO] Enola: Solve for Rydberg stage 147/921.
[INFO] Enola: Solve for Rydberg stage 148/921.
[INFO] Enola: Solve for Rydberg stage 149/921.
[INFO] Enola: Solve for Rydberg stage 150/921.
[INFO] Enola: Solve for Rydberg stage 151/921.
[INFO] Enola: Solve for Rydberg stage 152/921.
[INFO] Enola: Solve for Rydberg stage 153/921.
[INFO] Enola: Solve for Rydberg stage 154/921.
[INFO] Enola: Solve for Rydberg stage 155/921.
[INFO] Enola: Solve for Rydberg stage 156/921.
[INFO] Enola: Solve for Rydberg stage 157/921.
[INFO] Enola: Solve for Rydberg stage 158/921.
[INFO] Enola: Solve for Rydberg stage 159/921.
[INFO] Enola: Solve for Rydberg stage 160/921.
[INFO] Enola: Solve for Rydberg stage 161/921.
[INFO] Enola: Solve for Rydberg stage 162/921.
[INFO] Enola: Solve for Rydberg stage 163/921.
[INFO] Enola: Solve for Rydberg stage 164/921.
[INFO] Enola: Solve for Rydberg stage 165/921.
[INFO] Enola: Solve for Rydberg stage 166/921.
[INFO] Enola: Solve for Rydberg stage 167/921.
[INFO] Enola: Solve for Rydberg stage 168/921.
[INFO] Enola: Solve for Rydberg stage 169/921.
[INFO] Enola: Solve for Rydberg stage 170/921.
[INFO] Enola: Solve for Rydberg stage 171/921.
[INFO] Enola: Solve for Rydberg stage 172/921.
[INFO] Enola: Solve for Rydberg stage 173/921.
[INFO] Enola: Solve for Rydberg stage 174/921.
[INFO] Enola: Solve for Rydberg stage 175/921.
[INFO] Enola: Solve for Rydberg stage 176/921.
[INFO] Enola: Solve for Rydberg stage 177/921.
[INFO] Enola: Solve for Rydberg stage 178/921.
[INFO] Enola: Solve for Rydberg stage 179/921.
[INFO] Enola: Solve for Rydberg stage 180/921.
[INFO] Enola: Solve for Rydberg stage 181/921.
[INFO] Enola: Solve for Rydberg stage 182/921.
[INFO] Enola: Solve for Rydberg stage 183/921.
[INFO] Enola: Solve for Rydberg stage 184/921.
[INFO] Enola: Solve for Rydberg stage 185/921.
[INFO] Enola: Solve for Rydberg stage 186/921.
[INFO] Enola: Solve for Rydberg stage 187/921.
[INFO] Enola: Solve for Rydberg stage 188/921.
[INFO] Enola: Solve for Rydberg stage 189/921.
[INFO] Enola: Solve for Rydberg stage 190/921.
[INFO] Enola: Solve for Rydberg stage 191/921.
[INFO] Enola: Solve for Rydberg stage 192/921.
[INFO] Enola: Solve for Rydberg stage 193/921.
[INFO] Enola: Solve for Rydberg stage 194/921.
[INFO] Enola: Solve for Rydberg stage 195/921.
[INFO] Enola: Solve for Rydberg stage 196/921.
[INFO] Enola: Solve for Rydberg stage 197/921.
[INFO] Enola: Solve for Rydberg stage 198/921.
[INFO] Enola: Solve for Rydberg stage 199/921.
[INFO] Enola: Solve for Rydberg stage 200/921.
[INFO] Enola: Solve for Rydberg stage 201/921.
[INFO] Enola: Solve for Rydberg stage 202/921.
[INFO] Enola: Solve for Rydberg stage 203/921.
[INFO] Enola: Solve for Rydberg stage 204/921.
[INFO] Enola: Solve for Rydberg stage 205/921.
[INFO] Enola: Solve for Rydberg stage 206/921.
[INFO] Enola: Solve for Rydberg stage 207/921.
[INFO] Enola: Solve for Rydberg stage 208/921.
[INFO] Enola: Solve for Rydberg stage 209/921.
[INFO] Enola: Solve for Rydberg stage 210/921.
[INFO] Enola: Solve for Rydberg stage 211/921.
[INFO] Enola: Solve for Rydberg stage 212/921.
[INFO] Enola: Solve for Rydberg stage 213/921.
[INFO] Enola: Solve for Rydberg stage 214/921.
[INFO] Enola: Solve for Rydberg stage 215/921.
[INFO] Enola: Solve for Rydberg stage 216/921.
[INFO] Enola: Solve for Rydberg stage 217/921.
[INFO] Enola: Solve for Rydberg stage 218/921.
[INFO] Enola: Solve for Rydberg stage 219/921.
[INFO] Enola: Solve for Rydberg stage 220/921.
[INFO] Enola: Solve for Rydberg stage 221/921.
[INFO] Enola: Solve for Rydberg stage 222/921.
[INFO] Enola: Solve for Rydberg stage 223/921.
[INFO] Enola: Solve for Rydberg stage 224/921.
[INFO] Enola: Solve for Rydberg stage 225/921.
[INFO] Enola: Solve for Rydberg stage 226/921.
[INFO] Enola: Solve for Rydberg stage 227/921.
[INFO] Enola: Solve for Rydberg stage 228/921.
[INFO] Enola: Solve for Rydberg stage 229/921.
[INFO] Enola: Solve for Rydberg stage 230/921.
[INFO] Enola: Solve for Rydberg stage 231/921.
[INFO] Enola: Solve for Rydberg stage 232/921.
[INFO] Enola: Solve for Rydberg stage 233/921.
[INFO] Enola: Solve for Rydberg stage 234/921.
[INFO] Enola: Solve for Rydberg stage 235/921.
[INFO] Enola: Solve for Rydberg stage 236/921.
[INFO] Enola: Solve for Rydberg stage 237/921.
[INFO] Enola: Solve for Rydberg stage 238/921.
[INFO] Enola: Solve for Rydberg stage 239/921.
[INFO] Enola: Solve for Rydberg stage 240/921.
[INFO] Enola: Solve for Rydberg stage 241/921.
[INFO] Enola: Solve for Rydberg stage 242/921.
[INFO] Enola: Solve for Rydberg stage 243/921.
[INFO] Enola: Solve for Rydberg stage 244/921.
[INFO] Enola: Solve for Rydberg stage 245/921.
[INFO] Enola: Solve for Rydberg stage 246/921.
[INFO] Enola: Solve for Rydberg stage 247/921.
[INFO] Enola: Solve for Rydberg stage 248/921.
[INFO] Enola: Solve for Rydberg stage 249/921.
[INFO] Enola: Solve for Rydberg stage 250/921.
[INFO] Enola: Solve for Rydberg stage 251/921.
[INFO] Enola: Solve for Rydberg stage 252/921.
[INFO] Enola: Solve for Rydberg stage 253/921.
[INFO] Enola: Solve for Rydberg stage 254/921.
[INFO] Enola: Solve for Rydberg stage 255/921.
[INFO] Enola: Solve for Rydberg stage 256/921.
[INFO] Enola: Solve for Rydberg stage 257/921.
[INFO] Enola: Solve for Rydberg stage 258/921.
[INFO] Enola: Solve for Rydberg stage 259/921.
[INFO] Enola: Solve for Rydberg stage 260/921.
[INFO] Enola: Solve for Rydberg stage 261/921.
[INFO] Enola: Solve for Rydberg stage 262/921.
[INFO] Enola: Solve for Rydberg stage 263/921.
[INFO] Enola: Solve for Rydberg stage 264/921.
[INFO] Enola: Solve for Rydberg stage 265/921.
[INFO] Enola: Solve for Rydberg stage 266/921.
[INFO] Enola: Solve for Rydberg stage 267/921.
[INFO] Enola: Solve for Rydberg stage 268/921.
[INFO] Enola: Solve for Rydberg stage 269/921.
[INFO] Enola: Solve for Rydberg stage 270/921.
[INFO] Enola: Solve for Rydberg stage 271/921.
[INFO] Enola: Solve for Rydberg stage 272/921.
[INFO] Enola: Solve for Rydberg stage 273/921.
[INFO] Enola: Solve for Rydberg stage 274/921.
[INFO] Enola: Solve for Rydberg stage 275/921.
[INFO] Enola: Solve for Rydberg stage 276/921.
[INFO] Enola: Solve for Rydberg stage 277/921.
[INFO] Enola: Solve for Rydberg stage 278/921.
[INFO] Enola: Solve for Rydberg stage 279/921.
[INFO] Enola: Solve for Rydberg stage 280/921.
[INFO] Enola: Solve for Rydberg stage 281/921.
[INFO] Enola: Solve for Rydberg stage 282/921.
[INFO] Enola: Solve for Rydberg stage 283/921.
[INFO] Enola: Solve for Rydberg stage 284/921.
[INFO] Enola: Solve for Rydberg stage 285/921.
[INFO] Enola: Solve for Rydberg stage 286/921.
[INFO] Enola: Solve for Rydberg stage 287/921.
[INFO] Enola: Solve for Rydberg stage 288/921.
[INFO] Enola: Solve for Rydberg stage 289/921.
[INFO] Enola: Solve for Rydberg stage 290/921.
[INFO] Enola: Solve for Rydberg stage 291/921.
[INFO] Enola: Solve for Rydberg stage 292/921.
[INFO] Enola: Solve for Rydberg stage 293/921.
[INFO] Enola: Solve for Rydberg stage 294/921.
[INFO] Enola: Solve for Rydberg stage 295/921.
[INFO] Enola: Solve for Rydberg stage 296/921.
[INFO] Enola: Solve for Rydberg stage 297/921.
[INFO] Enola: Solve for Rydberg stage 298/921.
[INFO] Enola: Solve for Rydberg stage 299/921.
[INFO] Enola: Solve for Rydberg stage 300/921.
[INFO] Enola: Solve for Rydberg stage 301/921.
[INFO] Enola: Solve for Rydberg stage 302/921.
[INFO] Enola: Solve for Rydberg stage 303/921.
[INFO] Enola: Solve for Rydberg stage 304/921.
[INFO] Enola: Solve for Rydberg stage 305/921.
[INFO] Enola: Solve for Rydberg stage 306/921.
[INFO] Enola: Solve for Rydberg stage 307/921.
[INFO] Enola: Solve for Rydberg stage 308/921.
[INFO] Enola: Solve for Rydberg stage 309/921.
[INFO] Enola: Solve for Rydberg stage 310/921.
[INFO] Enola: Solve for Rydberg stage 311/921.
[INFO] Enola: Solve for Rydberg stage 312/921.
[INFO] Enola: Solve for Rydberg stage 313/921.
[INFO] Enola: Solve for Rydberg stage 314/921.
[INFO] Enola: Solve for Rydberg stage 315/921.
[INFO] Enola: Solve for Rydberg stage 316/921.
[INFO] Enola: Solve for Rydberg stage 317/921.
[INFO] Enola: Solve for Rydberg stage 318/921.
[INFO] Enola: Solve for Rydberg stage 319/921.
[INFO] Enola: Solve for Rydberg stage 320/921.
[INFO] Enola: Solve for Rydberg stage 321/921.
[INFO] Enola: Solve for Rydberg stage 322/921.
[INFO] Enola: Solve for Rydberg stage 323/921.
[INFO] Enola: Solve for Rydberg stage 324/921.
[INFO] Enola: Solve for Rydberg stage 325/921.
[INFO] Enola: Solve for Rydberg stage 326/921.
[INFO] Enola: Solve for Rydberg stage 327/921.
[INFO] Enola: Solve for Rydberg stage 328/921.
[INFO] Enola: Solve for Rydberg stage 329/921.
[INFO] Enola: Solve for Rydberg stage 330/921.
[INFO] Enola: Solve for Rydberg stage 331/921.
[INFO] Enola: Solve for Rydberg stage 332/921.
[INFO] Enola: Solve for Rydberg stage 333/921.
[INFO] Enola: Solve for Rydberg stage 334/921.
[INFO] Enola: Solve for Rydberg stage 335/921.
[INFO] Enola: Solve for Rydberg stage 336/921.
[INFO] Enola: Solve for Rydberg stage 337/921.
[INFO] Enola: Solve for Rydberg stage 338/921.
[INFO] Enola: Solve for Rydberg stage 339/921.
[INFO] Enola: Solve for Rydberg stage 340/921.
[INFO] Enola: Solve for Rydberg stage 341/921.
[INFO] Enola: Solve for Rydberg stage 342/921.
[INFO] Enola: Solve for Rydberg stage 343/921.
[INFO] Enola: Solve for Rydberg stage 344/921.
[INFO] Enola: Solve for Rydberg stage 345/921.
[INFO] Enola: Solve for Rydberg stage 346/921.
[INFO] Enola: Solve for Rydberg stage 347/921.
[INFO] Enola: Solve for Rydberg stage 348/921.
[INFO] Enola: Solve for Rydberg stage 349/921.
[INFO] Enola: Solve for Rydberg stage 350/921.
[INFO] Enola: Solve for Rydberg stage 351/921.
[INFO] Enola: Solve for Rydberg stage 352/921.
[INFO] Enola: Solve for Rydberg stage 353/921.
[INFO] Enola: Solve for Rydberg stage 354/921.
[INFO] Enola: Solve for Rydberg stage 355/921.
[INFO] Enola: Solve for Rydberg stage 356/921.
[INFO] Enola: Solve for Rydberg stage 357/921.
[INFO] Enola: Solve for Rydberg stage 358/921.
[INFO] Enola: Solve for Rydberg stage 359/921.
[INFO] Enola: Solve for Rydberg stage 360/921.
[INFO] Enola: Solve for Rydberg stage 361/921.
[INFO] Enola: Solve for Rydberg stage 362/921.
[INFO] Enola: Solve for Rydberg stage 363/921.
[INFO] Enola: Solve for Rydberg stage 364/921.
[INFO] Enola: Solve for Rydberg stage 365/921.
[INFO] Enola: Solve for Rydberg stage 366/921.
[INFO] Enola: Solve for Rydberg stage 367/921.
[INFO] Enola: Solve for Rydberg stage 368/921.
[INFO] Enola: Solve for Rydberg stage 369/921.
[INFO] Enola: Solve for Rydberg stage 370/921.
[INFO] Enola: Solve for Rydberg stage 371/921.
[INFO] Enola: Solve for Rydberg stage 372/921.
[INFO] Enola: Solve for Rydberg stage 373/921.
[INFO] Enola: Solve for Rydberg stage 374/921.
[INFO] Enola: Solve for Rydberg stage 375/921.
[INFO] Enola: Solve for Rydberg stage 376/921.
[INFO] Enola: Solve for Rydberg stage 377/921.
[INFO] Enola: Solve for Rydberg stage 378/921.
[INFO] Enola: Solve for Rydberg stage 379/921.
[INFO] Enola: Solve for Rydberg stage 380/921.
[INFO] Enola: Solve for Rydberg stage 381/921.
[INFO] Enola: Solve for Rydberg stage 382/921.
[INFO] Enola: Solve for Rydberg stage 383/921.
[INFO] Enola: Solve for Rydberg stage 384/921.
[INFO] Enola: Solve for Rydberg stage 385/921.
[INFO] Enola: Solve for Rydberg stage 386/921.
[INFO] Enola: Solve for Rydberg stage 387/921.
[INFO] Enola: Solve for Rydberg stage 388/921.
[INFO] Enola: Solve for Rydberg stage 389/921.
[INFO] Enola: Solve for Rydberg stage 390/921.
[INFO] Enola: Solve for Rydberg stage 391/921.
[INFO] Enola: Solve for Rydberg stage 392/921.
[INFO] Enola: Solve for Rydberg stage 393/921.
[INFO] Enola: Solve for Rydberg stage 394/921.
[INFO] Enola: Solve for Rydberg stage 395/921.
[INFO] Enola: Solve for Rydberg stage 396/921.
[INFO] Enola: Solve for Rydberg stage 397/921.
[INFO] Enola: Solve for Rydberg stage 398/921.
[INFO] Enola: Solve for Rydberg stage 399/921.
[INFO] Enola: Solve for Rydberg stage 400/921.
[INFO] Enola: Solve for Rydberg stage 401/921.
[INFO] Enola: Solve for Rydberg stage 402/921.
[INFO] Enola: Solve for Rydberg stage 403/921.
[INFO] Enola: Solve for Rydberg stage 404/921.
[INFO] Enola: Solve for Rydberg stage 405/921.
[INFO] Enola: Solve for Rydberg stage 406/921.
[INFO] Enola: Solve for Rydberg stage 407/921.
[INFO] Enola: Solve for Rydberg stage 408/921.
[INFO] Enola: Solve for Rydberg stage 409/921.
[INFO] Enola: Solve for Rydberg stage 410/921.
[INFO] Enola: Solve for Rydberg stage 411/921.
[INFO] Enola: Solve for Rydberg stage 412/921.
[INFO] Enola: Solve for Rydberg stage 413/921.
[INFO] Enola: Solve for Rydberg stage 414/921.
[INFO] Enola: Solve for Rydberg stage 415/921.
[INFO] Enola: Solve for Rydberg stage 416/921.
[INFO] Enola: Solve for Rydberg stage 417/921.
[INFO] Enola: Solve for Rydberg stage 418/921.
[INFO] Enola: Solve for Rydberg stage 419/921.
[INFO] Enola: Solve for Rydberg stage 420/921.
[INFO] Enola: Solve for Rydberg stage 421/921.
[INFO] Enola: Solve for Rydberg stage 422/921.
[INFO] Enola: Solve for Rydberg stage 423/921.
[INFO] Enola: Solve for Rydberg stage 424/921.
[INFO] Enola: Solve for Rydberg stage 425/921.
[INFO] Enola: Solve for Rydberg stage 426/921.
[INFO] Enola: Solve for Rydberg stage 427/921.
[INFO] Enola: Solve for Rydberg stage 428/921.
[INFO] Enola: Solve for Rydberg stage 429/921.
[INFO] Enola: Solve for Rydberg stage 430/921.
[INFO] Enola: Solve for Rydberg stage 431/921.
[INFO] Enola: Solve for Rydberg stage 432/921.
[INFO] Enola: Solve for Rydberg stage 433/921.
[INFO] Enola: Solve for Rydberg stage 434/921.
[INFO] Enola: Solve for Rydberg stage 435/921.
[INFO] Enola: Solve for Rydberg stage 436/921.
[INFO] Enola: Solve for Rydberg stage 437/921.
[INFO] Enola: Solve for Rydberg stage 438/921.
[INFO] Enola: Solve for Rydberg stage 439/921.
[INFO] Enola: Solve for Rydberg stage 440/921.
[INFO] Enola: Solve for Rydberg stage 441/921.
[INFO] Enola: Solve for Rydberg stage 442/921.
[INFO] Enola: Solve for Rydberg stage 443/921.
[INFO] Enola: Solve for Rydberg stage 444/921.
[INFO] Enola: Solve for Rydberg stage 445/921.
[INFO] Enola: Solve for Rydberg stage 446/921.
[INFO] Enola: Solve for Rydberg stage 447/921.
[INFO] Enola: Solve for Rydberg stage 448/921.
[INFO] Enola: Solve for Rydberg stage 449/921.
[INFO] Enola: Solve for Rydberg stage 450/921.
[INFO] Enola: Solve for Rydberg stage 451/921.
[INFO] Enola: Solve for Rydberg stage 452/921.
[INFO] Enola: Solve for Rydberg stage 453/921.
[INFO] Enola: Solve for Rydberg stage 454/921.
[INFO] Enola: Solve for Rydberg stage 455/921.
[INFO] Enola: Solve for Rydberg stage 456/921.
[INFO] Enola: Solve for Rydberg stage 457/921.
[INFO] Enola: Solve for Rydberg stage 458/921.
[INFO] Enola: Solve for Rydberg stage 459/921.
[INFO] Enola: Solve for Rydberg stage 460/921.
[INFO] Enola: Solve for Rydberg stage 461/921.
[INFO] Enola: Solve for Rydberg stage 462/921.
[INFO] Enola: Solve for Rydberg stage 463/921.
[INFO] Enola: Solve for Rydberg stage 464/921.
[INFO] Enola: Solve for Rydberg stage 465/921.
[INFO] Enola: Solve for Rydberg stage 466/921.
[INFO] Enola: Solve for Rydberg stage 467/921.
[INFO] Enola: Solve for Rydberg stage 468/921.
[INFO] Enola: Solve for Rydberg stage 469/921.
[INFO] Enola: Solve for Rydberg stage 470/921.
[INFO] Enola: Solve for Rydberg stage 471/921.
[INFO] Enola: Solve for Rydberg stage 472/921.
[INFO] Enola: Solve for Rydberg stage 473/921.
[INFO] Enola: Solve for Rydberg stage 474/921.
[INFO] Enola: Solve for Rydberg stage 475/921.
[INFO] Enola: Solve for Rydberg stage 476/921.
[INFO] Enola: Solve for Rydberg stage 477/921.
[INFO] Enola: Solve for Rydberg stage 478/921.
[INFO] Enola: Solve for Rydberg stage 479/921.
[INFO] Enola: Solve for Rydberg stage 480/921.
[INFO] Enola: Solve for Rydberg stage 481/921.
[INFO] Enola: Solve for Rydberg stage 482/921.
[INFO] Enola: Solve for Rydberg stage 483/921.
[INFO] Enola: Solve for Rydberg stage 484/921.
[INFO] Enola: Solve for Rydberg stage 485/921.
[INFO] Enola: Solve for Rydberg stage 486/921.
[INFO] Enola: Solve for Rydberg stage 487/921.
[INFO] Enola: Solve for Rydberg stage 488/921.
[INFO] Enola: Solve for Rydberg stage 489/921.
[INFO] Enola: Solve for Rydberg stage 490/921.
[INFO] Enola: Solve for Rydberg stage 491/921.
[INFO] Enola: Solve for Rydberg stage 492/921.
[INFO] Enola: Solve for Rydberg stage 493/921.
[INFO] Enola: Solve for Rydberg stage 494/921.
[INFO] Enola: Solve for Rydberg stage 495/921.
[INFO] Enola: Solve for Rydberg stage 496/921.
[INFO] Enola: Solve for Rydberg stage 497/921.
[INFO] Enola: Solve for Rydberg stage 498/921.
[INFO] Enola: Solve for Rydberg stage 499/921.
[INFO] Enola: Solve for Rydberg stage 500/921.
[INFO] Enola: Solve for Rydberg stage 501/921.
[INFO] Enola: Solve for Rydberg stage 502/921.
[INFO] Enola: Solve for Rydberg stage 503/921.
[INFO] Enola: Solve for Rydberg stage 504/921.
[INFO] Enola: Solve for Rydberg stage 505/921.
[INFO] Enola: Solve for Rydberg stage 506/921.
[INFO] Enola: Solve for Rydberg stage 507/921.
[INFO] Enola: Solve for Rydberg stage 508/921.
[INFO] Enola: Solve for Rydberg stage 509/921.
[INFO] Enola: Solve for Rydberg stage 510/921.
[INFO] Enola: Solve for Rydberg stage 511/921.
[INFO] Enola: Solve for Rydberg stage 512/921.
[INFO] Enola: Solve for Rydberg stage 513/921.
[INFO] Enola: Solve for Rydberg stage 514/921.
[INFO] Enola: Solve for Rydberg stage 515/921.
[INFO] Enola: Solve for Rydberg stage 516/921.
[INFO] Enola: Solve for Rydberg stage 517/921.
[INFO] Enola: Solve for Rydberg stage 518/921.
[INFO] Enola: Solve for Rydberg stage 519/921.
[INFO] Enola: Solve for Rydberg stage 520/921.
[INFO] Enola: Solve for Rydberg stage 521/921.
[INFO] Enola: Solve for Rydberg stage 522/921.
[INFO] Enola: Solve for Rydberg stage 523/921.
[INFO] Enola: Solve for Rydberg stage 524/921.
[INFO] Enola: Solve for Rydberg stage 525/921.
[INFO] Enola: Solve for Rydberg stage 526/921.
[INFO] Enola: Solve for Rydberg stage 527/921.
[INFO] Enola: Solve for Rydberg stage 528/921.
[INFO] Enola: Solve for Rydberg stage 529/921.
[INFO] Enola: Solve for Rydberg stage 530/921.
[INFO] Enola: Solve for Rydberg stage 531/921.
[INFO] Enola: Solve for Rydberg stage 532/921.
[INFO] Enola: Solve for Rydberg stage 533/921.
[INFO] Enola: Solve for Rydberg stage 534/921.
[INFO] Enola: Solve for Rydberg stage 535/921.
[INFO] Enola: Solve for Rydberg stage 536/921.
[INFO] Enola: Solve for Rydberg stage 537/921.
[INFO] Enola: Solve for Rydberg stage 538/921.
[INFO] Enola: Solve for Rydberg stage 539/921.
[INFO] Enola: Solve for Rydberg stage 540/921.
[INFO] Enola: Solve for Rydberg stage 541/921.
[INFO] Enola: Solve for Rydberg stage 542/921.
[INFO] Enola: Solve for Rydberg stage 543/921.
[INFO] Enola: Solve for Rydberg stage 544/921.
[INFO] Enola: Solve for Rydberg stage 545/921.
[INFO] Enola: Solve for Rydberg stage 546/921.
[INFO] Enola: Solve for Rydberg stage 547/921.
[INFO] Enola: Solve for Rydberg stage 548/921.
[INFO] Enola: Solve for Rydberg stage 549/921.
[INFO] Enola: Solve for Rydberg stage 550/921.
[INFO] Enola: Solve for Rydberg stage 551/921.
[INFO] Enola: Solve for Rydberg stage 552/921.
[INFO] Enola: Solve for Rydberg stage 553/921.
[INFO] Enola: Solve for Rydberg stage 554/921.
[INFO] Enola: Solve for Rydberg stage 555/921.
[INFO] Enola: Solve for Rydberg stage 556/921.
[INFO] Enola: Solve for Rydberg stage 557/921.
[INFO] Enola: Solve for Rydberg stage 558/921.
[INFO] Enola: Solve for Rydberg stage 559/921.
[INFO] Enola: Solve for Rydberg stage 560/921.
[INFO] Enola: Solve for Rydberg stage 561/921.
[INFO] Enola: Solve for Rydberg stage 562/921.
[INFO] Enola: Solve for Rydberg stage 563/921.
[INFO] Enola: Solve for Rydberg stage 564/921.
[INFO] Enola: Solve for Rydberg stage 565/921.
[INFO] Enola: Solve for Rydberg stage 566/921.
[INFO] Enola: Solve for Rydberg stage 567/921.
[INFO] Enola: Solve for Rydberg stage 568/921.
[INFO] Enola: Solve for Rydberg stage 569/921.
[INFO] Enola: Solve for Rydberg stage 570/921.
[INFO] Enola: Solve for Rydberg stage 571/921.
[INFO] Enola: Solve for Rydberg stage 572/921.
[INFO] Enola: Solve for Rydberg stage 573/921.
[INFO] Enola: Solve for Rydberg stage 574/921.
[INFO] Enola: Solve for Rydberg stage 575/921.
[INFO] Enola: Solve for Rydberg stage 576/921.
[INFO] Enola: Solve for Rydberg stage 577/921.
[INFO] Enola: Solve for Rydberg stage 578/921.
[INFO] Enola: Solve for Rydberg stage 579/921.
[INFO] Enola: Solve for Rydberg stage 580/921.
[INFO] Enola: Solve for Rydberg stage 581/921.
[INFO] Enola: Solve for Rydberg stage 582/921.
[INFO] Enola: Solve for Rydberg stage 583/921.
[INFO] Enola: Solve for Rydberg stage 584/921.
[INFO] Enola: Solve for Rydberg stage 585/921.
[INFO] Enola: Solve for Rydberg stage 586/921.
[INFO] Enola: Solve for Rydberg stage 587/921.
[INFO] Enola: Solve for Rydberg stage 588/921.
[INFO] Enola: Solve for Rydberg stage 589/921.
[INFO] Enola: Solve for Rydberg stage 590/921.
[INFO] Enola: Solve for Rydberg stage 591/921.
[INFO] Enola: Solve for Rydberg stage 592/921.
[INFO] Enola: Solve for Rydberg stage 593/921.
[INFO] Enola: Solve for Rydberg stage 594/921.
[INFO] Enola: Solve for Rydberg stage 595/921.
[INFO] Enola: Solve for Rydberg stage 596/921.
[INFO] Enola: Solve for Rydberg stage 597/921.
[INFO] Enola: Solve for Rydberg stage 598/921.
[INFO] Enola: Solve for Rydberg stage 599/921.
[INFO] Enola: Solve for Rydberg stage 600/921.
[INFO] Enola: Solve for Rydberg stage 601/921.
[INFO] Enola: Solve for Rydberg stage 602/921.
[INFO] Enola: Solve for Rydberg stage 603/921.
[INFO] Enola: Solve for Rydberg stage 604/921.
[INFO] Enola: Solve for Rydberg stage 605/921.
[INFO] Enola: Solve for Rydberg stage 606/921.
[INFO] Enola: Solve for Rydberg stage 607/921.
[INFO] Enola: Solve for Rydberg stage 608/921.
[INFO] Enola: Solve for Rydberg stage 609/921.
[INFO] Enola: Solve for Rydberg stage 610/921.
[INFO] Enola: Solve for Rydberg stage 611/921.
[INFO] Enola: Solve for Rydberg stage 612/921.
[INFO] Enola: Solve for Rydberg stage 613/921.
[INFO] Enola: Solve for Rydberg stage 614/921.
[INFO] Enola: Solve for Rydberg stage 615/921.
[INFO] Enola: Solve for Rydberg stage 616/921.
[INFO] Enola: Solve for Rydberg stage 617/921.
[INFO] Enola: Solve for Rydberg stage 618/921.
[INFO] Enola: Solve for Rydberg stage 619/921.
[INFO] Enola: Solve for Rydberg stage 620/921.
[INFO] Enola: Solve for Rydberg stage 621/921.
[INFO] Enola: Solve for Rydberg stage 622/921.
[INFO] Enola: Solve for Rydberg stage 623/921.
[INFO] Enola: Solve for Rydberg stage 624/921.
[INFO] Enola: Solve for Rydberg stage 625/921.
[INFO] Enola: Solve for Rydberg stage 626/921.
[INFO] Enola: Solve for Rydberg stage 627/921.
[INFO] Enola: Solve for Rydberg stage 628/921.
[INFO] Enola: Solve for Rydberg stage 629/921.
[INFO] Enola: Solve for Rydberg stage 630/921.
[INFO] Enola: Solve for Rydberg stage 631/921.
[INFO] Enola: Solve for Rydberg stage 632/921.
[INFO] Enola: Solve for Rydberg stage 633/921.
[INFO] Enola: Solve for Rydberg stage 634/921.
[INFO] Enola: Solve for Rydberg stage 635/921.
[INFO] Enola: Solve for Rydberg stage 636/921.
[INFO] Enola: Solve for Rydberg stage 637/921.
[INFO] Enola: Solve for Rydberg stage 638/921.
[INFO] Enola: Solve for Rydberg stage 639/921.
[INFO] Enola: Solve for Rydberg stage 640/921.
[INFO] Enola: Solve for Rydberg stage 641/921.
[INFO] Enola: Solve for Rydberg stage 642/921.
[INFO] Enola: Solve for Rydberg stage 643/921.
[INFO] Enola: Solve for Rydberg stage 644/921.
[INFO] Enola: Solve for Rydberg stage 645/921.
[INFO] Enola: Solve for Rydberg stage 646/921.
[INFO] Enola: Solve for Rydberg stage 647/921.
[INFO] Enola: Solve for Rydberg stage 648/921.
[INFO] Enola: Solve for Rydberg stage 649/921.
[INFO] Enola: Solve for Rydberg stage 650/921.
[INFO] Enola: Solve for Rydberg stage 651/921.
[INFO] Enola: Solve for Rydberg stage 652/921.
[INFO] Enola: Solve for Rydberg stage 653/921.
[INFO] Enola: Solve for Rydberg stage 654/921.
[INFO] Enola: Solve for Rydberg stage 655/921.
[INFO] Enola: Solve for Rydberg stage 656/921.
[INFO] Enola: Solve for Rydberg stage 657/921.
[INFO] Enola: Solve for Rydberg stage 658/921.
[INFO] Enola: Solve for Rydberg stage 659/921.
[INFO] Enola: Solve for Rydberg stage 660/921.
[INFO] Enola: Solve for Rydberg stage 661/921.
[INFO] Enola: Solve for Rydberg stage 662/921.
[INFO] Enola: Solve for Rydberg stage 663/921.
[INFO] Enola: Solve for Rydberg stage 664/921.
[INFO] Enola: Solve for Rydberg stage 665/921.
[INFO] Enola: Solve for Rydberg stage 666/921.
[INFO] Enola: Solve for Rydberg stage 667/921.
[INFO] Enola: Solve for Rydberg stage 668/921.
[INFO] Enola: Solve for Rydberg stage 669/921.
[INFO] Enola: Solve for Rydberg stage 670/921.
[INFO] Enola: Solve for Rydberg stage 671/921.
[INFO] Enola: Solve for Rydberg stage 672/921.
[INFO] Enola: Solve for Rydberg stage 673/921.
[INFO] Enola: Solve for Rydberg stage 674/921.
[INFO] Enola: Solve for Rydberg stage 675/921.
[INFO] Enola: Solve for Rydberg stage 676/921.
[INFO] Enola: Solve for Rydberg stage 677/921.
[INFO] Enola: Solve for Rydberg stage 678/921.
[INFO] Enola: Solve for Rydberg stage 679/921.
[INFO] Enola: Solve for Rydberg stage 680/921.
[INFO] Enola: Solve for Rydberg stage 681/921.
[INFO] Enola: Solve for Rydberg stage 682/921.
[INFO] Enola: Solve for Rydberg stage 683/921.
[INFO] Enola: Solve for Rydberg stage 684/921.
[INFO] Enola: Solve for Rydberg stage 685/921.
[INFO] Enola: Solve for Rydberg stage 686/921.
[INFO] Enola: Solve for Rydberg stage 687/921.
[INFO] Enola: Solve for Rydberg stage 688/921.
[INFO] Enola: Solve for Rydberg stage 689/921.
[INFO] Enola: Solve for Rydberg stage 690/921.
[INFO] Enola: Solve for Rydberg stage 691/921.
[INFO] Enola: Solve for Rydberg stage 692/921.
[INFO] Enola: Solve for Rydberg stage 693/921.
[INFO] Enola: Solve for Rydberg stage 694/921.
[INFO] Enola: Solve for Rydberg stage 695/921.
[INFO] Enola: Solve for Rydberg stage 696/921.
[INFO] Enola: Solve for Rydberg stage 697/921.
[INFO] Enola: Solve for Rydberg stage 698/921.
[INFO] Enola: Solve for Rydberg stage 699/921.
[INFO] Enola: Solve for Rydberg stage 700/921.
[INFO] Enola: Solve for Rydberg stage 701/921.
[INFO] Enola: Solve for Rydberg stage 702/921.
[INFO] Enola: Solve for Rydberg stage 703/921.
[INFO] Enola: Solve for Rydberg stage 704/921.
[INFO] Enola: Solve for Rydberg stage 705/921.
[INFO] Enola: Solve for Rydberg stage 706/921.
[INFO] Enola: Solve for Rydberg stage 707/921.
[INFO] Enola: Solve for Rydberg stage 708/921.
[INFO] Enola: Solve for Rydberg stage 709/921.
[INFO] Enola: Solve for Rydberg stage 710/921.
[INFO] Enola: Solve for Rydberg stage 711/921.
[INFO] Enola: Solve for Rydberg stage 712/921.
[INFO] Enola: Solve for Rydberg stage 713/921.
[INFO] Enola: Solve for Rydberg stage 714/921.
[INFO] Enola: Solve for Rydberg stage 715/921.
[INFO] Enola: Solve for Rydberg stage 716/921.
[INFO] Enola: Solve for Rydberg stage 717/921.
[INFO] Enola: Solve for Rydberg stage 718/921.
[INFO] Enola: Solve for Rydberg stage 719/921.
[INFO] Enola: Solve for Rydberg stage 720/921.
[INFO] Enola: Solve for Rydberg stage 721/921.
[INFO] Enola: Solve for Rydberg stage 722/921.
[INFO] Enola: Solve for Rydberg stage 723/921.
[INFO] Enola: Solve for Rydberg stage 724/921.
[INFO] Enola: Solve for Rydberg stage 725/921.
[INFO] Enola: Solve for Rydberg stage 726/921.
[INFO] Enola: Solve for Rydberg stage 727/921.
[INFO] Enola: Solve for Rydberg stage 728/921.
[INFO] Enola: Solve for Rydberg stage 729/921.
[INFO] Enola: Solve for Rydberg stage 730/921.
[INFO] Enola: Solve for Rydberg stage 731/921.
[INFO] Enola: Solve for Rydberg stage 732/921.
[INFO] Enola: Solve for Rydberg stage 733/921.
[INFO] Enola: Solve for Rydberg stage 734/921.
[INFO] Enola: Solve for Rydberg stage 735/921.
[INFO] Enola: Solve for Rydberg stage 736/921.
[INFO] Enola: Solve for Rydberg stage 737/921.
[INFO] Enola: Solve for Rydberg stage 738/921.
[INFO] Enola: Solve for Rydberg stage 739/921.
[INFO] Enola: Solve for Rydberg stage 740/921.
[INFO] Enola: Solve for Rydberg stage 741/921.
[INFO] Enola: Solve for Rydberg stage 742/921.
[INFO] Enola: Solve for Rydberg stage 743/921.
[INFO] Enola: Solve for Rydberg stage 744/921.
[INFO] Enola: Solve for Rydberg stage 745/921.
[INFO] Enola: Solve for Rydberg stage 746/921.
[INFO] Enola: Solve for Rydberg stage 747/921.
[INFO] Enola: Solve for Rydberg stage 748/921.
[INFO] Enola: Solve for Rydberg stage 749/921.
[INFO] Enola: Solve for Rydberg stage 750/921.
[INFO] Enola: Solve for Rydberg stage 751/921.
[INFO] Enola: Solve for Rydberg stage 752/921.
[INFO] Enola: Solve for Rydberg stage 753/921.
[INFO] Enola: Solve for Rydberg stage 754/921.
[INFO] Enola: Solve for Rydberg stage 755/921.
[INFO] Enola: Solve for Rydberg stage 756/921.
[INFO] Enola: Solve for Rydberg stage 757/921.
[INFO] Enola: Solve for Rydberg stage 758/921.
[INFO] Enola: Solve for Rydberg stage 759/921.
[INFO] Enola: Solve for Rydberg stage 760/921.
[INFO] Enola: Solve for Rydberg stage 761/921.
[INFO] Enola: Solve for Rydberg stage 762/921.
[INFO] Enola: Solve for Rydberg stage 763/921.
[INFO] Enola: Solve for Rydberg stage 764/921.
[INFO] Enola: Solve for Rydberg stage 765/921.
[INFO] Enola: Solve for Rydberg stage 766/921.
[INFO] Enola: Solve for Rydberg stage 767/921.
[INFO] Enola: Solve for Rydberg stage 768/921.
[INFO] Enola: Solve for Rydberg stage 769/921.
[INFO] Enola: Solve for Rydberg stage 770/921.
[INFO] Enola: Solve for Rydberg stage 771/921.
[INFO] Enola: Solve for Rydberg stage 772/921.
[INFO] Enola: Solve for Rydberg stage 773/921.
[INFO] Enola: Solve for Rydberg stage 774/921.
[INFO] Enola: Solve for Rydberg stage 775/921.
[INFO] Enola: Solve for Rydberg stage 776/921.
[INFO] Enola: Solve for Rydberg stage 777/921.
[INFO] Enola: Solve for Rydberg stage 778/921.
[INFO] Enola: Solve for Rydberg stage 779/921.
[INFO] Enola: Solve for Rydberg stage 780/921.
[INFO] Enola: Solve for Rydberg stage 781/921.
[INFO] Enola: Solve for Rydberg stage 782/921.
[INFO] Enola: Solve for Rydberg stage 783/921.
[INFO] Enola: Solve for Rydberg stage 784/921.
[INFO] Enola: Solve for Rydberg stage 785/921.
[INFO] Enola: Solve for Rydberg stage 786/921.
[INFO] Enola: Solve for Rydberg stage 787/921.
[INFO] Enola: Solve for Rydberg stage 788/921.
[INFO] Enola: Solve for Rydberg stage 789/921.
[INFO] Enola: Solve for Rydberg stage 790/921.
[INFO] Enola: Solve for Rydberg stage 791/921.
[INFO] Enola: Solve for Rydberg stage 792/921.
[INFO] Enola: Solve for Rydberg stage 793/921.
[INFO] Enola: Solve for Rydberg stage 794/921.
[INFO] Enola: Solve for Rydberg stage 795/921.
[INFO] Enola: Solve for Rydberg stage 796/921.
[INFO] Enola: Solve for Rydberg stage 797/921.
[INFO] Enola: Solve for Rydberg stage 798/921.
[INFO] Enola: Solve for Rydberg stage 799/921.
[INFO] Enola: Solve for Rydberg stage 800/921.
[INFO] Enola: Solve for Rydberg stage 801/921.
[INFO] Enola: Solve for Rydberg stage 802/921.
[INFO] Enola: Solve for Rydberg stage 803/921.
[INFO] Enola: Solve for Rydberg stage 804/921.
[INFO] Enola: Solve for Rydberg stage 805/921.
[INFO] Enola: Solve for Rydberg stage 806/921.
[INFO] Enola: Solve for Rydberg stage 807/921.
[INFO] Enola: Solve for Rydberg stage 808/921.
[INFO] Enola: Solve for Rydberg stage 809/921.
[INFO] Enola: Solve for Rydberg stage 810/921.
[INFO] Enola: Solve for Rydberg stage 811/921.
[INFO] Enola: Solve for Rydberg stage 812/921.
[INFO] Enola: Solve for Rydberg stage 813/921.
[INFO] Enola: Solve for Rydberg stage 814/921.
[INFO] Enola: Solve for Rydberg stage 815/921.
[INFO] Enola: Solve for Rydberg stage 816/921.
[INFO] Enola: Solve for Rydberg stage 817/921.
[INFO] Enola: Solve for Rydberg stage 818/921.
[INFO] Enola: Solve for Rydberg stage 819/921.
[INFO] Enola: Solve for Rydberg stage 820/921.
[INFO] Enola: Solve for Rydberg stage 821/921.
[INFO] Enola: Solve for Rydberg stage 822/921.
[INFO] Enola: Solve for Rydberg stage 823/921.
[INFO] Enola: Solve for Rydberg stage 824/921.
[INFO] Enola: Solve for Rydberg stage 825/921.
[INFO] Enola: Solve for Rydberg stage 826/921.
[INFO] Enola: Solve for Rydberg stage 827/921.
[INFO] Enola: Solve for Rydberg stage 828/921.
[INFO] Enola: Solve for Rydberg stage 829/921.
[INFO] Enola: Solve for Rydberg stage 830/921.
[INFO] Enola: Solve for Rydberg stage 831/921.
[INFO] Enola: Solve for Rydberg stage 832/921.
[INFO] Enola: Solve for Rydberg stage 833/921.
[INFO] Enola: Solve for Rydberg stage 834/921.
[INFO] Enola: Solve for Rydberg stage 835/921.
[INFO] Enola: Solve for Rydberg stage 836/921.
[INFO] Enola: Solve for Rydberg stage 837/921.
[INFO] Enola: Solve for Rydberg stage 838/921.
[INFO] Enola: Solve for Rydberg stage 839/921.
[INFO] Enola: Solve for Rydberg stage 840/921.
[INFO] Enola: Solve for Rydberg stage 841/921.
[INFO] Enola: Solve for Rydberg stage 842/921.
[INFO] Enola: Solve for Rydberg stage 843/921.
[INFO] Enola: Solve for Rydberg stage 844/921.
[INFO] Enola: Solve for Rydberg stage 845/921.
[INFO] Enola: Solve for Rydberg stage 846/921.
[INFO] Enola: Solve for Rydberg stage 847/921.
[INFO] Enola: Solve for Rydberg stage 848/921.
[INFO] Enola: Solve for Rydberg stage 849/921.
[INFO] Enola: Solve for Rydberg stage 850/921.
[INFO] Enola: Solve for Rydberg stage 851/921.
[INFO] Enola: Solve for Rydberg stage 852/921.
[INFO] Enola: Solve for Rydberg stage 853/921.
[INFO] Enola: Solve for Rydberg stage 854/921.
[INFO] Enola: Solve for Rydberg stage 855/921.
[INFO] Enola: Solve for Rydberg stage 856/921.
[INFO] Enola: Solve for Rydberg stage 857/921.
[INFO] Enola: Solve for Rydberg stage 858/921.
[INFO] Enola: Solve for Rydberg stage 859/921.
[INFO] Enola: Solve for Rydberg stage 860/921.
[INFO] Enola: Solve for Rydberg stage 861/921.
[INFO] Enola: Solve for Rydberg stage 862/921.
[INFO] Enola: Solve for Rydberg stage 863/921.
[INFO] Enola: Solve for Rydberg stage 864/921.
[INFO] Enola: Solve for Rydberg stage 865/921.
[INFO] Enola: Solve for Rydberg stage 866/921.
[INFO] Enola: Solve for Rydberg stage 867/921.
[INFO] Enola: Solve for Rydberg stage 868/921.
[INFO] Enola: Solve for Rydberg stage 869/921.
[INFO] Enola: Solve for Rydberg stage 870/921.
[INFO] Enola: Solve for Rydberg stage 871/921.
[INFO] Enola: Solve for Rydberg stage 872/921.
[INFO] Enola: Solve for Rydberg stage 873/921.
[INFO] Enola: Solve for Rydberg stage 874/921.
[INFO] Enola: Solve for Rydberg stage 875/921.
[INFO] Enola: Solve for Rydberg stage 876/921.
[INFO] Enola: Solve for Rydberg stage 877/921.
[INFO] Enola: Solve for Rydberg stage 878/921.
[INFO] Enola: Solve for Rydberg stage 879/921.
[INFO] Enola: Solve for Rydberg stage 880/921.
[INFO] Enola: Solve for Rydberg stage 881/921.
[INFO] Enola: Solve for Rydberg stage 882/921.
[INFO] Enola: Solve for Rydberg stage 883/921.
[INFO] Enola: Solve for Rydberg stage 884/921.
[INFO] Enola: Solve for Rydberg stage 885/921.
[INFO] Enola: Solve for Rydberg stage 886/921.
[INFO] Enola: Solve for Rydberg stage 887/921.
[INFO] Enola: Solve for Rydberg stage 888/921.
[INFO] Enola: Solve for Rydberg stage 889/921.
[INFO] Enola: Solve for Rydberg stage 890/921.
[INFO] Enola: Solve for Rydberg stage 891/921.
[INFO] Enola: Solve for Rydberg stage 892/921.
[INFO] Enola: Solve for Rydberg stage 893/921.
[INFO] Enola: Solve for Rydberg stage 894/921.
[INFO] Enola: Solve for Rydberg stage 895/921.
[INFO] Enola: Solve for Rydberg stage 896/921.
[INFO] Enola: Solve for Rydberg stage 897/921.
[INFO] Enola: Solve for Rydberg stage 898/921.
[INFO] Enola: Solve for Rydberg stage 899/921.
[INFO] Enola: Solve for Rydberg stage 900/921.
[INFO] Enola: Solve for Rydberg stage 901/921.
[INFO] Enola: Solve for Rydberg stage 902/921.
[INFO] Enola: Solve for Rydberg stage 903/921.
[INFO] Enola: Solve for Rydberg stage 904/921.
[INFO] Enola: Solve for Rydberg stage 905/921.
[INFO] Enola: Solve for Rydberg stage 906/921.
[INFO] Enola: Solve for Rydberg stage 907/921.
[INFO] Enola: Solve for Rydberg stage 908/921.
[INFO] Enola: Solve for Rydberg stage 909/921.
[INFO] Enola: Solve for Rydberg stage 910/921.
[INFO] Enola: Solve for Rydberg stage 911/921.
[INFO] Enola: Solve for Rydberg stage 912/921.
[INFO] Enola: Solve for Rydberg stage 913/921.
[INFO] Enola: Solve for Rydberg stage 914/921.
[INFO] Enola: Solve for Rydberg stage 915/921.
[INFO] Enola: Solve for Rydberg stage 916/921.
[INFO] Enola: Solve for Rydberg stage 917/921.
[INFO] Enola: Solve for Rydberg stage 918/921.
[INFO] Enola: Solve for Rydberg stage 919/921.
[INFO] Enola: Solve for Rydberg stage 920/921.
[INFO] Enola: Solve for Rydberg stage 921/921.
[INFO] Enola: Solve for Rydberg stage 922/921.
[INFO] Enola: Time for routing: 0.11255192756652832s
[INFO] Enola: Total Time: 2.114809989929199s
Compilation successful.

2026-03-25 17:15:27,471 - BenchmarkManager - INFO - Wrote metrics summary for enola: results/metrics/20260325_171459_arch/enola.json
