,name,num_variables,num_clauses,num_colors,compilation_time (seconds),execution_time (microseconds),eps (fidelity),#u3,#cz,#ccz,ccz_fidelity,fpqa_config
0,uuf250-07.cnf,250,1065,26,4.328754901885986,205976.75209961398,3.7299652207328856e-42,9135,3184,1558,0.9775,"{'U3_GATE_FIDELITY': 0.999, 'U3_GATE_DURATION': 0.5, 'CZ_GATE_FIDELITY': 0.995, 'CZ_GATE_DURATION': 0.2, 'CCZ_GATE_FIDELITY': 0.9775, 'CCZ_GATE_DURATION': 1, 'QUBIT_DECAY': 100000000.0, 'QUBIT_DEPHASING': 1500000.0, 'SHUTTLING_FIDELITY': 1.0, 'SHUTTLING_SPEED': 0.55, 'TRAP_SWAP_DURATION': 20, 'TRAP_SWAP_FIDELITY': 1.0, 'INTERACTION_RADIUS': 2.0, 'RESTRICTION_RADIUS': 4.0, 'TRAP_TRANSFER_PROXIMITY': 1e-05, 'AOD_BEAM_PROXIMITY': 0.001}"
1,uuf250-07.cnf,250,1065,26,4.328754901885986,205976.75209961398,1.9953044790309133e-40,9135,3184,1558,0.98,"{'U3_GATE_FIDELITY': 0.999, 'U3_GATE_DURATION': 0.5, 'CZ_GATE_FIDELITY': 0.995, 'CZ_GATE_DURATION': 0.2, 'CCZ_GATE_FIDELITY': 0.98, 'CCZ_GATE_DURATION': 1, 'QUBIT_DECAY': 100000000.0, 'QUBIT_DEPHASING': 1500000.0, 'SHUTTLING_FIDELITY': 1.0, 'SHUTTLING_SPEED': 0.55, 'TRAP_SWAP_DURATION': 20, 'TRAP_SWAP_FIDELITY': 1.0, 'INTERACTION_RADIUS': 2.0, 'RESTRICTION_RADIUS': 4.0, 'TRAP_TRANSFER_PROXIMITY': 1e-05, 'AOD_BEAM_PROXIMITY': 0.001}"
2,uuf250-07.cnf,250,1065,26,4.328754901885986,205976.75209961398,1.0565991196378978e-38,9135,3184,1558,0.9825,"{'U3_GATE_FIDELITY': 0.999, 'U3_GATE_DURATION': 0.5, 'CZ_GATE_FIDELITY': 0.995, 'CZ_GATE_DURATION': 0.2, 'CCZ_GATE_FIDELITY': 0.9825, 'CCZ_GATE_DURATION': 1, 'QUBIT_DECAY': 100000000.0, 'QUBIT_DEPHASING': 1500000.0, 'SHUTTLING_FIDELITY': 1.0, 'SHUTTLING_SPEED': 0.55, 'TRAP_SWAP_DURATION': 20, 'TRAP_SWAP_FIDELITY': 1.0, 'INTERACTION_RADIUS': 2.0, 'RESTRICTION_RADIUS': 4.0, 'TRAP_TRANSFER_PROXIMITY': 1e-05, 'AOD_BEAM_PROXIMITY': 0.001}"
3,uuf250-07.cnf,250,1065,26,4.328754901885986,205976.75209961398,5.538987229139602e-37,9135,3184,1558,0.985,"{'U3_GATE_FIDELITY': 0.999, 'U3_GATE_DURATION': 0.5, 'CZ_GATE_FIDELITY': 0.995, 'CZ_GATE_DURATION': 0.2, 'CCZ_GATE_FIDELITY': 0.985, 'CCZ_GATE_DURATION': 1, 'QUBIT_DECAY': 100000000.0, 'QUBIT_DEPHASING': 1500000.0, 'SHUTTLING_FIDELITY': 1.0, 'SHUTTLING_SPEED': 0.55, 'TRAP_SWAP_DURATION': 20, 'TRAP_SWAP_FIDELITY': 1.0, 'INTERACTION_RADIUS': 2.0, 'RESTRICTION_RADIUS': 4.0, 'TRAP_TRANSFER_PROXIMITY': 1e-05, 'AOD_BEAM_PROXIMITY': 0.001}"
4,uuf250-07.cnf,250,1065,26,4.328754901885986,205976.75209961398,2.87469481468703e-35,9135,3184,1558,0.9875,"{'U3_GATE_FIDELITY': 0.999, 'U3_GATE_DURATION': 0.5, 'CZ_GATE_FIDELITY': 0.995, 'CZ_GATE_DURATION': 0.2, 'CCZ_GATE_FIDELITY': 0.9875, 'CCZ_GATE_DURATION': 1, 'QUBIT_DECAY': 100000000.0, 'QUBIT_DEPHASING': 1500000.0, 'SHUTTLING_FIDELITY': 1.0, 'SHUTTLING_SPEED': 0.55, 'TRAP_SWAP_DURATION': 20, 'TRAP_SWAP_FIDELITY': 1.0, 'INTERACTION_RADIUS': 2.0, 'RESTRICTION_RADIUS': 4.0, 'TRAP_TRANSFER_PROXIMITY': 1e-05, 'AOD_BEAM_PROXIMITY': 0.001}"
5,uuf250-07.cnf,250,1065,26,4.328754901885986,205976.75209961398,1.477122221189646e-33,9135,3184,1558,0.99,"{'U3_GATE_FIDELITY': 0.999, 'U3_GATE_DURATION': 0.5, 'CZ_GATE_FIDELITY': 0.995, 'CZ_GATE_DURATION': 0.2, 'CCZ_GATE_FIDELITY': 0.99, 'CCZ_GATE_DURATION': 1, 'QUBIT_DECAY': 100000000.0, 'QUBIT_DEPHASING': 1500000.0, 'SHUTTLING_FIDELITY': 1.0, 'SHUTTLING_SPEED': 0.55, 'TRAP_SWAP_DURATION': 20, 'TRAP_SWAP_FIDELITY': 1.0, 'INTERACTION_RADIUS': 2.0, 'RESTRICTION_RADIUS': 4.0, 'TRAP_TRANSFER_PROXIMITY': 1e-05, 'AOD_BEAM_PROXIMITY': 0.001}"
6,uuf250-07.cnf,250,1065,26,4.328754901885986,205976.75209961398,7.514953480109951e-32,9135,3184,1558,0.9925,"{'U3_GATE_FIDELITY': 0.999, 'U3_GATE_DURATION': 0.5, 'CZ_GATE_FIDELITY': 0.995, 'CZ_GATE_DURATION': 0.2, 'CCZ_GATE_FIDELITY': 0.9925, 'CCZ_GATE_DURATION': 1, 'QUBIT_DECAY': 100000000.0, 'QUBIT_DEPHASING': 1500000.0, 'SHUTTLING_FIDELITY': 1.0, 'SHUTTLING_SPEED': 0.55, 'TRAP_SWAP_DURATION': 20, 'TRAP_SWAP_FIDELITY': 1.0, 'INTERACTION_RADIUS': 2.0, 'RESTRICTION_RADIUS': 4.0, 'TRAP_TRANSFER_PROXIMITY': 1e-05, 'AOD_BEAM_PROXIMITY': 0.001}"
7,uuf250-07.cnf,250,1065,26,4.328754901885986,205976.75209961398,3.785672588196065e-30,9135,3184,1558,0.995,"{'U3_GATE_FIDELITY': 0.999, 'U3_GATE_DURATION': 0.5, 'CZ_GATE_FIDELITY': 0.995, 'CZ_GATE_DURATION': 0.2, 'CCZ_GATE_FIDELITY': 0.995, 'CCZ_GATE_DURATION': 1, 'QUBIT_DECAY': 100000000.0, 'QUBIT_DEPHASING': 1500000.0, 'SHUTTLING_FIDELITY': 1.0, 'SHUTTLING_SPEED': 0.55, 'TRAP_SWAP_DURATION': 20, 'TRAP_SWAP_FIDELITY': 1.0, 'INTERACTION_RADIUS': 2.0, 'RESTRICTION_RADIUS': 4.0, 'TRAP_TRANSFER_PROXIMITY': 1e-05, 'AOD_BEAM_PROXIMITY': 0.001}"
8,uuf250-07.cnf,250,1065,26,4.328754901885986,205976.75209961398,1.8883749883316986e-28,9135,3184,1558,0.9975,"{'U3_GATE_FIDELITY': 0.999, 'U3_GATE_DURATION': 0.5, 'CZ_GATE_FIDELITY': 0.995, 'CZ_GATE_DURATION': 0.2, 'CCZ_GATE_FIDELITY': 0.9975, 'CCZ_GATE_DURATION': 1, 'QUBIT_DECAY': 100000000.0, 'QUBIT_DEPHASING': 1500000.0, 'SHUTTLING_FIDELITY': 1.0, 'SHUTTLING_SPEED': 0.55, 'TRAP_SWAP_DURATION': 20, 'TRAP_SWAP_FIDELITY': 1.0, 'INTERACTION_RADIUS': 2.0, 'RESTRICTION_RADIUS': 4.0, 'TRAP_TRANSFER_PROXIMITY': 1e-05, 'AOD_BEAM_PROXIMITY': 0.001}"
9,uuf100-08.cnf,100,430,22,0.6609127521514893,59898.82024099502,1.4357964490066647e-12,3521,1278,584,0.9775,"{'U3_GATE_FIDELITY': 0.999, 'U3_GATE_DURATION': 0.5, 'CZ_GATE_FIDELITY': 0.995, 'CZ_GATE_DURATION': 0.2, 'CCZ_GATE_FIDELITY': 0.9775, 'CCZ_GATE_DURATION': 1, 'QUBIT_DECAY': 100000000.0, 'QUBIT_DEPHASING': 1500000.0, 'SHUTTLING_FIDELITY': 1.0, 'SHUTTLING_SPEED': 0.55, 'TRAP_SWAP_DURATION': 20, 'TRAP_SWAP_FIDELITY': 1.0, 'INTERACTION_RADIUS': 2.0, 'RESTRICTION_RADIUS': 4.0, 'TRAP_TRANSFER_PROXIMITY': 1e-05, 'AOD_BEAM_PROXIMITY': 0.001}"
10,uuf100-08.cnf,100,430,22,0.6609127521514893,59898.82024099502,6.38160171370132e-12,3521,1278,584,0.98,"{'U3_GATE_FIDELITY': 0.999, 'U3_GATE_DURATION': 0.5, 'CZ_GATE_FIDELITY': 0.995, 'CZ_GATE_DURATION': 0.2, 'CCZ_GATE_FIDELITY': 0.98, 'CCZ_GATE_DURATION': 1, 'QUBIT_DECAY': 100000000.0, 'QUBIT_DEPHASING': 1500000.0, 'SHUTTLING_FIDELITY': 1.0, 'SHUTTLING_SPEED': 0.55, 'TRAP_SWAP_DURATION': 20, 'TRAP_SWAP_FIDELITY': 1.0, 'INTERACTION_RADIUS': 2.0, 'RESTRICTION_RADIUS': 4.0, 'TRAP_TRANSFER_PROXIMITY': 1e-05, 'AOD_BEAM_PROXIMITY': 0.001}"
11,uuf100-08.cnf,100,430,22,0.6609127521514893,59898.82024099502,2.8256344379149918e-11,3521,1278,584,0.9825,"{'U3_GATE_FIDELITY': 0.999, 'U3_GATE_DURATION': 0.5, 'CZ_GATE_FIDELITY': 0.995, 'CZ_GATE_DURATION': 0.2, 'CCZ_GATE_FIDELITY': 0.9825, 'CCZ_GATE_DURATION': 1, 'QUBIT_DECAY': 100000000.0, 'QUBIT_DEPHASING': 1500000.0, 'SHUTTLING_FIDELITY': 1.0, 'SHUTTLING_SPEED': 0.55, 'TRAP_SWAP_DURATION': 20, 'TRAP_SWAP_FIDELITY': 1.0, 'INTERACTION_RADIUS': 2.0, 'RESTRICTION_RADIUS': 4.0, 'TRAP_TRANSFER_PROXIMITY': 1e-05, 'AOD_BEAM_PROXIMITY': 0.001}"
12,uuf100-08.cnf,100,430,22,0.6609127521514893,59898.82024099502,1.2464076384529714e-10,3521,1278,584,0.985,"{'U3_GATE_FIDELITY': 0.999, 'U3_GATE_DURATION': 0.5, 'CZ_GATE_FIDELITY': 0.995, 'CZ_GATE_DURATION': 0.2, 'CCZ_GATE_FIDELITY': 0.985, 'CCZ_GATE_DURATION': 1, 'QUBIT_DECAY': 100000000.0, 'QUBIT_DEPHASING': 1500000.0, 'SHUTTLING_FIDELITY': 1.0, 'SHUTTLING_SPEED': 0.55, 'TRAP_SWAP_DURATION': 20, 'TRAP_SWAP_FIDELITY': 1.0, 'INTERACTION_RADIUS': 2.0, 'RESTRICTION_RADIUS': 4.0, 'TRAP_TRANSFER_PROXIMITY': 1e-05, 'AOD_BEAM_PROXIMITY': 0.001}"
13,uuf100-08.cnf,100,430,22,0.6609127521514893,59898.82024099502,5.477348846650576e-10,3521,1278,584,0.9875,"{'U3_GATE_FIDELITY': 0.999, 'U3_GATE_DURATION': 0.5, 'CZ_GATE_FIDELITY': 0.995, 'CZ_GATE_DURATION': 0.2, 'CCZ_GATE_FIDELITY': 0.9875, 'CCZ_GATE_DURATION': 1, 'QUBIT_DECAY': 100000000.0, 'QUBIT_DEPHASING': 1500000.0, 'SHUTTLING_FIDELITY': 1.0, 'SHUTTLING_SPEED': 0.55, 'TRAP_SWAP_DURATION': 20, 'TRAP_SWAP_FIDELITY': 1.0, 'INTERACTION_RADIUS': 2.0, 'RESTRICTION_RADIUS': 4.0, 'TRAP_TRANSFER_PROXIMITY': 1e-05, 'AOD_BEAM_PROXIMITY': 0.001}"
14,uuf100-08.cnf,100,430,22,0.6609127521514893,59898.82024099502,2.3980328949145713e-09,3521,1278,584,0.99,"{'U3_GATE_FIDELITY': 0.999, 'U3_GATE_DURATION': 0.5, 'CZ_GATE_FIDELITY': 0.995, 'CZ_GATE_DURATION': 0.2, 'CCZ_GATE_FIDELITY': 0.99, 'CCZ_GATE_DURATION': 1, 'QUBIT_DECAY': 100000000.0, 'QUBIT_DEPHASING': 1500000.0, 'SHUTTLING_FIDELITY': 1.0, 'SHUTTLING_SPEED': 0.55, 'TRAP_SWAP_DURATION': 20, 'TRAP_SWAP_FIDELITY': 1.0, 'INTERACTION_RADIUS': 2.0, 'RESTRICTION_RADIUS': 4.0, 'TRAP_TRANSFER_PROXIMITY': 1e-05, 'AOD_BEAM_PROXIMITY': 0.001}"
15,uuf100-08.cnf,100,430,22,0.6609127521514893,59898.82024099502,1.04597789221072e-08,3521,1278,584,0.9925,"{'U3_GATE_FIDELITY': 0.999, 'U3_GATE_DURATION': 0.5, 'CZ_GATE_FIDELITY': 0.995, 'CZ_GATE_DURATION': 0.2, 'CCZ_GATE_FIDELITY': 0.9925, 'CCZ_GATE_DURATION': 1, 'QUBIT_DECAY': 100000000.0, 'QUBIT_DEPHASING': 1500000.0, 'SHUTTLING_FIDELITY': 1.0, 'SHUTTLING_SPEED': 0.55, 'TRAP_SWAP_DURATION': 20, 'TRAP_SWAP_FIDELITY': 1.0, 'INTERACTION_RADIUS': 2.0, 'RESTRICTION_RADIUS': 4.0, 'TRAP_TRANSFER_PROXIMITY': 1e-05, 'AOD_BEAM_PROXIMITY': 0.001}"
16,uuf100-08.cnf,100,430,22,0.6609127521514893,59898.82024099502,4.545489372988788e-08,3521,1278,584,0.995,"{'U3_GATE_FIDELITY': 0.999, 'U3_GATE_DURATION': 0.5, 'CZ_GATE_FIDELITY': 0.995, 'CZ_GATE_DURATION': 0.2, 'CCZ_GATE_FIDELITY': 0.995, 'CCZ_GATE_DURATION': 1, 'QUBIT_DECAY': 100000000.0, 'QUBIT_DEPHASING': 1500000.0, 'SHUTTLING_FIDELITY': 1.0, 'SHUTTLING_SPEED': 0.55, 'TRAP_SWAP_DURATION': 20, 'TRAP_SWAP_FIDELITY': 1.0, 'INTERACTION_RADIUS': 2.0, 'RESTRICTION_RADIUS': 4.0, 'TRAP_TRANSFER_PROXIMITY': 1e-05, 'AOD_BEAM_PROXIMITY': 0.001}"
17,uuf100-08.cnf,100,430,22,0.6609127521514893,59898.82024099502,1.9680568378465007e-07,3521,1278,584,0.9975,"{'U3_GATE_FIDELITY': 0.999, 'U3_GATE_DURATION': 0.5, 'CZ_GATE_FIDELITY': 0.995, 'CZ_GATE_DURATION': 0.2, 'CCZ_GATE_FIDELITY': 0.9975, 'CCZ_GATE_DURATION': 1, 'QUBIT_DECAY': 100000000.0, 'QUBIT_DEPHASING': 1500000.0, 'SHUTTLING_FIDELITY': 1.0, 'SHUTTLING_SPEED': 0.55, 'TRAP_SWAP_DURATION': 20, 'TRAP_SWAP_FIDELITY': 1.0, 'INTERACTION_RADIUS': 2.0, 'RESTRICTION_RADIUS': 4.0, 'TRAP_TRANSFER_PROXIMITY': 1e-05, 'AOD_BEAM_PROXIMITY': 0.001}"
18,uuf100-07.cnf,100,430,24,0.7645955085754395,60932.740259407634,1.2782069279983259e-12,3433,1214,604,0.9775,"{'U3_GATE_FIDELITY': 0.999, 'U3_GATE_DURATION': 0.5, 'CZ_GATE_FIDELITY': 0.995, 'CZ_GATE_DURATION': 0.2, 'CCZ_GATE_FIDELITY': 0.9775, 'CCZ_GATE_DURATION': 1, 'QUBIT_DECAY': 100000000.0, 'QUBIT_DEPHASING': 1500000.0, 'SHUTTLING_FIDELITY': 1.0, 'SHUTTLING_SPEED': 0.55, 'TRAP_SWAP_DURATION': 20, 'TRAP_SWAP_FIDELITY': 1.0, 'INTERACTION_RADIUS': 2.0, 'RESTRICTION_RADIUS': 4.0, 'TRAP_TRANSFER_PROXIMITY': 1e-05, 'AOD_BEAM_PROXIMITY': 0.001}"
19,uuf100-07.cnf,100,430,24,0.7645955085754395,60932.740259407634,5.978939796076388e-12,3433,1214,604,0.98,"{'U3_GATE_FIDELITY': 0.999, 'U3_GATE_DURATION': 0.5, 'CZ_GATE_FIDELITY': 0.995, 'CZ_GATE_DURATION': 0.2, 'CCZ_GATE_FIDELITY': 0.98, 'CCZ_GATE_DURATION': 1, 'QUBIT_DECAY': 100000000.0, 'QUBIT_DEPHASING': 1500000.0, 'SHUTTLING_FIDELITY': 1.0, 'SHUTTLING_SPEED': 0.55, 'TRAP_SWAP_DURATION': 20, 'TRAP_SWAP_FIDELITY': 1.0, 'INTERACTION_RADIUS': 2.0, 'RESTRICTION_RADIUS': 4.0, 'TRAP_TRANSFER_PROXIMITY': 1e-05, 'AOD_BEAM_PROXIMITY': 0.001}"
20,uuf100-07.cnf,100,430,24,0.7645955085754395,60932.740259407634,2.7857370916273663e-11,3433,1214,604,0.9825,"{'U3_GATE_FIDELITY': 0.999, 'U3_GATE_DURATION': 0.5, 'CZ_GATE_FIDELITY': 0.995, 'CZ_GATE_DURATION': 0.2, 'CCZ_GATE_FIDELITY': 0.9825, 'CCZ_GATE_DURATION': 1, 'QUBIT_DECAY': 100000000.0, 'QUBIT_DEPHASING': 1500000.0, 'SHUTTLING_FIDELITY': 1.0, 'SHUTTLING_SPEED': 0.55, 'TRAP_SWAP_DURATION': 20, 'TRAP_SWAP_FIDELITY': 1.0, 'INTERACTION_RADIUS': 2.0, 'RESTRICTION_RADIUS': 4.0, 'TRAP_TRANSFER_PROXIMITY': 1e-05, 'AOD_BEAM_PROXIMITY': 0.001}"
21,uuf100-07.cnf,100,430,24,0.7645955085754395,60932.740259407634,1.29287840857536e-10,3433,1214,604,0.985,"{'U3_GATE_FIDELITY': 0.999, 'U3_GATE_DURATION': 0.5, 'CZ_GATE_FIDELITY': 0.995, 'CZ_GATE_DURATION': 0.2, 'CCZ_GATE_FIDELITY': 0.985, 'CCZ_GATE_DURATION': 1, 'QUBIT_DECAY': 100000000.0, 'QUBIT_DEPHASING': 1500000.0, 'SHUTTLING_FIDELITY': 1.0, 'SHUTTLING_SPEED': 0.55, 'TRAP_SWAP_DURATION': 20, 'TRAP_SWAP_FIDELITY': 1.0, 'INTERACTION_RADIUS': 2.0, 'RESTRICTION_RADIUS': 4.0, 'TRAP_TRANSFER_PROXIMITY': 1e-05, 'AOD_BEAM_PROXIMITY': 0.001}"
22,uuf100-07.cnf,100,430,24,0.7645955085754395,60932.740259407634,5.977030313188861e-10,3433,1214,604,0.9875,"{'U3_GATE_FIDELITY': 0.999, 'U3_GATE_DURATION': 0.5, 'CZ_GATE_FIDELITY': 0.995, 'CZ_GATE_DURATION': 0.2, 'CCZ_GATE_FIDELITY': 0.9875, 'CCZ_GATE_DURATION': 1, 'QUBIT_DECAY': 100000000.0, 'QUBIT_DEPHASING': 1500000.0, 'SHUTTLING_FIDELITY': 1.0, 'SHUTTLING_SPEED': 0.55, 'TRAP_SWAP_DURATION': 20, 'TRAP_SWAP_FIDELITY': 1.0, 'INTERACTION_RADIUS': 2.0, 'RESTRICTION_RADIUS': 4.0, 'TRAP_TRANSFER_PROXIMITY': 1e-05, 'AOD_BEAM_PROXIMITY': 0.001}"
23,uuf100-07.cnf,100,430,24,0.7645955085754395,60932.740259407634,2.752529606843463e-09,3433,1214,604,0.99,"{'U3_GATE_FIDELITY': 0.999, 'U3_GATE_DURATION': 0.5, 'CZ_GATE_FIDELITY': 0.995, 'CZ_GATE_DURATION': 0.2, 'CCZ_GATE_FIDELITY': 0.99, 'CCZ_GATE_DURATION': 1, 'QUBIT_DECAY': 100000000.0, 'QUBIT_DEPHASING': 1500000.0, 'SHUTTLING_FIDELITY': 1.0, 'SHUTTLING_SPEED': 0.55, 'TRAP_SWAP_DURATION': 20, 'TRAP_SWAP_FIDELITY': 1.0, 'INTERACTION_RADIUS': 2.0, 'RESTRICTION_RADIUS': 4.0, 'TRAP_TRANSFER_PROXIMITY': 1e-05, 'AOD_BEAM_PROXIMITY': 0.001}"
24,uuf100-07.cnf,100,430,24,0.7645955085754395,60932.740259407634,1.2627162950005277e-08,3433,1214,604,0.9925,"{'U3_GATE_FIDELITY': 0.999, 'U3_GATE_DURATION': 0.5, 'CZ_GATE_FIDELITY': 0.995, 'CZ_GATE_DURATION': 0.2, 'CCZ_GATE_FIDELITY': 0.9925, 'CCZ_GATE_DURATION': 1, 'QUBIT_DECAY': 100000000.0, 'QUBIT_DEPHASING': 1500000.0, 'SHUTTLING_FIDELITY': 1.0, 'SHUTTLING_SPEED': 0.55, 'TRAP_SWAP_DURATION': 20, 'TRAP_SWAP_FIDELITY': 1.0, 'INTERACTION_RADIUS': 2.0, 'RESTRICTION_RADIUS': 4.0, 'TRAP_TRANSFER_PROXIMITY': 1e-05, 'AOD_BEAM_PROXIMITY': 0.001}"
25,uuf100-07.cnf,100,430,24,0.7645955085754395,60932.740259407634,5.770523746377745e-08,3433,1214,604,0.995,"{'U3_GATE_FIDELITY': 0.999, 'U3_GATE_DURATION': 0.5, 'CZ_GATE_FIDELITY': 0.995, 'CZ_GATE_DURATION': 0.2, 'CCZ_GATE_FIDELITY': 0.995, 'CCZ_GATE_DURATION': 1, 'QUBIT_DECAY': 100000000.0, 'QUBIT_DEPHASING': 1500000.0, 'SHUTTLING_FIDELITY': 1.0, 'SHUTTLING_SPEED': 0.55, 'TRAP_SWAP_DURATION': 20, 'TRAP_SWAP_FIDELITY': 1.0, 'INTERACTION_RADIUS': 2.0, 'RESTRICTION_RADIUS': 4.0, 'TRAP_TRANSFER_PROXIMITY': 1e-05, 'AOD_BEAM_PROXIMITY': 0.001}"
26,uuf100-07.cnf,100,430,24,0.7645955085754395,60932.740259407634,2.627052154304231e-07,3433,1214,604,0.9975,"{'U3_GATE_FIDELITY': 0.999, 'U3_GATE_DURATION': 0.5, 'CZ_GATE_FIDELITY': 0.995, 'CZ_GATE_DURATION': 0.2, 'CCZ_GATE_FIDELITY': 0.9975, 'CCZ_GATE_DURATION': 1, 'QUBIT_DECAY': 100000000.0, 'QUBIT_DEPHASING': 1500000.0, 'SHUTTLING_FIDELITY': 1.0, 'SHUTTLING_SPEED': 0.55, 'TRAP_SWAP_DURATION': 20, 'TRAP_SWAP_FIDELITY': 1.0, 'INTERACTION_RADIUS': 2.0, 'RESTRICTION_RADIUS': 4.0, 'TRAP_TRANSFER_PROXIMITY': 1e-05, 'AOD_BEAM_PROXIMITY': 0.001}"
27,uuf125-010.cnf,125,538,21,1.2186329364776611,77900.59376327037,8.42058323442259e-17,4502,1458,818,0.9775,"{'U3_GATE_FIDELITY': 0.999, 'U3_GATE_DURATION': 0.5, 'CZ_GATE_FIDELITY': 0.995, 'CZ_GATE_DURATION': 0.2, 'CCZ_GATE_FIDELITY': 0.9775, 'CCZ_GATE_DURATION': 1, 'QUBIT_DECAY': 100000000.0, 'QUBIT_DEPHASING': 1500000.0, 'SHUTTLING_FIDELITY': 1.0, 'SHUTTLING_SPEED': 0.55, 'TRAP_SWAP_DURATION': 20, 'TRAP_SWAP_FIDELITY': 1.0, 'INTERACTION_RADIUS': 2.0, 'RESTRICTION_RADIUS': 4.0, 'TRAP_TRANSFER_PROXIMITY': 1e-05, 'AOD_BEAM_PROXIMITY': 0.001}"
28,uuf125-010.cnf,125,538,21,1.2186329364776611,77900.59376327037,6.803892542847113e-16,4502,1458,818,0.98,"{'U3_GATE_FIDELITY': 0.999, 'U3_GATE_DURATION': 0.5, 'CZ_GATE_FIDELITY': 0.995, 'CZ_GATE_DURATION': 0.2, 'CCZ_GATE_FIDELITY': 0.98, 'CCZ_GATE_DURATION': 1, 'QUBIT_DECAY': 100000000.0, 'QUBIT_DEPHASING': 1500000.0, 'SHUTTLING_FIDELITY': 1.0, 'SHUTTLING_SPEED': 0.55, 'TRAP_SWAP_DURATION': 20, 'TRAP_SWAP_FIDELITY': 1.0, 'INTERACTION_RADIUS': 2.0, 'RESTRICTION_RADIUS': 4.0, 'TRAP_TRANSFER_PROXIMITY': 1e-05, 'AOD_BEAM_PROXIMITY': 0.001}"
29,uuf125-010.cnf,125,538,21,1.2186329364776611,77900.59376327037,5.468406997173262e-15,4502,1458,818,0.9825,"{'U3_GATE_FIDELITY': 0.999, 'U3_GATE_DURATION': 0.5, 'CZ_GATE_FIDELITY': 0.995, 'CZ_GATE_DURATION': 0.2, 'CCZ_GATE_FIDELITY': 0.9825, 'CCZ_GATE_DURATION': 1, 'QUBIT_DECAY': 100000000.0, 'QUBIT_DEPHASING': 1500000.0, 'SHUTTLING_FIDELITY': 1.0, 'SHUTTLING_SPEED': 0.55, 'TRAP_SWAP_DURATION': 20, 'TRAP_SWAP_FIDELITY': 1.0, 'INTERACTION_RADIUS': 2.0, 'RESTRICTION_RADIUS': 4.0, 'TRAP_TRANSFER_PROXIMITY': 1e-05, 'AOD_BEAM_PROXIMITY': 0.001}"
30,uuf125-010.cnf,125,538,21,1.2186329364776611,77900.59376327037,4.3718381602368896e-14,4502,1458,818,0.985,"{'U3_GATE_FIDELITY': 0.999, 'U3_GATE_DURATION': 0.5, 'CZ_GATE_FIDELITY': 0.995, 'CZ_GATE_DURATION': 0.2, 'CCZ_GATE_FIDELITY': 0.985, 'CCZ_GATE_DURATION': 1, 'QUBIT_DECAY': 100000000.0, 'QUBIT_DEPHASING': 1500000.0, 'SHUTTLING_FIDELITY': 1.0, 'SHUTTLING_SPEED': 0.55, 'TRAP_SWAP_DURATION': 20, 'TRAP_SWAP_FIDELITY': 1.0, 'INTERACTION_RADIUS': 2.0, 'RESTRICTION_RADIUS': 4.0, 'TRAP_TRANSFER_PROXIMITY': 1e-05, 'AOD_BEAM_PROXIMITY': 0.001}"
31,uuf125-010.cnf,125,538,21,1.2186329364776611,77900.59376327037,3.4767930888021507e-13,4502,1458,818,0.9875,"{'U3_GATE_FIDELITY': 0.999, 'U3_GATE_DURATION': 0.5, 'CZ_GATE_FIDELITY': 0.995, 'CZ_GATE_DURATION': 0.2, 'CCZ_GATE_FIDELITY': 0.9875, 'CCZ_GATE_DURATION': 1, 'QUBIT_DECAY': 100000000.0, 'QUBIT_DEPHASING': 1500000.0, 'SHUTTLING_FIDELITY': 1.0, 'SHUTTLING_SPEED': 0.55, 'TRAP_SWAP_DURATION': 20, 'TRAP_SWAP_FIDELITY': 1.0, 'INTERACTION_RADIUS': 2.0, 'RESTRICTION_RADIUS': 4.0, 'TRAP_TRANSFER_PROXIMITY': 1e-05, 'AOD_BEAM_PROXIMITY': 0.001}"
32,uuf125-010.cnf,125,538,21,1.2186329364776611,77900.59376327037,2.7505320529562308e-12,4502,1458,818,0.99,"{'U3_GATE_FIDELITY': 0.999, 'U3_GATE_DURATION': 0.5, 'CZ_GATE_FIDELITY': 0.995, 'CZ_GATE_DURATION': 0.2, 'CCZ_GATE_FIDELITY': 0.99, 'CCZ_GATE_DURATION': 1, 'QUBIT_DECAY': 100000000.0, 'QUBIT_DEPHASING': 1500000.0, 'SHUTTLING_FIDELITY': 1.0, 'SHUTTLING_SPEED': 0.55, 'TRAP_SWAP_DURATION': 20, 'TRAP_SWAP_FIDELITY': 1.0, 'INTERACTION_RADIUS': 2.0, 'RESTRICTION_RADIUS': 4.0, 'TRAP_TRANSFER_PROXIMITY': 1e-05, 'AOD_BEAM_PROXIMITY': 0.001}"
33,uuf125-010.cnf,125,538,21,1.2186329364776611,77900.59376327037,2.164657325538065e-11,4502,1458,818,0.9925,"{'U3_GATE_FIDELITY': 0.999, 'U3_GATE_DURATION': 0.5, 'CZ_GATE_FIDELITY': 0.995, 'CZ_GATE_DURATION': 0.2, 'CCZ_GATE_FIDELITY': 0.9925, 'CCZ_GATE_DURATION': 1, 'QUBIT_DECAY': 100000000.0, 'QUBIT_DEPHASING': 1500000.0, 'SHUTTLING_FIDELITY': 1.0, 'SHUTTLING_SPEED': 0.55, 'TRAP_SWAP_DURATION': 20, 'TRAP_SWAP_FIDELITY': 1.0, 'INTERACTION_RADIUS': 2.0, 'RESTRICTION_RADIUS': 4.0, 'TRAP_TRANSFER_PROXIMITY': 1e-05, 'AOD_BEAM_PROXIMITY': 0.001}"
34,uuf125-010.cnf,125,538,21,1.2186329364776611,77900.59376327037,1.6947575585256545e-10,4502,1458,818,0.995,"{'U3_GATE_FIDELITY': 0.999, 'U3_GATE_DURATION': 0.5, 'CZ_GATE_FIDELITY': 0.995, 'CZ_GATE_DURATION': 0.2, 'CCZ_GATE_FIDELITY': 0.995, 'CCZ_GATE_DURATION': 1, 'QUBIT_DECAY': 100000000.0, 'QUBIT_DEPHASING': 1500000.0, 'SHUTTLING_FIDELITY': 1.0, 'SHUTTLING_SPEED': 0.55, 'TRAP_SWAP_DURATION': 20, 'TRAP_SWAP_FIDELITY': 1.0, 'INTERACTION_RADIUS': 2.0, 'RESTRICTION_RADIUS': 4.0, 'TRAP_TRANSFER_PROXIMITY': 1e-05, 'AOD_BEAM_PROXIMITY': 0.001}"
35,uuf125-010.cnf,125,538,21,1.2186329364776611,77900.59376327037,1.3200284607343679e-09,4502,1458,818,0.9975,"{'U3_GATE_FIDELITY': 0.999, 'U3_GATE_DURATION': 0.5, 'CZ_GATE_FIDELITY': 0.995, 'CZ_GATE_DURATION': 0.2, 'CCZ_GATE_FIDELITY': 0.9975, 'CCZ_GATE_DURATION': 1, 'QUBIT_DECAY': 100000000.0, 'QUBIT_DEPHASING': 1500000.0, 'SHUTTLING_FIDELITY': 1.0, 'SHUTTLING_SPEED': 0.55, 'TRAP_SWAP_DURATION': 20, 'TRAP_SWAP_FIDELITY': 1.0, 'INTERACTION_RADIUS': 2.0, 'RESTRICTION_RADIUS': 4.0, 'TRAP_TRANSFER_PROXIMITY': 1e-05, 'AOD_BEAM_PROXIMITY': 0.001}"
36,uuf150-06.cnf,150,645,22,1.5091748237609863,101339.95476803729,1.765193098766571e-21,5421,1624,1052,0.9775,"{'U3_GATE_FIDELITY': 0.999, 'U3_GATE_DURATION': 0.5, 'CZ_GATE_FIDELITY': 0.995, 'CZ_GATE_DURATION': 0.2, 'CCZ_GATE_FIDELITY': 0.9775, 'CCZ_GATE_DURATION': 1, 'QUBIT_DECAY': 100000000.0, 'QUBIT_DEPHASING': 1500000.0, 'SHUTTLING_FIDELITY': 1.0, 'SHUTTLING_SPEED': 0.55, 'TRAP_SWAP_DURATION': 20, 'TRAP_SWAP_FIDELITY': 1.0, 'INTERACTION_RADIUS': 2.0, 'RESTRICTION_RADIUS': 4.0, 'TRAP_TRANSFER_PROXIMITY': 1e-05, 'AOD_BEAM_PROXIMITY': 0.001}"
37,uuf150-06.cnf,150,645,22,1.5091748237609863,101339.95476803729,2.5929010639305998e-20,5421,1624,1052,0.98,"{'U3_GATE_FIDELITY': 0.999, 'U3_GATE_DURATION': 0.5, 'CZ_GATE_FIDELITY': 0.995, 'CZ_GATE_DURATION': 0.2, 'CCZ_GATE_FIDELITY': 0.98, 'CCZ_GATE_DURATION': 1, 'QUBIT_DECAY': 100000000.0, 'QUBIT_DEPHASING': 1500000.0, 'SHUTTLING_FIDELITY': 1.0, 'SHUTTLING_SPEED': 0.55, 'TRAP_SWAP_DURATION': 20, 'TRAP_SWAP_FIDELITY': 1.0, 'INTERACTION_RADIUS': 2.0, 'RESTRICTION_RADIUS': 4.0, 'TRAP_TRANSFER_PROXIMITY': 1e-05, 'AOD_BEAM_PROXIMITY': 0.001}"
38,uuf150-06.cnf,150,645,22,1.5091748237609863,101339.95476803729,3.782739507883186e-19,5421,1624,1052,0.9825,"{'U3_GATE_FIDELITY': 0.999, 'U3_GATE_DURATION': 0.5, 'CZ_GATE_FIDELITY': 0.995, 'CZ_GATE_DURATION': 0.2, 'CCZ_GATE_FIDELITY': 0.9825, 'CCZ_GATE_DURATION': 1, 'QUBIT_DECAY': 100000000.0, 'QUBIT_DEPHASING': 1500000.0, 'SHUTTLING_FIDELITY': 1.0, 'SHUTTLING_SPEED': 0.55, 'TRAP_SWAP_DURATION': 20, 'TRAP_SWAP_FIDELITY': 1.0, 'INTERACTION_RADIUS': 2.0, 'RESTRICTION_RADIUS': 4.0, 'TRAP_TRANSFER_PROXIMITY': 1e-05, 'AOD_BEAM_PROXIMITY': 0.001}"
39,uuf150-06.cnf,150,645,22,1.5091748237609863,101339.95476803729,5.4811135706579235e-18,5421,1624,1052,0.985,"{'U3_GATE_FIDELITY': 0.999, 'U3_GATE_DURATION': 0.5, 'CZ_GATE_FIDELITY': 0.995, 'CZ_GATE_DURATION': 0.2, 'CCZ_GATE_FIDELITY': 0.985, 'CCZ_GATE_DURATION': 1, 'QUBIT_DECAY': 100000000.0, 'QUBIT_DEPHASING': 1500000.0, 'SHUTTLING_FIDELITY': 1.0, 'SHUTTLING_SPEED': 0.55, 'TRAP_SWAP_DURATION': 20, 'TRAP_SWAP_FIDELITY': 1.0, 'INTERACTION_RADIUS': 2.0, 'RESTRICTION_RADIUS': 4.0, 'TRAP_TRANSFER_PROXIMITY': 1e-05, 'AOD_BEAM_PROXIMITY': 0.001}"
40,uuf150-06.cnf,150,645,22,1.5091748237609863,101339.95476803729,7.88838392540414e-17,5421,1624,1052,0.9875,"{'U3_GATE_FIDELITY': 0.999, 'U3_GATE_DURATION': 0.5, 'CZ_GATE_FIDELITY': 0.995, 'CZ_GATE_DURATION': 0.2, 'CCZ_GATE_FIDELITY': 0.9875, 'CCZ_GATE_DURATION': 1, 'QUBIT_DECAY': 100000000.0, 'QUBIT_DEPHASING': 1500000.0, 'SHUTTLING_FIDELITY': 1.0, 'SHUTTLING_SPEED': 0.55, 'TRAP_SWAP_DURATION': 20, 'TRAP_SWAP_FIDELITY': 1.0, 'INTERACTION_RADIUS': 2.0, 'RESTRICTION_RADIUS': 4.0, 'TRAP_TRANSFER_PROXIMITY': 1e-05, 'AOD_BEAM_PROXIMITY': 0.001}"
41,uuf150-06.cnf,150,645,22,1.5091748237609863,101339.95476803729,1.1276622290988103e-15,5421,1624,1052,0.99,"{'U3_GATE_FIDELITY': 0.999, 'U3_GATE_DURATION': 0.5, 'CZ_GATE_FIDELITY': 0.995, 'CZ_GATE_DURATION': 0.2, 'CCZ_GATE_FIDELITY': 0.99, 'CCZ_GATE_DURATION': 1, 'QUBIT_DECAY': 100000000.0, 'QUBIT_DEPHASING': 1500000.0, 'SHUTTLING_FIDELITY': 1.0, 'SHUTTLING_SPEED': 0.55, 'TRAP_SWAP_DURATION': 20, 'TRAP_SWAP_FIDELITY': 1.0, 'INTERACTION_RADIUS': 2.0, 'RESTRICTION_RADIUS': 4.0, 'TRAP_TRANSFER_PROXIMITY': 1e-05, 'AOD_BEAM_PROXIMITY': 0.001}"
42,uuf150-06.cnf,150,645,22,1.5091748237609863,101339.95476803729,1.6012404596748816e-14,5421,1624,1052,0.9925,"{'U3_GATE_FIDELITY': 0.999, 'U3_GATE_DURATION': 0.5, 'CZ_GATE_FIDELITY': 0.995, 'CZ_GATE_DURATION': 0.2, 'CCZ_GATE_FIDELITY': 0.9925, 'CCZ_GATE_DURATION': 1, 'QUBIT_DECAY': 100000000.0, 'QUBIT_DEPHASING': 1500000.0, 'SHUTTLING_FIDELITY': 1.0, 'SHUTTLING_SPEED': 0.55, 'TRAP_SWAP_DURATION': 20, 'TRAP_SWAP_FIDELITY': 1.0, 'INTERACTION_RADIUS': 2.0, 'RESTRICTION_RADIUS': 4.0, 'TRAP_TRANSFER_PROXIMITY': 1e-05, 'AOD_BEAM_PROXIMITY': 0.001}"
43,uuf150-06.cnf,150,645,22,1.5091748237609863,101339.95476803729,2.2585788757860998e-13,5421,1624,1052,0.995,"{'U3_GATE_FIDELITY': 0.999, 'U3_GATE_DURATION': 0.5, 'CZ_GATE_FIDELITY': 0.995, 'CZ_GATE_DURATION': 0.2, 'CCZ_GATE_FIDELITY': 0.995, 'CCZ_GATE_DURATION': 1, 'QUBIT_DECAY': 100000000.0, 'QUBIT_DEPHASING': 1500000.0, 'SHUTTLING_FIDELITY': 1.0, 'SHUTTLING_SPEED': 0.55, 'TRAP_SWAP_DURATION': 20, 'TRAP_SWAP_FIDELITY': 1.0, 'INTERACTION_RADIUS': 2.0, 'RESTRICTION_RADIUS': 4.0, 'TRAP_TRANSFER_PROXIMITY': 1e-05, 'AOD_BEAM_PROXIMITY': 0.001}"
44,uuf150-06.cnf,150,645,22,1.5091748237609863,101339.95476803729,3.1646792744880747e-12,5421,1624,1052,0.9975,"{'U3_GATE_FIDELITY': 0.999, 'U3_GATE_DURATION': 0.5, 'CZ_GATE_FIDELITY': 0.995, 'CZ_GATE_DURATION': 0.2, 'CCZ_GATE_FIDELITY': 0.9975, 'CCZ_GATE_DURATION': 1, 'QUBIT_DECAY': 100000000.0, 'QUBIT_DEPHASING': 1500000.0, 'SHUTTLING_FIDELITY': 1.0, 'SHUTTLING_SPEED': 0.55, 'TRAP_SWAP_DURATION': 20, 'TRAP_SWAP_FIDELITY': 1.0, 'INTERACTION_RADIUS': 2.0, 'RESTRICTION_RADIUS': 4.0, 'TRAP_TRANSFER_PROXIMITY': 1e-05, 'AOD_BEAM_PROXIMITY': 0.001}"
45,uuf175-01.cnf,175,753,26,2.148482084274292,127867.3298250816,5.826770796487422e-26,6292,2068,1156,0.9775,"{'U3_GATE_FIDELITY': 0.999, 'U3_GATE_DURATION': 0.5, 'CZ_GATE_FIDELITY': 0.995, 'CZ_GATE_DURATION': 0.2, 'CCZ_GATE_FIDELITY': 0.9775, 'CCZ_GATE_DURATION': 1, 'QUBIT_DECAY': 100000000.0, 'QUBIT_DEPHASING': 1500000.0, 'SHUTTLING_FIDELITY': 1.0, 'SHUTTLING_SPEED': 0.55, 'TRAP_SWAP_DURATION': 20, 'TRAP_SWAP_FIDELITY': 1.0, 'INTERACTION_RADIUS': 2.0, 'RESTRICTION_RADIUS': 4.0, 'TRAP_TRANSFER_PROXIMITY': 1e-05, 'AOD_BEAM_PROXIMITY': 0.001}"
46,uuf175-01.cnf,175,753,26,2.148482084274292,127867.3298250816,1.1163229695772552e-24,6292,2068,1156,0.98,"{'U3_GATE_FIDELITY': 0.999, 'U3_GATE_DURATION': 0.5, 'CZ_GATE_FIDELITY': 0.995, 'CZ_GATE_DURATION': 0.2, 'CCZ_GATE_FIDELITY': 0.98, 'CCZ_GATE_DURATION': 1, 'QUBIT_DECAY': 100000000.0, 'QUBIT_DEPHASING': 1500000.0, 'SHUTTLING_FIDELITY': 1.0, 'SHUTTLING_SPEED': 0.55, 'TRAP_SWAP_DURATION': 20, 'TRAP_SWAP_FIDELITY': 1.0, 'INTERACTION_RADIUS': 2.0, 'RESTRICTION_RADIUS': 4.0, 'TRAP_TRANSFER_PROXIMITY': 1e-05, 'AOD_BEAM_PROXIMITY': 0.001}"
47,uuf175-01.cnf,175,753,26,2.148482084274292,127867.3298250816,2.1226804461662507e-23,6292,2068,1156,0.9825,"{'U3_GATE_FIDELITY': 0.999, 'U3_GATE_DURATION': 0.5, 'CZ_GATE_FIDELITY': 0.995, 'CZ_GATE_DURATION': 0.2, 'CCZ_GATE_FIDELITY': 0.9825, 'CCZ_GATE_DURATION': 1, 'QUBIT_DECAY': 100000000.0, 'QUBIT_DEPHASING': 1500000.0, 'SHUTTLING_FIDELITY': 1.0, 'SHUTTLING_SPEED': 0.55, 'TRAP_SWAP_DURATION': 20, 'TRAP_SWAP_FIDELITY': 1.0, 'INTERACTION_RADIUS': 2.0, 'RESTRICTION_RADIUS': 4.0, 'TRAP_TRANSFER_PROXIMITY': 1e-05, 'AOD_BEAM_PROXIMITY': 0.001}"
48,uuf175-01.cnf,175,753,26,2.148482084274292,127867.3298250816,4.006164845320483e-22,6292,2068,1156,0.985,"{'U3_GATE_FIDELITY': 0.999, 'U3_GATE_DURATION': 0.5, 'CZ_GATE_FIDELITY': 0.995, 'CZ_GATE_DURATION': 0.2, 'CCZ_GATE_FIDELITY': 0.985, 'CCZ_GATE_DURATION': 1, 'QUBIT_DECAY': 100000000.0, 'QUBIT_DEPHASING': 1500000.0, 'SHUTTLING_FIDELITY': 1.0, 'SHUTTLING_SPEED': 0.55, 'TRAP_SWAP_DURATION': 20, 'TRAP_SWAP_FIDELITY': 1.0, 'INTERACTION_RADIUS': 2.0, 'RESTRICTION_RADIUS': 4.0, 'TRAP_TRANSFER_PROXIMITY': 1e-05, 'AOD_BEAM_PROXIMITY': 0.001}"
49,uuf175-01.cnf,175,753,26,2.148482084274292,127867.3298250816,7.504796656346023e-21,6292,2068,1156,0.9875,"{'U3_GATE_FIDELITY': 0.999, 'U3_GATE_DURATION': 0.5, 'CZ_GATE_FIDELITY': 0.995, 'CZ_GATE_DURATION': 0.2, 'CCZ_GATE_FIDELITY': 0.9875, 'CCZ_GATE_DURATION': 1, 'QUBIT_DECAY': 100000000.0, 'QUBIT_DEPHASING': 1500000.0, 'SHUTTLING_FIDELITY': 1.0, 'SHUTTLING_SPEED': 0.55, 'TRAP_SWAP_DURATION': 20, 'TRAP_SWAP_FIDELITY': 1.0, 'INTERACTION_RADIUS': 2.0, 'RESTRICTION_RADIUS': 4.0, 'TRAP_TRANSFER_PROXIMITY': 1e-05, 'AOD_BEAM_PROXIMITY': 0.001}"
50,uuf175-01.cnf,175,753,26,2.148482084274292,127867.3298250816,1.3955047374435665e-19,6292,2068,1156,0.99,"{'U3_GATE_FIDELITY': 0.999, 'U3_GATE_DURATION': 0.5, 'CZ_GATE_FIDELITY': 0.995, 'CZ_GATE_DURATION': 0.2, 'CCZ_GATE_FIDELITY': 0.99, 'CCZ_GATE_DURATION': 1, 'QUBIT_DECAY': 100000000.0, 'QUBIT_DEPHASING': 1500000.0, 'SHUTTLING_FIDELITY': 1.0, 'SHUTTLING_SPEED': 0.55, 'TRAP_SWAP_DURATION': 20, 'TRAP_SWAP_FIDELITY': 1.0, 'INTERACTION_RADIUS': 2.0, 'RESTRICTION_RADIUS': 4.0, 'TRAP_TRANSFER_PROXIMITY': 1e-05, 'AOD_BEAM_PROXIMITY': 0.001}"
51,uuf175-01.cnf,175,753,26,2.148482084274292,127867.3298250816,2.5758596936481106e-18,6292,2068,1156,0.9925,"{'U3_GATE_FIDELITY': 0.999, 'U3_GATE_DURATION': 0.5, 'CZ_GATE_FIDELITY': 0.995, 'CZ_GATE_DURATION': 0.2, 'CCZ_GATE_FIDELITY': 0.9925, 'CCZ_GATE_DURATION': 1, 'QUBIT_DECAY': 100000000.0, 'QUBIT_DEPHASING': 1500000.0, 'SHUTTLING_FIDELITY': 1.0, 'SHUTTLING_SPEED': 0.55, 'TRAP_SWAP_DURATION': 20, 'TRAP_SWAP_FIDELITY': 1.0, 'INTERACTION_RADIUS': 2.0, 'RESTRICTION_RADIUS': 4.0, 'TRAP_TRANSFER_PROXIMITY': 1e-05, 'AOD_BEAM_PROXIMITY': 0.001}"
52,uuf175-01.cnf,175,753,26,2.148482084274292,127867.3298250816,4.719844628811537e-17,6292,2068,1156,0.995,"{'U3_GATE_FIDELITY': 0.999, 'U3_GATE_DURATION': 0.5, 'CZ_GATE_FIDELITY': 0.995, 'CZ_GATE_DURATION': 0.2, 'CCZ_GATE_FIDELITY': 0.995, 'CCZ_GATE_DURATION': 1, 'QUBIT_DECAY': 100000000.0, 'QUBIT_DEPHASING': 1500000.0, 'SHUTTLING_FIDELITY': 1.0, 'SHUTTLING_SPEED': 0.55, 'TRAP_SWAP_DURATION': 20, 'TRAP_SWAP_FIDELITY': 1.0, 'INTERACTION_RADIUS': 2.0, 'RESTRICTION_RADIUS': 4.0, 'TRAP_TRANSFER_PROXIMITY': 1e-05, 'AOD_BEAM_PROXIMITY': 0.001}"
53,uuf175-01.cnf,175,753,26,2.148482084274292,127867.3298250816,8.585464546572541e-16,6292,2068,1156,0.9975,"{'U3_GATE_FIDELITY': 0.999, 'U3_GATE_DURATION': 0.5, 'CZ_GATE_FIDELITY': 0.995, 'CZ_GATE_DURATION': 0.2, 'CCZ_GATE_FIDELITY': 0.9975, 'CCZ_GATE_DURATION': 1, 'QUBIT_DECAY': 100000000.0, 'QUBIT_DEPHASING': 1500000.0, 'SHUTTLING_FIDELITY': 1.0, 'SHUTTLING_SPEED': 0.55, 'TRAP_SWAP_DURATION': 20, 'TRAP_SWAP_FIDELITY': 1.0, 'INTERACTION_RADIUS': 2.0, 'RESTRICTION_RADIUS': 4.0, 'TRAP_TRANSFER_PROXIMITY': 1e-05, 'AOD_BEAM_PROXIMITY': 0.001}"
54,uuf175-09.cnf,175,753,25,2.2989344596862793,128639.55720269072,5.1020714723203837e-26,6348,2056,1158,0.9775,"{'U3_GATE_FIDELITY': 0.999, 'U3_GATE_DURATION': 0.5, 'CZ_GATE_FIDELITY': 0.995, 'CZ_GATE_DURATION': 0.2, 'CCZ_GATE_FIDELITY': 0.9775, 'CCZ_GATE_DURATION': 1, 'QUBIT_DECAY': 100000000.0, 'QUBIT_DEPHASING': 1500000.0, 'SHUTTLING_FIDELITY': 1.0, 'SHUTTLING_SPEED': 0.55, 'TRAP_SWAP_DURATION': 20, 'TRAP_SWAP_FIDELITY': 1.0, 'INTERACTION_RADIUS': 2.0, 'RESTRICTION_RADIUS': 4.0, 'TRAP_TRANSFER_PROXIMITY': 1e-05, 'AOD_BEAM_PROXIMITY': 0.001}"
55,uuf175-09.cnf,175,753,25,2.2989344596862793,128639.55720269072,9.82487612581515e-25,6348,2056,1158,0.98,"{'U3_GATE_FIDELITY': 0.999, 'U3_GATE_DURATION': 0.5, 'CZ_GATE_FIDELITY': 0.995, 'CZ_GATE_DURATION': 0.2, 'CCZ_GATE_FIDELITY': 0.98, 'CCZ_GATE_DURATION': 1, 'QUBIT_DECAY': 100000000.0, 'QUBIT_DEPHASING': 1500000.0, 'SHUTTLING_FIDELITY': 1.0, 'SHUTTLING_SPEED': 0.55, 'TRAP_SWAP_DURATION': 20, 'TRAP_SWAP_FIDELITY': 1.0, 'INTERACTION_RADIUS': 2.0, 'RESTRICTION_RADIUS': 4.0, 'TRAP_TRANSFER_PROXIMITY': 1e-05, 'AOD_BEAM_PROXIMITY': 0.001}"
56,uuf175-09.cnf,175,753,25,2.2989344596862793,128639.55720269072,1.877737192461479e-23,6348,2056,1158,0.9825,"{'U3_GATE_FIDELITY': 0.999, 'U3_GATE_DURATION': 0.5, 'CZ_GATE_FIDELITY': 0.995, 'CZ_GATE_DURATION': 0.2, 'CCZ_GATE_FIDELITY': 0.9825, 'CCZ_GATE_DURATION': 1, 'QUBIT_DECAY': 100000000.0, 'QUBIT_DEPHASING': 1500000.0, 'SHUTTLING_FIDELITY': 1.0, 'SHUTTLING_SPEED': 0.55, 'TRAP_SWAP_DURATION': 20, 'TRAP_SWAP_FIDELITY': 1.0, 'INTERACTION_RADIUS': 2.0, 'RESTRICTION_RADIUS': 4.0, 'TRAP_TRANSFER_PROXIMITY': 1e-05, 'AOD_BEAM_PROXIMITY': 0.001}"
57,uuf175-09.cnf,175,753,25,2.2989344596862793,128639.55720269072,3.5619379341812794e-22,6348,2056,1158,0.985,"{'U3_GATE_FIDELITY': 0.999, 'U3_GATE_DURATION': 0.5, 'CZ_GATE_FIDELITY': 0.995, 'CZ_GATE_DURATION': 0.2, 'CCZ_GATE_FIDELITY': 0.985, 'CCZ_GATE_DURATION': 1, 'QUBIT_DECAY': 100000000.0, 'QUBIT_DEPHASING': 1500000.0, 'SHUTTLING_FIDELITY': 1.0, 'SHUTTLING_SPEED': 0.55, 'TRAP_SWAP_DURATION': 20, 'TRAP_SWAP_FIDELITY': 1.0, 'INTERACTION_RADIUS': 2.0, 'RESTRICTION_RADIUS': 4.0, 'TRAP_TRANSFER_PROXIMITY': 1e-05, 'AOD_BEAM_PROXIMITY': 0.001}"
58,uuf175-09.cnf,175,753,25,2.2989344596862793,128639.55720269072,6.706535212058877e-21,6348,2056,1158,0.9875,"{'U3_GATE_FIDELITY': 0.999, 'U3_GATE_DURATION': 0.5, 'CZ_GATE_FIDELITY': 0.995, 'CZ_GATE_DURATION': 0.2, 'CCZ_GATE_FIDELITY': 0.9875, 'CCZ_GATE_DURATION': 1, 'QUBIT_DECAY': 100000000.0, 'QUBIT_DEPHASING': 1500000.0, 'SHUTTLING_FIDELITY': 1.0, 'SHUTTLING_SPEED': 0.55, 'TRAP_SWAP_DURATION': 20, 'TRAP_SWAP_FIDELITY': 1.0, 'INTERACTION_RADIUS': 2.0, 'RESTRICTION_RADIUS': 4.0, 'TRAP_TRANSFER_PROXIMITY': 1e-05, 'AOD_BEAM_PROXIMITY': 0.001}"
59,uuf175-09.cnf,175,753,25,2.2989344596862793,128639.55720269072,1.2533915874286136e-19,6348,2056,1158,0.99,"{'U3_GATE_FIDELITY': 0.999, 'U3_GATE_DURATION': 0.5, 'CZ_GATE_FIDELITY': 0.995, 'CZ_GATE_DURATION': 0.2, 'CCZ_GATE_FIDELITY': 0.99, 'CCZ_GATE_DURATION': 1, 'QUBIT_DECAY': 100000000.0, 'QUBIT_DEPHASING': 1500000.0, 'SHUTTLING_FIDELITY': 1.0, 'SHUTTLING_SPEED': 0.55, 'TRAP_SWAP_DURATION': 20, 'TRAP_SWAP_FIDELITY': 1.0, 'INTERACTION_RADIUS': 2.0, 'RESTRICTION_RADIUS': 4.0, 'TRAP_TRANSFER_PROXIMITY': 1e-05, 'AOD_BEAM_PROXIMITY': 0.001}"
60,uuf175-09.cnf,175,753,25,2.2989344596862793,128639.55720269072,2.3252427845942436e-18,6348,2056,1158,0.9925,"{'U3_GATE_FIDELITY': 0.999, 'U3_GATE_DURATION': 0.5, 'CZ_GATE_FIDELITY': 0.995, 'CZ_GATE_DURATION': 0.2, 'CCZ_GATE_FIDELITY': 0.9925, 'CCZ_GATE_DURATION': 1, 'QUBIT_DECAY': 100000000.0, 'QUBIT_DEPHASING': 1500000.0, 'SHUTTLING_FIDELITY': 1.0, 'SHUTTLING_SPEED': 0.55, 'TRAP_SWAP_DURATION': 20, 'TRAP_SWAP_FIDELITY': 1.0, 'INTERACTION_RADIUS': 2.0, 'RESTRICTION_RADIUS': 4.0, 'TRAP_TRANSFER_PROXIMITY': 1e-05, 'AOD_BEAM_PROXIMITY': 0.001}"
61,uuf175-09.cnf,175,753,25,2.2989344596862793,128639.55720269072,4.282121000409045e-17,6348,2056,1158,0.995,"{'U3_GATE_FIDELITY': 0.999, 'U3_GATE_DURATION': 0.5, 'CZ_GATE_FIDELITY': 0.995, 'CZ_GATE_DURATION': 0.2, 'CCZ_GATE_FIDELITY': 0.995, 'CCZ_GATE_DURATION': 1, 'QUBIT_DECAY': 100000000.0, 'QUBIT_DEPHASING': 1500000.0, 'SHUTTLING_FIDELITY': 1.0, 'SHUTTLING_SPEED': 0.55, 'TRAP_SWAP_DURATION': 20, 'TRAP_SWAP_FIDELITY': 1.0, 'INTERACTION_RADIUS': 2.0, 'RESTRICTION_RADIUS': 4.0, 'TRAP_TRANSFER_PROXIMITY': 1e-05, 'AOD_BEAM_PROXIMITY': 0.001}"
62,uuf175-09.cnf,175,753,25,2.2989344596862793,128639.55720269072,7.82843011534574e-16,6348,2056,1158,0.9975,"{'U3_GATE_FIDELITY': 0.999, 'U3_GATE_DURATION': 0.5, 'CZ_GATE_FIDELITY': 0.995, 'CZ_GATE_DURATION': 0.2, 'CCZ_GATE_FIDELITY': 0.9975, 'CCZ_GATE_DURATION': 1, 'QUBIT_DECAY': 100000000.0, 'QUBIT_DEPHASING': 1500000.0, 'SHUTTLING_FIDELITY': 1.0, 'SHUTTLING_SPEED': 0.55, 'TRAP_SWAP_DURATION': 20, 'TRAP_SWAP_FIDELITY': 1.0, 'INTERACTION_RADIUS': 2.0, 'RESTRICTION_RADIUS': 4.0, 'TRAP_TRANSFER_PROXIMITY': 1e-05, 'AOD_BEAM_PROXIMITY': 0.001}"
63,uuf75-05.cnf,75,325,23,0.40847182273864746,44566.826613838995,8.649091859417263e-09,2528,996,386,0.9775,"{'U3_GATE_FIDELITY': 0.999, 'U3_GATE_DURATION': 0.5, 'CZ_GATE_FIDELITY': 0.995, 'CZ_GATE_DURATION': 0.2, 'CCZ_GATE_FIDELITY': 0.9775, 'CCZ_GATE_DURATION': 1, 'QUBIT_DECAY': 100000000.0, 'QUBIT_DEPHASING': 1500000.0, 'SHUTTLING_FIDELITY': 1.0, 'SHUTTLING_SPEED': 0.55, 'TRAP_SWAP_DURATION': 20, 'TRAP_SWAP_FIDELITY': 1.0, 'INTERACTION_RADIUS': 2.0, 'RESTRICTION_RADIUS': 4.0, 'TRAP_TRANSFER_PROXIMITY': 1e-05, 'AOD_BEAM_PROXIMITY': 0.001}"
64,uuf75-05.cnf,75,325,23,0.40847182273864746,44566.826613838995,2.318270050994241e-08,2528,996,386,0.98,"{'U3_GATE_FIDELITY': 0.999, 'U3_GATE_DURATION': 0.5, 'CZ_GATE_FIDELITY': 0.995, 'CZ_GATE_DURATION': 0.2, 'CCZ_GATE_FIDELITY': 0.98, 'CCZ_GATE_DURATION': 1, 'QUBIT_DECAY': 100000000.0, 'QUBIT_DEPHASING': 1500000.0, 'SHUTTLING_FIDELITY': 1.0, 'SHUTTLING_SPEED': 0.55, 'TRAP_SWAP_DURATION': 20, 'TRAP_SWAP_FIDELITY': 1.0, 'INTERACTION_RADIUS': 2.0, 'RESTRICTION_RADIUS': 4.0, 'TRAP_TRANSFER_PROXIMITY': 1e-05, 'AOD_BEAM_PROXIMITY': 0.001}"
65,uuf75-05.cnf,75,325,23,0.40847182273864746,44566.826613838995,6.198214472520005e-08,2528,996,386,0.9825,"{'U3_GATE_FIDELITY': 0.999, 'U3_GATE_DURATION': 0.5, 'CZ_GATE_FIDELITY': 0.995, 'CZ_GATE_DURATION': 0.2, 'CCZ_GATE_FIDELITY': 0.9825, 'CCZ_GATE_DURATION': 1, 'QUBIT_DECAY': 100000000.0, 'QUBIT_DEPHASING': 1500000.0, 'SHUTTLING_FIDELITY': 1.0, 'SHUTTLING_SPEED': 0.55, 'TRAP_SWAP_DURATION': 20, 'TRAP_SWAP_FIDELITY': 1.0, 'INTERACTION_RADIUS': 2.0, 'RESTRICTION_RADIUS': 4.0, 'TRAP_TRANSFER_PROXIMITY': 1e-05, 'AOD_BEAM_PROXIMITY': 0.001}"
66,uuf75-05.cnf,75,325,23,0.40847182273864746,44566.826613838995,1.6530415865415574e-07,2528,996,386,0.985,"{'U3_GATE_FIDELITY': 0.999, 'U3_GATE_DURATION': 0.5, 'CZ_GATE_FIDELITY': 0.995, 'CZ_GATE_DURATION': 0.2, 'CCZ_GATE_FIDELITY': 0.985, 'CCZ_GATE_DURATION': 1, 'QUBIT_DECAY': 100000000.0, 'QUBIT_DEPHASING': 1500000.0, 'SHUTTLING_FIDELITY': 1.0, 'SHUTTLING_SPEED': 0.55, 'TRAP_SWAP_DURATION': 20, 'TRAP_SWAP_FIDELITY': 1.0, 'INTERACTION_RADIUS': 2.0, 'RESTRICTION_RADIUS': 4.0, 'TRAP_TRANSFER_PROXIMITY': 1e-05, 'AOD_BEAM_PROXIMITY': 0.001}"
67,uuf75-05.cnf,75,325,23,0.40847182273864746,44566.826613838995,4.397654099656656e-07,2528,996,386,0.9875,"{'U3_GATE_FIDELITY': 0.999, 'U3_GATE_DURATION': 0.5, 'CZ_GATE_FIDELITY': 0.995, 'CZ_GATE_DURATION': 0.2, 'CCZ_GATE_FIDELITY': 0.9875, 'CCZ_GATE_DURATION': 1, 'QUBIT_DECAY': 100000000.0, 'QUBIT_DEPHASING': 1500000.0, 'SHUTTLING_FIDELITY': 1.0, 'SHUTTLING_SPEED': 0.55, 'TRAP_SWAP_DURATION': 20, 'TRAP_SWAP_FIDELITY': 1.0, 'INTERACTION_RADIUS': 2.0, 'RESTRICTION_RADIUS': 4.0, 'TRAP_TRANSFER_PROXIMITY': 1e-05, 'AOD_BEAM_PROXIMITY': 0.001}"
68,uuf75-05.cnf,75,325,23,0.40847182273864746,44566.826613838995,1.16703511050896e-06,2528,996,386,0.99,"{'U3_GATE_FIDELITY': 0.999, 'U3_GATE_DURATION': 0.5, 'CZ_GATE_FIDELITY': 0.995, 'CZ_GATE_DURATION': 0.2, 'CCZ_GATE_FIDELITY': 0.99, 'CCZ_GATE_DURATION': 1, 'QUBIT_DECAY': 100000000.0, 'QUBIT_DEPHASING': 1500000.0, 'SHUTTLING_FIDELITY': 1.0, 'SHUTTLING_SPEED': 0.55, 'TRAP_SWAP_DURATION': 20, 'TRAP_SWAP_FIDELITY': 1.0, 'INTERACTION_RADIUS': 2.0, 'RESTRICTION_RADIUS': 4.0, 'TRAP_TRANSFER_PROXIMITY': 1e-05, 'AOD_BEAM_PROXIMITY': 0.001}"
69,uuf75-05.cnf,75,325,23,0.40847182273864746,44566.826613838995,3.0894257740627737e-06,2528,996,386,0.9925,"{'U3_GATE_FIDELITY': 0.999, 'U3_GATE_DURATION': 0.5, 'CZ_GATE_FIDELITY': 0.995, 'CZ_GATE_DURATION': 0.2, 'CCZ_GATE_FIDELITY': 0.9925, 'CCZ_GATE_DURATION': 1, 'QUBIT_DECAY': 100000000.0, 'QUBIT_DEPHASING': 1500000.0, 'SHUTTLING_FIDELITY': 1.0, 'SHUTTLING_SPEED': 0.55, 'TRAP_SWAP_DURATION': 20, 'TRAP_SWAP_FIDELITY': 1.0, 'INTERACTION_RADIUS': 2.0, 'RESTRICTION_RADIUS': 4.0, 'TRAP_TRANSFER_PROXIMITY': 1e-05, 'AOD_BEAM_PROXIMITY': 0.001}"
70,uuf75-05.cnf,75,325,23,0.40847182273864746,44566.826613838995,8.158455993106454e-06,2528,996,386,0.995,"{'U3_GATE_FIDELITY': 0.999, 'U3_GATE_DURATION': 0.5, 'CZ_GATE_FIDELITY': 0.995, 'CZ_GATE_DURATION': 0.2, 'CCZ_GATE_FIDELITY': 0.995, 'CCZ_GATE_DURATION': 1, 'QUBIT_DECAY': 100000000.0, 'QUBIT_DEPHASING': 1500000.0, 'SHUTTLING_FIDELITY': 1.0, 'SHUTTLING_SPEED': 0.55, 'TRAP_SWAP_DURATION': 20, 'TRAP_SWAP_FIDELITY': 1.0, 'INTERACTION_RADIUS': 2.0, 'RESTRICTION_RADIUS': 4.0, 'TRAP_TRANSFER_PROXIMITY': 1e-05, 'AOD_BEAM_PROXIMITY': 0.001}"
71,uuf75-05.cnf,75,325,23,0.40847182273864746,44566.826613838995,2.1492151333635832e-05,2528,996,386,0.9975,"{'U3_GATE_FIDELITY': 0.999, 'U3_GATE_DURATION': 0.5, 'CZ_GATE_FIDELITY': 0.995, 'CZ_GATE_DURATION': 0.2, 'CCZ_GATE_FIDELITY': 0.9975, 'CCZ_GATE_DURATION': 1, 'QUBIT_DECAY': 100000000.0, 'QUBIT_DEPHASING': 1500000.0, 'SHUTTLING_FIDELITY': 1.0, 'SHUTTLING_SPEED': 0.55, 'TRAP_SWAP_DURATION': 20, 'TRAP_SWAP_FIDELITY': 1.0, 'INTERACTION_RADIUS': 2.0, 'RESTRICTION_RADIUS': 4.0, 'TRAP_TRANSFER_PROXIMITY': 1e-05, 'AOD_BEAM_PROXIMITY': 0.001}"
72,uuf175-07.cnf,175,753,22,2.1721720695495605,125293.95593292287,4.930407572131876e-26,6361,1994,1190,0.9775,"{'U3_GATE_FIDELITY': 0.999, 'U3_GATE_DURATION': 0.5, 'CZ_GATE_FIDELITY': 0.995, 'CZ_GATE_DURATION': 0.2, 'CCZ_GATE_FIDELITY': 0.9775, 'CCZ_GATE_DURATION': 1, 'QUBIT_DECAY': 100000000.0, 'QUBIT_DEPHASING': 1500000.0, 'SHUTTLING_FIDELITY': 1.0, 'SHUTTLING_SPEED': 0.55, 'TRAP_SWAP_DURATION': 20, 'TRAP_SWAP_FIDELITY': 1.0, 'INTERACTION_RADIUS': 2.0, 'RESTRICTION_RADIUS': 4.0, 'TRAP_TRANSFER_PROXIMITY': 1e-05, 'AOD_BEAM_PROXIMITY': 0.001}"
73,uuf175-07.cnf,175,753,22,2.1721720695495605,125293.95593292287,1.0302942474159588e-24,6361,1994,1190,0.98,"{'U3_GATE_FIDELITY': 0.999, 'U3_GATE_DURATION': 0.5, 'CZ_GATE_FIDELITY': 0.995, 'CZ_GATE_DURATION': 0.2, 'CCZ_GATE_FIDELITY': 0.98, 'CCZ_GATE_DURATION': 1, 'QUBIT_DECAY': 100000000.0, 'QUBIT_DEPHASING': 1500000.0, 'SHUTTLING_FIDELITY': 1.0, 'SHUTTLING_SPEED': 0.55, 'TRAP_SWAP_DURATION': 20, 'TRAP_SWAP_FIDELITY': 1.0, 'INTERACTION_RADIUS': 2.0, 'RESTRICTION_RADIUS': 4.0, 'TRAP_TRANSFER_PROXIMITY': 1e-05, 'AOD_BEAM_PROXIMITY': 0.001}"
74,uuf175-07.cnf,175,753,22,2.1721720695495605,125293.95593292287,2.136369983447934e-23,6361,1994,1190,0.9825,"{'U3_GATE_FIDELITY': 0.999, 'U3_GATE_DURATION': 0.5, 'CZ_GATE_FIDELITY': 0.995, 'CZ_GATE_DURATION': 0.2, 'CCZ_GATE_FIDELITY': 0.9825, 'CCZ_GATE_DURATION': 1, 'QUBIT_DECAY': 100000000.0, 'QUBIT_DEPHASING': 1500000.0, 'SHUTTLING_FIDELITY': 1.0, 'SHUTTLING_SPEED': 0.55, 'TRAP_SWAP_DURATION': 20, 'TRAP_SWAP_FIDELITY': 1.0, 'INTERACTION_RADIUS': 2.0, 'RESTRICTION_RADIUS': 4.0, 'TRAP_TRANSFER_PROXIMITY': 1e-05, 'AOD_BEAM_PROXIMITY': 0.001}"
75,uuf175-07.cnf,175,753,22,2.1721720695495605,125293.95593292287,4.395876605606722e-22,6361,1994,1190,0.985,"{'U3_GATE_FIDELITY': 0.999, 'U3_GATE_DURATION': 0.5, 'CZ_GATE_FIDELITY': 0.995, 'CZ_GATE_DURATION': 0.2, 'CCZ_GATE_FIDELITY': 0.985, 'CCZ_GATE_DURATION': 1, 'QUBIT_DECAY': 100000000.0, 'QUBIT_DEPHASING': 1500000.0, 'SHUTTLING_FIDELITY': 1.0, 'SHUTTLING_SPEED': 0.55, 'TRAP_SWAP_DURATION': 20, 'TRAP_SWAP_FIDELITY': 1.0, 'INTERACTION_RADIUS': 2.0, 'RESTRICTION_RADIUS': 4.0, 'TRAP_TRANSFER_PROXIMITY': 1e-05, 'AOD_BEAM_PROXIMITY': 0.001}"
76,uuf175-07.cnf,175,753,22,2.1721720695495605,125293.95593292287,8.976051095744287e-21,6361,1994,1190,0.9875,"{'U3_GATE_FIDELITY': 0.999, 'U3_GATE_DURATION': 0.5, 'CZ_GATE_FIDELITY': 0.995, 'CZ_GATE_DURATION': 0.2, 'CCZ_GATE_FIDELITY': 0.9875, 'CCZ_GATE_DURATION': 1, 'QUBIT_DECAY': 100000000.0, 'QUBIT_DEPHASING': 1500000.0, 'SHUTTLING_FIDELITY': 1.0, 'SHUTTLING_SPEED': 0.55, 'TRAP_SWAP_DURATION': 20, 'TRAP_SWAP_FIDELITY': 1.0, 'INTERACTION_RADIUS': 2.0, 'RESTRICTION_RADIUS': 4.0, 'TRAP_TRANSFER_PROXIMITY': 1e-05, 'AOD_BEAM_PROXIMITY': 0.001}"
77,uuf175-07.cnf,175,753,22,2.1721720695495605,125293.95593292287,1.818916539322054e-19,6361,1994,1190,0.99,"{'U3_GATE_FIDELITY': 0.999, 'U3_GATE_DURATION': 0.5, 'CZ_GATE_FIDELITY': 0.995, 'CZ_GATE_DURATION': 0.2, 'CCZ_GATE_FIDELITY': 0.99, 'CCZ_GATE_DURATION': 1, 'QUBIT_DECAY': 100000000.0, 'QUBIT_DEPHASING': 1500000.0, 'SHUTTLING_FIDELITY': 1.0, 'SHUTTLING_SPEED': 0.55, 'TRAP_SWAP_DURATION': 20, 'TRAP_SWAP_FIDELITY': 1.0, 'INTERACTION_RADIUS': 2.0, 'RESTRICTION_RADIUS': 4.0, 'TRAP_TRANSFER_PROXIMITY': 1e-05, 'AOD_BEAM_PROXIMITY': 0.001}"
78,uuf175-07.cnf,175,753,22,2.1721720695495605,125293.95593292287,3.6580073076663046e-18,6361,1994,1190,0.9925,"{'U3_GATE_FIDELITY': 0.999, 'U3_GATE_DURATION': 0.5, 'CZ_GATE_FIDELITY': 0.995, 'CZ_GATE_DURATION': 0.2, 'CCZ_GATE_FIDELITY': 0.9925, 'CCZ_GATE_DURATION': 1, 'QUBIT_DECAY': 100000000.0, 'QUBIT_DEPHASING': 1500000.0, 'SHUTTLING_FIDELITY': 1.0, 'SHUTTLING_SPEED': 0.55, 'TRAP_SWAP_DURATION': 20, 'TRAP_SWAP_FIDELITY': 1.0, 'INTERACTION_RADIUS': 2.0, 'RESTRICTION_RADIUS': 4.0, 'TRAP_TRANSFER_PROXIMITY': 1e-05, 'AOD_BEAM_PROXIMITY': 0.001}"
79,uuf175-07.cnf,175,753,22,2.1721720695495605,125293.95593292287,7.301251161236542e-17,6361,1994,1190,0.995,"{'U3_GATE_FIDELITY': 0.999, 'U3_GATE_DURATION': 0.5, 'CZ_GATE_FIDELITY': 0.995, 'CZ_GATE_DURATION': 0.2, 'CCZ_GATE_FIDELITY': 0.995, 'CCZ_GATE_DURATION': 1, 'QUBIT_DECAY': 100000000.0, 'QUBIT_DEPHASING': 1500000.0, 'SHUTTLING_FIDELITY': 1.0, 'SHUTTLING_SPEED': 0.55, 'TRAP_SWAP_DURATION': 20, 'TRAP_SWAP_FIDELITY': 1.0, 'INTERACTION_RADIUS': 2.0, 'RESTRICTION_RADIUS': 4.0, 'TRAP_TRANSFER_PROXIMITY': 1e-05, 'AOD_BEAM_PROXIMITY': 0.001}"
80,uuf175-07.cnf,175,753,22,2.1721720695495605,125293.95593292287,1.4463965853884347e-15,6361,1994,1190,0.9975,"{'U3_GATE_FIDELITY': 0.999, 'U3_GATE_DURATION': 0.5, 'CZ_GATE_FIDELITY': 0.995, 'CZ_GATE_DURATION': 0.2, 'CCZ_GATE_FIDELITY': 0.9975, 'CCZ_GATE_DURATION': 1, 'QUBIT_DECAY': 100000000.0, 'QUBIT_DEPHASING': 1500000.0, 'SHUTTLING_FIDELITY': 1.0, 'SHUTTLING_SPEED': 0.55, 'TRAP_SWAP_DURATION': 20, 'TRAP_SWAP_FIDELITY': 1.0, 'INTERACTION_RADIUS': 2.0, 'RESTRICTION_RADIUS': 4.0, 'TRAP_TRANSFER_PROXIMITY': 1e-05, 'AOD_BEAM_PROXIMITY': 0.001}"
81,uf20-010.cnf,20,91,20,0.14331579208374023,10282.939273054591,0.009665206119480838,642,234,118,0.9775,"{'U3_GATE_FIDELITY': 0.999, 'U3_GATE_DURATION': 0.5, 'CZ_GATE_FIDELITY': 0.995, 'CZ_GATE_DURATION': 0.2, 'CCZ_GATE_FIDELITY': 0.9775, 'CCZ_GATE_DURATION': 1, 'QUBIT_DECAY': 100000000.0, 'QUBIT_DEPHASING': 1500000.0, 'SHUTTLING_FIDELITY': 1.0, 'SHUTTLING_SPEED': 0.55, 'TRAP_SWAP_DURATION': 20, 'TRAP_SWAP_FIDELITY': 1.0, 'INTERACTION_RADIUS': 2.0, 'RESTRICTION_RADIUS': 4.0, 'TRAP_TRANSFER_PROXIMITY': 1e-05, 'AOD_BEAM_PROXIMITY': 0.001}"
82,uf20-010.cnf,20,91,20,0.14331579208374023,10282.939273054591,0.013065007275163623,642,234,118,0.98,"{'U3_GATE_FIDELITY': 0.999, 'U3_GATE_DURATION': 0.5, 'CZ_GATE_FIDELITY': 0.995, 'CZ_GATE_DURATION': 0.2, 'CCZ_GATE_FIDELITY': 0.98, 'CCZ_GATE_DURATION': 1, 'QUBIT_DECAY': 100000000.0, 'QUBIT_DEPHASING': 1500000.0, 'SHUTTLING_FIDELITY': 1.0, 'SHUTTLING_SPEED': 0.55, 'TRAP_SWAP_DURATION': 20, 'TRAP_SWAP_FIDELITY': 1.0, 'INTERACTION_RADIUS': 2.0, 'RESTRICTION_RADIUS': 4.0, 'TRAP_TRANSFER_PROXIMITY': 1e-05, 'AOD_BEAM_PROXIMITY': 0.001}"
83,uf20-010.cnf,20,91,20,0.14331579208374023,10282.939273054591,0.017647154656397514,642,234,118,0.9825,"{'U3_GATE_FIDELITY': 0.999, 'U3_GATE_DURATION': 0.5, 'CZ_GATE_FIDELITY': 0.995, 'CZ_GATE_DURATION': 0.2, 'CCZ_GATE_FIDELITY': 0.9825, 'CCZ_GATE_DURATION': 1, 'QUBIT_DECAY': 100000000.0, 'QUBIT_DEPHASING': 1500000.0, 'SHUTTLING_FIDELITY': 1.0, 'SHUTTLING_SPEED': 0.55, 'TRAP_SWAP_DURATION': 20, 'TRAP_SWAP_FIDELITY': 1.0, 'INTERACTION_RADIUS': 2.0, 'RESTRICTION_RADIUS': 4.0, 'TRAP_TRANSFER_PROXIMITY': 1e-05, 'AOD_BEAM_PROXIMITY': 0.001}"
84,uf20-010.cnf,20,91,20,0.14331579208374023,10282.939273054591,0.02381814434590099,642,234,118,0.985,"{'U3_GATE_FIDELITY': 0.999, 'U3_GATE_DURATION': 0.5, 'CZ_GATE_FIDELITY': 0.995, 'CZ_GATE_DURATION': 0.2, 'CCZ_GATE_FIDELITY': 0.985, 'CCZ_GATE_DURATION': 1, 'QUBIT_DECAY': 100000000.0, 'QUBIT_DEPHASING': 1500000.0, 'SHUTTLING_FIDELITY': 1.0, 'SHUTTLING_SPEED': 0.55, 'TRAP_SWAP_DURATION': 20, 'TRAP_SWAP_FIDELITY': 1.0, 'INTERACTION_RADIUS': 2.0, 'RESTRICTION_RADIUS': 4.0, 'TRAP_TRANSFER_PROXIMITY': 1e-05, 'AOD_BEAM_PROXIMITY': 0.001}"
85,uf20-010.cnf,20,91,20,0.14331579208374023,10282.939273054591,0.0321226252683089,642,234,118,0.9875,"{'U3_GATE_FIDELITY': 0.999, 'U3_GATE_DURATION': 0.5, 'CZ_GATE_FIDELITY': 0.995, 'CZ_GATE_DURATION': 0.2, 'CCZ_GATE_FIDELITY': 0.9875, 'CCZ_GATE_DURATION': 1, 'QUBIT_DECAY': 100000000.0, 'QUBIT_DEPHASING': 1500000.0, 'SHUTTLING_FIDELITY': 1.0, 'SHUTTLING_SPEED': 0.55, 'TRAP_SWAP_DURATION': 20, 'TRAP_SWAP_FIDELITY': 1.0, 'INTERACTION_RADIUS': 2.0, 'RESTRICTION_RADIUS': 4.0, 'TRAP_TRANSFER_PROXIMITY': 1e-05, 'AOD_BEAM_PROXIMITY': 0.001}"
86,uf20-010.cnf,20,91,20,0.14331579208374023,10282.939273054591,0.043289810698283554,642,234,118,0.99,"{'U3_GATE_FIDELITY': 0.999, 'U3_GATE_DURATION': 0.5, 'CZ_GATE_FIDELITY': 0.995, 'CZ_GATE_DURATION': 0.2, 'CCZ_GATE_FIDELITY': 0.99, 'CCZ_GATE_DURATION': 1, 'QUBIT_DECAY': 100000000.0, 'QUBIT_DEPHASING': 1500000.0, 'SHUTTLING_FIDELITY': 1.0, 'SHUTTLING_SPEED': 0.55, 'TRAP_SWAP_DURATION': 20, 'TRAP_SWAP_FIDELITY': 1.0, 'INTERACTION_RADIUS': 2.0, 'RESTRICTION_RADIUS': 4.0, 'TRAP_TRANSFER_PROXIMITY': 1e-05, 'AOD_BEAM_PROXIMITY': 0.001}"
87,uf20-010.cnf,20,91,20,0.14331579208374023,10282.939273054591,0.058295300525771546,642,234,118,0.9925,"{'U3_GATE_FIDELITY': 0.999, 'U3_GATE_DURATION': 0.5, 'CZ_GATE_FIDELITY': 0.995, 'CZ_GATE_DURATION': 0.2, 'CCZ_GATE_FIDELITY': 0.9925, 'CCZ_GATE_DURATION': 1, 'QUBIT_DECAY': 100000000.0, 'QUBIT_DEPHASING': 1500000.0, 'SHUTTLING_FIDELITY': 1.0, 'SHUTTLING_SPEED': 0.55, 'TRAP_SWAP_DURATION': 20, 'TRAP_SWAP_FIDELITY': 1.0, 'INTERACTION_RADIUS': 2.0, 'RESTRICTION_RADIUS': 4.0, 'TRAP_TRANSFER_PROXIMITY': 1e-05, 'AOD_BEAM_PROXIMITY': 0.001}"
88,uf20-010.cnf,20,91,20,0.14331579208374023,10282.939273054591,0.07844337164149702,642,234,118,0.995,"{'U3_GATE_FIDELITY': 0.999, 'U3_GATE_DURATION': 0.5, 'CZ_GATE_FIDELITY': 0.995, 'CZ_GATE_DURATION': 0.2, 'CCZ_GATE_FIDELITY': 0.995, 'CCZ_GATE_DURATION': 1, 'QUBIT_DECAY': 100000000.0, 'QUBIT_DEPHASING': 1500000.0, 'SHUTTLING_FIDELITY': 1.0, 'SHUTTLING_SPEED': 0.55, 'TRAP_SWAP_DURATION': 20, 'TRAP_SWAP_FIDELITY': 1.0, 'INTERACTION_RADIUS': 2.0, 'RESTRICTION_RADIUS': 4.0, 'TRAP_TRANSFER_PROXIMITY': 1e-05, 'AOD_BEAM_PROXIMITY': 0.001}"
89,uf20-010.cnf,20,91,20,0.14331579208374023,10282.939273054591,0.1054764339988121,642,234,118,0.9975,"{'U3_GATE_FIDELITY': 0.999, 'U3_GATE_DURATION': 0.5, 'CZ_GATE_FIDELITY': 0.995, 'CZ_GATE_DURATION': 0.2, 'CCZ_GATE_FIDELITY': 0.9975, 'CCZ_GATE_DURATION': 1, 'QUBIT_DECAY': 100000000.0, 'QUBIT_DEPHASING': 1500000.0, 'SHUTTLING_FIDELITY': 1.0, 'SHUTTLING_SPEED': 0.55, 'TRAP_SWAP_DURATION': 20, 'TRAP_SWAP_FIDELITY': 1.0, 'INTERACTION_RADIUS': 2.0, 'RESTRICTION_RADIUS': 4.0, 'TRAP_TRANSFER_PROXIMITY': 1e-05, 'AOD_BEAM_PROXIMITY': 0.001}"
90,uuf75-02.cnf,75,325,21,0.5322203636169434,42269.052210091155,3.4723802500175495e-09,2640,952,436,0.9775,"{'U3_GATE_FIDELITY': 0.999, 'U3_GATE_DURATION': 0.5, 'CZ_GATE_FIDELITY': 0.995, 'CZ_GATE_DURATION': 0.2, 'CCZ_GATE_FIDELITY': 0.9775, 'CCZ_GATE_DURATION': 1, 'QUBIT_DECAY': 100000000.0, 'QUBIT_DEPHASING': 1500000.0, 'SHUTTLING_FIDELITY': 1.0, 'SHUTTLING_SPEED': 0.55, 'TRAP_SWAP_DURATION': 20, 'TRAP_SWAP_FIDELITY': 1.0, 'INTERACTION_RADIUS': 2.0, 'RESTRICTION_RADIUS': 4.0, 'TRAP_TRANSFER_PROXIMITY': 1e-05, 'AOD_BEAM_PROXIMITY': 0.001}"
91,uuf75-02.cnf,75,325,21,0.5322203636169434,42269.052210091155,1.0575143608474995e-08,2640,952,436,0.98,"{'U3_GATE_FIDELITY': 0.999, 'U3_GATE_DURATION': 0.5, 'CZ_GATE_FIDELITY': 0.995, 'CZ_GATE_DURATION': 0.2, 'CCZ_GATE_FIDELITY': 0.98, 'CCZ_GATE_DURATION': 1, 'QUBIT_DECAY': 100000000.0, 'QUBIT_DEPHASING': 1500000.0, 'SHUTTLING_FIDELITY': 1.0, 'SHUTTLING_SPEED': 0.55, 'TRAP_SWAP_DURATION': 20, 'TRAP_SWAP_FIDELITY': 1.0, 'INTERACTION_RADIUS': 2.0, 'RESTRICTION_RADIUS': 4.0, 'TRAP_TRANSFER_PROXIMITY': 1e-05, 'AOD_BEAM_PROXIMITY': 0.001}"
92,uuf75-02.cnf,75,325,21,0.5322203636169434,42269.052210091155,3.211537640555848e-08,2640,952,436,0.9825,"{'U3_GATE_FIDELITY': 0.999, 'U3_GATE_DURATION': 0.5, 'CZ_GATE_FIDELITY': 0.995, 'CZ_GATE_DURATION': 0.2, 'CCZ_GATE_FIDELITY': 0.9825, 'CCZ_GATE_DURATION': 1, 'QUBIT_DECAY': 100000000.0, 'QUBIT_DEPHASING': 1500000.0, 'SHUTTLING_FIDELITY': 1.0, 'SHUTTLING_SPEED': 0.55, 'TRAP_SWAP_DURATION': 20, 'TRAP_SWAP_FIDELITY': 1.0, 'INTERACTION_RADIUS': 2.0, 'RESTRICTION_RADIUS': 4.0, 'TRAP_TRANSFER_PROXIMITY': 1e-05, 'AOD_BEAM_PROXIMITY': 0.001}"
93,uuf75-02.cnf,75,325,21,0.5322203636169434,42269.052210091155,9.725540993424873e-08,2640,952,436,0.985,"{'U3_GATE_FIDELITY': 0.999, 'U3_GATE_DURATION': 0.5, 'CZ_GATE_FIDELITY': 0.995, 'CZ_GATE_DURATION': 0.2, 'CCZ_GATE_FIDELITY': 0.985, 'CCZ_GATE_DURATION': 1, 'QUBIT_DECAY': 100000000.0, 'QUBIT_DEPHASING': 1500000.0, 'SHUTTLING_FIDELITY': 1.0, 'SHUTTLING_SPEED': 0.55, 'TRAP_SWAP_DURATION': 20, 'TRAP_SWAP_FIDELITY': 1.0, 'INTERACTION_RADIUS': 2.0, 'RESTRICTION_RADIUS': 4.0, 'TRAP_TRANSFER_PROXIMITY': 1e-05, 'AOD_BEAM_PROXIMITY': 0.001}"
94,uuf75-02.cnf,75,325,21,0.5322203636169434,42269.052210091155,2.9369377799636774e-07,2640,952,436,0.9875,"{'U3_GATE_FIDELITY': 0.999, 'U3_GATE_DURATION': 0.5, 'CZ_GATE_FIDELITY': 0.995, 'CZ_GATE_DURATION': 0.2, 'CCZ_GATE_FIDELITY': 0.9875, 'CCZ_GATE_DURATION': 1, 'QUBIT_DECAY': 100000000.0, 'QUBIT_DEPHASING': 1500000.0, 'SHUTTLING_FIDELITY': 1.0, 'SHUTTLING_SPEED': 0.55, 'TRAP_SWAP_DURATION': 20, 'TRAP_SWAP_FIDELITY': 1.0, 'INTERACTION_RADIUS': 2.0, 'RESTRICTION_RADIUS': 4.0, 'TRAP_TRANSFER_PROXIMITY': 1e-05, 'AOD_BEAM_PROXIMITY': 0.001}"
95,uuf75-02.cnf,75,325,21,0.5322203636169434,42269.052210091155,8.844272524685873e-07,2640,952,436,0.99,"{'U3_GATE_FIDELITY': 0.999, 'U3_GATE_DURATION': 0.5, 'CZ_GATE_FIDELITY': 0.995, 'CZ_GATE_DURATION': 0.2, 'CCZ_GATE_FIDELITY': 0.99, 'CCZ_GATE_DURATION': 1, 'QUBIT_DECAY': 100000000.0, 'QUBIT_DEPHASING': 1500000.0, 'SHUTTLING_FIDELITY': 1.0, 'SHUTTLING_SPEED': 0.55, 'TRAP_SWAP_DURATION': 20, 'TRAP_SWAP_FIDELITY': 1.0, 'INTERACTION_RADIUS': 2.0, 'RESTRICTION_RADIUS': 4.0, 'TRAP_TRANSFER_PROXIMITY': 1e-05, 'AOD_BEAM_PROXIMITY': 0.001}"
96,uuf75-02.cnf,75,325,21,0.5322203636169434,42269.052210091155,2.655962883229942e-06,2640,952,436,0.9925,"{'U3_GATE_FIDELITY': 0.999, 'U3_GATE_DURATION': 0.5, 'CZ_GATE_FIDELITY': 0.995, 'CZ_GATE_DURATION': 0.2, 'CCZ_GATE_FIDELITY': 0.9925, 'CCZ_GATE_DURATION': 1, 'QUBIT_DECAY': 100000000.0, 'QUBIT_DEPHASING': 1500000.0, 'SHUTTLING_FIDELITY': 1.0, 'SHUTTLING_SPEED': 0.55, 'TRAP_SWAP_DURATION': 20, 'TRAP_SWAP_FIDELITY': 1.0, 'INTERACTION_RADIUS': 2.0, 'RESTRICTION_RADIUS': 4.0, 'TRAP_TRANSFER_PROXIMITY': 1e-05, 'AOD_BEAM_PROXIMITY': 0.001}"
97,uuf75-02.cnf,75,325,21,0.5322203636169434,42269.052210091155,7.953906417312682e-06,2640,952,436,0.995,"{'U3_GATE_FIDELITY': 0.999, 'U3_GATE_DURATION': 0.5, 'CZ_GATE_FIDELITY': 0.995, 'CZ_GATE_DURATION': 0.2, 'CCZ_GATE_FIDELITY': 0.995, 'CCZ_GATE_DURATION': 1, 'QUBIT_DECAY': 100000000.0, 'QUBIT_DEPHASING': 1500000.0, 'SHUTTLING_FIDELITY': 1.0, 'SHUTTLING_SPEED': 0.55, 'TRAP_SWAP_DURATION': 20, 'TRAP_SWAP_FIDELITY': 1.0, 'INTERACTION_RADIUS': 2.0, 'RESTRICTION_RADIUS': 4.0, 'TRAP_TRANSFER_PROXIMITY': 1e-05, 'AOD_BEAM_PROXIMITY': 0.001}"
98,uuf75-02.cnf,75,325,21,0.5322203636169434,42269.052210091155,2.375437303200179e-05,2640,952,436,0.9975,"{'U3_GATE_FIDELITY': 0.999, 'U3_GATE_DURATION': 0.5, 'CZ_GATE_FIDELITY': 0.995, 'CZ_GATE_DURATION': 0.2, 'CCZ_GATE_FIDELITY': 0.9975, 'CCZ_GATE_DURATION': 1, 'QUBIT_DECAY': 100000000.0, 'QUBIT_DEPHASING': 1500000.0, 'SHUTTLING_FIDELITY': 1.0, 'SHUTTLING_SPEED': 0.55, 'TRAP_SWAP_DURATION': 20, 'TRAP_SWAP_FIDELITY': 1.0, 'INTERACTION_RADIUS': 2.0, 'RESTRICTION_RADIUS': 4.0, 'TRAP_TRANSFER_PROXIMITY': 1e-05, 'AOD_BEAM_PROXIMITY': 0.001}"
99,uuf225-010.cnf,225,960,23,3.3203866481781006,173364.14925825404,8.239100543514255e-36,8135,2736,1430,0.9775,"{'U3_GATE_FIDELITY': 0.999, 'U3_GATE_DURATION': 0.5, 'CZ_GATE_FIDELITY': 0.995, 'CZ_GATE_DURATION': 0.2, 'CCZ_GATE_FIDELITY': 0.9775, 'CCZ_GATE_DURATION': 1, 'QUBIT_DECAY': 100000000.0, 'QUBIT_DEPHASING': 1500000.0, 'SHUTTLING_FIDELITY': 1.0, 'SHUTTLING_SPEED': 0.55, 'TRAP_SWAP_DURATION': 20, 'TRAP_SWAP_FIDELITY': 1.0, 'INTERACTION_RADIUS': 2.0, 'RESTRICTION_RADIUS': 4.0, 'TRAP_TRANSFER_PROXIMITY': 1e-05, 'AOD_BEAM_PROXIMITY': 0.001}"
100,uuf225-010.cnf,225,960,23,3.3203866481781006,173364.14925825404,3.178283006535657e-34,8135,2736,1430,0.98,"{'U3_GATE_FIDELITY': 0.999, 'U3_GATE_DURATION': 0.5, 'CZ_GATE_FIDELITY': 0.995, 'CZ_GATE_DURATION': 0.2, 'CCZ_GATE_FIDELITY': 0.98, 'CCZ_GATE_DURATION': 1, 'QUBIT_DECAY': 100000000.0, 'QUBIT_DEPHASING': 1500000.0, 'SHUTTLING_FIDELITY': 1.0, 'SHUTTLING_SPEED': 0.55, 'TRAP_SWAP_DURATION': 20, 'TRAP_SWAP_FIDELITY': 1.0, 'INTERACTION_RADIUS': 2.0, 'RESTRICTION_RADIUS': 4.0, 'TRAP_TRANSFER_PROXIMITY': 1e-05, 'AOD_BEAM_PROXIMITY': 0.001}"
101,uuf225-010.cnf,225,960,23,3.3203866481781006,173364.14925825404,1.214685265648428e-32,8135,2736,1430,0.9825,"{'U3_GATE_FIDELITY': 0.999, 'U3_GATE_DURATION': 0.5, 'CZ_GATE_FIDELITY': 0.995, 'CZ_GATE_DURATION': 0.2, 'CCZ_GATE_FIDELITY': 0.9825, 'CCZ_GATE_DURATION': 1, 'QUBIT_DECAY': 100000000.0, 'QUBIT_DEPHASING': 1500000.0, 'SHUTTLING_FIDELITY': 1.0, 'SHUTTLING_SPEED': 0.55, 'TRAP_SWAP_DURATION': 20, 'TRAP_SWAP_FIDELITY': 1.0, 'INTERACTION_RADIUS': 2.0, 'RESTRICTION_RADIUS': 4.0, 'TRAP_TRANSFER_PROXIMITY': 1e-05, 'AOD_BEAM_PROXIMITY': 0.001}"
102,uuf225-010.cnf,225,960,23,3.3203866481781006,173364.14925825404,4.599535097491225e-31,8135,2736,1430,0.985,"{'U3_GATE_FIDELITY': 0.999, 'U3_GATE_DURATION': 0.5, 'CZ_GATE_FIDELITY': 0.995, 'CZ_GATE_DURATION': 0.2, 'CCZ_GATE_FIDELITY': 0.985, 'CCZ_GATE_DURATION': 1, 'QUBIT_DECAY': 100000000.0, 'QUBIT_DEPHASING': 1500000.0, 'SHUTTLING_FIDELITY': 1.0, 'SHUTTLING_SPEED': 0.55, 'TRAP_SWAP_DURATION': 20, 'TRAP_SWAP_FIDELITY': 1.0, 'INTERACTION_RADIUS': 2.0, 'RESTRICTION_RADIUS': 4.0, 'TRAP_TRANSFER_PROXIMITY': 1e-05, 'AOD_BEAM_PROXIMITY': 0.001}"
103,uuf225-010.cnf,225,960,23,3.3203866481781006,173364.14925825404,1.725692741590415e-29,8135,2736,1430,0.9875,"{'U3_GATE_FIDELITY': 0.999, 'U3_GATE_DURATION': 0.5, 'CZ_GATE_FIDELITY': 0.995, 'CZ_GATE_DURATION': 0.2, 'CCZ_GATE_FIDELITY': 0.9875, 'CCZ_GATE_DURATION': 1, 'QUBIT_DECAY': 100000000.0, 'QUBIT_DEPHASING': 1500000.0, 'SHUTTLING_FIDELITY': 1.0, 'SHUTTLING_SPEED': 0.55, 'TRAP_SWAP_DURATION': 20, 'TRAP_SWAP_FIDELITY': 1.0, 'INTERACTION_RADIUS': 2.0, 'RESTRICTION_RADIUS': 4.0, 'TRAP_TRANSFER_PROXIMITY': 1e-05, 'AOD_BEAM_PROXIMITY': 0.001}"
104,uuf225-010.cnf,225,960,23,3.3203866481781006,173364.14925825404,6.4155308852635405e-28,8135,2736,1430,0.99,"{'U3_GATE_FIDELITY': 0.999, 'U3_GATE_DURATION': 0.5, 'CZ_GATE_FIDELITY': 0.995, 'CZ_GATE_DURATION': 0.2, 'CCZ_GATE_FIDELITY': 0.99, 'CCZ_GATE_DURATION': 1, 'QUBIT_DECAY': 100000000.0, 'QUBIT_DEPHASING': 1500000.0, 'SHUTTLING_FIDELITY': 1.0, 'SHUTTLING_SPEED': 0.55, 'TRAP_SWAP_DURATION': 20, 'TRAP_SWAP_FIDELITY': 1.0, 'INTERACTION_RADIUS': 2.0, 'RESTRICTION_RADIUS': 4.0, 'TRAP_TRANSFER_PROXIMITY': 1e-05, 'AOD_BEAM_PROXIMITY': 0.001}"
105,uuf225-010.cnf,225,960,23,3.3203866481781006,173364.14925825404,2.3634226747310133e-26,8135,2736,1430,0.9925,"{'U3_GATE_FIDELITY': 0.999, 'U3_GATE_DURATION': 0.5, 'CZ_GATE_FIDELITY': 0.995, 'CZ_GATE_DURATION': 0.2, 'CCZ_GATE_FIDELITY': 0.9925, 'CCZ_GATE_DURATION': 1, 'QUBIT_DECAY': 100000000.0, 'QUBIT_DEPHASING': 1500000.0, 'SHUTTLING_FIDELITY': 1.0, 'SHUTTLING_SPEED': 0.55, 'TRAP_SWAP_DURATION': 20, 'TRAP_SWAP_FIDELITY': 1.0, 'INTERACTION_RADIUS': 2.0, 'RESTRICTION_RADIUS': 4.0, 'TRAP_TRANSFER_PROXIMITY': 1e-05, 'AOD_BEAM_PROXIMITY': 0.001}"
106,uuf225-010.cnf,225,960,23,3.3203866481781006,173364.14925825404,8.627993156567956e-25,8135,2736,1430,0.995,"{'U3_GATE_FIDELITY': 0.999, 'U3_GATE_DURATION': 0.5, 'CZ_GATE_FIDELITY': 0.995, 'CZ_GATE_DURATION': 0.2, 'CCZ_GATE_FIDELITY': 0.995, 'CCZ_GATE_DURATION': 1, 'QUBIT_DECAY': 100000000.0, 'QUBIT_DEPHASING': 1500000.0, 'SHUTTLING_FIDELITY': 1.0, 'SHUTTLING_SPEED': 0.55, 'TRAP_SWAP_DURATION': 20, 'TRAP_SWAP_FIDELITY': 1.0, 'INTERACTION_RADIUS': 2.0, 'RESTRICTION_RADIUS': 4.0, 'TRAP_TRANSFER_PROXIMITY': 1e-05, 'AOD_BEAM_PROXIMITY': 0.001}"
107,uuf225-010.cnf,225,960,23,3.3203866481781006,173364.14925825404,3.121458451901126e-23,8135,2736,1430,0.9975,"{'U3_GATE_FIDELITY': 0.999, 'U3_GATE_DURATION': 0.5, 'CZ_GATE_FIDELITY': 0.995, 'CZ_GATE_DURATION': 0.2, 'CCZ_GATE_FIDELITY': 0.9975, 'CCZ_GATE_DURATION': 1, 'QUBIT_DECAY': 100000000.0, 'QUBIT_DEPHASING': 1500000.0, 'SHUTTLING_FIDELITY': 1.0, 'SHUTTLING_SPEED': 0.55, 'TRAP_SWAP_DURATION': 20, 'TRAP_SWAP_FIDELITY': 1.0, 'INTERACTION_RADIUS': 2.0, 'RESTRICTION_RADIUS': 4.0, 'TRAP_TRANSFER_PROXIMITY': 1e-05, 'AOD_BEAM_PROXIMITY': 0.001}"
108,uf20-09.cnf,20,91,22,0.0626678466796875,11024.726792370477,0.008938425428955517,653,200,128,0.9775,"{'U3_GATE_FIDELITY': 0.999, 'U3_GATE_DURATION': 0.5, 'CZ_GATE_FIDELITY': 0.995, 'CZ_GATE_DURATION': 0.2, 'CCZ_GATE_FIDELITY': 0.9775, 'CCZ_GATE_DURATION': 1, 'QUBIT_DECAY': 100000000.0, 'QUBIT_DEPHASING': 1500000.0, 'SHUTTLING_FIDELITY': 1.0, 'SHUTTLING_SPEED': 0.55, 'TRAP_SWAP_DURATION': 20, 'TRAP_SWAP_FIDELITY': 1.0, 'INTERACTION_RADIUS': 2.0, 'RESTRICTION_RADIUS': 4.0, 'TRAP_TRANSFER_PROXIMITY': 1e-05, 'AOD_BEAM_PROXIMITY': 0.001}"
109,uf20-09.cnf,20,91,22,0.0626678466796875,11024.726792370477,0.012395174730119413,653,200,128,0.98,"{'U3_GATE_FIDELITY': 0.999, 'U3_GATE_DURATION': 0.5, 'CZ_GATE_FIDELITY': 0.995, 'CZ_GATE_DURATION': 0.2, 'CCZ_GATE_FIDELITY': 0.98, 'CCZ_GATE_DURATION': 1, 'QUBIT_DECAY': 100000000.0, 'QUBIT_DEPHASING': 1500000.0, 'SHUTTLING_FIDELITY': 1.0, 'SHUTTLING_SPEED': 0.55, 'TRAP_SWAP_DURATION': 20, 'TRAP_SWAP_FIDELITY': 1.0, 'INTERACTION_RADIUS': 2.0, 'RESTRICTION_RADIUS': 4.0, 'TRAP_TRANSFER_PROXIMITY': 1e-05, 'AOD_BEAM_PROXIMITY': 0.001}"
110,uf20-09.cnf,20,91,22,0.0626678466796875,11024.726792370477,0.017174437531197736,653,200,128,0.9825,"{'U3_GATE_FIDELITY': 0.999, 'U3_GATE_DURATION': 0.5, 'CZ_GATE_FIDELITY': 0.995, 'CZ_GATE_DURATION': 0.2, 'CCZ_GATE_FIDELITY': 0.9825, 'CCZ_GATE_DURATION': 1, 'QUBIT_DECAY': 100000000.0, 'QUBIT_DEPHASING': 1500000.0, 'SHUTTLING_FIDELITY': 1.0, 'SHUTTLING_SPEED': 0.55, 'TRAP_SWAP_DURATION': 20, 'TRAP_SWAP_FIDELITY': 1.0, 'INTERACTION_RADIUS': 2.0, 'RESTRICTION_RADIUS': 4.0, 'TRAP_TRANSFER_PROXIMITY': 1e-05, 'AOD_BEAM_PROXIMITY': 0.001}"
111,uf20-09.cnf,20,91,22,0.0626678466796875,11024.726792370477,0.023776748733046874,653,200,128,0.985,"{'U3_GATE_FIDELITY': 0.999, 'U3_GATE_DURATION': 0.5, 'CZ_GATE_FIDELITY': 0.995, 'CZ_GATE_DURATION': 0.2, 'CCZ_GATE_FIDELITY': 0.985, 'CCZ_GATE_DURATION': 1, 'QUBIT_DECAY': 100000000.0, 'QUBIT_DEPHASING': 1500000.0, 'SHUTTLING_FIDELITY': 1.0, 'SHUTTLING_SPEED': 0.55, 'TRAP_SWAP_DURATION': 20, 'TRAP_SWAP_FIDELITY': 1.0, 'INTERACTION_RADIUS': 2.0, 'RESTRICTION_RADIUS': 4.0, 'TRAP_TRANSFER_PROXIMITY': 1e-05, 'AOD_BEAM_PROXIMITY': 0.001}"
112,uf20-09.cnf,20,91,22,0.0626678466796875,11024.726792370477,0.032890033421983086,653,200,128,0.9875,"{'U3_GATE_FIDELITY': 0.999, 'U3_GATE_DURATION': 0.5, 'CZ_GATE_FIDELITY': 0.995, 'CZ_GATE_DURATION': 0.2, 'CCZ_GATE_FIDELITY': 0.9875, 'CCZ_GATE_DURATION': 1, 'QUBIT_DECAY': 100000000.0, 'QUBIT_DEPHASING': 1500000.0, 'SHUTTLING_FIDELITY': 1.0, 'SHUTTLING_SPEED': 0.55, 'TRAP_SWAP_DURATION': 20, 'TRAP_SWAP_FIDELITY': 1.0, 'INTERACTION_RADIUS': 2.0, 'RESTRICTION_RADIUS': 4.0, 'TRAP_TRANSFER_PROXIMITY': 1e-05, 'AOD_BEAM_PROXIMITY': 0.001}"
113,uf20-09.cnf,20,91,22,0.0626678466796875,11024.726792370477,0.04545899949007874,653,200,128,0.99,"{'U3_GATE_FIDELITY': 0.999, 'U3_GATE_DURATION': 0.5, 'CZ_GATE_FIDELITY': 0.995, 'CZ_GATE_DURATION': 0.2, 'CCZ_GATE_FIDELITY': 0.99, 'CCZ_GATE_DURATION': 1, 'QUBIT_DECAY': 100000000.0, 'QUBIT_DEPHASING': 1500000.0, 'SHUTTLING_FIDELITY': 1.0, 'SHUTTLING_SPEED': 0.55, 'TRAP_SWAP_DURATION': 20, 'TRAP_SWAP_FIDELITY': 1.0, 'INTERACTION_RADIUS': 2.0, 'RESTRICTION_RADIUS': 4.0, 'TRAP_TRANSFER_PROXIMITY': 1e-05, 'AOD_BEAM_PROXIMITY': 0.001}"
114,uf20-09.cnf,20,91,22,0.0626678466796875,11024.726792370477,0.06277994635941184,653,200,128,0.9925,"{'U3_GATE_FIDELITY': 0.999, 'U3_GATE_DURATION': 0.5, 'CZ_GATE_FIDELITY': 0.995, 'CZ_GATE_DURATION': 0.2, 'CCZ_GATE_FIDELITY': 0.9925, 'CCZ_GATE_DURATION': 1, 'QUBIT_DECAY': 100000000.0, 'QUBIT_DEPHASING': 1500000.0, 'SHUTTLING_FIDELITY': 1.0, 'SHUTTLING_SPEED': 0.55, 'TRAP_SWAP_DURATION': 20, 'TRAP_SWAP_FIDELITY': 1.0, 'INTERACTION_RADIUS': 2.0, 'RESTRICTION_RADIUS': 4.0, 'TRAP_TRANSFER_PROXIMITY': 1e-05, 'AOD_BEAM_PROXIMITY': 0.001}"
115,uf20-09.cnf,20,91,22,0.0626678466796875,11024.726792370477,0.08663019661025136,653,200,128,0.995,"{'U3_GATE_FIDELITY': 0.999, 'U3_GATE_DURATION': 0.5, 'CZ_GATE_FIDELITY': 0.995, 'CZ_GATE_DURATION': 0.2, 'CCZ_GATE_FIDELITY': 0.995, 'CCZ_GATE_DURATION': 1, 'QUBIT_DECAY': 100000000.0, 'QUBIT_DEPHASING': 1500000.0, 'SHUTTLING_FIDELITY': 1.0, 'SHUTTLING_SPEED': 0.55, 'TRAP_SWAP_DURATION': 20, 'TRAP_SWAP_FIDELITY': 1.0, 'INTERACTION_RADIUS': 2.0, 'RESTRICTION_RADIUS': 4.0, 'TRAP_TRANSFER_PROXIMITY': 1e-05, 'AOD_BEAM_PROXIMITY': 0.001}"
116,uf20-09.cnf,20,91,22,0.0626678466796875,11024.726792370477,0.11944465558758423,653,200,128,0.9975,"{'U3_GATE_FIDELITY': 0.999, 'U3_GATE_DURATION': 0.5, 'CZ_GATE_FIDELITY': 0.995, 'CZ_GATE_DURATION': 0.2, 'CCZ_GATE_FIDELITY': 0.9975, 'CCZ_GATE_DURATION': 1, 'QUBIT_DECAY': 100000000.0, 'QUBIT_DEPHASING': 1500000.0, 'SHUTTLING_FIDELITY': 1.0, 'SHUTTLING_SPEED': 0.55, 'TRAP_SWAP_DURATION': 20, 'TRAP_SWAP_FIDELITY': 1.0, 'INTERACTION_RADIUS': 2.0, 'RESTRICTION_RADIUS': 4.0, 'TRAP_TRANSFER_PROXIMITY': 1e-05, 'AOD_BEAM_PROXIMITY': 0.001}"
117,uuf100-01.cnf,100,430,21,0.7513535022735596,61692.10287259201,8.826933604533116e-13,3576,1240,606,0.9775,"{'U3_GATE_FIDELITY': 0.999, 'U3_GATE_DURATION': 0.5, 'CZ_GATE_FIDELITY': 0.995, 'CZ_GATE_DURATION': 0.2, 'CCZ_GATE_FIDELITY': 0.9775, 'CCZ_GATE_DURATION': 1, 'QUBIT_DECAY': 100000000.0, 'QUBIT_DEPHASING': 1500000.0, 'SHUTTLING_FIDELITY': 1.0, 'SHUTTLING_SPEED': 0.55, 'TRAP_SWAP_DURATION': 20, 'TRAP_SWAP_FIDELITY': 1.0, 'INTERACTION_RADIUS': 2.0, 'RESTRICTION_RADIUS': 4.0, 'TRAP_TRANSFER_PROXIMITY': 1e-05, 'AOD_BEAM_PROXIMITY': 0.001}"
118,uuf100-01.cnf,100,430,21,0.7513535022735596,61692.10287259201,4.150032448150112e-12,3576,1240,606,0.98,"{'U3_GATE_FIDELITY': 0.999, 'U3_GATE_DURATION': 0.5, 'CZ_GATE_FIDELITY': 0.995, 'CZ_GATE_DURATION': 0.2, 'CCZ_GATE_FIDELITY': 0.98, 'CCZ_GATE_DURATION': 1, 'QUBIT_DECAY': 100000000.0, 'QUBIT_DEPHASING': 1500000.0, 'SHUTTLING_FIDELITY': 1.0, 'SHUTTLING_SPEED': 0.55, 'TRAP_SWAP_DURATION': 20, 'TRAP_SWAP_FIDELITY': 1.0, 'INTERACTION_RADIUS': 2.0, 'RESTRICTION_RADIUS': 4.0, 'TRAP_TRANSFER_PROXIMITY': 1e-05, 'AOD_BEAM_PROXIMITY': 0.001}"
119,uuf100-01.cnf,100,430,21,0.7513535022735596,61692.10287259201,1.9434814756010184e-11,3576,1240,606,0.9825,"{'U3_GATE_FIDELITY': 0.999, 'U3_GATE_DURATION': 0.5, 'CZ_GATE_FIDELITY': 0.995, 'CZ_GATE_DURATION': 0.2, 'CCZ_GATE_FIDELITY': 0.9825, 'CCZ_GATE_DURATION': 1, 'QUBIT_DECAY': 100000000.0, 'QUBIT_DEPHASING': 1500000.0, 'SHUTTLING_FIDELITY': 1.0, 'SHUTTLING_SPEED': 0.55, 'TRAP_SWAP_DURATION': 20, 'TRAP_SWAP_FIDELITY': 1.0, 'INTERACTION_RADIUS': 2.0, 'RESTRICTION_RADIUS': 4.0, 'TRAP_TRANSFER_PROXIMITY': 1e-05, 'AOD_BEAM_PROXIMITY': 0.001}"
120,uuf100-01.cnf,100,430,21,0.7513535022735596,61692.10287259201,9.065782682047114e-11,3576,1240,606,0.985,"{'U3_GATE_FIDELITY': 0.999, 'U3_GATE_DURATION': 0.5, 'CZ_GATE_FIDELITY': 0.995, 'CZ_GATE_DURATION': 0.2, 'CCZ_GATE_FIDELITY': 0.985, 'CCZ_GATE_DURATION': 1, 'QUBIT_DECAY': 100000000.0, 'QUBIT_DEPHASING': 1500000.0, 'SHUTTLING_FIDELITY': 1.0, 'SHUTTLING_SPEED': 0.55, 'TRAP_SWAP_DURATION': 20, 'TRAP_SWAP_FIDELITY': 1.0, 'INTERACTION_RADIUS': 2.0, 'RESTRICTION_RADIUS': 4.0, 'TRAP_TRANSFER_PROXIMITY': 1e-05, 'AOD_BEAM_PROXIMITY': 0.001}"
121,uuf100-01.cnf,100,430,21,0.7513535022735596,61692.10287259201,4.2124506653272727e-10,3576,1240,606,0.9875,"{'U3_GATE_FIDELITY': 0.999, 'U3_GATE_DURATION': 0.5, 'CZ_GATE_FIDELITY': 0.995, 'CZ_GATE_DURATION': 0.2, 'CCZ_GATE_FIDELITY': 0.9875, 'CCZ_GATE_DURATION': 1, 'QUBIT_DECAY': 100000000.0, 'QUBIT_DEPHASING': 1500000.0, 'SHUTTLING_FIDELITY': 1.0, 'SHUTTLING_SPEED': 0.55, 'TRAP_SWAP_DURATION': 20, 'TRAP_SWAP_FIDELITY': 1.0, 'INTERACTION_RADIUS': 2.0, 'RESTRICTION_RADIUS': 4.0, 'TRAP_TRANSFER_PROXIMITY': 1e-05, 'AOD_BEAM_PROXIMITY': 0.001}"
122,uuf100-01.cnf,100,430,21,0.7513535022735596,61692.10287259201,1.949743803758346e-09,3576,1240,606,0.99,"{'U3_GATE_FIDELITY': 0.999, 'U3_GATE_DURATION': 0.5, 'CZ_GATE_FIDELITY': 0.995, 'CZ_GATE_DURATION': 0.2, 'CCZ_GATE_FIDELITY': 0.99, 'CCZ_GATE_DURATION': 1, 'QUBIT_DECAY': 100000000.0, 'QUBIT_DEPHASING': 1500000.0, 'SHUTTLING_FIDELITY': 1.0, 'SHUTTLING_SPEED': 0.55, 'TRAP_SWAP_DURATION': 20, 'TRAP_SWAP_FIDELITY': 1.0, 'INTERACTION_RADIUS': 2.0, 'RESTRICTION_RADIUS': 4.0, 'TRAP_TRANSFER_PROXIMITY': 1e-05, 'AOD_BEAM_PROXIMITY': 0.001}"
123,uuf100-01.cnf,100,430,21,0.7513535022735596,61692.10287259201,8.989633296342965e-09,3576,1240,606,0.9925,"{'U3_GATE_FIDELITY': 0.999, 'U3_GATE_DURATION': 0.5, 'CZ_GATE_FIDELITY': 0.995, 'CZ_GATE_DURATION': 0.2, 'CCZ_GATE_FIDELITY': 0.9925, 'CCZ_GATE_DURATION': 1, 'QUBIT_DECAY': 100000000.0, 'QUBIT_DEPHASING': 1500000.0, 'SHUTTLING_FIDELITY': 1.0, 'SHUTTLING_SPEED': 0.55, 'TRAP_SWAP_DURATION': 20, 'TRAP_SWAP_FIDELITY': 1.0, 'INTERACTION_RADIUS': 2.0, 'RESTRICTION_RADIUS': 4.0, 'TRAP_TRANSFER_PROXIMITY': 1e-05, 'AOD_BEAM_PROXIMITY': 0.001}"
124,uuf100-01.cnf,100,430,21,0.7513535022735596,61692.10287259201,4.128920821041129e-08,3576,1240,606,0.995,"{'U3_GATE_FIDELITY': 0.999, 'U3_GATE_DURATION': 0.5, 'CZ_GATE_FIDELITY': 0.995, 'CZ_GATE_DURATION': 0.2, 'CCZ_GATE_FIDELITY': 0.995, 'CCZ_GATE_DURATION': 1, 'QUBIT_DECAY': 100000000.0, 'QUBIT_DEPHASING': 1500000.0, 'SHUTTLING_FIDELITY': 1.0, 'SHUTTLING_SPEED': 0.55, 'TRAP_SWAP_DURATION': 20, 'TRAP_SWAP_FIDELITY': 1.0, 'INTERACTION_RADIUS': 2.0, 'RESTRICTION_RADIUS': 4.0, 'TRAP_TRANSFER_PROXIMITY': 1e-05, 'AOD_BEAM_PROXIMITY': 0.001}"
125,uuf100-01.cnf,100,430,21,0.7513535022735596,61692.10287259201,1.8891640134826683e-07,3576,1240,606,0.9975,"{'U3_GATE_FIDELITY': 0.999, 'U3_GATE_DURATION': 0.5, 'CZ_GATE_FIDELITY': 0.995, 'CZ_GATE_DURATION': 0.2, 'CCZ_GATE_FIDELITY': 0.9975, 'CCZ_GATE_DURATION': 1, 'QUBIT_DECAY': 100000000.0, 'QUBIT_DEPHASING': 1500000.0, 'SHUTTLING_FIDELITY': 1.0, 'SHUTTLING_SPEED': 0.55, 'TRAP_SWAP_DURATION': 20, 'TRAP_SWAP_FIDELITY': 1.0, 'INTERACTION_RADIUS': 2.0, 'RESTRICTION_RADIUS': 4.0, 'TRAP_TRANSFER_PROXIMITY': 1e-05, 'AOD_BEAM_PROXIMITY': 0.001}"
126,uuf200-01.cnf,200,860,25,2.9539718627929688,156244.54368041473,6.1385323444427594e-31,7137,2398,1286,0.9775,"{'U3_GATE_FIDELITY': 0.999, 'U3_GATE_DURATION': 0.5, 'CZ_GATE_FIDELITY': 0.995, 'CZ_GATE_DURATION': 0.2, 'CCZ_GATE_FIDELITY': 0.9775, 'CCZ_GATE_DURATION': 1, 'QUBIT_DECAY': 100000000.0, 'QUBIT_DEPHASING': 1500000.0, 'SHUTTLING_FIDELITY': 1.0, 'SHUTTLING_SPEED': 0.55, 'TRAP_SWAP_DURATION': 20, 'TRAP_SWAP_FIDELITY': 1.0, 'INTERACTION_RADIUS': 2.0, 'RESTRICTION_RADIUS': 4.0, 'TRAP_TRANSFER_PROXIMITY': 1e-05, 'AOD_BEAM_PROXIMITY': 0.001}"
127,uuf200-01.cnf,200,860,25,2.9539718627929688,156244.54368041473,1.6392180430366385e-29,7137,2398,1286,0.98,"{'U3_GATE_FIDELITY': 0.999, 'U3_GATE_DURATION': 0.5, 'CZ_GATE_FIDELITY': 0.995, 'CZ_GATE_DURATION': 0.2, 'CCZ_GATE_FIDELITY': 0.98, 'CCZ_GATE_DURATION': 1, 'QUBIT_DECAY': 100000000.0, 'QUBIT_DEPHASING': 1500000.0, 'SHUTTLING_FIDELITY': 1.0, 'SHUTTLING_SPEED': 0.55, 'TRAP_SWAP_DURATION': 20, 'TRAP_SWAP_FIDELITY': 1.0, 'INTERACTION_RADIUS': 2.0, 'RESTRICTION_RADIUS': 4.0, 'TRAP_TRANSFER_PROXIMITY': 1e-05, 'AOD_BEAM_PROXIMITY': 0.001}"
128,uuf200-01.cnf,200,860,25,2.9539718627929688,156244.54368041473,4.340845415951256e-28,7137,2398,1286,0.9825,"{'U3_GATE_FIDELITY': 0.999, 'U3_GATE_DURATION': 0.5, 'CZ_GATE_FIDELITY': 0.995, 'CZ_GATE_DURATION': 0.2, 'CCZ_GATE_FIDELITY': 0.9825, 'CCZ_GATE_DURATION': 1, 'QUBIT_DECAY': 100000000.0, 'QUBIT_DEPHASING': 1500000.0, 'SHUTTLING_FIDELITY': 1.0, 'SHUTTLING_SPEED': 0.55, 'TRAP_SWAP_DURATION': 20, 'TRAP_SWAP_FIDELITY': 1.0, 'INTERACTION_RADIUS': 2.0, 'RESTRICTION_RADIUS': 4.0, 'TRAP_TRANSFER_PROXIMITY': 1e-05, 'AOD_BEAM_PROXIMITY': 0.001}"
129,uuf200-01.cnf,200,860,25,2.9539718627929688,156244.54368041473,1.1399762544149435e-26,7137,2398,1286,0.985,"{'U3_GATE_FIDELITY': 0.999, 'U3_GATE_DURATION': 0.5, 'CZ_GATE_FIDELITY': 0.995, 'CZ_GATE_DURATION': 0.2, 'CCZ_GATE_FIDELITY': 0.985, 'CCZ_GATE_DURATION': 1, 'QUBIT_DECAY': 100000000.0, 'QUBIT_DEPHASING': 1500000.0, 'SHUTTLING_FIDELITY': 1.0, 'SHUTTLING_SPEED': 0.55, 'TRAP_SWAP_DURATION': 20, 'TRAP_SWAP_FIDELITY': 1.0, 'INTERACTION_RADIUS': 2.0, 'RESTRICTION_RADIUS': 4.0, 'TRAP_TRANSFER_PROXIMITY': 1e-05, 'AOD_BEAM_PROXIMITY': 0.001}"
130,uuf200-01.cnf,200,860,25,2.9539718627929688,156244.54368041473,2.9690636847030888e-25,7137,2398,1286,0.9875,"{'U3_GATE_FIDELITY': 0.999, 'U3_GATE_DURATION': 0.5, 'CZ_GATE_FIDELITY': 0.995, 'CZ_GATE_DURATION': 0.2, 'CCZ_GATE_FIDELITY': 0.9875, 'CCZ_GATE_DURATION': 1, 'QUBIT_DECAY': 100000000.0, 'QUBIT_DEPHASING': 1500000.0, 'SHUTTLING_FIDELITY': 1.0, 'SHUTTLING_SPEED': 0.55, 'TRAP_SWAP_DURATION': 20, 'TRAP_SWAP_FIDELITY': 1.0, 'INTERACTION_RADIUS': 2.0, 'RESTRICTION_RADIUS': 4.0, 'TRAP_TRANSFER_PROXIMITY': 1e-05, 'AOD_BEAM_PROXIMITY': 0.001}"
131,uuf200-01.cnf,200,860,25,2.9539718627929688,156244.54368041473,7.669439707642796e-24,7137,2398,1286,0.99,"{'U3_GATE_FIDELITY': 0.999, 'U3_GATE_DURATION': 0.5, 'CZ_GATE_FIDELITY': 0.995, 'CZ_GATE_DURATION': 0.2, 'CCZ_GATE_FIDELITY': 0.99, 'CCZ_GATE_DURATION': 1, 'QUBIT_DECAY': 100000000.0, 'QUBIT_DEPHASING': 1500000.0, 'SHUTTLING_FIDELITY': 1.0, 'SHUTTLING_SPEED': 0.55, 'TRAP_SWAP_DURATION': 20, 'TRAP_SWAP_FIDELITY': 1.0, 'INTERACTION_RADIUS': 2.0, 'RESTRICTION_RADIUS': 4.0, 'TRAP_TRANSFER_PROXIMITY': 1e-05, 'AOD_BEAM_PROXIMITY': 0.001}"
132,uuf200-01.cnf,200,860,25,2.9539718627929688,156244.54368041473,1.9649261606479163e-22,7137,2398,1286,0.9925,"{'U3_GATE_FIDELITY': 0.999, 'U3_GATE_DURATION': 0.5, 'CZ_GATE_FIDELITY': 0.995, 'CZ_GATE_DURATION': 0.2, 'CCZ_GATE_FIDELITY': 0.9925, 'CCZ_GATE_DURATION': 1, 'QUBIT_DECAY': 100000000.0, 'QUBIT_DEPHASING': 1500000.0, 'SHUTTLING_FIDELITY': 1.0, 'SHUTTLING_SPEED': 0.55, 'TRAP_SWAP_DURATION': 20, 'TRAP_SWAP_FIDELITY': 1.0, 'INTERACTION_RADIUS': 2.0, 'RESTRICTION_RADIUS': 4.0, 'TRAP_TRANSFER_PROXIMITY': 1e-05, 'AOD_BEAM_PROXIMITY': 0.001}"
133,uuf200-01.cnf,200,860,25,2.9539718627929688,156244.54368041473,4.99327200050534e-21,7137,2398,1286,0.995,"{'U3_GATE_FIDELITY': 0.999, 'U3_GATE_DURATION': 0.5, 'CZ_GATE_FIDELITY': 0.995, 'CZ_GATE_DURATION': 0.2, 'CCZ_GATE_FIDELITY': 0.995, 'CCZ_GATE_DURATION': 1, 'QUBIT_DECAY': 100000000.0, 'QUBIT_DEPHASING': 1500000.0, 'SHUTTLING_FIDELITY': 1.0, 'SHUTTLING_SPEED': 0.55, 'TRAP_SWAP_DURATION': 20, 'TRAP_SWAP_FIDELITY': 1.0, 'INTERACTION_RADIUS': 2.0, 'RESTRICTION_RADIUS': 4.0, 'TRAP_TRANSFER_PROXIMITY': 1e-05, 'AOD_BEAM_PROXIMITY': 0.001}"
134,uuf200-01.cnf,200,860,25,2.9539718627929688,156244.54368041473,1.2586309026359911e-19,7137,2398,1286,0.9975,"{'U3_GATE_FIDELITY': 0.999, 'U3_GATE_DURATION': 0.5, 'CZ_GATE_FIDELITY': 0.995, 'CZ_GATE_DURATION': 0.2, 'CCZ_GATE_FIDELITY': 0.9975, 'CCZ_GATE_DURATION': 1, 'QUBIT_DECAY': 100000000.0, 'QUBIT_DEPHASING': 1500000.0, 'SHUTTLING_FIDELITY': 1.0, 'SHUTTLING_SPEED': 0.55, 'TRAP_SWAP_DURATION': 20, 'TRAP_SWAP_FIDELITY': 1.0, 'INTERACTION_RADIUS': 2.0, 'RESTRICTION_RADIUS': 4.0, 'TRAP_TRANSFER_PROXIMITY': 1e-05, 'AOD_BEAM_PROXIMITY': 0.001}"
135,uuf50-05.cnf,50,218,23,0.20625877380371094,27181.57872464061,5.587859402277154e-06,1696,620,280,0.9775,"{'U3_GATE_FIDELITY': 0.999, 'U3_GATE_DURATION': 0.5, 'CZ_GATE_FIDELITY': 0.995, 'CZ_GATE_DURATION': 0.2, 'CCZ_GATE_FIDELITY': 0.9775, 'CCZ_GATE_DURATION': 1, 'QUBIT_DECAY': 100000000.0, 'QUBIT_DEPHASING': 1500000.0, 'SHUTTLING_FIDELITY': 1.0, 'SHUTTLING_SPEED': 0.55, 'TRAP_SWAP_DURATION': 20, 'TRAP_SWAP_FIDELITY': 1.0, 'INTERACTION_RADIUS': 2.0, 'RESTRICTION_RADIUS': 4.0, 'TRAP_TRANSFER_PROXIMITY': 1e-05, 'AOD_BEAM_PROXIMITY': 0.001}"
136,uuf50-05.cnf,50,218,23,0.20625877380371094,27181.57872464061,1.1424893623155221e-05,1696,620,280,0.98,"{'U3_GATE_FIDELITY': 0.999, 'U3_GATE_DURATION': 0.5, 'CZ_GATE_FIDELITY': 0.995, 'CZ_GATE_DURATION': 0.2, 'CCZ_GATE_FIDELITY': 0.98, 'CCZ_GATE_DURATION': 1, 'QUBIT_DECAY': 100000000.0, 'QUBIT_DEPHASING': 1500000.0, 'SHUTTLING_FIDELITY': 1.0, 'SHUTTLING_SPEED': 0.55, 'TRAP_SWAP_DURATION': 20, 'TRAP_SWAP_FIDELITY': 1.0, 'INTERACTION_RADIUS': 2.0, 'RESTRICTION_RADIUS': 4.0, 'TRAP_TRANSFER_PROXIMITY': 1e-05, 'AOD_BEAM_PROXIMITY': 0.001}"
137,uuf50-05.cnf,50,218,23,0.20625877380371094,27181.57872464061,2.331672252119356e-05,1696,620,280,0.9825,"{'U3_GATE_FIDELITY': 0.999, 'U3_GATE_DURATION': 0.5, 'CZ_GATE_FIDELITY': 0.995, 'CZ_GATE_DURATION': 0.2, 'CCZ_GATE_FIDELITY': 0.9825, 'CCZ_GATE_DURATION': 1, 'QUBIT_DECAY': 100000000.0, 'QUBIT_DEPHASING': 1500000.0, 'SHUTTLING_FIDELITY': 1.0, 'SHUTTLING_SPEED': 0.55, 'TRAP_SWAP_DURATION': 20, 'TRAP_SWAP_FIDELITY': 1.0, 'INTERACTION_RADIUS': 2.0, 'RESTRICTION_RADIUS': 4.0, 'TRAP_TRANSFER_PROXIMITY': 1e-05, 'AOD_BEAM_PROXIMITY': 0.001}"
138,uuf50-05.cnf,50,218,23,0.20625877380371094,27181.57872464061,4.75002079034291e-05,1696,620,280,0.985,"{'U3_GATE_FIDELITY': 0.999, 'U3_GATE_DURATION': 0.5, 'CZ_GATE_FIDELITY': 0.995, 'CZ_GATE_DURATION': 0.2, 'CCZ_GATE_FIDELITY': 0.985, 'CCZ_GATE_DURATION': 1, 'QUBIT_DECAY': 100000000.0, 'QUBIT_DEPHASING': 1500000.0, 'SHUTTLING_FIDELITY': 1.0, 'SHUTTLING_SPEED': 0.55, 'TRAP_SWAP_DURATION': 20, 'TRAP_SWAP_FIDELITY': 1.0, 'INTERACTION_RADIUS': 2.0, 'RESTRICTION_RADIUS': 4.0, 'TRAP_TRANSFER_PROXIMITY': 1e-05, 'AOD_BEAM_PROXIMITY': 0.001}"
139,uuf50-05.cnf,50,218,23,0.20625877380371094,27181.57872464061,9.659178119849552e-05,1696,620,280,0.9875,"{'U3_GATE_FIDELITY': 0.999, 'U3_GATE_DURATION': 0.5, 'CZ_GATE_FIDELITY': 0.995, 'CZ_GATE_DURATION': 0.2, 'CCZ_GATE_FIDELITY': 0.9875, 'CCZ_GATE_DURATION': 1, 'QUBIT_DECAY': 100000000.0, 'QUBIT_DEPHASING': 1500000.0, 'SHUTTLING_FIDELITY': 1.0, 'SHUTTLING_SPEED': 0.55, 'TRAP_SWAP_DURATION': 20, 'TRAP_SWAP_FIDELITY': 1.0, 'INTERACTION_RADIUS': 2.0, 'RESTRICTION_RADIUS': 4.0, 'TRAP_TRANSFER_PROXIMITY': 1e-05, 'AOD_BEAM_PROXIMITY': 0.001}"
140,uuf50-05.cnf,50,218,23,0.20625877380371094,27181.57872464061,0.00019606743100006104,1696,620,280,0.99,"{'U3_GATE_FIDELITY': 0.999, 'U3_GATE_DURATION': 0.5, 'CZ_GATE_FIDELITY': 0.995, 'CZ_GATE_DURATION': 0.2, 'CCZ_GATE_FIDELITY': 0.99, 'CCZ_GATE_DURATION': 1, 'QUBIT_DECAY': 100000000.0, 'QUBIT_DEPHASING': 1500000.0, 'SHUTTLING_FIDELITY': 1.0, 'SHUTTLING_SPEED': 0.55, 'TRAP_SWAP_DURATION': 20, 'TRAP_SWAP_FIDELITY': 1.0, 'INTERACTION_RADIUS': 2.0, 'RESTRICTION_RADIUS': 4.0, 'TRAP_TRANSFER_PROXIMITY': 1e-05, 'AOD_BEAM_PROXIMITY': 0.001}"
141,uuf50-05.cnf,50,218,23,0.20625877380371094,27181.57872464061,0.0003972787108989377,1696,620,280,0.9925,"{'U3_GATE_FIDELITY': 0.999, 'U3_GATE_DURATION': 0.5, 'CZ_GATE_FIDELITY': 0.995, 'CZ_GATE_DURATION': 0.2, 'CCZ_GATE_FIDELITY': 0.9925, 'CCZ_GATE_DURATION': 1, 'QUBIT_DECAY': 100000000.0, 'QUBIT_DEPHASING': 1500000.0, 'SHUTTLING_FIDELITY': 1.0, 'SHUTTLING_SPEED': 0.55, 'TRAP_SWAP_DURATION': 20, 'TRAP_SWAP_FIDELITY': 1.0, 'INTERACTION_RADIUS': 2.0, 'RESTRICTION_RADIUS': 4.0, 'TRAP_TRANSFER_PROXIMITY': 1e-05, 'AOD_BEAM_PROXIMITY': 0.001}"
142,uuf50-05.cnf,50,218,23,0.20625877380371094,27181.57872464061,0.000803551248051787,1696,620,280,0.995,"{'U3_GATE_FIDELITY': 0.999, 'U3_GATE_DURATION': 0.5, 'CZ_GATE_FIDELITY': 0.995, 'CZ_GATE_DURATION': 0.2, 'CCZ_GATE_FIDELITY': 0.995, 'CCZ_GATE_DURATION': 1, 'QUBIT_DECAY': 100000000.0, 'QUBIT_DEPHASING': 1500000.0, 'SHUTTLING_FIDELITY': 1.0, 'SHUTTLING_SPEED': 0.55, 'TRAP_SWAP_DURATION': 20, 'TRAP_SWAP_FIDELITY': 1.0, 'INTERACTION_RADIUS': 2.0, 'RESTRICTION_RADIUS': 4.0, 'TRAP_TRANSFER_PROXIMITY': 1e-05, 'AOD_BEAM_PROXIMITY': 0.001}"
143,uuf50-05.cnf,50,218,23,0.20625877380371094,27181.57872464061,0.0016224233631967119,1696,620,280,0.9975,"{'U3_GATE_FIDELITY': 0.999, 'U3_GATE_DURATION': 0.5, 'CZ_GATE_FIDELITY': 0.995, 'CZ_GATE_DURATION': 0.2, 'CCZ_GATE_FIDELITY': 0.9975, 'CCZ_GATE_DURATION': 1, 'QUBIT_DECAY': 100000000.0, 'QUBIT_DEPHASING': 1500000.0, 'SHUTTLING_FIDELITY': 1.0, 'SHUTTLING_SPEED': 0.55, 'TRAP_SWAP_DURATION': 20, 'TRAP_SWAP_FIDELITY': 1.0, 'INTERACTION_RADIUS': 2.0, 'RESTRICTION_RADIUS': 4.0, 'TRAP_TRANSFER_PROXIMITY': 1e-05, 'AOD_BEAM_PROXIMITY': 0.001}"
144,uuf125-07.cnf,125,538,21,1.108276128768921,80297.58285417971,5.124583076940409e-17,4512,1442,834,0.9775,"{'U3_GATE_FIDELITY': 0.999, 'U3_GATE_DURATION': 0.5, 'CZ_GATE_FIDELITY': 0.995, 'CZ_GATE_DURATION': 0.2, 'CCZ_GATE_FIDELITY': 0.9775, 'CCZ_GATE_DURATION': 1, 'QUBIT_DECAY': 100000000.0, 'QUBIT_DEPHASING': 1500000.0, 'SHUTTLING_FIDELITY': 1.0, 'SHUTTLING_SPEED': 0.55, 'TRAP_SWAP_DURATION': 20, 'TRAP_SWAP_FIDELITY': 1.0, 'INTERACTION_RADIUS': 2.0, 'RESTRICTION_RADIUS': 4.0, 'TRAP_TRANSFER_PROXIMITY': 1e-05, 'AOD_BEAM_PROXIMITY': 0.001}"
145,uuf125-07.cnf,125,538,21,1.108276128768921,80297.58285417971,4.3134301037346605e-16,4512,1442,834,0.98,"{'U3_GATE_FIDELITY': 0.999, 'U3_GATE_DURATION': 0.5, 'CZ_GATE_FIDELITY': 0.995, 'CZ_GATE_DURATION': 0.2, 'CCZ_GATE_FIDELITY': 0.98, 'CCZ_GATE_DURATION': 1, 'QUBIT_DECAY': 100000000.0, 'QUBIT_DEPHASING': 1500000.0, 'SHUTTLING_FIDELITY': 1.0, 'SHUTTLING_SPEED': 0.55, 'TRAP_SWAP_DURATION': 20, 'TRAP_SWAP_FIDELITY': 1.0, 'INTERACTION_RADIUS': 2.0, 'RESTRICTION_RADIUS': 4.0, 'TRAP_TRANSFER_PROXIMITY': 1e-05, 'AOD_BEAM_PROXIMITY': 0.001}"
146,uuf125-07.cnf,125,538,21,1.108276128768921,80297.58285417971,3.611019910241609e-15,4512,1442,834,0.9825,"{'U3_GATE_FIDELITY': 0.999, 'U3_GATE_DURATION': 0.5, 'CZ_GATE_FIDELITY': 0.995, 'CZ_GATE_DURATION': 0.2, 'CCZ_GATE_FIDELITY': 0.9825, 'CCZ_GATE_DURATION': 1, 'QUBIT_DECAY': 100000000.0, 'QUBIT_DEPHASING': 1500000.0, 'SHUTTLING_FIDELITY': 1.0, 'SHUTTLING_SPEED': 0.55, 'TRAP_SWAP_DURATION': 20, 'TRAP_SWAP_FIDELITY': 1.0, 'INTERACTION_RADIUS': 2.0, 'RESTRICTION_RADIUS': 4.0, 'TRAP_TRANSFER_PROXIMITY': 1e-05, 'AOD_BEAM_PROXIMITY': 0.001}"
147,uuf125-07.cnf,125,538,21,1.108276128768921,80297.58285417971,3.006712287669943e-14,4512,1442,834,0.985,"{'U3_GATE_FIDELITY': 0.999, 'U3_GATE_DURATION': 0.5, 'CZ_GATE_FIDELITY': 0.995, 'CZ_GATE_DURATION': 0.2, 'CCZ_GATE_FIDELITY': 0.985, 'CCZ_GATE_DURATION': 1, 'QUBIT_DECAY': 100000000.0, 'QUBIT_DEPHASING': 1500000.0, 'SHUTTLING_FIDELITY': 1.0, 'SHUTTLING_SPEED': 0.55, 'TRAP_SWAP_DURATION': 20, 'TRAP_SWAP_FIDELITY': 1.0, 'INTERACTION_RADIUS': 2.0, 'RESTRICTION_RADIUS': 4.0, 'TRAP_TRANSFER_PROXIMITY': 1e-05, 'AOD_BEAM_PROXIMITY': 0.001}"
148,uuf125-07.cnf,125,538,21,1.108276128768921,80297.58285417971,2.4901219835117506e-13,4512,1442,834,0.9875,"{'U3_GATE_FIDELITY': 0.999, 'U3_GATE_DURATION': 0.5, 'CZ_GATE_FIDELITY': 0.995, 'CZ_GATE_DURATION': 0.2, 'CCZ_GATE_FIDELITY': 0.9875, 'CCZ_GATE_DURATION': 1, 'QUBIT_DECAY': 100000000.0, 'QUBIT_DEPHASING': 1500000.0, 'SHUTTLING_FIDELITY': 1.0, 'SHUTTLING_SPEED': 0.55, 'TRAP_SWAP_DURATION': 20, 'TRAP_SWAP_FIDELITY': 1.0, 'INTERACTION_RADIUS': 2.0, 'RESTRICTION_RADIUS': 4.0, 'TRAP_TRANSFER_PROXIMITY': 1e-05, 'AOD_BEAM_PROXIMITY': 0.001}"
149,uuf125-07.cnf,125,538,21,1.108276128768921,80297.58285417971,2.051294104243893e-12,4512,1442,834,0.99,"{'U3_GATE_FIDELITY': 0.999, 'U3_GATE_DURATION': 0.5, 'CZ_GATE_FIDELITY': 0.995, 'CZ_GATE_DURATION': 0.2, 'CCZ_GATE_FIDELITY': 0.99, 'CCZ_GATE_DURATION': 1, 'QUBIT_DECAY': 100000000.0, 'QUBIT_DEPHASING': 1500000.0, 'SHUTTLING_FIDELITY': 1.0, 'SHUTTLING_SPEED': 0.55, 'TRAP_SWAP_DURATION': 20, 'TRAP_SWAP_FIDELITY': 1.0, 'INTERACTION_RADIUS': 2.0, 'RESTRICTION_RADIUS': 4.0, 'TRAP_TRANSFER_PROXIMITY': 1e-05, 'AOD_BEAM_PROXIMITY': 0.001}"
150,uuf125-07.cnf,125,538,21,1.108276128768921,80297.58285417971,1.6808366547536925e-11,4512,1442,834,0.9925,"{'U3_GATE_FIDELITY': 0.999, 'U3_GATE_DURATION': 0.5, 'CZ_GATE_FIDELITY': 0.995, 'CZ_GATE_DURATION': 0.2, 'CCZ_GATE_FIDELITY': 0.9925, 'CCZ_GATE_DURATION': 1, 'QUBIT_DECAY': 100000000.0, 'QUBIT_DEPHASING': 1500000.0, 'SHUTTLING_FIDELITY': 1.0, 'SHUTTLING_SPEED': 0.55, 'TRAP_SWAP_DURATION': 20, 'TRAP_SWAP_FIDELITY': 1.0, 'INTERACTION_RADIUS': 2.0, 'RESTRICTION_RADIUS': 4.0, 'TRAP_TRANSFER_PROXIMITY': 1e-05, 'AOD_BEAM_PROXIMITY': 0.001}"
151,uuf125-07.cnf,125,538,21,1.108276128768921,80297.58285417971,1.370013918588475e-10,4512,1442,834,0.995,"{'U3_GATE_FIDELITY': 0.999, 'U3_GATE_DURATION': 0.5, 'CZ_GATE_FIDELITY': 0.995, 'CZ_GATE_DURATION': 0.2, 'CCZ_GATE_FIDELITY': 0.995, 'CCZ_GATE_DURATION': 1, 'QUBIT_DECAY': 100000000.0, 'QUBIT_DEPHASING': 1500000.0, 'SHUTTLING_FIDELITY': 1.0, 'SHUTTLING_SPEED': 0.55, 'TRAP_SWAP_DURATION': 20, 'TRAP_SWAP_FIDELITY': 1.0, 'INTERACTION_RADIUS': 2.0, 'RESTRICTION_RADIUS': 4.0, 'TRAP_TRANSFER_PROXIMITY': 1e-05, 'AOD_BEAM_PROXIMITY': 0.001}"
152,uuf125-07.cnf,125,538,21,1.108276128768921,80297.58285417971,1.1108051194919756e-09,4512,1442,834,0.9975,"{'U3_GATE_FIDELITY': 0.999, 'U3_GATE_DURATION': 0.5, 'CZ_GATE_FIDELITY': 0.995, 'CZ_GATE_DURATION': 0.2, 'CCZ_GATE_FIDELITY': 0.9975, 'CCZ_GATE_DURATION': 1, 'QUBIT_DECAY': 100000000.0, 'QUBIT_DEPHASING': 1500000.0, 'SHUTTLING_FIDELITY': 1.0, 'SHUTTLING_SPEED': 0.55, 'TRAP_SWAP_DURATION': 20, 'TRAP_SWAP_FIDELITY': 1.0, 'INTERACTION_RADIUS': 2.0, 'RESTRICTION_RADIUS': 4.0, 'TRAP_TRANSFER_PROXIMITY': 1e-05, 'AOD_BEAM_PROXIMITY': 0.001}"
153,uuf175-010.cnf,175,753,23,2.0173122882843018,131080.99579121644,3.3455694470116073e-26,6352,2000,1176,0.9775,"{'U3_GATE_FIDELITY': 0.999, 'U3_GATE_DURATION': 0.5, 'CZ_GATE_FIDELITY': 0.995, 'CZ_GATE_DURATION': 0.2, 'CCZ_GATE_FIDELITY': 0.9775, 'CCZ_GATE_DURATION': 1, 'QUBIT_DECAY': 100000000.0, 'QUBIT_DEPHASING': 1500000.0, 'SHUTTLING_FIDELITY': 1.0, 'SHUTTLING_SPEED': 0.55, 'TRAP_SWAP_DURATION': 20, 'TRAP_SWAP_FIDELITY': 1.0, 'INTERACTION_RADIUS': 2.0, 'RESTRICTION_RADIUS': 4.0, 'TRAP_TRANSFER_PROXIMITY': 1e-05, 'AOD_BEAM_PROXIMITY': 0.001}"
154,uuf175-010.cnf,175,753,23,2.0173122882843018,131080.99579121644,6.74556245865305e-25,6352,2000,1176,0.98,"{'U3_GATE_FIDELITY': 0.999, 'U3_GATE_DURATION': 0.5, 'CZ_GATE_FIDELITY': 0.995, 'CZ_GATE_DURATION': 0.2, 'CCZ_GATE_FIDELITY': 0.98, 'CCZ_GATE_DURATION': 1, 'QUBIT_DECAY': 100000000.0, 'QUBIT_DEPHASING': 1500000.0, 'SHUTTLING_FIDELITY': 1.0, 'SHUTTLING_SPEED': 0.55, 'TRAP_SWAP_DURATION': 20, 'TRAP_SWAP_FIDELITY': 1.0, 'INTERACTION_RADIUS': 2.0, 'RESTRICTION_RADIUS': 4.0, 'TRAP_TRANSFER_PROXIMITY': 1e-05, 'AOD_BEAM_PROXIMITY': 0.001}"
155,uuf175-010.cnf,175,753,23,2.0173122882843018,131080.99579121644,1.3497166126237484e-23,6352,2000,1176,0.9825,"{'U3_GATE_FIDELITY': 0.999, 'U3_GATE_DURATION': 0.5, 'CZ_GATE_FIDELITY': 0.995, 'CZ_GATE_DURATION': 0.2, 'CCZ_GATE_FIDELITY': 0.9825, 'CCZ_GATE_DURATION': 1, 'QUBIT_DECAY': 100000000.0, 'QUBIT_DEPHASING': 1500000.0, 'SHUTTLING_FIDELITY': 1.0, 'SHUTTLING_SPEED': 0.55, 'TRAP_SWAP_DURATION': 20, 'TRAP_SWAP_FIDELITY': 1.0, 'INTERACTION_RADIUS': 2.0, 'RESTRICTION_RADIUS': 4.0, 'TRAP_TRANSFER_PROXIMITY': 1e-05, 'AOD_BEAM_PROXIMITY': 0.001}"
156,uuf175-010.cnf,175,753,23,2.0173122882843018,131080.99579121644,2.680156898336722e-22,6352,2000,1176,0.985,"{'U3_GATE_FIDELITY': 0.999, 'U3_GATE_DURATION': 0.5, 'CZ_GATE_FIDELITY': 0.995, 'CZ_GATE_DURATION': 0.2, 'CCZ_GATE_FIDELITY': 0.985, 'CCZ_GATE_DURATION': 1, 'QUBIT_DECAY': 100000000.0, 'QUBIT_DEPHASING': 1500000.0, 'SHUTTLING_FIDELITY': 1.0, 'SHUTTLING_SPEED': 0.55, 'TRAP_SWAP_DURATION': 20, 'TRAP_SWAP_FIDELITY': 1.0, 'INTERACTION_RADIUS': 2.0, 'RESTRICTION_RADIUS': 4.0, 'TRAP_TRANSFER_PROXIMITY': 1e-05, 'AOD_BEAM_PROXIMITY': 0.001}"
157,uuf175-010.cnf,175,753,23,2.0173122882843018,131080.99579121644,5.2818712234774625e-21,6352,2000,1176,0.9875,"{'U3_GATE_FIDELITY': 0.999, 'U3_GATE_DURATION': 0.5, 'CZ_GATE_FIDELITY': 0.995, 'CZ_GATE_DURATION': 0.2, 'CCZ_GATE_FIDELITY': 0.9875, 'CCZ_GATE_DURATION': 1, 'QUBIT_DECAY': 100000000.0, 'QUBIT_DEPHASING': 1500000.0, 'SHUTTLING_FIDELITY': 1.0, 'SHUTTLING_SPEED': 0.55, 'TRAP_SWAP_DURATION': 20, 'TRAP_SWAP_FIDELITY': 1.0, 'INTERACTION_RADIUS': 2.0, 'RESTRICTION_RADIUS': 4.0, 'TRAP_TRANSFER_PROXIMITY': 1e-05, 'AOD_BEAM_PROXIMITY': 0.001}"
158,uuf175-010.cnf,175,753,23,2.0173122882843018,131080.99579121644,1.0330991404696008e-19,6352,2000,1176,0.99,"{'U3_GATE_FIDELITY': 0.999, 'U3_GATE_DURATION': 0.5, 'CZ_GATE_FIDELITY': 0.995, 'CZ_GATE_DURATION': 0.2, 'CCZ_GATE_FIDELITY': 0.99, 'CCZ_GATE_DURATION': 1, 'QUBIT_DECAY': 100000000.0, 'QUBIT_DEPHASING': 1500000.0, 'SHUTTLING_FIDELITY': 1.0, 'SHUTTLING_SPEED': 0.55, 'TRAP_SWAP_DURATION': 20, 'TRAP_SWAP_FIDELITY': 1.0, 'INTERACTION_RADIUS': 2.0, 'RESTRICTION_RADIUS': 4.0, 'TRAP_TRANSFER_PROXIMITY': 1e-05, 'AOD_BEAM_PROXIMITY': 0.001}"
159,uuf175-010.cnf,175,753,23,2.0173122882843018,131080.99579121644,2.005576837243395e-18,6352,2000,1176,0.9925,"{'U3_GATE_FIDELITY': 0.999, 'U3_GATE_DURATION': 0.5, 'CZ_GATE_FIDELITY': 0.995, 'CZ_GATE_DURATION': 0.2, 'CCZ_GATE_FIDELITY': 0.9925, 'CCZ_GATE_DURATION': 1, 'QUBIT_DECAY': 100000000.0, 'QUBIT_DEPHASING': 1500000.0, 'SHUTTLING_FIDELITY': 1.0, 'SHUTTLING_SPEED': 0.55, 'TRAP_SWAP_DURATION': 20, 'TRAP_SWAP_FIDELITY': 1.0, 'INTERACTION_RADIUS': 2.0, 'RESTRICTION_RADIUS': 4.0, 'TRAP_TRANSFER_PROXIMITY': 1e-05, 'AOD_BEAM_PROXIMITY': 0.001}"
160,uuf175-010.cnf,175,753,23,2.0173122882843018,131080.99579121644,3.8645249050753425e-17,6352,2000,1176,0.995,"{'U3_GATE_FIDELITY': 0.999, 'U3_GATE_DURATION': 0.5, 'CZ_GATE_FIDELITY': 0.995, 'CZ_GATE_DURATION': 0.2, 'CCZ_GATE_FIDELITY': 0.995, 'CCZ_GATE_DURATION': 1, 'QUBIT_DECAY': 100000000.0, 'QUBIT_DEPHASING': 1500000.0, 'SHUTTLING_FIDELITY': 1.0, 'SHUTTLING_SPEED': 0.55, 'TRAP_SWAP_DURATION': 20, 'TRAP_SWAP_FIDELITY': 1.0, 'INTERACTION_RADIUS': 2.0, 'RESTRICTION_RADIUS': 4.0, 'TRAP_TRANSFER_PROXIMITY': 1e-05, 'AOD_BEAM_PROXIMITY': 0.001}"
161,uuf175-010.cnf,175,753,23,2.0173122882843018,131080.99579121644,7.391433593219404e-16,6352,2000,1176,0.9975,"{'U3_GATE_FIDELITY': 0.999, 'U3_GATE_DURATION': 0.5, 'CZ_GATE_FIDELITY': 0.995, 'CZ_GATE_DURATION': 0.2, 'CCZ_GATE_FIDELITY': 0.9975, 'CCZ_GATE_DURATION': 1, 'QUBIT_DECAY': 100000000.0, 'QUBIT_DEPHASING': 1500000.0, 'SHUTTLING_FIDELITY': 1.0, 'SHUTTLING_SPEED': 0.55, 'TRAP_SWAP_DURATION': 20, 'TRAP_SWAP_FIDELITY': 1.0, 'INTERACTION_RADIUS': 2.0, 'RESTRICTION_RADIUS': 4.0, 'TRAP_TRANSFER_PROXIMITY': 1e-05, 'AOD_BEAM_PROXIMITY': 0.001}"
162,uuf50-06.cnf,50,218,21,0.335921049118042,27174.88483248219,4.867078718798782e-06,1697,602,290,0.9775,"{'U3_GATE_FIDELITY': 0.999, 'U3_GATE_DURATION': 0.5, 'CZ_GATE_FIDELITY': 0.995, 'CZ_GATE_DURATION': 0.2, 'CCZ_GATE_FIDELITY': 0.9775, 'CCZ_GATE_DURATION': 1, 'QUBIT_DECAY': 100000000.0, 'QUBIT_DEPHASING': 1500000.0, 'SHUTTLING_FIDELITY': 1.0, 'SHUTTLING_SPEED': 0.55, 'TRAP_SWAP_DURATION': 20, 'TRAP_SWAP_FIDELITY': 1.0, 'INTERACTION_RADIUS': 2.0, 'RESTRICTION_RADIUS': 4.0, 'TRAP_TRANSFER_PROXIMITY': 1e-05, 'AOD_BEAM_PROXIMITY': 0.001}"
163,uuf50-06.cnf,50,218,21,0.335921049118042,27174.88483248219,1.0208646407194642e-05,1697,602,290,0.98,"{'U3_GATE_FIDELITY': 0.999, 'U3_GATE_DURATION': 0.5, 'CZ_GATE_FIDELITY': 0.995, 'CZ_GATE_DURATION': 0.2, 'CCZ_GATE_FIDELITY': 0.98, 'CCZ_GATE_DURATION': 1, 'QUBIT_DECAY': 100000000.0, 'QUBIT_DEPHASING': 1500000.0, 'SHUTTLING_FIDELITY': 1.0, 'SHUTTLING_SPEED': 0.55, 'TRAP_SWAP_DURATION': 20, 'TRAP_SWAP_FIDELITY': 1.0, 'INTERACTION_RADIUS': 2.0, 'RESTRICTION_RADIUS': 4.0, 'TRAP_TRANSFER_PROXIMITY': 1e-05, 'AOD_BEAM_PROXIMITY': 0.001}"
164,uuf50-06.cnf,50,218,21,0.335921049118042,27174.88483248219,2.1372155950824298e-05,1697,602,290,0.9825,"{'U3_GATE_FIDELITY': 0.999, 'U3_GATE_DURATION': 0.5, 'CZ_GATE_FIDELITY': 0.995, 'CZ_GATE_DURATION': 0.2, 'CCZ_GATE_FIDELITY': 0.9825, 'CCZ_GATE_DURATION': 1, 'QUBIT_DECAY': 100000000.0, 'QUBIT_DEPHASING': 1500000.0, 'SHUTTLING_FIDELITY': 1.0, 'SHUTTLING_SPEED': 0.55, 'TRAP_SWAP_DURATION': 20, 'TRAP_SWAP_FIDELITY': 1.0, 'INTERACTION_RADIUS': 2.0, 'RESTRICTION_RADIUS': 4.0, 'TRAP_TRANSFER_PROXIMITY': 1e-05, 'AOD_BEAM_PROXIMITY': 0.001}"
165,uuf50-06.cnf,50,218,21,0.335921049118042,27174.88483248219,4.465941759010565e-05,1697,602,290,0.985,"{'U3_GATE_FIDELITY': 0.999, 'U3_GATE_DURATION': 0.5, 'CZ_GATE_FIDELITY': 0.995, 'CZ_GATE_DURATION': 0.2, 'CCZ_GATE_FIDELITY': 0.985, 'CCZ_GATE_DURATION': 1, 'QUBIT_DECAY': 100000000.0, 'QUBIT_DEPHASING': 1500000.0, 'SHUTTLING_FIDELITY': 1.0, 'SHUTTLING_SPEED': 0.55, 'TRAP_SWAP_DURATION': 20, 'TRAP_SWAP_FIDELITY': 1.0, 'INTERACTION_RADIUS': 2.0, 'RESTRICTION_RADIUS': 4.0, 'TRAP_TRANSFER_PROXIMITY': 1e-05, 'AOD_BEAM_PROXIMITY': 0.001}"
166,uuf50-06.cnf,50,218,21,0.335921049118042,27174.88483248219,9.314648209180747e-05,1697,602,290,0.9875,"{'U3_GATE_FIDELITY': 0.999, 'U3_GATE_DURATION': 0.5, 'CZ_GATE_FIDELITY': 0.995, 'CZ_GATE_DURATION': 0.2, 'CCZ_GATE_FIDELITY': 0.9875, 'CCZ_GATE_DURATION': 1, 'QUBIT_DECAY': 100000000.0, 'QUBIT_DEPHASING': 1500000.0, 'SHUTTLING_FIDELITY': 1.0, 'SHUTTLING_SPEED': 0.55, 'TRAP_SWAP_DURATION': 20, 'TRAP_SWAP_FIDELITY': 1.0, 'INTERACTION_RADIUS': 2.0, 'RESTRICTION_RADIUS': 4.0, 'TRAP_TRANSFER_PROXIMITY': 1e-05, 'AOD_BEAM_PROXIMITY': 0.001}"
167,uuf50-06.cnf,50,218,21,0.335921049118042,27174.88483248219,0.00019391555344030163,1697,602,290,0.99,"{'U3_GATE_FIDELITY': 0.999, 'U3_GATE_DURATION': 0.5, 'CZ_GATE_FIDELITY': 0.995, 'CZ_GATE_DURATION': 0.2, 'CCZ_GATE_FIDELITY': 0.99, 'CCZ_GATE_DURATION': 1, 'QUBIT_DECAY': 100000000.0, 'QUBIT_DEPHASING': 1500000.0, 'SHUTTLING_FIDELITY': 1.0, 'SHUTTLING_SPEED': 0.55, 'TRAP_SWAP_DURATION': 20, 'TRAP_SWAP_FIDELITY': 1.0, 'INTERACTION_RADIUS': 2.0, 'RESTRICTION_RADIUS': 4.0, 'TRAP_TRANSFER_PROXIMITY': 1e-05, 'AOD_BEAM_PROXIMITY': 0.001}"
168,uuf50-06.cnf,50,218,21,0.335921049118042,27174.88483248219,0.00040295420015791137,1697,602,290,0.9925,"{'U3_GATE_FIDELITY': 0.999, 'U3_GATE_DURATION': 0.5, 'CZ_GATE_FIDELITY': 0.995, 'CZ_GATE_DURATION': 0.2, 'CCZ_GATE_FIDELITY': 0.9925, 'CCZ_GATE_DURATION': 1, 'QUBIT_DECAY': 100000000.0, 'QUBIT_DEPHASING': 1500000.0, 'SHUTTLING_FIDELITY': 1.0, 'SHUTTLING_SPEED': 0.55, 'TRAP_SWAP_DURATION': 20, 'TRAP_SWAP_FIDELITY': 1.0, 'INTERACTION_RADIUS': 2.0, 'RESTRICTION_RADIUS': 4.0, 'TRAP_TRANSFER_PROXIMITY': 1e-05, 'AOD_BEAM_PROXIMITY': 0.001}"
169,uuf50-06.cnf,50,218,21,0.335921049118042,27174.88483248219,0.0008357947273099714,1697,602,290,0.995,"{'U3_GATE_FIDELITY': 0.999, 'U3_GATE_DURATION': 0.5, 'CZ_GATE_FIDELITY': 0.995, 'CZ_GATE_DURATION': 0.2, 'CCZ_GATE_FIDELITY': 0.995, 'CCZ_GATE_DURATION': 1, 'QUBIT_DECAY': 100000000.0, 'QUBIT_DEPHASING': 1500000.0, 'SHUTTLING_FIDELITY': 1.0, 'SHUTTLING_SPEED': 0.55, 'TRAP_SWAP_DURATION': 20, 'TRAP_SWAP_FIDELITY': 1.0, 'INTERACTION_RADIUS': 2.0, 'RESTRICTION_RADIUS': 4.0, 'TRAP_TRANSFER_PROXIMITY': 1e-05, 'AOD_BEAM_PROXIMITY': 0.001}"
170,uuf50-06.cnf,50,218,21,0.335921049118042,27174.88483248219,0.001730407842837462,1697,602,290,0.9975,"{'U3_GATE_FIDELITY': 0.999, 'U3_GATE_DURATION': 0.5, 'CZ_GATE_FIDELITY': 0.995, 'CZ_GATE_DURATION': 0.2, 'CCZ_GATE_FIDELITY': 0.9975, 'CCZ_GATE_DURATION': 1, 'QUBIT_DECAY': 100000000.0, 'QUBIT_DEPHASING': 1500000.0, 'SHUTTLING_FIDELITY': 1.0, 'SHUTTLING_SPEED': 0.55, 'TRAP_SWAP_DURATION': 20, 'TRAP_SWAP_FIDELITY': 1.0, 'INTERACTION_RADIUS': 2.0, 'RESTRICTION_RADIUS': 4.0, 'TRAP_TRANSFER_PROXIMITY': 1e-05, 'AOD_BEAM_PROXIMITY': 0.001}"
171,uuf125-06.cnf,125,538,21,1.2644474506378174,79121.56592371676,8.923047901355883e-17,4431,1440,818,0.9775,"{'U3_GATE_FIDELITY': 0.999, 'U3_GATE_DURATION': 0.5, 'CZ_GATE_FIDELITY': 0.995, 'CZ_GATE_DURATION': 0.2, 'CCZ_GATE_FIDELITY': 0.9775, 'CCZ_GATE_DURATION': 1, 'QUBIT_DECAY': 100000000.0, 'QUBIT_DEPHASING': 1500000.0, 'SHUTTLING_FIDELITY': 1.0, 'SHUTTLING_SPEED': 0.55, 'TRAP_SWAP_DURATION': 20, 'TRAP_SWAP_FIDELITY': 1.0, 'INTERACTION_RADIUS': 2.0, 'RESTRICTION_RADIUS': 4.0, 'TRAP_TRANSFER_PROXIMITY': 1e-05, 'AOD_BEAM_PROXIMITY': 0.001}"
172,uuf125-06.cnf,125,538,21,1.2644474506378174,79121.56592371676,7.209887650931342e-16,4431,1440,818,0.98,"{'U3_GATE_FIDELITY': 0.999, 'U3_GATE_DURATION': 0.5, 'CZ_GATE_FIDELITY': 0.995, 'CZ_GATE_DURATION': 0.2, 'CCZ_GATE_FIDELITY': 0.98, 'CCZ_GATE_DURATION': 1, 'QUBIT_DECAY': 100000000.0, 'QUBIT_DEPHASING': 1500000.0, 'SHUTTLING_FIDELITY': 1.0, 'SHUTTLING_SPEED': 0.55, 'TRAP_SWAP_DURATION': 20, 'TRAP_SWAP_FIDELITY': 1.0, 'INTERACTION_RADIUS': 2.0, 'RESTRICTION_RADIUS': 4.0, 'TRAP_TRANSFER_PROXIMITY': 1e-05, 'AOD_BEAM_PROXIMITY': 0.001}"
173,uuf125-06.cnf,125,538,21,1.2644474506378174,79121.56592371676,5.794712340164061e-15,4431,1440,818,0.9825,"{'U3_GATE_FIDELITY': 0.999, 'U3_GATE_DURATION': 0.5, 'CZ_GATE_FIDELITY': 0.995, 'CZ_GATE_DURATION': 0.2, 'CCZ_GATE_FIDELITY': 0.9825, 'CCZ_GATE_DURATION': 1, 'QUBIT_DECAY': 100000000.0, 'QUBIT_DEPHASING': 1500000.0, 'SHUTTLING_FIDELITY': 1.0, 'SHUTTLING_SPEED': 0.55, 'TRAP_SWAP_DURATION': 20, 'TRAP_SWAP_FIDELITY': 1.0, 'INTERACTION_RADIUS': 2.0, 'RESTRICTION_RADIUS': 4.0, 'TRAP_TRANSFER_PROXIMITY': 1e-05, 'AOD_BEAM_PROXIMITY': 0.001}"
174,uuf125-06.cnf,125,538,21,1.2644474506378174,79121.56592371676,4.6327101383310374e-14,4431,1440,818,0.985,"{'U3_GATE_FIDELITY': 0.999, 'U3_GATE_DURATION': 0.5, 'CZ_GATE_FIDELITY': 0.995, 'CZ_GATE_DURATION': 0.2, 'CCZ_GATE_FIDELITY': 0.985, 'CCZ_GATE_DURATION': 1, 'QUBIT_DECAY': 100000000.0, 'QUBIT_DEPHASING': 1500000.0, 'SHUTTLING_FIDELITY': 1.0, 'SHUTTLING_SPEED': 0.55, 'TRAP_SWAP_DURATION': 20, 'TRAP_SWAP_FIDELITY': 1.0, 'INTERACTION_RADIUS': 2.0, 'RESTRICTION_RADIUS': 4.0, 'TRAP_TRANSFER_PROXIMITY': 1e-05, 'AOD_BEAM_PROXIMITY': 0.001}"
175,uuf125-06.cnf,125,538,21,1.2644474506378174,79121.56592371676,3.684256827681843e-13,4431,1440,818,0.9875,"{'U3_GATE_FIDELITY': 0.999, 'U3_GATE_DURATION': 0.5, 'CZ_GATE_FIDELITY': 0.995, 'CZ_GATE_DURATION': 0.2, 'CCZ_GATE_FIDELITY': 0.9875, 'CCZ_GATE_DURATION': 1, 'QUBIT_DECAY': 100000000.0, 'QUBIT_DEPHASING': 1500000.0, 'SHUTTLING_FIDELITY': 1.0, 'SHUTTLING_SPEED': 0.55, 'TRAP_SWAP_DURATION': 20, 'TRAP_SWAP_FIDELITY': 1.0, 'INTERACTION_RADIUS': 2.0, 'RESTRICTION_RADIUS': 4.0, 'TRAP_TRANSFER_PROXIMITY': 1e-05, 'AOD_BEAM_PROXIMITY': 0.001}"
176,uuf125-06.cnf,125,538,21,1.2644474506378174,79121.56592371676,2.9146590657062214e-12,4431,1440,818,0.99,"{'U3_GATE_FIDELITY': 0.999, 'U3_GATE_DURATION': 0.5, 'CZ_GATE_FIDELITY': 0.995, 'CZ_GATE_DURATION': 0.2, 'CCZ_GATE_FIDELITY': 0.99, 'CCZ_GATE_DURATION': 1, 'QUBIT_DECAY': 100000000.0, 'QUBIT_DEPHASING': 1500000.0, 'SHUTTLING_FIDELITY': 1.0, 'SHUTTLING_SPEED': 0.55, 'TRAP_SWAP_DURATION': 20, 'TRAP_SWAP_FIDELITY': 1.0, 'INTERACTION_RADIUS': 2.0, 'RESTRICTION_RADIUS': 4.0, 'TRAP_TRANSFER_PROXIMITY': 1e-05, 'AOD_BEAM_PROXIMITY': 0.001}"
177,uuf125-06.cnf,125,538,21,1.2644474506378174,79121.56592371676,2.2938246043145756e-11,4431,1440,818,0.9925,"{'U3_GATE_FIDELITY': 0.999, 'U3_GATE_DURATION': 0.5, 'CZ_GATE_FIDELITY': 0.995, 'CZ_GATE_DURATION': 0.2, 'CCZ_GATE_FIDELITY': 0.9925, 'CCZ_GATE_DURATION': 1, 'QUBIT_DECAY': 100000000.0, 'QUBIT_DEPHASING': 1500000.0, 'SHUTTLING_FIDELITY': 1.0, 'SHUTTLING_SPEED': 0.55, 'TRAP_SWAP_DURATION': 20, 'TRAP_SWAP_FIDELITY': 1.0, 'INTERACTION_RADIUS': 2.0, 'RESTRICTION_RADIUS': 4.0, 'TRAP_TRANSFER_PROXIMITY': 1e-05, 'AOD_BEAM_PROXIMITY': 0.001}"
178,uuf125-06.cnf,125,538,21,1.2644474506378174,79121.56592371676,1.7958854458074173e-10,4431,1440,818,0.995,"{'U3_GATE_FIDELITY': 0.999, 'U3_GATE_DURATION': 0.5, 'CZ_GATE_FIDELITY': 0.995, 'CZ_GATE_DURATION': 0.2, 'CCZ_GATE_FIDELITY': 0.995, 'CCZ_GATE_DURATION': 1, 'QUBIT_DECAY': 100000000.0, 'QUBIT_DEPHASING': 1500000.0, 'SHUTTLING_FIDELITY': 1.0, 'SHUTTLING_SPEED': 0.55, 'TRAP_SWAP_DURATION': 20, 'TRAP_SWAP_FIDELITY': 1.0, 'INTERACTION_RADIUS': 2.0, 'RESTRICTION_RADIUS': 4.0, 'TRAP_TRANSFER_PROXIMITY': 1e-05, 'AOD_BEAM_PROXIMITY': 0.001}"
179,uuf125-06.cnf,125,538,21,1.2644474506378174,79121.56592371676,1.39879588603028e-09,4431,1440,818,0.9975,"{'U3_GATE_FIDELITY': 0.999, 'U3_GATE_DURATION': 0.5, 'CZ_GATE_FIDELITY': 0.995, 'CZ_GATE_DURATION': 0.2, 'CCZ_GATE_FIDELITY': 0.9975, 'CCZ_GATE_DURATION': 1, 'QUBIT_DECAY': 100000000.0, 'QUBIT_DEPHASING': 1500000.0, 'SHUTTLING_FIDELITY': 1.0, 'SHUTTLING_SPEED': 0.55, 'TRAP_SWAP_DURATION': 20, 'TRAP_SWAP_FIDELITY': 1.0, 'INTERACTION_RADIUS': 2.0, 'RESTRICTION_RADIUS': 4.0, 'TRAP_TRANSFER_PROXIMITY': 1e-05, 'AOD_BEAM_PROXIMITY': 0.001}"
180,uuf150-09.cnf,150,645,24,1.586714744567871,107123.96161564445,1.6495137141569822e-21,5258,1562,1050,0.9775,"{'U3_GATE_FIDELITY': 0.999, 'U3_GATE_DURATION': 0.5, 'CZ_GATE_FIDELITY': 0.995, 'CZ_GATE_DURATION': 0.2, 'CCZ_GATE_FIDELITY': 0.9775, 'CCZ_GATE_DURATION': 1, 'QUBIT_DECAY': 100000000.0, 'QUBIT_DEPHASING': 1500000.0, 'SHUTTLING_FIDELITY': 1.0, 'SHUTTLING_SPEED': 0.55, 'TRAP_SWAP_DURATION': 20, 'TRAP_SWAP_FIDELITY': 1.0, 'INTERACTION_RADIUS': 2.0, 'RESTRICTION_RADIUS': 4.0, 'TRAP_TRANSFER_PROXIMITY': 1e-05, 'AOD_BEAM_PROXIMITY': 0.001}"
181,uuf150-09.cnf,150,645,24,1.586714744567871,107123.96161564445,2.410632661361246e-20,5258,1562,1050,0.98,"{'U3_GATE_FIDELITY': 0.999, 'U3_GATE_DURATION': 0.5, 'CZ_GATE_FIDELITY': 0.995, 'CZ_GATE_DURATION': 0.2, 'CCZ_GATE_FIDELITY': 0.98, 'CCZ_GATE_DURATION': 1, 'QUBIT_DECAY': 100000000.0, 'QUBIT_DEPHASING': 1500000.0, 'SHUTTLING_FIDELITY': 1.0, 'SHUTTLING_SPEED': 0.55, 'TRAP_SWAP_DURATION': 20, 'TRAP_SWAP_FIDELITY': 1.0, 'INTERACTION_RADIUS': 2.0, 'RESTRICTION_RADIUS': 4.0, 'TRAP_TRANSFER_PROXIMITY': 1e-05, 'AOD_BEAM_PROXIMITY': 0.001}"
182,uuf150-09.cnf,150,645,24,1.586714744567871,107123.96161564445,3.4989566284081973e-19,5258,1562,1050,0.9825,"{'U3_GATE_FIDELITY': 0.999, 'U3_GATE_DURATION': 0.5, 'CZ_GATE_FIDELITY': 0.995, 'CZ_GATE_DURATION': 0.2, 'CCZ_GATE_FIDELITY': 0.9825, 'CCZ_GATE_DURATION': 1, 'QUBIT_DECAY': 100000000.0, 'QUBIT_DEPHASING': 1500000.0, 'SHUTTLING_FIDELITY': 1.0, 'SHUTTLING_SPEED': 0.55, 'TRAP_SWAP_DURATION': 20, 'TRAP_SWAP_FIDELITY': 1.0, 'INTERACTION_RADIUS': 2.0, 'RESTRICTION_RADIUS': 4.0, 'TRAP_TRANSFER_PROXIMITY': 1e-05, 'AOD_BEAM_PROXIMITY': 0.001}"
183,uuf150-09.cnf,150,645,24,1.586714744567871,107123.96161564445,5.044214913747895e-18,5258,1562,1050,0.985,"{'U3_GATE_FIDELITY': 0.999, 'U3_GATE_DURATION': 0.5, 'CZ_GATE_FIDELITY': 0.995, 'CZ_GATE_DURATION': 0.2, 'CCZ_GATE_FIDELITY': 0.985, 'CCZ_GATE_DURATION': 1, 'QUBIT_DECAY': 100000000.0, 'QUBIT_DEPHASING': 1500000.0, 'SHUTTLING_FIDELITY': 1.0, 'SHUTTLING_SPEED': 0.55, 'TRAP_SWAP_DURATION': 20, 'TRAP_SWAP_FIDELITY': 1.0, 'INTERACTION_RADIUS': 2.0, 'RESTRICTION_RADIUS': 4.0, 'TRAP_TRANSFER_PROXIMITY': 1e-05, 'AOD_BEAM_PROXIMITY': 0.001}"
184,uuf150-09.cnf,150,645,24,1.586714744567871,107123.96161564445,7.222891195574783e-17,5258,1562,1050,0.9875,"{'U3_GATE_FIDELITY': 0.999, 'U3_GATE_DURATION': 0.5, 'CZ_GATE_FIDELITY': 0.995, 'CZ_GATE_DURATION': 0.2, 'CCZ_GATE_FIDELITY': 0.9875, 'CCZ_GATE_DURATION': 1, 'QUBIT_DECAY': 100000000.0, 'QUBIT_DEPHASING': 1500000.0, 'SHUTTLING_FIDELITY': 1.0, 'SHUTTLING_SPEED': 0.55, 'TRAP_SWAP_DURATION': 20, 'TRAP_SWAP_FIDELITY': 1.0, 'INTERACTION_RADIUS': 2.0, 'RESTRICTION_RADIUS': 4.0, 'TRAP_TRANSFER_PROXIMITY': 1e-05, 'AOD_BEAM_PROXIMITY': 0.001}"
185,uuf150-09.cnf,150,645,24,1.586714744567871,107123.96161564445,1.027320339865863e-15,5258,1562,1050,0.99,"{'U3_GATE_FIDELITY': 0.999, 'U3_GATE_DURATION': 0.5, 'CZ_GATE_FIDELITY': 0.995, 'CZ_GATE_DURATION': 0.2, 'CCZ_GATE_FIDELITY': 0.99, 'CCZ_GATE_DURATION': 1, 'QUBIT_DECAY': 100000000.0, 'QUBIT_DEPHASING': 1500000.0, 'SHUTTLING_FIDELITY': 1.0, 'SHUTTLING_SPEED': 0.55, 'TRAP_SWAP_DURATION': 20, 'TRAP_SWAP_FIDELITY': 1.0, 'INTERACTION_RADIUS': 2.0, 'RESTRICTION_RADIUS': 4.0, 'TRAP_TRANSFER_PROXIMITY': 1e-05, 'AOD_BEAM_PROXIMITY': 0.001}"
186,uuf150-09.cnf,150,645,24,1.586714744567871,107123.96161564445,1.4514188739502784e-14,5258,1562,1050,0.9925,"{'U3_GATE_FIDELITY': 0.999, 'U3_GATE_DURATION': 0.5, 'CZ_GATE_FIDELITY': 0.995, 'CZ_GATE_DURATION': 0.2, 'CCZ_GATE_FIDELITY': 0.9925, 'CCZ_GATE_DURATION': 1, 'QUBIT_DECAY': 100000000.0, 'QUBIT_DEPHASING': 1500000.0, 'SHUTTLING_FIDELITY': 1.0, 'SHUTTLING_SPEED': 0.55, 'TRAP_SWAP_DURATION': 20, 'TRAP_SWAP_FIDELITY': 1.0, 'INTERACTION_RADIUS': 2.0, 'RESTRICTION_RADIUS': 4.0, 'TRAP_TRANSFER_PROXIMITY': 1e-05, 'AOD_BEAM_PROXIMITY': 0.001}"
187,uuf150-09.cnf,150,645,24,1.586714744567871,107123.96161564445,2.036978018057428e-13,5258,1562,1050,0.995,"{'U3_GATE_FIDELITY': 0.999, 'U3_GATE_DURATION': 0.5, 'CZ_GATE_FIDELITY': 0.995, 'CZ_GATE_DURATION': 0.2, 'CCZ_GATE_FIDELITY': 0.995, 'CCZ_GATE_DURATION': 1, 'QUBIT_DECAY': 100000000.0, 'QUBIT_DEPHASING': 1500000.0, 'SHUTTLING_FIDELITY': 1.0, 'SHUTTLING_SPEED': 0.55, 'TRAP_SWAP_DURATION': 20, 'TRAP_SWAP_FIDELITY': 1.0, 'INTERACTION_RADIUS': 2.0, 'RESTRICTION_RADIUS': 4.0, 'TRAP_TRANSFER_PROXIMITY': 1e-05, 'AOD_BEAM_PROXIMITY': 0.001}"
188,uuf150-09.cnf,150,645,24,1.586714744567871,107123.96161564445,2.839887499560907e-12,5258,1562,1050,0.9975,"{'U3_GATE_FIDELITY': 0.999, 'U3_GATE_DURATION': 0.5, 'CZ_GATE_FIDELITY': 0.995, 'CZ_GATE_DURATION': 0.2, 'CCZ_GATE_FIDELITY': 0.9975, 'CCZ_GATE_DURATION': 1, 'QUBIT_DECAY': 100000000.0, 'QUBIT_DEPHASING': 1500000.0, 'SHUTTLING_FIDELITY': 1.0, 'SHUTTLING_SPEED': 0.55, 'TRAP_SWAP_DURATION': 20, 'TRAP_SWAP_FIDELITY': 1.0, 'INTERACTION_RADIUS': 2.0, 'RESTRICTION_RADIUS': 4.0, 'TRAP_TRANSFER_PROXIMITY': 1e-05, 'AOD_BEAM_PROXIMITY': 0.001}"
189,uuf250-01.cnf,250,1065,24,4.1417646408081055,209589.2095048409,5.112547774602093e-42,8939,3120,1540,0.9775,"{'U3_GATE_FIDELITY': 0.999, 'U3_GATE_DURATION': 0.5, 'CZ_GATE_FIDELITY': 0.995, 'CZ_GATE_DURATION': 0.2, 'CCZ_GATE_FIDELITY': 0.9775, 'CCZ_GATE_DURATION': 1, 'QUBIT_DECAY': 100000000.0, 'QUBIT_DEPHASING': 1500000.0, 'SHUTTLING_FIDELITY': 1.0, 'SHUTTLING_SPEED': 0.55, 'TRAP_SWAP_DURATION': 20, 'TRAP_SWAP_FIDELITY': 1.0, 'INTERACTION_RADIUS': 2.0, 'RESTRICTION_RADIUS': 4.0, 'TRAP_TRANSFER_PROXIMITY': 1e-05, 'AOD_BEAM_PROXIMITY': 0.001}"
190,uuf250-01.cnf,250,1065,24,4.1417646408081055,209589.2095048409,2.6120061863656834e-40,8939,3120,1540,0.98,"{'U3_GATE_FIDELITY': 0.999, 'U3_GATE_DURATION': 0.5, 'CZ_GATE_FIDELITY': 0.995, 'CZ_GATE_DURATION': 0.2, 'CCZ_GATE_FIDELITY': 0.98, 'CCZ_GATE_DURATION': 1, 'QUBIT_DECAY': 100000000.0, 'QUBIT_DEPHASING': 1500000.0, 'SHUTTLING_FIDELITY': 1.0, 'SHUTTLING_SPEED': 0.55, 'TRAP_SWAP_DURATION': 20, 'TRAP_SWAP_FIDELITY': 1.0, 'INTERACTION_RADIUS': 2.0, 'RESTRICTION_RADIUS': 4.0, 'TRAP_TRANSFER_PROXIMITY': 1e-05, 'AOD_BEAM_PROXIMITY': 0.001}"
191,uuf250-01.cnf,250,1065,24,4.1417646408081055,209589.2095048409,1.3211695872231886e-38,8939,3120,1540,0.9825,"{'U3_GATE_FIDELITY': 0.999, 'U3_GATE_DURATION': 0.5, 'CZ_GATE_FIDELITY': 0.995, 'CZ_GATE_DURATION': 0.2, 'CCZ_GATE_FIDELITY': 0.9825, 'CCZ_GATE_DURATION': 1, 'QUBIT_DECAY': 100000000.0, 'QUBIT_DEPHASING': 1500000.0, 'SHUTTLING_FIDELITY': 1.0, 'SHUTTLING_SPEED': 0.55, 'TRAP_SWAP_DURATION': 20, 'TRAP_SWAP_FIDELITY': 1.0, 'INTERACTION_RADIUS': 2.0, 'RESTRICTION_RADIUS': 4.0, 'TRAP_TRANSFER_PROXIMITY': 1e-05, 'AOD_BEAM_PROXIMITY': 0.001}"
192,uuf250-01.cnf,250,1065,24,4.1417646408081055,209589.2095048409,6.61626057400082e-37,8939,3120,1540,0.985,"{'U3_GATE_FIDELITY': 0.999, 'U3_GATE_DURATION': 0.5, 'CZ_GATE_FIDELITY': 0.995, 'CZ_GATE_DURATION': 0.2, 'CCZ_GATE_FIDELITY': 0.985, 'CCZ_GATE_DURATION': 1, 'QUBIT_DECAY': 100000000.0, 'QUBIT_DEPHASING': 1500000.0, 'SHUTTLING_FIDELITY': 1.0, 'SHUTTLING_SPEED': 0.55, 'TRAP_SWAP_DURATION': 20, 'TRAP_SWAP_FIDELITY': 1.0, 'INTERACTION_RADIUS': 2.0, 'RESTRICTION_RADIUS': 4.0, 'TRAP_TRANSFER_PROXIMITY': 1e-05, 'AOD_BEAM_PROXIMITY': 0.001}"
193,uuf250-01.cnf,250,1065,24,4.1417646408081055,209589.2095048409,3.2806375722725436e-35,8939,3120,1540,0.9875,"{'U3_GATE_FIDELITY': 0.999, 'U3_GATE_DURATION': 0.5, 'CZ_GATE_FIDELITY': 0.995, 'CZ_GATE_DURATION': 0.2, 'CCZ_GATE_FIDELITY': 0.9875, 'CCZ_GATE_DURATION': 1, 'QUBIT_DECAY': 100000000.0, 'QUBIT_DEPHASING': 1500000.0, 'SHUTTLING_FIDELITY': 1.0, 'SHUTTLING_SPEED': 0.55, 'TRAP_SWAP_DURATION': 20, 'TRAP_SWAP_FIDELITY': 1.0, 'INTERACTION_RADIUS': 2.0, 'RESTRICTION_RADIUS': 4.0, 'TRAP_TRANSFER_PROXIMITY': 1e-05, 'AOD_BEAM_PROXIMITY': 0.001}"
194,uuf250-01.cnf,250,1065,24,4.1417646408081055,209589.2095048409,1.6107098516616037e-33,8939,3120,1540,0.99,"{'U3_GATE_FIDELITY': 0.999, 'U3_GATE_DURATION': 0.5, 'CZ_GATE_FIDELITY': 0.995, 'CZ_GATE_DURATION': 0.2, 'CCZ_GATE_FIDELITY': 0.99, 'CCZ_GATE_DURATION': 1, 'QUBIT_DECAY': 100000000.0, 'QUBIT_DEPHASING': 1500000.0, 'SHUTTLING_FIDELITY': 1.0, 'SHUTTLING_SPEED': 0.55, 'TRAP_SWAP_DURATION': 20, 'TRAP_SWAP_FIDELITY': 1.0, 'INTERACTION_RADIUS': 2.0, 'RESTRICTION_RADIUS': 4.0, 'TRAP_TRANSFER_PROXIMITY': 1e-05, 'AOD_BEAM_PROXIMITY': 0.001}"
195,uuf250-01.cnf,250,1065,24,4.1417646408081055,209589.2095048409,7.830895073849749e-32,8939,3120,1540,0.9925,"{'U3_GATE_FIDELITY': 0.999, 'U3_GATE_DURATION': 0.5, 'CZ_GATE_FIDELITY': 0.995, 'CZ_GATE_DURATION': 0.2, 'CCZ_GATE_FIDELITY': 0.9925, 'CCZ_GATE_DURATION': 1, 'QUBIT_DECAY': 100000000.0, 'QUBIT_DEPHASING': 1500000.0, 'SHUTTLING_FIDELITY': 1.0, 'SHUTTLING_SPEED': 0.55, 'TRAP_SWAP_DURATION': 20, 'TRAP_SWAP_FIDELITY': 1.0, 'INTERACTION_RADIUS': 2.0, 'RESTRICTION_RADIUS': 4.0, 'TRAP_TRANSFER_PROXIMITY': 1e-05, 'AOD_BEAM_PROXIMITY': 0.001}"
196,uuf250-01.cnf,250,1065,24,4.1417646408081055,209589.2095048409,3.7701791138367865e-30,8939,3120,1540,0.995,"{'U3_GATE_FIDELITY': 0.999, 'U3_GATE_DURATION': 0.5, 'CZ_GATE_FIDELITY': 0.995, 'CZ_GATE_DURATION': 0.2, 'CCZ_GATE_FIDELITY': 0.995, 'CCZ_GATE_DURATION': 1, 'QUBIT_DECAY': 100000000.0, 'QUBIT_DEPHASING': 1500000.0, 'SHUTTLING_FIDELITY': 1.0, 'SHUTTLING_SPEED': 0.55, 'TRAP_SWAP_DURATION': 20, 'TRAP_SWAP_FIDELITY': 1.0, 'INTERACTION_RADIUS': 2.0, 'RESTRICTION_RADIUS': 4.0, 'TRAP_TRANSFER_PROXIMITY': 1e-05, 'AOD_BEAM_PROXIMITY': 0.001}"
197,uuf250-01.cnf,250,1065,24,4.1417646408081055,209589.2095048409,1.7975887742235648e-28,8939,3120,1540,0.9975,"{'U3_GATE_FIDELITY': 0.999, 'U3_GATE_DURATION': 0.5, 'CZ_GATE_FIDELITY': 0.995, 'CZ_GATE_DURATION': 0.2, 'CCZ_GATE_FIDELITY': 0.9975, 'CCZ_GATE_DURATION': 1, 'QUBIT_DECAY': 100000000.0, 'QUBIT_DEPHASING': 1500000.0, 'SHUTTLING_FIDELITY': 1.0, 'SHUTTLING_SPEED': 0.55, 'TRAP_SWAP_DURATION': 20, 'TRAP_SWAP_FIDELITY': 1.0, 'INTERACTION_RADIUS': 2.0, 'RESTRICTION_RADIUS': 4.0, 'TRAP_TRANSFER_PROXIMITY': 1e-05, 'AOD_BEAM_PROXIMITY': 0.001}"
198,uuf50-010.cnf,50,218,21,0.36161088943481445,26824.257948050144,5.268579249740204e-06,1716,612,284,0.9775,"{'U3_GATE_FIDELITY': 0.999, 'U3_GATE_DURATION': 0.5, 'CZ_GATE_FIDELITY': 0.995, 'CZ_GATE_DURATION': 0.2, 'CCZ_GATE_FIDELITY': 0.9775, 'CCZ_GATE_DURATION': 1, 'QUBIT_DECAY': 100000000.0, 'QUBIT_DEPHASING': 1500000.0, 'SHUTTLING_FIDELITY': 1.0, 'SHUTTLING_SPEED': 0.55, 'TRAP_SWAP_DURATION': 20, 'TRAP_SWAP_FIDELITY': 1.0, 'INTERACTION_RADIUS': 2.0, 'RESTRICTION_RADIUS': 4.0, 'TRAP_TRANSFER_PROXIMITY': 1e-05, 'AOD_BEAM_PROXIMITY': 0.001}"
199,uuf50-010.cnf,50,218,21,0.36161088943481445,26824.257948050144,1.0882719875845551e-05,1716,612,284,0.98,"{'U3_GATE_FIDELITY': 0.999, 'U3_GATE_DURATION': 0.5, 'CZ_GATE_FIDELITY': 0.995, 'CZ_GATE_DURATION': 0.2, 'CCZ_GATE_FIDELITY': 0.98, 'CCZ_GATE_DURATION': 1, 'QUBIT_DECAY': 100000000.0, 'QUBIT_DEPHASING': 1500000.0, 'SHUTTLING_FIDELITY': 1.0, 'SHUTTLING_SPEED': 0.55, 'TRAP_SWAP_DURATION': 20, 'TRAP_SWAP_FIDELITY': 1.0, 'INTERACTION_RADIUS': 2.0, 'RESTRICTION_RADIUS': 4.0, 'TRAP_TRANSFER_PROXIMITY': 1e-05, 'AOD_BEAM_PROXIMITY': 0.001}"
200,uuf50-010.cnf,50,218,21,0.36161088943481445,26824.257948050144,2.2437719953758034e-05,1716,612,284,0.9825,"{'U3_GATE_FIDELITY': 0.999, 'U3_GATE_DURATION': 0.5, 'CZ_GATE_FIDELITY': 0.995, 'CZ_GATE_DURATION': 0.2, 'CCZ_GATE_FIDELITY': 0.9825, 'CCZ_GATE_DURATION': 1, 'QUBIT_DECAY': 100000000.0, 'QUBIT_DEPHASING': 1500000.0, 'SHUTTLING_FIDELITY': 1.0, 'SHUTTLING_SPEED': 0.55, 'TRAP_SWAP_DURATION': 20, 'TRAP_SWAP_FIDELITY': 1.0, 'INTERACTION_RADIUS': 2.0, 'RESTRICTION_RADIUS': 4.0, 'TRAP_TRANSFER_PROXIMITY': 1e-05, 'AOD_BEAM_PROXIMITY': 0.001}"
201,uuf50-010.cnf,50,218,21,0.36161088943481445,26824.257948050144,4.617654286233025e-05,1716,612,284,0.985,"{'U3_GATE_FIDELITY': 0.999, 'U3_GATE_DURATION': 0.5, 'CZ_GATE_FIDELITY': 0.995, 'CZ_GATE_DURATION': 0.2, 'CCZ_GATE_FIDELITY': 0.985, 'CCZ_GATE_DURATION': 1, 'QUBIT_DECAY': 100000000.0, 'QUBIT_DEPHASING': 1500000.0, 'SHUTTLING_FIDELITY': 1.0, 'SHUTTLING_SPEED': 0.55, 'TRAP_SWAP_DURATION': 20, 'TRAP_SWAP_FIDELITY': 1.0, 'INTERACTION_RADIUS': 2.0, 'RESTRICTION_RADIUS': 4.0, 'TRAP_TRANSFER_PROXIMITY': 1e-05, 'AOD_BEAM_PROXIMITY': 0.001}"
202,uuf50-010.cnf,50,218,21,0.36161088943481445,26824.257948050144,9.485704133925701e-05,1716,612,284,0.9875,"{'U3_GATE_FIDELITY': 0.999, 'U3_GATE_DURATION': 0.5, 'CZ_GATE_FIDELITY': 0.995, 'CZ_GATE_DURATION': 0.2, 'CCZ_GATE_FIDELITY': 0.9875, 'CCZ_GATE_DURATION': 1, 'QUBIT_DECAY': 100000000.0, 'QUBIT_DEPHASING': 1500000.0, 'SHUTTLING_FIDELITY': 1.0, 'SHUTTLING_SPEED': 0.55, 'TRAP_SWAP_DURATION': 20, 'TRAP_SWAP_FIDELITY': 1.0, 'INTERACTION_RADIUS': 2.0, 'RESTRICTION_RADIUS': 4.0, 'TRAP_TRANSFER_PROXIMITY': 1e-05, 'AOD_BEAM_PROXIMITY': 0.001}"
203,uuf50-010.cnf,50,218,21,0.36161088943481445,26824.257948050144,0.00019450340990609906,1716,612,284,0.99,"{'U3_GATE_FIDELITY': 0.999, 'U3_GATE_DURATION': 0.5, 'CZ_GATE_FIDELITY': 0.995, 'CZ_GATE_DURATION': 0.2, 'CCZ_GATE_FIDELITY': 0.99, 'CCZ_GATE_DURATION': 1, 'QUBIT_DECAY': 100000000.0, 'QUBIT_DEPHASING': 1500000.0, 'SHUTTLING_FIDELITY': 1.0, 'SHUTTLING_SPEED': 0.55, 'TRAP_SWAP_DURATION': 20, 'TRAP_SWAP_FIDELITY': 1.0, 'INTERACTION_RADIUS': 2.0, 'RESTRICTION_RADIUS': 4.0, 'TRAP_TRANSFER_PROXIMITY': 1e-05, 'AOD_BEAM_PROXIMITY': 0.001}"
204,uuf50-010.cnf,50,218,21,0.36161088943481445,26824.257948050144,0.0003981056464671381,1716,612,284,0.9925,"{'U3_GATE_FIDELITY': 0.999, 'U3_GATE_DURATION': 0.5, 'CZ_GATE_FIDELITY': 0.995, 'CZ_GATE_DURATION': 0.2, 'CCZ_GATE_FIDELITY': 0.9925, 'CCZ_GATE_DURATION': 1, 'QUBIT_DECAY': 100000000.0, 'QUBIT_DEPHASING': 1500000.0, 'SHUTTLING_FIDELITY': 1.0, 'SHUTTLING_SPEED': 0.55, 'TRAP_SWAP_DURATION': 20, 'TRAP_SWAP_FIDELITY': 1.0, 'INTERACTION_RADIUS': 2.0, 'RESTRICTION_RADIUS': 4.0, 'TRAP_TRANSFER_PROXIMITY': 1e-05, 'AOD_BEAM_PROXIMITY': 0.001}"
205,uuf50-010.cnf,50,218,21,0.36161088943481445,26824.257948050144,0.0008133676318712946,1716,612,284,0.995,"{'U3_GATE_FIDELITY': 0.999, 'U3_GATE_DURATION': 0.5, 'CZ_GATE_FIDELITY': 0.995, 'CZ_GATE_DURATION': 0.2, 'CCZ_GATE_FIDELITY': 0.995, 'CCZ_GATE_DURATION': 1, 'QUBIT_DECAY': 100000000.0, 'QUBIT_DEPHASING': 1500000.0, 'SHUTTLING_FIDELITY': 1.0, 'SHUTTLING_SPEED': 0.55, 'TRAP_SWAP_DURATION': 20, 'TRAP_SWAP_FIDELITY': 1.0, 'INTERACTION_RADIUS': 2.0, 'RESTRICTION_RADIUS': 4.0, 'TRAP_TRANSFER_PROXIMITY': 1e-05, 'AOD_BEAM_PROXIMITY': 0.001}"
206,uuf50-010.cnf,50,218,21,0.36161088943481445,26824.257948050144,0.0016588105610032048,1716,612,284,0.9975,"{'U3_GATE_FIDELITY': 0.999, 'U3_GATE_DURATION': 0.5, 'CZ_GATE_FIDELITY': 0.995, 'CZ_GATE_DURATION': 0.2, 'CCZ_GATE_FIDELITY': 0.9975, 'CCZ_GATE_DURATION': 1, 'QUBIT_DECAY': 100000000.0, 'QUBIT_DEPHASING': 1500000.0, 'SHUTTLING_FIDELITY': 1.0, 'SHUTTLING_SPEED': 0.55, 'TRAP_SWAP_DURATION': 20, 'TRAP_SWAP_FIDELITY': 1.0, 'INTERACTION_RADIUS': 2.0, 'RESTRICTION_RADIUS': 4.0, 'TRAP_TRANSFER_PROXIMITY': 1e-05, 'AOD_BEAM_PROXIMITY': 0.001}"
207,uuf200-02.cnf,200,860,22,2.570396900177002,152843.51344303266,7.876741326611666e-31,7213,2434,1284,0.9775,"{'U3_GATE_FIDELITY': 0.999, 'U3_GATE_DURATION': 0.5, 'CZ_GATE_FIDELITY': 0.995, 'CZ_GATE_DURATION': 0.2, 'CCZ_GATE_FIDELITY': 0.9775, 'CCZ_GATE_DURATION': 1, 'QUBIT_DECAY': 100000000.0, 'QUBIT_DEPHASING': 1500000.0, 'SHUTTLING_FIDELITY': 1.0, 'SHUTTLING_SPEED': 0.55, 'TRAP_SWAP_DURATION': 20, 'TRAP_SWAP_FIDELITY': 1.0, 'INTERACTION_RADIUS': 2.0, 'RESTRICTION_RADIUS': 4.0, 'TRAP_TRANSFER_PROXIMITY': 1e-05, 'AOD_BEAM_PROXIMITY': 0.001}"
208,uuf200-02.cnf,200,860,22,2.570396900177002,152843.51344303266,2.0926670749713034e-29,7213,2434,1284,0.98,"{'U3_GATE_FIDELITY': 0.999, 'U3_GATE_DURATION': 0.5, 'CZ_GATE_FIDELITY': 0.995, 'CZ_GATE_DURATION': 0.2, 'CCZ_GATE_FIDELITY': 0.98, 'CCZ_GATE_DURATION': 1, 'QUBIT_DECAY': 100000000.0, 'QUBIT_DEPHASING': 1500000.0, 'SHUTTLING_FIDELITY': 1.0, 'SHUTTLING_SPEED': 0.55, 'TRAP_SWAP_DURATION': 20, 'TRAP_SWAP_FIDELITY': 1.0, 'INTERACTION_RADIUS': 2.0, 'RESTRICTION_RADIUS': 4.0, 'TRAP_TRANSFER_PROXIMITY': 1e-05, 'AOD_BEAM_PROXIMITY': 0.001}"
209,uuf200-02.cnf,200,860,22,2.570396900177002,152843.51344303266,5.5134668685447355e-28,7213,2434,1284,0.9825,"{'U3_GATE_FIDELITY': 0.999, 'U3_GATE_DURATION': 0.5, 'CZ_GATE_FIDELITY': 0.995, 'CZ_GATE_DURATION': 0.2, 'CCZ_GATE_FIDELITY': 0.9825, 'CCZ_GATE_DURATION': 1, 'QUBIT_DECAY': 100000000.0, 'QUBIT_DEPHASING': 1500000.0, 'SHUTTLING_FIDELITY': 1.0, 'SHUTTLING_SPEED': 0.55, 'TRAP_SWAP_DURATION': 20, 'TRAP_SWAP_FIDELITY': 1.0, 'INTERACTION_RADIUS': 2.0, 'RESTRICTION_RADIUS': 4.0, 'TRAP_TRANSFER_PROXIMITY': 1e-05, 'AOD_BEAM_PROXIMITY': 0.001}"
210,uuf200-02.cnf,200,860,22,2.570396900177002,152843.51344303266,1.4405850754636403e-26,7213,2434,1284,0.985,"{'U3_GATE_FIDELITY': 0.999, 'U3_GATE_DURATION': 0.5, 'CZ_GATE_FIDELITY': 0.995, 'CZ_GATE_DURATION': 0.2, 'CCZ_GATE_FIDELITY': 0.985, 'CCZ_GATE_DURATION': 1, 'QUBIT_DECAY': 100000000.0, 'QUBIT_DEPHASING': 1500000.0, 'SHUTTLING_FIDELITY': 1.0, 'SHUTTLING_SPEED': 0.55, 'TRAP_SWAP_DURATION': 20, 'TRAP_SWAP_FIDELITY': 1.0, 'INTERACTION_RADIUS': 2.0, 'RESTRICTION_RADIUS': 4.0, 'TRAP_TRANSFER_PROXIMITY': 1e-05, 'AOD_BEAM_PROXIMITY': 0.001}"
211,uuf200-02.cnf,200,860,22,2.570396900177002,152843.51344303266,3.733024768693125e-25,7213,2434,1284,0.9875,"{'U3_GATE_FIDELITY': 0.999, 'U3_GATE_DURATION': 0.5, 'CZ_GATE_FIDELITY': 0.995, 'CZ_GATE_DURATION': 0.2, 'CCZ_GATE_FIDELITY': 0.9875, 'CCZ_GATE_DURATION': 1, 'QUBIT_DECAY': 100000000.0, 'QUBIT_DEPHASING': 1500000.0, 'SHUTTLING_FIDELITY': 1.0, 'SHUTTLING_SPEED': 0.55, 'TRAP_SWAP_DURATION': 20, 'TRAP_SWAP_FIDELITY': 1.0, 'INTERACTION_RADIUS': 2.0, 'RESTRICTION_RADIUS': 4.0, 'TRAP_TRANSFER_PROXIMITY': 1e-05, 'AOD_BEAM_PROXIMITY': 0.001}"
212,uuf200-02.cnf,200,860,22,2.570396900177002,152843.51344303266,9.594201059849887e-24,7213,2434,1284,0.99,"{'U3_GATE_FIDELITY': 0.999, 'U3_GATE_DURATION': 0.5, 'CZ_GATE_FIDELITY': 0.995, 'CZ_GATE_DURATION': 0.2, 'CCZ_GATE_FIDELITY': 0.99, 'CCZ_GATE_DURATION': 1, 'QUBIT_DECAY': 100000000.0, 'QUBIT_DEPHASING': 1500000.0, 'SHUTTLING_FIDELITY': 1.0, 'SHUTTLING_SPEED': 0.55, 'TRAP_SWAP_DURATION': 20, 'TRAP_SWAP_FIDELITY': 1.0, 'INTERACTION_RADIUS': 2.0, 'RESTRICTION_RADIUS': 4.0, 'TRAP_TRANSFER_PROXIMITY': 1e-05, 'AOD_BEAM_PROXIMITY': 0.001}"
213,uuf200-02.cnf,200,860,22,2.570396900177002,152843.51344303266,2.445686413646938e-22,7213,2434,1284,0.9925,"{'U3_GATE_FIDELITY': 0.999, 'U3_GATE_DURATION': 0.5, 'CZ_GATE_FIDELITY': 0.995, 'CZ_GATE_DURATION': 0.2, 'CCZ_GATE_FIDELITY': 0.9925, 'CCZ_GATE_DURATION': 1, 'QUBIT_DECAY': 100000000.0, 'QUBIT_DEPHASING': 1500000.0, 'SHUTTLING_FIDELITY': 1.0, 'SHUTTLING_SPEED': 0.55, 'TRAP_SWAP_DURATION': 20, 'TRAP_SWAP_FIDELITY': 1.0, 'INTERACTION_RADIUS': 2.0, 'RESTRICTION_RADIUS': 4.0, 'TRAP_TRANSFER_PROXIMITY': 1e-05, 'AOD_BEAM_PROXIMITY': 0.001}"
214,uuf200-02.cnf,200,860,22,2.570396900177002,152843.51344303266,6.183788534873937e-21,7213,2434,1284,0.995,"{'U3_GATE_FIDELITY': 0.999, 'U3_GATE_DURATION': 0.5, 'CZ_GATE_FIDELITY': 0.995, 'CZ_GATE_DURATION': 0.2, 'CCZ_GATE_FIDELITY': 0.995, 'CCZ_GATE_DURATION': 1, 'QUBIT_DECAY': 100000000.0, 'QUBIT_DEPHASING': 1500000.0, 'SHUTTLING_FIDELITY': 1.0, 'SHUTTLING_SPEED': 0.55, 'TRAP_SWAP_DURATION': 20, 'TRAP_SWAP_FIDELITY': 1.0, 'INTERACTION_RADIUS': 2.0, 'RESTRICTION_RADIUS': 4.0, 'TRAP_TRANSFER_PROXIMITY': 1e-05, 'AOD_BEAM_PROXIMITY': 0.001}"
215,uuf200-02.cnf,200,860,22,2.570396900177002,152843.51344303266,1.5509155447034672e-19,7213,2434,1284,0.9975,"{'U3_GATE_FIDELITY': 0.999, 'U3_GATE_DURATION': 0.5, 'CZ_GATE_FIDELITY': 0.995, 'CZ_GATE_DURATION': 0.2, 'CCZ_GATE_FIDELITY': 0.9975, 'CCZ_GATE_DURATION': 1, 'QUBIT_DECAY': 100000000.0, 'QUBIT_DEPHASING': 1500000.0, 'SHUTTLING_FIDELITY': 1.0, 'SHUTTLING_SPEED': 0.55, 'TRAP_SWAP_DURATION': 20, 'TRAP_SWAP_FIDELITY': 1.0, 'INTERACTION_RADIUS': 2.0, 'RESTRICTION_RADIUS': 4.0, 'TRAP_TRANSFER_PROXIMITY': 1e-05, 'AOD_BEAM_PROXIMITY': 0.001}"
216,uuf75-09.cnf,75,325,28,0.7553884983062744,46265.78724872279,5.406647547634822e-09,2583,998,400,0.9775,"{'U3_GATE_FIDELITY': 0.999, 'U3_GATE_DURATION': 0.5, 'CZ_GATE_FIDELITY': 0.995, 'CZ_GATE_DURATION': 0.2, 'CCZ_GATE_FIDELITY': 0.9775, 'CCZ_GATE_DURATION': 1, 'QUBIT_DECAY': 100000000.0, 'QUBIT_DEPHASING': 1500000.0, 'SHUTTLING_FIDELITY': 1.0, 'SHUTTLING_SPEED': 0.55, 'TRAP_SWAP_DURATION': 20, 'TRAP_SWAP_FIDELITY': 1.0, 'INTERACTION_RADIUS': 2.0, 'RESTRICTION_RADIUS': 4.0, 'TRAP_TRANSFER_PROXIMITY': 1e-05, 'AOD_BEAM_PROXIMITY': 0.001}"
217,uuf75-09.cnf,75,325,28,0.7553884983062744,46265.78724872279,1.5019376675721898e-08,2583,998,400,0.98,"{'U3_GATE_FIDELITY': 0.999, 'U3_GATE_DURATION': 0.5, 'CZ_GATE_FIDELITY': 0.995, 'CZ_GATE_DURATION': 0.2, 'CCZ_GATE_FIDELITY': 0.98, 'CCZ_GATE_DURATION': 1, 'QUBIT_DECAY': 100000000.0, 'QUBIT_DEPHASING': 1500000.0, 'SHUTTLING_FIDELITY': 1.0, 'SHUTTLING_SPEED': 0.55, 'TRAP_SWAP_DURATION': 20, 'TRAP_SWAP_FIDELITY': 1.0, 'INTERACTION_RADIUS': 2.0, 'RESTRICTION_RADIUS': 4.0, 'TRAP_TRANSFER_PROXIMITY': 1e-05, 'AOD_BEAM_PROXIMITY': 0.001}"
218,uuf75-09.cnf,75,325,28,0.7553884983062744,46265.78724872279,4.161455464602954e-08,2583,998,400,0.9825,"{'U3_GATE_FIDELITY': 0.999, 'U3_GATE_DURATION': 0.5, 'CZ_GATE_FIDELITY': 0.995, 'CZ_GATE_DURATION': 0.2, 'CCZ_GATE_FIDELITY': 0.9825, 'CCZ_GATE_DURATION': 1, 'QUBIT_DECAY': 100000000.0, 'QUBIT_DEPHASING': 1500000.0, 'SHUTTLING_FIDELITY': 1.0, 'SHUTTLING_SPEED': 0.55, 'TRAP_SWAP_DURATION': 20, 'TRAP_SWAP_FIDELITY': 1.0, 'INTERACTION_RADIUS': 2.0, 'RESTRICTION_RADIUS': 4.0, 'TRAP_TRANSFER_PROXIMITY': 1e-05, 'AOD_BEAM_PROXIMITY': 0.001}"
219,uuf75-09.cnf,75,325,28,0.7553884983062744,46265.78724872279,1.1500423443328028e-07,2583,998,400,0.985,"{'U3_GATE_FIDELITY': 0.999, 'U3_GATE_DURATION': 0.5, 'CZ_GATE_FIDELITY': 0.995, 'CZ_GATE_DURATION': 0.2, 'CCZ_GATE_FIDELITY': 0.985, 'CCZ_GATE_DURATION': 1, 'QUBIT_DECAY': 100000000.0, 'QUBIT_DEPHASING': 1500000.0, 'SHUTTLING_FIDELITY': 1.0, 'SHUTTLING_SPEED': 0.55, 'TRAP_SWAP_DURATION': 20, 'TRAP_SWAP_FIDELITY': 1.0, 'INTERACTION_RADIUS': 2.0, 'RESTRICTION_RADIUS': 4.0, 'TRAP_TRANSFER_PROXIMITY': 1e-05, 'AOD_BEAM_PROXIMITY': 0.001}"
220,uuf75-09.cnf,75,325,28,0.7553884983062744,46265.78724872279,3.170029849628586e-07,2583,998,400,0.9875,"{'U3_GATE_FIDELITY': 0.999, 'U3_GATE_DURATION': 0.5, 'CZ_GATE_FIDELITY': 0.995, 'CZ_GATE_DURATION': 0.2, 'CCZ_GATE_FIDELITY': 0.9875, 'CCZ_GATE_DURATION': 1, 'QUBIT_DECAY': 100000000.0, 'QUBIT_DEPHASING': 1500000.0, 'SHUTTLING_FIDELITY': 1.0, 'SHUTTLING_SPEED': 0.55, 'TRAP_SWAP_DURATION': 20, 'TRAP_SWAP_FIDELITY': 1.0, 'INTERACTION_RADIUS': 2.0, 'RESTRICTION_RADIUS': 4.0, 'TRAP_TRANSFER_PROXIMITY': 1e-05, 'AOD_BEAM_PROXIMITY': 0.001}"
221,uuf75-09.cnf,75,325,28,0.7553884983062744,46265.78724872279,8.715643770349368e-07,2583,998,400,0.99,"{'U3_GATE_FIDELITY': 0.999, 'U3_GATE_DURATION': 0.5, 'CZ_GATE_FIDELITY': 0.995, 'CZ_GATE_DURATION': 0.2, 'CCZ_GATE_FIDELITY': 0.99, 'CCZ_GATE_DURATION': 1, 'QUBIT_DECAY': 100000000.0, 'QUBIT_DEPHASING': 1500000.0, 'SHUTTLING_FIDELITY': 1.0, 'SHUTTLING_SPEED': 0.55, 'TRAP_SWAP_DURATION': 20, 'TRAP_SWAP_FIDELITY': 1.0, 'INTERACTION_RADIUS': 2.0, 'RESTRICTION_RADIUS': 4.0, 'TRAP_TRANSFER_PROXIMITY': 1e-05, 'AOD_BEAM_PROXIMITY': 0.001}"
222,uuf75-09.cnf,75,325,28,0.7553884983062744,46265.78724872279,2.390164580161609e-06,2583,998,400,0.9925,"{'U3_GATE_FIDELITY': 0.999, 'U3_GATE_DURATION': 0.5, 'CZ_GATE_FIDELITY': 0.995, 'CZ_GATE_DURATION': 0.2, 'CCZ_GATE_FIDELITY': 0.9925, 'CCZ_GATE_DURATION': 1, 'QUBIT_DECAY': 100000000.0, 'QUBIT_DEPHASING': 1500000.0, 'SHUTTLING_FIDELITY': 1.0, 'SHUTTLING_SPEED': 0.55, 'TRAP_SWAP_DURATION': 20, 'TRAP_SWAP_FIDELITY': 1.0, 'INTERACTION_RADIUS': 2.0, 'RESTRICTION_RADIUS': 4.0, 'TRAP_TRANSFER_PROXIMITY': 1e-05, 'AOD_BEAM_PROXIMITY': 0.001}"
223,uuf75-09.cnf,75,325,28,0.7553884983062744,46265.78724872279,6.538135705193744e-06,2583,998,400,0.995,"{'U3_GATE_FIDELITY': 0.999, 'U3_GATE_DURATION': 0.5, 'CZ_GATE_FIDELITY': 0.995, 'CZ_GATE_DURATION': 0.2, 'CCZ_GATE_FIDELITY': 0.995, 'CCZ_GATE_DURATION': 1, 'QUBIT_DECAY': 100000000.0, 'QUBIT_DEPHASING': 1500000.0, 'SHUTTLING_FIDELITY': 1.0, 'SHUTTLING_SPEED': 0.55, 'TRAP_SWAP_DURATION': 20, 'TRAP_SWAP_FIDELITY': 1.0, 'INTERACTION_RADIUS': 2.0, 'RESTRICTION_RADIUS': 4.0, 'TRAP_TRANSFER_PROXIMITY': 1e-05, 'AOD_BEAM_PROXIMITY': 0.001}"
224,uuf75-09.cnf,75,325,28,0.7553884983062744,46265.78724872279,1.783952866418908e-05,2583,998,400,0.9975,"{'U3_GATE_FIDELITY': 0.999, 'U3_GATE_DURATION': 0.5, 'CZ_GATE_FIDELITY': 0.995, 'CZ_GATE_DURATION': 0.2, 'CCZ_GATE_FIDELITY': 0.9975, 'CCZ_GATE_DURATION': 1, 'QUBIT_DECAY': 100000000.0, 'QUBIT_DEPHASING': 1500000.0, 'SHUTTLING_FIDELITY': 1.0, 'SHUTTLING_SPEED': 0.55, 'TRAP_SWAP_DURATION': 20, 'TRAP_SWAP_FIDELITY': 1.0, 'INTERACTION_RADIUS': 2.0, 'RESTRICTION_RADIUS': 4.0, 'TRAP_TRANSFER_PROXIMITY': 1e-05, 'AOD_BEAM_PROXIMITY': 0.001}"
225,uuf75-01.cnf,75,325,22,0.36977076530456543,45486.65766463644,5.129783507070889e-09,2635,1006,400,0.9775,"{'U3_GATE_FIDELITY': 0.999, 'U3_GATE_DURATION': 0.5, 'CZ_GATE_FIDELITY': 0.995, 'CZ_GATE_DURATION': 0.2, 'CCZ_GATE_FIDELITY': 0.9775, 'CCZ_GATE_DURATION': 1, 'QUBIT_DECAY': 100000000.0, 'QUBIT_DEPHASING': 1500000.0, 'SHUTTLING_FIDELITY': 1.0, 'SHUTTLING_SPEED': 0.55, 'TRAP_SWAP_DURATION': 20, 'TRAP_SWAP_FIDELITY': 1.0, 'INTERACTION_RADIUS': 2.0, 'RESTRICTION_RADIUS': 4.0, 'TRAP_TRANSFER_PROXIMITY': 1e-05, 'AOD_BEAM_PROXIMITY': 0.001}"
226,uuf75-01.cnf,75,325,22,0.36977076530456543,45486.65766463644,1.4250263232214593e-08,2635,1006,400,0.98,"{'U3_GATE_FIDELITY': 0.999, 'U3_GATE_DURATION': 0.5, 'CZ_GATE_FIDELITY': 0.995, 'CZ_GATE_DURATION': 0.2, 'CCZ_GATE_FIDELITY': 0.98, 'CCZ_GATE_DURATION': 1, 'QUBIT_DECAY': 100000000.0, 'QUBIT_DEPHASING': 1500000.0, 'SHUTTLING_FIDELITY': 1.0, 'SHUTTLING_SPEED': 0.55, 'TRAP_SWAP_DURATION': 20, 'TRAP_SWAP_FIDELITY': 1.0, 'INTERACTION_RADIUS': 2.0, 'RESTRICTION_RADIUS': 4.0, 'TRAP_TRANSFER_PROXIMITY': 1e-05, 'AOD_BEAM_PROXIMITY': 0.001}"
227,uuf75-01.cnf,75,325,22,0.36977076530456543,45486.65766463644,3.948355319937381e-08,2635,1006,400,0.9825,"{'U3_GATE_FIDELITY': 0.999, 'U3_GATE_DURATION': 0.5, 'CZ_GATE_FIDELITY': 0.995, 'CZ_GATE_DURATION': 0.2, 'CCZ_GATE_FIDELITY': 0.9825, 'CCZ_GATE_DURATION': 1, 'QUBIT_DECAY': 100000000.0, 'QUBIT_DEPHASING': 1500000.0, 'SHUTTLING_FIDELITY': 1.0, 'SHUTTLING_SPEED': 0.55, 'TRAP_SWAP_DURATION': 20, 'TRAP_SWAP_FIDELITY': 1.0, 'INTERACTION_RADIUS': 2.0, 'RESTRICTION_RADIUS': 4.0, 'TRAP_TRANSFER_PROXIMITY': 1e-05, 'AOD_BEAM_PROXIMITY': 0.001}"
228,uuf75-01.cnf,75,325,22,0.36977076530456543,45486.65766463644,1.0911508838730143e-07,2635,1006,400,0.985,"{'U3_GATE_FIDELITY': 0.999, 'U3_GATE_DURATION': 0.5, 'CZ_GATE_FIDELITY': 0.995, 'CZ_GATE_DURATION': 0.2, 'CCZ_GATE_FIDELITY': 0.985, 'CCZ_GATE_DURATION': 1, 'QUBIT_DECAY': 100000000.0, 'QUBIT_DEPHASING': 1500000.0, 'SHUTTLING_FIDELITY': 1.0, 'SHUTTLING_SPEED': 0.55, 'TRAP_SWAP_DURATION': 20, 'TRAP_SWAP_FIDELITY': 1.0, 'INTERACTION_RADIUS': 2.0, 'RESTRICTION_RADIUS': 4.0, 'TRAP_TRANSFER_PROXIMITY': 1e-05, 'AOD_BEAM_PROXIMITY': 0.001}"
229,uuf75-01.cnf,75,325,22,0.36977076530456543,45486.65766463644,3.0076987072443813e-07,2635,1006,400,0.9875,"{'U3_GATE_FIDELITY': 0.999, 'U3_GATE_DURATION': 0.5, 'CZ_GATE_FIDELITY': 0.995, 'CZ_GATE_DURATION': 0.2, 'CCZ_GATE_FIDELITY': 0.9875, 'CCZ_GATE_DURATION': 1, 'QUBIT_DECAY': 100000000.0, 'QUBIT_DEPHASING': 1500000.0, 'SHUTTLING_FIDELITY': 1.0, 'SHUTTLING_SPEED': 0.55, 'TRAP_SWAP_DURATION': 20, 'TRAP_SWAP_FIDELITY': 1.0, 'INTERACTION_RADIUS': 2.0, 'RESTRICTION_RADIUS': 4.0, 'TRAP_TRANSFER_PROXIMITY': 1e-05, 'AOD_BEAM_PROXIMITY': 0.001}"
230,uuf75-01.cnf,75,325,22,0.36977076530456543,45486.65766463644,8.269332386240363e-07,2635,1006,400,0.99,"{'U3_GATE_FIDELITY': 0.999, 'U3_GATE_DURATION': 0.5, 'CZ_GATE_FIDELITY': 0.995, 'CZ_GATE_DURATION': 0.2, 'CCZ_GATE_FIDELITY': 0.99, 'CCZ_GATE_DURATION': 1, 'QUBIT_DECAY': 100000000.0, 'QUBIT_DEPHASING': 1500000.0, 'SHUTTLING_FIDELITY': 1.0, 'SHUTTLING_SPEED': 0.55, 'TRAP_SWAP_DURATION': 20, 'TRAP_SWAP_FIDELITY': 1.0, 'INTERACTION_RADIUS': 2.0, 'RESTRICTION_RADIUS': 4.0, 'TRAP_TRANSFER_PROXIMITY': 1e-05, 'AOD_BEAM_PROXIMITY': 0.001}"
231,uuf75-01.cnf,75,325,22,0.36977076530456543,45486.65766463644,2.267768840945043e-06,2635,1006,400,0.9925,"{'U3_GATE_FIDELITY': 0.999, 'U3_GATE_DURATION': 0.5, 'CZ_GATE_FIDELITY': 0.995, 'CZ_GATE_DURATION': 0.2, 'CCZ_GATE_FIDELITY': 0.9925, 'CCZ_GATE_DURATION': 1, 'QUBIT_DECAY': 100000000.0, 'QUBIT_DEPHASING': 1500000.0, 'SHUTTLING_FIDELITY': 1.0, 'SHUTTLING_SPEED': 0.55, 'TRAP_SWAP_DURATION': 20, 'TRAP_SWAP_FIDELITY': 1.0, 'INTERACTION_RADIUS': 2.0, 'RESTRICTION_RADIUS': 4.0, 'TRAP_TRANSFER_PROXIMITY': 1e-05, 'AOD_BEAM_PROXIMITY': 0.001}"
232,uuf75-01.cnf,75,325,22,0.36977076530456543,45486.65766463644,6.203330328452082e-06,2635,1006,400,0.995,"{'U3_GATE_FIDELITY': 0.999, 'U3_GATE_DURATION': 0.5, 'CZ_GATE_FIDELITY': 0.995, 'CZ_GATE_DURATION': 0.2, 'CCZ_GATE_FIDELITY': 0.995, 'CCZ_GATE_DURATION': 1, 'QUBIT_DECAY': 100000000.0, 'QUBIT_DEPHASING': 1500000.0, 'SHUTTLING_FIDELITY': 1.0, 'SHUTTLING_SPEED': 0.55, 'TRAP_SWAP_DURATION': 20, 'TRAP_SWAP_FIDELITY': 1.0, 'INTERACTION_RADIUS': 2.0, 'RESTRICTION_RADIUS': 4.0, 'TRAP_TRANSFER_PROXIMITY': 1e-05, 'AOD_BEAM_PROXIMITY': 0.001}"
233,uuf75-01.cnf,75,325,22,0.36977076530456543,45486.65766463644,1.692600065182885e-05,2635,1006,400,0.9975,"{'U3_GATE_FIDELITY': 0.999, 'U3_GATE_DURATION': 0.5, 'CZ_GATE_FIDELITY': 0.995, 'CZ_GATE_DURATION': 0.2, 'CCZ_GATE_FIDELITY': 0.9975, 'CCZ_GATE_DURATION': 1, 'QUBIT_DECAY': 100000000.0, 'QUBIT_DEPHASING': 1500000.0, 'SHUTTLING_FIDELITY': 1.0, 'SHUTTLING_SPEED': 0.55, 'TRAP_SWAP_DURATION': 20, 'TRAP_SWAP_FIDELITY': 1.0, 'INTERACTION_RADIUS': 2.0, 'RESTRICTION_RADIUS': 4.0, 'TRAP_TRANSFER_PROXIMITY': 1e-05, 'AOD_BEAM_PROXIMITY': 0.001}"
234,uuf150-08.cnf,150,645,24,1.7086079120635986,110610.00267564831,1.072174052543272e-21,5457,1692,1016,0.9775,"{'U3_GATE_FIDELITY': 0.999, 'U3_GATE_DURATION': 0.5, 'CZ_GATE_FIDELITY': 0.995, 'CZ_GATE_DURATION': 0.2, 'CCZ_GATE_FIDELITY': 0.9775, 'CCZ_GATE_DURATION': 1, 'QUBIT_DECAY': 100000000.0, 'QUBIT_DEPHASING': 1500000.0, 'SHUTTLING_FIDELITY': 1.0, 'SHUTTLING_SPEED': 0.55, 'TRAP_SWAP_DURATION': 20, 'TRAP_SWAP_FIDELITY': 1.0, 'INTERACTION_RADIUS': 2.0, 'RESTRICTION_RADIUS': 4.0, 'TRAP_TRANSFER_PROXIMITY': 1e-05, 'AOD_BEAM_PROXIMITY': 0.001}"
235,uuf150-08.cnf,150,645,24,1.7086079120635986,110610.00267564831,1.4365603363692127e-20,5457,1692,1016,0.98,"{'U3_GATE_FIDELITY': 0.999, 'U3_GATE_DURATION': 0.5, 'CZ_GATE_FIDELITY': 0.995, 'CZ_GATE_DURATION': 0.2, 'CCZ_GATE_FIDELITY': 0.98, 'CCZ_GATE_DURATION': 1, 'QUBIT_DECAY': 100000000.0, 'QUBIT_DEPHASING': 1500000.0, 'SHUTTLING_FIDELITY': 1.0, 'SHUTTLING_SPEED': 0.55, 'TRAP_SWAP_DURATION': 20, 'TRAP_SWAP_FIDELITY': 1.0, 'INTERACTION_RADIUS': 2.0, 'RESTRICTION_RADIUS': 4.0, 'TRAP_TRANSFER_PROXIMITY': 1e-05, 'AOD_BEAM_PROXIMITY': 0.001}"
236,uuf150-08.cnf,150,645,24,1.7086079120635986,110610.00267564831,1.9121015783421864e-19,5457,1692,1016,0.9825,"{'U3_GATE_FIDELITY': 0.999, 'U3_GATE_DURATION': 0.5, 'CZ_GATE_FIDELITY': 0.995, 'CZ_GATE_DURATION': 0.2, 'CCZ_GATE_FIDELITY': 0.9825, 'CCZ_GATE_DURATION': 1, 'QUBIT_DECAY': 100000000.0, 'QUBIT_DEPHASING': 1500000.0, 'SHUTTLING_FIDELITY': 1.0, 'SHUTTLING_SPEED': 0.55, 'TRAP_SWAP_DURATION': 20, 'TRAP_SWAP_FIDELITY': 1.0, 'INTERACTION_RADIUS': 2.0, 'RESTRICTION_RADIUS': 4.0, 'TRAP_TRANSFER_PROXIMITY': 1e-05, 'AOD_BEAM_PROXIMITY': 0.001}"
237,uuf150-08.cnf,150,645,24,1.7086079120635986,110610.00267564831,2.528373054699785e-18,5457,1692,1016,0.985,"{'U3_GATE_FIDELITY': 0.999, 'U3_GATE_DURATION': 0.5, 'CZ_GATE_FIDELITY': 0.995, 'CZ_GATE_DURATION': 0.2, 'CCZ_GATE_FIDELITY': 0.985, 'CCZ_GATE_DURATION': 1, 'QUBIT_DECAY': 100000000.0, 'QUBIT_DEPHASING': 1500000.0, 'SHUTTLING_FIDELITY': 1.0, 'SHUTTLING_SPEED': 0.55, 'TRAP_SWAP_DURATION': 20, 'TRAP_SWAP_FIDELITY': 1.0, 'INTERACTION_RADIUS': 2.0, 'RESTRICTION_RADIUS': 4.0, 'TRAP_TRANSFER_PROXIMITY': 1e-05, 'AOD_BEAM_PROXIMITY': 0.001}"
238,uuf150-08.cnf,150,645,24,1.7086079120635986,110610.00267564831,3.32145929933636e-17,5457,1692,1016,0.9875,"{'U3_GATE_FIDELITY': 0.999, 'U3_GATE_DURATION': 0.5, 'CZ_GATE_FIDELITY': 0.995, 'CZ_GATE_DURATION': 0.2, 'CCZ_GATE_FIDELITY': 0.9875, 'CCZ_GATE_DURATION': 1, 'QUBIT_DECAY': 100000000.0, 'QUBIT_DEPHASING': 1500000.0, 'SHUTTLING_FIDELITY': 1.0, 'SHUTTLING_SPEED': 0.55, 'TRAP_SWAP_DURATION': 20, 'TRAP_SWAP_FIDELITY': 1.0, 'INTERACTION_RADIUS': 2.0, 'RESTRICTION_RADIUS': 4.0, 'TRAP_TRANSFER_PROXIMITY': 1e-05, 'AOD_BEAM_PROXIMITY': 0.001}"
239,uuf150-08.cnf,150,645,24,1.7086079120635986,110610.00267564831,4.3349957782936882e-16,5457,1692,1016,0.99,"{'U3_GATE_FIDELITY': 0.999, 'U3_GATE_DURATION': 0.5, 'CZ_GATE_FIDELITY': 0.995, 'CZ_GATE_DURATION': 0.2, 'CCZ_GATE_FIDELITY': 0.99, 'CCZ_GATE_DURATION': 1, 'QUBIT_DECAY': 100000000.0, 'QUBIT_DEPHASING': 1500000.0, 'SHUTTLING_FIDELITY': 1.0, 'SHUTTLING_SPEED': 0.55, 'TRAP_SWAP_DURATION': 20, 'TRAP_SWAP_FIDELITY': 1.0, 'INTERACTION_RADIUS': 2.0, 'RESTRICTION_RADIUS': 4.0, 'TRAP_TRANSFER_PROXIMITY': 1e-05, 'AOD_BEAM_PROXIMITY': 0.001}"
240,uuf150-08.cnf,150,645,24,1.7086079120635986,110610.00267564831,5.621272641896163e-15,5457,1692,1016,0.9925,"{'U3_GATE_FIDELITY': 0.999, 'U3_GATE_DURATION': 0.5, 'CZ_GATE_FIDELITY': 0.995, 'CZ_GATE_DURATION': 0.2, 'CCZ_GATE_FIDELITY': 0.9925, 'CCZ_GATE_DURATION': 1, 'QUBIT_DECAY': 100000000.0, 'QUBIT_DEPHASING': 1500000.0, 'SHUTTLING_FIDELITY': 1.0, 'SHUTTLING_SPEED': 0.55, 'TRAP_SWAP_DURATION': 20, 'TRAP_SWAP_FIDELITY': 1.0, 'INTERACTION_RADIUS': 2.0, 'RESTRICTION_RADIUS': 4.0, 'TRAP_TRANSFER_PROXIMITY': 1e-05, 'AOD_BEAM_PROXIMITY': 0.001}"
241,uuf150-08.cnf,150,645,24,1.7086079120635986,110610.00267564831,7.242374953187719e-14,5457,1692,1016,0.995,"{'U3_GATE_FIDELITY': 0.999, 'U3_GATE_DURATION': 0.5, 'CZ_GATE_FIDELITY': 0.995, 'CZ_GATE_DURATION': 0.2, 'CCZ_GATE_FIDELITY': 0.995, 'CCZ_GATE_DURATION': 1, 'QUBIT_DECAY': 100000000.0, 'QUBIT_DEPHASING': 1500000.0, 'SHUTTLING_FIDELITY': 1.0, 'SHUTTLING_SPEED': 0.55, 'TRAP_SWAP_DURATION': 20, 'TRAP_SWAP_FIDELITY': 1.0, 'INTERACTION_RADIUS': 2.0, 'RESTRICTION_RADIUS': 4.0, 'TRAP_TRANSFER_PROXIMITY': 1e-05, 'AOD_BEAM_PROXIMITY': 0.001}"
242,uuf150-08.cnf,150,645,24,1.7086079120635986,110610.00267564831,9.271324808766614e-13,5457,1692,1016,0.9975,"{'U3_GATE_FIDELITY': 0.999, 'U3_GATE_DURATION': 0.5, 'CZ_GATE_FIDELITY': 0.995, 'CZ_GATE_DURATION': 0.2, 'CCZ_GATE_FIDELITY': 0.9975, 'CCZ_GATE_DURATION': 1, 'QUBIT_DECAY': 100000000.0, 'QUBIT_DEPHASING': 1500000.0, 'SHUTTLING_FIDELITY': 1.0, 'SHUTTLING_SPEED': 0.55, 'TRAP_SWAP_DURATION': 20, 'TRAP_SWAP_FIDELITY': 1.0, 'INTERACTION_RADIUS': 2.0, 'RESTRICTION_RADIUS': 4.0, 'TRAP_TRANSFER_PROXIMITY': 1e-05, 'AOD_BEAM_PROXIMITY': 0.001}"
243,uuf225-03.cnf,225,960,23,3.3404524326324463,174831.18394541522,4.502413281096542e-36,8222,2722,1446,0.9775,"{'U3_GATE_FIDELITY': 0.999, 'U3_GATE_DURATION': 0.5, 'CZ_GATE_FIDELITY': 0.995, 'CZ_GATE_DURATION': 0.2, 'CCZ_GATE_FIDELITY': 0.9775, 'CCZ_GATE_DURATION': 1, 'QUBIT_DECAY': 100000000.0, 'QUBIT_DEPHASING': 1500000.0, 'SHUTTLING_FIDELITY': 1.0, 'SHUTTLING_SPEED': 0.55, 'TRAP_SWAP_DURATION': 20, 'TRAP_SWAP_FIDELITY': 1.0, 'INTERACTION_RADIUS': 2.0, 'RESTRICTION_RADIUS': 4.0, 'TRAP_TRANSFER_PROXIMITY': 1e-05, 'AOD_BEAM_PROXIMITY': 0.001}"
244,uuf225-03.cnf,225,960,23,3.3404524326324463,174831.18394541522,1.8092853804699427e-34,8222,2722,1446,0.98,"{'U3_GATE_FIDELITY': 0.999, 'U3_GATE_DURATION': 0.5, 'CZ_GATE_FIDELITY': 0.995, 'CZ_GATE_DURATION': 0.2, 'CCZ_GATE_FIDELITY': 0.98, 'CCZ_GATE_DURATION': 1, 'QUBIT_DECAY': 100000000.0, 'QUBIT_DEPHASING': 1500000.0, 'SHUTTLING_FIDELITY': 1.0, 'SHUTTLING_SPEED': 0.55, 'TRAP_SWAP_DURATION': 20, 'TRAP_SWAP_FIDELITY': 1.0, 'INTERACTION_RADIUS': 2.0, 'RESTRICTION_RADIUS': 4.0, 'TRAP_TRANSFER_PROXIMITY': 1e-05, 'AOD_BEAM_PROXIMITY': 0.001}"
245,uuf225-03.cnf,225,960,23,3.3404524326324463,174831.18394541522,7.202479075826645e-33,8222,2722,1446,0.9825,"{'U3_GATE_FIDELITY': 0.999, 'U3_GATE_DURATION': 0.5, 'CZ_GATE_FIDELITY': 0.995, 'CZ_GATE_DURATION': 0.2, 'CCZ_GATE_FIDELITY': 0.9825, 'CCZ_GATE_DURATION': 1, 'QUBIT_DECAY': 100000000.0, 'QUBIT_DEPHASING': 1500000.0, 'SHUTTLING_FIDELITY': 1.0, 'SHUTTLING_SPEED': 0.55, 'TRAP_SWAP_DURATION': 20, 'TRAP_SWAP_FIDELITY': 1.0, 'INTERACTION_RADIUS': 2.0, 'RESTRICTION_RADIUS': 4.0, 'TRAP_TRANSFER_PROXIMITY': 1e-05, 'AOD_BEAM_PROXIMITY': 0.001}"
246,uuf225-03.cnf,225,960,23,3.3404524326324463,174831.18394541522,2.8404746790527824e-31,8222,2722,1446,0.985,"{'U3_GATE_FIDELITY': 0.999, 'U3_GATE_DURATION': 0.5, 'CZ_GATE_FIDELITY': 0.995, 'CZ_GATE_DURATION': 0.2, 'CCZ_GATE_FIDELITY': 0.985, 'CCZ_GATE_DURATION': 1, 'QUBIT_DECAY': 100000000.0, 'QUBIT_DEPHASING': 1500000.0, 'SHUTTLING_FIDELITY': 1.0, 'SHUTTLING_SPEED': 0.55, 'TRAP_SWAP_DURATION': 20, 'TRAP_SWAP_FIDELITY': 1.0, 'INTERACTION_RADIUS': 2.0, 'RESTRICTION_RADIUS': 4.0, 'TRAP_TRANSFER_PROXIMITY': 1e-05, 'AOD_BEAM_PROXIMITY': 0.001}"
247,uuf225-03.cnf,225,960,23,3.3404524326324463,174831.18394541522,1.1098248331964612e-29,8222,2722,1446,0.9875,"{'U3_GATE_FIDELITY': 0.999, 'U3_GATE_DURATION': 0.5, 'CZ_GATE_FIDELITY': 0.995, 'CZ_GATE_DURATION': 0.2, 'CCZ_GATE_FIDELITY': 0.9875, 'CCZ_GATE_DURATION': 1, 'QUBIT_DECAY': 100000000.0, 'QUBIT_DEPHASING': 1500000.0, 'SHUTTLING_FIDELITY': 1.0, 'SHUTTLING_SPEED': 0.55, 'TRAP_SWAP_DURATION': 20, 'TRAP_SWAP_FIDELITY': 1.0, 'INTERACTION_RADIUS': 2.0, 'RESTRICTION_RADIUS': 4.0, 'TRAP_TRANSFER_PROXIMITY': 1e-05, 'AOD_BEAM_PROXIMITY': 0.001}"
248,uuf225-03.cnf,225,960,23,3.3404524326324463,174831.18394541522,4.296284283012192e-28,8222,2722,1446,0.99,"{'U3_GATE_FIDELITY': 0.999, 'U3_GATE_DURATION': 0.5, 'CZ_GATE_FIDELITY': 0.995, 'CZ_GATE_DURATION': 0.2, 'CCZ_GATE_FIDELITY': 0.99, 'CCZ_GATE_DURATION': 1, 'QUBIT_DECAY': 100000000.0, 'QUBIT_DEPHASING': 1500000.0, 'SHUTTLING_FIDELITY': 1.0, 'SHUTTLING_SPEED': 0.55, 'TRAP_SWAP_DURATION': 20, 'TRAP_SWAP_FIDELITY': 1.0, 'INTERACTION_RADIUS': 2.0, 'RESTRICTION_RADIUS': 4.0, 'TRAP_TRANSFER_PROXIMITY': 1e-05, 'AOD_BEAM_PROXIMITY': 0.001}"
249,uuf225-03.cnf,225,960,23,3.3404524326324463,174831.18394541522,1.6478851567371344e-26,8222,2722,1446,0.9925,"{'U3_GATE_FIDELITY': 0.999, 'U3_GATE_DURATION': 0.5, 'CZ_GATE_FIDELITY': 0.995, 'CZ_GATE_DURATION': 0.2, 'CCZ_GATE_FIDELITY': 0.9925, 'CCZ_GATE_DURATION': 1, 'QUBIT_DECAY': 100000000.0, 'QUBIT_DEPHASING': 1500000.0, 'SHUTTLING_FIDELITY': 1.0, 'SHUTTLING_SPEED': 0.55, 'TRAP_SWAP_DURATION': 20, 'TRAP_SWAP_FIDELITY': 1.0, 'INTERACTION_RADIUS': 2.0, 'RESTRICTION_RADIUS': 4.0, 'TRAP_TRANSFER_PROXIMITY': 1e-05, 'AOD_BEAM_PROXIMITY': 0.001}"
250,uuf225-03.cnf,225,960,23,3.3404524326324463,174831.18394541522,6.262913030677715e-25,8222,2722,1446,0.995,"{'U3_GATE_FIDELITY': 0.999, 'U3_GATE_DURATION': 0.5, 'CZ_GATE_FIDELITY': 0.995, 'CZ_GATE_DURATION': 0.2, 'CCZ_GATE_FIDELITY': 0.995, 'CCZ_GATE_DURATION': 1, 'QUBIT_DECAY': 100000000.0, 'QUBIT_DEPHASING': 1500000.0, 'SHUTTLING_FIDELITY': 1.0, 'SHUTTLING_SPEED': 0.55, 'TRAP_SWAP_DURATION': 20, 'TRAP_SWAP_FIDELITY': 1.0, 'INTERACTION_RADIUS': 2.0, 'RESTRICTION_RADIUS': 4.0, 'TRAP_TRANSFER_PROXIMITY': 1e-05, 'AOD_BEAM_PROXIMITY': 0.001}"
251,uuf225-03.cnf,225,960,23,3.3404524326324463,174831.18394541522,2.3586381860961778e-23,8222,2722,1446,0.9975,"{'U3_GATE_FIDELITY': 0.999, 'U3_GATE_DURATION': 0.5, 'CZ_GATE_FIDELITY': 0.995, 'CZ_GATE_DURATION': 0.2, 'CCZ_GATE_FIDELITY': 0.9975, 'CCZ_GATE_DURATION': 1, 'QUBIT_DECAY': 100000000.0, 'QUBIT_DEPHASING': 1500000.0, 'SHUTTLING_FIDELITY': 1.0, 'SHUTTLING_SPEED': 0.55, 'TRAP_SWAP_DURATION': 20, 'TRAP_SWAP_FIDELITY': 1.0, 'INTERACTION_RADIUS': 2.0, 'RESTRICTION_RADIUS': 4.0, 'TRAP_TRANSFER_PROXIMITY': 1e-05, 'AOD_BEAM_PROXIMITY': 0.001}"
252,uuf100-09.cnf,100,430,22,0.6609976291656494,62416.493356563115,8.255007043085422e-13,3516,1192,620,0.9775,"{'U3_GATE_FIDELITY': 0.999, 'U3_GATE_DURATION': 0.5, 'CZ_GATE_FIDELITY': 0.995, 'CZ_GATE_DURATION': 0.2, 'CCZ_GATE_FIDELITY': 0.9775, 'CCZ_GATE_DURATION': 1, 'QUBIT_DECAY': 100000000.0, 'QUBIT_DEPHASING': 1500000.0, 'SHUTTLING_FIDELITY': 1.0, 'SHUTTLING_SPEED': 0.55, 'TRAP_SWAP_DURATION': 20, 'TRAP_SWAP_FIDELITY': 1.0, 'INTERACTION_RADIUS': 2.0, 'RESTRICTION_RADIUS': 4.0, 'TRAP_TRANSFER_PROXIMITY': 1e-05, 'AOD_BEAM_PROXIMITY': 0.001}"
253,uuf100-09.cnf,100,430,22,0.6609976291656494,62416.493356563115,4.022438523972662e-12,3516,1192,620,0.98,"{'U3_GATE_FIDELITY': 0.999, 'U3_GATE_DURATION': 0.5, 'CZ_GATE_FIDELITY': 0.995, 'CZ_GATE_DURATION': 0.2, 'CCZ_GATE_FIDELITY': 0.98, 'CCZ_GATE_DURATION': 1, 'QUBIT_DECAY': 100000000.0, 'QUBIT_DEPHASING': 1500000.0, 'SHUTTLING_FIDELITY': 1.0, 'SHUTTLING_SPEED': 0.55, 'TRAP_SWAP_DURATION': 20, 'TRAP_SWAP_FIDELITY': 1.0, 'INTERACTION_RADIUS': 2.0, 'RESTRICTION_RADIUS': 4.0, 'TRAP_TRANSFER_PROXIMITY': 1e-05, 'AOD_BEAM_PROXIMITY': 0.001}"
254,uuf100-09.cnf,100,430,22,0.6609976291656494,62416.493356563115,1.9521316172526732e-11,3516,1192,620,0.9825,"{'U3_GATE_FIDELITY': 0.999, 'U3_GATE_DURATION': 0.5, 'CZ_GATE_FIDELITY': 0.995, 'CZ_GATE_DURATION': 0.2, 'CCZ_GATE_FIDELITY': 0.9825, 'CCZ_GATE_DURATION': 1, 'QUBIT_DECAY': 100000000.0, 'QUBIT_DEPHASING': 1500000.0, 'SHUTTLING_FIDELITY': 1.0, 'SHUTTLING_SPEED': 0.55, 'TRAP_SWAP_DURATION': 20, 'TRAP_SWAP_FIDELITY': 1.0, 'INTERACTION_RADIUS': 2.0, 'RESTRICTION_RADIUS': 4.0, 'TRAP_TRANSFER_PROXIMITY': 1e-05, 'AOD_BEAM_PROXIMITY': 0.001}"
255,uuf100-09.cnf,100,430,22,0.6609976291656494,62416.493356563115,9.43594486392029e-11,3516,1192,620,0.985,"{'U3_GATE_FIDELITY': 0.999, 'U3_GATE_DURATION': 0.5, 'CZ_GATE_FIDELITY': 0.995, 'CZ_GATE_DURATION': 0.2, 'CCZ_GATE_FIDELITY': 0.985, 'CCZ_GATE_DURATION': 1, 'QUBIT_DECAY': 100000000.0, 'QUBIT_DEPHASING': 1500000.0, 'SHUTTLING_FIDELITY': 1.0, 'SHUTTLING_SPEED': 0.55, 'TRAP_SWAP_DURATION': 20, 'TRAP_SWAP_FIDELITY': 1.0, 'INTERACTION_RADIUS': 2.0, 'RESTRICTION_RADIUS': 4.0, 'TRAP_TRANSFER_PROXIMITY': 1e-05, 'AOD_BEAM_PROXIMITY': 0.001}"
256,uuf100-09.cnf,100,430,22,0.6609976291656494,62416.493356563115,4.542836966337063e-10,3516,1192,620,0.9875,"{'U3_GATE_FIDELITY': 0.999, 'U3_GATE_DURATION': 0.5, 'CZ_GATE_FIDELITY': 0.995, 'CZ_GATE_DURATION': 0.2, 'CCZ_GATE_FIDELITY': 0.9875, 'CCZ_GATE_DURATION': 1, 'QUBIT_DECAY': 100000000.0, 'QUBIT_DEPHASING': 1500000.0, 'SHUTTLING_FIDELITY': 1.0, 'SHUTTLING_SPEED': 0.55, 'TRAP_SWAP_DURATION': 20, 'TRAP_SWAP_FIDELITY': 1.0, 'INTERACTION_RADIUS': 2.0, 'RESTRICTION_RADIUS': 4.0, 'TRAP_TRANSFER_PROXIMITY': 1e-05, 'AOD_BEAM_PROXIMITY': 0.001}"
257,uuf100-09.cnf,100,430,22,0.6609976291656494,62416.493356563115,2.1784276289520146e-09,3516,1192,620,0.99,"{'U3_GATE_FIDELITY': 0.999, 'U3_GATE_DURATION': 0.5, 'CZ_GATE_FIDELITY': 0.995, 'CZ_GATE_DURATION': 0.2, 'CCZ_GATE_FIDELITY': 0.99, 'CCZ_GATE_DURATION': 1, 'QUBIT_DECAY': 100000000.0, 'QUBIT_DEPHASING': 1500000.0, 'SHUTTLING_FIDELITY': 1.0, 'SHUTTLING_SPEED': 0.55, 'TRAP_SWAP_DURATION': 20, 'TRAP_SWAP_FIDELITY': 1.0, 'INTERACTION_RADIUS': 2.0, 'RESTRICTION_RADIUS': 4.0, 'TRAP_TRANSFER_PROXIMITY': 1e-05, 'AOD_BEAM_PROXIMITY': 0.001}"
258,uuf100-09.cnf,100,430,22,0.6609976291656494,62416.493356563115,1.040499931193273e-08,3516,1192,620,0.9925,"{'U3_GATE_FIDELITY': 0.999, 'U3_GATE_DURATION': 0.5, 'CZ_GATE_FIDELITY': 0.995, 'CZ_GATE_DURATION': 0.2, 'CCZ_GATE_FIDELITY': 0.9925, 'CCZ_GATE_DURATION': 1, 'QUBIT_DECAY': 100000000.0, 'QUBIT_DEPHASING': 1500000.0, 'SHUTTLING_FIDELITY': 1.0, 'SHUTTLING_SPEED': 0.55, 'TRAP_SWAP_DURATION': 20, 'TRAP_SWAP_FIDELITY': 1.0, 'INTERACTION_RADIUS': 2.0, 'RESTRICTION_RADIUS': 4.0, 'TRAP_TRANSFER_PROXIMITY': 1e-05, 'AOD_BEAM_PROXIMITY': 0.001}"
259,uuf100-09.cnf,100,430,22,0.6609976291656494,62416.493356563115,4.950311733272283e-08,3516,1192,620,0.995,"{'U3_GATE_FIDELITY': 0.999, 'U3_GATE_DURATION': 0.5, 'CZ_GATE_FIDELITY': 0.995, 'CZ_GATE_DURATION': 0.2, 'CCZ_GATE_FIDELITY': 0.995, 'CCZ_GATE_DURATION': 1, 'QUBIT_DECAY': 100000000.0, 'QUBIT_DEPHASING': 1500000.0, 'SHUTTLING_FIDELITY': 1.0, 'SHUTTLING_SPEED': 0.55, 'TRAP_SWAP_DURATION': 20, 'TRAP_SWAP_FIDELITY': 1.0, 'INTERACTION_RADIUS': 2.0, 'RESTRICTION_RADIUS': 4.0, 'TRAP_TRANSFER_PROXIMITY': 1e-05, 'AOD_BEAM_PROXIMITY': 0.001}"
260,uuf100-09.cnf,100,430,22,0.6609976291656494,62416.493356563115,2.3459739669460368e-07,3516,1192,620,0.9975,"{'U3_GATE_FIDELITY': 0.999, 'U3_GATE_DURATION': 0.5, 'CZ_GATE_FIDELITY': 0.995, 'CZ_GATE_DURATION': 0.2, 'CCZ_GATE_FIDELITY': 0.9975, 'CCZ_GATE_DURATION': 1, 'QUBIT_DECAY': 100000000.0, 'QUBIT_DEPHASING': 1500000.0, 'SHUTTLING_FIDELITY': 1.0, 'SHUTTLING_SPEED': 0.55, 'TRAP_SWAP_DURATION': 20, 'TRAP_SWAP_FIDELITY': 1.0, 'INTERACTION_RADIUS': 2.0, 'RESTRICTION_RADIUS': 4.0, 'TRAP_TRANSFER_PROXIMITY': 1e-05, 'AOD_BEAM_PROXIMITY': 0.001}"
261,uuf200-010.cnf,200,860,25,2.851818561553955,156084.5296833749,4.981642316215574e-31,7170,2392,1296,0.9775,"{'U3_GATE_FIDELITY': 0.999, 'U3_GATE_DURATION': 0.5, 'CZ_GATE_FIDELITY': 0.995, 'CZ_GATE_DURATION': 0.2, 'CCZ_GATE_FIDELITY': 0.9775, 'CCZ_GATE_DURATION': 1, 'QUBIT_DECAY': 100000000.0, 'QUBIT_DEPHASING': 1500000.0, 'SHUTTLING_FIDELITY': 1.0, 'SHUTTLING_SPEED': 0.55, 'TRAP_SWAP_DURATION': 20, 'TRAP_SWAP_FIDELITY': 1.0, 'INTERACTION_RADIUS': 2.0, 'RESTRICTION_RADIUS': 4.0, 'TRAP_TRANSFER_PROXIMITY': 1e-05, 'AOD_BEAM_PROXIMITY': 0.001}"
262,uuf200-010.cnf,200,860,25,2.851818561553955,156084.5296833749,1.3647019599811215e-29,7170,2392,1296,0.98,"{'U3_GATE_FIDELITY': 0.999, 'U3_GATE_DURATION': 0.5, 'CZ_GATE_FIDELITY': 0.995, 'CZ_GATE_DURATION': 0.2, 'CCZ_GATE_FIDELITY': 0.98, 'CCZ_GATE_DURATION': 1, 'QUBIT_DECAY': 100000000.0, 'QUBIT_DEPHASING': 1500000.0, 'SHUTTLING_FIDELITY': 1.0, 'SHUTTLING_SPEED': 0.55, 'TRAP_SWAP_DURATION': 20, 'TRAP_SWAP_FIDELITY': 1.0, 'INTERACTION_RADIUS': 2.0, 'RESTRICTION_RADIUS': 4.0, 'TRAP_TRANSFER_PROXIMITY': 1e-05, 'AOD_BEAM_PROXIMITY': 0.001}"
263,uuf200-010.cnf,200,860,25,2.851818561553955,156084.5296833749,3.7071507201224895e-28,7170,2392,1296,0.9825,"{'U3_GATE_FIDELITY': 0.999, 'U3_GATE_DURATION': 0.5, 'CZ_GATE_FIDELITY': 0.995, 'CZ_GATE_DURATION': 0.2, 'CCZ_GATE_FIDELITY': 0.9825, 'CCZ_GATE_DURATION': 1, 'QUBIT_DECAY': 100000000.0, 'QUBIT_DEPHASING': 1500000.0, 'SHUTTLING_FIDELITY': 1.0, 'SHUTTLING_SPEED': 0.55, 'TRAP_SWAP_DURATION': 20, 'TRAP_SWAP_FIDELITY': 1.0, 'INTERACTION_RADIUS': 2.0, 'RESTRICTION_RADIUS': 4.0, 'TRAP_TRANSFER_PROXIMITY': 1e-05, 'AOD_BEAM_PROXIMITY': 0.001}"
264,uuf200-010.cnf,200,860,25,2.851818561553955,156084.5296833749,9.986158220200693e-27,7170,2392,1296,0.985,"{'U3_GATE_FIDELITY': 0.999, 'U3_GATE_DURATION': 0.5, 'CZ_GATE_FIDELITY': 0.995, 'CZ_GATE_DURATION': 0.2, 'CCZ_GATE_FIDELITY': 0.985, 'CCZ_GATE_DURATION': 1, 'QUBIT_DECAY': 100000000.0, 'QUBIT_DEPHASING': 1500000.0, 'SHUTTLING_FIDELITY': 1.0, 'SHUTTLING_SPEED': 0.55, 'TRAP_SWAP_DURATION': 20, 'TRAP_SWAP_FIDELITY': 1.0, 'INTERACTION_RADIUS': 2.0, 'RESTRICTION_RADIUS': 4.0, 'TRAP_TRANSFER_PROXIMITY': 1e-05, 'AOD_BEAM_PROXIMITY': 0.001}"
265,uuf200-010.cnf,200,860,25,2.851818561553955,156084.5296833749,2.667662529603689e-25,7170,2392,1296,0.9875,"{'U3_GATE_FIDELITY': 0.999, 'U3_GATE_DURATION': 0.5, 'CZ_GATE_FIDELITY': 0.995, 'CZ_GATE_DURATION': 0.2, 'CCZ_GATE_FIDELITY': 0.9875, 'CCZ_GATE_DURATION': 1, 'QUBIT_DECAY': 100000000.0, 'QUBIT_DEPHASING': 1500000.0, 'SHUTTLING_FIDELITY': 1.0, 'SHUTTLING_SPEED': 0.55, 'TRAP_SWAP_DURATION': 20, 'TRAP_SWAP_FIDELITY': 1.0, 'INTERACTION_RADIUS': 2.0, 'RESTRICTION_RADIUS': 4.0, 'TRAP_TRANSFER_PROXIMITY': 1e-05, 'AOD_BEAM_PROXIMITY': 0.001}"
266,uuf200-010.cnf,200,860,25,2.851818561553955,156084.5296833749,7.067338878891633e-24,7170,2392,1296,0.99,"{'U3_GATE_FIDELITY': 0.999, 'U3_GATE_DURATION': 0.5, 'CZ_GATE_FIDELITY': 0.995, 'CZ_GATE_DURATION': 0.2, 'CCZ_GATE_FIDELITY': 0.99, 'CCZ_GATE_DURATION': 1, 'QUBIT_DECAY': 100000000.0, 'QUBIT_DEPHASING': 1500000.0, 'SHUTTLING_FIDELITY': 1.0, 'SHUTTLING_SPEED': 0.55, 'TRAP_SWAP_DURATION': 20, 'TRAP_SWAP_FIDELITY': 1.0, 'INTERACTION_RADIUS': 2.0, 'RESTRICTION_RADIUS': 4.0, 'TRAP_TRANSFER_PROXIMITY': 1e-05, 'AOD_BEAM_PROXIMITY': 0.001}"
267,uuf200-010.cnf,200,860,25,2.851818561553955,156084.5296833749,1.8569137058979086e-22,7170,2392,1296,0.9925,"{'U3_GATE_FIDELITY': 0.999, 'U3_GATE_DURATION': 0.5, 'CZ_GATE_FIDELITY': 0.995, 'CZ_GATE_DURATION': 0.2, 'CCZ_GATE_FIDELITY': 0.9925, 'CCZ_GATE_DURATION': 1, 'QUBIT_DECAY': 100000000.0, 'QUBIT_DEPHASING': 1500000.0, 'SHUTTLING_FIDELITY': 1.0, 'SHUTTLING_SPEED': 0.55, 'TRAP_SWAP_DURATION': 20, 'TRAP_SWAP_FIDELITY': 1.0, 'INTERACTION_RADIUS': 2.0, 'RESTRICTION_RADIUS': 4.0, 'TRAP_TRANSFER_PROXIMITY': 1e-05, 'AOD_BEAM_PROXIMITY': 0.001}"
268,uuf200-010.cnf,200,860,25,2.851818561553955,156084.5296833749,4.8390082693182336e-21,7170,2392,1296,0.995,"{'U3_GATE_FIDELITY': 0.999, 'U3_GATE_DURATION': 0.5, 'CZ_GATE_FIDELITY': 0.995, 'CZ_GATE_DURATION': 0.2, 'CCZ_GATE_FIDELITY': 0.995, 'CCZ_GATE_DURATION': 1, 'QUBIT_DECAY': 100000000.0, 'QUBIT_DEPHASING': 1500000.0, 'SHUTTLING_FIDELITY': 1.0, 'SHUTTLING_SPEED': 0.55, 'TRAP_SWAP_DURATION': 20, 'TRAP_SWAP_FIDELITY': 1.0, 'INTERACTION_RADIUS': 2.0, 'RESTRICTION_RADIUS': 4.0, 'TRAP_TRANSFER_PROXIMITY': 1e-05, 'AOD_BEAM_PROXIMITY': 0.001}"
269,uuf200-010.cnf,200,860,25,2.851818561553955,156084.5296833749,1.2507420952314573e-19,7170,2392,1296,0.9975,"{'U3_GATE_FIDELITY': 0.999, 'U3_GATE_DURATION': 0.5, 'CZ_GATE_FIDELITY': 0.995, 'CZ_GATE_DURATION': 0.2, 'CCZ_GATE_FIDELITY': 0.9975, 'CCZ_GATE_DURATION': 1, 'QUBIT_DECAY': 100000000.0, 'QUBIT_DEPHASING': 1500000.0, 'SHUTTLING_FIDELITY': 1.0, 'SHUTTLING_SPEED': 0.55, 'TRAP_SWAP_DURATION': 20, 'TRAP_SWAP_FIDELITY': 1.0, 'INTERACTION_RADIUS': 2.0, 'RESTRICTION_RADIUS': 4.0, 'TRAP_TRANSFER_PROXIMITY': 1e-05, 'AOD_BEAM_PROXIMITY': 0.001}"
270,uuf100-010.cnf,100,430,21,0.7932353019714355,63655.55231497172,7.756369648404705e-13,3557,1234,608,0.9775,"{'U3_GATE_FIDELITY': 0.999, 'U3_GATE_DURATION': 0.5, 'CZ_GATE_FIDELITY': 0.995, 'CZ_GATE_DURATION': 0.2, 'CCZ_GATE_FIDELITY': 0.9775, 'CCZ_GATE_DURATION': 1, 'QUBIT_DECAY': 100000000.0, 'QUBIT_DEPHASING': 1500000.0, 'SHUTTLING_FIDELITY': 1.0, 'SHUTTLING_SPEED': 0.55, 'TRAP_SWAP_DURATION': 20, 'TRAP_SWAP_FIDELITY': 1.0, 'INTERACTION_RADIUS': 2.0, 'RESTRICTION_RADIUS': 4.0, 'TRAP_TRANSFER_PROXIMITY': 1e-05, 'AOD_BEAM_PROXIMITY': 0.001}"
271,uuf100-010.cnf,100,430,21,0.7932353019714355,63655.55231497172,3.665377840958641e-12,3557,1234,608,0.98,"{'U3_GATE_FIDELITY': 0.999, 'U3_GATE_DURATION': 0.5, 'CZ_GATE_FIDELITY': 0.995, 'CZ_GATE_DURATION': 0.2, 'CCZ_GATE_FIDELITY': 0.98, 'CCZ_GATE_DURATION': 1, 'QUBIT_DECAY': 100000000.0, 'QUBIT_DEPHASING': 1500000.0, 'SHUTTLING_FIDELITY': 1.0, 'SHUTTLING_SPEED': 0.55, 'TRAP_SWAP_DURATION': 20, 'TRAP_SWAP_FIDELITY': 1.0, 'INTERACTION_RADIUS': 2.0, 'RESTRICTION_RADIUS': 4.0, 'TRAP_TRANSFER_PROXIMITY': 1e-05, 'AOD_BEAM_PROXIMITY': 0.001}"
272,uuf100-010.cnf,100,430,21,0.7932353019714355,63655.55231497172,1.725284139269101e-11,3557,1234,608,0.9825,"{'U3_GATE_FIDELITY': 0.999, 'U3_GATE_DURATION': 0.5, 'CZ_GATE_FIDELITY': 0.995, 'CZ_GATE_DURATION': 0.2, 'CCZ_GATE_FIDELITY': 0.9825, 'CCZ_GATE_DURATION': 1, 'QUBIT_DECAY': 100000000.0, 'QUBIT_DEPHASING': 1500000.0, 'SHUTTLING_FIDELITY': 1.0, 'SHUTTLING_SPEED': 0.55, 'TRAP_SWAP_DURATION': 20, 'TRAP_SWAP_FIDELITY': 1.0, 'INTERACTION_RADIUS': 2.0, 'RESTRICTION_RADIUS': 4.0, 'TRAP_TRANSFER_PROXIMITY': 1e-05, 'AOD_BEAM_PROXIMITY': 0.001}"
273,uuf100-010.cnf,100,430,21,0.7932353019714355,63655.55231497172,8.088963421080204e-11,3557,1234,608,0.985,"{'U3_GATE_FIDELITY': 0.999, 'U3_GATE_DURATION': 0.5, 'CZ_GATE_FIDELITY': 0.995, 'CZ_GATE_DURATION': 0.2, 'CCZ_GATE_FIDELITY': 0.985, 'CCZ_GATE_DURATION': 1, 'QUBIT_DECAY': 100000000.0, 'QUBIT_DEPHASING': 1500000.0, 'SHUTTLING_FIDELITY': 1.0, 'SHUTTLING_SPEED': 0.55, 'TRAP_SWAP_DURATION': 20, 'TRAP_SWAP_FIDELITY': 1.0, 'INTERACTION_RADIUS': 2.0, 'RESTRICTION_RADIUS': 4.0, 'TRAP_TRANSFER_PROXIMITY': 1e-05, 'AOD_BEAM_PROXIMITY': 0.001}"
274,uuf100-010.cnf,100,430,21,0.7932353019714355,63655.55231497172,3.777671088919673e-10,3557,1234,608,0.9875,"{'U3_GATE_FIDELITY': 0.999, 'U3_GATE_DURATION': 0.5, 'CZ_GATE_FIDELITY': 0.995, 'CZ_GATE_DURATION': 0.2, 'CCZ_GATE_FIDELITY': 0.9875, 'CCZ_GATE_DURATION': 1, 'QUBIT_DECAY': 100000000.0, 'QUBIT_DEPHASING': 1500000.0, 'SHUTTLING_FIDELITY': 1.0, 'SHUTTLING_SPEED': 0.55, 'TRAP_SWAP_DURATION': 20, 'TRAP_SWAP_FIDELITY': 1.0, 'INTERACTION_RADIUS': 2.0, 'RESTRICTION_RADIUS': 4.0, 'TRAP_TRANSFER_PROXIMITY': 1e-05, 'AOD_BEAM_PROXIMITY': 0.001}"
275,uuf100-010.cnf,100,430,21,0.7932353019714355,63655.55231497172,1.7573693362406176e-09,3557,1234,608,0.99,"{'U3_GATE_FIDELITY': 0.999, 'U3_GATE_DURATION': 0.5, 'CZ_GATE_FIDELITY': 0.995, 'CZ_GATE_DURATION': 0.2, 'CCZ_GATE_FIDELITY': 0.99, 'CCZ_GATE_DURATION': 1, 'QUBIT_DECAY': 100000000.0, 'QUBIT_DEPHASING': 1500000.0, 'SHUTTLING_FIDELITY': 1.0, 'SHUTTLING_SPEED': 0.55, 'TRAP_SWAP_DURATION': 20, 'TRAP_SWAP_FIDELITY': 1.0, 'INTERACTION_RADIUS': 2.0, 'RESTRICTION_RADIUS': 4.0, 'TRAP_TRANSFER_PROXIMITY': 1e-05, 'AOD_BEAM_PROXIMITY': 0.001}"
276,uuf100-010.cnf,100,430,21,0.7932353019714355,63655.55231497172,8.143631499180643e-09,3557,1234,608,0.9925,"{'U3_GATE_FIDELITY': 0.999, 'U3_GATE_DURATION': 0.5, 'CZ_GATE_FIDELITY': 0.995, 'CZ_GATE_DURATION': 0.2, 'CCZ_GATE_FIDELITY': 0.9925, 'CCZ_GATE_DURATION': 1, 'QUBIT_DECAY': 100000000.0, 'QUBIT_DEPHASING': 1500000.0, 'SHUTTLING_FIDELITY': 1.0, 'SHUTTLING_SPEED': 0.55, 'TRAP_SWAP_DURATION': 20, 'TRAP_SWAP_FIDELITY': 1.0, 'INTERACTION_RADIUS': 2.0, 'RESTRICTION_RADIUS': 4.0, 'TRAP_TRANSFER_PROXIMITY': 1e-05, 'AOD_BEAM_PROXIMITY': 0.001}"
277,uuf100-010.cnf,100,430,21,0.7932353019714355,63655.55231497172,3.7592206905970264e-08,3557,1234,608,0.995,"{'U3_GATE_FIDELITY': 0.999, 'U3_GATE_DURATION': 0.5, 'CZ_GATE_FIDELITY': 0.995, 'CZ_GATE_DURATION': 0.2, 'CCZ_GATE_FIDELITY': 0.995, 'CCZ_GATE_DURATION': 1, 'QUBIT_DECAY': 100000000.0, 'QUBIT_DEPHASING': 1500000.0, 'SHUTTLING_FIDELITY': 1.0, 'SHUTTLING_SPEED': 0.55, 'TRAP_SWAP_DURATION': 20, 'TRAP_SWAP_FIDELITY': 1.0, 'INTERACTION_RADIUS': 2.0, 'RESTRICTION_RADIUS': 4.0, 'TRAP_TRANSFER_PROXIMITY': 1e-05, 'AOD_BEAM_PROXIMITY': 0.001}"
278,uuf100-010.cnf,100,430,21,0.7932353019714355,63655.55231497172,1.7286639655185945e-07,3557,1234,608,0.9975,"{'U3_GATE_FIDELITY': 0.999, 'U3_GATE_DURATION': 0.5, 'CZ_GATE_FIDELITY': 0.995, 'CZ_GATE_DURATION': 0.2, 'CCZ_GATE_FIDELITY': 0.9975, 'CCZ_GATE_DURATION': 1, 'QUBIT_DECAY': 100000000.0, 'QUBIT_DEPHASING': 1500000.0, 'SHUTTLING_FIDELITY': 1.0, 'SHUTTLING_SPEED': 0.55, 'TRAP_SWAP_DURATION': 20, 'TRAP_SWAP_FIDELITY': 1.0, 'INTERACTION_RADIUS': 2.0, 'RESTRICTION_RADIUS': 4.0, 'TRAP_TRANSFER_PROXIMITY': 1e-05, 'AOD_BEAM_PROXIMITY': 0.001}"
279,uuf250-03.cnf,250,1065,22,4.052470445632935,200180.69130460965,7.714808005855019e-42,9151,3068,1594,0.9775,"{'U3_GATE_FIDELITY': 0.999, 'U3_GATE_DURATION': 0.5, 'CZ_GATE_FIDELITY': 0.995, 'CZ_GATE_DURATION': 0.2, 'CCZ_GATE_FIDELITY': 0.9775, 'CCZ_GATE_DURATION': 1, 'QUBIT_DECAY': 100000000.0, 'QUBIT_DEPHASING': 1500000.0, 'SHUTTLING_FIDELITY': 1.0, 'SHUTTLING_SPEED': 0.55, 'TRAP_SWAP_DURATION': 20, 'TRAP_SWAP_FIDELITY': 1.0, 'INTERACTION_RADIUS': 2.0, 'RESTRICTION_RADIUS': 4.0, 'TRAP_TRANSFER_PROXIMITY': 1e-05, 'AOD_BEAM_PROXIMITY': 0.001}"
280,uuf250-03.cnf,250,1065,22,4.052470445632935,200180.69130460965,4.524438237407799e-40,9151,3068,1594,0.98,"{'U3_GATE_FIDELITY': 0.999, 'U3_GATE_DURATION': 0.5, 'CZ_GATE_FIDELITY': 0.995, 'CZ_GATE_DURATION': 0.2, 'CCZ_GATE_FIDELITY': 0.98, 'CCZ_GATE_DURATION': 1, 'QUBIT_DECAY': 100000000.0, 'QUBIT_DEPHASING': 1500000.0, 'SHUTTLING_FIDELITY': 1.0, 'SHUTTLING_SPEED': 0.55, 'TRAP_SWAP_DURATION': 20, 'TRAP_SWAP_FIDELITY': 1.0, 'INTERACTION_RADIUS': 2.0, 'RESTRICTION_RADIUS': 4.0, 'TRAP_TRANSFER_PROXIMITY': 1e-05, 'AOD_BEAM_PROXIMITY': 0.001}"
281,uuf250-03.cnf,250,1065,22,4.052470445632935,200180.69130460965,2.6260266665151947e-38,9151,3068,1594,0.9825,"{'U3_GATE_FIDELITY': 0.999, 'U3_GATE_DURATION': 0.5, 'CZ_GATE_FIDELITY': 0.995, 'CZ_GATE_DURATION': 0.2, 'CCZ_GATE_FIDELITY': 0.9825, 'CCZ_GATE_DURATION': 1, 'QUBIT_DECAY': 100000000.0, 'QUBIT_DEPHASING': 1500000.0, 'SHUTTLING_FIDELITY': 1.0, 'SHUTTLING_SPEED': 0.55, 'TRAP_SWAP_DURATION': 20, 'TRAP_SWAP_FIDELITY': 1.0, 'INTERACTION_RADIUS': 2.0, 'RESTRICTION_RADIUS': 4.0, 'TRAP_TRANSFER_PROXIMITY': 1e-05, 'AOD_BEAM_PROXIMITY': 0.001}"
282,uuf250-03.cnf,250,1065,22,4.052470445632935,200180.69130460965,1.5085212192109717e-36,9151,3068,1594,0.985,"{'U3_GATE_FIDELITY': 0.999, 'U3_GATE_DURATION': 0.5, 'CZ_GATE_FIDELITY': 0.995, 'CZ_GATE_DURATION': 0.2, 'CCZ_GATE_FIDELITY': 0.985, 'CCZ_GATE_DURATION': 1, 'QUBIT_DECAY': 100000000.0, 'QUBIT_DEPHASING': 1500000.0, 'SHUTTLING_FIDELITY': 1.0, 'SHUTTLING_SPEED': 0.55, 'TRAP_SWAP_DURATION': 20, 'TRAP_SWAP_FIDELITY': 1.0, 'INTERACTION_RADIUS': 2.0, 'RESTRICTION_RADIUS': 4.0, 'TRAP_TRANSFER_PROXIMITY': 1e-05, 'AOD_BEAM_PROXIMITY': 0.001}"
283,uuf250-03.cnf,250,1065,22,4.052470445632935,200180.69130460965,8.577174821870355e-35,9151,3068,1594,0.9875,"{'U3_GATE_FIDELITY': 0.999, 'U3_GATE_DURATION': 0.5, 'CZ_GATE_FIDELITY': 0.995, 'CZ_GATE_DURATION': 0.2, 'CCZ_GATE_FIDELITY': 0.9875, 'CCZ_GATE_DURATION': 1, 'QUBIT_DECAY': 100000000.0, 'QUBIT_DEPHASING': 1500000.0, 'SHUTTLING_FIDELITY': 1.0, 'SHUTTLING_SPEED': 0.55, 'TRAP_SWAP_DURATION': 20, 'TRAP_SWAP_FIDELITY': 1.0, 'INTERACTION_RADIUS': 2.0, 'RESTRICTION_RADIUS': 4.0, 'TRAP_TRANSFER_PROXIMITY': 1e-05, 'AOD_BEAM_PROXIMITY': 0.001}"
284,uuf250-03.cnf,250,1065,22,4.052470445632935,200180.69130460965,4.827254529708899e-33,9151,3068,1594,0.99,"{'U3_GATE_FIDELITY': 0.999, 'U3_GATE_DURATION': 0.5, 'CZ_GATE_FIDELITY': 0.995, 'CZ_GATE_DURATION': 0.2, 'CCZ_GATE_FIDELITY': 0.99, 'CCZ_GATE_DURATION': 1, 'QUBIT_DECAY': 100000000.0, 'QUBIT_DEPHASING': 1500000.0, 'SHUTTLING_FIDELITY': 1.0, 'SHUTTLING_SPEED': 0.55, 'TRAP_SWAP_DURATION': 20, 'TRAP_SWAP_FIDELITY': 1.0, 'INTERACTION_RADIUS': 2.0, 'RESTRICTION_RADIUS': 4.0, 'TRAP_TRANSFER_PROXIMITY': 1e-05, 'AOD_BEAM_PROXIMITY': 0.001}"
285,uuf250-03.cnf,250,1065,22,4.052470445632935,200180.69130460965,2.6893146264762964e-31,9151,3068,1594,0.9925,"{'U3_GATE_FIDELITY': 0.999, 'U3_GATE_DURATION': 0.5, 'CZ_GATE_FIDELITY': 0.995, 'CZ_GATE_DURATION': 0.2, 'CCZ_GATE_FIDELITY': 0.9925, 'CCZ_GATE_DURATION': 1, 'QUBIT_DECAY': 100000000.0, 'QUBIT_DEPHASING': 1500000.0, 'SHUTTLING_FIDELITY': 1.0, 'SHUTTLING_SPEED': 0.55, 'TRAP_SWAP_DURATION': 20, 'TRAP_SWAP_FIDELITY': 1.0, 'INTERACTION_RADIUS': 2.0, 'RESTRICTION_RADIUS': 4.0, 'TRAP_TRANSFER_PROXIMITY': 1e-05, 'AOD_BEAM_PROXIMITY': 0.001}"
286,uuf250-03.cnf,250,1065,22,4.052470445632935,200180.69130460965,1.4831692708591666e-29,9151,3068,1594,0.995,"{'U3_GATE_FIDELITY': 0.999, 'U3_GATE_DURATION': 0.5, 'CZ_GATE_FIDELITY': 0.995, 'CZ_GATE_DURATION': 0.2, 'CCZ_GATE_FIDELITY': 0.995, 'CCZ_GATE_DURATION': 1, 'QUBIT_DECAY': 100000000.0, 'QUBIT_DEPHASING': 1500000.0, 'SHUTTLING_FIDELITY': 1.0, 'SHUTTLING_SPEED': 0.55, 'TRAP_SWAP_DURATION': 20, 'TRAP_SWAP_FIDELITY': 1.0, 'INTERACTION_RADIUS': 2.0, 'RESTRICTION_RADIUS': 4.0, 'TRAP_TRANSFER_PROXIMITY': 1e-05, 'AOD_BEAM_PROXIMITY': 0.001}"
287,uuf250-03.cnf,250,1065,22,4.052470445632935,200180.69130460965,8.097846835249196e-28,9151,3068,1594,0.9975,"{'U3_GATE_FIDELITY': 0.999, 'U3_GATE_DURATION': 0.5, 'CZ_GATE_FIDELITY': 0.995, 'CZ_GATE_DURATION': 0.2, 'CCZ_GATE_FIDELITY': 0.9975, 'CCZ_GATE_DURATION': 1, 'QUBIT_DECAY': 100000000.0, 'QUBIT_DEPHASING': 1500000.0, 'SHUTTLING_FIDELITY': 1.0, 'SHUTTLING_SPEED': 0.55, 'TRAP_SWAP_DURATION': 20, 'TRAP_SWAP_FIDELITY': 1.0, 'INTERACTION_RADIUS': 2.0, 'RESTRICTION_RADIUS': 4.0, 'TRAP_TRANSFER_PROXIMITY': 1e-05, 'AOD_BEAM_PROXIMITY': 0.001}"
288,uuf250-08.cnf,250,1065,24,4.147793292999268,204266.09093472807,1.2730799933793605e-41,8945,3180,1526,0.9775,"{'U3_GATE_FIDELITY': 0.999, 'U3_GATE_DURATION': 0.5, 'CZ_GATE_FIDELITY': 0.995, 'CZ_GATE_DURATION': 0.2, 'CCZ_GATE_FIDELITY': 0.9775, 'CCZ_GATE_DURATION': 1, 'QUBIT_DECAY': 100000000.0, 'QUBIT_DEPHASING': 1500000.0, 'SHUTTLING_FIDELITY': 1.0, 'SHUTTLING_SPEED': 0.55, 'TRAP_SWAP_DURATION': 20, 'TRAP_SWAP_FIDELITY': 1.0, 'INTERACTION_RADIUS': 2.0, 'RESTRICTION_RADIUS': 4.0, 'TRAP_TRANSFER_PROXIMITY': 1e-05, 'AOD_BEAM_PROXIMITY': 0.001}"
289,uuf250-08.cnf,250,1065,24,4.147793292999268,204266.09093472807,6.275700082080129e-40,8945,3180,1526,0.98,"{'U3_GATE_FIDELITY': 0.999, 'U3_GATE_DURATION': 0.5, 'CZ_GATE_FIDELITY': 0.995, 'CZ_GATE_DURATION': 0.2, 'CCZ_GATE_FIDELITY': 0.98, 'CCZ_GATE_DURATION': 1, 'QUBIT_DECAY': 100000000.0, 'QUBIT_DEPHASING': 1500000.0, 'SHUTTLING_FIDELITY': 1.0, 'SHUTTLING_SPEED': 0.55, 'TRAP_SWAP_DURATION': 20, 'TRAP_SWAP_FIDELITY': 1.0, 'INTERACTION_RADIUS': 2.0, 'RESTRICTION_RADIUS': 4.0, 'TRAP_TRANSFER_PROXIMITY': 1e-05, 'AOD_BEAM_PROXIMITY': 0.001}"
290,uuf250-08.cnf,250,1065,24,4.147793292999268,204266.09093472807,3.0630619469475024e-38,8945,3180,1526,0.9825,"{'U3_GATE_FIDELITY': 0.999, 'U3_GATE_DURATION': 0.5, 'CZ_GATE_FIDELITY': 0.995, 'CZ_GATE_DURATION': 0.2, 'CCZ_GATE_FIDELITY': 0.9825, 'CCZ_GATE_DURATION': 1, 'QUBIT_DECAY': 100000000.0, 'QUBIT_DEPHASING': 1500000.0, 'SHUTTLING_FIDELITY': 1.0, 'SHUTTLING_SPEED': 0.55, 'TRAP_SWAP_DURATION': 20, 'TRAP_SWAP_FIDELITY': 1.0, 'INTERACTION_RADIUS': 2.0, 'RESTRICTION_RADIUS': 4.0, 'TRAP_TRANSFER_PROXIMITY': 1e-05, 'AOD_BEAM_PROXIMITY': 0.001}"
291,uuf250-08.cnf,250,1065,24,4.147793292999268,204266.09093472807,1.4803295650655895e-36,8945,3180,1526,0.985,"{'U3_GATE_FIDELITY': 0.999, 'U3_GATE_DURATION': 0.5, 'CZ_GATE_FIDELITY': 0.995, 'CZ_GATE_DURATION': 0.2, 'CCZ_GATE_FIDELITY': 0.985, 'CCZ_GATE_DURATION': 1, 'QUBIT_DECAY': 100000000.0, 'QUBIT_DEPHASING': 1500000.0, 'SHUTTLING_FIDELITY': 1.0, 'SHUTTLING_SPEED': 0.55, 'TRAP_SWAP_DURATION': 20, 'TRAP_SWAP_FIDELITY': 1.0, 'INTERACTION_RADIUS': 2.0, 'RESTRICTION_RADIUS': 4.0, 'TRAP_TRANSFER_PROXIMITY': 1e-05, 'AOD_BEAM_PROXIMITY': 0.001}"
292,uuf250-08.cnf,250,1065,24,4.147793292999268,204266.09093472807,7.084216629450138e-35,8945,3180,1526,0.9875,"{'U3_GATE_FIDELITY': 0.999, 'U3_GATE_DURATION': 0.5, 'CZ_GATE_FIDELITY': 0.995, 'CZ_GATE_DURATION': 0.2, 'CCZ_GATE_FIDELITY': 0.9875, 'CCZ_GATE_DURATION': 1, 'QUBIT_DECAY': 100000000.0, 'QUBIT_DEPHASING': 1500000.0, 'SHUTTLING_FIDELITY': 1.0, 'SHUTTLING_SPEED': 0.55, 'TRAP_SWAP_DURATION': 20, 'TRAP_SWAP_FIDELITY': 1.0, 'INTERACTION_RADIUS': 2.0, 'RESTRICTION_RADIUS': 4.0, 'TRAP_TRANSFER_PROXIMITY': 1e-05, 'AOD_BEAM_PROXIMITY': 0.001}"
293,uuf250-08.cnf,250,1065,24,4.147793292999268,204266.09093472807,3.3572032080301356e-33,8945,3180,1526,0.99,"{'U3_GATE_FIDELITY': 0.999, 'U3_GATE_DURATION': 0.5, 'CZ_GATE_FIDELITY': 0.995, 'CZ_GATE_DURATION': 0.2, 'CCZ_GATE_FIDELITY': 0.99, 'CCZ_GATE_DURATION': 1, 'QUBIT_DECAY': 100000000.0, 'QUBIT_DEPHASING': 1500000.0, 'SHUTTLING_FIDELITY': 1.0, 'SHUTTLING_SPEED': 0.55, 'TRAP_SWAP_DURATION': 20, 'TRAP_SWAP_FIDELITY': 1.0, 'INTERACTION_RADIUS': 2.0, 'RESTRICTION_RADIUS': 4.0, 'TRAP_TRANSFER_PROXIMITY': 1e-05, 'AOD_BEAM_PROXIMITY': 0.001}"
294,uuf250-08.cnf,250,1065,24,4.147793292999268,204266.09093472807,1.5755682756226926e-31,8945,3180,1526,0.9925,"{'U3_GATE_FIDELITY': 0.999, 'U3_GATE_DURATION': 0.5, 'CZ_GATE_FIDELITY': 0.995, 'CZ_GATE_DURATION': 0.2, 'CCZ_GATE_FIDELITY': 0.9925, 'CCZ_GATE_DURATION': 1, 'QUBIT_DECAY': 100000000.0, 'QUBIT_DEPHASING': 1500000.0, 'SHUTTLING_FIDELITY': 1.0, 'SHUTTLING_SPEED': 0.55, 'TRAP_SWAP_DURATION': 20, 'TRAP_SWAP_FIDELITY': 1.0, 'INTERACTION_RADIUS': 2.0, 'RESTRICTION_RADIUS': 4.0, 'TRAP_TRANSFER_PROXIMITY': 1e-05, 'AOD_BEAM_PROXIMITY': 0.001}"
295,uuf250-08.cnf,250,1065,24,4.147793292999268,204266.09093472807,7.323048181447628e-30,8945,3180,1526,0.995,"{'U3_GATE_FIDELITY': 0.999, 'U3_GATE_DURATION': 0.5, 'CZ_GATE_FIDELITY': 0.995, 'CZ_GATE_DURATION': 0.2, 'CCZ_GATE_FIDELITY': 0.995, 'CCZ_GATE_DURATION': 1, 'QUBIT_DECAY': 100000000.0, 'QUBIT_DEPHASING': 1500000.0, 'SHUTTLING_FIDELITY': 1.0, 'SHUTTLING_SPEED': 0.55, 'TRAP_SWAP_DURATION': 20, 'TRAP_SWAP_FIDELITY': 1.0, 'INTERACTION_RADIUS': 2.0, 'RESTRICTION_RADIUS': 4.0, 'TRAP_TRANSFER_PROXIMITY': 1e-05, 'AOD_BEAM_PROXIMITY': 0.001}"
296,uuf250-08.cnf,250,1065,24,4.147793292999268,204266.09093472807,3.3710308352360483e-28,8945,3180,1526,0.9975,"{'U3_GATE_FIDELITY': 0.999, 'U3_GATE_DURATION': 0.5, 'CZ_GATE_FIDELITY': 0.995, 'CZ_GATE_DURATION': 0.2, 'CCZ_GATE_FIDELITY': 0.9975, 'CCZ_GATE_DURATION': 1, 'QUBIT_DECAY': 100000000.0, 'QUBIT_DEPHASING': 1500000.0, 'SHUTTLING_FIDELITY': 1.0, 'SHUTTLING_SPEED': 0.55, 'TRAP_SWAP_DURATION': 20, 'TRAP_SWAP_FIDELITY': 1.0, 'INTERACTION_RADIUS': 2.0, 'RESTRICTION_RADIUS': 4.0, 'TRAP_TRANSFER_PROXIMITY': 1e-05, 'AOD_BEAM_PROXIMITY': 0.001}"
297,uuf75-010.cnf,75,325,22,0.40241003036499023,43497.77987111361,6.806969220400656e-09,2595,1014,392,0.9775,"{'U3_GATE_FIDELITY': 0.999, 'U3_GATE_DURATION': 0.5, 'CZ_GATE_FIDELITY': 0.995, 'CZ_GATE_DURATION': 0.2, 'CCZ_GATE_FIDELITY': 0.9775, 'CCZ_GATE_DURATION': 1, 'QUBIT_DECAY': 100000000.0, 'QUBIT_DEPHASING': 1500000.0, 'SHUTTLING_FIDELITY': 1.0, 'SHUTTLING_SPEED': 0.55, 'TRAP_SWAP_DURATION': 20, 'TRAP_SWAP_FIDELITY': 1.0, 'INTERACTION_RADIUS': 2.0, 'RESTRICTION_RADIUS': 4.0, 'TRAP_TRANSFER_PROXIMITY': 1e-05, 'AOD_BEAM_PROXIMITY': 0.001}"
298,uuf75-010.cnf,75,325,22,0.40241003036499023,43497.77987111361,1.8526917160942048e-08,2595,1014,392,0.98,"{'U3_GATE_FIDELITY': 0.999, 'U3_GATE_DURATION': 0.5, 'CZ_GATE_FIDELITY': 0.995, 'CZ_GATE_DURATION': 0.2, 'CCZ_GATE_FIDELITY': 0.98, 'CCZ_GATE_DURATION': 1, 'QUBIT_DECAY': 100000000.0, 'QUBIT_DEPHASING': 1500000.0, 'SHUTTLING_FIDELITY': 1.0, 'SHUTTLING_SPEED': 0.55, 'TRAP_SWAP_DURATION': 20, 'TRAP_SWAP_FIDELITY': 1.0, 'INTERACTION_RADIUS': 2.0, 'RESTRICTION_RADIUS': 4.0, 'TRAP_TRANSFER_PROXIMITY': 1e-05, 'AOD_BEAM_PROXIMITY': 0.001}"
299,uuf75-010.cnf,75,325,22,0.40241003036499023,43497.77987111361,5.02972956469258e-08,2595,1014,392,0.9825,"{'U3_GATE_FIDELITY': 0.999, 'U3_GATE_DURATION': 0.5, 'CZ_GATE_FIDELITY': 0.995, 'CZ_GATE_DURATION': 0.2, 'CCZ_GATE_FIDELITY': 0.9825, 'CCZ_GATE_DURATION': 1, 'QUBIT_DECAY': 100000000.0, 'QUBIT_DEPHASING': 1500000.0, 'SHUTTLING_FIDELITY': 1.0, 'SHUTTLING_SPEED': 0.55, 'TRAP_SWAP_DURATION': 20, 'TRAP_SWAP_FIDELITY': 1.0, 'INTERACTION_RADIUS': 2.0, 'RESTRICTION_RADIUS': 4.0, 'TRAP_TRANSFER_PROXIMITY': 1e-05, 'AOD_BEAM_PROXIMITY': 0.001}"
300,uuf75-010.cnf,75,325,22,0.40241003036499023,43497.77987111361,1.36202112411632e-07,2595,1014,392,0.985,"{'U3_GATE_FIDELITY': 0.999, 'U3_GATE_DURATION': 0.5, 'CZ_GATE_FIDELITY': 0.995, 'CZ_GATE_DURATION': 0.2, 'CCZ_GATE_FIDELITY': 0.985, 'CCZ_GATE_DURATION': 1, 'QUBIT_DECAY': 100000000.0, 'QUBIT_DEPHASING': 1500000.0, 'SHUTTLING_FIDELITY': 1.0, 'SHUTTLING_SPEED': 0.55, 'TRAP_SWAP_DURATION': 20, 'TRAP_SWAP_FIDELITY': 1.0, 'INTERACTION_RADIUS': 2.0, 'RESTRICTION_RADIUS': 4.0, 'TRAP_TRANSFER_PROXIMITY': 1e-05, 'AOD_BEAM_PROXIMITY': 0.001}"
301,uuf75-010.cnf,75,325,22,0.40241003036499023,43497.77987111361,3.678971074212937e-07,2595,1014,392,0.9875,"{'U3_GATE_FIDELITY': 0.999, 'U3_GATE_DURATION': 0.5, 'CZ_GATE_FIDELITY': 0.995, 'CZ_GATE_DURATION': 0.2, 'CCZ_GATE_FIDELITY': 0.9875, 'CCZ_GATE_DURATION': 1, 'QUBIT_DECAY': 100000000.0, 'QUBIT_DEPHASING': 1500000.0, 'SHUTTLING_FIDELITY': 1.0, 'SHUTTLING_SPEED': 0.55, 'TRAP_SWAP_DURATION': 20, 'TRAP_SWAP_FIDELITY': 1.0, 'INTERACTION_RADIUS': 2.0, 'RESTRICTION_RADIUS': 4.0, 'TRAP_TRANSFER_PROXIMITY': 1e-05, 'AOD_BEAM_PROXIMITY': 0.001}"
302,uuf75-010.cnf,75,325,22,0.40241003036499023,43497.77987111361,9.912376067191953e-07,2595,1014,392,0.99,"{'U3_GATE_FIDELITY': 0.999, 'U3_GATE_DURATION': 0.5, 'CZ_GATE_FIDELITY': 0.995, 'CZ_GATE_DURATION': 0.2, 'CCZ_GATE_FIDELITY': 0.99, 'CCZ_GATE_DURATION': 1, 'QUBIT_DECAY': 100000000.0, 'QUBIT_DEPHASING': 1500000.0, 'SHUTTLING_FIDELITY': 1.0, 'SHUTTLING_SPEED': 0.55, 'TRAP_SWAP_DURATION': 20, 'TRAP_SWAP_FIDELITY': 1.0, 'INTERACTION_RADIUS': 2.0, 'RESTRICTION_RADIUS': 4.0, 'TRAP_TRANSFER_PROXIMITY': 1e-05, 'AOD_BEAM_PROXIMITY': 0.001}"
303,uuf75-010.cnf,75,325,22,0.40241003036499023,43497.77987111361,2.6640571598065653e-06,2595,1014,392,0.9925,"{'U3_GATE_FIDELITY': 0.999, 'U3_GATE_DURATION': 0.5, 'CZ_GATE_FIDELITY': 0.995, 'CZ_GATE_DURATION': 0.2, 'CCZ_GATE_FIDELITY': 0.9925, 'CCZ_GATE_DURATION': 1, 'QUBIT_DECAY': 100000000.0, 'QUBIT_DEPHASING': 1500000.0, 'SHUTTLING_FIDELITY': 1.0, 'SHUTTLING_SPEED': 0.55, 'TRAP_SWAP_DURATION': 20, 'TRAP_SWAP_FIDELITY': 1.0, 'INTERACTION_RADIUS': 2.0, 'RESTRICTION_RADIUS': 4.0, 'TRAP_TRANSFER_PROXIMITY': 1e-05, 'AOD_BEAM_PROXIMITY': 0.001}"
304,uuf75-010.cnf,75,325,22,0.40241003036499023,43497.77987111361,7.142152853151753e-06,2595,1014,392,0.995,"{'U3_GATE_FIDELITY': 0.999, 'U3_GATE_DURATION': 0.5, 'CZ_GATE_FIDELITY': 0.995, 'CZ_GATE_DURATION': 0.2, 'CCZ_GATE_FIDELITY': 0.995, 'CCZ_GATE_DURATION': 1, 'QUBIT_DECAY': 100000000.0, 'QUBIT_DEPHASING': 1500000.0, 'SHUTTLING_FIDELITY': 1.0, 'SHUTTLING_SPEED': 0.55, 'TRAP_SWAP_DURATION': 20, 'TRAP_SWAP_FIDELITY': 1.0, 'INTERACTION_RADIUS': 2.0, 'RESTRICTION_RADIUS': 4.0, 'TRAP_TRANSFER_PROXIMITY': 1e-05, 'AOD_BEAM_PROXIMITY': 0.001}"
305,uuf75-010.cnf,75,325,22,0.40241003036499023,43497.77987111361,1.9100291568062124e-05,2595,1014,392,0.9975,"{'U3_GATE_FIDELITY': 0.999, 'U3_GATE_DURATION': 0.5, 'CZ_GATE_FIDELITY': 0.995, 'CZ_GATE_DURATION': 0.2, 'CCZ_GATE_FIDELITY': 0.9975, 'CCZ_GATE_DURATION': 1, 'QUBIT_DECAY': 100000000.0, 'QUBIT_DEPHASING': 1500000.0, 'SHUTTLING_FIDELITY': 1.0, 'SHUTTLING_SPEED': 0.55, 'TRAP_SWAP_DURATION': 20, 'TRAP_SWAP_FIDELITY': 1.0, 'INTERACTION_RADIUS': 2.0, 'RESTRICTION_RADIUS': 4.0, 'TRAP_TRANSFER_PROXIMITY': 1e-05, 'AOD_BEAM_PROXIMITY': 0.001}"
306,uuf175-02.cnf,175,753,24,2.0450785160064697,121019.6155262156,9.403365809873082e-26,6345,2042,1174,0.9775,"{'U3_GATE_FIDELITY': 0.999, 'U3_GATE_DURATION': 0.5, 'CZ_GATE_FIDELITY': 0.995, 'CZ_GATE_DURATION': 0.2, 'CCZ_GATE_FIDELITY': 0.9775, 'CCZ_GATE_DURATION': 1, 'QUBIT_DECAY': 100000000.0, 'QUBIT_DEPHASING': 1500000.0, 'SHUTTLING_FIDELITY': 1.0, 'SHUTTLING_SPEED': 0.55, 'TRAP_SWAP_DURATION': 20, 'TRAP_SWAP_FIDELITY': 1.0, 'INTERACTION_RADIUS': 2.0, 'RESTRICTION_RADIUS': 4.0, 'TRAP_TRANSFER_PROXIMITY': 1e-05, 'AOD_BEAM_PROXIMITY': 0.001}"
307,uuf175-02.cnf,175,753,24,2.0450785160064697,121019.6155262156,1.8863089729468064e-24,6345,2042,1174,0.98,"{'U3_GATE_FIDELITY': 0.999, 'U3_GATE_DURATION': 0.5, 'CZ_GATE_FIDELITY': 0.995, 'CZ_GATE_DURATION': 0.2, 'CCZ_GATE_FIDELITY': 0.98, 'CCZ_GATE_DURATION': 1, 'QUBIT_DECAY': 100000000.0, 'QUBIT_DEPHASING': 1500000.0, 'SHUTTLING_FIDELITY': 1.0, 'SHUTTLING_SPEED': 0.55, 'TRAP_SWAP_DURATION': 20, 'TRAP_SWAP_FIDELITY': 1.0, 'INTERACTION_RADIUS': 2.0, 'RESTRICTION_RADIUS': 4.0, 'TRAP_TRANSFER_PROXIMITY': 1e-05, 'AOD_BEAM_PROXIMITY': 0.001}"
308,uuf175-02.cnf,175,753,24,2.0450785160064697,121019.6155262156,3.755124058091532e-23,6345,2042,1174,0.9825,"{'U3_GATE_FIDELITY': 0.999, 'U3_GATE_DURATION': 0.5, 'CZ_GATE_FIDELITY': 0.995, 'CZ_GATE_DURATION': 0.2, 'CCZ_GATE_FIDELITY': 0.9825, 'CCZ_GATE_DURATION': 1, 'QUBIT_DECAY': 100000000.0, 'QUBIT_DEPHASING': 1500000.0, 'SHUTTLING_FIDELITY': 1.0, 'SHUTTLING_SPEED': 0.55, 'TRAP_SWAP_DURATION': 20, 'TRAP_SWAP_FIDELITY': 1.0, 'INTERACTION_RADIUS': 2.0, 'RESTRICTION_RADIUS': 4.0, 'TRAP_TRANSFER_PROXIMITY': 1e-05, 'AOD_BEAM_PROXIMITY': 0.001}"
309,uuf175-02.cnf,175,753,24,2.0450785160064697,121019.6155262156,7.418815520233352e-22,6345,2042,1174,0.985,"{'U3_GATE_FIDELITY': 0.999, 'U3_GATE_DURATION': 0.5, 'CZ_GATE_FIDELITY': 0.995, 'CZ_GATE_DURATION': 0.2, 'CCZ_GATE_FIDELITY': 0.985, 'CCZ_GATE_DURATION': 1, 'QUBIT_DECAY': 100000000.0, 'QUBIT_DEPHASING': 1500000.0, 'SHUTTLING_FIDELITY': 1.0, 'SHUTTLING_SPEED': 0.55, 'TRAP_SWAP_DURATION': 20, 'TRAP_SWAP_FIDELITY': 1.0, 'INTERACTION_RADIUS': 2.0, 'RESTRICTION_RADIUS': 4.0, 'TRAP_TRANSFER_PROXIMITY': 1e-05, 'AOD_BEAM_PROXIMITY': 0.001}"
310,uuf175-02.cnf,175,753,24,2.0450785160064697,121019.6155262156,1.454656373331648e-20,6345,2042,1174,0.9875,"{'U3_GATE_FIDELITY': 0.999, 'U3_GATE_DURATION': 0.5, 'CZ_GATE_FIDELITY': 0.995, 'CZ_GATE_DURATION': 0.2, 'CCZ_GATE_FIDELITY': 0.9875, 'CCZ_GATE_DURATION': 1, 'QUBIT_DECAY': 100000000.0, 'QUBIT_DEPHASING': 1500000.0, 'SHUTTLING_FIDELITY': 1.0, 'SHUTTLING_SPEED': 0.55, 'TRAP_SWAP_DURATION': 20, 'TRAP_SWAP_FIDELITY': 1.0, 'INTERACTION_RADIUS': 2.0, 'RESTRICTION_RADIUS': 4.0, 'TRAP_TRANSFER_PROXIMITY': 1e-05, 'AOD_BEAM_PROXIMITY': 0.001}"
311,uuf175-02.cnf,175,753,24,2.0450785160064697,121019.6155262156,2.830860216934047e-19,6345,2042,1174,0.99,"{'U3_GATE_FIDELITY': 0.999, 'U3_GATE_DURATION': 0.5, 'CZ_GATE_FIDELITY': 0.995, 'CZ_GATE_DURATION': 0.2, 'CCZ_GATE_FIDELITY': 0.99, 'CCZ_GATE_DURATION': 1, 'QUBIT_DECAY': 100000000.0, 'QUBIT_DEPHASING': 1500000.0, 'SHUTTLING_FIDELITY': 1.0, 'SHUTTLING_SPEED': 0.55, 'TRAP_SWAP_DURATION': 20, 'TRAP_SWAP_FIDELITY': 1.0, 'INTERACTION_RADIUS': 2.0, 'RESTRICTION_RADIUS': 4.0, 'TRAP_TRANSFER_PROXIMITY': 1e-05, 'AOD_BEAM_PROXIMITY': 0.001}"
312,uuf175-02.cnf,175,753,24,2.0450785160064697,121019.6155262156,5.4679569735392755e-18,6345,2042,1174,0.9925,"{'U3_GATE_FIDELITY': 0.999, 'U3_GATE_DURATION': 0.5, 'CZ_GATE_FIDELITY': 0.995, 'CZ_GATE_DURATION': 0.2, 'CCZ_GATE_FIDELITY': 0.9925, 'CCZ_GATE_DURATION': 1, 'QUBIT_DECAY': 100000000.0, 'QUBIT_DEPHASING': 1500000.0, 'SHUTTLING_FIDELITY': 1.0, 'SHUTTLING_SPEED': 0.55, 'TRAP_SWAP_DURATION': 20, 'TRAP_SWAP_FIDELITY': 1.0, 'INTERACTION_RADIUS': 2.0, 'RESTRICTION_RADIUS': 4.0, 'TRAP_TRANSFER_PROXIMITY': 1e-05, 'AOD_BEAM_PROXIMITY': 0.001}"
313,uuf175-02.cnf,175,753,24,2.0450785160064697,121019.6155262156,1.0483269801923825e-16,6345,2042,1174,0.995,"{'U3_GATE_FIDELITY': 0.999, 'U3_GATE_DURATION': 0.5, 'CZ_GATE_FIDELITY': 0.995, 'CZ_GATE_DURATION': 0.2, 'CCZ_GATE_FIDELITY': 0.995, 'CCZ_GATE_DURATION': 1, 'QUBIT_DECAY': 100000000.0, 'QUBIT_DEPHASING': 1500000.0, 'SHUTTLING_FIDELITY': 1.0, 'SHUTTLING_SPEED': 0.55, 'TRAP_SWAP_DURATION': 20, 'TRAP_SWAP_FIDELITY': 1.0, 'INTERACTION_RADIUS': 2.0, 'RESTRICTION_RADIUS': 4.0, 'TRAP_TRANSFER_PROXIMITY': 1e-05, 'AOD_BEAM_PROXIMITY': 0.001}"
314,uuf175-02.cnf,175,753,24,2.0450785160064697,121019.6155262156,1.9950311674703335e-15,6345,2042,1174,0.9975,"{'U3_GATE_FIDELITY': 0.999, 'U3_GATE_DURATION': 0.5, 'CZ_GATE_FIDELITY': 0.995, 'CZ_GATE_DURATION': 0.2, 'CCZ_GATE_FIDELITY': 0.9975, 'CCZ_GATE_DURATION': 1, 'QUBIT_DECAY': 100000000.0, 'QUBIT_DEPHASING': 1500000.0, 'SHUTTLING_FIDELITY': 1.0, 'SHUTTLING_SPEED': 0.55, 'TRAP_SWAP_DURATION': 20, 'TRAP_SWAP_FIDELITY': 1.0, 'INTERACTION_RADIUS': 2.0, 'RESTRICTION_RADIUS': 4.0, 'TRAP_TRANSFER_PROXIMITY': 1e-05, 'AOD_BEAM_PROXIMITY': 0.001}"
315,uuf200-05.cnf,200,860,24,2.8181746006011963,150167.62366200294,7.617138118384027e-31,7260,2440,1298,0.9775,"{'U3_GATE_FIDELITY': 0.999, 'U3_GATE_DURATION': 0.5, 'CZ_GATE_FIDELITY': 0.995, 'CZ_GATE_DURATION': 0.2, 'CCZ_GATE_FIDELITY': 0.9775, 'CCZ_GATE_DURATION': 1, 'QUBIT_DECAY': 100000000.0, 'QUBIT_DEPHASING': 1500000.0, 'SHUTTLING_FIDELITY': 1.0, 'SHUTTLING_SPEED': 0.55, 'TRAP_SWAP_DURATION': 20, 'TRAP_SWAP_FIDELITY': 1.0, 'INTERACTION_RADIUS': 2.0, 'RESTRICTION_RADIUS': 4.0, 'TRAP_TRANSFER_PROXIMITY': 1e-05, 'AOD_BEAM_PROXIMITY': 0.001}"
316,uuf200-05.cnf,200,860,24,2.8181746006011963,150167.62366200294,2.0973732431074888e-29,7260,2440,1298,0.98,"{'U3_GATE_FIDELITY': 0.999, 'U3_GATE_DURATION': 0.5, 'CZ_GATE_FIDELITY': 0.995, 'CZ_GATE_DURATION': 0.2, 'CCZ_GATE_FIDELITY': 0.98, 'CCZ_GATE_DURATION': 1, 'QUBIT_DECAY': 100000000.0, 'QUBIT_DEPHASING': 1500000.0, 'SHUTTLING_FIDELITY': 1.0, 'SHUTTLING_SPEED': 0.55, 'TRAP_SWAP_DURATION': 20, 'TRAP_SWAP_FIDELITY': 1.0, 'INTERACTION_RADIUS': 2.0, 'RESTRICTION_RADIUS': 4.0, 'TRAP_TRANSFER_PROXIMITY': 1e-05, 'AOD_BEAM_PROXIMITY': 0.001}"
317,uuf200-05.cnf,200,860,24,2.8181746006011963,150167.62366200294,5.726524432713691e-28,7260,2440,1298,0.9825,"{'U3_GATE_FIDELITY': 0.999, 'U3_GATE_DURATION': 0.5, 'CZ_GATE_FIDELITY': 0.995, 'CZ_GATE_DURATION': 0.2, 'CCZ_GATE_FIDELITY': 0.9825, 'CCZ_GATE_DURATION': 1, 'QUBIT_DECAY': 100000000.0, 'QUBIT_DEPHASING': 1500000.0, 'SHUTTLING_FIDELITY': 1.0, 'SHUTTLING_SPEED': 0.55, 'TRAP_SWAP_DURATION': 20, 'TRAP_SWAP_FIDELITY': 1.0, 'INTERACTION_RADIUS': 2.0, 'RESTRICTION_RADIUS': 4.0, 'TRAP_TRANSFER_PROXIMITY': 1e-05, 'AOD_BEAM_PROXIMITY': 0.001}"
318,uuf200-05.cnf,200,860,24,2.8181746006011963,150167.62366200294,1.5504460548912662e-26,7260,2440,1298,0.985,"{'U3_GATE_FIDELITY': 0.999, 'U3_GATE_DURATION': 0.5, 'CZ_GATE_FIDELITY': 0.995, 'CZ_GATE_DURATION': 0.2, 'CCZ_GATE_FIDELITY': 0.985, 'CCZ_GATE_DURATION': 1, 'QUBIT_DECAY': 100000000.0, 'QUBIT_DEPHASING': 1500000.0, 'SHUTTLING_FIDELITY': 1.0, 'SHUTTLING_SPEED': 0.55, 'TRAP_SWAP_DURATION': 20, 'TRAP_SWAP_FIDELITY': 1.0, 'INTERACTION_RADIUS': 2.0, 'RESTRICTION_RADIUS': 4.0, 'TRAP_TRANSFER_PROXIMITY': 1e-05, 'AOD_BEAM_PROXIMITY': 0.001}"
319,uuf200-05.cnf,200,860,24,2.8181746006011963,150167.62366200294,4.162850878231298e-25,7260,2440,1298,0.9875,"{'U3_GATE_FIDELITY': 0.999, 'U3_GATE_DURATION': 0.5, 'CZ_GATE_FIDELITY': 0.995, 'CZ_GATE_DURATION': 0.2, 'CCZ_GATE_FIDELITY': 0.9875, 'CCZ_GATE_DURATION': 1, 'QUBIT_DECAY': 100000000.0, 'QUBIT_DEPHASING': 1500000.0, 'SHUTTLING_FIDELITY': 1.0, 'SHUTTLING_SPEED': 0.55, 'TRAP_SWAP_DURATION': 20, 'TRAP_SWAP_FIDELITY': 1.0, 'INTERACTION_RADIUS': 2.0, 'RESTRICTION_RADIUS': 4.0, 'TRAP_TRANSFER_PROXIMITY': 1e-05, 'AOD_BEAM_PROXIMITY': 0.001}"
320,uuf200-05.cnf,200,860,24,2.8181746006011963,150167.62366200294,1.108439674213504e-23,7260,2440,1298,0.99,"{'U3_GATE_FIDELITY': 0.999, 'U3_GATE_DURATION': 0.5, 'CZ_GATE_FIDELITY': 0.995, 'CZ_GATE_DURATION': 0.2, 'CCZ_GATE_FIDELITY': 0.99, 'CCZ_GATE_DURATION': 1, 'QUBIT_DECAY': 100000000.0, 'QUBIT_DEPHASING': 1500000.0, 'SHUTTLING_FIDELITY': 1.0, 'SHUTTLING_SPEED': 0.55, 'TRAP_SWAP_DURATION': 20, 'TRAP_SWAP_FIDELITY': 1.0, 'INTERACTION_RADIUS': 2.0, 'RESTRICTION_RADIUS': 4.0, 'TRAP_TRANSFER_PROXIMITY': 1e-05, 'AOD_BEAM_PROXIMITY': 0.001}"
321,uuf200-05.cnf,200,860,24,2.8181746006011963,150167.62366200294,2.9271063996998486e-22,7260,2440,1298,0.9925,"{'U3_GATE_FIDELITY': 0.999, 'U3_GATE_DURATION': 0.5, 'CZ_GATE_FIDELITY': 0.995, 'CZ_GATE_DURATION': 0.2, 'CCZ_GATE_FIDELITY': 0.9925, 'CCZ_GATE_DURATION': 1, 'QUBIT_DECAY': 100000000.0, 'QUBIT_DEPHASING': 1500000.0, 'SHUTTLING_FIDELITY': 1.0, 'SHUTTLING_SPEED': 0.55, 'TRAP_SWAP_DURATION': 20, 'TRAP_SWAP_FIDELITY': 1.0, 'INTERACTION_RADIUS': 2.0, 'RESTRICTION_RADIUS': 4.0, 'TRAP_TRANSFER_PROXIMITY': 1e-05, 'AOD_BEAM_PROXIMITY': 0.001}"
322,uuf200-05.cnf,200,860,24,2.8181746006011963,150167.62366200294,7.666343639477836e-21,7260,2440,1298,0.995,"{'U3_GATE_FIDELITY': 0.999, 'U3_GATE_DURATION': 0.5, 'CZ_GATE_FIDELITY': 0.995, 'CZ_GATE_DURATION': 0.2, 'CCZ_GATE_FIDELITY': 0.995, 'CCZ_GATE_DURATION': 1, 'QUBIT_DECAY': 100000000.0, 'QUBIT_DEPHASING': 1500000.0, 'SHUTTLING_FIDELITY': 1.0, 'SHUTTLING_SPEED': 0.55, 'TRAP_SWAP_DURATION': 20, 'TRAP_SWAP_FIDELITY': 1.0, 'INTERACTION_RADIUS': 2.0, 'RESTRICTION_RADIUS': 4.0, 'TRAP_TRANSFER_PROXIMITY': 1e-05, 'AOD_BEAM_PROXIMITY': 0.001}"
323,uuf200-05.cnf,200,860,24,2.8181746006011963,150167.62366200294,1.9914955123734495e-19,7260,2440,1298,0.9975,"{'U3_GATE_FIDELITY': 0.999, 'U3_GATE_DURATION': 0.5, 'CZ_GATE_FIDELITY': 0.995, 'CZ_GATE_DURATION': 0.2, 'CCZ_GATE_FIDELITY': 0.9975, 'CCZ_GATE_DURATION': 1, 'QUBIT_DECAY': 100000000.0, 'QUBIT_DEPHASING': 1500000.0, 'SHUTTLING_FIDELITY': 1.0, 'SHUTTLING_SPEED': 0.55, 'TRAP_SWAP_DURATION': 20, 'TRAP_SWAP_FIDELITY': 1.0, 'INTERACTION_RADIUS': 2.0, 'RESTRICTION_RADIUS': 4.0, 'TRAP_TRANSFER_PROXIMITY': 1e-05, 'AOD_BEAM_PROXIMITY': 0.001}"
324,uuf50-09.cnf,50,218,22,0.20415425300598145,28420.131186912422,6.367133704416268e-06,1718,672,260,0.9775,"{'U3_GATE_FIDELITY': 0.999, 'U3_GATE_DURATION': 0.5, 'CZ_GATE_FIDELITY': 0.995, 'CZ_GATE_DURATION': 0.2, 'CCZ_GATE_FIDELITY': 0.9775, 'CCZ_GATE_DURATION': 1, 'QUBIT_DECAY': 100000000.0, 'QUBIT_DEPHASING': 1500000.0, 'SHUTTLING_FIDELITY': 1.0, 'SHUTTLING_SPEED': 0.55, 'TRAP_SWAP_DURATION': 20, 'TRAP_SWAP_FIDELITY': 1.0, 'INTERACTION_RADIUS': 2.0, 'RESTRICTION_RADIUS': 4.0, 'TRAP_TRANSFER_PROXIMITY': 1e-05, 'AOD_BEAM_PROXIMITY': 0.001}"
325,uuf50-09.cnf,50,218,22,0.20415425300598145,28420.131186912422,1.2369851107279995e-05,1718,672,260,0.98,"{'U3_GATE_FIDELITY': 0.999, 'U3_GATE_DURATION': 0.5, 'CZ_GATE_FIDELITY': 0.995, 'CZ_GATE_DURATION': 0.2, 'CCZ_GATE_FIDELITY': 0.98, 'CCZ_GATE_DURATION': 1, 'QUBIT_DECAY': 100000000.0, 'QUBIT_DEPHASING': 1500000.0, 'SHUTTLING_FIDELITY': 1.0, 'SHUTTLING_SPEED': 0.55, 'TRAP_SWAP_DURATION': 20, 'TRAP_SWAP_FIDELITY': 1.0, 'INTERACTION_RADIUS': 2.0, 'RESTRICTION_RADIUS': 4.0, 'TRAP_TRANSFER_PROXIMITY': 1e-05, 'AOD_BEAM_PROXIMITY': 0.001}"
326,uuf50-09.cnf,50,218,22,0.20415425300598145,28420.131186912422,2.3991099087918044e-05,1718,672,260,0.9825,"{'U3_GATE_FIDELITY': 0.999, 'U3_GATE_DURATION': 0.5, 'CZ_GATE_FIDELITY': 0.995, 'CZ_GATE_DURATION': 0.2, 'CCZ_GATE_FIDELITY': 0.9825, 'CCZ_GATE_DURATION': 1, 'QUBIT_DECAY': 100000000.0, 'QUBIT_DEPHASING': 1500000.0, 'SHUTTLING_FIDELITY': 1.0, 'SHUTTLING_SPEED': 0.55, 'TRAP_SWAP_DURATION': 20, 'TRAP_SWAP_FIDELITY': 1.0, 'INTERACTION_RADIUS': 2.0, 'RESTRICTION_RADIUS': 4.0, 'TRAP_TRANSFER_PROXIMITY': 1e-05, 'AOD_BEAM_PROXIMITY': 0.001}"
327,uuf50-09.cnf,50,218,22,0.20415425300598145,28420.131186912422,4.6452032530010886e-05,1718,672,260,0.985,"{'U3_GATE_FIDELITY': 0.999, 'U3_GATE_DURATION': 0.5, 'CZ_GATE_FIDELITY': 0.995, 'CZ_GATE_DURATION': 0.2, 'CCZ_GATE_FIDELITY': 0.985, 'CCZ_GATE_DURATION': 1, 'QUBIT_DECAY': 100000000.0, 'QUBIT_DEPHASING': 1500000.0, 'SHUTTLING_FIDELITY': 1.0, 'SHUTTLING_SPEED': 0.55, 'TRAP_SWAP_DURATION': 20, 'TRAP_SWAP_FIDELITY': 1.0, 'INTERACTION_RADIUS': 2.0, 'RESTRICTION_RADIUS': 4.0, 'TRAP_TRANSFER_PROXIMITY': 1e-05, 'AOD_BEAM_PROXIMITY': 0.001}"
328,uuf50-09.cnf,50,218,22,0.20415425300598145,28420.131186912422,8.97908142169391e-05,1718,672,260,0.9875,"{'U3_GATE_FIDELITY': 0.999, 'U3_GATE_DURATION': 0.5, 'CZ_GATE_FIDELITY': 0.995, 'CZ_GATE_DURATION': 0.2, 'CCZ_GATE_FIDELITY': 0.9875, 'CCZ_GATE_DURATION': 1, 'QUBIT_DECAY': 100000000.0, 'QUBIT_DEPHASING': 1500000.0, 'SHUTTLING_FIDELITY': 1.0, 'SHUTTLING_SPEED': 0.55, 'TRAP_SWAP_DURATION': 20, 'TRAP_SWAP_FIDELITY': 1.0, 'INTERACTION_RADIUS': 2.0, 'RESTRICTION_RADIUS': 4.0, 'TRAP_TRANSFER_PROXIMITY': 1e-05, 'AOD_BEAM_PROXIMITY': 0.001}"
329,uuf50-09.cnf,50,218,22,0.20415425300598145,28420.131186912422,0.00017327479251619897,1718,672,260,0.99,"{'U3_GATE_FIDELITY': 0.999, 'U3_GATE_DURATION': 0.5, 'CZ_GATE_FIDELITY': 0.995, 'CZ_GATE_DURATION': 0.2, 'CCZ_GATE_FIDELITY': 0.99, 'CCZ_GATE_DURATION': 1, 'QUBIT_DECAY': 100000000.0, 'QUBIT_DEPHASING': 1500000.0, 'SHUTTLING_FIDELITY': 1.0, 'SHUTTLING_SPEED': 0.55, 'TRAP_SWAP_DURATION': 20, 'TRAP_SWAP_FIDELITY': 1.0, 'INTERACTION_RADIUS': 2.0, 'RESTRICTION_RADIUS': 4.0, 'TRAP_TRANSFER_PROXIMITY': 1e-05, 'AOD_BEAM_PROXIMITY': 0.001}"
330,uuf50-09.cnf,50,218,22,0.20415425300598145,28420.131186912422,0.0003338249597116571,1718,672,260,0.9925,"{'U3_GATE_FIDELITY': 0.999, 'U3_GATE_DURATION': 0.5, 'CZ_GATE_FIDELITY': 0.995, 'CZ_GATE_DURATION': 0.2, 'CCZ_GATE_FIDELITY': 0.9925, 'CCZ_GATE_DURATION': 1, 'QUBIT_DECAY': 100000000.0, 'QUBIT_DEPHASING': 1500000.0, 'SHUTTLING_FIDELITY': 1.0, 'SHUTTLING_SPEED': 0.55, 'TRAP_SWAP_DURATION': 20, 'TRAP_SWAP_FIDELITY': 1.0, 'INTERACTION_RADIUS': 2.0, 'RESTRICTION_RADIUS': 4.0, 'TRAP_TRANSFER_PROXIMITY': 1e-05, 'AOD_BEAM_PROXIMITY': 0.001}"
331,uuf50-09.cnf,50,218,22,0.20415425300598145,28420.131186912422,0.0006420750377993603,1718,672,260,0.995,"{'U3_GATE_FIDELITY': 0.999, 'U3_GATE_DURATION': 0.5, 'CZ_GATE_FIDELITY': 0.995, 'CZ_GATE_DURATION': 0.2, 'CCZ_GATE_FIDELITY': 0.995, 'CCZ_GATE_DURATION': 1, 'QUBIT_DECAY': 100000000.0, 'QUBIT_DEPHASING': 1500000.0, 'SHUTTLING_FIDELITY': 1.0, 'SHUTTLING_SPEED': 0.55, 'TRAP_SWAP_DURATION': 20, 'TRAP_SWAP_FIDELITY': 1.0, 'INTERACTION_RADIUS': 2.0, 'RESTRICTION_RADIUS': 4.0, 'TRAP_TRANSFER_PROXIMITY': 1e-05, 'AOD_BEAM_PROXIMITY': 0.001}"
332,uuf50-09.cnf,50,218,22,0.20415425300598145,28420.131186912422,0.0012329342734979094,1718,672,260,0.9975,"{'U3_GATE_FIDELITY': 0.999, 'U3_GATE_DURATION': 0.5, 'CZ_GATE_FIDELITY': 0.995, 'CZ_GATE_DURATION': 0.2, 'CCZ_GATE_FIDELITY': 0.9975, 'CCZ_GATE_DURATION': 1, 'QUBIT_DECAY': 100000000.0, 'QUBIT_DEPHASING': 1500000.0, 'SHUTTLING_FIDELITY': 1.0, 'SHUTTLING_SPEED': 0.55, 'TRAP_SWAP_DURATION': 20, 'TRAP_SWAP_FIDELITY': 1.0, 'INTERACTION_RADIUS': 2.0, 'RESTRICTION_RADIUS': 4.0, 'TRAP_TRANSFER_PROXIMITY': 1e-05, 'AOD_BEAM_PROXIMITY': 0.001}"
333,uuf150-010.cnf,150,645,22,1.6720964908599854,100681.79178497034,2.7181470037545574e-21,5428,1686,1022,0.9775,"{'U3_GATE_FIDELITY': 0.999, 'U3_GATE_DURATION': 0.5, 'CZ_GATE_FIDELITY': 0.995, 'CZ_GATE_DURATION': 0.2, 'CCZ_GATE_FIDELITY': 0.9775, 'CCZ_GATE_DURATION': 1, 'QUBIT_DECAY': 100000000.0, 'QUBIT_DEPHASING': 1500000.0, 'SHUTTLING_FIDELITY': 1.0, 'SHUTTLING_SPEED': 0.55, 'TRAP_SWAP_DURATION': 20, 'TRAP_SWAP_FIDELITY': 1.0, 'INTERACTION_RADIUS': 2.0, 'RESTRICTION_RADIUS': 4.0, 'TRAP_TRANSFER_PROXIMITY': 1e-05, 'AOD_BEAM_PROXIMITY': 0.001}"
334,uuf150-010.cnf,150,645,22,1.6720964908599854,100681.79178497034,3.6981743070556394e-20,5428,1686,1022,0.98,"{'U3_GATE_FIDELITY': 0.999, 'U3_GATE_DURATION': 0.5, 'CZ_GATE_FIDELITY': 0.995, 'CZ_GATE_DURATION': 0.2, 'CCZ_GATE_FIDELITY': 0.98, 'CCZ_GATE_DURATION': 1, 'QUBIT_DECAY': 100000000.0, 'QUBIT_DEPHASING': 1500000.0, 'SHUTTLING_FIDELITY': 1.0, 'SHUTTLING_SPEED': 0.55, 'TRAP_SWAP_DURATION': 20, 'TRAP_SWAP_FIDELITY': 1.0, 'INTERACTION_RADIUS': 2.0, 'RESTRICTION_RADIUS': 4.0, 'TRAP_TRANSFER_PROXIMITY': 1e-05, 'AOD_BEAM_PROXIMITY': 0.001}"
335,uuf150-010.cnf,150,645,22,1.6720964908599854,100681.79178497034,4.99819695743418e-19,5428,1686,1022,0.9825,"{'U3_GATE_FIDELITY': 0.999, 'U3_GATE_DURATION': 0.5, 'CZ_GATE_FIDELITY': 0.995, 'CZ_GATE_DURATION': 0.2, 'CCZ_GATE_FIDELITY': 0.9825, 'CCZ_GATE_DURATION': 1, 'QUBIT_DECAY': 100000000.0, 'QUBIT_DEPHASING': 1500000.0, 'SHUTTLING_FIDELITY': 1.0, 'SHUTTLING_SPEED': 0.55, 'TRAP_SWAP_DURATION': 20, 'TRAP_SWAP_FIDELITY': 1.0, 'INTERACTION_RADIUS': 2.0, 'RESTRICTION_RADIUS': 4.0, 'TRAP_TRANSFER_PROXIMITY': 1e-05, 'AOD_BEAM_PROXIMITY': 0.001}"
336,uuf150-010.cnf,150,645,22,1.6720964908599854,100681.79178497034,6.710665443643292e-18,5428,1686,1022,0.985,"{'U3_GATE_FIDELITY': 0.999, 'U3_GATE_DURATION': 0.5, 'CZ_GATE_FIDELITY': 0.995, 'CZ_GATE_DURATION': 0.2, 'CCZ_GATE_FIDELITY': 0.985, 'CCZ_GATE_DURATION': 1, 'QUBIT_DECAY': 100000000.0, 'QUBIT_DEPHASING': 1500000.0, 'SHUTTLING_FIDELITY': 1.0, 'SHUTTLING_SPEED': 0.55, 'TRAP_SWAP_DURATION': 20, 'TRAP_SWAP_FIDELITY': 1.0, 'INTERACTION_RADIUS': 2.0, 'RESTRICTION_RADIUS': 4.0, 'TRAP_TRANSFER_PROXIMITY': 1e-05, 'AOD_BEAM_PROXIMITY': 0.001}"
337,uuf150-010.cnf,150,645,22,1.6720964908599854,100681.79178497034,8.950733206627703e-17,5428,1686,1022,0.9875,"{'U3_GATE_FIDELITY': 0.999, 'U3_GATE_DURATION': 0.5, 'CZ_GATE_FIDELITY': 0.995, 'CZ_GATE_DURATION': 0.2, 'CCZ_GATE_FIDELITY': 0.9875, 'CCZ_GATE_DURATION': 1, 'QUBIT_DECAY': 100000000.0, 'QUBIT_DEPHASING': 1500000.0, 'SHUTTLING_FIDELITY': 1.0, 'SHUTTLING_SPEED': 0.55, 'TRAP_SWAP_DURATION': 20, 'TRAP_SWAP_FIDELITY': 1.0, 'INTERACTION_RADIUS': 2.0, 'RESTRICTION_RADIUS': 4.0, 'TRAP_TRANSFER_PROXIMITY': 1e-05, 'AOD_BEAM_PROXIMITY': 0.001}"
338,uuf150-010.cnf,150,645,22,1.6720964908599854,100681.79178497034,1.1860606512524905e-15,5428,1686,1022,0.99,"{'U3_GATE_FIDELITY': 0.999, 'U3_GATE_DURATION': 0.5, 'CZ_GATE_FIDELITY': 0.995, 'CZ_GATE_DURATION': 0.2, 'CCZ_GATE_FIDELITY': 0.99, 'CCZ_GATE_DURATION': 1, 'QUBIT_DECAY': 100000000.0, 'QUBIT_DEPHASING': 1500000.0, 'SHUTTLING_FIDELITY': 1.0, 'SHUTTLING_SPEED': 0.55, 'TRAP_SWAP_DURATION': 20, 'TRAP_SWAP_FIDELITY': 1.0, 'INTERACTION_RADIUS': 2.0, 'RESTRICTION_RADIUS': 4.0, 'TRAP_TRANSFER_PROXIMITY': 1e-05, 'AOD_BEAM_PROXIMITY': 0.001}"
339,uuf150-010.cnf,150,645,22,1.6720964908599854,100681.79178497034,1.5614381784695886e-14,5428,1686,1022,0.9925,"{'U3_GATE_FIDELITY': 0.999, 'U3_GATE_DURATION': 0.5, 'CZ_GATE_FIDELITY': 0.995, 'CZ_GATE_DURATION': 0.2, 'CCZ_GATE_FIDELITY': 0.9925, 'CCZ_GATE_DURATION': 1, 'QUBIT_DECAY': 100000000.0, 'QUBIT_DEPHASING': 1500000.0, 'SHUTTLING_FIDELITY': 1.0, 'SHUTTLING_SPEED': 0.55, 'TRAP_SWAP_DURATION': 20, 'TRAP_SWAP_FIDELITY': 1.0, 'INTERACTION_RADIUS': 2.0, 'RESTRICTION_RADIUS': 4.0, 'TRAP_TRANSFER_PROXIMITY': 1e-05, 'AOD_BEAM_PROXIMITY': 0.001}"
340,uuf150-010.cnf,150,645,22,1.6720964908599854,100681.79178497034,2.0423329374407096e-13,5428,1686,1022,0.995,"{'U3_GATE_FIDELITY': 0.999, 'U3_GATE_DURATION': 0.5, 'CZ_GATE_FIDELITY': 0.995, 'CZ_GATE_DURATION': 0.2, 'CCZ_GATE_FIDELITY': 0.995, 'CCZ_GATE_DURATION': 1, 'QUBIT_DECAY': 100000000.0, 'QUBIT_DEPHASING': 1500000.0, 'SHUTTLING_FIDELITY': 1.0, 'SHUTTLING_SPEED': 0.55, 'TRAP_SWAP_DURATION': 20, 'TRAP_SWAP_FIDELITY': 1.0, 'INTERACTION_RADIUS': 2.0, 'RESTRICTION_RADIUS': 4.0, 'TRAP_TRANSFER_PROXIMITY': 1e-05, 'AOD_BEAM_PROXIMITY': 0.001}"
341,uuf150-010.cnf,150,645,22,1.6720964908599854,100681.79178497034,2.6541549531995617e-12,5428,1686,1022,0.9975,"{'U3_GATE_FIDELITY': 0.999, 'U3_GATE_DURATION': 0.5, 'CZ_GATE_FIDELITY': 0.995, 'CZ_GATE_DURATION': 0.2, 'CCZ_GATE_FIDELITY': 0.9975, 'CCZ_GATE_DURATION': 1, 'QUBIT_DECAY': 100000000.0, 'QUBIT_DEPHASING': 1500000.0, 'SHUTTLING_FIDELITY': 1.0, 'SHUTTLING_SPEED': 0.55, 'TRAP_SWAP_DURATION': 20, 'TRAP_SWAP_FIDELITY': 1.0, 'INTERACTION_RADIUS': 2.0, 'RESTRICTION_RADIUS': 4.0, 'TRAP_TRANSFER_PROXIMITY': 1e-05, 'AOD_BEAM_PROXIMITY': 0.001}"
342,uuf250-04.cnf,250,1065,22,4.138933420181274,197848.66860495703,2.202543704265284e-41,9055,3120,1558,0.9775,"{'U3_GATE_FIDELITY': 0.999, 'U3_GATE_DURATION': 0.5, 'CZ_GATE_FIDELITY': 0.995, 'CZ_GATE_DURATION': 0.2, 'CCZ_GATE_FIDELITY': 0.9775, 'CCZ_GATE_DURATION': 1, 'QUBIT_DECAY': 100000000.0, 'QUBIT_DEPHASING': 1500000.0, 'SHUTTLING_FIDELITY': 1.0, 'SHUTTLING_SPEED': 0.55, 'TRAP_SWAP_DURATION': 20, 'TRAP_SWAP_FIDELITY': 1.0, 'INTERACTION_RADIUS': 2.0, 'RESTRICTION_RADIUS': 4.0, 'TRAP_TRANSFER_PROXIMITY': 1e-05, 'AOD_BEAM_PROXIMITY': 0.001}"
343,uuf250-04.cnf,250,1065,22,4.138933420181274,197848.66860495703,1.1782268890749387e-39,9055,3120,1558,0.98,"{'U3_GATE_FIDELITY': 0.999, 'U3_GATE_DURATION': 0.5, 'CZ_GATE_FIDELITY': 0.995, 'CZ_GATE_DURATION': 0.2, 'CCZ_GATE_FIDELITY': 0.98, 'CCZ_GATE_DURATION': 1, 'QUBIT_DECAY': 100000000.0, 'QUBIT_DEPHASING': 1500000.0, 'SHUTTLING_FIDELITY': 1.0, 'SHUTTLING_SPEED': 0.55, 'TRAP_SWAP_DURATION': 20, 'TRAP_SWAP_FIDELITY': 1.0, 'INTERACTION_RADIUS': 2.0, 'RESTRICTION_RADIUS': 4.0, 'TRAP_TRANSFER_PROXIMITY': 1e-05, 'AOD_BEAM_PROXIMITY': 0.001}"
344,uuf250-04.cnf,250,1065,22,4.138933420181274,197848.66860495703,6.239215652615232e-38,9055,3120,1558,0.9825,"{'U3_GATE_FIDELITY': 0.999, 'U3_GATE_DURATION': 0.5, 'CZ_GATE_FIDELITY': 0.995, 'CZ_GATE_DURATION': 0.2, 'CCZ_GATE_FIDELITY': 0.9825, 'CCZ_GATE_DURATION': 1, 'QUBIT_DECAY': 100000000.0, 'QUBIT_DEPHASING': 1500000.0, 'SHUTTLING_FIDELITY': 1.0, 'SHUTTLING_SPEED': 0.55, 'TRAP_SWAP_DURATION': 20, 'TRAP_SWAP_FIDELITY': 1.0, 'INTERACTION_RADIUS': 2.0, 'RESTRICTION_RADIUS': 4.0, 'TRAP_TRANSFER_PROXIMITY': 1e-05, 'AOD_BEAM_PROXIMITY': 0.001}"
345,uuf250-04.cnf,250,1065,22,4.138933420181274,197848.66860495703,3.27077083232161e-36,9055,3120,1558,0.985,"{'U3_GATE_FIDELITY': 0.999, 'U3_GATE_DURATION': 0.5, 'CZ_GATE_FIDELITY': 0.995, 'CZ_GATE_DURATION': 0.2, 'CCZ_GATE_FIDELITY': 0.985, 'CCZ_GATE_DURATION': 1, 'QUBIT_DECAY': 100000000.0, 'QUBIT_DEPHASING': 1500000.0, 'SHUTTLING_FIDELITY': 1.0, 'SHUTTLING_SPEED': 0.55, 'TRAP_SWAP_DURATION': 20, 'TRAP_SWAP_FIDELITY': 1.0, 'INTERACTION_RADIUS': 2.0, 'RESTRICTION_RADIUS': 4.0, 'TRAP_TRANSFER_PROXIMITY': 1e-05, 'AOD_BEAM_PROXIMITY': 0.001}"
346,uuf250-04.cnf,250,1065,22,4.138933420181274,197848.66860495703,1.6975067034348595e-34,9055,3120,1558,0.9875,"{'U3_GATE_FIDELITY': 0.999, 'U3_GATE_DURATION': 0.5, 'CZ_GATE_FIDELITY': 0.995, 'CZ_GATE_DURATION': 0.2, 'CCZ_GATE_FIDELITY': 0.9875, 'CCZ_GATE_DURATION': 1, 'QUBIT_DECAY': 100000000.0, 'QUBIT_DEPHASING': 1500000.0, 'SHUTTLING_FIDELITY': 1.0, 'SHUTTLING_SPEED': 0.55, 'TRAP_SWAP_DURATION': 20, 'TRAP_SWAP_FIDELITY': 1.0, 'INTERACTION_RADIUS': 2.0, 'RESTRICTION_RADIUS': 4.0, 'TRAP_TRANSFER_PROXIMITY': 1e-05, 'AOD_BEAM_PROXIMITY': 0.001}"
347,uuf250-04.cnf,250,1065,22,4.138933420181274,197848.66860495703,8.722403712044129e-33,9055,3120,1558,0.99,"{'U3_GATE_FIDELITY': 0.999, 'U3_GATE_DURATION': 0.5, 'CZ_GATE_FIDELITY': 0.995, 'CZ_GATE_DURATION': 0.2, 'CCZ_GATE_FIDELITY': 0.99, 'CCZ_GATE_DURATION': 1, 'QUBIT_DECAY': 100000000.0, 'QUBIT_DEPHASING': 1500000.0, 'SHUTTLING_FIDELITY': 1.0, 'SHUTTLING_SPEED': 0.55, 'TRAP_SWAP_DURATION': 20, 'TRAP_SWAP_FIDELITY': 1.0, 'INTERACTION_RADIUS': 2.0, 'RESTRICTION_RADIUS': 4.0, 'TRAP_TRANSFER_PROXIMITY': 1e-05, 'AOD_BEAM_PROXIMITY': 0.001}"
348,uuf250-04.cnf,250,1065,22,4.138933420181274,197848.66860495703,4.437578501659747e-31,9055,3120,1558,0.9925,"{'U3_GATE_FIDELITY': 0.999, 'U3_GATE_DURATION': 0.5, 'CZ_GATE_FIDELITY': 0.995, 'CZ_GATE_DURATION': 0.2, 'CCZ_GATE_FIDELITY': 0.9925, 'CCZ_GATE_DURATION': 1, 'QUBIT_DECAY': 100000000.0, 'QUBIT_DEPHASING': 1500000.0, 'SHUTTLING_FIDELITY': 1.0, 'SHUTTLING_SPEED': 0.55, 'TRAP_SWAP_DURATION': 20, 'TRAP_SWAP_FIDELITY': 1.0, 'INTERACTION_RADIUS': 2.0, 'RESTRICTION_RADIUS': 4.0, 'TRAP_TRANSFER_PROXIMITY': 1e-05, 'AOD_BEAM_PROXIMITY': 0.001}"
349,uuf250-04.cnf,250,1065,22,4.138933420181274,197848.66860495703,2.2354388934228435e-29,9055,3120,1558,0.995,"{'U3_GATE_FIDELITY': 0.999, 'U3_GATE_DURATION': 0.5, 'CZ_GATE_FIDELITY': 0.995, 'CZ_GATE_DURATION': 0.2, 'CCZ_GATE_FIDELITY': 0.995, 'CCZ_GATE_DURATION': 1, 'QUBIT_DECAY': 100000000.0, 'QUBIT_DEPHASING': 1500000.0, 'SHUTTLING_FIDELITY': 1.0, 'SHUTTLING_SPEED': 0.55, 'TRAP_SWAP_DURATION': 20, 'TRAP_SWAP_FIDELITY': 1.0, 'INTERACTION_RADIUS': 2.0, 'RESTRICTION_RADIUS': 4.0, 'TRAP_TRANSFER_PROXIMITY': 1e-05, 'AOD_BEAM_PROXIMITY': 0.001}"
350,uuf250-04.cnf,250,1065,22,4.138933420181274,197848.66860495703,1.1150850465637222e-27,9055,3120,1558,0.9975,"{'U3_GATE_FIDELITY': 0.999, 'U3_GATE_DURATION': 0.5, 'CZ_GATE_FIDELITY': 0.995, 'CZ_GATE_DURATION': 0.2, 'CCZ_GATE_FIDELITY': 0.9975, 'CCZ_GATE_DURATION': 1, 'QUBIT_DECAY': 100000000.0, 'QUBIT_DEPHASING': 1500000.0, 'SHUTTLING_FIDELITY': 1.0, 'SHUTTLING_SPEED': 0.55, 'TRAP_SWAP_DURATION': 20, 'TRAP_SWAP_FIDELITY': 1.0, 'INTERACTION_RADIUS': 2.0, 'RESTRICTION_RADIUS': 4.0, 'TRAP_TRANSFER_PROXIMITY': 1e-05, 'AOD_BEAM_PROXIMITY': 0.001}"
351,uuf150-04.cnf,150,645,25,1.677053689956665,105564.08438894796,1.5659585888288647e-21,5443,1676,1026,0.9775,"{'U3_GATE_FIDELITY': 0.999, 'U3_GATE_DURATION': 0.5, 'CZ_GATE_FIDELITY': 0.995, 'CZ_GATE_DURATION': 0.2, 'CCZ_GATE_FIDELITY': 0.9775, 'CCZ_GATE_DURATION': 1, 'QUBIT_DECAY': 100000000.0, 'QUBIT_DEPHASING': 1500000.0, 'SHUTTLING_FIDELITY': 1.0, 'SHUTTLING_SPEED': 0.55, 'TRAP_SWAP_DURATION': 20, 'TRAP_SWAP_FIDELITY': 1.0, 'INTERACTION_RADIUS': 2.0, 'RESTRICTION_RADIUS': 4.0, 'TRAP_TRANSFER_PROXIMITY': 1e-05, 'AOD_BEAM_PROXIMITY': 0.001}"
352,uuf150-04.cnf,150,645,25,1.677053689956665,105564.08438894796,2.1524444296662507e-20,5443,1676,1026,0.98,"{'U3_GATE_FIDELITY': 0.999, 'U3_GATE_DURATION': 0.5, 'CZ_GATE_FIDELITY': 0.995, 'CZ_GATE_DURATION': 0.2, 'CCZ_GATE_FIDELITY': 0.98, 'CCZ_GATE_DURATION': 1, 'QUBIT_DECAY': 100000000.0, 'QUBIT_DEPHASING': 1500000.0, 'SHUTTLING_FIDELITY': 1.0, 'SHUTTLING_SPEED': 0.55, 'TRAP_SWAP_DURATION': 20, 'TRAP_SWAP_FIDELITY': 1.0, 'INTERACTION_RADIUS': 2.0, 'RESTRICTION_RADIUS': 4.0, 'TRAP_TRANSFER_PROXIMITY': 1e-05, 'AOD_BEAM_PROXIMITY': 0.001}"
353,uuf150-04.cnf,150,645,25,1.677053689956665,105564.08438894796,2.9388936476132815e-19,5443,1676,1026,0.9825,"{'U3_GATE_FIDELITY': 0.999, 'U3_GATE_DURATION': 0.5, 'CZ_GATE_FIDELITY': 0.995, 'CZ_GATE_DURATION': 0.2, 'CCZ_GATE_FIDELITY': 0.9825, 'CCZ_GATE_DURATION': 1, 'QUBIT_DECAY': 100000000.0, 'QUBIT_DEPHASING': 1500000.0, 'SHUTTLING_FIDELITY': 1.0, 'SHUTTLING_SPEED': 0.55, 'TRAP_SWAP_DURATION': 20, 'TRAP_SWAP_FIDELITY': 1.0, 'INTERACTION_RADIUS': 2.0, 'RESTRICTION_RADIUS': 4.0, 'TRAP_TRANSFER_PROXIMITY': 1e-05, 'AOD_BEAM_PROXIMITY': 0.001}"
354,uuf150-04.cnf,150,645,25,1.677053689956665,105564.08438894796,3.986123756163306e-18,5443,1676,1026,0.985,"{'U3_GATE_FIDELITY': 0.999, 'U3_GATE_DURATION': 0.5, 'CZ_GATE_FIDELITY': 0.995, 'CZ_GATE_DURATION': 0.2, 'CCZ_GATE_FIDELITY': 0.985, 'CCZ_GATE_DURATION': 1, 'QUBIT_DECAY': 100000000.0, 'QUBIT_DEPHASING': 1500000.0, 'SHUTTLING_FIDELITY': 1.0, 'SHUTTLING_SPEED': 0.55, 'TRAP_SWAP_DURATION': 20, 'TRAP_SWAP_FIDELITY': 1.0, 'INTERACTION_RADIUS': 2.0, 'RESTRICTION_RADIUS': 4.0, 'TRAP_TRANSFER_PROXIMITY': 1e-05, 'AOD_BEAM_PROXIMITY': 0.001}"
355,uuf150-04.cnf,150,645,25,1.677053689956665,105564.08438894796,5.370902860811647e-17,5443,1676,1026,0.9875,"{'U3_GATE_FIDELITY': 0.999, 'U3_GATE_DURATION': 0.5, 'CZ_GATE_FIDELITY': 0.995, 'CZ_GATE_DURATION': 0.2, 'CCZ_GATE_FIDELITY': 0.9875, 'CCZ_GATE_DURATION': 1, 'QUBIT_DECAY': 100000000.0, 'QUBIT_DEPHASING': 1500000.0, 'SHUTTLING_FIDELITY': 1.0, 'SHUTTLING_SPEED': 0.55, 'TRAP_SWAP_DURATION': 20, 'TRAP_SWAP_FIDELITY': 1.0, 'INTERACTION_RADIUS': 2.0, 'RESTRICTION_RADIUS': 4.0, 'TRAP_TRANSFER_PROXIMITY': 1e-05, 'AOD_BEAM_PROXIMITY': 0.001}"
356,uuf150-04.cnf,150,645,25,1.677053689956665,105564.08438894796,7.189322149496515e-16,5443,1676,1026,0.99,"{'U3_GATE_FIDELITY': 0.999, 'U3_GATE_DURATION': 0.5, 'CZ_GATE_FIDELITY': 0.995, 'CZ_GATE_DURATION': 0.2, 'CCZ_GATE_FIDELITY': 0.99, 'CCZ_GATE_DURATION': 1, 'QUBIT_DECAY': 100000000.0, 'QUBIT_DEPHASING': 1500000.0, 'SHUTTLING_FIDELITY': 1.0, 'SHUTTLING_SPEED': 0.55, 'TRAP_SWAP_DURATION': 20, 'TRAP_SWAP_FIDELITY': 1.0, 'INTERACTION_RADIUS': 2.0, 'RESTRICTION_RADIUS': 4.0, 'TRAP_TRANSFER_PROXIMITY': 1e-05, 'AOD_BEAM_PROXIMITY': 0.001}"
357,uuf150-04.cnf,150,645,25,1.677053689956665,105564.08438894796,9.560643489465959e-15,5443,1676,1026,0.9925,"{'U3_GATE_FIDELITY': 0.999, 'U3_GATE_DURATION': 0.5, 'CZ_GATE_FIDELITY': 0.995, 'CZ_GATE_DURATION': 0.2, 'CCZ_GATE_FIDELITY': 0.9925, 'CCZ_GATE_DURATION': 1, 'QUBIT_DECAY': 100000000.0, 'QUBIT_DEPHASING': 1500000.0, 'SHUTTLING_FIDELITY': 1.0, 'SHUTTLING_SPEED': 0.55, 'TRAP_SWAP_DURATION': 20, 'TRAP_SWAP_FIDELITY': 1.0, 'INTERACTION_RADIUS': 2.0, 'RESTRICTION_RADIUS': 4.0, 'TRAP_TRANSFER_PROXIMITY': 1e-05, 'AOD_BEAM_PROXIMITY': 0.001}"
358,uuf150-04.cnf,150,645,25,1.677053689956665,105564.08438894796,1.263162233714022e-13,5443,1676,1026,0.995,"{'U3_GATE_FIDELITY': 0.999, 'U3_GATE_DURATION': 0.5, 'CZ_GATE_FIDELITY': 0.995, 'CZ_GATE_DURATION': 0.2, 'CCZ_GATE_FIDELITY': 0.995, 'CCZ_GATE_DURATION': 1, 'QUBIT_DECAY': 100000000.0, 'QUBIT_DEPHASING': 1500000.0, 'SHUTTLING_FIDELITY': 1.0, 'SHUTTLING_SPEED': 0.55, 'TRAP_SWAP_DURATION': 20, 'TRAP_SWAP_FIDELITY': 1.0, 'INTERACTION_RADIUS': 2.0, 'RESTRICTION_RADIUS': 4.0, 'TRAP_TRANSFER_PROXIMITY': 1e-05, 'AOD_BEAM_PROXIMITY': 0.001}"
359,uuf150-04.cnf,150,645,25,1.677053689956665,105564.08438894796,1.6581284065586175e-12,5443,1676,1026,0.9975,"{'U3_GATE_FIDELITY': 0.999, 'U3_GATE_DURATION': 0.5, 'CZ_GATE_FIDELITY': 0.995, 'CZ_GATE_DURATION': 0.2, 'CCZ_GATE_FIDELITY': 0.9975, 'CCZ_GATE_DURATION': 1, 'QUBIT_DECAY': 100000000.0, 'QUBIT_DEPHASING': 1500000.0, 'SHUTTLING_FIDELITY': 1.0, 'SHUTTLING_SPEED': 0.55, 'TRAP_SWAP_DURATION': 20, 'TRAP_SWAP_FIDELITY': 1.0, 'INTERACTION_RADIUS': 2.0, 'RESTRICTION_RADIUS': 4.0, 'TRAP_TRANSFER_PROXIMITY': 1e-05, 'AOD_BEAM_PROXIMITY': 0.001}"
360,uuf50-04.cnf,50,218,21,0.19749736785888672,27513.322626005167,3.1716684017994577e-06,1701,530,324,0.9775,"{'U3_GATE_FIDELITY': 0.999, 'U3_GATE_DURATION': 0.5, 'CZ_GATE_FIDELITY': 0.995, 'CZ_GATE_DURATION': 0.2, 'CCZ_GATE_FIDELITY': 0.9775, 'CCZ_GATE_DURATION': 1, 'QUBIT_DECAY': 100000000.0, 'QUBIT_DEPHASING': 1500000.0, 'SHUTTLING_FIDELITY': 1.0, 'SHUTTLING_SPEED': 0.55, 'TRAP_SWAP_DURATION': 20, 'TRAP_SWAP_FIDELITY': 1.0, 'INTERACTION_RADIUS': 2.0, 'RESTRICTION_RADIUS': 4.0, 'TRAP_TRANSFER_PROXIMITY': 1e-05, 'AOD_BEAM_PROXIMITY': 0.001}"
361,uuf50-04.cnf,50,218,21,0.19749736785888672,27513.322626005167,7.256113943250169e-06,1701,530,324,0.98,"{'U3_GATE_FIDELITY': 0.999, 'U3_GATE_DURATION': 0.5, 'CZ_GATE_FIDELITY': 0.995, 'CZ_GATE_DURATION': 0.2, 'CCZ_GATE_FIDELITY': 0.98, 'CCZ_GATE_DURATION': 1, 'QUBIT_DECAY': 100000000.0, 'QUBIT_DEPHASING': 1500000.0, 'SHUTTLING_FIDELITY': 1.0, 'SHUTTLING_SPEED': 0.55, 'TRAP_SWAP_DURATION': 20, 'TRAP_SWAP_FIDELITY': 1.0, 'INTERACTION_RADIUS': 2.0, 'RESTRICTION_RADIUS': 4.0, 'TRAP_TRANSFER_PROXIMITY': 1e-05, 'AOD_BEAM_PROXIMITY': 0.001}"
362,uuf50-04.cnf,50,218,21,0.19749736785888672,27513.322626005167,1.6565505799837423e-05,1701,530,324,0.9825,"{'U3_GATE_FIDELITY': 0.999, 'U3_GATE_DURATION': 0.5, 'CZ_GATE_FIDELITY': 0.995, 'CZ_GATE_DURATION': 0.2, 'CCZ_GATE_FIDELITY': 0.9825, 'CCZ_GATE_DURATION': 1, 'QUBIT_DECAY': 100000000.0, 'QUBIT_DEPHASING': 1500000.0, 'SHUTTLING_FIDELITY': 1.0, 'SHUTTLING_SPEED': 0.55, 'TRAP_SWAP_DURATION': 20, 'TRAP_SWAP_FIDELITY': 1.0, 'INTERACTION_RADIUS': 2.0, 'RESTRICTION_RADIUS': 4.0, 'TRAP_TRANSFER_PROXIMITY': 1e-05, 'AOD_BEAM_PROXIMITY': 0.001}"
363,uuf50-04.cnf,50,218,21,0.19749736785888672,27513.322626005167,3.773933564916713e-05,1701,530,324,0.985,"{'U3_GATE_FIDELITY': 0.999, 'U3_GATE_DURATION': 0.5, 'CZ_GATE_FIDELITY': 0.995, 'CZ_GATE_DURATION': 0.2, 'CCZ_GATE_FIDELITY': 0.985, 'CCZ_GATE_DURATION': 1, 'QUBIT_DECAY': 100000000.0, 'QUBIT_DEPHASING': 1500000.0, 'SHUTTLING_FIDELITY': 1.0, 'SHUTTLING_SPEED': 0.55, 'TRAP_SWAP_DURATION': 20, 'TRAP_SWAP_FIDELITY': 1.0, 'INTERACTION_RADIUS': 2.0, 'RESTRICTION_RADIUS': 4.0, 'TRAP_TRANSFER_PROXIMITY': 1e-05, 'AOD_BEAM_PROXIMITY': 0.001}"
364,uuf50-04.cnf,50,218,21,0.19749736785888672,27513.322626005167,8.579803909462143e-05,1701,530,324,0.9875,"{'U3_GATE_FIDELITY': 0.999, 'U3_GATE_DURATION': 0.5, 'CZ_GATE_FIDELITY': 0.995, 'CZ_GATE_DURATION': 0.2, 'CCZ_GATE_FIDELITY': 0.9875, 'CCZ_GATE_DURATION': 1, 'QUBIT_DECAY': 100000000.0, 'QUBIT_DEPHASING': 1500000.0, 'SHUTTLING_FIDELITY': 1.0, 'SHUTTLING_SPEED': 0.55, 'TRAP_SWAP_DURATION': 20, 'TRAP_SWAP_FIDELITY': 1.0, 'INTERACTION_RADIUS': 2.0, 'RESTRICTION_RADIUS': 4.0, 'TRAP_TRANSFER_PROXIMITY': 1e-05, 'AOD_BEAM_PROXIMITY': 0.001}"
365,uuf50-04.cnf,50,218,21,0.19749736785888672,27513.322626005167,0.00019465188739188903,1701,530,324,0.99,"{'U3_GATE_FIDELITY': 0.999, 'U3_GATE_DURATION': 0.5, 'CZ_GATE_FIDELITY': 0.995, 'CZ_GATE_DURATION': 0.2, 'CCZ_GATE_FIDELITY': 0.99, 'CCZ_GATE_DURATION': 1, 'QUBIT_DECAY': 100000000.0, 'QUBIT_DEPHASING': 1500000.0, 'SHUTTLING_FIDELITY': 1.0, 'SHUTTLING_SPEED': 0.55, 'TRAP_SWAP_DURATION': 20, 'TRAP_SWAP_FIDELITY': 1.0, 'INTERACTION_RADIUS': 2.0, 'RESTRICTION_RADIUS': 4.0, 'TRAP_TRANSFER_PROXIMITY': 1e-05, 'AOD_BEAM_PROXIMITY': 0.001}"
366,uuf50-04.cnf,50,218,21,0.19749736785888672,27513.322626005167,0.000440699512892786,1701,530,324,0.9925,"{'U3_GATE_FIDELITY': 0.999, 'U3_GATE_DURATION': 0.5, 'CZ_GATE_FIDELITY': 0.995, 'CZ_GATE_DURATION': 0.2, 'CCZ_GATE_FIDELITY': 0.9925, 'CCZ_GATE_DURATION': 1, 'QUBIT_DECAY': 100000000.0, 'QUBIT_DEPHASING': 1500000.0, 'SHUTTLING_FIDELITY': 1.0, 'SHUTTLING_SPEED': 0.55, 'TRAP_SWAP_DURATION': 20, 'TRAP_SWAP_FIDELITY': 1.0, 'INTERACTION_RADIUS': 2.0, 'RESTRICTION_RADIUS': 4.0, 'TRAP_TRANSFER_PROXIMITY': 1e-05, 'AOD_BEAM_PROXIMITY': 0.001}"
367,uuf50-04.cnf,50,218,21,0.19749736785888672,27513.322626005167,0.000995711977006789,1701,530,324,0.995,"{'U3_GATE_FIDELITY': 0.999, 'U3_GATE_DURATION': 0.5, 'CZ_GATE_FIDELITY': 0.995, 'CZ_GATE_DURATION': 0.2, 'CCZ_GATE_FIDELITY': 0.995, 'CCZ_GATE_DURATION': 1, 'QUBIT_DECAY': 100000000.0, 'QUBIT_DEPHASING': 1500000.0, 'SHUTTLING_FIDELITY': 1.0, 'SHUTTLING_SPEED': 0.55, 'TRAP_SWAP_DURATION': 20, 'TRAP_SWAP_FIDELITY': 1.0, 'INTERACTION_RADIUS': 2.0, 'RESTRICTION_RADIUS': 4.0, 'TRAP_TRANSFER_PROXIMITY': 1e-05, 'AOD_BEAM_PROXIMITY': 0.001}"
368,uuf50-04.cnf,50,218,21,0.19749736785888672,27513.322626005167,0.002245104610532695,1701,530,324,0.9975,"{'U3_GATE_FIDELITY': 0.999, 'U3_GATE_DURATION': 0.5, 'CZ_GATE_FIDELITY': 0.995, 'CZ_GATE_DURATION': 0.2, 'CCZ_GATE_FIDELITY': 0.9975, 'CCZ_GATE_DURATION': 1, 'QUBIT_DECAY': 100000000.0, 'QUBIT_DEPHASING': 1500000.0, 'SHUTTLING_FIDELITY': 1.0, 'SHUTTLING_SPEED': 0.55, 'TRAP_SWAP_DURATION': 20, 'TRAP_SWAP_FIDELITY': 1.0, 'INTERACTION_RADIUS': 2.0, 'RESTRICTION_RADIUS': 4.0, 'TRAP_TRANSFER_PROXIMITY': 1e-05, 'AOD_BEAM_PROXIMITY': 0.001}"
369,uuf150-03.cnf,150,645,22,1.5496065616607666,99174.58530724517,2.51178492300423e-21,5437,1676,1034,0.9775,"{'U3_GATE_FIDELITY': 0.999, 'U3_GATE_DURATION': 0.5, 'CZ_GATE_FIDELITY': 0.995, 'CZ_GATE_DURATION': 0.2, 'CCZ_GATE_FIDELITY': 0.9775, 'CCZ_GATE_DURATION': 1, 'QUBIT_DECAY': 100000000.0, 'QUBIT_DEPHASING': 1500000.0, 'SHUTTLING_FIDELITY': 1.0, 'SHUTTLING_SPEED': 0.55, 'TRAP_SWAP_DURATION': 20, 'TRAP_SWAP_FIDELITY': 1.0, 'INTERACTION_RADIUS': 2.0, 'RESTRICTION_RADIUS': 4.0, 'TRAP_TRANSFER_PROXIMITY': 1e-05, 'AOD_BEAM_PROXIMITY': 0.001}"
370,uuf150-03.cnf,150,645,22,1.5496065616607666,99174.58530724517,3.523778497199423e-20,5437,1676,1034,0.98,"{'U3_GATE_FIDELITY': 0.999, 'U3_GATE_DURATION': 0.5, 'CZ_GATE_FIDELITY': 0.995, 'CZ_GATE_DURATION': 0.2, 'CCZ_GATE_FIDELITY': 0.98, 'CCZ_GATE_DURATION': 1, 'QUBIT_DECAY': 100000000.0, 'QUBIT_DEPHASING': 1500000.0, 'SHUTTLING_FIDELITY': 1.0, 'SHUTTLING_SPEED': 0.55, 'TRAP_SWAP_DURATION': 20, 'TRAP_SWAP_FIDELITY': 1.0, 'INTERACTION_RADIUS': 2.0, 'RESTRICTION_RADIUS': 4.0, 'TRAP_TRANSFER_PROXIMITY': 1e-05, 'AOD_BEAM_PROXIMITY': 0.001}"
371,uuf150-03.cnf,150,645,22,1.5496065616607666,99174.58530724517,4.910349335705295e-19,5437,1676,1034,0.9825,"{'U3_GATE_FIDELITY': 0.999, 'U3_GATE_DURATION': 0.5, 'CZ_GATE_FIDELITY': 0.995, 'CZ_GATE_DURATION': 0.2, 'CCZ_GATE_FIDELITY': 0.9825, 'CCZ_GATE_DURATION': 1, 'QUBIT_DECAY': 100000000.0, 'QUBIT_DEPHASING': 1500000.0, 'SHUTTLING_FIDELITY': 1.0, 'SHUTTLING_SPEED': 0.55, 'TRAP_SWAP_DURATION': 20, 'TRAP_SWAP_FIDELITY': 1.0, 'INTERACTION_RADIUS': 2.0, 'RESTRICTION_RADIUS': 4.0, 'TRAP_TRANSFER_PROXIMITY': 1e-05, 'AOD_BEAM_PROXIMITY': 0.001}"
372,uuf150-03.cnf,150,645,22,1.5496065616607666,99174.58530724517,6.796865400109842e-18,5437,1676,1034,0.985,"{'U3_GATE_FIDELITY': 0.999, 'U3_GATE_DURATION': 0.5, 'CZ_GATE_FIDELITY': 0.995, 'CZ_GATE_DURATION': 0.2, 'CCZ_GATE_FIDELITY': 0.985, 'CCZ_GATE_DURATION': 1, 'QUBIT_DECAY': 100000000.0, 'QUBIT_DEPHASING': 1500000.0, 'SHUTTLING_FIDELITY': 1.0, 'SHUTTLING_SPEED': 0.55, 'TRAP_SWAP_DURATION': 20, 'TRAP_SWAP_FIDELITY': 1.0, 'INTERACTION_RADIUS': 2.0, 'RESTRICTION_RADIUS': 4.0, 'TRAP_TRANSFER_PROXIMITY': 1e-05, 'AOD_BEAM_PROXIMITY': 0.001}"
373,uuf150-03.cnf,150,645,22,1.5496065616607666,99174.58530724517,9.345707397718955e-17,5437,1676,1034,0.9875,"{'U3_GATE_FIDELITY': 0.999, 'U3_GATE_DURATION': 0.5, 'CZ_GATE_FIDELITY': 0.995, 'CZ_GATE_DURATION': 0.2, 'CCZ_GATE_FIDELITY': 0.9875, 'CCZ_GATE_DURATION': 1, 'QUBIT_DECAY': 100000000.0, 'QUBIT_DEPHASING': 1500000.0, 'SHUTTLING_FIDELITY': 1.0, 'SHUTTLING_SPEED': 0.55, 'TRAP_SWAP_DURATION': 20, 'TRAP_SWAP_FIDELITY': 1.0, 'INTERACTION_RADIUS': 2.0, 'RESTRICTION_RADIUS': 4.0, 'TRAP_TRANSFER_PROXIMITY': 1e-05, 'AOD_BEAM_PROXIMITY': 0.001}"
374,uuf150-03.cnf,150,645,22,1.5496065616607666,99174.58530724517,1.276549173920363e-15,5437,1676,1034,0.99,"{'U3_GATE_FIDELITY': 0.999, 'U3_GATE_DURATION': 0.5, 'CZ_GATE_FIDELITY': 0.995, 'CZ_GATE_DURATION': 0.2, 'CCZ_GATE_FIDELITY': 0.99, 'CCZ_GATE_DURATION': 1, 'QUBIT_DECAY': 100000000.0, 'QUBIT_DEPHASING': 1500000.0, 'SHUTTLING_FIDELITY': 1.0, 'SHUTTLING_SPEED': 0.55, 'TRAP_SWAP_DURATION': 20, 'TRAP_SWAP_FIDELITY': 1.0, 'INTERACTION_RADIUS': 2.0, 'RESTRICTION_RADIUS': 4.0, 'TRAP_TRANSFER_PROXIMITY': 1e-05, 'AOD_BEAM_PROXIMITY': 0.001}"
375,uuf150-03.cnf,150,645,22,1.5496065616607666,99174.58530724517,1.7322050284640076e-14,5437,1676,1034,0.9925,"{'U3_GATE_FIDELITY': 0.999, 'U3_GATE_DURATION': 0.5, 'CZ_GATE_FIDELITY': 0.995, 'CZ_GATE_DURATION': 0.2, 'CCZ_GATE_FIDELITY': 0.9925, 'CCZ_GATE_DURATION': 1, 'QUBIT_DECAY': 100000000.0, 'QUBIT_DEPHASING': 1500000.0, 'SHUTTLING_FIDELITY': 1.0, 'SHUTTLING_SPEED': 0.55, 'TRAP_SWAP_DURATION': 20, 'TRAP_SWAP_FIDELITY': 1.0, 'INTERACTION_RADIUS': 2.0, 'RESTRICTION_RADIUS': 4.0, 'TRAP_TRANSFER_PROXIMITY': 1e-05, 'AOD_BEAM_PROXIMITY': 0.001}"
376,uuf150-03.cnf,150,645,22,1.5496065616607666,99174.58530724517,2.335134101229531e-13,5437,1676,1034,0.995,"{'U3_GATE_FIDELITY': 0.999, 'U3_GATE_DURATION': 0.5, 'CZ_GATE_FIDELITY': 0.995, 'CZ_GATE_DURATION': 0.2, 'CCZ_GATE_FIDELITY': 0.995, 'CCZ_GATE_DURATION': 1, 'QUBIT_DECAY': 100000000.0, 'QUBIT_DEPHASING': 1500000.0, 'SHUTTLING_FIDELITY': 1.0, 'SHUTTLING_SPEED': 0.55, 'TRAP_SWAP_DURATION': 20, 'TRAP_SWAP_FIDELITY': 1.0, 'INTERACTION_RADIUS': 2.0, 'RESTRICTION_RADIUS': 4.0, 'TRAP_TRANSFER_PROXIMITY': 1e-05, 'AOD_BEAM_PROXIMITY': 0.001}"
377,uuf150-03.cnf,150,645,22,1.5496065616607666,99174.58530724517,3.1274432803698062e-12,5437,1676,1034,0.9975,"{'U3_GATE_FIDELITY': 0.999, 'U3_GATE_DURATION': 0.5, 'CZ_GATE_FIDELITY': 0.995, 'CZ_GATE_DURATION': 0.2, 'CCZ_GATE_FIDELITY': 0.9975, 'CCZ_GATE_DURATION': 1, 'QUBIT_DECAY': 100000000.0, 'QUBIT_DEPHASING': 1500000.0, 'SHUTTLING_FIDELITY': 1.0, 'SHUTTLING_SPEED': 0.55, 'TRAP_SWAP_DURATION': 20, 'TRAP_SWAP_FIDELITY': 1.0, 'INTERACTION_RADIUS': 2.0, 'RESTRICTION_RADIUS': 4.0, 'TRAP_TRANSFER_PROXIMITY': 1e-05, 'AOD_BEAM_PROXIMITY': 0.001}"
378,uuf150-01.cnf,150,645,23,1.5925078392028809,105007.73086667323,2.2974978489180447e-21,5387,1740,1000,0.9775,"{'U3_GATE_FIDELITY': 0.999, 'U3_GATE_DURATION': 0.5, 'CZ_GATE_FIDELITY': 0.995, 'CZ_GATE_DURATION': 0.2, 'CCZ_GATE_FIDELITY': 0.9775, 'CCZ_GATE_DURATION': 1, 'QUBIT_DECAY': 100000000.0, 'QUBIT_DEPHASING': 1500000.0, 'SHUTTLING_FIDELITY': 1.0, 'SHUTTLING_SPEED': 0.55, 'TRAP_SWAP_DURATION': 20, 'TRAP_SWAP_FIDELITY': 1.0, 'INTERACTION_RADIUS': 2.0, 'RESTRICTION_RADIUS': 4.0, 'TRAP_TRANSFER_PROXIMITY': 1e-05, 'AOD_BEAM_PROXIMITY': 0.001}"
379,uuf150-01.cnf,150,645,23,1.5925078392028809,105007.73086667323,2.9550493495655836e-20,5387,1740,1000,0.98,"{'U3_GATE_FIDELITY': 0.999, 'U3_GATE_DURATION': 0.5, 'CZ_GATE_FIDELITY': 0.995, 'CZ_GATE_DURATION': 0.2, 'CCZ_GATE_FIDELITY': 0.98, 'CCZ_GATE_DURATION': 1, 'QUBIT_DECAY': 100000000.0, 'QUBIT_DEPHASING': 1500000.0, 'SHUTTLING_FIDELITY': 1.0, 'SHUTTLING_SPEED': 0.55, 'TRAP_SWAP_DURATION': 20, 'TRAP_SWAP_FIDELITY': 1.0, 'INTERACTION_RADIUS': 2.0, 'RESTRICTION_RADIUS': 4.0, 'TRAP_TRANSFER_PROXIMITY': 1e-05, 'AOD_BEAM_PROXIMITY': 0.001}"
380,uuf150-01.cnf,150,645,23,1.5925078392028809,105007.73086667323,3.7761400491532588e-19,5387,1740,1000,0.9825,"{'U3_GATE_FIDELITY': 0.999, 'U3_GATE_DURATION': 0.5, 'CZ_GATE_FIDELITY': 0.995, 'CZ_GATE_DURATION': 0.2, 'CCZ_GATE_FIDELITY': 0.9825, 'CCZ_GATE_DURATION': 1, 'QUBIT_DECAY': 100000000.0, 'QUBIT_DEPHASING': 1500000.0, 'SHUTTLING_FIDELITY': 1.0, 'SHUTTLING_SPEED': 0.55, 'TRAP_SWAP_DURATION': 20, 'TRAP_SWAP_FIDELITY': 1.0, 'INTERACTION_RADIUS': 2.0, 'RESTRICTION_RADIUS': 4.0, 'TRAP_TRANSFER_PROXIMITY': 1e-05, 'AOD_BEAM_PROXIMITY': 0.001}"
381,uuf150-01.cnf,150,645,23,1.5925078392028809,105007.73086667323,4.7942374841037945e-18,5387,1740,1000,0.985,"{'U3_GATE_FIDELITY': 0.999, 'U3_GATE_DURATION': 0.5, 'CZ_GATE_FIDELITY': 0.995, 'CZ_GATE_DURATION': 0.2, 'CCZ_GATE_FIDELITY': 0.985, 'CCZ_GATE_DURATION': 1, 'QUBIT_DECAY': 100000000.0, 'QUBIT_DEPHASING': 1500000.0, 'SHUTTLING_FIDELITY': 1.0, 'SHUTTLING_SPEED': 0.55, 'TRAP_SWAP_DURATION': 20, 'TRAP_SWAP_FIDELITY': 1.0, 'INTERACTION_RADIUS': 2.0, 'RESTRICTION_RADIUS': 4.0, 'TRAP_TRANSFER_PROXIMITY': 1e-05, 'AOD_BEAM_PROXIMITY': 0.001}"
382,uuf150-01.cnf,150,645,23,1.5925078392028809,105007.73086667323,6.047743230832381e-17,5387,1740,1000,0.9875,"{'U3_GATE_FIDELITY': 0.999, 'U3_GATE_DURATION': 0.5, 'CZ_GATE_FIDELITY': 0.995, 'CZ_GATE_DURATION': 0.2, 'CCZ_GATE_FIDELITY': 0.9875, 'CCZ_GATE_DURATION': 1, 'QUBIT_DECAY': 100000000.0, 'QUBIT_DEPHASING': 1500000.0, 'SHUTTLING_FIDELITY': 1.0, 'SHUTTLING_SPEED': 0.55, 'TRAP_SWAP_DURATION': 20, 'TRAP_SWAP_FIDELITY': 1.0, 'INTERACTION_RADIUS': 2.0, 'RESTRICTION_RADIUS': 4.0, 'TRAP_TRANSFER_PROXIMITY': 1e-05, 'AOD_BEAM_PROXIMITY': 0.001}"
383,uuf150-01.cnf,150,645,23,1.5925078392028809,105007.73086667323,7.580251989666675e-16,5387,1740,1000,0.99,"{'U3_GATE_FIDELITY': 0.999, 'U3_GATE_DURATION': 0.5, 'CZ_GATE_FIDELITY': 0.995, 'CZ_GATE_DURATION': 0.2, 'CCZ_GATE_FIDELITY': 0.99, 'CCZ_GATE_DURATION': 1, 'QUBIT_DECAY': 100000000.0, 'QUBIT_DEPHASING': 1500000.0, 'SHUTTLING_FIDELITY': 1.0, 'SHUTTLING_SPEED': 0.55, 'TRAP_SWAP_DURATION': 20, 'TRAP_SWAP_FIDELITY': 1.0, 'INTERACTION_RADIUS': 2.0, 'RESTRICTION_RADIUS': 4.0, 'TRAP_TRANSFER_PROXIMITY': 1e-05, 'AOD_BEAM_PROXIMITY': 0.001}"
384,uuf150-01.cnf,150,645,23,1.5925078392028809,105007.73086667323,9.440706163706043e-15,5387,1740,1000,0.9925,"{'U3_GATE_FIDELITY': 0.999, 'U3_GATE_DURATION': 0.5, 'CZ_GATE_FIDELITY': 0.995, 'CZ_GATE_DURATION': 0.2, 'CCZ_GATE_FIDELITY': 0.9925, 'CCZ_GATE_DURATION': 1, 'QUBIT_DECAY': 100000000.0, 'QUBIT_DEPHASING': 1500000.0, 'SHUTTLING_FIDELITY': 1.0, 'SHUTTLING_SPEED': 0.55, 'TRAP_SWAP_DURATION': 20, 'TRAP_SWAP_FIDELITY': 1.0, 'INTERACTION_RADIUS': 2.0, 'RESTRICTION_RADIUS': 4.0, 'TRAP_TRANSFER_PROXIMITY': 1e-05, 'AOD_BEAM_PROXIMITY': 0.001}"
385,uuf150-01.cnf,150,645,23,1.5925078392028809,105007.73086667323,1.168341467622697e-13,5387,1740,1000,0.995,"{'U3_GATE_FIDELITY': 0.999, 'U3_GATE_DURATION': 0.5, 'CZ_GATE_FIDELITY': 0.995, 'CZ_GATE_DURATION': 0.2, 'CCZ_GATE_FIDELITY': 0.995, 'CCZ_GATE_DURATION': 1, 'QUBIT_DECAY': 100000000.0, 'QUBIT_DEPHASING': 1500000.0, 'SHUTTLING_FIDELITY': 1.0, 'SHUTTLING_SPEED': 0.55, 'TRAP_SWAP_DURATION': 20, 'TRAP_SWAP_FIDELITY': 1.0, 'INTERACTION_RADIUS': 2.0, 'RESTRICTION_RADIUS': 4.0, 'TRAP_TRANSFER_PROXIMITY': 1e-05, 'AOD_BEAM_PROXIMITY': 0.001}"
386,uuf150-01.cnf,150,645,23,1.5925078392028809,105007.73086667323,1.436790356176244e-12,5387,1740,1000,0.9975,"{'U3_GATE_FIDELITY': 0.999, 'U3_GATE_DURATION': 0.5, 'CZ_GATE_FIDELITY': 0.995, 'CZ_GATE_DURATION': 0.2, 'CCZ_GATE_FIDELITY': 0.9975, 'CCZ_GATE_DURATION': 1, 'QUBIT_DECAY': 100000000.0, 'QUBIT_DEPHASING': 1500000.0, 'SHUTTLING_FIDELITY': 1.0, 'SHUTTLING_SPEED': 0.55, 'TRAP_SWAP_DURATION': 20, 'TRAP_SWAP_FIDELITY': 1.0, 'INTERACTION_RADIUS': 2.0, 'RESTRICTION_RADIUS': 4.0, 'TRAP_TRANSFER_PROXIMITY': 1e-05, 'AOD_BEAM_PROXIMITY': 0.001}"
387,uuf100-02.cnf,100,430,22,0.7773957252502441,62497.38246588447,8.749650974325198e-13,3572,1268,598,0.9775,"{'U3_GATE_FIDELITY': 0.999, 'U3_GATE_DURATION': 0.5, 'CZ_GATE_FIDELITY': 0.995, 'CZ_GATE_DURATION': 0.2, 'CCZ_GATE_FIDELITY': 0.9775, 'CCZ_GATE_DURATION': 1, 'QUBIT_DECAY': 100000000.0, 'QUBIT_DEPHASING': 1500000.0, 'SHUTTLING_FIDELITY': 1.0, 'SHUTTLING_SPEED': 0.55, 'TRAP_SWAP_DURATION': 20, 'TRAP_SWAP_FIDELITY': 1.0, 'INTERACTION_RADIUS': 2.0, 'RESTRICTION_RADIUS': 4.0, 'TRAP_TRANSFER_PROXIMITY': 1e-05, 'AOD_BEAM_PROXIMITY': 0.001}"
388,uuf100-02.cnf,100,430,22,0.7773957252502441,62497.38246588447,4.0304903414731774e-12,3572,1268,598,0.98,"{'U3_GATE_FIDELITY': 0.999, 'U3_GATE_DURATION': 0.5, 'CZ_GATE_FIDELITY': 0.995, 'CZ_GATE_DURATION': 0.2, 'CCZ_GATE_FIDELITY': 0.98, 'CCZ_GATE_DURATION': 1, 'QUBIT_DECAY': 100000000.0, 'QUBIT_DEPHASING': 1500000.0, 'SHUTTLING_FIDELITY': 1.0, 'SHUTTLING_SPEED': 0.55, 'TRAP_SWAP_DURATION': 20, 'TRAP_SWAP_FIDELITY': 1.0, 'INTERACTION_RADIUS': 2.0, 'RESTRICTION_RADIUS': 4.0, 'TRAP_TRANSFER_PROXIMITY': 1e-05, 'AOD_BEAM_PROXIMITY': 0.001}"
389,uuf100-02.cnf,100,430,22,0.7773957252502441,62497.38246588447,1.849417364736895e-11,3572,1268,598,0.9825,"{'U3_GATE_FIDELITY': 0.999, 'U3_GATE_DURATION': 0.5, 'CZ_GATE_FIDELITY': 0.995, 'CZ_GATE_DURATION': 0.2, 'CCZ_GATE_FIDELITY': 0.9825, 'CCZ_GATE_DURATION': 1, 'QUBIT_DECAY': 100000000.0, 'QUBIT_DEPHASING': 1500000.0, 'SHUTTLING_FIDELITY': 1.0, 'SHUTTLING_SPEED': 0.55, 'TRAP_SWAP_DURATION': 20, 'TRAP_SWAP_FIDELITY': 1.0, 'INTERACTION_RADIUS': 2.0, 'RESTRICTION_RADIUS': 4.0, 'TRAP_TRANSFER_PROXIMITY': 1e-05, 'AOD_BEAM_PROXIMITY': 0.001}"
390,uuf100-02.cnf,100,430,22,0.7773957252502441,62497.38246588447,8.453381288824101e-11,3572,1268,598,0.985,"{'U3_GATE_FIDELITY': 0.999, 'U3_GATE_DURATION': 0.5, 'CZ_GATE_FIDELITY': 0.995, 'CZ_GATE_DURATION': 0.2, 'CCZ_GATE_FIDELITY': 0.985, 'CCZ_GATE_DURATION': 1, 'QUBIT_DECAY': 100000000.0, 'QUBIT_DEPHASING': 1500000.0, 'SHUTTLING_FIDELITY': 1.0, 'SHUTTLING_SPEED': 0.55, 'TRAP_SWAP_DURATION': 20, 'TRAP_SWAP_FIDELITY': 1.0, 'INTERACTION_RADIUS': 2.0, 'RESTRICTION_RADIUS': 4.0, 'TRAP_TRANSFER_PROXIMITY': 1e-05, 'AOD_BEAM_PROXIMITY': 0.001}"
391,uuf100-02.cnf,100,430,22,0.7773957252502441,62497.38246588447,3.8490450230317117e-10,3572,1268,598,0.9875,"{'U3_GATE_FIDELITY': 0.999, 'U3_GATE_DURATION': 0.5, 'CZ_GATE_FIDELITY': 0.995, 'CZ_GATE_DURATION': 0.2, 'CCZ_GATE_FIDELITY': 0.9875, 'CCZ_GATE_DURATION': 1, 'QUBIT_DECAY': 100000000.0, 'QUBIT_DEPHASING': 1500000.0, 'SHUTTLING_FIDELITY': 1.0, 'SHUTTLING_SPEED': 0.55, 'TRAP_SWAP_DURATION': 20, 'TRAP_SWAP_FIDELITY': 1.0, 'INTERACTION_RADIUS': 2.0, 'RESTRICTION_RADIUS': 4.0, 'TRAP_TRANSFER_PROXIMITY': 1e-05, 'AOD_BEAM_PROXIMITY': 0.001}"
392,uuf100-02.cnf,100,430,22,0.7773957252502441,62497.38246588447,1.7458663321642172e-09,3572,1268,598,0.99,"{'U3_GATE_FIDELITY': 0.999, 'U3_GATE_DURATION': 0.5, 'CZ_GATE_FIDELITY': 0.995, 'CZ_GATE_DURATION': 0.2, 'CCZ_GATE_FIDELITY': 0.99, 'CCZ_GATE_DURATION': 1, 'QUBIT_DECAY': 100000000.0, 'QUBIT_DEPHASING': 1500000.0, 'SHUTTLING_FIDELITY': 1.0, 'SHUTTLING_SPEED': 0.55, 'TRAP_SWAP_DURATION': 20, 'TRAP_SWAP_FIDELITY': 1.0, 'INTERACTION_RADIUS': 2.0, 'RESTRICTION_RADIUS': 4.0, 'TRAP_TRANSFER_PROXIMITY': 1e-05, 'AOD_BEAM_PROXIMITY': 0.001}"
393,uuf100-02.cnf,100,430,22,0.7773957252502441,62497.38246588447,7.888834605120502e-09,3572,1268,598,0.9925,"{'U3_GATE_FIDELITY': 0.999, 'U3_GATE_DURATION': 0.5, 'CZ_GATE_FIDELITY': 0.995, 'CZ_GATE_DURATION': 0.2, 'CCZ_GATE_FIDELITY': 0.9925, 'CCZ_GATE_DURATION': 1, 'QUBIT_DECAY': 100000000.0, 'QUBIT_DEPHASING': 1500000.0, 'SHUTTLING_FIDELITY': 1.0, 'SHUTTLING_SPEED': 0.55, 'TRAP_SWAP_DURATION': 20, 'TRAP_SWAP_FIDELITY': 1.0, 'INTERACTION_RADIUS': 2.0, 'RESTRICTION_RADIUS': 4.0, 'TRAP_TRANSFER_PROXIMITY': 1e-05, 'AOD_BEAM_PROXIMITY': 0.001}"
394,uuf100-02.cnf,100,430,22,0.7773957252502441,62497.38246588447,3.551132741841034e-08,3572,1268,598,0.995,"{'U3_GATE_FIDELITY': 0.999, 'U3_GATE_DURATION': 0.5, 'CZ_GATE_FIDELITY': 0.995, 'CZ_GATE_DURATION': 0.2, 'CCZ_GATE_FIDELITY': 0.995, 'CCZ_GATE_DURATION': 1, 'QUBIT_DECAY': 100000000.0, 'QUBIT_DEPHASING': 1500000.0, 'SHUTTLING_FIDELITY': 1.0, 'SHUTTLING_SPEED': 0.55, 'TRAP_SWAP_DURATION': 20, 'TRAP_SWAP_FIDELITY': 1.0, 'INTERACTION_RADIUS': 2.0, 'RESTRICTION_RADIUS': 4.0, 'TRAP_TRANSFER_PROXIMITY': 1e-05, 'AOD_BEAM_PROXIMITY': 0.001}"
395,uuf100-02.cnf,100,430,22,0.7773957252502441,62497.38246588447,1.592507283134761e-07,3572,1268,598,0.9975,"{'U3_GATE_FIDELITY': 0.999, 'U3_GATE_DURATION': 0.5, 'CZ_GATE_FIDELITY': 0.995, 'CZ_GATE_DURATION': 0.2, 'CCZ_GATE_FIDELITY': 0.9975, 'CCZ_GATE_DURATION': 1, 'QUBIT_DECAY': 100000000.0, 'QUBIT_DEPHASING': 1500000.0, 'SHUTTLING_FIDELITY': 1.0, 'SHUTTLING_SPEED': 0.55, 'TRAP_SWAP_DURATION': 20, 'TRAP_SWAP_FIDELITY': 1.0, 'INTERACTION_RADIUS': 2.0, 'RESTRICTION_RADIUS': 4.0, 'TRAP_TRANSFER_PROXIMITY': 1e-05, 'AOD_BEAM_PROXIMITY': 0.001}"
396,uuf125-08.cnf,125,538,23,1.125300407409668,80827.5352796268,7.346395528322263e-17,4424,1406,828,0.9775,"{'U3_GATE_FIDELITY': 0.999, 'U3_GATE_DURATION': 0.5, 'CZ_GATE_FIDELITY': 0.995, 'CZ_GATE_DURATION': 0.2, 'CCZ_GATE_FIDELITY': 0.9775, 'CCZ_GATE_DURATION': 1, 'QUBIT_DECAY': 100000000.0, 'QUBIT_DEPHASING': 1500000.0, 'SHUTTLING_FIDELITY': 1.0, 'SHUTTLING_SPEED': 0.55, 'TRAP_SWAP_DURATION': 20, 'TRAP_SWAP_FIDELITY': 1.0, 'INTERACTION_RADIUS': 2.0, 'RESTRICTION_RADIUS': 4.0, 'TRAP_TRANSFER_PROXIMITY': 1e-05, 'AOD_BEAM_PROXIMITY': 0.001}"
397,uuf125-08.cnf,125,538,23,1.125300407409668,80827.5352796268,6.089514600862353e-16,4424,1406,828,0.98,"{'U3_GATE_FIDELITY': 0.999, 'U3_GATE_DURATION': 0.5, 'CZ_GATE_FIDELITY': 0.995, 'CZ_GATE_DURATION': 0.2, 'CCZ_GATE_FIDELITY': 0.98, 'CCZ_GATE_DURATION': 1, 'QUBIT_DECAY': 100000000.0, 'QUBIT_DEPHASING': 1500000.0, 'SHUTTLING_FIDELITY': 1.0, 'SHUTTLING_SPEED': 0.55, 'TRAP_SWAP_DURATION': 20, 'TRAP_SWAP_FIDELITY': 1.0, 'INTERACTION_RADIUS': 2.0, 'RESTRICTION_RADIUS': 4.0, 'TRAP_TRANSFER_PROXIMITY': 1e-05, 'AOD_BEAM_PROXIMITY': 0.001}"
398,uuf125-08.cnf,125,538,23,1.125300407409668,80827.5352796268,5.0205453462008695e-15,4424,1406,828,0.9825,"{'U3_GATE_FIDELITY': 0.999, 'U3_GATE_DURATION': 0.5, 'CZ_GATE_FIDELITY': 0.995, 'CZ_GATE_DURATION': 0.2, 'CCZ_GATE_FIDELITY': 0.9825, 'CCZ_GATE_DURATION': 1, 'QUBIT_DECAY': 100000000.0, 'QUBIT_DEPHASING': 1500000.0, 'SHUTTLING_FIDELITY': 1.0, 'SHUTTLING_SPEED': 0.55, 'TRAP_SWAP_DURATION': 20, 'TRAP_SWAP_FIDELITY': 1.0, 'INTERACTION_RADIUS': 2.0, 'RESTRICTION_RADIUS': 4.0, 'TRAP_TRANSFER_PROXIMITY': 1e-05, 'AOD_BEAM_PROXIMITY': 0.001}"
399,uuf125-08.cnf,125,538,23,1.125300407409668,80827.5352796268,4.1170946824703024e-14,4424,1406,828,0.985,"{'U3_GATE_FIDELITY': 0.999, 'U3_GATE_DURATION': 0.5, 'CZ_GATE_FIDELITY': 0.995, 'CZ_GATE_DURATION': 0.2, 'CCZ_GATE_FIDELITY': 0.985, 'CCZ_GATE_DURATION': 1, 'QUBIT_DECAY': 100000000.0, 'QUBIT_DEPHASING': 1500000.0, 'SHUTTLING_FIDELITY': 1.0, 'SHUTTLING_SPEED': 0.55, 'TRAP_SWAP_DURATION': 20, 'TRAP_SWAP_FIDELITY': 1.0, 'INTERACTION_RADIUS': 2.0, 'RESTRICTION_RADIUS': 4.0, 'TRAP_TRANSFER_PROXIMITY': 1e-05, 'AOD_BEAM_PROXIMITY': 0.001}"
400,uuf125-08.cnf,125,538,23,1.125300407409668,80827.5352796268,3.3582603499282443e-13,4424,1406,828,0.9875,"{'U3_GATE_FIDELITY': 0.999, 'U3_GATE_DURATION': 0.5, 'CZ_GATE_FIDELITY': 0.995, 'CZ_GATE_DURATION': 0.2, 'CCZ_GATE_FIDELITY': 0.9875, 'CCZ_GATE_DURATION': 1, 'QUBIT_DECAY': 100000000.0, 'QUBIT_DEPHASING': 1500000.0, 'SHUTTLING_FIDELITY': 1.0, 'SHUTTLING_SPEED': 0.55, 'TRAP_SWAP_DURATION': 20, 'TRAP_SWAP_FIDELITY': 1.0, 'INTERACTION_RADIUS': 2.0, 'RESTRICTION_RADIUS': 4.0, 'TRAP_TRANSFER_PROXIMITY': 1e-05, 'AOD_BEAM_PROXIMITY': 0.001}"
401,uuf125-08.cnf,125,538,23,1.125300407409668,80827.5352796268,2.7247905819025844e-12,4424,1406,828,0.99,"{'U3_GATE_FIDELITY': 0.999, 'U3_GATE_DURATION': 0.5, 'CZ_GATE_FIDELITY': 0.995, 'CZ_GATE_DURATION': 0.2, 'CCZ_GATE_FIDELITY': 0.99, 'CCZ_GATE_DURATION': 1, 'QUBIT_DECAY': 100000000.0, 'QUBIT_DEPHASING': 1500000.0, 'SHUTTLING_FIDELITY': 1.0, 'SHUTTLING_SPEED': 0.55, 'TRAP_SWAP_DURATION': 20, 'TRAP_SWAP_FIDELITY': 1.0, 'INTERACTION_RADIUS': 2.0, 'RESTRICTION_RADIUS': 4.0, 'TRAP_TRANSFER_PROXIMITY': 1e-05, 'AOD_BEAM_PROXIMITY': 0.001}"
402,uuf125-08.cnf,125,538,23,1.125300407409668,80827.5352796268,2.1991699017457852e-11,4424,1406,828,0.9925,"{'U3_GATE_FIDELITY': 0.999, 'U3_GATE_DURATION': 0.5, 'CZ_GATE_FIDELITY': 0.995, 'CZ_GATE_DURATION': 0.2, 'CCZ_GATE_FIDELITY': 0.9925, 'CCZ_GATE_DURATION': 1, 'QUBIT_DECAY': 100000000.0, 'QUBIT_DEPHASING': 1500000.0, 'SHUTTLING_FIDELITY': 1.0, 'SHUTTLING_SPEED': 0.55, 'TRAP_SWAP_DURATION': 20, 'TRAP_SWAP_FIDELITY': 1.0, 'INTERACTION_RADIUS': 2.0, 'RESTRICTION_RADIUS': 4.0, 'TRAP_TRANSFER_PROXIMITY': 1e-05, 'AOD_BEAM_PROXIMITY': 0.001}"
403,uuf125-08.cnf,125,538,23,1.125300407409668,80827.5352796268,1.7656428504669486e-10,4424,1406,828,0.995,"{'U3_GATE_FIDELITY': 0.999, 'U3_GATE_DURATION': 0.5, 'CZ_GATE_FIDELITY': 0.995, 'CZ_GATE_DURATION': 0.2, 'CCZ_GATE_FIDELITY': 0.995, 'CCZ_GATE_DURATION': 1, 'QUBIT_DECAY': 100000000.0, 'QUBIT_DEPHASING': 1500000.0, 'SHUTTLING_FIDELITY': 1.0, 'SHUTTLING_SPEED': 0.55, 'TRAP_SWAP_DURATION': 20, 'TRAP_SWAP_FIDELITY': 1.0, 'INTERACTION_RADIUS': 2.0, 'RESTRICTION_RADIUS': 4.0, 'TRAP_TRANSFER_PROXIMITY': 1e-05, 'AOD_BEAM_PROXIMITY': 0.001}"
404,uuf125-08.cnf,125,538,23,1.125300407409668,80827.5352796268,1.4101873411092016e-09,4424,1406,828,0.9975,"{'U3_GATE_FIDELITY': 0.999, 'U3_GATE_DURATION': 0.5, 'CZ_GATE_FIDELITY': 0.995, 'CZ_GATE_DURATION': 0.2, 'CCZ_GATE_FIDELITY': 0.9975, 'CCZ_GATE_DURATION': 1, 'QUBIT_DECAY': 100000000.0, 'QUBIT_DEPHASING': 1500000.0, 'SHUTTLING_FIDELITY': 1.0, 'SHUTTLING_SPEED': 0.55, 'TRAP_SWAP_DURATION': 20, 'TRAP_SWAP_FIDELITY': 1.0, 'INTERACTION_RADIUS': 2.0, 'RESTRICTION_RADIUS': 4.0, 'TRAP_TRANSFER_PROXIMITY': 1e-05, 'AOD_BEAM_PROXIMITY': 0.001}"
405,uuf75-07.cnf,75,325,22,0.5546846389770508,43531.75168008924,4.527207741254096e-09,2620,972,418,0.9775,"{'U3_GATE_FIDELITY': 0.999, 'U3_GATE_DURATION': 0.5, 'CZ_GATE_FIDELITY': 0.995, 'CZ_GATE_DURATION': 0.2, 'CCZ_GATE_FIDELITY': 0.9775, 'CCZ_GATE_DURATION': 1, 'QUBIT_DECAY': 100000000.0, 'QUBIT_DEPHASING': 1500000.0, 'SHUTTLING_FIDELITY': 1.0, 'SHUTTLING_SPEED': 0.55, 'TRAP_SWAP_DURATION': 20, 'TRAP_SWAP_FIDELITY': 1.0, 'INTERACTION_RADIUS': 2.0, 'RESTRICTION_RADIUS': 4.0, 'TRAP_TRANSFER_PROXIMITY': 1e-05, 'AOD_BEAM_PROXIMITY': 0.001}"
406,uuf75-07.cnf,75,325,22,0.5546846389770508,43531.75168008924,1.3168061512921094e-08,2620,972,418,0.98,"{'U3_GATE_FIDELITY': 0.999, 'U3_GATE_DURATION': 0.5, 'CZ_GATE_FIDELITY': 0.995, 'CZ_GATE_DURATION': 0.2, 'CCZ_GATE_FIDELITY': 0.98, 'CCZ_GATE_DURATION': 1, 'QUBIT_DECAY': 100000000.0, 'QUBIT_DEPHASING': 1500000.0, 'SHUTTLING_FIDELITY': 1.0, 'SHUTTLING_SPEED': 0.55, 'TRAP_SWAP_DURATION': 20, 'TRAP_SWAP_FIDELITY': 1.0, 'INTERACTION_RADIUS': 2.0, 'RESTRICTION_RADIUS': 4.0, 'TRAP_TRANSFER_PROXIMITY': 1e-05, 'AOD_BEAM_PROXIMITY': 0.001}"
407,uuf75-07.cnf,75,325,22,0.5546846389770508,43531.75168008924,3.8197231694495236e-08,2620,972,418,0.9825,"{'U3_GATE_FIDELITY': 0.999, 'U3_GATE_DURATION': 0.5, 'CZ_GATE_FIDELITY': 0.995, 'CZ_GATE_DURATION': 0.2, 'CCZ_GATE_FIDELITY': 0.9825, 'CCZ_GATE_DURATION': 1, 'QUBIT_DECAY': 100000000.0, 'QUBIT_DEPHASING': 1500000.0, 'SHUTTLING_FIDELITY': 1.0, 'SHUTTLING_SPEED': 0.55, 'TRAP_SWAP_DURATION': 20, 'TRAP_SWAP_FIDELITY': 1.0, 'INTERACTION_RADIUS': 2.0, 'RESTRICTION_RADIUS': 4.0, 'TRAP_TRANSFER_PROXIMITY': 1e-05, 'AOD_BEAM_PROXIMITY': 0.001}"
408,uuf75-07.cnf,75,325,22,0.5546846389770508,43531.75168008924,1.1050108826277059e-07,2620,972,418,0.985,"{'U3_GATE_FIDELITY': 0.999, 'U3_GATE_DURATION': 0.5, 'CZ_GATE_FIDELITY': 0.995, 'CZ_GATE_DURATION': 0.2, 'CCZ_GATE_FIDELITY': 0.985, 'CCZ_GATE_DURATION': 1, 'QUBIT_DECAY': 100000000.0, 'QUBIT_DEPHASING': 1500000.0, 'SHUTTLING_FIDELITY': 1.0, 'SHUTTLING_SPEED': 0.55, 'TRAP_SWAP_DURATION': 20, 'TRAP_SWAP_FIDELITY': 1.0, 'INTERACTION_RADIUS': 2.0, 'RESTRICTION_RADIUS': 4.0, 'TRAP_TRANSFER_PROXIMITY': 1e-05, 'AOD_BEAM_PROXIMITY': 0.001}"
409,uuf75-07.cnf,75,325,22,0.5546846389770508,43531.75168008924,3.1880990356671147e-07,2620,972,418,0.9875,"{'U3_GATE_FIDELITY': 0.999, 'U3_GATE_DURATION': 0.5, 'CZ_GATE_FIDELITY': 0.995, 'CZ_GATE_DURATION': 0.2, 'CCZ_GATE_FIDELITY': 0.9875, 'CCZ_GATE_DURATION': 1, 'QUBIT_DECAY': 100000000.0, 'QUBIT_DEPHASING': 1500000.0, 'SHUTTLING_FIDELITY': 1.0, 'SHUTTLING_SPEED': 0.55, 'TRAP_SWAP_DURATION': 20, 'TRAP_SWAP_FIDELITY': 1.0, 'INTERACTION_RADIUS': 2.0, 'RESTRICTION_RADIUS': 4.0, 'TRAP_TRANSFER_PROXIMITY': 1e-05, 'AOD_BEAM_PROXIMITY': 0.001}"
410,uuf75-07.cnf,75,325,22,0.5546846389770508,43531.75168008924,9.17346797034928e-07,2620,972,418,0.99,"{'U3_GATE_FIDELITY': 0.999, 'U3_GATE_DURATION': 0.5, 'CZ_GATE_FIDELITY': 0.995, 'CZ_GATE_DURATION': 0.2, 'CCZ_GATE_FIDELITY': 0.99, 'CCZ_GATE_DURATION': 1, 'QUBIT_DECAY': 100000000.0, 'QUBIT_DEPHASING': 1500000.0, 'SHUTTLING_FIDELITY': 1.0, 'SHUTTLING_SPEED': 0.55, 'TRAP_SWAP_DURATION': 20, 'TRAP_SWAP_FIDELITY': 1.0, 'INTERACTION_RADIUS': 2.0, 'RESTRICTION_RADIUS': 4.0, 'TRAP_TRANSFER_PROXIMITY': 1e-05, 'AOD_BEAM_PROXIMITY': 0.001}"
411,uuf75-07.cnf,75,325,22,0.5546846389770508,43531.75168008924,2.632556246970556e-06,2620,972,418,0.9925,"{'U3_GATE_FIDELITY': 0.999, 'U3_GATE_DURATION': 0.5, 'CZ_GATE_FIDELITY': 0.995, 'CZ_GATE_DURATION': 0.2, 'CCZ_GATE_FIDELITY': 0.9925, 'CCZ_GATE_DURATION': 1, 'QUBIT_DECAY': 100000000.0, 'QUBIT_DEPHASING': 1500000.0, 'SHUTTLING_FIDELITY': 1.0, 'SHUTTLING_SPEED': 0.55, 'TRAP_SWAP_DURATION': 20, 'TRAP_SWAP_FIDELITY': 1.0, 'INTERACTION_RADIUS': 2.0, 'RESTRICTION_RADIUS': 4.0, 'TRAP_TRANSFER_PROXIMITY': 1e-05, 'AOD_BEAM_PROXIMITY': 0.001}"
412,uuf75-07.cnf,75,325,22,0.5546846389770508,43531.75168008924,7.534769287402045e-06,2620,972,418,0.995,"{'U3_GATE_FIDELITY': 0.999, 'U3_GATE_DURATION': 0.5, 'CZ_GATE_FIDELITY': 0.995, 'CZ_GATE_DURATION': 0.2, 'CCZ_GATE_FIDELITY': 0.995, 'CCZ_GATE_DURATION': 1, 'QUBIT_DECAY': 100000000.0, 'QUBIT_DEPHASING': 1500000.0, 'SHUTTLING_FIDELITY': 1.0, 'SHUTTLING_SPEED': 0.55, 'TRAP_SWAP_DURATION': 20, 'TRAP_SWAP_FIDELITY': 1.0, 'INTERACTION_RADIUS': 2.0, 'RESTRICTION_RADIUS': 4.0, 'TRAP_TRANSFER_PROXIMITY': 1e-05, 'AOD_BEAM_PROXIMITY': 0.001}"
413,uuf75-07.cnf,75,325,22,0.5546846389770508,43531.75168008924,2.1508802369577357e-05,2620,972,418,0.9975,"{'U3_GATE_FIDELITY': 0.999, 'U3_GATE_DURATION': 0.5, 'CZ_GATE_FIDELITY': 0.995, 'CZ_GATE_DURATION': 0.2, 'CCZ_GATE_FIDELITY': 0.9975, 'CCZ_GATE_DURATION': 1, 'QUBIT_DECAY': 100000000.0, 'QUBIT_DEPHASING': 1500000.0, 'SHUTTLING_FIDELITY': 1.0, 'SHUTTLING_SPEED': 0.55, 'TRAP_SWAP_DURATION': 20, 'TRAP_SWAP_FIDELITY': 1.0, 'INTERACTION_RADIUS': 2.0, 'RESTRICTION_RADIUS': 4.0, 'TRAP_TRANSFER_PROXIMITY': 1e-05, 'AOD_BEAM_PROXIMITY': 0.001}"
414,uuf175-08.cnf,175,753,25,2.2348523139953613,127754.16903007896,4.780764614132302e-26,6308,1998,1180,0.9775,"{'U3_GATE_FIDELITY': 0.999, 'U3_GATE_DURATION': 0.5, 'CZ_GATE_FIDELITY': 0.995, 'CZ_GATE_DURATION': 0.2, 'CCZ_GATE_FIDELITY': 0.9775, 'CCZ_GATE_DURATION': 1, 'QUBIT_DECAY': 100000000.0, 'QUBIT_DEPHASING': 1500000.0, 'SHUTTLING_FIDELITY': 1.0, 'SHUTTLING_SPEED': 0.55, 'TRAP_SWAP_DURATION': 20, 'TRAP_SWAP_FIDELITY': 1.0, 'INTERACTION_RADIUS': 2.0, 'RESTRICTION_RADIUS': 4.0, 'TRAP_TRANSFER_PROXIMITY': 1e-05, 'AOD_BEAM_PROXIMITY': 0.001}"
415,uuf175-08.cnf,175,753,25,2.2348523139953613,127754.16903007896,9.738290333897974e-25,6308,1998,1180,0.98,"{'U3_GATE_FIDELITY': 0.999, 'U3_GATE_DURATION': 0.5, 'CZ_GATE_FIDELITY': 0.995, 'CZ_GATE_DURATION': 0.2, 'CCZ_GATE_FIDELITY': 0.98, 'CCZ_GATE_DURATION': 1, 'QUBIT_DECAY': 100000000.0, 'QUBIT_DEPHASING': 1500000.0, 'SHUTTLING_FIDELITY': 1.0, 'SHUTTLING_SPEED': 0.55, 'TRAP_SWAP_DURATION': 20, 'TRAP_SWAP_FIDELITY': 1.0, 'INTERACTION_RADIUS': 2.0, 'RESTRICTION_RADIUS': 4.0, 'TRAP_TRANSFER_PROXIMITY': 1e-05, 'AOD_BEAM_PROXIMITY': 0.001}"
416,uuf175-08.cnf,175,753,25,2.2348523139953613,127754.16903007896,1.9684893847730212e-23,6308,1998,1180,0.9825,"{'U3_GATE_FIDELITY': 0.999, 'U3_GATE_DURATION': 0.5, 'CZ_GATE_FIDELITY': 0.995, 'CZ_GATE_DURATION': 0.2, 'CCZ_GATE_FIDELITY': 0.9825, 'CCZ_GATE_DURATION': 1, 'QUBIT_DECAY': 100000000.0, 'QUBIT_DEPHASING': 1500000.0, 'SHUTTLING_FIDELITY': 1.0, 'SHUTTLING_SPEED': 0.55, 'TRAP_SWAP_DURATION': 20, 'TRAP_SWAP_FIDELITY': 1.0, 'INTERACTION_RADIUS': 2.0, 'RESTRICTION_RADIUS': 4.0, 'TRAP_TRANSFER_PROXIMITY': 1e-05, 'AOD_BEAM_PROXIMITY': 0.001}"
417,uuf175-08.cnf,175,753,25,2.2348523139953613,127754.16903007896,3.948802276056051e-22,6308,1998,1180,0.985,"{'U3_GATE_FIDELITY': 0.999, 'U3_GATE_DURATION': 0.5, 'CZ_GATE_FIDELITY': 0.995, 'CZ_GATE_DURATION': 0.2, 'CCZ_GATE_FIDELITY': 0.985, 'CCZ_GATE_DURATION': 1, 'QUBIT_DECAY': 100000000.0, 'QUBIT_DEPHASING': 1500000.0, 'SHUTTLING_FIDELITY': 1.0, 'SHUTTLING_SPEED': 0.55, 'TRAP_SWAP_DURATION': 20, 'TRAP_SWAP_FIDELITY': 1.0, 'INTERACTION_RADIUS': 2.0, 'RESTRICTION_RADIUS': 4.0, 'TRAP_TRANSFER_PROXIMITY': 1e-05, 'AOD_BEAM_PROXIMITY': 0.001}"
418,uuf175-08.cnf,175,753,25,2.2348523139953613,127754.16903007896,7.86133807458071e-21,6308,1998,1180,0.9875,"{'U3_GATE_FIDELITY': 0.999, 'U3_GATE_DURATION': 0.5, 'CZ_GATE_FIDELITY': 0.995, 'CZ_GATE_DURATION': 0.2, 'CCZ_GATE_FIDELITY': 0.9875, 'CCZ_GATE_DURATION': 1, 'QUBIT_DECAY': 100000000.0, 'QUBIT_DEPHASING': 1500000.0, 'SHUTTLING_FIDELITY': 1.0, 'SHUTTLING_SPEED': 0.55, 'TRAP_SWAP_DURATION': 20, 'TRAP_SWAP_FIDELITY': 1.0, 'INTERACTION_RADIUS': 2.0, 'RESTRICTION_RADIUS': 4.0, 'TRAP_TRANSFER_PROXIMITY': 1e-05, 'AOD_BEAM_PROXIMITY': 0.001}"
419,uuf175-08.cnf,175,753,25,2.2348523139953613,127754.16903007896,1.5532559512295824e-19,6308,1998,1180,0.99,"{'U3_GATE_FIDELITY': 0.999, 'U3_GATE_DURATION': 0.5, 'CZ_GATE_FIDELITY': 0.995, 'CZ_GATE_DURATION': 0.2, 'CCZ_GATE_FIDELITY': 0.99, 'CCZ_GATE_DURATION': 1, 'QUBIT_DECAY': 100000000.0, 'QUBIT_DEPHASING': 1500000.0, 'SHUTTLING_FIDELITY': 1.0, 'SHUTTLING_SPEED': 0.55, 'TRAP_SWAP_DURATION': 20, 'TRAP_SWAP_FIDELITY': 1.0, 'INTERACTION_RADIUS': 2.0, 'RESTRICTION_RADIUS': 4.0, 'TRAP_TRANSFER_PROXIMITY': 1e-05, 'AOD_BEAM_PROXIMITY': 0.001}"
420,uuf175-08.cnf,175,753,25,2.2348523139953613,127754.16903007896,3.0459418967464426e-18,6308,1998,1180,0.9925,"{'U3_GATE_FIDELITY': 0.999, 'U3_GATE_DURATION': 0.5, 'CZ_GATE_FIDELITY': 0.995, 'CZ_GATE_DURATION': 0.2, 'CCZ_GATE_FIDELITY': 0.9925, 'CCZ_GATE_DURATION': 1, 'QUBIT_DECAY': 100000000.0, 'QUBIT_DEPHASING': 1500000.0, 'SHUTTLING_FIDELITY': 1.0, 'SHUTTLING_SPEED': 0.55, 'TRAP_SWAP_DURATION': 20, 'TRAP_SWAP_FIDELITY': 1.0, 'INTERACTION_RADIUS': 2.0, 'RESTRICTION_RADIUS': 4.0, 'TRAP_TRANSFER_PROXIMITY': 1e-05, 'AOD_BEAM_PROXIMITY': 0.001}"
421,uuf175-08.cnf,175,753,25,2.2348523139953613,127754.16903007896,5.92855265046526e-17,6308,1998,1180,0.995,"{'U3_GATE_FIDELITY': 0.999, 'U3_GATE_DURATION': 0.5, 'CZ_GATE_FIDELITY': 0.995, 'CZ_GATE_DURATION': 0.2, 'CCZ_GATE_FIDELITY': 0.995, 'CCZ_GATE_DURATION': 1, 'QUBIT_DECAY': 100000000.0, 'QUBIT_DEPHASING': 1500000.0, 'SHUTTLING_FIDELITY': 1.0, 'SHUTTLING_SPEED': 0.55, 'TRAP_SWAP_DURATION': 20, 'TRAP_SWAP_FIDELITY': 1.0, 'INTERACTION_RADIUS': 2.0, 'RESTRICTION_RADIUS': 4.0, 'TRAP_TRANSFER_PROXIMITY': 1e-05, 'AOD_BEAM_PROXIMITY': 0.001}"
422,uuf175-08.cnf,175,753,25,2.2348523139953613,127754.16903007896,1.1453561299832482e-15,6308,1998,1180,0.9975,"{'U3_GATE_FIDELITY': 0.999, 'U3_GATE_DURATION': 0.5, 'CZ_GATE_FIDELITY': 0.995, 'CZ_GATE_DURATION': 0.2, 'CCZ_GATE_FIDELITY': 0.9975, 'CCZ_GATE_DURATION': 1, 'QUBIT_DECAY': 100000000.0, 'QUBIT_DEPHASING': 1500000.0, 'SHUTTLING_FIDELITY': 1.0, 'SHUTTLING_SPEED': 0.55, 'TRAP_SWAP_DURATION': 20, 'TRAP_SWAP_FIDELITY': 1.0, 'INTERACTION_RADIUS': 2.0, 'RESTRICTION_RADIUS': 4.0, 'TRAP_TRANSFER_PROXIMITY': 1e-05, 'AOD_BEAM_PROXIMITY': 0.001}"
423,uuf75-08.cnf,75,325,23,0.5420269966125488,44351.17441656807,8.571094497264714e-09,2548,996,386,0.9775,"{'U3_GATE_FIDELITY': 0.999, 'U3_GATE_DURATION': 0.5, 'CZ_GATE_FIDELITY': 0.995, 'CZ_GATE_DURATION': 0.2, 'CCZ_GATE_FIDELITY': 0.9775, 'CCZ_GATE_DURATION': 1, 'QUBIT_DECAY': 100000000.0, 'QUBIT_DEPHASING': 1500000.0, 'SHUTTLING_FIDELITY': 1.0, 'SHUTTLING_SPEED': 0.55, 'TRAP_SWAP_DURATION': 20, 'TRAP_SWAP_FIDELITY': 1.0, 'INTERACTION_RADIUS': 2.0, 'RESTRICTION_RADIUS': 4.0, 'TRAP_TRANSFER_PROXIMITY': 1e-05, 'AOD_BEAM_PROXIMITY': 0.001}"
424,uuf75-08.cnf,75,325,23,0.5420269966125488,44351.17441656807,2.2973639314069135e-08,2548,996,386,0.98,"{'U3_GATE_FIDELITY': 0.999, 'U3_GATE_DURATION': 0.5, 'CZ_GATE_FIDELITY': 0.995, 'CZ_GATE_DURATION': 0.2, 'CCZ_GATE_FIDELITY': 0.98, 'CCZ_GATE_DURATION': 1, 'QUBIT_DECAY': 100000000.0, 'QUBIT_DEPHASING': 1500000.0, 'SHUTTLING_FIDELITY': 1.0, 'SHUTTLING_SPEED': 0.55, 'TRAP_SWAP_DURATION': 20, 'TRAP_SWAP_FIDELITY': 1.0, 'INTERACTION_RADIUS': 2.0, 'RESTRICTION_RADIUS': 4.0, 'TRAP_TRANSFER_PROXIMITY': 1e-05, 'AOD_BEAM_PROXIMITY': 0.001}"
425,uuf75-08.cnf,75,325,23,0.5420269966125488,44351.17441656807,6.142319080637289e-08,2548,996,386,0.9825,"{'U3_GATE_FIDELITY': 0.999, 'U3_GATE_DURATION': 0.5, 'CZ_GATE_FIDELITY': 0.995, 'CZ_GATE_DURATION': 0.2, 'CCZ_GATE_FIDELITY': 0.9825, 'CCZ_GATE_DURATION': 1, 'QUBIT_DECAY': 100000000.0, 'QUBIT_DEPHASING': 1500000.0, 'SHUTTLING_FIDELITY': 1.0, 'SHUTTLING_SPEED': 0.55, 'TRAP_SWAP_DURATION': 20, 'TRAP_SWAP_FIDELITY': 1.0, 'INTERACTION_RADIUS': 2.0, 'RESTRICTION_RADIUS': 4.0, 'TRAP_TRANSFER_PROXIMITY': 1e-05, 'AOD_BEAM_PROXIMITY': 0.001}"
426,uuf75-08.cnf,75,325,23,0.5420269966125488,44351.17441656807,1.6381344858453987e-07,2548,996,386,0.985,"{'U3_GATE_FIDELITY': 0.999, 'U3_GATE_DURATION': 0.5, 'CZ_GATE_FIDELITY': 0.995, 'CZ_GATE_DURATION': 0.2, 'CCZ_GATE_FIDELITY': 0.985, 'CCZ_GATE_DURATION': 1, 'QUBIT_DECAY': 100000000.0, 'QUBIT_DEPHASING': 1500000.0, 'SHUTTLING_FIDELITY': 1.0, 'SHUTTLING_SPEED': 0.55, 'TRAP_SWAP_DURATION': 20, 'TRAP_SWAP_FIDELITY': 1.0, 'INTERACTION_RADIUS': 2.0, 'RESTRICTION_RADIUS': 4.0, 'TRAP_TRANSFER_PROXIMITY': 1e-05, 'AOD_BEAM_PROXIMITY': 0.001}"
427,uuf75-08.cnf,75,325,23,0.5420269966125488,44351.17441656807,4.3579961303568174e-07,2548,996,386,0.9875,"{'U3_GATE_FIDELITY': 0.999, 'U3_GATE_DURATION': 0.5, 'CZ_GATE_FIDELITY': 0.995, 'CZ_GATE_DURATION': 0.2, 'CCZ_GATE_FIDELITY': 0.9875, 'CCZ_GATE_DURATION': 1, 'QUBIT_DECAY': 100000000.0, 'QUBIT_DEPHASING': 1500000.0, 'SHUTTLING_FIDELITY': 1.0, 'SHUTTLING_SPEED': 0.55, 'TRAP_SWAP_DURATION': 20, 'TRAP_SWAP_FIDELITY': 1.0, 'INTERACTION_RADIUS': 2.0, 'RESTRICTION_RADIUS': 4.0, 'TRAP_TRANSFER_PROXIMITY': 1e-05, 'AOD_BEAM_PROXIMITY': 0.001}"
428,uuf75-08.cnf,75,325,23,0.5420269966125488,44351.17441656807,1.156510807884067e-06,2548,996,386,0.99,"{'U3_GATE_FIDELITY': 0.999, 'U3_GATE_DURATION': 0.5, 'CZ_GATE_FIDELITY': 0.995, 'CZ_GATE_DURATION': 0.2, 'CCZ_GATE_FIDELITY': 0.99, 'CCZ_GATE_DURATION': 1, 'QUBIT_DECAY': 100000000.0, 'QUBIT_DEPHASING': 1500000.0, 'SHUTTLING_FIDELITY': 1.0, 'SHUTTLING_SPEED': 0.55, 'TRAP_SWAP_DURATION': 20, 'TRAP_SWAP_FIDELITY': 1.0, 'INTERACTION_RADIUS': 2.0, 'RESTRICTION_RADIUS': 4.0, 'TRAP_TRANSFER_PROXIMITY': 1e-05, 'AOD_BEAM_PROXIMITY': 0.001}"
429,uuf75-08.cnf,75,325,23,0.5420269966125488,44351.17441656807,3.0615653853815677e-06,2548,996,386,0.9925,"{'U3_GATE_FIDELITY': 0.999, 'U3_GATE_DURATION': 0.5, 'CZ_GATE_FIDELITY': 0.995, 'CZ_GATE_DURATION': 0.2, 'CCZ_GATE_FIDELITY': 0.9925, 'CCZ_GATE_DURATION': 1, 'QUBIT_DECAY': 100000000.0, 'QUBIT_DEPHASING': 1500000.0, 'SHUTTLING_FIDELITY': 1.0, 'SHUTTLING_SPEED': 0.55, 'TRAP_SWAP_DURATION': 20, 'TRAP_SWAP_FIDELITY': 1.0, 'INTERACTION_RADIUS': 2.0, 'RESTRICTION_RADIUS': 4.0, 'TRAP_TRANSFER_PROXIMITY': 1e-05, 'AOD_BEAM_PROXIMITY': 0.001}"
430,uuf75-08.cnf,75,325,23,0.5420269966125488,44351.17441656807,8.084883176787412e-06,2548,996,386,0.995,"{'U3_GATE_FIDELITY': 0.999, 'U3_GATE_DURATION': 0.5, 'CZ_GATE_FIDELITY': 0.995, 'CZ_GATE_DURATION': 0.2, 'CCZ_GATE_FIDELITY': 0.995, 'CCZ_GATE_DURATION': 1, 'QUBIT_DECAY': 100000000.0, 'QUBIT_DEPHASING': 1500000.0, 'SHUTTLING_FIDELITY': 1.0, 'SHUTTLING_SPEED': 0.55, 'TRAP_SWAP_DURATION': 20, 'TRAP_SWAP_FIDELITY': 1.0, 'INTERACTION_RADIUS': 2.0, 'RESTRICTION_RADIUS': 4.0, 'TRAP_TRANSFER_PROXIMITY': 1e-05, 'AOD_BEAM_PROXIMITY': 0.001}"
431,uuf75-08.cnf,75,325,23,0.5420269966125488,44351.17441656807,2.129833548126045e-05,2548,996,386,0.9975,"{'U3_GATE_FIDELITY': 0.999, 'U3_GATE_DURATION': 0.5, 'CZ_GATE_FIDELITY': 0.995, 'CZ_GATE_DURATION': 0.2, 'CCZ_GATE_FIDELITY': 0.9975, 'CCZ_GATE_DURATION': 1, 'QUBIT_DECAY': 100000000.0, 'QUBIT_DEPHASING': 1500000.0, 'SHUTTLING_FIDELITY': 1.0, 'SHUTTLING_SPEED': 0.55, 'TRAP_SWAP_DURATION': 20, 'TRAP_SWAP_FIDELITY': 1.0, 'INTERACTION_RADIUS': 2.0, 'RESTRICTION_RADIUS': 4.0, 'TRAP_TRANSFER_PROXIMITY': 1e-05, 'AOD_BEAM_PROXIMITY': 0.001}"
432,uuf225-01.cnf,225,960,24,3.3719263076782227,170323.12966496102,1.4517770810000856e-35,8155,2784,1414,0.9775,"{'U3_GATE_FIDELITY': 0.999, 'U3_GATE_DURATION': 0.5, 'CZ_GATE_FIDELITY': 0.995, 'CZ_GATE_DURATION': 0.2, 'CCZ_GATE_FIDELITY': 0.9775, 'CCZ_GATE_DURATION': 1, 'QUBIT_DECAY': 100000000.0, 'QUBIT_DEPHASING': 1500000.0, 'SHUTTLING_FIDELITY': 1.0, 'SHUTTLING_SPEED': 0.55, 'TRAP_SWAP_DURATION': 20, 'TRAP_SWAP_FIDELITY': 1.0, 'INTERACTION_RADIUS': 2.0, 'RESTRICTION_RADIUS': 4.0, 'TRAP_TRANSFER_PROXIMITY': 1e-05, 'AOD_BEAM_PROXIMITY': 0.001}"
433,uuf225-01.cnf,225,960,24,3.3719263076782227,170323.12966496102,5.37605551999227e-34,8155,2784,1414,0.98,"{'U3_GATE_FIDELITY': 0.999, 'U3_GATE_DURATION': 0.5, 'CZ_GATE_FIDELITY': 0.995, 'CZ_GATE_DURATION': 0.2, 'CCZ_GATE_FIDELITY': 0.98, 'CCZ_GATE_DURATION': 1, 'QUBIT_DECAY': 100000000.0, 'QUBIT_DEPHASING': 1500000.0, 'SHUTTLING_FIDELITY': 1.0, 'SHUTTLING_SPEED': 0.55, 'TRAP_SWAP_DURATION': 20, 'TRAP_SWAP_FIDELITY': 1.0, 'INTERACTION_RADIUS': 2.0, 'RESTRICTION_RADIUS': 4.0, 'TRAP_TRANSFER_PROXIMITY': 1e-05, 'AOD_BEAM_PROXIMITY': 0.001}"
434,uuf225-01.cnf,225,960,24,3.3719263076782227,170323.12966496102,1.9725644825572866e-32,8155,2784,1414,0.9825,"{'U3_GATE_FIDELITY': 0.999, 'U3_GATE_DURATION': 0.5, 'CZ_GATE_FIDELITY': 0.995, 'CZ_GATE_DURATION': 0.2, 'CCZ_GATE_FIDELITY': 0.9825, 'CCZ_GATE_DURATION': 1, 'QUBIT_DECAY': 100000000.0, 'QUBIT_DEPHASING': 1500000.0, 'SHUTTLING_FIDELITY': 1.0, 'SHUTTLING_SPEED': 0.55, 'TRAP_SWAP_DURATION': 20, 'TRAP_SWAP_FIDELITY': 1.0, 'INTERACTION_RADIUS': 2.0, 'RESTRICTION_RADIUS': 4.0, 'TRAP_TRANSFER_PROXIMITY': 1e-05, 'AOD_BEAM_PROXIMITY': 0.001}"
435,uuf225-01.cnf,225,960,24,3.3719263076782227,170323.12966496102,7.17170867487624e-31,8155,2784,1414,0.985,"{'U3_GATE_FIDELITY': 0.999, 'U3_GATE_DURATION': 0.5, 'CZ_GATE_FIDELITY': 0.995, 'CZ_GATE_DURATION': 0.2, 'CCZ_GATE_FIDELITY': 0.985, 'CCZ_GATE_DURATION': 1, 'QUBIT_DECAY': 100000000.0, 'QUBIT_DEPHASING': 1500000.0, 'SHUTTLING_FIDELITY': 1.0, 'SHUTTLING_SPEED': 0.55, 'TRAP_SWAP_DURATION': 20, 'TRAP_SWAP_FIDELITY': 1.0, 'INTERACTION_RADIUS': 2.0, 'RESTRICTION_RADIUS': 4.0, 'TRAP_TRANSFER_PROXIMITY': 1e-05, 'AOD_BEAM_PROXIMITY': 0.001}"
436,uuf225-01.cnf,225,960,24,3.3719263076782227,170323.12966496102,2.5837958362228836e-29,8155,2784,1414,0.9875,"{'U3_GATE_FIDELITY': 0.999, 'U3_GATE_DURATION': 0.5, 'CZ_GATE_FIDELITY': 0.995, 'CZ_GATE_DURATION': 0.2, 'CCZ_GATE_FIDELITY': 0.9875, 'CCZ_GATE_DURATION': 1, 'QUBIT_DECAY': 100000000.0, 'QUBIT_DEPHASING': 1500000.0, 'SHUTTLING_FIDELITY': 1.0, 'SHUTTLING_SPEED': 0.55, 'TRAP_SWAP_DURATION': 20, 'TRAP_SWAP_FIDELITY': 1.0, 'INTERACTION_RADIUS': 2.0, 'RESTRICTION_RADIUS': 4.0, 'TRAP_TRANSFER_PROXIMITY': 1e-05, 'AOD_BEAM_PROXIMITY': 0.001}"
437,uuf225-01.cnf,225,960,24,3.3719263076782227,170323.12966496102,9.224819494139748e-28,8155,2784,1414,0.99,"{'U3_GATE_FIDELITY': 0.999, 'U3_GATE_DURATION': 0.5, 'CZ_GATE_FIDELITY': 0.995, 'CZ_GATE_DURATION': 0.2, 'CCZ_GATE_FIDELITY': 0.99, 'CCZ_GATE_DURATION': 1, 'QUBIT_DECAY': 100000000.0, 'QUBIT_DEPHASING': 1500000.0, 'SHUTTLING_FIDELITY': 1.0, 'SHUTTLING_SPEED': 0.55, 'TRAP_SWAP_DURATION': 20, 'TRAP_SWAP_FIDELITY': 1.0, 'INTERACTION_RADIUS': 2.0, 'RESTRICTION_RADIUS': 4.0, 'TRAP_TRANSFER_PROXIMITY': 1e-05, 'AOD_BEAM_PROXIMITY': 0.001}"
438,uuf225-01.cnf,225,960,24,3.3719263076782227,170323.12966496102,3.2639352998906875e-26,8155,2784,1414,0.9925,"{'U3_GATE_FIDELITY': 0.999, 'U3_GATE_DURATION': 0.5, 'CZ_GATE_FIDELITY': 0.995, 'CZ_GATE_DURATION': 0.2, 'CCZ_GATE_FIDELITY': 0.9925, 'CCZ_GATE_DURATION': 1, 'QUBIT_DECAY': 100000000.0, 'QUBIT_DEPHASING': 1500000.0, 'SHUTTLING_FIDELITY': 1.0, 'SHUTTLING_SPEED': 0.55, 'TRAP_SWAP_DURATION': 20, 'TRAP_SWAP_FIDELITY': 1.0, 'INTERACTION_RADIUS': 2.0, 'RESTRICTION_RADIUS': 4.0, 'TRAP_TRANSFER_PROXIMITY': 1e-05, 'AOD_BEAM_PROXIMITY': 0.001}"
439,uuf225-01.cnf,225,960,24,3.3719263076782227,170323.12966496102,1.1445345056809817e-24,8155,2784,1414,0.995,"{'U3_GATE_FIDELITY': 0.999, 'U3_GATE_DURATION': 0.5, 'CZ_GATE_FIDELITY': 0.995, 'CZ_GATE_DURATION': 0.2, 'CCZ_GATE_FIDELITY': 0.995, 'CCZ_GATE_DURATION': 1, 'QUBIT_DECAY': 100000000.0, 'QUBIT_DEPHASING': 1500000.0, 'SHUTTLING_FIDELITY': 1.0, 'SHUTTLING_SPEED': 0.55, 'TRAP_SWAP_DURATION': 20, 'TRAP_SWAP_FIDELITY': 1.0, 'INTERACTION_RADIUS': 2.0, 'RESTRICTION_RADIUS': 4.0, 'TRAP_TRANSFER_PROXIMITY': 1e-05, 'AOD_BEAM_PROXIMITY': 0.001}"
440,uuf225-01.cnf,225,960,24,3.3719263076782227,170323.12966496102,3.977768271278528e-23,8155,2784,1414,0.9975,"{'U3_GATE_FIDELITY': 0.999, 'U3_GATE_DURATION': 0.5, 'CZ_GATE_FIDELITY': 0.995, 'CZ_GATE_DURATION': 0.2, 'CCZ_GATE_FIDELITY': 0.9975, 'CCZ_GATE_DURATION': 1, 'QUBIT_DECAY': 100000000.0, 'QUBIT_DEPHASING': 1500000.0, 'SHUTTLING_FIDELITY': 1.0, 'SHUTTLING_SPEED': 0.55, 'TRAP_SWAP_DURATION': 20, 'TRAP_SWAP_FIDELITY': 1.0, 'INTERACTION_RADIUS': 2.0, 'RESTRICTION_RADIUS': 4.0, 'TRAP_TRANSFER_PROXIMITY': 1e-05, 'AOD_BEAM_PROXIMITY': 0.001}"
441,uuf175-05.cnf,175,753,22,2.079991340637207,126816.48564030403,6.253398877620107e-26,6267,2002,1174,0.9775,"{'U3_GATE_FIDELITY': 0.999, 'U3_GATE_DURATION': 0.5, 'CZ_GATE_FIDELITY': 0.995, 'CZ_GATE_DURATION': 0.2, 'CCZ_GATE_FIDELITY': 0.9775, 'CCZ_GATE_DURATION': 1, 'QUBIT_DECAY': 100000000.0, 'QUBIT_DEPHASING': 1500000.0, 'SHUTTLING_FIDELITY': 1.0, 'SHUTTLING_SPEED': 0.55, 'TRAP_SWAP_DURATION': 20, 'TRAP_SWAP_FIDELITY': 1.0, 'INTERACTION_RADIUS': 2.0, 'RESTRICTION_RADIUS': 4.0, 'TRAP_TRANSFER_PROXIMITY': 1e-05, 'AOD_BEAM_PROXIMITY': 0.001}"
442,uuf175-05.cnf,175,753,22,2.079991340637207,126816.48564030403,1.2544276860829174e-24,6267,2002,1174,0.98,"{'U3_GATE_FIDELITY': 0.999, 'U3_GATE_DURATION': 0.5, 'CZ_GATE_FIDELITY': 0.995, 'CZ_GATE_DURATION': 0.2, 'CCZ_GATE_FIDELITY': 0.98, 'CCZ_GATE_DURATION': 1, 'QUBIT_DECAY': 100000000.0, 'QUBIT_DEPHASING': 1500000.0, 'SHUTTLING_FIDELITY': 1.0, 'SHUTTLING_SPEED': 0.55, 'TRAP_SWAP_DURATION': 20, 'TRAP_SWAP_FIDELITY': 1.0, 'INTERACTION_RADIUS': 2.0, 'RESTRICTION_RADIUS': 4.0, 'TRAP_TRANSFER_PROXIMITY': 1e-05, 'AOD_BEAM_PROXIMITY': 0.001}"
443,uuf175-05.cnf,175,753,22,2.079991340637207,126816.48564030403,2.4972216379733555e-23,6267,2002,1174,0.9825,"{'U3_GATE_FIDELITY': 0.999, 'U3_GATE_DURATION': 0.5, 'CZ_GATE_FIDELITY': 0.995, 'CZ_GATE_DURATION': 0.2, 'CCZ_GATE_FIDELITY': 0.9825, 'CCZ_GATE_DURATION': 1, 'QUBIT_DECAY': 100000000.0, 'QUBIT_DEPHASING': 1500000.0, 'SHUTTLING_FIDELITY': 1.0, 'SHUTTLING_SPEED': 0.55, 'TRAP_SWAP_DURATION': 20, 'TRAP_SWAP_FIDELITY': 1.0, 'INTERACTION_RADIUS': 2.0, 'RESTRICTION_RADIUS': 4.0, 'TRAP_TRANSFER_PROXIMITY': 1e-05, 'AOD_BEAM_PROXIMITY': 0.001}"
444,uuf175-05.cnf,175,753,22,2.079991340637207,126816.48564030403,4.933639037926959e-22,6267,2002,1174,0.985,"{'U3_GATE_FIDELITY': 0.999, 'U3_GATE_DURATION': 0.5, 'CZ_GATE_FIDELITY': 0.995, 'CZ_GATE_DURATION': 0.2, 'CCZ_GATE_FIDELITY': 0.985, 'CCZ_GATE_DURATION': 1, 'QUBIT_DECAY': 100000000.0, 'QUBIT_DEPHASING': 1500000.0, 'SHUTTLING_FIDELITY': 1.0, 'SHUTTLING_SPEED': 0.55, 'TRAP_SWAP_DURATION': 20, 'TRAP_SWAP_FIDELITY': 1.0, 'INTERACTION_RADIUS': 2.0, 'RESTRICTION_RADIUS': 4.0, 'TRAP_TRANSFER_PROXIMITY': 1e-05, 'AOD_BEAM_PROXIMITY': 0.001}"
445,uuf175-05.cnf,175,753,22,2.079991340637207,126816.48564030403,9.673713345028174e-21,6267,2002,1174,0.9875,"{'U3_GATE_FIDELITY': 0.999, 'U3_GATE_DURATION': 0.5, 'CZ_GATE_FIDELITY': 0.995, 'CZ_GATE_DURATION': 0.2, 'CCZ_GATE_FIDELITY': 0.9875, 'CCZ_GATE_DURATION': 1, 'QUBIT_DECAY': 100000000.0, 'QUBIT_DEPHASING': 1500000.0, 'SHUTTLING_FIDELITY': 1.0, 'SHUTTLING_SPEED': 0.55, 'TRAP_SWAP_DURATION': 20, 'TRAP_SWAP_FIDELITY': 1.0, 'INTERACTION_RADIUS': 2.0, 'RESTRICTION_RADIUS': 4.0, 'TRAP_TRANSFER_PROXIMITY': 1e-05, 'AOD_BEAM_PROXIMITY': 0.001}"
446,uuf175-05.cnf,175,753,22,2.079991340637207,126816.48564030403,1.8825703967283657e-19,6267,2002,1174,0.99,"{'U3_GATE_FIDELITY': 0.999, 'U3_GATE_DURATION': 0.5, 'CZ_GATE_FIDELITY': 0.995, 'CZ_GATE_DURATION': 0.2, 'CCZ_GATE_FIDELITY': 0.99, 'CCZ_GATE_DURATION': 1, 'QUBIT_DECAY': 100000000.0, 'QUBIT_DEPHASING': 1500000.0, 'SHUTTLING_FIDELITY': 1.0, 'SHUTTLING_SPEED': 0.55, 'TRAP_SWAP_DURATION': 20, 'TRAP_SWAP_FIDELITY': 1.0, 'INTERACTION_RADIUS': 2.0, 'RESTRICTION_RADIUS': 4.0, 'TRAP_TRANSFER_PROXIMITY': 1e-05, 'AOD_BEAM_PROXIMITY': 0.001}"
447,uuf175-05.cnf,175,753,22,2.079991340637207,126816.48564030403,3.636284782764102e-18,6267,2002,1174,0.9925,"{'U3_GATE_FIDELITY': 0.999, 'U3_GATE_DURATION': 0.5, 'CZ_GATE_FIDELITY': 0.995, 'CZ_GATE_DURATION': 0.2, 'CCZ_GATE_FIDELITY': 0.9925, 'CCZ_GATE_DURATION': 1, 'QUBIT_DECAY': 100000000.0, 'QUBIT_DEPHASING': 1500000.0, 'SHUTTLING_FIDELITY': 1.0, 'SHUTTLING_SPEED': 0.55, 'TRAP_SWAP_DURATION': 20, 'TRAP_SWAP_FIDELITY': 1.0, 'INTERACTION_RADIUS': 2.0, 'RESTRICTION_RADIUS': 4.0, 'TRAP_TRANSFER_PROXIMITY': 1e-05, 'AOD_BEAM_PROXIMITY': 0.001}"
448,uuf175-05.cnf,175,753,22,2.079991340637207,126816.48564030403,6.971553477618404e-17,6267,2002,1174,0.995,"{'U3_GATE_FIDELITY': 0.999, 'U3_GATE_DURATION': 0.5, 'CZ_GATE_FIDELITY': 0.995, 'CZ_GATE_DURATION': 0.2, 'CCZ_GATE_FIDELITY': 0.995, 'CCZ_GATE_DURATION': 1, 'QUBIT_DECAY': 100000000.0, 'QUBIT_DEPHASING': 1500000.0, 'SHUTTLING_FIDELITY': 1.0, 'SHUTTLING_SPEED': 0.55, 'TRAP_SWAP_DURATION': 20, 'TRAP_SWAP_FIDELITY': 1.0, 'INTERACTION_RADIUS': 2.0, 'RESTRICTION_RADIUS': 4.0, 'TRAP_TRANSFER_PROXIMITY': 1e-05, 'AOD_BEAM_PROXIMITY': 0.001}"
449,uuf175-05.cnf,175,753,22,2.079991340637207,126816.48564030403,1.326729802468944e-15,6267,2002,1174,0.9975,"{'U3_GATE_FIDELITY': 0.999, 'U3_GATE_DURATION': 0.5, 'CZ_GATE_FIDELITY': 0.995, 'CZ_GATE_DURATION': 0.2, 'CCZ_GATE_FIDELITY': 0.9975, 'CCZ_GATE_DURATION': 1, 'QUBIT_DECAY': 100000000.0, 'QUBIT_DEPHASING': 1500000.0, 'SHUTTLING_FIDELITY': 1.0, 'SHUTTLING_SPEED': 0.55, 'TRAP_SWAP_DURATION': 20, 'TRAP_SWAP_FIDELITY': 1.0, 'INTERACTION_RADIUS': 2.0, 'RESTRICTION_RADIUS': 4.0, 'TRAP_TRANSFER_PROXIMITY': 1e-05, 'AOD_BEAM_PROXIMITY': 0.001}"
450,uuf200-07.cnf,200,860,25,2.798999547958374,156435.1288515468,2.3146652196326703e-31,7390,2428,1310,0.9775,"{'U3_GATE_FIDELITY': 0.999, 'U3_GATE_DURATION': 0.5, 'CZ_GATE_FIDELITY': 0.995, 'CZ_GATE_DURATION': 0.2, 'CCZ_GATE_FIDELITY': 0.9775, 'CCZ_GATE_DURATION': 1, 'QUBIT_DECAY': 100000000.0, 'QUBIT_DEPHASING': 1500000.0, 'SHUTTLING_FIDELITY': 1.0, 'SHUTTLING_SPEED': 0.55, 'TRAP_SWAP_DURATION': 20, 'TRAP_SWAP_FIDELITY': 1.0, 'INTERACTION_RADIUS': 2.0, 'RESTRICTION_RADIUS': 4.0, 'TRAP_TRANSFER_PROXIMITY': 1e-05, 'AOD_BEAM_PROXIMITY': 0.001}"
451,uuf200-07.cnf,200,860,25,2.798999547958374,156435.1288515468,6.57179176973303e-30,7390,2428,1310,0.98,"{'U3_GATE_FIDELITY': 0.999, 'U3_GATE_DURATION': 0.5, 'CZ_GATE_FIDELITY': 0.995, 'CZ_GATE_DURATION': 0.2, 'CCZ_GATE_FIDELITY': 0.98, 'CCZ_GATE_DURATION': 1, 'QUBIT_DECAY': 100000000.0, 'QUBIT_DEPHASING': 1500000.0, 'SHUTTLING_FIDELITY': 1.0, 'SHUTTLING_SPEED': 0.55, 'TRAP_SWAP_DURATION': 20, 'TRAP_SWAP_FIDELITY': 1.0, 'INTERACTION_RADIUS': 2.0, 'RESTRICTION_RADIUS': 4.0, 'TRAP_TRANSFER_PROXIMITY': 1e-05, 'AOD_BEAM_PROXIMITY': 0.001}"
452,uuf200-07.cnf,200,860,25,2.798999547958374,156435.1288515468,1.8500224098549456e-28,7390,2428,1310,0.9825,"{'U3_GATE_FIDELITY': 0.999, 'U3_GATE_DURATION': 0.5, 'CZ_GATE_FIDELITY': 0.995, 'CZ_GATE_DURATION': 0.2, 'CCZ_GATE_FIDELITY': 0.9825, 'CCZ_GATE_DURATION': 1, 'QUBIT_DECAY': 100000000.0, 'QUBIT_DEPHASING': 1500000.0, 'SHUTTLING_FIDELITY': 1.0, 'SHUTTLING_SPEED': 0.55, 'TRAP_SWAP_DURATION': 20, 'TRAP_SWAP_FIDELITY': 1.0, 'INTERACTION_RADIUS': 2.0, 'RESTRICTION_RADIUS': 4.0, 'TRAP_TRANSFER_PROXIMITY': 1e-05, 'AOD_BEAM_PROXIMITY': 0.001}"
453,uuf200-07.cnf,200,860,25,2.798999547958374,156435.1288515468,5.164004224332094e-27,7390,2428,1310,0.985,"{'U3_GATE_FIDELITY': 0.999, 'U3_GATE_DURATION': 0.5, 'CZ_GATE_FIDELITY': 0.995, 'CZ_GATE_DURATION': 0.2, 'CCZ_GATE_FIDELITY': 0.985, 'CCZ_GATE_DURATION': 1, 'QUBIT_DECAY': 100000000.0, 'QUBIT_DEPHASING': 1500000.0, 'SHUTTLING_FIDELITY': 1.0, 'SHUTTLING_SPEED': 0.55, 'TRAP_SWAP_DURATION': 20, 'TRAP_SWAP_FIDELITY': 1.0, 'INTERACTION_RADIUS': 2.0, 'RESTRICTION_RADIUS': 4.0, 'TRAP_TRANSFER_PROXIMITY': 1e-05, 'AOD_BEAM_PROXIMITY': 0.001}"
454,uuf200-07.cnf,200,860,25,2.798999547958374,156435.1288515468,1.4293259152653276e-25,7390,2428,1310,0.9875,"{'U3_GATE_FIDELITY': 0.999, 'U3_GATE_DURATION': 0.5, 'CZ_GATE_FIDELITY': 0.995, 'CZ_GATE_DURATION': 0.2, 'CCZ_GATE_FIDELITY': 0.9875, 'CCZ_GATE_DURATION': 1, 'QUBIT_DECAY': 100000000.0, 'QUBIT_DEPHASING': 1500000.0, 'SHUTTLING_FIDELITY': 1.0, 'SHUTTLING_SPEED': 0.55, 'TRAP_SWAP_DURATION': 20, 'TRAP_SWAP_FIDELITY': 1.0, 'INTERACTION_RADIUS': 2.0, 'RESTRICTION_RADIUS': 4.0, 'TRAP_TRANSFER_PROXIMITY': 1e-05, 'AOD_BEAM_PROXIMITY': 0.001}"
455,uuf200-07.cnf,200,860,25,2.798999547958374,156435.1288515468,3.9231016379518056e-24,7390,2428,1310,0.99,"{'U3_GATE_FIDELITY': 0.999, 'U3_GATE_DURATION': 0.5, 'CZ_GATE_FIDELITY': 0.995, 'CZ_GATE_DURATION': 0.2, 'CCZ_GATE_FIDELITY': 0.99, 'CCZ_GATE_DURATION': 1, 'QUBIT_DECAY': 100000000.0, 'QUBIT_DEPHASING': 1500000.0, 'SHUTTLING_FIDELITY': 1.0, 'SHUTTLING_SPEED': 0.55, 'TRAP_SWAP_DURATION': 20, 'TRAP_SWAP_FIDELITY': 1.0, 'INTERACTION_RADIUS': 2.0, 'RESTRICTION_RADIUS': 4.0, 'TRAP_TRANSFER_PROXIMITY': 1e-05, 'AOD_BEAM_PROXIMITY': 0.001}"
456,uuf200-07.cnf,200,860,25,2.798999547958374,156435.1288515468,1.0678244410375067e-22,7390,2428,1310,0.9925,"{'U3_GATE_FIDELITY': 0.999, 'U3_GATE_DURATION': 0.5, 'CZ_GATE_FIDELITY': 0.995, 'CZ_GATE_DURATION': 0.2, 'CCZ_GATE_FIDELITY': 0.9925, 'CCZ_GATE_DURATION': 1, 'QUBIT_DECAY': 100000000.0, 'QUBIT_DEPHASING': 1500000.0, 'SHUTTLING_FIDELITY': 1.0, 'SHUTTLING_SPEED': 0.55, 'TRAP_SWAP_DURATION': 20, 'TRAP_SWAP_FIDELITY': 1.0, 'INTERACTION_RADIUS': 2.0, 'RESTRICTION_RADIUS': 4.0, 'TRAP_TRANSFER_PROXIMITY': 1e-05, 'AOD_BEAM_PROXIMITY': 0.001}"
457,uuf200-07.cnf,200,860,25,2.798999547958374,156435.1288515468,2.882440915736535e-21,7390,2428,1310,0.995,"{'U3_GATE_FIDELITY': 0.999, 'U3_GATE_DURATION': 0.5, 'CZ_GATE_FIDELITY': 0.995, 'CZ_GATE_DURATION': 0.2, 'CCZ_GATE_FIDELITY': 0.995, 'CCZ_GATE_DURATION': 1, 'QUBIT_DECAY': 100000000.0, 'QUBIT_DEPHASING': 1500000.0, 'SHUTTLING_FIDELITY': 1.0, 'SHUTTLING_SPEED': 0.55, 'TRAP_SWAP_DURATION': 20, 'TRAP_SWAP_FIDELITY': 1.0, 'INTERACTION_RADIUS': 2.0, 'RESTRICTION_RADIUS': 4.0, 'TRAP_TRANSFER_PROXIMITY': 1e-05, 'AOD_BEAM_PROXIMITY': 0.001}"
458,uuf200-07.cnf,200,860,25,2.798999547958374,156435.1288515468,7.716659672471415e-20,7390,2428,1310,0.9975,"{'U3_GATE_FIDELITY': 0.999, 'U3_GATE_DURATION': 0.5, 'CZ_GATE_FIDELITY': 0.995, 'CZ_GATE_DURATION': 0.2, 'CCZ_GATE_FIDELITY': 0.9975, 'CCZ_GATE_DURATION': 1, 'QUBIT_DECAY': 100000000.0, 'QUBIT_DEPHASING': 1500000.0, 'SHUTTLING_FIDELITY': 1.0, 'SHUTTLING_SPEED': 0.55, 'TRAP_SWAP_DURATION': 20, 'TRAP_SWAP_FIDELITY': 1.0, 'INTERACTION_RADIUS': 2.0, 'RESTRICTION_RADIUS': 4.0, 'TRAP_TRANSFER_PROXIMITY': 1e-05, 'AOD_BEAM_PROXIMITY': 0.001}"
459,uuf225-09.cnf,225,960,24,3.5056350231170654,171925.8530731498,1.2461897740147806e-35,8015,2712,1432,0.9775,"{'U3_GATE_FIDELITY': 0.999, 'U3_GATE_DURATION': 0.5, 'CZ_GATE_FIDELITY': 0.995, 'CZ_GATE_DURATION': 0.2, 'CCZ_GATE_FIDELITY': 0.9775, 'CCZ_GATE_DURATION': 1, 'QUBIT_DECAY': 100000000.0, 'QUBIT_DEPHASING': 1500000.0, 'SHUTTLING_FIDELITY': 1.0, 'SHUTTLING_SPEED': 0.55, 'TRAP_SWAP_DURATION': 20, 'TRAP_SWAP_FIDELITY': 1.0, 'INTERACTION_RADIUS': 2.0, 'RESTRICTION_RADIUS': 4.0, 'TRAP_TRANSFER_PROXIMITY': 1e-05, 'AOD_BEAM_PROXIMITY': 0.001}"
460,uuf225-09.cnf,225,960,24,3.5056350231170654,171925.8530731498,4.831873609253934e-34,8015,2712,1432,0.98,"{'U3_GATE_FIDELITY': 0.999, 'U3_GATE_DURATION': 0.5, 'CZ_GATE_FIDELITY': 0.995, 'CZ_GATE_DURATION': 0.2, 'CCZ_GATE_FIDELITY': 0.98, 'CCZ_GATE_DURATION': 1, 'QUBIT_DECAY': 100000000.0, 'QUBIT_DEPHASING': 1500000.0, 'SHUTTLING_FIDELITY': 1.0, 'SHUTTLING_SPEED': 0.55, 'TRAP_SWAP_DURATION': 20, 'TRAP_SWAP_FIDELITY': 1.0, 'INTERACTION_RADIUS': 2.0, 'RESTRICTION_RADIUS': 4.0, 'TRAP_TRANSFER_PROXIMITY': 1e-05, 'AOD_BEAM_PROXIMITY': 0.001}"
461,uuf225-09.cnf,225,960,24,3.5056350231170654,171925.8530731498,1.856092987470619e-32,8015,2712,1432,0.9825,"{'U3_GATE_FIDELITY': 0.999, 'U3_GATE_DURATION': 0.5, 'CZ_GATE_FIDELITY': 0.995, 'CZ_GATE_DURATION': 0.2, 'CCZ_GATE_FIDELITY': 0.9825, 'CCZ_GATE_DURATION': 1, 'QUBIT_DECAY': 100000000.0, 'QUBIT_DEPHASING': 1500000.0, 'SHUTTLING_FIDELITY': 1.0, 'SHUTTLING_SPEED': 0.55, 'TRAP_SWAP_DURATION': 20, 'TRAP_SWAP_FIDELITY': 1.0, 'INTERACTION_RADIUS': 2.0, 'RESTRICTION_RADIUS': 4.0, 'TRAP_TRANSFER_PROXIMITY': 1e-05, 'AOD_BEAM_PROXIMITY': 0.001}"
462,uuf225-09.cnf,225,960,24,3.5056350231170654,171925.8530731498,7.064106636690099e-31,8015,2712,1432,0.985,"{'U3_GATE_FIDELITY': 0.999, 'U3_GATE_DURATION': 0.5, 'CZ_GATE_FIDELITY': 0.995, 'CZ_GATE_DURATION': 0.2, 'CCZ_GATE_FIDELITY': 0.985, 'CCZ_GATE_DURATION': 1, 'QUBIT_DECAY': 100000000.0, 'QUBIT_DEPHASING': 1500000.0, 'SHUTTLING_FIDELITY': 1.0, 'SHUTTLING_SPEED': 0.55, 'TRAP_SWAP_DURATION': 20, 'TRAP_SWAP_FIDELITY': 1.0, 'INTERACTION_RADIUS': 2.0, 'RESTRICTION_RADIUS': 4.0, 'TRAP_TRANSFER_PROXIMITY': 1e-05, 'AOD_BEAM_PROXIMITY': 0.001}"
463,uuf225-09.cnf,225,960,24,3.5056350231170654,171925.8530731498,2.66384241329302e-29,8015,2712,1432,0.9875,"{'U3_GATE_FIDELITY': 0.999, 'U3_GATE_DURATION': 0.5, 'CZ_GATE_FIDELITY': 0.995, 'CZ_GATE_DURATION': 0.2, 'CCZ_GATE_FIDELITY': 0.9875, 'CCZ_GATE_DURATION': 1, 'QUBIT_DECAY': 100000000.0, 'QUBIT_DEPHASING': 1500000.0, 'SHUTTLING_FIDELITY': 1.0, 'SHUTTLING_SPEED': 0.55, 'TRAP_SWAP_DURATION': 20, 'TRAP_SWAP_FIDELITY': 1.0, 'INTERACTION_RADIUS': 2.0, 'RESTRICTION_RADIUS': 4.0, 'TRAP_TRANSFER_PROXIMITY': 1e-05, 'AOD_BEAM_PROXIMITY': 0.001}"
464,uuf225-09.cnf,225,960,24,3.5056350231170654,171925.8530731498,9.953454549066722e-28,8015,2712,1432,0.99,"{'U3_GATE_FIDELITY': 0.999, 'U3_GATE_DURATION': 0.5, 'CZ_GATE_FIDELITY': 0.995, 'CZ_GATE_DURATION': 0.2, 'CCZ_GATE_FIDELITY': 0.99, 'CCZ_GATE_DURATION': 1, 'QUBIT_DECAY': 100000000.0, 'QUBIT_DEPHASING': 1500000.0, 'SHUTTLING_FIDELITY': 1.0, 'SHUTTLING_SPEED': 0.55, 'TRAP_SWAP_DURATION': 20, 'TRAP_SWAP_FIDELITY': 1.0, 'INTERACTION_RADIUS': 2.0, 'RESTRICTION_RADIUS': 4.0, 'TRAP_TRANSFER_PROXIMITY': 1e-05, 'AOD_BEAM_PROXIMITY': 0.001}"
465,uuf225-09.cnf,225,960,24,3.5056350231170654,171925.8530731498,3.68530364835086e-26,8015,2712,1432,0.9925,"{'U3_GATE_FIDELITY': 0.999, 'U3_GATE_DURATION': 0.5, 'CZ_GATE_FIDELITY': 0.995, 'CZ_GATE_DURATION': 0.2, 'CCZ_GATE_FIDELITY': 0.9925, 'CCZ_GATE_DURATION': 1, 'QUBIT_DECAY': 100000000.0, 'QUBIT_DEPHASING': 1500000.0, 'SHUTTLING_FIDELITY': 1.0, 'SHUTTLING_SPEED': 0.55, 'TRAP_SWAP_DURATION': 20, 'TRAP_SWAP_FIDELITY': 1.0, 'INTERACTION_RADIUS': 2.0, 'RESTRICTION_RADIUS': 4.0, 'TRAP_TRANSFER_PROXIMITY': 1e-05, 'AOD_BEAM_PROXIMITY': 0.001}"
466,uuf225-09.cnf,225,960,24,3.5056350231170654,171925.8530731498,1.3521560069193823e-24,8015,2712,1432,0.995,"{'U3_GATE_FIDELITY': 0.999, 'U3_GATE_DURATION': 0.5, 'CZ_GATE_FIDELITY': 0.995, 'CZ_GATE_DURATION': 0.2, 'CCZ_GATE_FIDELITY': 0.995, 'CCZ_GATE_DURATION': 1, 'QUBIT_DECAY': 100000000.0, 'QUBIT_DEPHASING': 1500000.0, 'SHUTTLING_FIDELITY': 1.0, 'SHUTTLING_SPEED': 0.55, 'TRAP_SWAP_DURATION': 20, 'TRAP_SWAP_FIDELITY': 1.0, 'INTERACTION_RADIUS': 2.0, 'RESTRICTION_RADIUS': 4.0, 'TRAP_TRANSFER_PROXIMITY': 1e-05, 'AOD_BEAM_PROXIMITY': 0.001}"
467,uuf225-09.cnf,225,960,24,3.5056350231170654,171925.8530731498,4.916479308632706e-23,8015,2712,1432,0.9975,"{'U3_GATE_FIDELITY': 0.999, 'U3_GATE_DURATION': 0.5, 'CZ_GATE_FIDELITY': 0.995, 'CZ_GATE_DURATION': 0.2, 'CCZ_GATE_FIDELITY': 0.9975, 'CCZ_GATE_DURATION': 1, 'QUBIT_DECAY': 100000000.0, 'QUBIT_DEPHASING': 1500000.0, 'SHUTTLING_FIDELITY': 1.0, 'SHUTTLING_SPEED': 0.55, 'TRAP_SWAP_DURATION': 20, 'TRAP_SWAP_FIDELITY': 1.0, 'INTERACTION_RADIUS': 2.0, 'RESTRICTION_RADIUS': 4.0, 'TRAP_TRANSFER_PROXIMITY': 1e-05, 'AOD_BEAM_PROXIMITY': 0.001}"
468,uuf200-06.cnf,200,860,22,2.6123695373535156,149003.30212723324,1.4703735737249749e-30,7225,2438,1278,0.9775,"{'U3_GATE_FIDELITY': 0.999, 'U3_GATE_DURATION': 0.5, 'CZ_GATE_FIDELITY': 0.995, 'CZ_GATE_DURATION': 0.2, 'CCZ_GATE_FIDELITY': 0.9775, 'CCZ_GATE_DURATION': 1, 'QUBIT_DECAY': 100000000.0, 'QUBIT_DEPHASING': 1500000.0, 'SHUTTLING_FIDELITY': 1.0, 'SHUTTLING_SPEED': 0.55, 'TRAP_SWAP_DURATION': 20, 'TRAP_SWAP_FIDELITY': 1.0, 'INTERACTION_RADIUS': 2.0, 'RESTRICTION_RADIUS': 4.0, 'TRAP_TRANSFER_PROXIMITY': 1e-05, 'AOD_BEAM_PROXIMITY': 0.001}"
469,uuf200-06.cnf,200,860,22,2.6123695373535156,149003.30212723324,3.8470283695742036e-29,7225,2438,1278,0.98,"{'U3_GATE_FIDELITY': 0.999, 'U3_GATE_DURATION': 0.5, 'CZ_GATE_FIDELITY': 0.995, 'CZ_GATE_DURATION': 0.2, 'CCZ_GATE_FIDELITY': 0.98, 'CCZ_GATE_DURATION': 1, 'QUBIT_DECAY': 100000000.0, 'QUBIT_DEPHASING': 1500000.0, 'SHUTTLING_FIDELITY': 1.0, 'SHUTTLING_SPEED': 0.55, 'TRAP_SWAP_DURATION': 20, 'TRAP_SWAP_FIDELITY': 1.0, 'INTERACTION_RADIUS': 2.0, 'RESTRICTION_RADIUS': 4.0, 'TRAP_TRANSFER_PROXIMITY': 1e-05, 'AOD_BEAM_PROXIMITY': 0.001}"
470,uuf200-06.cnf,200,860,22,2.6123695373535156,149003.30212723324,9.9818517771171e-28,7225,2438,1278,0.9825,"{'U3_GATE_FIDELITY': 0.999, 'U3_GATE_DURATION': 0.5, 'CZ_GATE_FIDELITY': 0.995, 'CZ_GATE_DURATION': 0.2, 'CCZ_GATE_FIDELITY': 0.9825, 'CCZ_GATE_DURATION': 1, 'QUBIT_DECAY': 100000000.0, 'QUBIT_DEPHASING': 1500000.0, 'SHUTTLING_FIDELITY': 1.0, 'SHUTTLING_SPEED': 0.55, 'TRAP_SWAP_DURATION': 20, 'TRAP_SWAP_FIDELITY': 1.0, 'INTERACTION_RADIUS': 2.0, 'RESTRICTION_RADIUS': 4.0, 'TRAP_TRANSFER_PROXIMITY': 1e-05, 'AOD_BEAM_PROXIMITY': 0.001}"
471,uuf200-06.cnf,200,860,22,2.6123695373535156,149003.30212723324,2.5686399327400816e-26,7225,2438,1278,0.985,"{'U3_GATE_FIDELITY': 0.999, 'U3_GATE_DURATION': 0.5, 'CZ_GATE_FIDELITY': 0.995, 'CZ_GATE_DURATION': 0.2, 'CCZ_GATE_FIDELITY': 0.985, 'CCZ_GATE_DURATION': 1, 'QUBIT_DECAY': 100000000.0, 'QUBIT_DEPHASING': 1500000.0, 'SHUTTLING_FIDELITY': 1.0, 'SHUTTLING_SPEED': 0.55, 'TRAP_SWAP_DURATION': 20, 'TRAP_SWAP_FIDELITY': 1.0, 'INTERACTION_RADIUS': 2.0, 'RESTRICTION_RADIUS': 4.0, 'TRAP_TRANSFER_PROXIMITY': 1e-05, 'AOD_BEAM_PROXIMITY': 0.001}"
472,uuf200-06.cnf,200,860,22,2.6123695373535156,149003.30212723324,6.5557132256879285e-25,7225,2438,1278,0.9875,"{'U3_GATE_FIDELITY': 0.999, 'U3_GATE_DURATION': 0.5, 'CZ_GATE_FIDELITY': 0.995, 'CZ_GATE_DURATION': 0.2, 'CCZ_GATE_FIDELITY': 0.9875, 'CCZ_GATE_DURATION': 1, 'QUBIT_DECAY': 100000000.0, 'QUBIT_DEPHASING': 1500000.0, 'SHUTTLING_FIDELITY': 1.0, 'SHUTTLING_SPEED': 0.55, 'TRAP_SWAP_DURATION': 20, 'TRAP_SWAP_FIDELITY': 1.0, 'INTERACTION_RADIUS': 2.0, 'RESTRICTION_RADIUS': 4.0, 'TRAP_TRANSFER_PROXIMITY': 1e-05, 'AOD_BEAM_PROXIMITY': 0.001}"
473,uuf200-06.cnf,200,860,22,2.6123695373535156,149003.30212723324,1.659507997287057e-23,7225,2438,1278,0.99,"{'U3_GATE_FIDELITY': 0.999, 'U3_GATE_DURATION': 0.5, 'CZ_GATE_FIDELITY': 0.995, 'CZ_GATE_DURATION': 0.2, 'CCZ_GATE_FIDELITY': 0.99, 'CCZ_GATE_DURATION': 1, 'QUBIT_DECAY': 100000000.0, 'QUBIT_DEPHASING': 1500000.0, 'SHUTTLING_FIDELITY': 1.0, 'SHUTTLING_SPEED': 0.55, 'TRAP_SWAP_DURATION': 20, 'TRAP_SWAP_FIDELITY': 1.0, 'INTERACTION_RADIUS': 2.0, 'RESTRICTION_RADIUS': 4.0, 'TRAP_TRANSFER_PROXIMITY': 1e-05, 'AOD_BEAM_PROXIMITY': 0.001}"
474,uuf200-06.cnf,200,860,22,2.6123695373535156,149003.30212723324,4.16676857470343e-22,7225,2438,1278,0.9925,"{'U3_GATE_FIDELITY': 0.999, 'U3_GATE_DURATION': 0.5, 'CZ_GATE_FIDELITY': 0.995, 'CZ_GATE_DURATION': 0.2, 'CCZ_GATE_FIDELITY': 0.9925, 'CCZ_GATE_DURATION': 1, 'QUBIT_DECAY': 100000000.0, 'QUBIT_DEPHASING': 1500000.0, 'SHUTTLING_FIDELITY': 1.0, 'SHUTTLING_SPEED': 0.55, 'TRAP_SWAP_DURATION': 20, 'TRAP_SWAP_FIDELITY': 1.0, 'INTERACTION_RADIUS': 2.0, 'RESTRICTION_RADIUS': 4.0, 'TRAP_TRANSFER_PROXIMITY': 1e-05, 'AOD_BEAM_PROXIMITY': 0.001}"
475,uuf200-06.cnf,200,860,22,2.6123695373535156,149003.30212723324,1.0377621984210597e-20,7225,2438,1278,0.995,"{'U3_GATE_FIDELITY': 0.999, 'U3_GATE_DURATION': 0.5, 'CZ_GATE_FIDELITY': 0.995, 'CZ_GATE_DURATION': 0.2, 'CCZ_GATE_FIDELITY': 0.995, 'CCZ_GATE_DURATION': 1, 'QUBIT_DECAY': 100000000.0, 'QUBIT_DEPHASING': 1500000.0, 'SHUTTLING_FIDELITY': 1.0, 'SHUTTLING_SPEED': 0.55, 'TRAP_SWAP_DURATION': 20, 'TRAP_SWAP_FIDELITY': 1.0, 'INTERACTION_RADIUS': 2.0, 'RESTRICTION_RADIUS': 4.0, 'TRAP_TRANSFER_PROXIMITY': 1e-05, 'AOD_BEAM_PROXIMITY': 0.001}"
476,uuf200-06.cnf,200,860,22,2.6123695373535156,149003.30212723324,2.5638488880505237e-19,7225,2438,1278,0.9975,"{'U3_GATE_FIDELITY': 0.999, 'U3_GATE_DURATION': 0.5, 'CZ_GATE_FIDELITY': 0.995, 'CZ_GATE_DURATION': 0.2, 'CCZ_GATE_FIDELITY': 0.9975, 'CCZ_GATE_DURATION': 1, 'QUBIT_DECAY': 100000000.0, 'QUBIT_DEPHASING': 1500000.0, 'SHUTTLING_FIDELITY': 1.0, 'SHUTTLING_SPEED': 0.55, 'TRAP_SWAP_DURATION': 20, 'TRAP_SWAP_FIDELITY': 1.0, 'INTERACTION_RADIUS': 2.0, 'RESTRICTION_RADIUS': 4.0, 'TRAP_TRANSFER_PROXIMITY': 1e-05, 'AOD_BEAM_PROXIMITY': 0.001}"
477,uf20-04.cnf,20,91,21,0.0638277530670166,10764.315106689117,0.00730869283450589,685,180,140,0.9775,"{'U3_GATE_FIDELITY': 0.999, 'U3_GATE_DURATION': 0.5, 'CZ_GATE_FIDELITY': 0.995, 'CZ_GATE_DURATION': 0.2, 'CCZ_GATE_FIDELITY': 0.9775, 'CCZ_GATE_DURATION': 1, 'QUBIT_DECAY': 100000000.0, 'QUBIT_DEPHASING': 1500000.0, 'SHUTTLING_FIDELITY': 1.0, 'SHUTTLING_SPEED': 0.55, 'TRAP_SWAP_DURATION': 20, 'TRAP_SWAP_FIDELITY': 1.0, 'INTERACTION_RADIUS': 2.0, 'RESTRICTION_RADIUS': 4.0, 'TRAP_TRANSFER_PROXIMITY': 1e-05, 'AOD_BEAM_PROXIMITY': 0.001}"
478,uf20-04.cnf,20,91,21,0.0638277530670166,10764.315106689117,0.010450644087471537,685,180,140,0.98,"{'U3_GATE_FIDELITY': 0.999, 'U3_GATE_DURATION': 0.5, 'CZ_GATE_FIDELITY': 0.995, 'CZ_GATE_DURATION': 0.2, 'CCZ_GATE_FIDELITY': 0.98, 'CCZ_GATE_DURATION': 1, 'QUBIT_DECAY': 100000000.0, 'QUBIT_DEPHASING': 1500000.0, 'SHUTTLING_FIDELITY': 1.0, 'SHUTTLING_SPEED': 0.55, 'TRAP_SWAP_DURATION': 20, 'TRAP_SWAP_FIDELITY': 1.0, 'INTERACTION_RADIUS': 2.0, 'RESTRICTION_RADIUS': 4.0, 'TRAP_TRANSFER_PROXIMITY': 1e-05, 'AOD_BEAM_PROXIMITY': 0.001}"
479,uf20-04.cnf,20,91,21,0.0638277530670166,10764.315106689117,0.014929687834236363,685,180,140,0.9825,"{'U3_GATE_FIDELITY': 0.999, 'U3_GATE_DURATION': 0.5, 'CZ_GATE_FIDELITY': 0.995, 'CZ_GATE_DURATION': 0.2, 'CCZ_GATE_FIDELITY': 0.9825, 'CCZ_GATE_DURATION': 1, 'QUBIT_DECAY': 100000000.0, 'QUBIT_DEPHASING': 1500000.0, 'SHUTTLING_FIDELITY': 1.0, 'SHUTTLING_SPEED': 0.55, 'TRAP_SWAP_DURATION': 20, 'TRAP_SWAP_FIDELITY': 1.0, 'INTERACTION_RADIUS': 2.0, 'RESTRICTION_RADIUS': 4.0, 'TRAP_TRANSFER_PROXIMITY': 1e-05, 'AOD_BEAM_PROXIMITY': 0.001}"
480,uf20-04.cnf,20,91,21,0.0638277530670166,10764.315106689117,0.021309081486589984,685,180,140,0.985,"{'U3_GATE_FIDELITY': 0.999, 'U3_GATE_DURATION': 0.5, 'CZ_GATE_FIDELITY': 0.995, 'CZ_GATE_DURATION': 0.2, 'CCZ_GATE_FIDELITY': 0.985, 'CCZ_GATE_DURATION': 1, 'QUBIT_DECAY': 100000000.0, 'QUBIT_DEPHASING': 1500000.0, 'SHUTTLING_FIDELITY': 1.0, 'SHUTTLING_SPEED': 0.55, 'TRAP_SWAP_DURATION': 20, 'TRAP_SWAP_FIDELITY': 1.0, 'INTERACTION_RADIUS': 2.0, 'RESTRICTION_RADIUS': 4.0, 'TRAP_TRANSFER_PROXIMITY': 1e-05, 'AOD_BEAM_PROXIMITY': 0.001}"
481,uf20-04.cnf,20,91,21,0.0638277530670166,10764.315106689117,0.03038694657349414,685,180,140,0.9875,"{'U3_GATE_FIDELITY': 0.999, 'U3_GATE_DURATION': 0.5, 'CZ_GATE_FIDELITY': 0.995, 'CZ_GATE_DURATION': 0.2, 'CCZ_GATE_FIDELITY': 0.9875, 'CCZ_GATE_DURATION': 1, 'QUBIT_DECAY': 100000000.0, 'QUBIT_DEPHASING': 1500000.0, 'SHUTTLING_FIDELITY': 1.0, 'SHUTTLING_SPEED': 0.55, 'TRAP_SWAP_DURATION': 20, 'TRAP_SWAP_FIDELITY': 1.0, 'INTERACTION_RADIUS': 2.0, 'RESTRICTION_RADIUS': 4.0, 'TRAP_TRANSFER_PROXIMITY': 1e-05, 'AOD_BEAM_PROXIMITY': 0.001}"
482,uf20-04.cnf,20,91,21,0.0638277530670166,10764.315106689117,0.04329320163833864,685,180,140,0.99,"{'U3_GATE_FIDELITY': 0.999, 'U3_GATE_DURATION': 0.5, 'CZ_GATE_FIDELITY': 0.995, 'CZ_GATE_DURATION': 0.2, 'CCZ_GATE_FIDELITY': 0.99, 'CCZ_GATE_DURATION': 1, 'QUBIT_DECAY': 100000000.0, 'QUBIT_DEPHASING': 1500000.0, 'SHUTTLING_FIDELITY': 1.0, 'SHUTTLING_SPEED': 0.55, 'TRAP_SWAP_DURATION': 20, 'TRAP_SWAP_FIDELITY': 1.0, 'INTERACTION_RADIUS': 2.0, 'RESTRICTION_RADIUS': 4.0, 'TRAP_TRANSFER_PROXIMITY': 1e-05, 'AOD_BEAM_PROXIMITY': 0.001}"
483,uf20-04.cnf,20,91,21,0.0638277530670166,10764.315106689117,0.06162609107136353,685,180,140,0.9925,"{'U3_GATE_FIDELITY': 0.999, 'U3_GATE_DURATION': 0.5, 'CZ_GATE_FIDELITY': 0.995, 'CZ_GATE_DURATION': 0.2, 'CCZ_GATE_FIDELITY': 0.9925, 'CCZ_GATE_DURATION': 1, 'QUBIT_DECAY': 100000000.0, 'QUBIT_DEPHASING': 1500000.0, 'SHUTTLING_FIDELITY': 1.0, 'SHUTTLING_SPEED': 0.55, 'TRAP_SWAP_DURATION': 20, 'TRAP_SWAP_FIDELITY': 1.0, 'INTERACTION_RADIUS': 2.0, 'RESTRICTION_RADIUS': 4.0, 'TRAP_TRANSFER_PROXIMITY': 1e-05, 'AOD_BEAM_PROXIMITY': 0.001}"
484,uf20-04.cnf,20,91,21,0.0638277530670166,10764.315106689117,0.08764431778784175,685,180,140,0.995,"{'U3_GATE_FIDELITY': 0.999, 'U3_GATE_DURATION': 0.5, 'CZ_GATE_FIDELITY': 0.995, 'CZ_GATE_DURATION': 0.2, 'CCZ_GATE_FIDELITY': 0.995, 'CCZ_GATE_DURATION': 1, 'QUBIT_DECAY': 100000000.0, 'QUBIT_DEPHASING': 1500000.0, 'SHUTTLING_FIDELITY': 1.0, 'SHUTTLING_SPEED': 0.55, 'TRAP_SWAP_DURATION': 20, 'TRAP_SWAP_FIDELITY': 1.0, 'INTERACTION_RADIUS': 2.0, 'RESTRICTION_RADIUS': 4.0, 'TRAP_TRANSFER_PROXIMITY': 1e-05, 'AOD_BEAM_PROXIMITY': 0.001}"
485,uf20-04.cnf,20,91,21,0.0638277530670166,10764.315106689117,0.12453719242032235,685,180,140,0.9975,"{'U3_GATE_FIDELITY': 0.999, 'U3_GATE_DURATION': 0.5, 'CZ_GATE_FIDELITY': 0.995, 'CZ_GATE_DURATION': 0.2, 'CCZ_GATE_FIDELITY': 0.9975, 'CCZ_GATE_DURATION': 1, 'QUBIT_DECAY': 100000000.0, 'QUBIT_DEPHASING': 1500000.0, 'SHUTTLING_FIDELITY': 1.0, 'SHUTTLING_SPEED': 0.55, 'TRAP_SWAP_DURATION': 20, 'TRAP_SWAP_FIDELITY': 1.0, 'INTERACTION_RADIUS': 2.0, 'RESTRICTION_RADIUS': 4.0, 'TRAP_TRANSFER_PROXIMITY': 1e-05, 'AOD_BEAM_PROXIMITY': 0.001}"
486,uuf75-04.cnf,75,325,20,0.485184907913208,42626.01792963743,2.76529194610141e-09,2605,910,456,0.9775,"{'U3_GATE_FIDELITY': 0.999, 'U3_GATE_DURATION': 0.5, 'CZ_GATE_FIDELITY': 0.995, 'CZ_GATE_DURATION': 0.2, 'CCZ_GATE_FIDELITY': 0.9775, 'CCZ_GATE_DURATION': 1, 'QUBIT_DECAY': 100000000.0, 'QUBIT_DEPHASING': 1500000.0, 'SHUTTLING_FIDELITY': 1.0, 'SHUTTLING_SPEED': 0.55, 'TRAP_SWAP_DURATION': 20, 'TRAP_SWAP_FIDELITY': 1.0, 'INTERACTION_RADIUS': 2.0, 'RESTRICTION_RADIUS': 4.0, 'TRAP_TRANSFER_PROXIMITY': 1e-05, 'AOD_BEAM_PROXIMITY': 0.001}"
487,uuf75-04.cnf,75,325,20,0.485184907913208,42626.01792963743,8.86311077987674e-09,2605,910,456,0.98,"{'U3_GATE_FIDELITY': 0.999, 'U3_GATE_DURATION': 0.5, 'CZ_GATE_FIDELITY': 0.995, 'CZ_GATE_DURATION': 0.2, 'CCZ_GATE_FIDELITY': 0.98, 'CCZ_GATE_DURATION': 1, 'QUBIT_DECAY': 100000000.0, 'QUBIT_DEPHASING': 1500000.0, 'SHUTTLING_FIDELITY': 1.0, 'SHUTTLING_SPEED': 0.55, 'TRAP_SWAP_DURATION': 20, 'TRAP_SWAP_FIDELITY': 1.0, 'INTERACTION_RADIUS': 2.0, 'RESTRICTION_RADIUS': 4.0, 'TRAP_TRANSFER_PROXIMITY': 1e-05, 'AOD_BEAM_PROXIMITY': 0.001}"
488,uuf75-04.cnf,75,325,20,0.485184907913208,42626.01792963743,2.832321750254886e-08,2605,910,456,0.9825,"{'U3_GATE_FIDELITY': 0.999, 'U3_GATE_DURATION': 0.5, 'CZ_GATE_FIDELITY': 0.995, 'CZ_GATE_DURATION': 0.2, 'CCZ_GATE_FIDELITY': 0.9825, 'CCZ_GATE_DURATION': 1, 'QUBIT_DECAY': 100000000.0, 'QUBIT_DEPHASING': 1500000.0, 'SHUTTLING_FIDELITY': 1.0, 'SHUTTLING_SPEED': 0.55, 'TRAP_SWAP_DURATION': 20, 'TRAP_SWAP_FIDELITY': 1.0, 'INTERACTION_RADIUS': 2.0, 'RESTRICTION_RADIUS': 4.0, 'TRAP_TRANSFER_PROXIMITY': 1e-05, 'AOD_BEAM_PROXIMITY': 0.001}"
489,uuf75-04.cnf,75,325,20,0.485184907913208,42626.01792963743,9.024367414903584e-08,2605,910,456,0.985,"{'U3_GATE_FIDELITY': 0.999, 'U3_GATE_DURATION': 0.5, 'CZ_GATE_FIDELITY': 0.995, 'CZ_GATE_DURATION': 0.2, 'CCZ_GATE_FIDELITY': 0.985, 'CCZ_GATE_DURATION': 1, 'QUBIT_DECAY': 100000000.0, 'QUBIT_DEPHASING': 1500000.0, 'SHUTTLING_FIDELITY': 1.0, 'SHUTTLING_SPEED': 0.55, 'TRAP_SWAP_DURATION': 20, 'TRAP_SWAP_FIDELITY': 1.0, 'INTERACTION_RADIUS': 2.0, 'RESTRICTION_RADIUS': 4.0, 'TRAP_TRANSFER_PROXIMITY': 1e-05, 'AOD_BEAM_PROXIMITY': 0.001}"
490,uuf75-04.cnf,75,325,20,0.485184907913208,42626.01792963743,2.8669176735264066e-07,2605,910,456,0.9875,"{'U3_GATE_FIDELITY': 0.999, 'U3_GATE_DURATION': 0.5, 'CZ_GATE_FIDELITY': 0.995, 'CZ_GATE_DURATION': 0.2, 'CCZ_GATE_FIDELITY': 0.9875, 'CCZ_GATE_DURATION': 1, 'QUBIT_DECAY': 100000000.0, 'QUBIT_DEPHASING': 1500000.0, 'SHUTTLING_FIDELITY': 1.0, 'SHUTTLING_SPEED': 0.55, 'TRAP_SWAP_DURATION': 20, 'TRAP_SWAP_FIDELITY': 1.0, 'INTERACTION_RADIUS': 2.0, 'RESTRICTION_RADIUS': 4.0, 'TRAP_TRANSFER_PROXIMITY': 1e-05, 'AOD_BEAM_PROXIMITY': 0.001}"
491,uuf75-04.cnf,75,325,20,0.485184907913208,42626.01792963743,9.081224210064845e-07,2605,910,456,0.99,"{'U3_GATE_FIDELITY': 0.999, 'U3_GATE_DURATION': 0.5, 'CZ_GATE_FIDELITY': 0.995, 'CZ_GATE_DURATION': 0.2, 'CCZ_GATE_FIDELITY': 0.99, 'CCZ_GATE_DURATION': 1, 'QUBIT_DECAY': 100000000.0, 'QUBIT_DEPHASING': 1500000.0, 'SHUTTLING_FIDELITY': 1.0, 'SHUTTLING_SPEED': 0.55, 'TRAP_SWAP_DURATION': 20, 'TRAP_SWAP_FIDELITY': 1.0, 'INTERACTION_RADIUS': 2.0, 'RESTRICTION_RADIUS': 4.0, 'TRAP_TRANSFER_PROXIMITY': 1e-05, 'AOD_BEAM_PROXIMITY': 0.001}"
492,uuf75-04.cnf,75,325,20,0.485184907913208,42626.01792963743,2.8682083792602288e-06,2605,910,456,0.9925,"{'U3_GATE_FIDELITY': 0.999, 'U3_GATE_DURATION': 0.5, 'CZ_GATE_FIDELITY': 0.995, 'CZ_GATE_DURATION': 0.2, 'CCZ_GATE_FIDELITY': 0.9925, 'CCZ_GATE_DURATION': 1, 'QUBIT_DECAY': 100000000.0, 'QUBIT_DEPHASING': 1500000.0, 'SHUTTLING_FIDELITY': 1.0, 'SHUTTLING_SPEED': 0.55, 'TRAP_SWAP_DURATION': 20, 'TRAP_SWAP_FIDELITY': 1.0, 'INTERACTION_RADIUS': 2.0, 'RESTRICTION_RADIUS': 4.0, 'TRAP_TRANSFER_PROXIMITY': 1e-05, 'AOD_BEAM_PROXIMITY': 0.001}"
493,uuf75-04.cnf,75,325,20,0.485184907913208,42626.01792963743,9.03276022148269e-06,2605,910,456,0.995,"{'U3_GATE_FIDELITY': 0.999, 'U3_GATE_DURATION': 0.5, 'CZ_GATE_FIDELITY': 0.995, 'CZ_GATE_DURATION': 0.2, 'CCZ_GATE_FIDELITY': 0.995, 'CCZ_GATE_DURATION': 1, 'QUBIT_DECAY': 100000000.0, 'QUBIT_DEPHASING': 1500000.0, 'SHUTTLING_FIDELITY': 1.0, 'SHUTTLING_SPEED': 0.55, 'TRAP_SWAP_DURATION': 20, 'TRAP_SWAP_FIDELITY': 1.0, 'INTERACTION_RADIUS': 2.0, 'RESTRICTION_RADIUS': 4.0, 'TRAP_TRANSFER_PROXIMITY': 1e-05, 'AOD_BEAM_PROXIMITY': 0.001}"
494,uuf75-04.cnf,75,325,20,0.485184907913208,42626.01792963743,2.8364821141772076e-05,2605,910,456,0.9975,"{'U3_GATE_FIDELITY': 0.999, 'U3_GATE_DURATION': 0.5, 'CZ_GATE_FIDELITY': 0.995, 'CZ_GATE_DURATION': 0.2, 'CCZ_GATE_FIDELITY': 0.9975, 'CCZ_GATE_DURATION': 1, 'QUBIT_DECAY': 100000000.0, 'QUBIT_DEPHASING': 1500000.0, 'SHUTTLING_FIDELITY': 1.0, 'SHUTTLING_SPEED': 0.55, 'TRAP_SWAP_DURATION': 20, 'TRAP_SWAP_FIDELITY': 1.0, 'INTERACTION_RADIUS': 2.0, 'RESTRICTION_RADIUS': 4.0, 'TRAP_TRANSFER_PROXIMITY': 1e-05, 'AOD_BEAM_PROXIMITY': 0.001}"
495,uuf225-06.cnf,225,960,29,3.646292209625244,180880.52939996042,2.0328409672771917e-36,8100,2694,1452,0.9775,"{'U3_GATE_FIDELITY': 0.999, 'U3_GATE_DURATION': 0.5, 'CZ_GATE_FIDELITY': 0.995, 'CZ_GATE_DURATION': 0.2, 'CCZ_GATE_FIDELITY': 0.9775, 'CCZ_GATE_DURATION': 1, 'QUBIT_DECAY': 100000000.0, 'QUBIT_DEPHASING': 1500000.0, 'SHUTTLING_FIDELITY': 1.0, 'SHUTTLING_SPEED': 0.55, 'TRAP_SWAP_DURATION': 20, 'TRAP_SWAP_FIDELITY': 1.0, 'INTERACTION_RADIUS': 2.0, 'RESTRICTION_RADIUS': 4.0, 'TRAP_TRANSFER_PROXIMITY': 1e-05, 'AOD_BEAM_PROXIMITY': 0.001}"
496,uuf225-06.cnf,225,960,29,3.646292209625244,180880.52939996042,8.295087648021247e-35,8100,2694,1452,0.98,"{'U3_GATE_FIDELITY': 0.999, 'U3_GATE_DURATION': 0.5, 'CZ_GATE_FIDELITY': 0.995, 'CZ_GATE_DURATION': 0.2, 'CCZ_GATE_FIDELITY': 0.98, 'CCZ_GATE_DURATION': 1, 'QUBIT_DECAY': 100000000.0, 'QUBIT_DEPHASING': 1500000.0, 'SHUTTLING_FIDELITY': 1.0, 'SHUTTLING_SPEED': 0.55, 'TRAP_SWAP_DURATION': 20, 'TRAP_SWAP_FIDELITY': 1.0, 'INTERACTION_RADIUS': 2.0, 'RESTRICTION_RADIUS': 4.0, 'TRAP_TRANSFER_PROXIMITY': 1e-05, 'AOD_BEAM_PROXIMITY': 0.001}"
497,uuf225-06.cnf,225,960,29,3.646292209625244,180880.52939996042,3.3530097066072115e-33,8100,2694,1452,0.9825,"{'U3_GATE_FIDELITY': 0.999, 'U3_GATE_DURATION': 0.5, 'CZ_GATE_FIDELITY': 0.995, 'CZ_GATE_DURATION': 0.2, 'CCZ_GATE_FIDELITY': 0.9825, 'CCZ_GATE_DURATION': 1, 'QUBIT_DECAY': 100000000.0, 'QUBIT_DEPHASING': 1500000.0, 'SHUTTLING_FIDELITY': 1.0, 'SHUTTLING_SPEED': 0.55, 'TRAP_SWAP_DURATION': 20, 'TRAP_SWAP_FIDELITY': 1.0, 'INTERACTION_RADIUS': 2.0, 'RESTRICTION_RADIUS': 4.0, 'TRAP_TRANSFER_PROXIMITY': 1e-05, 'AOD_BEAM_PROXIMITY': 0.001}"
498,uuf225-06.cnf,225,960,29,3.646292209625244,180880.52939996042,1.3426590895344626e-31,8100,2694,1452,0.985,"{'U3_GATE_FIDELITY': 0.999, 'U3_GATE_DURATION': 0.5, 'CZ_GATE_FIDELITY': 0.995, 'CZ_GATE_DURATION': 0.2, 'CCZ_GATE_FIDELITY': 0.985, 'CCZ_GATE_DURATION': 1, 'QUBIT_DECAY': 100000000.0, 'QUBIT_DEPHASING': 1500000.0, 'SHUTTLING_FIDELITY': 1.0, 'SHUTTLING_SPEED': 0.55, 'TRAP_SWAP_DURATION': 20, 'TRAP_SWAP_FIDELITY': 1.0, 'INTERACTION_RADIUS': 2.0, 'RESTRICTION_RADIUS': 4.0, 'TRAP_TRANSFER_PROXIMITY': 1e-05, 'AOD_BEAM_PROXIMITY': 0.001}"
499,uuf225-06.cnf,225,960,29,3.646292209625244,180880.52939996042,5.326409043292147e-30,8100,2694,1452,0.9875,"{'U3_GATE_FIDELITY': 0.999, 'U3_GATE_DURATION': 0.5, 'CZ_GATE_FIDELITY': 0.995, 'CZ_GATE_DURATION': 0.2, 'CCZ_GATE_FIDELITY': 0.9875, 'CCZ_GATE_DURATION': 1, 'QUBIT_DECAY': 100000000.0, 'QUBIT_DEPHASING': 1500000.0, 'SHUTTLING_FIDELITY': 1.0, 'SHUTTLING_SPEED': 0.55, 'TRAP_SWAP_DURATION': 20, 'TRAP_SWAP_FIDELITY': 1.0, 'INTERACTION_RADIUS': 2.0, 'RESTRICTION_RADIUS': 4.0, 'TRAP_TRANSFER_PROXIMITY': 1e-05, 'AOD_BEAM_PROXIMITY': 0.001}"
500,uuf225-06.cnf,225,960,29,3.646292209625244,180880.52939996042,2.0934453567481086e-28,8100,2694,1452,0.99,"{'U3_GATE_FIDELITY': 0.999, 'U3_GATE_DURATION': 0.5, 'CZ_GATE_FIDELITY': 0.995, 'CZ_GATE_DURATION': 0.2, 'CCZ_GATE_FIDELITY': 0.99, 'CCZ_GATE_DURATION': 1, 'QUBIT_DECAY': 100000000.0, 'QUBIT_DEPHASING': 1500000.0, 'SHUTTLING_FIDELITY': 1.0, 'SHUTTLING_SPEED': 0.55, 'TRAP_SWAP_DURATION': 20, 'TRAP_SWAP_FIDELITY': 1.0, 'INTERACTION_RADIUS': 2.0, 'RESTRICTION_RADIUS': 4.0, 'TRAP_TRANSFER_PROXIMITY': 1e-05, 'AOD_BEAM_PROXIMITY': 0.001}"
501,uuf225-06.cnf,225,960,29,3.646292209625244,180880.52939996042,8.152062217366111e-27,8100,2694,1452,0.9925,"{'U3_GATE_FIDELITY': 0.999, 'U3_GATE_DURATION': 0.5, 'CZ_GATE_FIDELITY': 0.995, 'CZ_GATE_DURATION': 0.2, 'CCZ_GATE_FIDELITY': 0.9925, 'CCZ_GATE_DURATION': 1, 'QUBIT_DECAY': 100000000.0, 'QUBIT_DEPHASING': 1500000.0, 'SHUTTLING_FIDELITY': 1.0, 'SHUTTLING_SPEED': 0.55, 'TRAP_SWAP_DURATION': 20, 'TRAP_SWAP_FIDELITY': 1.0, 'INTERACTION_RADIUS': 2.0, 'RESTRICTION_RADIUS': 4.0, 'TRAP_TRANSFER_PROXIMITY': 1e-05, 'AOD_BEAM_PROXIMITY': 0.001}"
502,uuf225-06.cnf,225,960,29,3.646292209625244,180880.52939996042,3.1453741738288273e-25,8100,2694,1452,0.995,"{'U3_GATE_FIDELITY': 0.999, 'U3_GATE_DURATION': 0.5, 'CZ_GATE_FIDELITY': 0.995, 'CZ_GATE_DURATION': 0.2, 'CCZ_GATE_FIDELITY': 0.995, 'CCZ_GATE_DURATION': 1, 'QUBIT_DECAY': 100000000.0, 'QUBIT_DEPHASING': 1500000.0, 'SHUTTLING_FIDELITY': 1.0, 'SHUTTLING_SPEED': 0.55, 'TRAP_SWAP_DURATION': 20, 'TRAP_SWAP_FIDELITY': 1.0, 'INTERACTION_RADIUS': 2.0, 'RESTRICTION_RADIUS': 4.0, 'TRAP_TRANSFER_PROXIMITY': 1e-05, 'AOD_BEAM_PROXIMITY': 0.001}"
503,uuf225-06.cnf,225,960,29,3.646292209625244,180880.52939996042,1.2025307836224276e-23,8100,2694,1452,0.9975,"{'U3_GATE_FIDELITY': 0.999, 'U3_GATE_DURATION': 0.5, 'CZ_GATE_FIDELITY': 0.995, 'CZ_GATE_DURATION': 0.2, 'CCZ_GATE_FIDELITY': 0.9975, 'CCZ_GATE_DURATION': 1, 'QUBIT_DECAY': 100000000.0, 'QUBIT_DEPHASING': 1500000.0, 'SHUTTLING_FIDELITY': 1.0, 'SHUTTLING_SPEED': 0.55, 'TRAP_SWAP_DURATION': 20, 'TRAP_SWAP_FIDELITY': 1.0, 'INTERACTION_RADIUS': 2.0, 'RESTRICTION_RADIUS': 4.0, 'TRAP_TRANSFER_PROXIMITY': 1e-05, 'AOD_BEAM_PROXIMITY': 0.001}"
504,uuf200-04.cnf,200,860,22,2.574920415878296,144235.68668189566,1.483263130666284e-30,7242,2380,1318,0.9775,"{'U3_GATE_FIDELITY': 0.999, 'U3_GATE_DURATION': 0.5, 'CZ_GATE_FIDELITY': 0.995, 'CZ_GATE_DURATION': 0.2, 'CCZ_GATE_FIDELITY': 0.9775, 'CCZ_GATE_DURATION': 1, 'QUBIT_DECAY': 100000000.0, 'QUBIT_DEPHASING': 1500000.0, 'SHUTTLING_FIDELITY': 1.0, 'SHUTTLING_SPEED': 0.55, 'TRAP_SWAP_DURATION': 20, 'TRAP_SWAP_FIDELITY': 1.0, 'INTERACTION_RADIUS': 2.0, 'RESTRICTION_RADIUS': 4.0, 'TRAP_TRANSFER_PROXIMITY': 1e-05, 'AOD_BEAM_PROXIMITY': 0.001}"
505,uuf200-04.cnf,200,860,22,2.574920415878296,144235.68668189566,4.2982164985167514e-29,7242,2380,1318,0.98,"{'U3_GATE_FIDELITY': 0.999, 'U3_GATE_DURATION': 0.5, 'CZ_GATE_FIDELITY': 0.995, 'CZ_GATE_DURATION': 0.2, 'CCZ_GATE_FIDELITY': 0.98, 'CCZ_GATE_DURATION': 1, 'QUBIT_DECAY': 100000000.0, 'QUBIT_DEPHASING': 1500000.0, 'SHUTTLING_FIDELITY': 1.0, 'SHUTTLING_SPEED': 0.55, 'TRAP_SWAP_DURATION': 20, 'TRAP_SWAP_FIDELITY': 1.0, 'INTERACTION_RADIUS': 2.0, 'RESTRICTION_RADIUS': 4.0, 'TRAP_TRANSFER_PROXIMITY': 1e-05, 'AOD_BEAM_PROXIMITY': 0.001}"
506,uuf200-04.cnf,200,860,22,2.574920415878296,144235.68668189566,1.234904430334932e-27,7242,2380,1318,0.9825,"{'U3_GATE_FIDELITY': 0.999, 'U3_GATE_DURATION': 0.5, 'CZ_GATE_FIDELITY': 0.995, 'CZ_GATE_DURATION': 0.2, 'CCZ_GATE_FIDELITY': 0.9825, 'CCZ_GATE_DURATION': 1, 'QUBIT_DECAY': 100000000.0, 'QUBIT_DEPHASING': 1500000.0, 'SHUTTLING_FIDELITY': 1.0, 'SHUTTLING_SPEED': 0.55, 'TRAP_SWAP_DURATION': 20, 'TRAP_SWAP_FIDELITY': 1.0, 'INTERACTION_RADIUS': 2.0, 'RESTRICTION_RADIUS': 4.0, 'TRAP_TRANSFER_PROXIMITY': 1e-05, 'AOD_BEAM_PROXIMITY': 0.001}"
507,uuf200-04.cnf,200,860,22,2.574920415878296,144235.68668189566,3.5178095210148997e-26,7242,2380,1318,0.985,"{'U3_GATE_FIDELITY': 0.999, 'U3_GATE_DURATION': 0.5, 'CZ_GATE_FIDELITY': 0.995, 'CZ_GATE_DURATION': 0.2, 'CCZ_GATE_FIDELITY': 0.985, 'CCZ_GATE_DURATION': 1, 'QUBIT_DECAY': 100000000.0, 'QUBIT_DEPHASING': 1500000.0, 'SHUTTLING_FIDELITY': 1.0, 'SHUTTLING_SPEED': 0.55, 'TRAP_SWAP_DURATION': 20, 'TRAP_SWAP_FIDELITY': 1.0, 'INTERACTION_RADIUS': 2.0, 'RESTRICTION_RADIUS': 4.0, 'TRAP_TRANSFER_PROXIMITY': 1e-05, 'AOD_BEAM_PROXIMITY': 0.001}"
508,uuf200-04.cnf,200,860,22,2.574920415878296,144235.68668189566,9.936283851276273e-25,7242,2380,1318,0.9875,"{'U3_GATE_FIDELITY': 0.999, 'U3_GATE_DURATION': 0.5, 'CZ_GATE_FIDELITY': 0.995, 'CZ_GATE_DURATION': 0.2, 'CCZ_GATE_FIDELITY': 0.9875, 'CCZ_GATE_DURATION': 1, 'QUBIT_DECAY': 100000000.0, 'QUBIT_DEPHASING': 1500000.0, 'SHUTTLING_FIDELITY': 1.0, 'SHUTTLING_SPEED': 0.55, 'TRAP_SWAP_DURATION': 20, 'TRAP_SWAP_FIDELITY': 1.0, 'INTERACTION_RADIUS': 2.0, 'RESTRICTION_RADIUS': 4.0, 'TRAP_TRANSFER_PROXIMITY': 1e-05, 'AOD_BEAM_PROXIMITY': 0.001}"
509,uuf200-04.cnf,200,860,22,2.574920415878296,144235.68668189566,2.782960253312209e-23,7242,2380,1318,0.99,"{'U3_GATE_FIDELITY': 0.999, 'U3_GATE_DURATION': 0.5, 'CZ_GATE_FIDELITY': 0.995, 'CZ_GATE_DURATION': 0.2, 'CCZ_GATE_FIDELITY': 0.99, 'CCZ_GATE_DURATION': 1, 'QUBIT_DECAY': 100000000.0, 'QUBIT_DEPHASING': 1500000.0, 'SHUTTLING_FIDELITY': 1.0, 'SHUTTLING_SPEED': 0.55, 'TRAP_SWAP_DURATION': 20, 'TRAP_SWAP_FIDELITY': 1.0, 'INTERACTION_RADIUS': 2.0, 'RESTRICTION_RADIUS': 4.0, 'TRAP_TRANSFER_PROXIMITY': 1e-05, 'AOD_BEAM_PROXIMITY': 0.001}"
510,uuf200-04.cnf,200,860,22,2.574920415878296,144235.68668189566,7.729294725351818e-22,7242,2380,1318,0.9925,"{'U3_GATE_FIDELITY': 0.999, 'U3_GATE_DURATION': 0.5, 'CZ_GATE_FIDELITY': 0.995, 'CZ_GATE_DURATION': 0.2, 'CCZ_GATE_FIDELITY': 0.9925, 'CCZ_GATE_DURATION': 1, 'QUBIT_DECAY': 100000000.0, 'QUBIT_DEPHASING': 1500000.0, 'SHUTTLING_FIDELITY': 1.0, 'SHUTTLING_SPEED': 0.55, 'TRAP_SWAP_DURATION': 20, 'TRAP_SWAP_FIDELITY': 1.0, 'INTERACTION_RADIUS': 2.0, 'RESTRICTION_RADIUS': 4.0, 'TRAP_TRANSFER_PROXIMITY': 1e-05, 'AOD_BEAM_PROXIMITY': 0.001}"
511,uuf200-04.cnf,200,860,22,2.574920415878296,144235.68668189566,2.1288298296023785e-20,7242,2380,1318,0.995,"{'U3_GATE_FIDELITY': 0.999, 'U3_GATE_DURATION': 0.5, 'CZ_GATE_FIDELITY': 0.995, 'CZ_GATE_DURATION': 0.2, 'CCZ_GATE_FIDELITY': 0.995, 'CCZ_GATE_DURATION': 1, 'QUBIT_DECAY': 100000000.0, 'QUBIT_DEPHASING': 1500000.0, 'SHUTTLING_FIDELITY': 1.0, 'SHUTTLING_SPEED': 0.55, 'TRAP_SWAP_DURATION': 20, 'TRAP_SWAP_FIDELITY': 1.0, 'INTERACTION_RADIUS': 2.0, 'RESTRICTION_RADIUS': 4.0, 'TRAP_TRANSFER_PROXIMITY': 1e-05, 'AOD_BEAM_PROXIMITY': 0.001}"
512,uuf200-04.cnf,200,860,22,2.574920415878296,144235.68668189566,5.814715478849173e-19,7242,2380,1318,0.9975,"{'U3_GATE_FIDELITY': 0.999, 'U3_GATE_DURATION': 0.5, 'CZ_GATE_FIDELITY': 0.995, 'CZ_GATE_DURATION': 0.2, 'CCZ_GATE_FIDELITY': 0.9975, 'CCZ_GATE_DURATION': 1, 'QUBIT_DECAY': 100000000.0, 'QUBIT_DEPHASING': 1500000.0, 'SHUTTLING_FIDELITY': 1.0, 'SHUTTLING_SPEED': 0.55, 'TRAP_SWAP_DURATION': 20, 'TRAP_SWAP_FIDELITY': 1.0, 'INTERACTION_RADIUS': 2.0, 'RESTRICTION_RADIUS': 4.0, 'TRAP_TRANSFER_PROXIMITY': 1e-05, 'AOD_BEAM_PROXIMITY': 0.001}"
513,uf20-05.cnf,20,91,20,0.06483173370361328,10185.678496464148,0.009999726312806703,654,216,120,0.9775,"{'U3_GATE_FIDELITY': 0.999, 'U3_GATE_DURATION': 0.5, 'CZ_GATE_FIDELITY': 0.995, 'CZ_GATE_DURATION': 0.2, 'CCZ_GATE_FIDELITY': 0.9775, 'CCZ_GATE_DURATION': 1, 'QUBIT_DECAY': 100000000.0, 'QUBIT_DEPHASING': 1500000.0, 'SHUTTLING_FIDELITY': 1.0, 'SHUTTLING_SPEED': 0.55, 'TRAP_SWAP_DURATION': 20, 'TRAP_SWAP_FIDELITY': 1.0, 'INTERACTION_RADIUS': 2.0, 'RESTRICTION_RADIUS': 4.0, 'TRAP_TRANSFER_PROXIMITY': 1e-05, 'AOD_BEAM_PROXIMITY': 0.001}"
514,uf20-05.cnf,20,91,20,0.06483173370361328,10185.678496464148,0.013586427282922956,654,216,120,0.98,"{'U3_GATE_FIDELITY': 0.999, 'U3_GATE_DURATION': 0.5, 'CZ_GATE_FIDELITY': 0.995, 'CZ_GATE_DURATION': 0.2, 'CCZ_GATE_FIDELITY': 0.98, 'CCZ_GATE_DURATION': 1, 'QUBIT_DECAY': 100000000.0, 'QUBIT_DEPHASING': 1500000.0, 'SHUTTLING_FIDELITY': 1.0, 'SHUTTLING_SPEED': 0.55, 'TRAP_SWAP_DURATION': 20, 'TRAP_SWAP_FIDELITY': 1.0, 'INTERACTION_RADIUS': 2.0, 'RESTRICTION_RADIUS': 4.0, 'TRAP_TRANSFER_PROXIMITY': 1e-05, 'AOD_BEAM_PROXIMITY': 0.001}"
515,uf20-05.cnf,20,91,20,0.06483173370361328,10185.678496464148,0.018445195867000976,654,216,120,0.9825,"{'U3_GATE_FIDELITY': 0.999, 'U3_GATE_DURATION': 0.5, 'CZ_GATE_FIDELITY': 0.995, 'CZ_GATE_DURATION': 0.2, 'CCZ_GATE_FIDELITY': 0.9825, 'CCZ_GATE_DURATION': 1, 'QUBIT_DECAY': 100000000.0, 'QUBIT_DEPHASING': 1500000.0, 'SHUTTLING_FIDELITY': 1.0, 'SHUTTLING_SPEED': 0.55, 'TRAP_SWAP_DURATION': 20, 'TRAP_SWAP_FIDELITY': 1.0, 'INTERACTION_RADIUS': 2.0, 'RESTRICTION_RADIUS': 4.0, 'TRAP_TRANSFER_PROXIMITY': 1e-05, 'AOD_BEAM_PROXIMITY': 0.001}"
516,uf20-05.cnf,20,91,20,0.06483173370361328,10185.678496464148,0.02502210518052683,654,216,120,0.985,"{'U3_GATE_FIDELITY': 0.999, 'U3_GATE_DURATION': 0.5, 'CZ_GATE_FIDELITY': 0.995, 'CZ_GATE_DURATION': 0.2, 'CCZ_GATE_FIDELITY': 0.985, 'CCZ_GATE_DURATION': 1, 'QUBIT_DECAY': 100000000.0, 'QUBIT_DEPHASING': 1500000.0, 'SHUTTLING_FIDELITY': 1.0, 'SHUTTLING_SPEED': 0.55, 'TRAP_SWAP_DURATION': 20, 'TRAP_SWAP_FIDELITY': 1.0, 'INTERACTION_RADIUS': 2.0, 'RESTRICTION_RADIUS': 4.0, 'TRAP_TRANSFER_PROXIMITY': 1e-05, 'AOD_BEAM_PROXIMITY': 0.001}"
517,uf20-05.cnf,20,91,20,0.06483173370361328,10185.678496464148,0.03391788016349849,654,216,120,0.9875,"{'U3_GATE_FIDELITY': 0.999, 'U3_GATE_DURATION': 0.5, 'CZ_GATE_FIDELITY': 0.995, 'CZ_GATE_DURATION': 0.2, 'CCZ_GATE_FIDELITY': 0.9875, 'CCZ_GATE_DURATION': 1, 'QUBIT_DECAY': 100000000.0, 'QUBIT_DEPHASING': 1500000.0, 'SHUTTLING_FIDELITY': 1.0, 'SHUTTLING_SPEED': 0.55, 'TRAP_SWAP_DURATION': 20, 'TRAP_SWAP_FIDELITY': 1.0, 'INTERACTION_RADIUS': 2.0, 'RESTRICTION_RADIUS': 4.0, 'TRAP_TRANSFER_PROXIMITY': 1e-05, 'AOD_BEAM_PROXIMITY': 0.001}"
518,uf20-05.cnf,20,91,20,0.06483173370361328,10185.678496464148,0.04594090405907764,654,216,120,0.99,"{'U3_GATE_FIDELITY': 0.999, 'U3_GATE_DURATION': 0.5, 'CZ_GATE_FIDELITY': 0.995, 'CZ_GATE_DURATION': 0.2, 'CCZ_GATE_FIDELITY': 0.99, 'CCZ_GATE_DURATION': 1, 'QUBIT_DECAY': 100000000.0, 'QUBIT_DEPHASING': 1500000.0, 'SHUTTLING_FIDELITY': 1.0, 'SHUTTLING_SPEED': 0.55, 'TRAP_SWAP_DURATION': 20, 'TRAP_SWAP_FIDELITY': 1.0, 'INTERACTION_RADIUS': 2.0, 'RESTRICTION_RADIUS': 4.0, 'TRAP_TRANSFER_PROXIMITY': 1e-05, 'AOD_BEAM_PROXIMITY': 0.001}"
519,uf20-05.cnf,20,91,20,0.06483173370361328,10185.678496464148,0.062178184587419166,654,216,120,0.9925,"{'U3_GATE_FIDELITY': 0.999, 'U3_GATE_DURATION': 0.5, 'CZ_GATE_FIDELITY': 0.995, 'CZ_GATE_DURATION': 0.2, 'CCZ_GATE_FIDELITY': 0.9925, 'CCZ_GATE_DURATION': 1, 'QUBIT_DECAY': 100000000.0, 'QUBIT_DEPHASING': 1500000.0, 'SHUTTLING_FIDELITY': 1.0, 'SHUTTLING_SPEED': 0.55, 'TRAP_SWAP_DURATION': 20, 'TRAP_SWAP_FIDELITY': 1.0, 'INTERACTION_RADIUS': 2.0, 'RESTRICTION_RADIUS': 4.0, 'TRAP_TRANSFER_PROXIMITY': 1e-05, 'AOD_BEAM_PROXIMITY': 0.001}"
520,uf20-05.cnf,20,91,20,0.06483173370361328,10185.678496464148,0.0840902948153488,654,216,120,0.995,"{'U3_GATE_FIDELITY': 0.999, 'U3_GATE_DURATION': 0.5, 'CZ_GATE_FIDELITY': 0.995, 'CZ_GATE_DURATION': 0.2, 'CCZ_GATE_FIDELITY': 0.995, 'CCZ_GATE_DURATION': 1, 'QUBIT_DECAY': 100000000.0, 'QUBIT_DEPHASING': 1500000.0, 'SHUTTLING_FIDELITY': 1.0, 'SHUTTLING_SPEED': 0.55, 'TRAP_SWAP_DURATION': 20, 'TRAP_SWAP_FIDELITY': 1.0, 'INTERACTION_RADIUS': 2.0, 'RESTRICTION_RADIUS': 4.0, 'TRAP_TRANSFER_PROXIMITY': 1e-05, 'AOD_BEAM_PROXIMITY': 0.001}"
521,uf20-05.cnf,20,91,20,0.06483173370361328,10185.678496464148,0.11363829489617586,654,216,120,0.9975,"{'U3_GATE_FIDELITY': 0.999, 'U3_GATE_DURATION': 0.5, 'CZ_GATE_FIDELITY': 0.995, 'CZ_GATE_DURATION': 0.2, 'CCZ_GATE_FIDELITY': 0.9975, 'CCZ_GATE_DURATION': 1, 'QUBIT_DECAY': 100000000.0, 'QUBIT_DEPHASING': 1500000.0, 'SHUTTLING_FIDELITY': 1.0, 'SHUTTLING_SPEED': 0.55, 'TRAP_SWAP_DURATION': 20, 'TRAP_SWAP_FIDELITY': 1.0, 'INTERACTION_RADIUS': 2.0, 'RESTRICTION_RADIUS': 4.0, 'TRAP_TRANSFER_PROXIMITY': 1e-05, 'AOD_BEAM_PROXIMITY': 0.001}"
522,uuf225-04.cnf,225,960,24,3.3081400394439697,177707.34549859507,2.6890534387969087e-36,8156,2678,1462,0.9775,"{'U3_GATE_FIDELITY': 0.999, 'U3_GATE_DURATION': 0.5, 'CZ_GATE_FIDELITY': 0.995, 'CZ_GATE_DURATION': 0.2, 'CCZ_GATE_FIDELITY': 0.9775, 'CCZ_GATE_DURATION': 1, 'QUBIT_DECAY': 100000000.0, 'QUBIT_DEPHASING': 1500000.0, 'SHUTTLING_FIDELITY': 1.0, 'SHUTTLING_SPEED': 0.55, 'TRAP_SWAP_DURATION': 20, 'TRAP_SWAP_FIDELITY': 1.0, 'INTERACTION_RADIUS': 2.0, 'RESTRICTION_RADIUS': 4.0, 'TRAP_TRANSFER_PROXIMITY': 1e-05, 'AOD_BEAM_PROXIMITY': 0.001}"
523,uuf225-04.cnf,225,960,24,3.3081400394439697,177707.34549859507,1.1256674394694928e-34,8156,2678,1462,0.98,"{'U3_GATE_FIDELITY': 0.999, 'U3_GATE_DURATION': 0.5, 'CZ_GATE_FIDELITY': 0.995, 'CZ_GATE_DURATION': 0.2, 'CCZ_GATE_FIDELITY': 0.98, 'CCZ_GATE_DURATION': 1, 'QUBIT_DECAY': 100000000.0, 'QUBIT_DEPHASING': 1500000.0, 'SHUTTLING_FIDELITY': 1.0, 'SHUTTLING_SPEED': 0.55, 'TRAP_SWAP_DURATION': 20, 'TRAP_SWAP_FIDELITY': 1.0, 'INTERACTION_RADIUS': 2.0, 'RESTRICTION_RADIUS': 4.0, 'TRAP_TRANSFER_PROXIMITY': 1e-05, 'AOD_BEAM_PROXIMITY': 0.001}"
524,uuf225-04.cnf,225,960,24,3.3081400394439697,177707.34549859507,4.667547744288851e-33,8156,2678,1462,0.9825,"{'U3_GATE_FIDELITY': 0.999, 'U3_GATE_DURATION': 0.5, 'CZ_GATE_FIDELITY': 0.995, 'CZ_GATE_DURATION': 0.2, 'CCZ_GATE_FIDELITY': 0.9825, 'CCZ_GATE_DURATION': 1, 'QUBIT_DECAY': 100000000.0, 'QUBIT_DEPHASING': 1500000.0, 'SHUTTLING_FIDELITY': 1.0, 'SHUTTLING_SPEED': 0.55, 'TRAP_SWAP_DURATION': 20, 'TRAP_SWAP_FIDELITY': 1.0, 'INTERACTION_RADIUS': 2.0, 'RESTRICTION_RADIUS': 4.0, 'TRAP_TRANSFER_PROXIMITY': 1e-05, 'AOD_BEAM_PROXIMITY': 0.001}"
525,uuf225-04.cnf,225,960,24,3.3081400394439697,177707.34549859507,1.9171514799278014e-31,8156,2678,1462,0.985,"{'U3_GATE_FIDELITY': 0.999, 'U3_GATE_DURATION': 0.5, 'CZ_GATE_FIDELITY': 0.995, 'CZ_GATE_DURATION': 0.2, 'CCZ_GATE_FIDELITY': 0.985, 'CCZ_GATE_DURATION': 1, 'QUBIT_DECAY': 100000000.0, 'QUBIT_DEPHASING': 1500000.0, 'SHUTTLING_FIDELITY': 1.0, 'SHUTTLING_SPEED': 0.55, 'TRAP_SWAP_DURATION': 20, 'TRAP_SWAP_FIDELITY': 1.0, 'INTERACTION_RADIUS': 2.0, 'RESTRICTION_RADIUS': 4.0, 'TRAP_TRANSFER_PROXIMITY': 1e-05, 'AOD_BEAM_PROXIMITY': 0.001}"
526,uuf225-04.cnf,225,960,24,3.3081400394439697,177707.34549859507,7.800706285910876e-30,8156,2678,1462,0.9875,"{'U3_GATE_FIDELITY': 0.999, 'U3_GATE_DURATION': 0.5, 'CZ_GATE_FIDELITY': 0.995, 'CZ_GATE_DURATION': 0.2, 'CCZ_GATE_FIDELITY': 0.9875, 'CCZ_GATE_DURATION': 1, 'QUBIT_DECAY': 100000000.0, 'QUBIT_DEPHASING': 1500000.0, 'SHUTTLING_FIDELITY': 1.0, 'SHUTTLING_SPEED': 0.55, 'TRAP_SWAP_DURATION': 20, 'TRAP_SWAP_FIDELITY': 1.0, 'INTERACTION_RADIUS': 2.0, 'RESTRICTION_RADIUS': 4.0, 'TRAP_TRANSFER_PROXIMITY': 1e-05, 'AOD_BEAM_PROXIMITY': 0.001}"
527,uuf225-04.cnf,225,960,24,3.3081400394439697,177707.34549859507,3.1444300881424937e-28,8156,2678,1462,0.99,"{'U3_GATE_FIDELITY': 0.999, 'U3_GATE_DURATION': 0.5, 'CZ_GATE_FIDELITY': 0.995, 'CZ_GATE_DURATION': 0.2, 'CCZ_GATE_FIDELITY': 0.99, 'CCZ_GATE_DURATION': 1, 'QUBIT_DECAY': 100000000.0, 'QUBIT_DEPHASING': 1500000.0, 'SHUTTLING_FIDELITY': 1.0, 'SHUTTLING_SPEED': 0.55, 'TRAP_SWAP_DURATION': 20, 'TRAP_SWAP_FIDELITY': 1.0, 'INTERACTION_RADIUS': 2.0, 'RESTRICTION_RADIUS': 4.0, 'TRAP_TRANSFER_PROXIMITY': 1e-05, 'AOD_BEAM_PROXIMITY': 0.001}"
528,uuf225-04.cnf,225,960,24,3.3081400394439697,177707.34549859507,1.2557436995161786e-26,8156,2678,1462,0.9925,"{'U3_GATE_FIDELITY': 0.999, 'U3_GATE_DURATION': 0.5, 'CZ_GATE_FIDELITY': 0.995, 'CZ_GATE_DURATION': 0.2, 'CCZ_GATE_FIDELITY': 0.9925, 'CCZ_GATE_DURATION': 1, 'QUBIT_DECAY': 100000000.0, 'QUBIT_DEPHASING': 1500000.0, 'SHUTTLING_FIDELITY': 1.0, 'SHUTTLING_SPEED': 0.55, 'TRAP_SWAP_DURATION': 20, 'TRAP_SWAP_FIDELITY': 1.0, 'INTERACTION_RADIUS': 2.0, 'RESTRICTION_RADIUS': 4.0, 'TRAP_TRANSFER_PROXIMITY': 1e-05, 'AOD_BEAM_PROXIMITY': 0.001}"
529,uuf225-04.cnf,225,960,24,3.3081400394439697,177707.34549859507,4.968570905075673e-25,8156,2678,1462,0.995,"{'U3_GATE_FIDELITY': 0.999, 'U3_GATE_DURATION': 0.5, 'CZ_GATE_FIDELITY': 0.995, 'CZ_GATE_DURATION': 0.2, 'CCZ_GATE_FIDELITY': 0.995, 'CCZ_GATE_DURATION': 1, 'QUBIT_DECAY': 100000000.0, 'QUBIT_DEPHASING': 1500000.0, 'SHUTTLING_FIDELITY': 1.0, 'SHUTTLING_SPEED': 0.55, 'TRAP_SWAP_DURATION': 20, 'TRAP_SWAP_FIDELITY': 1.0, 'INTERACTION_RADIUS': 2.0, 'RESTRICTION_RADIUS': 4.0, 'TRAP_TRANSFER_PROXIMITY': 1e-05, 'AOD_BEAM_PROXIMITY': 0.001}"
530,uuf225-04.cnf,225,960,24,3.3081400394439697,177707.34549859507,1.9478414985331348e-23,8156,2678,1462,0.9975,"{'U3_GATE_FIDELITY': 0.999, 'U3_GATE_DURATION': 0.5, 'CZ_GATE_FIDELITY': 0.995, 'CZ_GATE_DURATION': 0.2, 'CCZ_GATE_FIDELITY': 0.9975, 'CCZ_GATE_DURATION': 1, 'QUBIT_DECAY': 100000000.0, 'QUBIT_DEPHASING': 1500000.0, 'SHUTTLING_FIDELITY': 1.0, 'SHUTTLING_SPEED': 0.55, 'TRAP_SWAP_DURATION': 20, 'TRAP_SWAP_FIDELITY': 1.0, 'INTERACTION_RADIUS': 2.0, 'RESTRICTION_RADIUS': 4.0, 'TRAP_TRANSFER_PROXIMITY': 1e-05, 'AOD_BEAM_PROXIMITY': 0.001}"
531,uuf100-06.cnf,100,430,23,0.8273427486419678,59653.480240995275,1.1481991124115835e-12,3542,1240,602,0.9775,"{'U3_GATE_FIDELITY': 0.999, 'U3_GATE_DURATION': 0.5, 'CZ_GATE_FIDELITY': 0.995, 'CZ_GATE_DURATION': 0.2, 'CCZ_GATE_FIDELITY': 0.9775, 'CCZ_GATE_DURATION': 1, 'QUBIT_DECAY': 100000000.0, 'QUBIT_DEPHASING': 1500000.0, 'SHUTTLING_FIDELITY': 1.0, 'SHUTTLING_SPEED': 0.55, 'TRAP_SWAP_DURATION': 20, 'TRAP_SWAP_FIDELITY': 1.0, 'INTERACTION_RADIUS': 2.0, 'RESTRICTION_RADIUS': 4.0, 'TRAP_TRANSFER_PROXIMITY': 1e-05, 'AOD_BEAM_PROXIMITY': 0.001}"
532,uuf100-06.cnf,100,430,23,0.8273427486419678,59653.480240995275,5.343448165151601e-12,3542,1240,602,0.98,"{'U3_GATE_FIDELITY': 0.999, 'U3_GATE_DURATION': 0.5, 'CZ_GATE_FIDELITY': 0.995, 'CZ_GATE_DURATION': 0.2, 'CCZ_GATE_FIDELITY': 0.98, 'CCZ_GATE_DURATION': 1, 'QUBIT_DECAY': 100000000.0, 'QUBIT_DEPHASING': 1500000.0, 'SHUTTLING_FIDELITY': 1.0, 'SHUTTLING_SPEED': 0.55, 'TRAP_SWAP_DURATION': 20, 'TRAP_SWAP_FIDELITY': 1.0, 'INTERACTION_RADIUS': 2.0, 'RESTRICTION_RADIUS': 4.0, 'TRAP_TRANSFER_PROXIMITY': 1e-05, 'AOD_BEAM_PROXIMITY': 0.001}"
533,uuf100-06.cnf,100,430,23,0.8273427486419678,59653.480240995275,2.4769918663601204e-11,3542,1240,602,0.9825,"{'U3_GATE_FIDELITY': 0.999, 'U3_GATE_DURATION': 0.5, 'CZ_GATE_FIDELITY': 0.995, 'CZ_GATE_DURATION': 0.2, 'CCZ_GATE_FIDELITY': 0.9825, 'CCZ_GATE_DURATION': 1, 'QUBIT_DECAY': 100000000.0, 'QUBIT_DEPHASING': 1500000.0, 'SHUTTLING_FIDELITY': 1.0, 'SHUTTLING_SPEED': 0.55, 'TRAP_SWAP_DURATION': 20, 'TRAP_SWAP_FIDELITY': 1.0, 'INTERACTION_RADIUS': 2.0, 'RESTRICTION_RADIUS': 4.0, 'TRAP_TRANSFER_PROXIMITY': 1e-05, 'AOD_BEAM_PROXIMITY': 0.001}"
534,uuf100-06.cnf,100,430,23,0.8273427486419678,59653.480240995275,1.1437597085290471e-10,3542,1240,602,0.985,"{'U3_GATE_FIDELITY': 0.999, 'U3_GATE_DURATION': 0.5, 'CZ_GATE_FIDELITY': 0.995, 'CZ_GATE_DURATION': 0.2, 'CCZ_GATE_FIDELITY': 0.985, 'CCZ_GATE_DURATION': 1, 'QUBIT_DECAY': 100000000.0, 'QUBIT_DEPHASING': 1500000.0, 'SHUTTLING_FIDELITY': 1.0, 'SHUTTLING_SPEED': 0.55, 'TRAP_SWAP_DURATION': 20, 'TRAP_SWAP_FIDELITY': 1.0, 'INTERACTION_RADIUS': 2.0, 'RESTRICTION_RADIUS': 4.0, 'TRAP_TRANSFER_PROXIMITY': 1e-05, 'AOD_BEAM_PROXIMITY': 0.001}"
535,uuf100-06.cnf,100,430,23,0.8273427486419678,59653.480240995275,5.260909386755462e-10,3542,1240,602,0.9875,"{'U3_GATE_FIDELITY': 0.999, 'U3_GATE_DURATION': 0.5, 'CZ_GATE_FIDELITY': 0.995, 'CZ_GATE_DURATION': 0.2, 'CCZ_GATE_FIDELITY': 0.9875, 'CCZ_GATE_DURATION': 1, 'QUBIT_DECAY': 100000000.0, 'QUBIT_DEPHASING': 1500000.0, 'SHUTTLING_FIDELITY': 1.0, 'SHUTTLING_SPEED': 0.55, 'TRAP_SWAP_DURATION': 20, 'TRAP_SWAP_FIDELITY': 1.0, 'INTERACTION_RADIUS': 2.0, 'RESTRICTION_RADIUS': 4.0, 'TRAP_TRANSFER_PROXIMITY': 1e-05, 'AOD_BEAM_PROXIMITY': 0.001}"
536,uuf100-06.cnf,100,430,23,0.8273427486419678,59653.480240995275,2.4105224560490676e-09,3542,1240,602,0.99,"{'U3_GATE_FIDELITY': 0.999, 'U3_GATE_DURATION': 0.5, 'CZ_GATE_FIDELITY': 0.995, 'CZ_GATE_DURATION': 0.2, 'CCZ_GATE_FIDELITY': 0.99, 'CCZ_GATE_DURATION': 1, 'QUBIT_DECAY': 100000000.0, 'QUBIT_DEPHASING': 1500000.0, 'SHUTTLING_FIDELITY': 1.0, 'SHUTTLING_SPEED': 0.55, 'TRAP_SWAP_DURATION': 20, 'TRAP_SWAP_FIDELITY': 1.0, 'INTERACTION_RADIUS': 2.0, 'RESTRICTION_RADIUS': 4.0, 'TRAP_TRANSFER_PROXIMITY': 1e-05, 'AOD_BEAM_PROXIMITY': 0.001}"
537,uuf100-06.cnf,100,430,23,0.8273427486419678,59653.480240995275,1.100257470214905e-08,3542,1240,602,0.9925,"{'U3_GATE_FIDELITY': 0.999, 'U3_GATE_DURATION': 0.5, 'CZ_GATE_FIDELITY': 0.995, 'CZ_GATE_DURATION': 0.2, 'CCZ_GATE_FIDELITY': 0.9925, 'CCZ_GATE_DURATION': 1, 'QUBIT_DECAY': 100000000.0, 'QUBIT_DEPHASING': 1500000.0, 'SHUTTLING_FIDELITY': 1.0, 'SHUTTLING_SPEED': 0.55, 'TRAP_SWAP_DURATION': 20, 'TRAP_SWAP_FIDELITY': 1.0, 'INTERACTION_RADIUS': 2.0, 'RESTRICTION_RADIUS': 4.0, 'TRAP_TRANSFER_PROXIMITY': 1e-05, 'AOD_BEAM_PROXIMITY': 0.001}"
538,uuf100-06.cnf,100,430,23,0.8273427486419678,59653.480240995275,5.002863376360184e-08,3542,1240,602,0.995,"{'U3_GATE_FIDELITY': 0.999, 'U3_GATE_DURATION': 0.5, 'CZ_GATE_FIDELITY': 0.995, 'CZ_GATE_DURATION': 0.2, 'CCZ_GATE_FIDELITY': 0.995, 'CCZ_GATE_DURATION': 1, 'QUBIT_DECAY': 100000000.0, 'QUBIT_DEPHASING': 1500000.0, 'SHUTTLING_FIDELITY': 1.0, 'SHUTTLING_SPEED': 0.55, 'TRAP_SWAP_DURATION': 20, 'TRAP_SWAP_FIDELITY': 1.0, 'INTERACTION_RADIUS': 2.0, 'RESTRICTION_RADIUS': 4.0, 'TRAP_TRANSFER_PROXIMITY': 1e-05, 'AOD_BEAM_PROXIMITY': 0.001}"
539,uuf100-06.cnf,100,430,23,0.8273427486419678,59653.480240995275,2.266169853617685e-07,3542,1240,602,0.9975,"{'U3_GATE_FIDELITY': 0.999, 'U3_GATE_DURATION': 0.5, 'CZ_GATE_FIDELITY': 0.995, 'CZ_GATE_DURATION': 0.2, 'CCZ_GATE_FIDELITY': 0.9975, 'CCZ_GATE_DURATION': 1, 'QUBIT_DECAY': 100000000.0, 'QUBIT_DEPHASING': 1500000.0, 'SHUTTLING_FIDELITY': 1.0, 'SHUTTLING_SPEED': 0.55, 'TRAP_SWAP_DURATION': 20, 'TRAP_SWAP_FIDELITY': 1.0, 'INTERACTION_RADIUS': 2.0, 'RESTRICTION_RADIUS': 4.0, 'TRAP_TRANSFER_PROXIMITY': 1e-05, 'AOD_BEAM_PROXIMITY': 0.001}"
540,uf20-06.cnf,20,91,21,0.05770254135131836,10851.207833961853,0.010677207725314351,645,212,118,0.9775,"{'U3_GATE_FIDELITY': 0.999, 'U3_GATE_DURATION': 0.5, 'CZ_GATE_FIDELITY': 0.995, 'CZ_GATE_DURATION': 0.2, 'CCZ_GATE_FIDELITY': 0.9775, 'CCZ_GATE_DURATION': 1, 'QUBIT_DECAY': 100000000.0, 'QUBIT_DEPHASING': 1500000.0, 'SHUTTLING_FIDELITY': 1.0, 'SHUTTLING_SPEED': 0.55, 'TRAP_SWAP_DURATION': 20, 'TRAP_SWAP_FIDELITY': 1.0, 'INTERACTION_RADIUS': 2.0, 'RESTRICTION_RADIUS': 4.0, 'TRAP_TRANSFER_PROXIMITY': 1e-05, 'AOD_BEAM_PROXIMITY': 0.001}"
541,uf20-06.cnf,20,91,21,0.05770254135131836,10851.207833961853,0.014432987241575641,645,212,118,0.98,"{'U3_GATE_FIDELITY': 0.999, 'U3_GATE_DURATION': 0.5, 'CZ_GATE_FIDELITY': 0.995, 'CZ_GATE_DURATION': 0.2, 'CCZ_GATE_FIDELITY': 0.98, 'CCZ_GATE_DURATION': 1, 'QUBIT_DECAY': 100000000.0, 'QUBIT_DEPHASING': 1500000.0, 'SHUTTLING_FIDELITY': 1.0, 'SHUTTLING_SPEED': 0.55, 'TRAP_SWAP_DURATION': 20, 'TRAP_SWAP_FIDELITY': 1.0, 'INTERACTION_RADIUS': 2.0, 'RESTRICTION_RADIUS': 4.0, 'TRAP_TRANSFER_PROXIMITY': 1e-05, 'AOD_BEAM_PROXIMITY': 0.001}"
542,uf20-06.cnf,20,91,21,0.05770254135131836,10851.207833961853,0.019494911303270326,645,212,118,0.9825,"{'U3_GATE_FIDELITY': 0.999, 'U3_GATE_DURATION': 0.5, 'CZ_GATE_FIDELITY': 0.995, 'CZ_GATE_DURATION': 0.2, 'CCZ_GATE_FIDELITY': 0.9825, 'CCZ_GATE_DURATION': 1, 'QUBIT_DECAY': 100000000.0, 'QUBIT_DEPHASING': 1500000.0, 'SHUTTLING_FIDELITY': 1.0, 'SHUTTLING_SPEED': 0.55, 'TRAP_SWAP_DURATION': 20, 'TRAP_SWAP_FIDELITY': 1.0, 'INTERACTION_RADIUS': 2.0, 'RESTRICTION_RADIUS': 4.0, 'TRAP_TRANSFER_PROXIMITY': 1e-05, 'AOD_BEAM_PROXIMITY': 0.001}"
543,uf20-06.cnf,20,91,21,0.05770254135131836,10851.207833961853,0.02631203842617766,645,212,118,0.985,"{'U3_GATE_FIDELITY': 0.999, 'U3_GATE_DURATION': 0.5, 'CZ_GATE_FIDELITY': 0.995, 'CZ_GATE_DURATION': 0.2, 'CCZ_GATE_FIDELITY': 0.985, 'CCZ_GATE_DURATION': 1, 'QUBIT_DECAY': 100000000.0, 'QUBIT_DEPHASING': 1500000.0, 'SHUTTLING_FIDELITY': 1.0, 'SHUTTLING_SPEED': 0.55, 'TRAP_SWAP_DURATION': 20, 'TRAP_SWAP_FIDELITY': 1.0, 'INTERACTION_RADIUS': 2.0, 'RESTRICTION_RADIUS': 4.0, 'TRAP_TRANSFER_PROXIMITY': 1e-05, 'AOD_BEAM_PROXIMITY': 0.001}"
544,uf20-06.cnf,20,91,21,0.05770254135131836,10851.207833961853,0.03548604534991433,645,212,118,0.9875,"{'U3_GATE_FIDELITY': 0.999, 'U3_GATE_DURATION': 0.5, 'CZ_GATE_FIDELITY': 0.995, 'CZ_GATE_DURATION': 0.2, 'CCZ_GATE_FIDELITY': 0.9875, 'CCZ_GATE_DURATION': 1, 'QUBIT_DECAY': 100000000.0, 'QUBIT_DEPHASING': 1500000.0, 'SHUTTLING_FIDELITY': 1.0, 'SHUTTLING_SPEED': 0.55, 'TRAP_SWAP_DURATION': 20, 'TRAP_SWAP_FIDELITY': 1.0, 'INTERACTION_RADIUS': 2.0, 'RESTRICTION_RADIUS': 4.0, 'TRAP_TRANSFER_PROXIMITY': 1e-05, 'AOD_BEAM_PROXIMITY': 0.001}"
545,uf20-06.cnf,20,91,21,0.05770254135131836,10851.207833961853,0.04782249809277074,645,212,118,0.99,"{'U3_GATE_FIDELITY': 0.999, 'U3_GATE_DURATION': 0.5, 'CZ_GATE_FIDELITY': 0.995, 'CZ_GATE_DURATION': 0.2, 'CCZ_GATE_FIDELITY': 0.99, 'CCZ_GATE_DURATION': 1, 'QUBIT_DECAY': 100000000.0, 'QUBIT_DEPHASING': 1500000.0, 'SHUTTLING_FIDELITY': 1.0, 'SHUTTLING_SPEED': 0.55, 'TRAP_SWAP_DURATION': 20, 'TRAP_SWAP_FIDELITY': 1.0, 'INTERACTION_RADIUS': 2.0, 'RESTRICTION_RADIUS': 4.0, 'TRAP_TRANSFER_PROXIMITY': 1e-05, 'AOD_BEAM_PROXIMITY': 0.001}"
546,uf20-06.cnf,20,91,21,0.05770254135131836,10851.207833961853,0.06439914735690319,645,212,118,0.9925,"{'U3_GATE_FIDELITY': 0.999, 'U3_GATE_DURATION': 0.5, 'CZ_GATE_FIDELITY': 0.995, 'CZ_GATE_DURATION': 0.2, 'CCZ_GATE_FIDELITY': 0.9925, 'CCZ_GATE_DURATION': 1, 'QUBIT_DECAY': 100000000.0, 'QUBIT_DEPHASING': 1500000.0, 'SHUTTLING_FIDELITY': 1.0, 'SHUTTLING_SPEED': 0.55, 'TRAP_SWAP_DURATION': 20, 'TRAP_SWAP_FIDELITY': 1.0, 'INTERACTION_RADIUS': 2.0, 'RESTRICTION_RADIUS': 4.0, 'TRAP_TRANSFER_PROXIMITY': 1e-05, 'AOD_BEAM_PROXIMITY': 0.001}"
547,uf20-06.cnf,20,91,21,0.05770254135131836,10851.207833961853,0.08665683518141915,645,212,118,0.995,"{'U3_GATE_FIDELITY': 0.999, 'U3_GATE_DURATION': 0.5, 'CZ_GATE_FIDELITY': 0.995, 'CZ_GATE_DURATION': 0.2, 'CCZ_GATE_FIDELITY': 0.995, 'CCZ_GATE_DURATION': 1, 'QUBIT_DECAY': 100000000.0, 'QUBIT_DEPHASING': 1500000.0, 'SHUTTLING_FIDELITY': 1.0, 'SHUTTLING_SPEED': 0.55, 'TRAP_SWAP_DURATION': 20, 'TRAP_SWAP_FIDELITY': 1.0, 'INTERACTION_RADIUS': 2.0, 'RESTRICTION_RADIUS': 4.0, 'TRAP_TRANSFER_PROXIMITY': 1e-05, 'AOD_BEAM_PROXIMITY': 0.001}"
548,uf20-06.cnf,20,91,21,0.05770254135131836,10851.207833961853,0.1165204116713876,645,212,118,0.9975,"{'U3_GATE_FIDELITY': 0.999, 'U3_GATE_DURATION': 0.5, 'CZ_GATE_FIDELITY': 0.995, 'CZ_GATE_DURATION': 0.2, 'CCZ_GATE_FIDELITY': 0.9975, 'CCZ_GATE_DURATION': 1, 'QUBIT_DECAY': 100000000.0, 'QUBIT_DEPHASING': 1500000.0, 'SHUTTLING_FIDELITY': 1.0, 'SHUTTLING_SPEED': 0.55, 'TRAP_SWAP_DURATION': 20, 'TRAP_SWAP_FIDELITY': 1.0, 'INTERACTION_RADIUS': 2.0, 'RESTRICTION_RADIUS': 4.0, 'TRAP_TRANSFER_PROXIMITY': 1e-05, 'AOD_BEAM_PROXIMITY': 0.001}"
549,uuf75-06.cnf,75,325,24,0.38747429847717285,44796.45063849789,3.4510152289172437e-09,2639,946,432,0.9775,"{'U3_GATE_FIDELITY': 0.999, 'U3_GATE_DURATION': 0.5, 'CZ_GATE_FIDELITY': 0.995, 'CZ_GATE_DURATION': 0.2, 'CCZ_GATE_FIDELITY': 0.9775, 'CCZ_GATE_DURATION': 1, 'QUBIT_DECAY': 100000000.0, 'QUBIT_DEPHASING': 1500000.0, 'SHUTTLING_FIDELITY': 1.0, 'SHUTTLING_SPEED': 0.55, 'TRAP_SWAP_DURATION': 20, 'TRAP_SWAP_FIDELITY': 1.0, 'INTERACTION_RADIUS': 2.0, 'RESTRICTION_RADIUS': 4.0, 'TRAP_TRANSFER_PROXIMITY': 1e-05, 'AOD_BEAM_PROXIMITY': 0.001}"
550,uuf75-06.cnf,75,325,24,0.38747429847717285,44796.45063849789,1.04032403819746e-08,2639,946,432,0.98,"{'U3_GATE_FIDELITY': 0.999, 'U3_GATE_DURATION': 0.5, 'CZ_GATE_FIDELITY': 0.995, 'CZ_GATE_DURATION': 0.2, 'CCZ_GATE_FIDELITY': 0.98, 'CCZ_GATE_DURATION': 1, 'QUBIT_DECAY': 100000000.0, 'QUBIT_DEPHASING': 1500000.0, 'SHUTTLING_FIDELITY': 1.0, 'SHUTTLING_SPEED': 0.55, 'TRAP_SWAP_DURATION': 20, 'TRAP_SWAP_FIDELITY': 1.0, 'INTERACTION_RADIUS': 2.0, 'RESTRICTION_RADIUS': 4.0, 'TRAP_TRANSFER_PROXIMITY': 1e-05, 'AOD_BEAM_PROXIMITY': 0.001}"
551,uuf75-06.cnf,75,325,24,0.38747429847717285,44796.45063849789,3.1272992662778435e-08,2639,946,432,0.9825,"{'U3_GATE_FIDELITY': 0.999, 'U3_GATE_DURATION': 0.5, 'CZ_GATE_FIDELITY': 0.995, 'CZ_GATE_DURATION': 0.2, 'CCZ_GATE_FIDELITY': 0.9825, 'CCZ_GATE_DURATION': 1, 'QUBIT_DECAY': 100000000.0, 'QUBIT_DEPHASING': 1500000.0, 'SHUTTLING_FIDELITY': 1.0, 'SHUTTLING_SPEED': 0.55, 'TRAP_SWAP_DURATION': 20, 'TRAP_SWAP_FIDELITY': 1.0, 'INTERACTION_RADIUS': 2.0, 'RESTRICTION_RADIUS': 4.0, 'TRAP_TRANSFER_PROXIMITY': 1e-05, 'AOD_BEAM_PROXIMITY': 0.001}"
552,uuf75-06.cnf,75,325,24,0.38747429847717285,44796.45063849789,9.374659648535776e-08,2639,946,432,0.985,"{'U3_GATE_FIDELITY': 0.999, 'U3_GATE_DURATION': 0.5, 'CZ_GATE_FIDELITY': 0.995, 'CZ_GATE_DURATION': 0.2, 'CCZ_GATE_FIDELITY': 0.985, 'CCZ_GATE_DURATION': 1, 'QUBIT_DECAY': 100000000.0, 'QUBIT_DEPHASING': 1500000.0, 'SHUTTLING_FIDELITY': 1.0, 'SHUTTLING_SPEED': 0.55, 'TRAP_SWAP_DURATION': 20, 'TRAP_SWAP_FIDELITY': 1.0, 'INTERACTION_RADIUS': 2.0, 'RESTRICTION_RADIUS': 4.0, 'TRAP_TRANSFER_PROXIMITY': 1e-05, 'AOD_BEAM_PROXIMITY': 0.001}"
553,uuf75-06.cnf,75,325,24,0.38747429847717285,44796.45063849789,2.8024185007305894e-07,2639,946,432,0.9875,"{'U3_GATE_FIDELITY': 0.999, 'U3_GATE_DURATION': 0.5, 'CZ_GATE_FIDELITY': 0.995, 'CZ_GATE_DURATION': 0.2, 'CCZ_GATE_FIDELITY': 0.9875, 'CCZ_GATE_DURATION': 1, 'QUBIT_DECAY': 100000000.0, 'QUBIT_DEPHASING': 1500000.0, 'SHUTTLING_FIDELITY': 1.0, 'SHUTTLING_SPEED': 0.55, 'TRAP_SWAP_DURATION': 20, 'TRAP_SWAP_FIDELITY': 1.0, 'INTERACTION_RADIUS': 2.0, 'RESTRICTION_RADIUS': 4.0, 'TRAP_TRANSFER_PROXIMITY': 1e-05, 'AOD_BEAM_PROXIMITY': 0.001}"
554,uuf75-06.cnf,75,325,24,0.38747429847717285,44796.45063849789,8.354260257890291e-07,2639,946,432,0.99,"{'U3_GATE_FIDELITY': 0.999, 'U3_GATE_DURATION': 0.5, 'CZ_GATE_FIDELITY': 0.995, 'CZ_GATE_DURATION': 0.2, 'CCZ_GATE_FIDELITY': 0.99, 'CCZ_GATE_DURATION': 1, 'QUBIT_DECAY': 100000000.0, 'QUBIT_DEPHASING': 1500000.0, 'SHUTTLING_FIDELITY': 1.0, 'SHUTTLING_SPEED': 0.55, 'TRAP_SWAP_DURATION': 20, 'TRAP_SWAP_FIDELITY': 1.0, 'INTERACTION_RADIUS': 2.0, 'RESTRICTION_RADIUS': 4.0, 'TRAP_TRANSFER_PROXIMITY': 1e-05, 'AOD_BEAM_PROXIMITY': 0.001}"
555,uuf75-06.cnf,75,325,24,0.38747429847717285,44796.45063849789,2.4836283149485204e-06,2639,946,432,0.9925,"{'U3_GATE_FIDELITY': 0.999, 'U3_GATE_DURATION': 0.5, 'CZ_GATE_FIDELITY': 0.995, 'CZ_GATE_DURATION': 0.2, 'CCZ_GATE_FIDELITY': 0.9925, 'CCZ_GATE_DURATION': 1, 'QUBIT_DECAY': 100000000.0, 'QUBIT_DEPHASING': 1500000.0, 'SHUTTLING_FIDELITY': 1.0, 'SHUTTLING_SPEED': 0.55, 'TRAP_SWAP_DURATION': 20, 'TRAP_SWAP_FIDELITY': 1.0, 'INTERACTION_RADIUS': 2.0, 'RESTRICTION_RADIUS': 4.0, 'TRAP_TRANSFER_PROXIMITY': 1e-05, 'AOD_BEAM_PROXIMITY': 0.001}"
556,uuf75-06.cnf,75,325,24,0.38747429847717285,44796.45063849789,7.36333935992191e-06,2639,946,432,0.995,"{'U3_GATE_FIDELITY': 0.999, 'U3_GATE_DURATION': 0.5, 'CZ_GATE_FIDELITY': 0.995, 'CZ_GATE_DURATION': 0.2, 'CCZ_GATE_FIDELITY': 0.995, 'CCZ_GATE_DURATION': 1, 'QUBIT_DECAY': 100000000.0, 'QUBIT_DEPHASING': 1500000.0, 'SHUTTLING_FIDELITY': 1.0, 'SHUTTLING_SPEED': 0.55, 'TRAP_SWAP_DURATION': 20, 'TRAP_SWAP_FIDELITY': 1.0, 'INTERACTION_RADIUS': 2.0, 'RESTRICTION_RADIUS': 4.0, 'TRAP_TRANSFER_PROXIMITY': 1e-05, 'AOD_BEAM_PROXIMITY': 0.001}"
557,uuf75-06.cnf,75,325,24,0.38747429847717285,44796.45063849789,2.177101201330024e-05,2639,946,432,0.9975,"{'U3_GATE_FIDELITY': 0.999, 'U3_GATE_DURATION': 0.5, 'CZ_GATE_FIDELITY': 0.995, 'CZ_GATE_DURATION': 0.2, 'CCZ_GATE_FIDELITY': 0.9975, 'CCZ_GATE_DURATION': 1, 'QUBIT_DECAY': 100000000.0, 'QUBIT_DEPHASING': 1500000.0, 'SHUTTLING_FIDELITY': 1.0, 'SHUTTLING_SPEED': 0.55, 'TRAP_SWAP_DURATION': 20, 'TRAP_SWAP_FIDELITY': 1.0, 'INTERACTION_RADIUS': 2.0, 'RESTRICTION_RADIUS': 4.0, 'TRAP_TRANSFER_PROXIMITY': 1e-05, 'AOD_BEAM_PROXIMITY': 0.001}"
558,uuf150-02.cnf,150,645,23,1.7232425212860107,109736.80355712076,5.927038301727388e-22,5485,1668,1050,0.9775,"{'U3_GATE_FIDELITY': 0.999, 'U3_GATE_DURATION': 0.5, 'CZ_GATE_FIDELITY': 0.995, 'CZ_GATE_DURATION': 0.2, 'CCZ_GATE_FIDELITY': 0.9775, 'CCZ_GATE_DURATION': 1, 'QUBIT_DECAY': 100000000.0, 'QUBIT_DEPHASING': 1500000.0, 'SHUTTLING_FIDELITY': 1.0, 'SHUTTLING_SPEED': 0.55, 'TRAP_SWAP_DURATION': 20, 'TRAP_SWAP_FIDELITY': 1.0, 'INTERACTION_RADIUS': 2.0, 'RESTRICTION_RADIUS': 4.0, 'TRAP_TRANSFER_PROXIMITY': 1e-05, 'AOD_BEAM_PROXIMITY': 0.001}"
559,uuf150-02.cnf,150,645,23,1.7232425212860107,109736.80355712076,8.661893497857574e-21,5485,1668,1050,0.98,"{'U3_GATE_FIDELITY': 0.999, 'U3_GATE_DURATION': 0.5, 'CZ_GATE_FIDELITY': 0.995, 'CZ_GATE_DURATION': 0.2, 'CCZ_GATE_FIDELITY': 0.98, 'CCZ_GATE_DURATION': 1, 'QUBIT_DECAY': 100000000.0, 'QUBIT_DEPHASING': 1500000.0, 'SHUTTLING_FIDELITY': 1.0, 'SHUTTLING_SPEED': 0.55, 'TRAP_SWAP_DURATION': 20, 'TRAP_SWAP_FIDELITY': 1.0, 'INTERACTION_RADIUS': 2.0, 'RESTRICTION_RADIUS': 4.0, 'TRAP_TRANSFER_PROXIMITY': 1e-05, 'AOD_BEAM_PROXIMITY': 0.001}"
560,uuf150-02.cnf,150,645,23,1.7232425212860107,109736.80355712076,1.2572462886892517e-19,5485,1668,1050,0.9825,"{'U3_GATE_FIDELITY': 0.999, 'U3_GATE_DURATION': 0.5, 'CZ_GATE_FIDELITY': 0.995, 'CZ_GATE_DURATION': 0.2, 'CCZ_GATE_FIDELITY': 0.9825, 'CCZ_GATE_DURATION': 1, 'QUBIT_DECAY': 100000000.0, 'QUBIT_DEPHASING': 1500000.0, 'SHUTTLING_FIDELITY': 1.0, 'SHUTTLING_SPEED': 0.55, 'TRAP_SWAP_DURATION': 20, 'TRAP_SWAP_FIDELITY': 1.0, 'INTERACTION_RADIUS': 2.0, 'RESTRICTION_RADIUS': 4.0, 'TRAP_TRANSFER_PROXIMITY': 1e-05, 'AOD_BEAM_PROXIMITY': 0.001}"
561,uuf150-02.cnf,150,645,23,1.7232425212860107,109736.80355712076,1.8124890226334407e-18,5485,1668,1050,0.985,"{'U3_GATE_FIDELITY': 0.999, 'U3_GATE_DURATION': 0.5, 'CZ_GATE_FIDELITY': 0.995, 'CZ_GATE_DURATION': 0.2, 'CCZ_GATE_FIDELITY': 0.985, 'CCZ_GATE_DURATION': 1, 'QUBIT_DECAY': 100000000.0, 'QUBIT_DEPHASING': 1500000.0, 'SHUTTLING_FIDELITY': 1.0, 'SHUTTLING_SPEED': 0.55, 'TRAP_SWAP_DURATION': 20, 'TRAP_SWAP_FIDELITY': 1.0, 'INTERACTION_RADIUS': 2.0, 'RESTRICTION_RADIUS': 4.0, 'TRAP_TRANSFER_PROXIMITY': 1e-05, 'AOD_BEAM_PROXIMITY': 0.001}"
562,uuf150-02.cnf,150,645,23,1.7232425212860107,109736.80355712076,2.595331727039359e-17,5485,1668,1050,0.9875,"{'U3_GATE_FIDELITY': 0.999, 'U3_GATE_DURATION': 0.5, 'CZ_GATE_FIDELITY': 0.995, 'CZ_GATE_DURATION': 0.2, 'CCZ_GATE_FIDELITY': 0.9875, 'CCZ_GATE_DURATION': 1, 'QUBIT_DECAY': 100000000.0, 'QUBIT_DEPHASING': 1500000.0, 'SHUTTLING_FIDELITY': 1.0, 'SHUTTLING_SPEED': 0.55, 'TRAP_SWAP_DURATION': 20, 'TRAP_SWAP_FIDELITY': 1.0, 'INTERACTION_RADIUS': 2.0, 'RESTRICTION_RADIUS': 4.0, 'TRAP_TRANSFER_PROXIMITY': 1e-05, 'AOD_BEAM_PROXIMITY': 0.001}"
563,uuf150-02.cnf,150,645,23,1.7232425212860107,109736.80355712076,3.691370947855654e-16,5485,1668,1050,0.99,"{'U3_GATE_FIDELITY': 0.999, 'U3_GATE_DURATION': 0.5, 'CZ_GATE_FIDELITY': 0.995, 'CZ_GATE_DURATION': 0.2, 'CCZ_GATE_FIDELITY': 0.99, 'CCZ_GATE_DURATION': 1, 'QUBIT_DECAY': 100000000.0, 'QUBIT_DEPHASING': 1500000.0, 'SHUTTLING_FIDELITY': 1.0, 'SHUTTLING_SPEED': 0.55, 'TRAP_SWAP_DURATION': 20, 'TRAP_SWAP_FIDELITY': 1.0, 'INTERACTION_RADIUS': 2.0, 'RESTRICTION_RADIUS': 4.0, 'TRAP_TRANSFER_PROXIMITY': 1e-05, 'AOD_BEAM_PROXIMITY': 0.001}"
564,uuf150-02.cnf,150,645,23,1.7232425212860107,109736.80355712076,5.215243246492197e-15,5485,1668,1050,0.9925,"{'U3_GATE_FIDELITY': 0.999, 'U3_GATE_DURATION': 0.5, 'CZ_GATE_FIDELITY': 0.995, 'CZ_GATE_DURATION': 0.2, 'CCZ_GATE_FIDELITY': 0.9925, 'CCZ_GATE_DURATION': 1, 'QUBIT_DECAY': 100000000.0, 'QUBIT_DEPHASING': 1500000.0, 'SHUTTLING_FIDELITY': 1.0, 'SHUTTLING_SPEED': 0.55, 'TRAP_SWAP_DURATION': 20, 'TRAP_SWAP_FIDELITY': 1.0, 'INTERACTION_RADIUS': 2.0, 'RESTRICTION_RADIUS': 4.0, 'TRAP_TRANSFER_PROXIMITY': 1e-05, 'AOD_BEAM_PROXIMITY': 0.001}"
565,uuf150-02.cnf,150,645,23,1.7232425212860107,109736.80355712076,7.31927635956237e-14,5485,1668,1050,0.995,"{'U3_GATE_FIDELITY': 0.999, 'U3_GATE_DURATION': 0.5, 'CZ_GATE_FIDELITY': 0.995, 'CZ_GATE_DURATION': 0.2, 'CCZ_GATE_FIDELITY': 0.995, 'CCZ_GATE_DURATION': 1, 'QUBIT_DECAY': 100000000.0, 'QUBIT_DEPHASING': 1500000.0, 'SHUTTLING_FIDELITY': 1.0, 'SHUTTLING_SPEED': 0.55, 'TRAP_SWAP_DURATION': 20, 'TRAP_SWAP_FIDELITY': 1.0, 'INTERACTION_RADIUS': 2.0, 'RESTRICTION_RADIUS': 4.0, 'TRAP_TRANSFER_PROXIMITY': 1e-05, 'AOD_BEAM_PROXIMITY': 0.001}"
566,uuf150-02.cnf,150,645,23,1.7232425212860107,109736.80355712076,1.0204293446021337e-12,5485,1668,1050,0.9975,"{'U3_GATE_FIDELITY': 0.999, 'U3_GATE_DURATION': 0.5, 'CZ_GATE_FIDELITY': 0.995, 'CZ_GATE_DURATION': 0.2, 'CCZ_GATE_FIDELITY': 0.9975, 'CCZ_GATE_DURATION': 1, 'QUBIT_DECAY': 100000000.0, 'QUBIT_DEPHASING': 1500000.0, 'SHUTTLING_FIDELITY': 1.0, 'SHUTTLING_SPEED': 0.55, 'TRAP_SWAP_DURATION': 20, 'TRAP_SWAP_FIDELITY': 1.0, 'INTERACTION_RADIUS': 2.0, 'RESTRICTION_RADIUS': 4.0, 'TRAP_TRANSFER_PROXIMITY': 1e-05, 'AOD_BEAM_PROXIMITY': 0.001}"
567,uuf150-07.cnf,150,645,22,1.5760884284973145,104239.58257076716,1.4603513533386513e-21,5368,1650,1044,0.9775,"{'U3_GATE_FIDELITY': 0.999, 'U3_GATE_DURATION': 0.5, 'CZ_GATE_FIDELITY': 0.995, 'CZ_GATE_DURATION': 0.2, 'CCZ_GATE_FIDELITY': 0.9775, 'CCZ_GATE_DURATION': 1, 'QUBIT_DECAY': 100000000.0, 'QUBIT_DEPHASING': 1500000.0, 'SHUTTLING_FIDELITY': 1.0, 'SHUTTLING_SPEED': 0.55, 'TRAP_SWAP_DURATION': 20, 'TRAP_SWAP_FIDELITY': 1.0, 'INTERACTION_RADIUS': 2.0, 'RESTRICTION_RADIUS': 4.0, 'TRAP_TRANSFER_PROXIMITY': 1e-05, 'AOD_BEAM_PROXIMITY': 0.001}"
568,uuf150-07.cnf,150,645,22,1.5760884284973145,104239.58257076716,2.1017284618666913e-20,5368,1650,1044,0.98,"{'U3_GATE_FIDELITY': 0.999, 'U3_GATE_DURATION': 0.5, 'CZ_GATE_FIDELITY': 0.995, 'CZ_GATE_DURATION': 0.2, 'CCZ_GATE_FIDELITY': 0.98, 'CCZ_GATE_DURATION': 1, 'QUBIT_DECAY': 100000000.0, 'QUBIT_DEPHASING': 1500000.0, 'SHUTTLING_FIDELITY': 1.0, 'SHUTTLING_SPEED': 0.55, 'TRAP_SWAP_DURATION': 20, 'TRAP_SWAP_FIDELITY': 1.0, 'INTERACTION_RADIUS': 2.0, 'RESTRICTION_RADIUS': 4.0, 'TRAP_TRANSFER_PROXIMITY': 1e-05, 'AOD_BEAM_PROXIMITY': 0.001}"
569,uuf150-07.cnf,150,645,22,1.5760884284973145,104239.58257076716,3.0043133534782985e-19,5368,1650,1044,0.9825,"{'U3_GATE_FIDELITY': 0.999, 'U3_GATE_DURATION': 0.5, 'CZ_GATE_FIDELITY': 0.995, 'CZ_GATE_DURATION': 0.2, 'CCZ_GATE_FIDELITY': 0.9825, 'CCZ_GATE_DURATION': 1, 'QUBIT_DECAY': 100000000.0, 'QUBIT_DEPHASING': 1500000.0, 'SHUTTLING_FIDELITY': 1.0, 'SHUTTLING_SPEED': 0.55, 'TRAP_SWAP_DURATION': 20, 'TRAP_SWAP_FIDELITY': 1.0, 'INTERACTION_RADIUS': 2.0, 'RESTRICTION_RADIUS': 4.0, 'TRAP_TRANSFER_PROXIMITY': 1e-05, 'AOD_BEAM_PROXIMITY': 0.001}"
570,uuf150-07.cnf,150,645,22,1.5760884284973145,104239.58257076716,4.2655812829135035e-18,5368,1650,1044,0.985,"{'U3_GATE_FIDELITY': 0.999, 'U3_GATE_DURATION': 0.5, 'CZ_GATE_FIDELITY': 0.995, 'CZ_GATE_DURATION': 0.2, 'CCZ_GATE_FIDELITY': 0.985, 'CCZ_GATE_DURATION': 1, 'QUBIT_DECAY': 100000000.0, 'QUBIT_DEPHASING': 1500000.0, 'SHUTTLING_FIDELITY': 1.0, 'SHUTTLING_SPEED': 0.55, 'TRAP_SWAP_DURATION': 20, 'TRAP_SWAP_FIDELITY': 1.0, 'INTERACTION_RADIUS': 2.0, 'RESTRICTION_RADIUS': 4.0, 'TRAP_TRANSFER_PROXIMITY': 1e-05, 'AOD_BEAM_PROXIMITY': 0.001}"
571,uuf150-07.cnf,150,645,22,1.5760884284973145,104239.58257076716,6.015759564327175e-17,5368,1650,1044,0.9875,"{'U3_GATE_FIDELITY': 0.999, 'U3_GATE_DURATION': 0.5, 'CZ_GATE_FIDELITY': 0.995, 'CZ_GATE_DURATION': 0.2, 'CCZ_GATE_FIDELITY': 0.9875, 'CCZ_GATE_DURATION': 1, 'QUBIT_DECAY': 100000000.0, 'QUBIT_DEPHASING': 1500000.0, 'SHUTTLING_FIDELITY': 1.0, 'SHUTTLING_SPEED': 0.55, 'TRAP_SWAP_DURATION': 20, 'TRAP_SWAP_FIDELITY': 1.0, 'INTERACTION_RADIUS': 2.0, 'RESTRICTION_RADIUS': 4.0, 'TRAP_TRANSFER_PROXIMITY': 1e-05, 'AOD_BEAM_PROXIMITY': 0.001}"
572,uuf150-07.cnf,150,645,22,1.5760884284973145,104239.58257076716,8.42746082569267e-16,5368,1650,1044,0.99,"{'U3_GATE_FIDELITY': 0.999, 'U3_GATE_DURATION': 0.5, 'CZ_GATE_FIDELITY': 0.995, 'CZ_GATE_DURATION': 0.2, 'CCZ_GATE_FIDELITY': 0.99, 'CCZ_GATE_DURATION': 1, 'QUBIT_DECAY': 100000000.0, 'QUBIT_DEPHASING': 1500000.0, 'SHUTTLING_FIDELITY': 1.0, 'SHUTTLING_SPEED': 0.55, 'TRAP_SWAP_DURATION': 20, 'TRAP_SWAP_FIDELITY': 1.0, 'INTERACTION_RADIUS': 2.0, 'RESTRICTION_RADIUS': 4.0, 'TRAP_TRANSFER_PROXIMITY': 1e-05, 'AOD_BEAM_PROXIMITY': 0.001}"
573,uuf150-07.cnf,150,645,22,1.5760884284973145,104239.58257076716,1.1727668915446385e-14,5368,1650,1044,0.9925,"{'U3_GATE_FIDELITY': 0.999, 'U3_GATE_DURATION': 0.5, 'CZ_GATE_FIDELITY': 0.995, 'CZ_GATE_DURATION': 0.2, 'CCZ_GATE_FIDELITY': 0.9925, 'CCZ_GATE_DURATION': 1, 'QUBIT_DECAY': 100000000.0, 'QUBIT_DEPHASING': 1500000.0, 'SHUTTLING_FIDELITY': 1.0, 'SHUTTLING_SPEED': 0.55, 'TRAP_SWAP_DURATION': 20, 'TRAP_SWAP_FIDELITY': 1.0, 'INTERACTION_RADIUS': 2.0, 'RESTRICTION_RADIUS': 4.0, 'TRAP_TRANSFER_PROXIMITY': 1e-05, 'AOD_BEAM_PROXIMITY': 0.001}"
574,uuf150-07.cnf,150,645,22,1.5760884284973145,104239.58257076716,1.6212495969083762e-13,5368,1650,1044,0.995,"{'U3_GATE_FIDELITY': 0.999, 'U3_GATE_DURATION': 0.5, 'CZ_GATE_FIDELITY': 0.995, 'CZ_GATE_DURATION': 0.2, 'CCZ_GATE_FIDELITY': 0.995, 'CCZ_GATE_DURATION': 1, 'QUBIT_DECAY': 100000000.0, 'QUBIT_DEPHASING': 1500000.0, 'SHUTTLING_FIDELITY': 1.0, 'SHUTTLING_SPEED': 0.55, 'TRAP_SWAP_DURATION': 20, 'TRAP_SWAP_FIDELITY': 1.0, 'INTERACTION_RADIUS': 2.0, 'RESTRICTION_RADIUS': 4.0, 'TRAP_TRANSFER_PROXIMITY': 1e-05, 'AOD_BEAM_PROXIMITY': 0.001}"
575,uuf150-07.cnf,150,645,22,1.5760884284973145,104239.58257076716,2.226515552845303e-12,5368,1650,1044,0.9975,"{'U3_GATE_FIDELITY': 0.999, 'U3_GATE_DURATION': 0.5, 'CZ_GATE_FIDELITY': 0.995, 'CZ_GATE_DURATION': 0.2, 'CCZ_GATE_FIDELITY': 0.9975, 'CCZ_GATE_DURATION': 1, 'QUBIT_DECAY': 100000000.0, 'QUBIT_DEPHASING': 1500000.0, 'SHUTTLING_FIDELITY': 1.0, 'SHUTTLING_SPEED': 0.55, 'TRAP_SWAP_DURATION': 20, 'TRAP_SWAP_FIDELITY': 1.0, 'INTERACTION_RADIUS': 2.0, 'RESTRICTION_RADIUS': 4.0, 'TRAP_TRANSFER_PROXIMITY': 1e-05, 'AOD_BEAM_PROXIMITY': 0.001}"
576,uuf200-08.cnf,200,860,24,2.7546091079711914,150867.57926746074,7.994055728172146e-31,7292,2396,1300,0.9775,"{'U3_GATE_FIDELITY': 0.999, 'U3_GATE_DURATION': 0.5, 'CZ_GATE_FIDELITY': 0.995, 'CZ_GATE_DURATION': 0.2, 'CCZ_GATE_FIDELITY': 0.9775, 'CCZ_GATE_DURATION': 1, 'QUBIT_DECAY': 100000000.0, 'QUBIT_DEPHASING': 1500000.0, 'SHUTTLING_FIDELITY': 1.0, 'SHUTTLING_SPEED': 0.55, 'TRAP_SWAP_DURATION': 20, 'TRAP_SWAP_FIDELITY': 1.0, 'INTERACTION_RADIUS': 2.0, 'RESTRICTION_RADIUS': 4.0, 'TRAP_TRANSFER_PROXIMITY': 1e-05, 'AOD_BEAM_PROXIMITY': 0.001}"
577,uuf200-08.cnf,200,860,24,2.7546091079711914,150867.57926746074,2.212430737117781e-29,7292,2396,1300,0.98,"{'U3_GATE_FIDELITY': 0.999, 'U3_GATE_DURATION': 0.5, 'CZ_GATE_FIDELITY': 0.995, 'CZ_GATE_DURATION': 0.2, 'CCZ_GATE_FIDELITY': 0.98, 'CCZ_GATE_DURATION': 1, 'QUBIT_DECAY': 100000000.0, 'QUBIT_DEPHASING': 1500000.0, 'SHUTTLING_FIDELITY': 1.0, 'SHUTTLING_SPEED': 0.55, 'TRAP_SWAP_DURATION': 20, 'TRAP_SWAP_FIDELITY': 1.0, 'INTERACTION_RADIUS': 2.0, 'RESTRICTION_RADIUS': 4.0, 'TRAP_TRANSFER_PROXIMITY': 1e-05, 'AOD_BEAM_PROXIMITY': 0.001}"
578,uuf200-08.cnf,200,860,24,2.7546091079711914,150867.57926746074,6.0715285973485955e-28,7292,2396,1300,0.9825,"{'U3_GATE_FIDELITY': 0.999, 'U3_GATE_DURATION': 0.5, 'CZ_GATE_FIDELITY': 0.995, 'CZ_GATE_DURATION': 0.2, 'CCZ_GATE_FIDELITY': 0.9825, 'CCZ_GATE_DURATION': 1, 'QUBIT_DECAY': 100000000.0, 'QUBIT_DEPHASING': 1500000.0, 'SHUTTLING_FIDELITY': 1.0, 'SHUTTLING_SPEED': 0.55, 'TRAP_SWAP_DURATION': 20, 'TRAP_SWAP_FIDELITY': 1.0, 'INTERACTION_RADIUS': 2.0, 'RESTRICTION_RADIUS': 4.0, 'TRAP_TRANSFER_PROXIMITY': 1e-05, 'AOD_BEAM_PROXIMITY': 0.001}"
579,uuf200-08.cnf,200,860,24,2.7546091079711914,150867.57926746074,1.6522316229755896e-26,7292,2396,1300,0.985,"{'U3_GATE_FIDELITY': 0.999, 'U3_GATE_DURATION': 0.5, 'CZ_GATE_FIDELITY': 0.995, 'CZ_GATE_DURATION': 0.2, 'CCZ_GATE_FIDELITY': 0.985, 'CCZ_GATE_DURATION': 1, 'QUBIT_DECAY': 100000000.0, 'QUBIT_DEPHASING': 1500000.0, 'SHUTTLING_FIDELITY': 1.0, 'SHUTTLING_SPEED': 0.55, 'TRAP_SWAP_DURATION': 20, 'TRAP_SWAP_FIDELITY': 1.0, 'INTERACTION_RADIUS': 2.0, 'RESTRICTION_RADIUS': 4.0, 'TRAP_TRANSFER_PROXIMITY': 1e-05, 'AOD_BEAM_PROXIMITY': 0.001}"
580,uuf200-08.cnf,200,860,24,2.7546091079711914,150867.57926746074,4.458685822741406e-25,7292,2396,1300,0.9875,"{'U3_GATE_FIDELITY': 0.999, 'U3_GATE_DURATION': 0.5, 'CZ_GATE_FIDELITY': 0.995, 'CZ_GATE_DURATION': 0.2, 'CCZ_GATE_FIDELITY': 0.9875, 'CCZ_GATE_DURATION': 1, 'QUBIT_DECAY': 100000000.0, 'QUBIT_DEPHASING': 1500000.0, 'SHUTTLING_FIDELITY': 1.0, 'SHUTTLING_SPEED': 0.55, 'TRAP_SWAP_DURATION': 20, 'TRAP_SWAP_FIDELITY': 1.0, 'INTERACTION_RADIUS': 2.0, 'RESTRICTION_RADIUS': 4.0, 'TRAP_TRANSFER_PROXIMITY': 1e-05, 'AOD_BEAM_PROXIMITY': 0.001}"
581,uuf200-08.cnf,200,860,24,2.7546091079711914,150867.57926746074,1.1932302644140237e-23,7292,2396,1300,0.99,"{'U3_GATE_FIDELITY': 0.999, 'U3_GATE_DURATION': 0.5, 'CZ_GATE_FIDELITY': 0.995, 'CZ_GATE_DURATION': 0.2, 'CCZ_GATE_FIDELITY': 0.99, 'CCZ_GATE_DURATION': 1, 'QUBIT_DECAY': 100000000.0, 'QUBIT_DEPHASING': 1500000.0, 'SHUTTLING_FIDELITY': 1.0, 'SHUTTLING_SPEED': 0.55, 'TRAP_SWAP_DURATION': 20, 'TRAP_SWAP_FIDELITY': 1.0, 'INTERACTION_RADIUS': 2.0, 'RESTRICTION_RADIUS': 4.0, 'TRAP_TRANSFER_PROXIMITY': 1e-05, 'AOD_BEAM_PROXIMITY': 0.001}"
582,uuf200-08.cnf,200,860,24,2.7546091079711914,150867.57926746074,3.166951036607393e-22,7292,2396,1300,0.9925,"{'U3_GATE_FIDELITY': 0.999, 'U3_GATE_DURATION': 0.5, 'CZ_GATE_FIDELITY': 0.995, 'CZ_GATE_DURATION': 0.2, 'CCZ_GATE_FIDELITY': 0.9925, 'CCZ_GATE_DURATION': 1, 'QUBIT_DECAY': 100000000.0, 'QUBIT_DEPHASING': 1500000.0, 'SHUTTLING_FIDELITY': 1.0, 'SHUTTLING_SPEED': 0.55, 'TRAP_SWAP_DURATION': 20, 'TRAP_SWAP_FIDELITY': 1.0, 'INTERACTION_RADIUS': 2.0, 'RESTRICTION_RADIUS': 4.0, 'TRAP_TRANSFER_PROXIMITY': 1e-05, 'AOD_BEAM_PROXIMITY': 0.001}"
583,uuf200-08.cnf,200,860,24,2.7546091079711914,150867.57926746074,8.336355999455681e-21,7292,2396,1300,0.995,"{'U3_GATE_FIDELITY': 0.999, 'U3_GATE_DURATION': 0.5, 'CZ_GATE_FIDELITY': 0.995, 'CZ_GATE_DURATION': 0.2, 'CCZ_GATE_FIDELITY': 0.995, 'CCZ_GATE_DURATION': 1, 'QUBIT_DECAY': 100000000.0, 'QUBIT_DEPHASING': 1500000.0, 'SHUTTLING_FIDELITY': 1.0, 'SHUTTLING_SPEED': 0.55, 'TRAP_SWAP_DURATION': 20, 'TRAP_SWAP_FIDELITY': 1.0, 'INTERACTION_RADIUS': 2.0, 'RESTRICTION_RADIUS': 4.0, 'TRAP_TRANSFER_PROXIMITY': 1e-05, 'AOD_BEAM_PROXIMITY': 0.001}"
584,uuf200-08.cnf,200,860,24,2.7546091079711914,150867.57926746074,2.176441255802015e-19,7292,2396,1300,0.9975,"{'U3_GATE_FIDELITY': 0.999, 'U3_GATE_DURATION': 0.5, 'CZ_GATE_FIDELITY': 0.995, 'CZ_GATE_DURATION': 0.2, 'CCZ_GATE_FIDELITY': 0.9975, 'CCZ_GATE_DURATION': 1, 'QUBIT_DECAY': 100000000.0, 'QUBIT_DEPHASING': 1500000.0, 'SHUTTLING_FIDELITY': 1.0, 'SHUTTLING_SPEED': 0.55, 'TRAP_SWAP_DURATION': 20, 'TRAP_SWAP_FIDELITY': 1.0, 'INTERACTION_RADIUS': 2.0, 'RESTRICTION_RADIUS': 4.0, 'TRAP_TRANSFER_PROXIMITY': 1e-05, 'AOD_BEAM_PROXIMITY': 0.001}"
585,uuf50-02.cnf,50,218,23,0.3588707447052002,27788.264302480373,3.666279857232433e-06,1725,558,310,0.9775,"{'U3_GATE_FIDELITY': 0.999, 'U3_GATE_DURATION': 0.5, 'CZ_GATE_FIDELITY': 0.995, 'CZ_GATE_DURATION': 0.2, 'CCZ_GATE_FIDELITY': 0.9775, 'CCZ_GATE_DURATION': 1, 'QUBIT_DECAY': 100000000.0, 'QUBIT_DEPHASING': 1500000.0, 'SHUTTLING_FIDELITY': 1.0, 'SHUTTLING_SPEED': 0.55, 'TRAP_SWAP_DURATION': 20, 'TRAP_SWAP_FIDELITY': 1.0, 'INTERACTION_RADIUS': 2.0, 'RESTRICTION_RADIUS': 4.0, 'TRAP_TRANSFER_PROXIMITY': 1e-05, 'AOD_BEAM_PROXIMITY': 0.001}"
586,uuf50-02.cnf,50,218,23,0.3588707447052002,27788.264302480373,8.093038313564856e-06,1725,558,310,0.98,"{'U3_GATE_FIDELITY': 0.999, 'U3_GATE_DURATION': 0.5, 'CZ_GATE_FIDELITY': 0.995, 'CZ_GATE_DURATION': 0.2, 'CCZ_GATE_FIDELITY': 0.98, 'CCZ_GATE_DURATION': 1, 'QUBIT_DECAY': 100000000.0, 'QUBIT_DEPHASING': 1500000.0, 'SHUTTLING_FIDELITY': 1.0, 'SHUTTLING_SPEED': 0.55, 'TRAP_SWAP_DURATION': 20, 'TRAP_SWAP_FIDELITY': 1.0, 'INTERACTION_RADIUS': 2.0, 'RESTRICTION_RADIUS': 4.0, 'TRAP_TRANSFER_PROXIMITY': 1e-05, 'AOD_BEAM_PROXIMITY': 0.001}"
587,uuf50-02.cnf,50,218,23,0.3588707447052002,27788.264302480373,1.7828772218834446e-05,1725,558,310,0.9825,"{'U3_GATE_FIDELITY': 0.999, 'U3_GATE_DURATION': 0.5, 'CZ_GATE_FIDELITY': 0.995, 'CZ_GATE_DURATION': 0.2, 'CCZ_GATE_FIDELITY': 0.9825, 'CCZ_GATE_DURATION': 1, 'QUBIT_DECAY': 100000000.0, 'QUBIT_DEPHASING': 1500000.0, 'SHUTTLING_FIDELITY': 1.0, 'SHUTTLING_SPEED': 0.55, 'TRAP_SWAP_DURATION': 20, 'TRAP_SWAP_FIDELITY': 1.0, 'INTERACTION_RADIUS': 2.0, 'RESTRICTION_RADIUS': 4.0, 'TRAP_TRANSFER_PROXIMITY': 1e-05, 'AOD_BEAM_PROXIMITY': 0.001}"
588,uuf50-02.cnf,50,218,23,0.3588707447052002,27788.264302480373,3.91976098600445e-05,1725,558,310,0.985,"{'U3_GATE_FIDELITY': 0.999, 'U3_GATE_DURATION': 0.5, 'CZ_GATE_FIDELITY': 0.995, 'CZ_GATE_DURATION': 0.2, 'CCZ_GATE_FIDELITY': 0.985, 'CCZ_GATE_DURATION': 1, 'QUBIT_DECAY': 100000000.0, 'QUBIT_DEPHASING': 1500000.0, 'SHUTTLING_FIDELITY': 1.0, 'SHUTTLING_SPEED': 0.55, 'TRAP_SWAP_DURATION': 20, 'TRAP_SWAP_FIDELITY': 1.0, 'INTERACTION_RADIUS': 2.0, 'RESTRICTION_RADIUS': 4.0, 'TRAP_TRANSFER_PROXIMITY': 1e-05, 'AOD_BEAM_PROXIMITY': 0.001}"
589,uuf50-02.cnf,50,218,23,0.3588707447052002,27788.264302480373,8.600633952707448e-05,1725,558,310,0.9875,"{'U3_GATE_FIDELITY': 0.999, 'U3_GATE_DURATION': 0.5, 'CZ_GATE_FIDELITY': 0.995, 'CZ_GATE_DURATION': 0.2, 'CCZ_GATE_FIDELITY': 0.9875, 'CCZ_GATE_DURATION': 1, 'QUBIT_DECAY': 100000000.0, 'QUBIT_DEPHASING': 1500000.0, 'SHUTTLING_FIDELITY': 1.0, 'SHUTTLING_SPEED': 0.55, 'TRAP_SWAP_DURATION': 20, 'TRAP_SWAP_FIDELITY': 1.0, 'INTERACTION_RADIUS': 2.0, 'RESTRICTION_RADIUS': 4.0, 'TRAP_TRANSFER_PROXIMITY': 1e-05, 'AOD_BEAM_PROXIMITY': 0.001}"
590,uuf50-02.cnf,50,218,23,0.3588707447052002,27788.264302480373,0.00018833821801577476,1725,558,310,0.99,"{'U3_GATE_FIDELITY': 0.999, 'U3_GATE_DURATION': 0.5, 'CZ_GATE_FIDELITY': 0.995, 'CZ_GATE_DURATION': 0.2, 'CCZ_GATE_FIDELITY': 0.99, 'CCZ_GATE_DURATION': 1, 'QUBIT_DECAY': 100000000.0, 'QUBIT_DEPHASING': 1500000.0, 'SHUTTLING_FIDELITY': 1.0, 'SHUTTLING_SPEED': 0.55, 'TRAP_SWAP_DURATION': 20, 'TRAP_SWAP_FIDELITY': 1.0, 'INTERACTION_RADIUS': 2.0, 'RESTRICTION_RADIUS': 4.0, 'TRAP_TRANSFER_PROXIMITY': 1e-05, 'AOD_BEAM_PROXIMITY': 0.001}"
591,uuf50-02.cnf,50,218,23,0.3588707447052002,27788.264302480373,0.0004116118948723126,1725,558,310,0.9925,"{'U3_GATE_FIDELITY': 0.999, 'U3_GATE_DURATION': 0.5, 'CZ_GATE_FIDELITY': 0.995, 'CZ_GATE_DURATION': 0.2, 'CCZ_GATE_FIDELITY': 0.9925, 'CCZ_GATE_DURATION': 1, 'QUBIT_DECAY': 100000000.0, 'QUBIT_DEPHASING': 1500000.0, 'SHUTTLING_FIDELITY': 1.0, 'SHUTTLING_SPEED': 0.55, 'TRAP_SWAP_DURATION': 20, 'TRAP_SWAP_FIDELITY': 1.0, 'INTERACTION_RADIUS': 2.0, 'RESTRICTION_RADIUS': 4.0, 'TRAP_TRANSFER_PROXIMITY': 1e-05, 'AOD_BEAM_PROXIMITY': 0.001}"
592,uuf50-02.cnf,50,218,23,0.3588707447052002,27788.264302480373,0.0008978073632900486,1725,558,310,0.995,"{'U3_GATE_FIDELITY': 0.999, 'U3_GATE_DURATION': 0.5, 'CZ_GATE_FIDELITY': 0.995, 'CZ_GATE_DURATION': 0.2, 'CCZ_GATE_FIDELITY': 0.995, 'CCZ_GATE_DURATION': 1, 'QUBIT_DECAY': 100000000.0, 'QUBIT_DEPHASING': 1500000.0, 'SHUTTLING_FIDELITY': 1.0, 'SHUTTLING_SPEED': 0.55, 'TRAP_SWAP_DURATION': 20, 'TRAP_SWAP_FIDELITY': 1.0, 'INTERACTION_RADIUS': 2.0, 'RESTRICTION_RADIUS': 4.0, 'TRAP_TRANSFER_PROXIMITY': 1e-05, 'AOD_BEAM_PROXIMITY': 0.001}"
593,uuf50-02.cnf,50,218,23,0.3588707447052002,27788.264302480373,0.0019544676342261344,1725,558,310,0.9975,"{'U3_GATE_FIDELITY': 0.999, 'U3_GATE_DURATION': 0.5, 'CZ_GATE_FIDELITY': 0.995, 'CZ_GATE_DURATION': 0.2, 'CCZ_GATE_FIDELITY': 0.9975, 'CCZ_GATE_DURATION': 1, 'QUBIT_DECAY': 100000000.0, 'QUBIT_DEPHASING': 1500000.0, 'SHUTTLING_FIDELITY': 1.0, 'SHUTTLING_SPEED': 0.55, 'TRAP_SWAP_DURATION': 20, 'TRAP_SWAP_FIDELITY': 1.0, 'INTERACTION_RADIUS': 2.0, 'RESTRICTION_RADIUS': 4.0, 'TRAP_TRANSFER_PROXIMITY': 1e-05, 'AOD_BEAM_PROXIMITY': 0.001}"
594,uuf100-04.cnf,100,430,20,0.6172385215759277,61507.976462925086,1.1479881460794852e-12,3544,1260,592,0.9775,"{'U3_GATE_FIDELITY': 0.999, 'U3_GATE_DURATION': 0.5, 'CZ_GATE_FIDELITY': 0.995, 'CZ_GATE_DURATION': 0.2, 'CCZ_GATE_FIDELITY': 0.9775, 'CCZ_GATE_DURATION': 1, 'QUBIT_DECAY': 100000000.0, 'QUBIT_DEPHASING': 1500000.0, 'SHUTTLING_FIDELITY': 1.0, 'SHUTTLING_SPEED': 0.55, 'TRAP_SWAP_DURATION': 20, 'TRAP_SWAP_FIDELITY': 1.0, 'INTERACTION_RADIUS': 2.0, 'RESTRICTION_RADIUS': 4.0, 'TRAP_TRANSFER_PROXIMITY': 1e-05, 'AOD_BEAM_PROXIMITY': 0.001}"
595,uuf100-04.cnf,100,430,20,0.6172385215759277,61507.976462925086,5.2077328981139875e-12,3544,1260,592,0.98,"{'U3_GATE_FIDELITY': 0.999, 'U3_GATE_DURATION': 0.5, 'CZ_GATE_FIDELITY': 0.995, 'CZ_GATE_DURATION': 0.2, 'CCZ_GATE_FIDELITY': 0.98, 'CCZ_GATE_DURATION': 1, 'QUBIT_DECAY': 100000000.0, 'QUBIT_DEPHASING': 1500000.0, 'SHUTTLING_FIDELITY': 1.0, 'SHUTTLING_SPEED': 0.55, 'TRAP_SWAP_DURATION': 20, 'TRAP_SWAP_FIDELITY': 1.0, 'INTERACTION_RADIUS': 2.0, 'RESTRICTION_RADIUS': 4.0, 'TRAP_TRANSFER_PROXIMITY': 1e-05, 'AOD_BEAM_PROXIMITY': 0.001}"
596,uuf100-04.cnf,100,430,20,0.6172385215759277,61507.976462925086,2.3533517636869547e-11,3544,1260,592,0.9825,"{'U3_GATE_FIDELITY': 0.999, 'U3_GATE_DURATION': 0.5, 'CZ_GATE_FIDELITY': 0.995, 'CZ_GATE_DURATION': 0.2, 'CCZ_GATE_FIDELITY': 0.9825, 'CCZ_GATE_DURATION': 1, 'QUBIT_DECAY': 100000000.0, 'QUBIT_DEPHASING': 1500000.0, 'SHUTTLING_FIDELITY': 1.0, 'SHUTTLING_SPEED': 0.55, 'TRAP_SWAP_DURATION': 20, 'TRAP_SWAP_FIDELITY': 1.0, 'INTERACTION_RADIUS': 2.0, 'RESTRICTION_RADIUS': 4.0, 'TRAP_TRANSFER_PROXIMITY': 1e-05, 'AOD_BEAM_PROXIMITY': 0.001}"
597,uuf100-04.cnf,100,430,20,0.6172385215759277,61507.976462925086,1.0594009206753618e-10,3544,1260,592,0.985,"{'U3_GATE_FIDELITY': 0.999, 'U3_GATE_DURATION': 0.5, 'CZ_GATE_FIDELITY': 0.995, 'CZ_GATE_DURATION': 0.2, 'CCZ_GATE_FIDELITY': 0.985, 'CCZ_GATE_DURATION': 1, 'QUBIT_DECAY': 100000000.0, 'QUBIT_DEPHASING': 1500000.0, 'SHUTTLING_FIDELITY': 1.0, 'SHUTTLING_SPEED': 0.55, 'TRAP_SWAP_DURATION': 20, 'TRAP_SWAP_FIDELITY': 1.0, 'INTERACTION_RADIUS': 2.0, 'RESTRICTION_RADIUS': 4.0, 'TRAP_TRANSFER_PROXIMITY': 1e-05, 'AOD_BEAM_PROXIMITY': 0.001}"
598,uuf100-04.cnf,100,430,20,0.6172385215759277,61507.976462925086,4.75091911046698e-10,3544,1260,592,0.9875,"{'U3_GATE_FIDELITY': 0.999, 'U3_GATE_DURATION': 0.5, 'CZ_GATE_FIDELITY': 0.995, 'CZ_GATE_DURATION': 0.2, 'CCZ_GATE_FIDELITY': 0.9875, 'CCZ_GATE_DURATION': 1, 'QUBIT_DECAY': 100000000.0, 'QUBIT_DEPHASING': 1500000.0, 'SHUTTLING_FIDELITY': 1.0, 'SHUTTLING_SPEED': 0.55, 'TRAP_SWAP_DURATION': 20, 'TRAP_SWAP_FIDELITY': 1.0, 'INTERACTION_RADIUS': 2.0, 'RESTRICTION_RADIUS': 4.0, 'TRAP_TRANSFER_PROXIMITY': 1e-05, 'AOD_BEAM_PROXIMITY': 0.001}"
599,uuf100-04.cnf,100,430,20,0.6172385215759277,61507.976462925086,2.122497039665875e-09,3544,1260,592,0.99,"{'U3_GATE_FIDELITY': 0.999, 'U3_GATE_DURATION': 0.5, 'CZ_GATE_FIDELITY': 0.995, 'CZ_GATE_DURATION': 0.2, 'CCZ_GATE_FIDELITY': 0.99, 'CCZ_GATE_DURATION': 1, 'QUBIT_DECAY': 100000000.0, 'QUBIT_DEPHASING': 1500000.0, 'SHUTTLING_FIDELITY': 1.0, 'SHUTTLING_SPEED': 0.55, 'TRAP_SWAP_DURATION': 20, 'TRAP_SWAP_FIDELITY': 1.0, 'INTERACTION_RADIUS': 2.0, 'RESTRICTION_RADIUS': 4.0, 'TRAP_TRANSFER_PROXIMITY': 1e-05, 'AOD_BEAM_PROXIMITY': 0.001}"
600,uuf100-04.cnf,100,430,20,0.6172385215759277,61507.976462925086,9.446632687379213e-09,3544,1260,592,0.9925,"{'U3_GATE_FIDELITY': 0.999, 'U3_GATE_DURATION': 0.5, 'CZ_GATE_FIDELITY': 0.995, 'CZ_GATE_DURATION': 0.2, 'CCZ_GATE_FIDELITY': 0.9925, 'CCZ_GATE_DURATION': 1, 'QUBIT_DECAY': 100000000.0, 'QUBIT_DEPHASING': 1500000.0, 'SHUTTLING_FIDELITY': 1.0, 'SHUTTLING_SPEED': 0.55, 'TRAP_SWAP_DURATION': 20, 'TRAP_SWAP_FIDELITY': 1.0, 'INTERACTION_RADIUS': 2.0, 'RESTRICTION_RADIUS': 4.0, 'TRAP_TRANSFER_PROXIMITY': 1e-05, 'AOD_BEAM_PROXIMITY': 0.001}"
601,uuf100-04.cnf,100,430,20,0.6172385215759277,61507.976462925086,4.188665627421147e-08,3544,1260,592,0.995,"{'U3_GATE_FIDELITY': 0.999, 'U3_GATE_DURATION': 0.5, 'CZ_GATE_FIDELITY': 0.995, 'CZ_GATE_DURATION': 0.2, 'CCZ_GATE_FIDELITY': 0.995, 'CCZ_GATE_DURATION': 1, 'QUBIT_DECAY': 100000000.0, 'QUBIT_DEPHASING': 1500000.0, 'SHUTTLING_FIDELITY': 1.0, 'SHUTTLING_SPEED': 0.55, 'TRAP_SWAP_DURATION': 20, 'TRAP_SWAP_FIDELITY': 1.0, 'INTERACTION_RADIUS': 2.0, 'RESTRICTION_RADIUS': 4.0, 'TRAP_TRANSFER_PROXIMITY': 1e-05, 'AOD_BEAM_PROXIMITY': 0.001}"
602,uuf100-04.cnf,100,430,20,0.6172385215759277,61507.976462925086,1.8503388687651835e-07,3544,1260,592,0.9975,"{'U3_GATE_FIDELITY': 0.999, 'U3_GATE_DURATION': 0.5, 'CZ_GATE_FIDELITY': 0.995, 'CZ_GATE_DURATION': 0.2, 'CCZ_GATE_FIDELITY': 0.9975, 'CCZ_GATE_DURATION': 1, 'QUBIT_DECAY': 100000000.0, 'QUBIT_DEPHASING': 1500000.0, 'SHUTTLING_FIDELITY': 1.0, 'SHUTTLING_SPEED': 0.55, 'TRAP_SWAP_DURATION': 20, 'TRAP_SWAP_FIDELITY': 1.0, 'INTERACTION_RADIUS': 2.0, 'RESTRICTION_RADIUS': 4.0, 'TRAP_TRANSFER_PROXIMITY': 1e-05, 'AOD_BEAM_PROXIMITY': 0.001}"
603,uuf200-09.cnf,200,860,23,2.6892857551574707,152159.68590530477,1.0604011181988178e-30,7161,2458,1272,0.9775,"{'U3_GATE_FIDELITY': 0.999, 'U3_GATE_DURATION': 0.5, 'CZ_GATE_FIDELITY': 0.995, 'CZ_GATE_DURATION': 0.2, 'CCZ_GATE_FIDELITY': 0.9775, 'CCZ_GATE_DURATION': 1, 'QUBIT_DECAY': 100000000.0, 'QUBIT_DEPHASING': 1500000.0, 'SHUTTLING_FIDELITY': 1.0, 'SHUTTLING_SPEED': 0.55, 'TRAP_SWAP_DURATION': 20, 'TRAP_SWAP_FIDELITY': 1.0, 'INTERACTION_RADIUS': 2.0, 'RESTRICTION_RADIUS': 4.0, 'TRAP_TRANSFER_PROXIMITY': 1e-05, 'AOD_BEAM_PROXIMITY': 0.001}"
604,uuf200-09.cnf,200,860,23,2.6892857551574707,152159.68590530477,2.732197058942742e-29,7161,2458,1272,0.98,"{'U3_GATE_FIDELITY': 0.999, 'U3_GATE_DURATION': 0.5, 'CZ_GATE_FIDELITY': 0.995, 'CZ_GATE_DURATION': 0.2, 'CCZ_GATE_FIDELITY': 0.98, 'CCZ_GATE_DURATION': 1, 'QUBIT_DECAY': 100000000.0, 'QUBIT_DEPHASING': 1500000.0, 'SHUTTLING_FIDELITY': 1.0, 'SHUTTLING_SPEED': 0.55, 'TRAP_SWAP_DURATION': 20, 'TRAP_SWAP_FIDELITY': 1.0, 'INTERACTION_RADIUS': 2.0, 'RESTRICTION_RADIUS': 4.0, 'TRAP_TRANSFER_PROXIMITY': 1e-05, 'AOD_BEAM_PROXIMITY': 0.001}"
605,uuf200-09.cnf,200,860,23,2.6892857551574707,152159.68590530477,6.981662439512216e-28,7161,2458,1272,0.9825,"{'U3_GATE_FIDELITY': 0.999, 'U3_GATE_DURATION': 0.5, 'CZ_GATE_FIDELITY': 0.995, 'CZ_GATE_DURATION': 0.2, 'CCZ_GATE_FIDELITY': 0.9825, 'CCZ_GATE_DURATION': 1, 'QUBIT_DECAY': 100000000.0, 'QUBIT_DEPHASING': 1500000.0, 'SHUTTLING_FIDELITY': 1.0, 'SHUTTLING_SPEED': 0.55, 'TRAP_SWAP_DURATION': 20, 'TRAP_SWAP_FIDELITY': 1.0, 'INTERACTION_RADIUS': 2.0, 'RESTRICTION_RADIUS': 4.0, 'TRAP_TRANSFER_PROXIMITY': 1e-05, 'AOD_BEAM_PROXIMITY': 0.001}"
606,uuf200-09.cnf,200,860,23,2.6892857551574707,152159.68590530477,1.769411850564263e-26,7161,2458,1272,0.985,"{'U3_GATE_FIDELITY': 0.999, 'U3_GATE_DURATION': 0.5, 'CZ_GATE_FIDELITY': 0.995, 'CZ_GATE_DURATION': 0.2, 'CCZ_GATE_FIDELITY': 0.985, 'CCZ_GATE_DURATION': 1, 'QUBIT_DECAY': 100000000.0, 'QUBIT_DEPHASING': 1500000.0, 'SHUTTLING_FIDELITY': 1.0, 'SHUTTLING_SPEED': 0.55, 'TRAP_SWAP_DURATION': 20, 'TRAP_SWAP_FIDELITY': 1.0, 'INTERACTION_RADIUS': 2.0, 'RESTRICTION_RADIUS': 4.0, 'TRAP_TRANSFER_PROXIMITY': 1e-05, 'AOD_BEAM_PROXIMITY': 0.001}"
607,uuf200-09.cnf,200,860,23,2.6892857551574707,152159.68590530477,4.447750389078448e-25,7161,2458,1272,0.9875,"{'U3_GATE_FIDELITY': 0.999, 'U3_GATE_DURATION': 0.5, 'CZ_GATE_FIDELITY': 0.995, 'CZ_GATE_DURATION': 0.2, 'CCZ_GATE_FIDELITY': 0.9875, 'CCZ_GATE_DURATION': 1, 'QUBIT_DECAY': 100000000.0, 'QUBIT_DEPHASING': 1500000.0, 'SHUTTLING_FIDELITY': 1.0, 'SHUTTLING_SPEED': 0.55, 'TRAP_SWAP_DURATION': 20, 'TRAP_SWAP_FIDELITY': 1.0, 'INTERACTION_RADIUS': 2.0, 'RESTRICTION_RADIUS': 4.0, 'TRAP_TRANSFER_PROXIMITY': 1e-05, 'AOD_BEAM_PROXIMITY': 0.001}"
608,uuf200-09.cnf,200,860,23,2.6892857551574707,152159.68590530477,1.1089482163721795e-23,7161,2458,1272,0.99,"{'U3_GATE_FIDELITY': 0.999, 'U3_GATE_DURATION': 0.5, 'CZ_GATE_FIDELITY': 0.995, 'CZ_GATE_DURATION': 0.2, 'CCZ_GATE_FIDELITY': 0.99, 'CCZ_GATE_DURATION': 1, 'QUBIT_DECAY': 100000000.0, 'QUBIT_DEPHASING': 1500000.0, 'SHUTTLING_FIDELITY': 1.0, 'SHUTTLING_SPEED': 0.55, 'TRAP_SWAP_DURATION': 20, 'TRAP_SWAP_FIDELITY': 1.0, 'INTERACTION_RADIUS': 2.0, 'RESTRICTION_RADIUS': 4.0, 'TRAP_TRANSFER_PROXIMITY': 1e-05, 'AOD_BEAM_PROXIMITY': 0.001}"
609,uuf200-09.cnf,200,860,23,2.6892857551574707,152159.68590530477,2.7425804264731382e-22,7161,2458,1272,0.9925,"{'U3_GATE_FIDELITY': 0.999, 'U3_GATE_DURATION': 0.5, 'CZ_GATE_FIDELITY': 0.995, 'CZ_GATE_DURATION': 0.2, 'CCZ_GATE_FIDELITY': 0.9925, 'CCZ_GATE_DURATION': 1, 'QUBIT_DECAY': 100000000.0, 'QUBIT_DEPHASING': 1500000.0, 'SHUTTLING_FIDELITY': 1.0, 'SHUTTLING_SPEED': 0.55, 'TRAP_SWAP_DURATION': 20, 'TRAP_SWAP_FIDELITY': 1.0, 'INTERACTION_RADIUS': 2.0, 'RESTRICTION_RADIUS': 4.0, 'TRAP_TRANSFER_PROXIMITY': 1e-05, 'AOD_BEAM_PROXIMITY': 0.001}"
610,uuf200-09.cnf,200,860,23,2.6892857551574707,152159.68590530477,6.728255068301678e-21,7161,2458,1272,0.995,"{'U3_GATE_FIDELITY': 0.999, 'U3_GATE_DURATION': 0.5, 'CZ_GATE_FIDELITY': 0.995, 'CZ_GATE_DURATION': 0.2, 'CCZ_GATE_FIDELITY': 0.995, 'CCZ_GATE_DURATION': 1, 'QUBIT_DECAY': 100000000.0, 'QUBIT_DEPHASING': 1500000.0, 'SHUTTLING_FIDELITY': 1.0, 'SHUTTLING_SPEED': 0.55, 'TRAP_SWAP_DURATION': 20, 'TRAP_SWAP_FIDELITY': 1.0, 'INTERACTION_RADIUS': 2.0, 'RESTRICTION_RADIUS': 4.0, 'TRAP_TRANSFER_PROXIMITY': 1e-05, 'AOD_BEAM_PROXIMITY': 0.001}"
611,uuf200-09.cnf,200,860,23,2.6892857551574707,152159.68590530477,1.6374124304759886e-19,7161,2458,1272,0.9975,"{'U3_GATE_FIDELITY': 0.999, 'U3_GATE_DURATION': 0.5, 'CZ_GATE_FIDELITY': 0.995, 'CZ_GATE_DURATION': 0.2, 'CCZ_GATE_FIDELITY': 0.9975, 'CCZ_GATE_DURATION': 1, 'QUBIT_DECAY': 100000000.0, 'QUBIT_DEPHASING': 1500000.0, 'SHUTTLING_FIDELITY': 1.0, 'SHUTTLING_SPEED': 0.55, 'TRAP_SWAP_DURATION': 20, 'TRAP_SWAP_FIDELITY': 1.0, 'INTERACTION_RADIUS': 2.0, 'RESTRICTION_RADIUS': 4.0, 'TRAP_TRANSFER_PROXIMITY': 1e-05, 'AOD_BEAM_PROXIMITY': 0.001}"
612,uuf50-01.cnf,50,218,20,0.3388826847076416,26629.521972709015,6.334836332878871e-06,1664,596,282,0.9775,"{'U3_GATE_FIDELITY': 0.999, 'U3_GATE_DURATION': 0.5, 'CZ_GATE_FIDELITY': 0.995, 'CZ_GATE_DURATION': 0.2, 'CCZ_GATE_FIDELITY': 0.9775, 'CCZ_GATE_DURATION': 1, 'QUBIT_DECAY': 100000000.0, 'QUBIT_DEPHASING': 1500000.0, 'SHUTTLING_FIDELITY': 1.0, 'SHUTTLING_SPEED': 0.55, 'TRAP_SWAP_DURATION': 20, 'TRAP_SWAP_FIDELITY': 1.0, 'INTERACTION_RADIUS': 2.0, 'RESTRICTION_RADIUS': 4.0, 'TRAP_TRANSFER_PROXIMITY': 1e-05, 'AOD_BEAM_PROXIMITY': 0.001}"
613,uuf50-01.cnf,50,218,20,0.3388826847076416,26629.521972709015,1.3018492974283616e-05,1664,596,282,0.98,"{'U3_GATE_FIDELITY': 0.999, 'U3_GATE_DURATION': 0.5, 'CZ_GATE_FIDELITY': 0.995, 'CZ_GATE_DURATION': 0.2, 'CCZ_GATE_FIDELITY': 0.98, 'CCZ_GATE_DURATION': 1, 'QUBIT_DECAY': 100000000.0, 'QUBIT_DEPHASING': 1500000.0, 'SHUTTLING_FIDELITY': 1.0, 'SHUTTLING_SPEED': 0.55, 'TRAP_SWAP_DURATION': 20, 'TRAP_SWAP_FIDELITY': 1.0, 'INTERACTION_RADIUS': 2.0, 'RESTRICTION_RADIUS': 4.0, 'TRAP_TRANSFER_PROXIMITY': 1e-05, 'AOD_BEAM_PROXIMITY': 0.001}"
614,uuf50-01.cnf,50,218,20,0.3388826847076416,26629.521972709015,2.670478090047197e-05,1664,596,282,0.9825,"{'U3_GATE_FIDELITY': 0.999, 'U3_GATE_DURATION': 0.5, 'CZ_GATE_FIDELITY': 0.995, 'CZ_GATE_DURATION': 0.2, 'CCZ_GATE_FIDELITY': 0.9825, 'CCZ_GATE_DURATION': 1, 'QUBIT_DECAY': 100000000.0, 'QUBIT_DEPHASING': 1500000.0, 'SHUTTLING_FIDELITY': 1.0, 'SHUTTLING_SPEED': 0.55, 'TRAP_SWAP_DURATION': 20, 'TRAP_SWAP_FIDELITY': 1.0, 'INTERACTION_RADIUS': 2.0, 'RESTRICTION_RADIUS': 4.0, 'TRAP_TRANSFER_PROXIMITY': 1e-05, 'AOD_BEAM_PROXIMITY': 0.001}"
615,uuf50-01.cnf,50,218,20,0.3388826847076416,26629.521972709015,5.467947903055587e-05,1664,596,282,0.985,"{'U3_GATE_FIDELITY': 0.999, 'U3_GATE_DURATION': 0.5, 'CZ_GATE_FIDELITY': 0.995, 'CZ_GATE_DURATION': 0.2, 'CCZ_GATE_FIDELITY': 0.985, 'CCZ_GATE_DURATION': 1, 'QUBIT_DECAY': 100000000.0, 'QUBIT_DEPHASING': 1500000.0, 'SHUTTLING_FIDELITY': 1.0, 'SHUTTLING_SPEED': 0.55, 'TRAP_SWAP_DURATION': 20, 'TRAP_SWAP_FIDELITY': 1.0, 'INTERACTION_RADIUS': 2.0, 'RESTRICTION_RADIUS': 4.0, 'TRAP_TRANSFER_PROXIMITY': 1e-05, 'AOD_BEAM_PROXIMITY': 0.001}"
616,uuf50-01.cnf,50,218,20,0.3388826847076416,26629.521972709015,0.00011175598222820833,1664,596,282,0.9875,"{'U3_GATE_FIDELITY': 0.999, 'U3_GATE_DURATION': 0.5, 'CZ_GATE_FIDELITY': 0.995, 'CZ_GATE_DURATION': 0.2, 'CCZ_GATE_FIDELITY': 0.9875, 'CCZ_GATE_DURATION': 1, 'QUBIT_DECAY': 100000000.0, 'QUBIT_DEPHASING': 1500000.0, 'SHUTTLING_FIDELITY': 1.0, 'SHUTTLING_SPEED': 0.55, 'TRAP_SWAP_DURATION': 20, 'TRAP_SWAP_FIDELITY': 1.0, 'INTERACTION_RADIUS': 2.0, 'RESTRICTION_RADIUS': 4.0, 'TRAP_TRANSFER_PROXIMITY': 1e-05, 'AOD_BEAM_PROXIMITY': 0.001}"
617,uuf50-01.cnf,50,218,20,0.3388826847076416,26629.521972709015,0.00022799863359941998,1664,596,282,0.99,"{'U3_GATE_FIDELITY': 0.999, 'U3_GATE_DURATION': 0.5, 'CZ_GATE_FIDELITY': 0.995, 'CZ_GATE_DURATION': 0.2, 'CCZ_GATE_FIDELITY': 0.99, 'CCZ_GATE_DURATION': 1, 'QUBIT_DECAY': 100000000.0, 'QUBIT_DEPHASING': 1500000.0, 'SHUTTLING_FIDELITY': 1.0, 'SHUTTLING_SPEED': 0.55, 'TRAP_SWAP_DURATION': 20, 'TRAP_SWAP_FIDELITY': 1.0, 'INTERACTION_RADIUS': 2.0, 'RESTRICTION_RADIUS': 4.0, 'TRAP_TRANSFER_PROXIMITY': 1e-05, 'AOD_BEAM_PROXIMITY': 0.001}"
618,uuf50-01.cnf,50,218,20,0.3388826847076416,26629.521972709015,0.0004643150068595128,1664,596,282,0.9925,"{'U3_GATE_FIDELITY': 0.999, 'U3_GATE_DURATION': 0.5, 'CZ_GATE_FIDELITY': 0.995, 'CZ_GATE_DURATION': 0.2, 'CCZ_GATE_FIDELITY': 0.9925, 'CCZ_GATE_DURATION': 1, 'QUBIT_DECAY': 100000000.0, 'QUBIT_DEPHASING': 1500000.0, 'SHUTTLING_FIDELITY': 1.0, 'SHUTTLING_SPEED': 0.55, 'TRAP_SWAP_DURATION': 20, 'TRAP_SWAP_FIDELITY': 1.0, 'INTERACTION_RADIUS': 2.0, 'RESTRICTION_RADIUS': 4.0, 'TRAP_TRANSFER_PROXIMITY': 1e-05, 'AOD_BEAM_PROXIMITY': 0.001}"
619,uuf50-01.cnf,50,218,20,0.3388826847076416,26629.521972709015,0.0009438785964309363,1664,596,282,0.995,"{'U3_GATE_FIDELITY': 0.999, 'U3_GATE_DURATION': 0.5, 'CZ_GATE_FIDELITY': 0.995, 'CZ_GATE_DURATION': 0.2, 'CCZ_GATE_FIDELITY': 0.995, 'CCZ_GATE_DURATION': 1, 'QUBIT_DECAY': 100000000.0, 'QUBIT_DEPHASING': 1500000.0, 'SHUTTLING_FIDELITY': 1.0, 'SHUTTLING_SPEED': 0.55, 'TRAP_SWAP_DURATION': 20, 'TRAP_SWAP_FIDELITY': 1.0, 'INTERACTION_RADIUS': 2.0, 'RESTRICTION_RADIUS': 4.0, 'TRAP_TRANSFER_PROXIMITY': 1e-05, 'AOD_BEAM_PROXIMITY': 0.001}"
620,uuf50-01.cnf,50,218,20,0.3388826847076416,26629.521972709015,0.0019153422861171046,1664,596,282,0.9975,"{'U3_GATE_FIDELITY': 0.999, 'U3_GATE_DURATION': 0.5, 'CZ_GATE_FIDELITY': 0.995, 'CZ_GATE_DURATION': 0.2, 'CCZ_GATE_FIDELITY': 0.9975, 'CCZ_GATE_DURATION': 1, 'QUBIT_DECAY': 100000000.0, 'QUBIT_DEPHASING': 1500000.0, 'SHUTTLING_FIDELITY': 1.0, 'SHUTTLING_SPEED': 0.55, 'TRAP_SWAP_DURATION': 20, 'TRAP_SWAP_FIDELITY': 1.0, 'INTERACTION_RADIUS': 2.0, 'RESTRICTION_RADIUS': 4.0, 'TRAP_TRANSFER_PROXIMITY': 1e-05, 'AOD_BEAM_PROXIMITY': 0.001}"
621,uuf250-02.cnf,250,1065,24,4.035290718078613,208008.3107065516,6.529164453660057e-42,8945,3196,1524,0.9775,"{'U3_GATE_FIDELITY': 0.999, 'U3_GATE_DURATION': 0.5, 'CZ_GATE_FIDELITY': 0.995, 'CZ_GATE_DURATION': 0.2, 'CCZ_GATE_FIDELITY': 0.9775, 'CCZ_GATE_DURATION': 1, 'QUBIT_DECAY': 100000000.0, 'QUBIT_DEPHASING': 1500000.0, 'SHUTTLING_FIDELITY': 1.0, 'SHUTTLING_SPEED': 0.55, 'TRAP_SWAP_DURATION': 20, 'TRAP_SWAP_FIDELITY': 1.0, 'INTERACTION_RADIUS': 2.0, 'RESTRICTION_RADIUS': 4.0, 'TRAP_TRANSFER_PROXIMITY': 1e-05, 'AOD_BEAM_PROXIMITY': 0.001}"
622,uuf250-02.cnf,250,1065,24,4.035290718078613,208008.3107065516,3.2021780440814e-40,8945,3196,1524,0.98,"{'U3_GATE_FIDELITY': 0.999, 'U3_GATE_DURATION': 0.5, 'CZ_GATE_FIDELITY': 0.995, 'CZ_GATE_DURATION': 0.2, 'CCZ_GATE_FIDELITY': 0.98, 'CCZ_GATE_DURATION': 1, 'QUBIT_DECAY': 100000000.0, 'QUBIT_DEPHASING': 1500000.0, 'SHUTTLING_FIDELITY': 1.0, 'SHUTTLING_SPEED': 0.55, 'TRAP_SWAP_DURATION': 20, 'TRAP_SWAP_FIDELITY': 1.0, 'INTERACTION_RADIUS': 2.0, 'RESTRICTION_RADIUS': 4.0, 'TRAP_TRANSFER_PROXIMITY': 1e-05, 'AOD_BEAM_PROXIMITY': 0.001}"
623,uuf250-02.cnf,250,1065,24,4.035290718078613,208008.3107065516,1.554984657701782e-38,8945,3196,1524,0.9825,"{'U3_GATE_FIDELITY': 0.999, 'U3_GATE_DURATION': 0.5, 'CZ_GATE_FIDELITY': 0.995, 'CZ_GATE_DURATION': 0.2, 'CCZ_GATE_FIDELITY': 0.9825, 'CCZ_GATE_DURATION': 1, 'QUBIT_DECAY': 100000000.0, 'QUBIT_DEPHASING': 1500000.0, 'SHUTTLING_FIDELITY': 1.0, 'SHUTTLING_SPEED': 0.55, 'TRAP_SWAP_DURATION': 20, 'TRAP_SWAP_FIDELITY': 1.0, 'INTERACTION_RADIUS': 2.0, 'RESTRICTION_RADIUS': 4.0, 'TRAP_TRANSFER_PROXIMITY': 1e-05, 'AOD_BEAM_PROXIMITY': 0.001}"
624,uuf250-02.cnf,250,1065,24,4.035290718078613,208008.3107065516,7.476897008308689e-37,8945,3196,1524,0.985,"{'U3_GATE_FIDELITY': 0.999, 'U3_GATE_DURATION': 0.5, 'CZ_GATE_FIDELITY': 0.995, 'CZ_GATE_DURATION': 0.2, 'CCZ_GATE_FIDELITY': 0.985, 'CCZ_GATE_DURATION': 1, 'QUBIT_DECAY': 100000000.0, 'QUBIT_DEPHASING': 1500000.0, 'SHUTTLING_FIDELITY': 1.0, 'SHUTTLING_SPEED': 0.55, 'TRAP_SWAP_DURATION': 20, 'TRAP_SWAP_FIDELITY': 1.0, 'INTERACTION_RADIUS': 2.0, 'RESTRICTION_RADIUS': 4.0, 'TRAP_TRANSFER_PROXIMITY': 1e-05, 'AOD_BEAM_PROXIMITY': 0.001}"
625,uuf250-02.cnf,250,1065,24,4.035290718078613,208008.3107065516,3.56002519015908e-35,8945,3196,1524,0.9875,"{'U3_GATE_FIDELITY': 0.999, 'U3_GATE_DURATION': 0.5, 'CZ_GATE_FIDELITY': 0.995, 'CZ_GATE_DURATION': 0.2, 'CCZ_GATE_FIDELITY': 0.9875, 'CCZ_GATE_DURATION': 1, 'QUBIT_DECAY': 100000000.0, 'QUBIT_DEPHASING': 1500000.0, 'SHUTTLING_FIDELITY': 1.0, 'SHUTTLING_SPEED': 0.55, 'TRAP_SWAP_DURATION': 20, 'TRAP_SWAP_FIDELITY': 1.0, 'INTERACTION_RADIUS': 2.0, 'RESTRICTION_RADIUS': 4.0, 'TRAP_TRANSFER_PROXIMITY': 1e-05, 'AOD_BEAM_PROXIMITY': 0.001}"
626,uuf250-02.cnf,250,1065,24,4.035290718078613,208008.3107065516,1.678582483212397e-33,8945,3196,1524,0.99,"{'U3_GATE_FIDELITY': 0.999, 'U3_GATE_DURATION': 0.5, 'CZ_GATE_FIDELITY': 0.995, 'CZ_GATE_DURATION': 0.2, 'CCZ_GATE_FIDELITY': 0.99, 'CCZ_GATE_DURATION': 1, 'QUBIT_DECAY': 100000000.0, 'QUBIT_DEPHASING': 1500000.0, 'SHUTTLING_FIDELITY': 1.0, 'SHUTTLING_SPEED': 0.55, 'TRAP_SWAP_DURATION': 20, 'TRAP_SWAP_FIDELITY': 1.0, 'INTERACTION_RADIUS': 2.0, 'RESTRICTION_RADIUS': 4.0, 'TRAP_TRANSFER_PROXIMITY': 1e-05, 'AOD_BEAM_PROXIMITY': 0.001}"
627,uuf250-02.cnf,250,1065,24,4.035290718078613,208008.3107065516,7.838115218938832e-32,8945,3196,1524,0.9925,"{'U3_GATE_FIDELITY': 0.999, 'U3_GATE_DURATION': 0.5, 'CZ_GATE_FIDELITY': 0.995, 'CZ_GATE_DURATION': 0.2, 'CCZ_GATE_FIDELITY': 0.9925, 'CCZ_GATE_DURATION': 1, 'QUBIT_DECAY': 100000000.0, 'QUBIT_DEPHASING': 1500000.0, 'SHUTTLING_FIDELITY': 1.0, 'SHUTTLING_SPEED': 0.55, 'TRAP_SWAP_DURATION': 20, 'TRAP_SWAP_FIDELITY': 1.0, 'INTERACTION_RADIUS': 2.0, 'RESTRICTION_RADIUS': 4.0, 'TRAP_TRANSFER_PROXIMITY': 1e-05, 'AOD_BEAM_PROXIMITY': 0.001}"
628,uuf250-02.cnf,250,1065,24,4.035290718078613,208008.3107065516,3.624776024051849e-30,8945,3196,1524,0.995,"{'U3_GATE_FIDELITY': 0.999, 'U3_GATE_DURATION': 0.5, 'CZ_GATE_FIDELITY': 0.995, 'CZ_GATE_DURATION': 0.2, 'CCZ_GATE_FIDELITY': 0.995, 'CCZ_GATE_DURATION': 1, 'QUBIT_DECAY': 100000000.0, 'QUBIT_DEPHASING': 1500000.0, 'SHUTTLING_FIDELITY': 1.0, 'SHUTTLING_SPEED': 0.55, 'TRAP_SWAP_DURATION': 20, 'TRAP_SWAP_FIDELITY': 1.0, 'INTERACTION_RADIUS': 2.0, 'RESTRICTION_RADIUS': 4.0, 'TRAP_TRANSFER_PROXIMITY': 1e-05, 'AOD_BEAM_PROXIMITY': 0.001}"
629,uuf250-02.cnf,250,1065,24,4.035290718078613,208008.3107065516,1.6602456952620053e-28,8945,3196,1524,0.9975,"{'U3_GATE_FIDELITY': 0.999, 'U3_GATE_DURATION': 0.5, 'CZ_GATE_FIDELITY': 0.995, 'CZ_GATE_DURATION': 0.2, 'CCZ_GATE_FIDELITY': 0.9975, 'CCZ_GATE_DURATION': 1, 'QUBIT_DECAY': 100000000.0, 'QUBIT_DEPHASING': 1500000.0, 'SHUTTLING_FIDELITY': 1.0, 'SHUTTLING_SPEED': 0.55, 'TRAP_SWAP_DURATION': 20, 'TRAP_SWAP_FIDELITY': 1.0, 'INTERACTION_RADIUS': 2.0, 'RESTRICTION_RADIUS': 4.0, 'TRAP_TRANSFER_PROXIMITY': 1e-05, 'AOD_BEAM_PROXIMITY': 0.001}"
630,uuf225-05.cnf,225,960,26,3.491028308868408,188172.94119052263,5.453780176702959e-37,8216,2730,1448,0.9775,"{'U3_GATE_FIDELITY': 0.999, 'U3_GATE_DURATION': 0.5, 'CZ_GATE_FIDELITY': 0.995, 'CZ_GATE_DURATION': 0.2, 'CCZ_GATE_FIDELITY': 0.9775, 'CCZ_GATE_DURATION': 1, 'QUBIT_DECAY': 100000000.0, 'QUBIT_DEPHASING': 1500000.0, 'SHUTTLING_FIDELITY': 1.0, 'SHUTTLING_SPEED': 0.55, 'TRAP_SWAP_DURATION': 20, 'TRAP_SWAP_FIDELITY': 1.0, 'INTERACTION_RADIUS': 2.0, 'RESTRICTION_RADIUS': 4.0, 'TRAP_TRANSFER_PROXIMITY': 1e-05, 'AOD_BEAM_PROXIMITY': 0.001}"
631,uuf225-05.cnf,225,960,26,3.491028308868408,188172.94119052263,2.202814697193607e-35,8216,2730,1448,0.98,"{'U3_GATE_FIDELITY': 0.999, 'U3_GATE_DURATION': 0.5, 'CZ_GATE_FIDELITY': 0.995, 'CZ_GATE_DURATION': 0.2, 'CCZ_GATE_FIDELITY': 0.98, 'CCZ_GATE_DURATION': 1, 'QUBIT_DECAY': 100000000.0, 'QUBIT_DEPHASING': 1500000.0, 'SHUTTLING_FIDELITY': 1.0, 'SHUTTLING_SPEED': 0.55, 'TRAP_SWAP_DURATION': 20, 'TRAP_SWAP_FIDELITY': 1.0, 'INTERACTION_RADIUS': 2.0, 'RESTRICTION_RADIUS': 4.0, 'TRAP_TRANSFER_PROXIMITY': 1e-05, 'AOD_BEAM_PROXIMITY': 0.001}"
632,uuf225-05.cnf,225,960,26,3.491028308868408,188172.94119052263,8.81385422753075e-34,8216,2730,1448,0.9825,"{'U3_GATE_FIDELITY': 0.999, 'U3_GATE_DURATION': 0.5, 'CZ_GATE_FIDELITY': 0.995, 'CZ_GATE_DURATION': 0.2, 'CCZ_GATE_FIDELITY': 0.9825, 'CCZ_GATE_DURATION': 1, 'QUBIT_DECAY': 100000000.0, 'QUBIT_DEPHASING': 1500000.0, 'SHUTTLING_FIDELITY': 1.0, 'SHUTTLING_SPEED': 0.55, 'TRAP_SWAP_DURATION': 20, 'TRAP_SWAP_FIDELITY': 1.0, 'INTERACTION_RADIUS': 2.0, 'RESTRICTION_RADIUS': 4.0, 'TRAP_TRANSFER_PROXIMITY': 1e-05, 'AOD_BEAM_PROXIMITY': 0.001}"
633,uuf225-05.cnf,225,960,26,3.491028308868408,188172.94119052263,3.4936719517189085e-32,8216,2730,1448,0.985,"{'U3_GATE_FIDELITY': 0.999, 'U3_GATE_DURATION': 0.5, 'CZ_GATE_FIDELITY': 0.995, 'CZ_GATE_DURATION': 0.2, 'CCZ_GATE_FIDELITY': 0.985, 'CCZ_GATE_DURATION': 1, 'QUBIT_DECAY': 100000000.0, 'QUBIT_DEPHASING': 1500000.0, 'SHUTTLING_FIDELITY': 1.0, 'SHUTTLING_SPEED': 0.55, 'TRAP_SWAP_DURATION': 20, 'TRAP_SWAP_FIDELITY': 1.0, 'INTERACTION_RADIUS': 2.0, 'RESTRICTION_RADIUS': 4.0, 'TRAP_TRANSFER_PROXIMITY': 1e-05, 'AOD_BEAM_PROXIMITY': 0.001}"
634,uuf225-05.cnf,225,960,26,3.491028308868408,188172.94119052263,1.3719787566593003e-30,8216,2730,1448,0.9875,"{'U3_GATE_FIDELITY': 0.999, 'U3_GATE_DURATION': 0.5, 'CZ_GATE_FIDELITY': 0.995, 'CZ_GATE_DURATION': 0.2, 'CCZ_GATE_FIDELITY': 0.9875, 'CCZ_GATE_DURATION': 1, 'QUBIT_DECAY': 100000000.0, 'QUBIT_DEPHASING': 1500000.0, 'SHUTTLING_FIDELITY': 1.0, 'SHUTTLING_SPEED': 0.55, 'TRAP_SWAP_DURATION': 20, 'TRAP_SWAP_FIDELITY': 1.0, 'INTERACTION_RADIUS': 2.0, 'RESTRICTION_RADIUS': 4.0, 'TRAP_TRANSFER_PROXIMITY': 1e-05, 'AOD_BEAM_PROXIMITY': 0.001}"
635,uuf225-05.cnf,225,960,26,3.491028308868408,188172.94119052263,5.33804388594027e-29,8216,2730,1448,0.99,"{'U3_GATE_FIDELITY': 0.999, 'U3_GATE_DURATION': 0.5, 'CZ_GATE_FIDELITY': 0.995, 'CZ_GATE_DURATION': 0.2, 'CCZ_GATE_FIDELITY': 0.99, 'CCZ_GATE_DURATION': 1, 'QUBIT_DECAY': 100000000.0, 'QUBIT_DEPHASING': 1500000.0, 'SHUTTLING_FIDELITY': 1.0, 'SHUTTLING_SPEED': 0.55, 'TRAP_SWAP_DURATION': 20, 'TRAP_SWAP_FIDELITY': 1.0, 'INTERACTION_RADIUS': 2.0, 'RESTRICTION_RADIUS': 4.0, 'TRAP_TRANSFER_PROXIMITY': 1e-05, 'AOD_BEAM_PROXIMITY': 0.001}"
636,uuf225-05.cnf,225,960,26,3.491028308868408,188172.94119052263,2.0578168204948952e-27,8216,2730,1448,0.9925,"{'U3_GATE_FIDELITY': 0.999, 'U3_GATE_DURATION': 0.5, 'CZ_GATE_FIDELITY': 0.995, 'CZ_GATE_DURATION': 0.2, 'CCZ_GATE_FIDELITY': 0.9925, 'CCZ_GATE_DURATION': 1, 'QUBIT_DECAY': 100000000.0, 'QUBIT_DEPHASING': 1500000.0, 'SHUTTLING_FIDELITY': 1.0, 'SHUTTLING_SPEED': 0.55, 'TRAP_SWAP_DURATION': 20, 'TRAP_SWAP_FIDELITY': 1.0, 'INTERACTION_RADIUS': 2.0, 'RESTRICTION_RADIUS': 4.0, 'TRAP_TRANSFER_PROXIMITY': 1e-05, 'AOD_BEAM_PROXIMITY': 0.001}"
637,uuf225-05.cnf,225,960,26,3.491028308868408,188172.94119052263,7.860339105976183e-26,8216,2730,1448,0.995,"{'U3_GATE_FIDELITY': 0.999, 'U3_GATE_DURATION': 0.5, 'CZ_GATE_FIDELITY': 0.995, 'CZ_GATE_DURATION': 0.2, 'CCZ_GATE_FIDELITY': 0.995, 'CCZ_GATE_DURATION': 1, 'QUBIT_DECAY': 100000000.0, 'QUBIT_DEPHASING': 1500000.0, 'SHUTTLING_FIDELITY': 1.0, 'SHUTTLING_SPEED': 0.55, 'TRAP_SWAP_DURATION': 20, 'TRAP_SWAP_FIDELITY': 1.0, 'INTERACTION_RADIUS': 2.0, 'RESTRICTION_RADIUS': 4.0, 'TRAP_TRANSFER_PROXIMITY': 1e-05, 'AOD_BEAM_PROXIMITY': 0.001}"
638,uuf225-05.cnf,225,960,26,3.491028308868408,188172.94119052263,2.975129499913529e-24,8216,2730,1448,0.9975,"{'U3_GATE_FIDELITY': 0.999, 'U3_GATE_DURATION': 0.5, 'CZ_GATE_FIDELITY': 0.995, 'CZ_GATE_DURATION': 0.2, 'CCZ_GATE_FIDELITY': 0.9975, 'CCZ_GATE_DURATION': 1, 'QUBIT_DECAY': 100000000.0, 'QUBIT_DEPHASING': 1500000.0, 'SHUTTLING_FIDELITY': 1.0, 'SHUTTLING_SPEED': 0.55, 'TRAP_SWAP_DURATION': 20, 'TRAP_SWAP_FIDELITY': 1.0, 'INTERACTION_RADIUS': 2.0, 'RESTRICTION_RADIUS': 4.0, 'TRAP_TRANSFER_PROXIMITY': 1e-05, 'AOD_BEAM_PROXIMITY': 0.001}"
639,uf20-02.cnf,20,91,21,0.06456637382507324,10559.468752258908,0.0076394303348127895,679,182,138,0.9775,"{'U3_GATE_FIDELITY': 0.999, 'U3_GATE_DURATION': 0.5, 'CZ_GATE_FIDELITY': 0.995, 'CZ_GATE_DURATION': 0.2, 'CCZ_GATE_FIDELITY': 0.9775, 'CCZ_GATE_DURATION': 1, 'QUBIT_DECAY': 100000000.0, 'QUBIT_DEPHASING': 1500000.0, 'SHUTTLING_FIDELITY': 1.0, 'SHUTTLING_SPEED': 0.55, 'TRAP_SWAP_DURATION': 20, 'TRAP_SWAP_FIDELITY': 1.0, 'INTERACTION_RADIUS': 2.0, 'RESTRICTION_RADIUS': 4.0, 'TRAP_TRANSFER_PROXIMITY': 1e-05, 'AOD_BEAM_PROXIMITY': 0.001}"
640,uf20-02.cnf,20,91,21,0.06456637382507324,10559.468752258908,0.01086790173667776,679,182,138,0.98,"{'U3_GATE_FIDELITY': 0.999, 'U3_GATE_DURATION': 0.5, 'CZ_GATE_FIDELITY': 0.995, 'CZ_GATE_DURATION': 0.2, 'CCZ_GATE_FIDELITY': 0.98, 'CCZ_GATE_DURATION': 1, 'QUBIT_DECAY': 100000000.0, 'QUBIT_DEPHASING': 1500000.0, 'SHUTTLING_FIDELITY': 1.0, 'SHUTTLING_SPEED': 0.55, 'TRAP_SWAP_DURATION': 20, 'TRAP_SWAP_FIDELITY': 1.0, 'INTERACTION_RADIUS': 2.0, 'RESTRICTION_RADIUS': 4.0, 'TRAP_TRANSFER_PROXIMITY': 1e-05, 'AOD_BEAM_PROXIMITY': 0.001}"
641,uf20-02.cnf,20,91,21,0.06456637382507324,10559.468752258908,0.015446866957689258,679,182,138,0.9825,"{'U3_GATE_FIDELITY': 0.999, 'U3_GATE_DURATION': 0.5, 'CZ_GATE_FIDELITY': 0.995, 'CZ_GATE_DURATION': 0.2, 'CCZ_GATE_FIDELITY': 0.9825, 'CCZ_GATE_DURATION': 1, 'QUBIT_DECAY': 100000000.0, 'QUBIT_DEPHASING': 1500000.0, 'SHUTTLING_FIDELITY': 1.0, 'SHUTTLING_SPEED': 0.55, 'TRAP_SWAP_DURATION': 20, 'TRAP_SWAP_FIDELITY': 1.0, 'INTERACTION_RADIUS': 2.0, 'RESTRICTION_RADIUS': 4.0, 'TRAP_TRANSFER_PROXIMITY': 1e-05, 'AOD_BEAM_PROXIMITY': 0.001}"
642,uf20-02.cnf,20,91,21,0.06456637382507324,10559.468752258908,0.02193547615717269,679,182,138,0.985,"{'U3_GATE_FIDELITY': 0.999, 'U3_GATE_DURATION': 0.5, 'CZ_GATE_FIDELITY': 0.995, 'CZ_GATE_DURATION': 0.2, 'CCZ_GATE_FIDELITY': 0.985, 'CCZ_GATE_DURATION': 1, 'QUBIT_DECAY': 100000000.0, 'QUBIT_DEPHASING': 1500000.0, 'SHUTTLING_FIDELITY': 1.0, 'SHUTTLING_SPEED': 0.55, 'TRAP_SWAP_DURATION': 20, 'TRAP_SWAP_FIDELITY': 1.0, 'INTERACTION_RADIUS': 2.0, 'RESTRICTION_RADIUS': 4.0, 'TRAP_TRANSFER_PROXIMITY': 1e-05, 'AOD_BEAM_PROXIMITY': 0.001}"
643,uf20-02.cnf,20,91,21,0.06456637382507324,10559.468752258908,0.03112201091353128,679,182,138,0.9875,"{'U3_GATE_FIDELITY': 0.999, 'U3_GATE_DURATION': 0.5, 'CZ_GATE_FIDELITY': 0.995, 'CZ_GATE_DURATION': 0.2, 'CCZ_GATE_FIDELITY': 0.9875, 'CCZ_GATE_DURATION': 1, 'QUBIT_DECAY': 100000000.0, 'QUBIT_DEPHASING': 1500000.0, 'SHUTTLING_FIDELITY': 1.0, 'SHUTTLING_SPEED': 0.55, 'TRAP_SWAP_DURATION': 20, 'TRAP_SWAP_FIDELITY': 1.0, 'INTERACTION_RADIUS': 2.0, 'RESTRICTION_RADIUS': 4.0, 'TRAP_TRANSFER_PROXIMITY': 1e-05, 'AOD_BEAM_PROXIMITY': 0.001}"
644,uf20-02.cnf,20,91,21,0.06456637382507324,10559.468752258908,0.04411681101774295,679,182,138,0.99,"{'U3_GATE_FIDELITY': 0.999, 'U3_GATE_DURATION': 0.5, 'CZ_GATE_FIDELITY': 0.995, 'CZ_GATE_DURATION': 0.2, 'CCZ_GATE_FIDELITY': 0.99, 'CCZ_GATE_DURATION': 1, 'QUBIT_DECAY': 100000000.0, 'QUBIT_DEPHASING': 1500000.0, 'SHUTTLING_FIDELITY': 1.0, 'SHUTTLING_SPEED': 0.55, 'TRAP_SWAP_DURATION': 20, 'TRAP_SWAP_FIDELITY': 1.0, 'INTERACTION_RADIUS': 2.0, 'RESTRICTION_RADIUS': 4.0, 'TRAP_TRANSFER_PROXIMITY': 1e-05, 'AOD_BEAM_PROXIMITY': 0.001}"
645,uf20-02.cnf,20,91,21,0.06456637382507324,10559.468752258908,0.062482498513480145,679,182,138,0.9925,"{'U3_GATE_FIDELITY': 0.999, 'U3_GATE_DURATION': 0.5, 'CZ_GATE_FIDELITY': 0.995, 'CZ_GATE_DURATION': 0.2, 'CCZ_GATE_FIDELITY': 0.9925, 'CCZ_GATE_DURATION': 1, 'QUBIT_DECAY': 100000000.0, 'QUBIT_DEPHASING': 1500000.0, 'SHUTTLING_FIDELITY': 1.0, 'SHUTTLING_SPEED': 0.55, 'TRAP_SWAP_DURATION': 20, 'TRAP_SWAP_FIDELITY': 1.0, 'INTERACTION_RADIUS': 2.0, 'RESTRICTION_RADIUS': 4.0, 'TRAP_TRANSFER_PROXIMITY': 1e-05, 'AOD_BEAM_PROXIMITY': 0.001}"
646,uf20-02.cnf,20,91,21,0.06456637382507324,10559.468752258908,0.08841631294219315,679,182,138,0.995,"{'U3_GATE_FIDELITY': 0.999, 'U3_GATE_DURATION': 0.5, 'CZ_GATE_FIDELITY': 0.995, 'CZ_GATE_DURATION': 0.2, 'CCZ_GATE_FIDELITY': 0.995, 'CCZ_GATE_DURATION': 1, 'QUBIT_DECAY': 100000000.0, 'QUBIT_DEPHASING': 1500000.0, 'SHUTTLING_FIDELITY': 1.0, 'SHUTTLING_SPEED': 0.55, 'TRAP_SWAP_DURATION': 20, 'TRAP_SWAP_FIDELITY': 1.0, 'INTERACTION_RADIUS': 2.0, 'RESTRICTION_RADIUS': 4.0, 'TRAP_TRANSFER_PROXIMITY': 1e-05, 'AOD_BEAM_PROXIMITY': 0.001}"
647,uf20-02.cnf,20,91,21,0.06456637382507324,10559.468752258908,0.1250051941592439,679,182,138,0.9975,"{'U3_GATE_FIDELITY': 0.999, 'U3_GATE_DURATION': 0.5, 'CZ_GATE_FIDELITY': 0.995, 'CZ_GATE_DURATION': 0.2, 'CCZ_GATE_FIDELITY': 0.9975, 'CCZ_GATE_DURATION': 1, 'QUBIT_DECAY': 100000000.0, 'QUBIT_DEPHASING': 1500000.0, 'SHUTTLING_FIDELITY': 1.0, 'SHUTTLING_SPEED': 0.55, 'TRAP_SWAP_DURATION': 20, 'TRAP_SWAP_FIDELITY': 1.0, 'INTERACTION_RADIUS': 2.0, 'RESTRICTION_RADIUS': 4.0, 'TRAP_TRANSFER_PROXIMITY': 1e-05, 'AOD_BEAM_PROXIMITY': 0.001}"
648,uuf225-02.cnf,225,960,24,3.3982584476470947,179133.29744927722,3.553579116903442e-36,8103,2744,1428,0.9775,"{'U3_GATE_FIDELITY': 0.999, 'U3_GATE_DURATION': 0.5, 'CZ_GATE_FIDELITY': 0.995, 'CZ_GATE_DURATION': 0.2, 'CCZ_GATE_FIDELITY': 0.9775, 'CCZ_GATE_DURATION': 1, 'QUBIT_DECAY': 100000000.0, 'QUBIT_DEPHASING': 1500000.0, 'SHUTTLING_FIDELITY': 1.0, 'SHUTTLING_SPEED': 0.55, 'TRAP_SWAP_DURATION': 20, 'TRAP_SWAP_FIDELITY': 1.0, 'INTERACTION_RADIUS': 2.0, 'RESTRICTION_RADIUS': 4.0, 'TRAP_TRANSFER_PROXIMITY': 1e-05, 'AOD_BEAM_PROXIMITY': 0.001}"
649,uuf225-02.cnf,225,960,24,3.3982584476470947,179133.29744927722,1.3638296658684256e-34,8103,2744,1428,0.98,"{'U3_GATE_FIDELITY': 0.999, 'U3_GATE_DURATION': 0.5, 'CZ_GATE_FIDELITY': 0.995, 'CZ_GATE_DURATION': 0.2, 'CCZ_GATE_FIDELITY': 0.98, 'CCZ_GATE_DURATION': 1, 'QUBIT_DECAY': 100000000.0, 'QUBIT_DEPHASING': 1500000.0, 'SHUTTLING_FIDELITY': 1.0, 'SHUTTLING_SPEED': 0.55, 'TRAP_SWAP_DURATION': 20, 'TRAP_SWAP_FIDELITY': 1.0, 'INTERACTION_RADIUS': 2.0, 'RESTRICTION_RADIUS': 4.0, 'TRAP_TRANSFER_PROXIMITY': 1e-05, 'AOD_BEAM_PROXIMITY': 0.001}"
650,uuf225-02.cnf,225,960,24,3.3982584476470947,179133.29744927722,5.1858310513866324e-33,8103,2744,1428,0.9825,"{'U3_GATE_FIDELITY': 0.999, 'U3_GATE_DURATION': 0.5, 'CZ_GATE_FIDELITY': 0.995, 'CZ_GATE_DURATION': 0.2, 'CCZ_GATE_FIDELITY': 0.9825, 'CCZ_GATE_DURATION': 1, 'QUBIT_DECAY': 100000000.0, 'QUBIT_DEPHASING': 1500000.0, 'SHUTTLING_FIDELITY': 1.0, 'SHUTTLING_SPEED': 0.55, 'TRAP_SWAP_DURATION': 20, 'TRAP_SWAP_FIDELITY': 1.0, 'INTERACTION_RADIUS': 2.0, 'RESTRICTION_RADIUS': 4.0, 'TRAP_TRANSFER_PROXIMITY': 1e-05, 'AOD_BEAM_PROXIMITY': 0.001}"
651,uuf225-02.cnf,225,960,24,3.3982584476470947,179133.29744927722,1.9537149269094485e-31,8103,2744,1428,0.985,"{'U3_GATE_FIDELITY': 0.999, 'U3_GATE_DURATION': 0.5, 'CZ_GATE_FIDELITY': 0.995, 'CZ_GATE_DURATION': 0.2, 'CCZ_GATE_FIDELITY': 0.985, 'CCZ_GATE_DURATION': 1, 'QUBIT_DECAY': 100000000.0, 'QUBIT_DEPHASING': 1500000.0, 'SHUTTLING_FIDELITY': 1.0, 'SHUTTLING_SPEED': 0.55, 'TRAP_SWAP_DURATION': 20, 'TRAP_SWAP_FIDELITY': 1.0, 'INTERACTION_RADIUS': 2.0, 'RESTRICTION_RADIUS': 4.0, 'TRAP_TRANSFER_PROXIMITY': 1e-05, 'AOD_BEAM_PROXIMITY': 0.001}"
652,uuf225-02.cnf,225,960,24,3.3982584476470947,179133.29744927722,7.293046495000095e-30,8103,2744,1428,0.9875,"{'U3_GATE_FIDELITY': 0.999, 'U3_GATE_DURATION': 0.5, 'CZ_GATE_FIDELITY': 0.995, 'CZ_GATE_DURATION': 0.2, 'CCZ_GATE_FIDELITY': 0.9875, 'CCZ_GATE_DURATION': 1, 'QUBIT_DECAY': 100000000.0, 'QUBIT_DEPHASING': 1500000.0, 'SHUTTLING_FIDELITY': 1.0, 'SHUTTLING_SPEED': 0.55, 'TRAP_SWAP_DURATION': 20, 'TRAP_SWAP_FIDELITY': 1.0, 'INTERACTION_RADIUS': 2.0, 'RESTRICTION_RADIUS': 4.0, 'TRAP_TRANSFER_PROXIMITY': 1e-05, 'AOD_BEAM_PROXIMITY': 0.001}"
653,uuf225-02.cnf,225,960,24,3.3982584476470947,179133.29744927722,2.697627184002623e-28,8103,2744,1428,0.99,"{'U3_GATE_FIDELITY': 0.999, 'U3_GATE_DURATION': 0.5, 'CZ_GATE_FIDELITY': 0.995, 'CZ_GATE_DURATION': 0.2, 'CCZ_GATE_FIDELITY': 0.99, 'CCZ_GATE_DURATION': 1, 'QUBIT_DECAY': 100000000.0, 'QUBIT_DEPHASING': 1500000.0, 'SHUTTLING_FIDELITY': 1.0, 'SHUTTLING_SPEED': 0.55, 'TRAP_SWAP_DURATION': 20, 'TRAP_SWAP_FIDELITY': 1.0, 'INTERACTION_RADIUS': 2.0, 'RESTRICTION_RADIUS': 4.0, 'TRAP_TRANSFER_PROXIMITY': 1e-05, 'AOD_BEAM_PROXIMITY': 0.001}"
654,uuf225-02.cnf,225,960,24,3.3982584476470947,179133.29744927722,9.887809381780072e-27,8103,2744,1428,0.9925,"{'U3_GATE_FIDELITY': 0.999, 'U3_GATE_DURATION': 0.5, 'CZ_GATE_FIDELITY': 0.995, 'CZ_GATE_DURATION': 0.2, 'CCZ_GATE_FIDELITY': 0.9925, 'CCZ_GATE_DURATION': 1, 'QUBIT_DECAY': 100000000.0, 'QUBIT_DEPHASING': 1500000.0, 'SHUTTLING_FIDELITY': 1.0, 'SHUTTLING_SPEED': 0.55, 'TRAP_SWAP_DURATION': 20, 'TRAP_SWAP_FIDELITY': 1.0, 'INTERACTION_RADIUS': 2.0, 'RESTRICTION_RADIUS': 4.0, 'TRAP_TRANSFER_PROXIMITY': 1e-05, 'AOD_BEAM_PROXIMITY': 0.001}"
655,uuf225-02.cnf,225,960,24,3.3982584476470947,179133.29744927722,3.591561843092304e-25,8103,2744,1428,0.995,"{'U3_GATE_FIDELITY': 0.999, 'U3_GATE_DURATION': 0.5, 'CZ_GATE_FIDELITY': 0.995, 'CZ_GATE_DURATION': 0.2, 'CCZ_GATE_FIDELITY': 0.995, 'CCZ_GATE_DURATION': 1, 'QUBIT_DECAY': 100000000.0, 'QUBIT_DEPHASING': 1500000.0, 'SHUTTLING_FIDELITY': 1.0, 'SHUTTLING_SPEED': 0.55, 'TRAP_SWAP_DURATION': 20, 'TRAP_SWAP_FIDELITY': 1.0, 'INTERACTION_RADIUS': 2.0, 'RESTRICTION_RADIUS': 4.0, 'TRAP_TRANSFER_PROXIMITY': 1e-05, 'AOD_BEAM_PROXIMITY': 0.001}"
656,uuf225-02.cnf,225,960,24,3.3982584476470947,179133.29744927722,1.2928599090331104e-23,8103,2744,1428,0.9975,"{'U3_GATE_FIDELITY': 0.999, 'U3_GATE_DURATION': 0.5, 'CZ_GATE_FIDELITY': 0.995, 'CZ_GATE_DURATION': 0.2, 'CCZ_GATE_FIDELITY': 0.9975, 'CCZ_GATE_DURATION': 1, 'QUBIT_DECAY': 100000000.0, 'QUBIT_DEPHASING': 1500000.0, 'SHUTTLING_FIDELITY': 1.0, 'SHUTTLING_SPEED': 0.55, 'TRAP_SWAP_DURATION': 20, 'TRAP_SWAP_FIDELITY': 1.0, 'INTERACTION_RADIUS': 2.0, 'RESTRICTION_RADIUS': 4.0, 'TRAP_TRANSFER_PROXIMITY': 1e-05, 'AOD_BEAM_PROXIMITY': 0.001}"
657,uuf125-02.cnf,125,538,22,1.162555456161499,81260.77660463142,5.2930406174753854e-17,4483,1416,836,0.9775,"{'U3_GATE_FIDELITY': 0.999, 'U3_GATE_DURATION': 0.5, 'CZ_GATE_FIDELITY': 0.995, 'CZ_GATE_DURATION': 0.2, 'CCZ_GATE_FIDELITY': 0.9775, 'CCZ_GATE_DURATION': 1, 'QUBIT_DECAY': 100000000.0, 'QUBIT_DEPHASING': 1500000.0, 'SHUTTLING_FIDELITY': 1.0, 'SHUTTLING_SPEED': 0.55, 'TRAP_SWAP_DURATION': 20, 'TRAP_SWAP_FIDELITY': 1.0, 'INTERACTION_RADIUS': 2.0, 'RESTRICTION_RADIUS': 4.0, 'TRAP_TRANSFER_PROXIMITY': 1e-05, 'AOD_BEAM_PROXIMITY': 0.001}"
658,uuf125-02.cnf,125,538,22,1.162555456161499,81260.77660463142,4.478041074851441e-16,4483,1416,836,0.98,"{'U3_GATE_FIDELITY': 0.999, 'U3_GATE_DURATION': 0.5, 'CZ_GATE_FIDELITY': 0.995, 'CZ_GATE_DURATION': 0.2, 'CCZ_GATE_FIDELITY': 0.98, 'CCZ_GATE_DURATION': 1, 'QUBIT_DECAY': 100000000.0, 'QUBIT_DEPHASING': 1500000.0, 'SHUTTLING_FIDELITY': 1.0, 'SHUTTLING_SPEED': 0.55, 'TRAP_SWAP_DURATION': 20, 'TRAP_SWAP_FIDELITY': 1.0, 'INTERACTION_RADIUS': 2.0, 'RESTRICTION_RADIUS': 4.0, 'TRAP_TRANSFER_PROXIMITY': 1e-05, 'AOD_BEAM_PROXIMITY': 0.001}"
659,uuf125-02.cnf,125,538,22,1.162555456161499,81260.77660463142,3.767976257494664e-15,4483,1416,836,0.9825,"{'U3_GATE_FIDELITY': 0.999, 'U3_GATE_DURATION': 0.5, 'CZ_GATE_FIDELITY': 0.995, 'CZ_GATE_DURATION': 0.2, 'CCZ_GATE_FIDELITY': 0.9825, 'CCZ_GATE_DURATION': 1, 'QUBIT_DECAY': 100000000.0, 'QUBIT_DEPHASING': 1500000.0, 'SHUTTLING_FIDELITY': 1.0, 'SHUTTLING_SPEED': 0.55, 'TRAP_SWAP_DURATION': 20, 'TRAP_SWAP_FIDELITY': 1.0, 'INTERACTION_RADIUS': 2.0, 'RESTRICTION_RADIUS': 4.0, 'TRAP_TRANSFER_PROXIMITY': 1e-05, 'AOD_BEAM_PROXIMITY': 0.001}"
660,uuf125-02.cnf,125,538,22,1.162555456161499,81260.77660463142,3.153388575756037e-14,4483,1416,836,0.985,"{'U3_GATE_FIDELITY': 0.999, 'U3_GATE_DURATION': 0.5, 'CZ_GATE_FIDELITY': 0.995, 'CZ_GATE_DURATION': 0.2, 'CCZ_GATE_FIDELITY': 0.985, 'CCZ_GATE_DURATION': 1, 'QUBIT_DECAY': 100000000.0, 'QUBIT_DEPHASING': 1500000.0, 'SHUTTLING_FIDELITY': 1.0, 'SHUTTLING_SPEED': 0.55, 'TRAP_SWAP_DURATION': 20, 'TRAP_SWAP_FIDELITY': 1.0, 'INTERACTION_RADIUS': 2.0, 'RESTRICTION_RADIUS': 4.0, 'TRAP_TRANSFER_PROXIMITY': 1e-05, 'AOD_BEAM_PROXIMITY': 0.001}"
661,uuf125-02.cnf,125,538,22,1.162555456161499,81260.77660463142,2.6248711372105144e-13,4483,1416,836,0.9875,"{'U3_GATE_FIDELITY': 0.999, 'U3_GATE_DURATION': 0.5, 'CZ_GATE_FIDELITY': 0.995, 'CZ_GATE_DURATION': 0.2, 'CCZ_GATE_FIDELITY': 0.9875, 'CCZ_GATE_DURATION': 1, 'QUBIT_DECAY': 100000000.0, 'QUBIT_DEPHASING': 1500000.0, 'SHUTTLING_FIDELITY': 1.0, 'SHUTTLING_SPEED': 0.55, 'TRAP_SWAP_DURATION': 20, 'TRAP_SWAP_FIDELITY': 1.0, 'INTERACTION_RADIUS': 2.0, 'RESTRICTION_RADIUS': 4.0, 'TRAP_TRANSFER_PROXIMITY': 1e-05, 'AOD_BEAM_PROXIMITY': 0.001}"
662,uuf125-02.cnf,125,538,22,1.162555456161499,81260.77660463142,2.1732589531322706e-12,4483,1416,836,0.99,"{'U3_GATE_FIDELITY': 0.999, 'U3_GATE_DURATION': 0.5, 'CZ_GATE_FIDELITY': 0.995, 'CZ_GATE_DURATION': 0.2, 'CCZ_GATE_FIDELITY': 0.99, 'CCZ_GATE_DURATION': 1, 'QUBIT_DECAY': 100000000.0, 'QUBIT_DEPHASING': 1500000.0, 'SHUTTLING_FIDELITY': 1.0, 'SHUTTLING_SPEED': 0.55, 'TRAP_SWAP_DURATION': 20, 'TRAP_SWAP_FIDELITY': 1.0, 'INTERACTION_RADIUS': 2.0, 'RESTRICTION_RADIUS': 4.0, 'TRAP_TRANSFER_PROXIMITY': 1e-05, 'AOD_BEAM_PROXIMITY': 0.001}"
663,uuf125-02.cnf,125,538,22,1.162555456161499,81260.77660463142,1.7897801935576807e-11,4483,1416,836,0.9925,"{'U3_GATE_FIDELITY': 0.999, 'U3_GATE_DURATION': 0.5, 'CZ_GATE_FIDELITY': 0.995, 'CZ_GATE_DURATION': 0.2, 'CCZ_GATE_FIDELITY': 0.9925, 'CCZ_GATE_DURATION': 1, 'QUBIT_DECAY': 100000000.0, 'QUBIT_DEPHASING': 1500000.0, 'SHUTTLING_FIDELITY': 1.0, 'SHUTTLING_SPEED': 0.55, 'TRAP_SWAP_DURATION': 20, 'TRAP_SWAP_FIDELITY': 1.0, 'INTERACTION_RADIUS': 2.0, 'RESTRICTION_RADIUS': 4.0, 'TRAP_TRANSFER_PROXIMITY': 1e-05, 'AOD_BEAM_PROXIMITY': 0.001}"
664,uuf125-02.cnf,125,538,22,1.162555456161499,81260.77660463142,1.466169893233172e-10,4483,1416,836,0.995,"{'U3_GATE_FIDELITY': 0.999, 'U3_GATE_DURATION': 0.5, 'CZ_GATE_FIDELITY': 0.995, 'CZ_GATE_DURATION': 0.2, 'CCZ_GATE_FIDELITY': 0.995, 'CCZ_GATE_DURATION': 1, 'QUBIT_DECAY': 100000000.0, 'QUBIT_DEPHASING': 1500000.0, 'SHUTTLING_FIDELITY': 1.0, 'SHUTTLING_SPEED': 0.55, 'TRAP_SWAP_DURATION': 20, 'TRAP_SWAP_FIDELITY': 1.0, 'INTERACTION_RADIUS': 2.0, 'RESTRICTION_RADIUS': 4.0, 'TRAP_TRANSFER_PROXIMITY': 1e-05, 'AOD_BEAM_PROXIMITY': 0.001}"
665,uuf125-02.cnf,125,538,22,1.162555456161499,81260.77660463142,1.1947494460994582e-09,4483,1416,836,0.9975,"{'U3_GATE_FIDELITY': 0.999, 'U3_GATE_DURATION': 0.5, 'CZ_GATE_FIDELITY': 0.995, 'CZ_GATE_DURATION': 0.2, 'CCZ_GATE_FIDELITY': 0.9975, 'CCZ_GATE_DURATION': 1, 'QUBIT_DECAY': 100000000.0, 'QUBIT_DEPHASING': 1500000.0, 'SHUTTLING_FIDELITY': 1.0, 'SHUTTLING_SPEED': 0.55, 'TRAP_SWAP_DURATION': 20, 'TRAP_SWAP_FIDELITY': 1.0, 'INTERACTION_RADIUS': 2.0, 'RESTRICTION_RADIUS': 4.0, 'TRAP_TRANSFER_PROXIMITY': 1e-05, 'AOD_BEAM_PROXIMITY': 0.001}"
666,uuf175-06.cnf,175,753,24,2.1305794715881348,128347.37317803218,8.642190258040443e-26,6273,2118,1126,0.9775,"{'U3_GATE_FIDELITY': 0.999, 'U3_GATE_DURATION': 0.5, 'CZ_GATE_FIDELITY': 0.995, 'CZ_GATE_DURATION': 0.2, 'CCZ_GATE_FIDELITY': 0.9775, 'CCZ_GATE_DURATION': 1, 'QUBIT_DECAY': 100000000.0, 'QUBIT_DEPHASING': 1500000.0, 'SHUTTLING_FIDELITY': 1.0, 'SHUTTLING_SPEED': 0.55, 'TRAP_SWAP_DURATION': 20, 'TRAP_SWAP_FIDELITY': 1.0, 'INTERACTION_RADIUS': 2.0, 'RESTRICTION_RADIUS': 4.0, 'TRAP_TRANSFER_PROXIMITY': 1e-05, 'AOD_BEAM_PROXIMITY': 0.001}"
667,uuf175-06.cnf,175,753,24,2.1305794715881348,128347.37317803218,1.5335800856880334e-24,6273,2118,1126,0.98,"{'U3_GATE_FIDELITY': 0.999, 'U3_GATE_DURATION': 0.5, 'CZ_GATE_FIDELITY': 0.995, 'CZ_GATE_DURATION': 0.2, 'CCZ_GATE_FIDELITY': 0.98, 'CCZ_GATE_DURATION': 1, 'QUBIT_DECAY': 100000000.0, 'QUBIT_DEPHASING': 1500000.0, 'SHUTTLING_FIDELITY': 1.0, 'SHUTTLING_SPEED': 0.55, 'TRAP_SWAP_DURATION': 20, 'TRAP_SWAP_FIDELITY': 1.0, 'INTERACTION_RADIUS': 2.0, 'RESTRICTION_RADIUS': 4.0, 'TRAP_TRANSFER_PROXIMITY': 1e-05, 'AOD_BEAM_PROXIMITY': 0.001}"
668,uuf175-06.cnf,175,753,24,2.1305794715881348,128347.37317803218,2.7015108621047884e-23,6273,2118,1126,0.9825,"{'U3_GATE_FIDELITY': 0.999, 'U3_GATE_DURATION': 0.5, 'CZ_GATE_FIDELITY': 0.995, 'CZ_GATE_DURATION': 0.2, 'CCZ_GATE_FIDELITY': 0.9825, 'CCZ_GATE_DURATION': 1, 'QUBIT_DECAY': 100000000.0, 'QUBIT_DEPHASING': 1500000.0, 'SHUTTLING_FIDELITY': 1.0, 'SHUTTLING_SPEED': 0.55, 'TRAP_SWAP_DURATION': 20, 'TRAP_SWAP_FIDELITY': 1.0, 'INTERACTION_RADIUS': 2.0, 'RESTRICTION_RADIUS': 4.0, 'TRAP_TRANSFER_PROXIMITY': 1e-05, 'AOD_BEAM_PROXIMITY': 0.001}"
669,uuf175-06.cnf,175,753,24,2.1305794715881348,128347.37317803218,4.7243359281102195e-22,6273,2118,1126,0.985,"{'U3_GATE_FIDELITY': 0.999, 'U3_GATE_DURATION': 0.5, 'CZ_GATE_FIDELITY': 0.995, 'CZ_GATE_DURATION': 0.2, 'CCZ_GATE_FIDELITY': 0.985, 'CCZ_GATE_DURATION': 1, 'QUBIT_DECAY': 100000000.0, 'QUBIT_DEPHASING': 1500000.0, 'SHUTTLING_FIDELITY': 1.0, 'SHUTTLING_SPEED': 0.55, 'TRAP_SWAP_DURATION': 20, 'TRAP_SWAP_FIDELITY': 1.0, 'INTERACTION_RADIUS': 2.0, 'RESTRICTION_RADIUS': 4.0, 'TRAP_TRANSFER_PROXIMITY': 1e-05, 'AOD_BEAM_PROXIMITY': 0.001}"
670,uuf175-06.cnf,175,753,24,2.1305794715881348,128347.37317803218,8.202092650143189e-21,6273,2118,1126,0.9875,"{'U3_GATE_FIDELITY': 0.999, 'U3_GATE_DURATION': 0.5, 'CZ_GATE_FIDELITY': 0.995, 'CZ_GATE_DURATION': 0.2, 'CCZ_GATE_FIDELITY': 0.9875, 'CCZ_GATE_DURATION': 1, 'QUBIT_DECAY': 100000000.0, 'QUBIT_DEPHASING': 1500000.0, 'SHUTTLING_FIDELITY': 1.0, 'SHUTTLING_SPEED': 0.55, 'TRAP_SWAP_DURATION': 20, 'TRAP_SWAP_FIDELITY': 1.0, 'INTERACTION_RADIUS': 2.0, 'RESTRICTION_RADIUS': 4.0, 'TRAP_TRANSFER_PROXIMITY': 1e-05, 'AOD_BEAM_PROXIMITY': 0.001}"
671,uuf175-06.cnf,175,753,24,2.1305794715881348,128347.37317803218,1.4137556301213264e-19,6273,2118,1126,0.99,"{'U3_GATE_FIDELITY': 0.999, 'U3_GATE_DURATION': 0.5, 'CZ_GATE_FIDELITY': 0.995, 'CZ_GATE_DURATION': 0.2, 'CCZ_GATE_FIDELITY': 0.99, 'CCZ_GATE_DURATION': 1, 'QUBIT_DECAY': 100000000.0, 'QUBIT_DEPHASING': 1500000.0, 'SHUTTLING_FIDELITY': 1.0, 'SHUTTLING_SPEED': 0.55, 'TRAP_SWAP_DURATION': 20, 'TRAP_SWAP_FIDELITY': 1.0, 'INTERACTION_RADIUS': 2.0, 'RESTRICTION_RADIUS': 4.0, 'TRAP_TRANSFER_PROXIMITY': 1e-05, 'AOD_BEAM_PROXIMITY': 0.001}"
672,uuf175-06.cnf,175,753,24,2.1305794715881348,128347.37317803218,2.4193884922391866e-18,6273,2118,1126,0.9925,"{'U3_GATE_FIDELITY': 0.999, 'U3_GATE_DURATION': 0.5, 'CZ_GATE_FIDELITY': 0.995, 'CZ_GATE_DURATION': 0.2, 'CCZ_GATE_FIDELITY': 0.9925, 'CCZ_GATE_DURATION': 1, 'QUBIT_DECAY': 100000000.0, 'QUBIT_DEPHASING': 1500000.0, 'SHUTTLING_FIDELITY': 1.0, 'SHUTTLING_SPEED': 0.55, 'TRAP_SWAP_DURATION': 20, 'TRAP_SWAP_FIDELITY': 1.0, 'INTERACTION_RADIUS': 2.0, 'RESTRICTION_RADIUS': 4.0, 'TRAP_TRANSFER_PROXIMITY': 1e-05, 'AOD_BEAM_PROXIMITY': 0.001}"
673,uuf175-06.cnf,175,753,24,2.1305794715881348,128347.37317803218,4.110873854546047e-17,6273,2118,1126,0.995,"{'U3_GATE_FIDELITY': 0.999, 'U3_GATE_DURATION': 0.5, 'CZ_GATE_FIDELITY': 0.995, 'CZ_GATE_DURATION': 0.2, 'CCZ_GATE_FIDELITY': 0.995, 'CCZ_GATE_DURATION': 1, 'QUBIT_DECAY': 100000000.0, 'QUBIT_DEPHASING': 1500000.0, 'SHUTTLING_FIDELITY': 1.0, 'SHUTTLING_SPEED': 0.55, 'TRAP_SWAP_DURATION': 20, 'TRAP_SWAP_FIDELITY': 1.0, 'INTERACTION_RADIUS': 2.0, 'RESTRICTION_RADIUS': 4.0, 'TRAP_TRANSFER_PROXIMITY': 1e-05, 'AOD_BEAM_PROXIMITY': 0.001}"
674,uuf175-06.cnf,175,753,24,2.1305794715881348,128347.37317803218,6.935464268954325e-16,6273,2118,1126,0.9975,"{'U3_GATE_FIDELITY': 0.999, 'U3_GATE_DURATION': 0.5, 'CZ_GATE_FIDELITY': 0.995, 'CZ_GATE_DURATION': 0.2, 'CCZ_GATE_FIDELITY': 0.9975, 'CCZ_GATE_DURATION': 1, 'QUBIT_DECAY': 100000000.0, 'QUBIT_DEPHASING': 1500000.0, 'SHUTTLING_FIDELITY': 1.0, 'SHUTTLING_SPEED': 0.55, 'TRAP_SWAP_DURATION': 20, 'TRAP_SWAP_FIDELITY': 1.0, 'INTERACTION_RADIUS': 2.0, 'RESTRICTION_RADIUS': 4.0, 'TRAP_TRANSFER_PROXIMITY': 1e-05, 'AOD_BEAM_PROXIMITY': 0.001}"
675,uf20-01.cnf,20,91,19,0.060964345932006836,10455.943562714388,0.010372454386113318,633,194,124,0.9775,"{'U3_GATE_FIDELITY': 0.999, 'U3_GATE_DURATION': 0.5, 'CZ_GATE_FIDELITY': 0.995, 'CZ_GATE_DURATION': 0.2, 'CCZ_GATE_FIDELITY': 0.9775, 'CCZ_GATE_DURATION': 1, 'QUBIT_DECAY': 100000000.0, 'QUBIT_DEPHASING': 1500000.0, 'SHUTTLING_FIDELITY': 1.0, 'SHUTTLING_SPEED': 0.55, 'TRAP_SWAP_DURATION': 20, 'TRAP_SWAP_FIDELITY': 1.0, 'INTERACTION_RADIUS': 2.0, 'RESTRICTION_RADIUS': 4.0, 'TRAP_TRANSFER_PROXIMITY': 1e-05, 'AOD_BEAM_PROXIMITY': 0.001}"
676,uf20-01.cnf,20,91,19,0.060964345932006836,10455.943562714388,0.014237571795551816,633,194,124,0.98,"{'U3_GATE_FIDELITY': 0.999, 'U3_GATE_DURATION': 0.5, 'CZ_GATE_FIDELITY': 0.995, 'CZ_GATE_DURATION': 0.2, 'CCZ_GATE_FIDELITY': 0.98, 'CCZ_GATE_DURATION': 1, 'QUBIT_DECAY': 100000000.0, 'QUBIT_DEPHASING': 1500000.0, 'SHUTTLING_FIDELITY': 1.0, 'SHUTTLING_SPEED': 0.55, 'TRAP_SWAP_DURATION': 20, 'TRAP_SWAP_FIDELITY': 1.0, 'INTERACTION_RADIUS': 2.0, 'RESTRICTION_RADIUS': 4.0, 'TRAP_TRANSFER_PROXIMITY': 1e-05, 'AOD_BEAM_PROXIMITY': 0.001}"
677,uf20-01.cnf,20,91,19,0.060964345932006836,10455.943562714388,0.019527194997225435,633,194,124,0.9825,"{'U3_GATE_FIDELITY': 0.999, 'U3_GATE_DURATION': 0.5, 'CZ_GATE_FIDELITY': 0.995, 'CZ_GATE_DURATION': 0.2, 'CCZ_GATE_FIDELITY': 0.9825, 'CCZ_GATE_DURATION': 1, 'QUBIT_DECAY': 100000000.0, 'QUBIT_DEPHASING': 1500000.0, 'SHUTTLING_FIDELITY': 1.0, 'SHUTTLING_SPEED': 0.55, 'TRAP_SWAP_DURATION': 20, 'TRAP_SWAP_FIDELITY': 1.0, 'INTERACTION_RADIUS': 2.0, 'RESTRICTION_RADIUS': 4.0, 'TRAP_TRANSFER_PROXIMITY': 1e-05, 'AOD_BEAM_PROXIMITY': 0.001}"
678,uf20-01.cnf,20,91,19,0.060964345932006836,10455.943562714388,0.02676055541317025,633,194,124,0.985,"{'U3_GATE_FIDELITY': 0.999, 'U3_GATE_DURATION': 0.5, 'CZ_GATE_FIDELITY': 0.995, 'CZ_GATE_DURATION': 0.2, 'CCZ_GATE_FIDELITY': 0.985, 'CCZ_GATE_DURATION': 1, 'QUBIT_DECAY': 100000000.0, 'QUBIT_DEPHASING': 1500000.0, 'SHUTTLING_FIDELITY': 1.0, 'SHUTTLING_SPEED': 0.55, 'TRAP_SWAP_DURATION': 20, 'TRAP_SWAP_FIDELITY': 1.0, 'INTERACTION_RADIUS': 2.0, 'RESTRICTION_RADIUS': 4.0, 'TRAP_TRANSFER_PROXIMITY': 1e-05, 'AOD_BEAM_PROXIMITY': 0.001}"
679,uf20-01.cnf,20,91,19,0.060964345932006836,10455.943562714388,0.036644050606760604,633,194,124,0.9875,"{'U3_GATE_FIDELITY': 0.999, 'U3_GATE_DURATION': 0.5, 'CZ_GATE_FIDELITY': 0.995, 'CZ_GATE_DURATION': 0.2, 'CCZ_GATE_FIDELITY': 0.9875, 'CCZ_GATE_DURATION': 1, 'QUBIT_DECAY': 100000000.0, 'QUBIT_DEPHASING': 1500000.0, 'SHUTTLING_FIDELITY': 1.0, 'SHUTTLING_SPEED': 0.55, 'TRAP_SWAP_DURATION': 20, 'TRAP_SWAP_FIDELITY': 1.0, 'INTERACTION_RADIUS': 2.0, 'RESTRICTION_RADIUS': 4.0, 'TRAP_TRANSFER_PROXIMITY': 1e-05, 'AOD_BEAM_PROXIMITY': 0.001}"
680,uf20-01.cnf,20,91,19,0.060964345932006836,10455.943562714388,0.05013796136290624,633,194,124,0.99,"{'U3_GATE_FIDELITY': 0.999, 'U3_GATE_DURATION': 0.5, 'CZ_GATE_FIDELITY': 0.995, 'CZ_GATE_DURATION': 0.2, 'CCZ_GATE_FIDELITY': 0.99, 'CCZ_GATE_DURATION': 1, 'QUBIT_DECAY': 100000000.0, 'QUBIT_DEPHASING': 1500000.0, 'SHUTTLING_FIDELITY': 1.0, 'SHUTTLING_SPEED': 0.55, 'TRAP_SWAP_DURATION': 20, 'TRAP_SWAP_FIDELITY': 1.0, 'INTERACTION_RADIUS': 2.0, 'RESTRICTION_RADIUS': 4.0, 'TRAP_TRANSFER_PROXIMITY': 1e-05, 'AOD_BEAM_PROXIMITY': 0.001}"
681,uf20-01.cnf,20,91,19,0.060964345932006836,10455.943562714388,0.06854668477282048,633,194,124,0.9925,"{'U3_GATE_FIDELITY': 0.999, 'U3_GATE_DURATION': 0.5, 'CZ_GATE_FIDELITY': 0.995, 'CZ_GATE_DURATION': 0.2, 'CCZ_GATE_FIDELITY': 0.9925, 'CCZ_GATE_DURATION': 1, 'QUBIT_DECAY': 100000000.0, 'QUBIT_DEPHASING': 1500000.0, 'SHUTTLING_FIDELITY': 1.0, 'SHUTTLING_SPEED': 0.55, 'TRAP_SWAP_DURATION': 20, 'TRAP_SWAP_FIDELITY': 1.0, 'INTERACTION_RADIUS': 2.0, 'RESTRICTION_RADIUS': 4.0, 'TRAP_TRANSFER_PROXIMITY': 1e-05, 'AOD_BEAM_PROXIMITY': 0.001}"
682,uf20-01.cnf,20,91,19,0.060964345932006836,10455.943562714388,0.09364067890169112,633,194,124,0.995,"{'U3_GATE_FIDELITY': 0.999, 'U3_GATE_DURATION': 0.5, 'CZ_GATE_FIDELITY': 0.995, 'CZ_GATE_DURATION': 0.2, 'CCZ_GATE_FIDELITY': 0.995, 'CCZ_GATE_DURATION': 1, 'QUBIT_DECAY': 100000000.0, 'QUBIT_DEPHASING': 1500000.0, 'SHUTTLING_FIDELITY': 1.0, 'SHUTTLING_SPEED': 0.55, 'TRAP_SWAP_DURATION': 20, 'TRAP_SWAP_FIDELITY': 1.0, 'INTERACTION_RADIUS': 2.0, 'RESTRICTION_RADIUS': 4.0, 'TRAP_TRANSFER_PROXIMITY': 1e-05, 'AOD_BEAM_PROXIMITY': 0.001}"
683,uf20-01.cnf,20,91,19,0.060964345932006836,10455.943562714388,0.12782113857091654,633,194,124,0.9975,"{'U3_GATE_FIDELITY': 0.999, 'U3_GATE_DURATION': 0.5, 'CZ_GATE_FIDELITY': 0.995, 'CZ_GATE_DURATION': 0.2, 'CCZ_GATE_FIDELITY': 0.9975, 'CCZ_GATE_DURATION': 1, 'QUBIT_DECAY': 100000000.0, 'QUBIT_DEPHASING': 1500000.0, 'SHUTTLING_FIDELITY': 1.0, 'SHUTTLING_SPEED': 0.55, 'TRAP_SWAP_DURATION': 20, 'TRAP_SWAP_FIDELITY': 1.0, 'INTERACTION_RADIUS': 2.0, 'RESTRICTION_RADIUS': 4.0, 'TRAP_TRANSFER_PROXIMITY': 1e-05, 'AOD_BEAM_PROXIMITY': 0.001}"
684,uuf225-08.cnf,225,960,25,3.590376853942871,175345.13432450304,8.577212571663131e-36,8142,2848,1390,0.9775,"{'U3_GATE_FIDELITY': 0.999, 'U3_GATE_DURATION': 0.5, 'CZ_GATE_FIDELITY': 0.995, 'CZ_GATE_DURATION': 0.2, 'CCZ_GATE_FIDELITY': 0.9775, 'CCZ_GATE_DURATION': 1, 'QUBIT_DECAY': 100000000.0, 'QUBIT_DEPHASING': 1500000.0, 'SHUTTLING_FIDELITY': 1.0, 'SHUTTLING_SPEED': 0.55, 'TRAP_SWAP_DURATION': 20, 'TRAP_SWAP_FIDELITY': 1.0, 'INTERACTION_RADIUS': 2.0, 'RESTRICTION_RADIUS': 4.0, 'TRAP_TRANSFER_PROXIMITY': 1e-05, 'AOD_BEAM_PROXIMITY': 0.001}"
685,uuf225-08.cnf,225,960,25,3.590376853942871,175345.13432450304,2.987353052843925e-34,8142,2848,1390,0.98,"{'U3_GATE_FIDELITY': 0.999, 'U3_GATE_DURATION': 0.5, 'CZ_GATE_FIDELITY': 0.995, 'CZ_GATE_DURATION': 0.2, 'CCZ_GATE_FIDELITY': 0.98, 'CCZ_GATE_DURATION': 1, 'QUBIT_DECAY': 100000000.0, 'QUBIT_DEPHASING': 1500000.0, 'SHUTTLING_FIDELITY': 1.0, 'SHUTTLING_SPEED': 0.55, 'TRAP_SWAP_DURATION': 20, 'TRAP_SWAP_FIDELITY': 1.0, 'INTERACTION_RADIUS': 2.0, 'RESTRICTION_RADIUS': 4.0, 'TRAP_TRANSFER_PROXIMITY': 1e-05, 'AOD_BEAM_PROXIMITY': 0.001}"
686,uuf225-08.cnf,225,960,25,3.590376853942871,175345.13432450304,1.031094368885176e-32,8142,2848,1390,0.9825,"{'U3_GATE_FIDELITY': 0.999, 'U3_GATE_DURATION': 0.5, 'CZ_GATE_FIDELITY': 0.995, 'CZ_GATE_DURATION': 0.2, 'CCZ_GATE_FIDELITY': 0.9825, 'CCZ_GATE_DURATION': 1, 'QUBIT_DECAY': 100000000.0, 'QUBIT_DEPHASING': 1500000.0, 'SHUTTLING_FIDELITY': 1.0, 'SHUTTLING_SPEED': 0.55, 'TRAP_SWAP_DURATION': 20, 'TRAP_SWAP_FIDELITY': 1.0, 'INTERACTION_RADIUS': 2.0, 'RESTRICTION_RADIUS': 4.0, 'TRAP_TRANSFER_PROXIMITY': 1e-05, 'AOD_BEAM_PROXIMITY': 0.001}"
687,uuf225-08.cnf,225,960,25,3.590376853942871,175345.13432450304,3.526969716829556e-31,8142,2848,1390,0.985,"{'U3_GATE_FIDELITY': 0.999, 'U3_GATE_DURATION': 0.5, 'CZ_GATE_FIDELITY': 0.995, 'CZ_GATE_DURATION': 0.2, 'CCZ_GATE_FIDELITY': 0.985, 'CCZ_GATE_DURATION': 1, 'QUBIT_DECAY': 100000000.0, 'QUBIT_DEPHASING': 1500000.0, 'SHUTTLING_FIDELITY': 1.0, 'SHUTTLING_SPEED': 0.55, 'TRAP_SWAP_DURATION': 20, 'TRAP_SWAP_FIDELITY': 1.0, 'INTERACTION_RADIUS': 2.0, 'RESTRICTION_RADIUS': 4.0, 'TRAP_TRANSFER_PROXIMITY': 1e-05, 'AOD_BEAM_PROXIMITY': 0.001}"
688,uuf225-08.cnf,225,960,25,3.590376853942871,175345.13432450304,1.1956837142204352e-29,8142,2848,1390,0.9875,"{'U3_GATE_FIDELITY': 0.999, 'U3_GATE_DURATION': 0.5, 'CZ_GATE_FIDELITY': 0.995, 'CZ_GATE_DURATION': 0.2, 'CCZ_GATE_FIDELITY': 0.9875, 'CCZ_GATE_DURATION': 1, 'QUBIT_DECAY': 100000000.0, 'QUBIT_DEPHASING': 1500000.0, 'SHUTTLING_FIDELITY': 1.0, 'SHUTTLING_SPEED': 0.55, 'TRAP_SWAP_DURATION': 20, 'TRAP_SWAP_FIDELITY': 1.0, 'INTERACTION_RADIUS': 2.0, 'RESTRICTION_RADIUS': 4.0, 'TRAP_TRANSFER_PROXIMITY': 1e-05, 'AOD_BEAM_PROXIMITY': 0.001}"
689,uuf225-08.cnf,225,960,25,3.590376853942871,175345.13432450304,4.017554988326869e-28,8142,2848,1390,0.99,"{'U3_GATE_FIDELITY': 0.999, 'U3_GATE_DURATION': 0.5, 'CZ_GATE_FIDELITY': 0.995, 'CZ_GATE_DURATION': 0.2, 'CCZ_GATE_FIDELITY': 0.99, 'CCZ_GATE_DURATION': 1, 'QUBIT_DECAY': 100000000.0, 'QUBIT_DEPHASING': 1500000.0, 'SHUTTLING_FIDELITY': 1.0, 'SHUTTLING_SPEED': 0.55, 'TRAP_SWAP_DURATION': 20, 'TRAP_SWAP_FIDELITY': 1.0, 'INTERACTION_RADIUS': 2.0, 'RESTRICTION_RADIUS': 4.0, 'TRAP_TRANSFER_PROXIMITY': 1e-05, 'AOD_BEAM_PROXIMITY': 0.001}"
690,uuf225-08.cnf,225,960,25,3.590376853942871,175345.13432450304,1.338005177412733e-26,8142,2848,1390,0.9925,"{'U3_GATE_FIDELITY': 0.999, 'U3_GATE_DURATION': 0.5, 'CZ_GATE_FIDELITY': 0.995, 'CZ_GATE_DURATION': 0.2, 'CCZ_GATE_FIDELITY': 0.9925, 'CCZ_GATE_DURATION': 1, 'QUBIT_DECAY': 100000000.0, 'QUBIT_DEPHASING': 1500000.0, 'SHUTTLING_FIDELITY': 1.0, 'SHUTTLING_SPEED': 0.55, 'TRAP_SWAP_DURATION': 20, 'TRAP_SWAP_FIDELITY': 1.0, 'INTERACTION_RADIUS': 2.0, 'RESTRICTION_RADIUS': 4.0, 'TRAP_TRANSFER_PROXIMITY': 1e-05, 'AOD_BEAM_PROXIMITY': 0.001}"
691,uuf225-08.cnf,225,960,25,3.590376853942871,175345.13432450304,4.416961111931531e-25,8142,2848,1390,0.995,"{'U3_GATE_FIDELITY': 0.999, 'U3_GATE_DURATION': 0.5, 'CZ_GATE_FIDELITY': 0.995, 'CZ_GATE_DURATION': 0.2, 'CCZ_GATE_FIDELITY': 0.995, 'CCZ_GATE_DURATION': 1, 'QUBIT_DECAY': 100000000.0, 'QUBIT_DEPHASING': 1500000.0, 'SHUTTLING_FIDELITY': 1.0, 'SHUTTLING_SPEED': 0.55, 'TRAP_SWAP_DURATION': 20, 'TRAP_SWAP_FIDELITY': 1.0, 'INTERACTION_RADIUS': 2.0, 'RESTRICTION_RADIUS': 4.0, 'TRAP_TRANSFER_PROXIMITY': 1e-05, 'AOD_BEAM_PROXIMITY': 0.001}"
692,uuf225-08.cnf,225,960,25,3.590376853942871,175345.13432450304,1.4453678750143257e-23,8142,2848,1390,0.9975,"{'U3_GATE_FIDELITY': 0.999, 'U3_GATE_DURATION': 0.5, 'CZ_GATE_FIDELITY': 0.995, 'CZ_GATE_DURATION': 0.2, 'CCZ_GATE_FIDELITY': 0.9975, 'CCZ_GATE_DURATION': 1, 'QUBIT_DECAY': 100000000.0, 'QUBIT_DEPHASING': 1500000.0, 'SHUTTLING_FIDELITY': 1.0, 'SHUTTLING_SPEED': 0.55, 'TRAP_SWAP_DURATION': 20, 'TRAP_SWAP_FIDELITY': 1.0, 'INTERACTION_RADIUS': 2.0, 'RESTRICTION_RADIUS': 4.0, 'TRAP_TRANSFER_PROXIMITY': 1e-05, 'AOD_BEAM_PROXIMITY': 0.001}"
693,uuf100-05.cnf,100,430,24,0.8394455909729004,63948.20583724711,8.626485686930549e-13,3569,1270,594,0.9775,"{'U3_GATE_FIDELITY': 0.999, 'U3_GATE_DURATION': 0.5, 'CZ_GATE_FIDELITY': 0.995, 'CZ_GATE_DURATION': 0.2, 'CCZ_GATE_FIDELITY': 0.9775, 'CCZ_GATE_DURATION': 1, 'QUBIT_DECAY': 100000000.0, 'QUBIT_DEPHASING': 1500000.0, 'SHUTTLING_FIDELITY': 1.0, 'SHUTTLING_SPEED': 0.55, 'TRAP_SWAP_DURATION': 20, 'TRAP_SWAP_FIDELITY': 1.0, 'INTERACTION_RADIUS': 2.0, 'RESTRICTION_RADIUS': 4.0, 'TRAP_TRANSFER_PROXIMITY': 1e-05, 'AOD_BEAM_PROXIMITY': 0.001}"
694,uuf100-05.cnf,100,430,24,0.8394455909729004,63948.20583724711,3.933361142375762e-12,3569,1270,594,0.98,"{'U3_GATE_FIDELITY': 0.999, 'U3_GATE_DURATION': 0.5, 'CZ_GATE_FIDELITY': 0.995, 'CZ_GATE_DURATION': 0.2, 'CCZ_GATE_FIDELITY': 0.98, 'CCZ_GATE_DURATION': 1, 'QUBIT_DECAY': 100000000.0, 'QUBIT_DEPHASING': 1500000.0, 'SHUTTLING_FIDELITY': 1.0, 'SHUTTLING_SPEED': 0.55, 'TRAP_SWAP_DURATION': 20, 'TRAP_SWAP_FIDELITY': 1.0, 'INTERACTION_RADIUS': 2.0, 'RESTRICTION_RADIUS': 4.0, 'TRAP_TRANSFER_PROXIMITY': 1e-05, 'AOD_BEAM_PROXIMITY': 0.001}"
695,uuf100-05.cnf,100,430,24,0.8394455909729004,63948.20583724711,1.7865490154528715e-11,3569,1270,594,0.9825,"{'U3_GATE_FIDELITY': 0.999, 'U3_GATE_DURATION': 0.5, 'CZ_GATE_FIDELITY': 0.995, 'CZ_GATE_DURATION': 0.2, 'CCZ_GATE_FIDELITY': 0.9825, 'CCZ_GATE_DURATION': 1, 'QUBIT_DECAY': 100000000.0, 'QUBIT_DEPHASING': 1500000.0, 'SHUTTLING_FIDELITY': 1.0, 'SHUTTLING_SPEED': 0.55, 'TRAP_SWAP_DURATION': 20, 'TRAP_SWAP_FIDELITY': 1.0, 'INTERACTION_RADIUS': 2.0, 'RESTRICTION_RADIUS': 4.0, 'TRAP_TRANSFER_PROXIMITY': 1e-05, 'AOD_BEAM_PROXIMITY': 0.001}"
696,uuf100-05.cnf,100,430,24,0.8394455909729004,63948.20583724711,8.08343177763689e-11,3569,1270,594,0.985,"{'U3_GATE_FIDELITY': 0.999, 'U3_GATE_DURATION': 0.5, 'CZ_GATE_FIDELITY': 0.995, 'CZ_GATE_DURATION': 0.2, 'CCZ_GATE_FIDELITY': 0.985, 'CCZ_GATE_DURATION': 1, 'QUBIT_DECAY': 100000000.0, 'QUBIT_DEPHASING': 1500000.0, 'SHUTTLING_FIDELITY': 1.0, 'SHUTTLING_SPEED': 0.55, 'TRAP_SWAP_DURATION': 20, 'TRAP_SWAP_FIDELITY': 1.0, 'INTERACTION_RADIUS': 2.0, 'RESTRICTION_RADIUS': 4.0, 'TRAP_TRANSFER_PROXIMITY': 1e-05, 'AOD_BEAM_PROXIMITY': 0.001}"
697,uuf100-05.cnf,100,430,24,0.8394455909729004,63948.20583724711,3.6434667877886427e-10,3569,1270,594,0.9875,"{'U3_GATE_FIDELITY': 0.999, 'U3_GATE_DURATION': 0.5, 'CZ_GATE_FIDELITY': 0.995, 'CZ_GATE_DURATION': 0.2, 'CCZ_GATE_FIDELITY': 0.9875, 'CCZ_GATE_DURATION': 1, 'QUBIT_DECAY': 100000000.0, 'QUBIT_DEPHASING': 1500000.0, 'SHUTTLING_FIDELITY': 1.0, 'SHUTTLING_SPEED': 0.55, 'TRAP_SWAP_DURATION': 20, 'TRAP_SWAP_FIDELITY': 1.0, 'INTERACTION_RADIUS': 2.0, 'RESTRICTION_RADIUS': 4.0, 'TRAP_TRANSFER_PROXIMITY': 1e-05, 'AOD_BEAM_PROXIMITY': 0.001}"
698,uuf100-05.cnf,100,430,24,0.8394455909729004,63948.20583724711,1.635989276608211e-09,3569,1270,594,0.99,"{'U3_GATE_FIDELITY': 0.999, 'U3_GATE_DURATION': 0.5, 'CZ_GATE_FIDELITY': 0.995, 'CZ_GATE_DURATION': 0.2, 'CCZ_GATE_FIDELITY': 0.99, 'CCZ_GATE_DURATION': 1, 'QUBIT_DECAY': 100000000.0, 'QUBIT_DEPHASING': 1500000.0, 'SHUTTLING_FIDELITY': 1.0, 'SHUTTLING_SPEED': 0.55, 'TRAP_SWAP_DURATION': 20, 'TRAP_SWAP_FIDELITY': 1.0, 'INTERACTION_RADIUS': 2.0, 'RESTRICTION_RADIUS': 4.0, 'TRAP_TRANSFER_PROXIMITY': 1e-05, 'AOD_BEAM_PROXIMITY': 0.001}"
699,uuf100-05.cnf,100,430,24,0.8394455909729004,63948.20583724711,7.3181453365668025e-09,3569,1270,594,0.9925,"{'U3_GATE_FIDELITY': 0.999, 'U3_GATE_DURATION': 0.5, 'CZ_GATE_FIDELITY': 0.995, 'CZ_GATE_DURATION': 0.2, 'CCZ_GATE_FIDELITY': 0.9925, 'CCZ_GATE_DURATION': 1, 'QUBIT_DECAY': 100000000.0, 'QUBIT_DEPHASING': 1500000.0, 'SHUTTLING_FIDELITY': 1.0, 'SHUTTLING_SPEED': 0.55, 'TRAP_SWAP_DURATION': 20, 'TRAP_SWAP_FIDELITY': 1.0, 'INTERACTION_RADIUS': 2.0, 'RESTRICTION_RADIUS': 4.0, 'TRAP_TRANSFER_PROXIMITY': 1e-05, 'AOD_BEAM_PROXIMITY': 0.001}"
700,uuf100-05.cnf,100,430,24,0.8394455909729004,63948.20583724711,3.261255501245266e-08,3569,1270,594,0.995,"{'U3_GATE_FIDELITY': 0.999, 'U3_GATE_DURATION': 0.5, 'CZ_GATE_FIDELITY': 0.995, 'CZ_GATE_DURATION': 0.2, 'CCZ_GATE_FIDELITY': 0.995, 'CCZ_GATE_DURATION': 1, 'QUBIT_DECAY': 100000000.0, 'QUBIT_DEPHASING': 1500000.0, 'SHUTTLING_FIDELITY': 1.0, 'SHUTTLING_SPEED': 0.55, 'TRAP_SWAP_DURATION': 20, 'TRAP_SWAP_FIDELITY': 1.0, 'INTERACTION_RADIUS': 2.0, 'RESTRICTION_RADIUS': 4.0, 'TRAP_TRANSFER_PROXIMITY': 1e-05, 'AOD_BEAM_PROXIMITY': 0.001}"
701,uuf100-05.cnf,100,430,24,0.8394455909729004,63948.20583724711,1.4479049433457604e-07,3569,1270,594,0.9975,"{'U3_GATE_FIDELITY': 0.999, 'U3_GATE_DURATION': 0.5, 'CZ_GATE_FIDELITY': 0.995, 'CZ_GATE_DURATION': 0.2, 'CCZ_GATE_FIDELITY': 0.9975, 'CCZ_GATE_DURATION': 1, 'QUBIT_DECAY': 100000000.0, 'QUBIT_DEPHASING': 1500000.0, 'SHUTTLING_FIDELITY': 1.0, 'SHUTTLING_SPEED': 0.55, 'TRAP_SWAP_DURATION': 20, 'TRAP_SWAP_FIDELITY': 1.0, 'INTERACTION_RADIUS': 2.0, 'RESTRICTION_RADIUS': 4.0, 'TRAP_TRANSFER_PROXIMITY': 1e-05, 'AOD_BEAM_PROXIMITY': 0.001}"
702,uuf125-09.cnf,125,538,22,1.087073802947998,80258.22633042438,7.991680778268437e-17,4405,1448,818,0.9775,"{'U3_GATE_FIDELITY': 0.999, 'U3_GATE_DURATION': 0.5, 'CZ_GATE_FIDELITY': 0.995, 'CZ_GATE_DURATION': 0.2, 'CCZ_GATE_FIDELITY': 0.9775, 'CCZ_GATE_DURATION': 1, 'QUBIT_DECAY': 100000000.0, 'QUBIT_DEPHASING': 1500000.0, 'SHUTTLING_FIDELITY': 1.0, 'SHUTTLING_SPEED': 0.55, 'TRAP_SWAP_DURATION': 20, 'TRAP_SWAP_FIDELITY': 1.0, 'INTERACTION_RADIUS': 2.0, 'RESTRICTION_RADIUS': 4.0, 'TRAP_TRANSFER_PROXIMITY': 1e-05, 'AOD_BEAM_PROXIMITY': 0.001}"
703,uuf125-09.cnf,125,538,22,1.087073802947998,80258.22633042438,6.457336236496912e-16,4405,1448,818,0.98,"{'U3_GATE_FIDELITY': 0.999, 'U3_GATE_DURATION': 0.5, 'CZ_GATE_FIDELITY': 0.995, 'CZ_GATE_DURATION': 0.2, 'CCZ_GATE_FIDELITY': 0.98, 'CCZ_GATE_DURATION': 1, 'QUBIT_DECAY': 100000000.0, 'QUBIT_DEPHASING': 1500000.0, 'SHUTTLING_FIDELITY': 1.0, 'SHUTTLING_SPEED': 0.55, 'TRAP_SWAP_DURATION': 20, 'TRAP_SWAP_FIDELITY': 1.0, 'INTERACTION_RADIUS': 2.0, 'RESTRICTION_RADIUS': 4.0, 'TRAP_TRANSFER_PROXIMITY': 1e-05, 'AOD_BEAM_PROXIMITY': 0.001}"
704,uuf125-09.cnf,125,538,22,1.087073802947998,80258.22633042438,5.1898736548805075e-15,4405,1448,818,0.9825,"{'U3_GATE_FIDELITY': 0.999, 'U3_GATE_DURATION': 0.5, 'CZ_GATE_FIDELITY': 0.995, 'CZ_GATE_DURATION': 0.2, 'CCZ_GATE_FIDELITY': 0.9825, 'CCZ_GATE_DURATION': 1, 'QUBIT_DECAY': 100000000.0, 'QUBIT_DEPHASING': 1500000.0, 'SHUTTLING_FIDELITY': 1.0, 'SHUTTLING_SPEED': 0.55, 'TRAP_SWAP_DURATION': 20, 'TRAP_SWAP_FIDELITY': 1.0, 'INTERACTION_RADIUS': 2.0, 'RESTRICTION_RADIUS': 4.0, 'TRAP_TRANSFER_PROXIMITY': 1e-05, 'AOD_BEAM_PROXIMITY': 0.001}"
705,uuf125-09.cnf,125,538,22,1.087073802947998,80258.22633042438,4.1491585580486895e-14,4405,1448,818,0.985,"{'U3_GATE_FIDELITY': 0.999, 'U3_GATE_DURATION': 0.5, 'CZ_GATE_FIDELITY': 0.995, 'CZ_GATE_DURATION': 0.2, 'CCZ_GATE_FIDELITY': 0.985, 'CCZ_GATE_DURATION': 1, 'QUBIT_DECAY': 100000000.0, 'QUBIT_DEPHASING': 1500000.0, 'SHUTTLING_FIDELITY': 1.0, 'SHUTTLING_SPEED': 0.55, 'TRAP_SWAP_DURATION': 20, 'TRAP_SWAP_FIDELITY': 1.0, 'INTERACTION_RADIUS': 2.0, 'RESTRICTION_RADIUS': 4.0, 'TRAP_TRANSFER_PROXIMITY': 1e-05, 'AOD_BEAM_PROXIMITY': 0.001}"
706,uuf125-09.cnf,125,538,22,1.087073802947998,80258.22633042438,3.299702612547354e-13,4405,1448,818,0.9875,"{'U3_GATE_FIDELITY': 0.999, 'U3_GATE_DURATION': 0.5, 'CZ_GATE_FIDELITY': 0.995, 'CZ_GATE_DURATION': 0.2, 'CCZ_GATE_FIDELITY': 0.9875, 'CCZ_GATE_DURATION': 1, 'QUBIT_DECAY': 100000000.0, 'QUBIT_DEPHASING': 1500000.0, 'SHUTTLING_FIDELITY': 1.0, 'SHUTTLING_SPEED': 0.55, 'TRAP_SWAP_DURATION': 20, 'TRAP_SWAP_FIDELITY': 1.0, 'INTERACTION_RADIUS': 2.0, 'RESTRICTION_RADIUS': 4.0, 'TRAP_TRANSFER_PROXIMITY': 1e-05, 'AOD_BEAM_PROXIMITY': 0.001}"
707,uuf125-09.cnf,125,538,22,1.087073802947998,80258.22633042438,2.610433686797809e-12,4405,1448,818,0.99,"{'U3_GATE_FIDELITY': 0.999, 'U3_GATE_DURATION': 0.5, 'CZ_GATE_FIDELITY': 0.995, 'CZ_GATE_DURATION': 0.2, 'CCZ_GATE_FIDELITY': 0.99, 'CCZ_GATE_DURATION': 1, 'QUBIT_DECAY': 100000000.0, 'QUBIT_DEPHASING': 1500000.0, 'SHUTTLING_FIDELITY': 1.0, 'SHUTTLING_SPEED': 0.55, 'TRAP_SWAP_DURATION': 20, 'TRAP_SWAP_FIDELITY': 1.0, 'INTERACTION_RADIUS': 2.0, 'RESTRICTION_RADIUS': 4.0, 'TRAP_TRANSFER_PROXIMITY': 1e-05, 'AOD_BEAM_PROXIMITY': 0.001}"
708,uuf125-09.cnf,125,538,22,1.087073802947998,80258.22633042438,2.0544004920375122e-11,4405,1448,818,0.9925,"{'U3_GATE_FIDELITY': 0.999, 'U3_GATE_DURATION': 0.5, 'CZ_GATE_FIDELITY': 0.995, 'CZ_GATE_DURATION': 0.2, 'CCZ_GATE_FIDELITY': 0.9925, 'CCZ_GATE_DURATION': 1, 'QUBIT_DECAY': 100000000.0, 'QUBIT_DEPHASING': 1500000.0, 'SHUTTLING_FIDELITY': 1.0, 'SHUTTLING_SPEED': 0.55, 'TRAP_SWAP_DURATION': 20, 'TRAP_SWAP_FIDELITY': 1.0, 'INTERACTION_RADIUS': 2.0, 'RESTRICTION_RADIUS': 4.0, 'TRAP_TRANSFER_PROXIMITY': 1e-05, 'AOD_BEAM_PROXIMITY': 0.001}"
709,uuf125-09.cnf,125,538,22,1.087073802947998,80258.22633042438,1.6084350723983347e-10,4405,1448,818,0.995,"{'U3_GATE_FIDELITY': 0.999, 'U3_GATE_DURATION': 0.5, 'CZ_GATE_FIDELITY': 0.995, 'CZ_GATE_DURATION': 0.2, 'CCZ_GATE_FIDELITY': 0.995, 'CCZ_GATE_DURATION': 1, 'QUBIT_DECAY': 100000000.0, 'QUBIT_DEPHASING': 1500000.0, 'SHUTTLING_FIDELITY': 1.0, 'SHUTTLING_SPEED': 0.55, 'TRAP_SWAP_DURATION': 20, 'TRAP_SWAP_FIDELITY': 1.0, 'INTERACTION_RADIUS': 2.0, 'RESTRICTION_RADIUS': 4.0, 'TRAP_TRANSFER_PROXIMITY': 1e-05, 'AOD_BEAM_PROXIMITY': 0.001}"
710,uuf125-09.cnf,125,538,22,1.087073802947998,80258.22633042438,1.2527928033884608e-09,4405,1448,818,0.9975,"{'U3_GATE_FIDELITY': 0.999, 'U3_GATE_DURATION': 0.5, 'CZ_GATE_FIDELITY': 0.995, 'CZ_GATE_DURATION': 0.2, 'CCZ_GATE_FIDELITY': 0.9975, 'CCZ_GATE_DURATION': 1, 'QUBIT_DECAY': 100000000.0, 'QUBIT_DEPHASING': 1500000.0, 'SHUTTLING_FIDELITY': 1.0, 'SHUTTLING_SPEED': 0.55, 'TRAP_SWAP_DURATION': 20, 'TRAP_SWAP_FIDELITY': 1.0, 'INTERACTION_RADIUS': 2.0, 'RESTRICTION_RADIUS': 4.0, 'TRAP_TRANSFER_PROXIMITY': 1e-05, 'AOD_BEAM_PROXIMITY': 0.001}"
711,uuf50-03.cnf,50,218,25,0.20040059089660645,28933.0061206622,3.041590753582743e-06,1769,606,304,0.9775,"{'U3_GATE_FIDELITY': 0.999, 'U3_GATE_DURATION': 0.5, 'CZ_GATE_FIDELITY': 0.995, 'CZ_GATE_DURATION': 0.2, 'CCZ_GATE_FIDELITY': 0.9775, 'CCZ_GATE_DURATION': 1, 'QUBIT_DECAY': 100000000.0, 'QUBIT_DEPHASING': 1500000.0, 'SHUTTLING_FIDELITY': 1.0, 'SHUTTLING_SPEED': 0.55, 'TRAP_SWAP_DURATION': 20, 'TRAP_SWAP_FIDELITY': 1.0, 'INTERACTION_RADIUS': 2.0, 'RESTRICTION_RADIUS': 4.0, 'TRAP_TRANSFER_PROXIMITY': 1e-05, 'AOD_BEAM_PROXIMITY': 0.001}"
712,uuf50-03.cnf,50,218,25,0.20040059089660645,28933.0061206622,6.611970467921026e-06,1769,606,304,0.98,"{'U3_GATE_FIDELITY': 0.999, 'U3_GATE_DURATION': 0.5, 'CZ_GATE_FIDELITY': 0.995, 'CZ_GATE_DURATION': 0.2, 'CCZ_GATE_FIDELITY': 0.98, 'CCZ_GATE_DURATION': 1, 'QUBIT_DECAY': 100000000.0, 'QUBIT_DEPHASING': 1500000.0, 'SHUTTLING_FIDELITY': 1.0, 'SHUTTLING_SPEED': 0.55, 'TRAP_SWAP_DURATION': 20, 'TRAP_SWAP_FIDELITY': 1.0, 'INTERACTION_RADIUS': 2.0, 'RESTRICTION_RADIUS': 4.0, 'TRAP_TRANSFER_PROXIMITY': 1e-05, 'AOD_BEAM_PROXIMITY': 0.001}"
713,uuf50-03.cnf,50,218,25,0.20040059089660645,28933.0061206622,1.434504269126659e-05,1769,606,304,0.9825,"{'U3_GATE_FIDELITY': 0.999, 'U3_GATE_DURATION': 0.5, 'CZ_GATE_FIDELITY': 0.995, 'CZ_GATE_DURATION': 0.2, 'CCZ_GATE_FIDELITY': 0.9825, 'CCZ_GATE_DURATION': 1, 'QUBIT_DECAY': 100000000.0, 'QUBIT_DEPHASING': 1500000.0, 'SHUTTLING_FIDELITY': 1.0, 'SHUTTLING_SPEED': 0.55, 'TRAP_SWAP_DURATION': 20, 'TRAP_SWAP_FIDELITY': 1.0, 'INTERACTION_RADIUS': 2.0, 'RESTRICTION_RADIUS': 4.0, 'TRAP_TRANSFER_PROXIMITY': 1e-05, 'AOD_BEAM_PROXIMITY': 0.001}"
714,uuf50-03.cnf,50,218,25,0.20040059089660645,28933.0061206622,3.1061181111970364e-05,1769,606,304,0.985,"{'U3_GATE_FIDELITY': 0.999, 'U3_GATE_DURATION': 0.5, 'CZ_GATE_FIDELITY': 0.995, 'CZ_GATE_DURATION': 0.2, 'CCZ_GATE_FIDELITY': 0.985, 'CCZ_GATE_DURATION': 1, 'QUBIT_DECAY': 100000000.0, 'QUBIT_DEPHASING': 1500000.0, 'SHUTTLING_FIDELITY': 1.0, 'SHUTTLING_SPEED': 0.55, 'TRAP_SWAP_DURATION': 20, 'TRAP_SWAP_FIDELITY': 1.0, 'INTERACTION_RADIUS': 2.0, 'RESTRICTION_RADIUS': 4.0, 'TRAP_TRANSFER_PROXIMITY': 1e-05, 'AOD_BEAM_PROXIMITY': 0.001}"
715,uuf50-03.cnf,50,218,25,0.20040059089660645,28933.0061206622,6.712489221905884e-05,1769,606,304,0.9875,"{'U3_GATE_FIDELITY': 0.999, 'U3_GATE_DURATION': 0.5, 'CZ_GATE_FIDELITY': 0.995, 'CZ_GATE_DURATION': 0.2, 'CCZ_GATE_FIDELITY': 0.9875, 'CCZ_GATE_DURATION': 1, 'QUBIT_DECAY': 100000000.0, 'QUBIT_DEPHASING': 1500000.0, 'SHUTTLING_FIDELITY': 1.0, 'SHUTTLING_SPEED': 0.55, 'TRAP_SWAP_DURATION': 20, 'TRAP_SWAP_FIDELITY': 1.0, 'INTERACTION_RADIUS': 2.0, 'RESTRICTION_RADIUS': 4.0, 'TRAP_TRANSFER_PROXIMITY': 1e-05, 'AOD_BEAM_PROXIMITY': 0.001}"
716,uuf50-03.cnf,50,218,25,0.20040059089660645,28933.0061206622,0.00014477815981571375,1769,606,304,0.99,"{'U3_GATE_FIDELITY': 0.999, 'U3_GATE_DURATION': 0.5, 'CZ_GATE_FIDELITY': 0.995, 'CZ_GATE_DURATION': 0.2, 'CCZ_GATE_FIDELITY': 0.99, 'CCZ_GATE_DURATION': 1, 'QUBIT_DECAY': 100000000.0, 'QUBIT_DEPHASING': 1500000.0, 'SHUTTLING_FIDELITY': 1.0, 'SHUTTLING_SPEED': 0.55, 'TRAP_SWAP_DURATION': 20, 'TRAP_SWAP_FIDELITY': 1.0, 'INTERACTION_RADIUS': 2.0, 'RESTRICTION_RADIUS': 4.0, 'TRAP_TRANSFER_PROXIMITY': 1e-05, 'AOD_BEAM_PROXIMITY': 0.001}"
717,uuf50-03.cnf,50,218,25,0.20040059089660645,28933.0061206622,0.0003116596559587173,1769,606,304,0.9925,"{'U3_GATE_FIDELITY': 0.999, 'U3_GATE_DURATION': 0.5, 'CZ_GATE_FIDELITY': 0.995, 'CZ_GATE_DURATION': 0.2, 'CCZ_GATE_FIDELITY': 0.9925, 'CCZ_GATE_DURATION': 1, 'QUBIT_DECAY': 100000000.0, 'QUBIT_DEPHASING': 1500000.0, 'SHUTTLING_FIDELITY': 1.0, 'SHUTTLING_SPEED': 0.55, 'TRAP_SWAP_DURATION': 20, 'TRAP_SWAP_FIDELITY': 1.0, 'INTERACTION_RADIUS': 2.0, 'RESTRICTION_RADIUS': 4.0, 'TRAP_TRANSFER_PROXIMITY': 1e-05, 'AOD_BEAM_PROXIMITY': 0.001}"
718,uuf50-03.cnf,50,218,25,0.20040059089660645,28933.0061206622,0.0006696077034611061,1769,606,304,0.995,"{'U3_GATE_FIDELITY': 0.999, 'U3_GATE_DURATION': 0.5, 'CZ_GATE_FIDELITY': 0.995, 'CZ_GATE_DURATION': 0.2, 'CCZ_GATE_FIDELITY': 0.995, 'CCZ_GATE_DURATION': 1, 'QUBIT_DECAY': 100000000.0, 'QUBIT_DEPHASING': 1500000.0, 'SHUTTLING_FIDELITY': 1.0, 'SHUTTLING_SPEED': 0.55, 'TRAP_SWAP_DURATION': 20, 'TRAP_SWAP_FIDELITY': 1.0, 'INTERACTION_RADIUS': 2.0, 'RESTRICTION_RADIUS': 4.0, 'TRAP_TRANSFER_PROXIMITY': 1e-05, 'AOD_BEAM_PROXIMITY': 0.001}"
719,uuf50-03.cnf,50,218,25,0.20040059089660645,28933.0061206622,0.0014359086763510898,1769,606,304,0.9975,"{'U3_GATE_FIDELITY': 0.999, 'U3_GATE_DURATION': 0.5, 'CZ_GATE_FIDELITY': 0.995, 'CZ_GATE_DURATION': 0.2, 'CCZ_GATE_FIDELITY': 0.9975, 'CCZ_GATE_DURATION': 1, 'QUBIT_DECAY': 100000000.0, 'QUBIT_DEPHASING': 1500000.0, 'SHUTTLING_FIDELITY': 1.0, 'SHUTTLING_SPEED': 0.55, 'TRAP_SWAP_DURATION': 20, 'TRAP_SWAP_FIDELITY': 1.0, 'INTERACTION_RADIUS': 2.0, 'RESTRICTION_RADIUS': 4.0, 'TRAP_TRANSFER_PROXIMITY': 1e-05, 'AOD_BEAM_PROXIMITY': 0.001}"
720,uuf250-05.cnf,250,1065,27,4.23107123374939,206996.5969008627,6.059764476021526e-42,8953,3080,1560,0.9775,"{'U3_GATE_FIDELITY': 0.999, 'U3_GATE_DURATION': 0.5, 'CZ_GATE_FIDELITY': 0.995, 'CZ_GATE_DURATION': 0.2, 'CCZ_GATE_FIDELITY': 0.9775, 'CCZ_GATE_DURATION': 1, 'QUBIT_DECAY': 100000000.0, 'QUBIT_DEPHASING': 1500000.0, 'SHUTTLING_FIDELITY': 1.0, 'SHUTTLING_SPEED': 0.55, 'TRAP_SWAP_DURATION': 20, 'TRAP_SWAP_FIDELITY': 1.0, 'INTERACTION_RADIUS': 2.0, 'RESTRICTION_RADIUS': 4.0, 'TRAP_TRANSFER_PROXIMITY': 1e-05, 'AOD_BEAM_PROXIMITY': 0.001}"
721,uuf250-05.cnf,250,1065,27,4.23107123374939,206996.5969008627,3.2582076512263344e-40,8953,3080,1560,0.98,"{'U3_GATE_FIDELITY': 0.999, 'U3_GATE_DURATION': 0.5, 'CZ_GATE_FIDELITY': 0.995, 'CZ_GATE_DURATION': 0.2, 'CCZ_GATE_FIDELITY': 0.98, 'CCZ_GATE_DURATION': 1, 'QUBIT_DECAY': 100000000.0, 'QUBIT_DEPHASING': 1500000.0, 'SHUTTLING_FIDELITY': 1.0, 'SHUTTLING_SPEED': 0.55, 'TRAP_SWAP_DURATION': 20, 'TRAP_SWAP_FIDELITY': 1.0, 'INTERACTION_RADIUS': 2.0, 'RESTRICTION_RADIUS': 4.0, 'TRAP_TRANSFER_PROXIMITY': 1e-05, 'AOD_BEAM_PROXIMITY': 0.001}"
722,uuf250-05.cnf,250,1065,27,4.23107123374939,206996.5969008627,1.7341744882375446e-38,8953,3080,1560,0.9825,"{'U3_GATE_FIDELITY': 0.999, 'U3_GATE_DURATION': 0.5, 'CZ_GATE_FIDELITY': 0.995, 'CZ_GATE_DURATION': 0.2, 'CCZ_GATE_FIDELITY': 0.9825, 'CCZ_GATE_DURATION': 1, 'QUBIT_DECAY': 100000000.0, 'QUBIT_DEPHASING': 1500000.0, 'SHUTTLING_FIDELITY': 1.0, 'SHUTTLING_SPEED': 0.55, 'TRAP_SWAP_DURATION': 20, 'TRAP_SWAP_FIDELITY': 1.0, 'INTERACTION_RADIUS': 2.0, 'RESTRICTION_RADIUS': 4.0, 'TRAP_TRANSFER_PROXIMITY': 1e-05, 'AOD_BEAM_PROXIMITY': 0.001}"
723,uuf250-05.cnf,250,1065,27,4.23107123374939,206996.5969008627,9.137349886206429e-37,8953,3080,1560,0.985,"{'U3_GATE_FIDELITY': 0.999, 'U3_GATE_DURATION': 0.5, 'CZ_GATE_FIDELITY': 0.995, 'CZ_GATE_DURATION': 0.2, 'CCZ_GATE_FIDELITY': 0.985, 'CCZ_GATE_DURATION': 1, 'QUBIT_DECAY': 100000000.0, 'QUBIT_DEPHASING': 1500000.0, 'SHUTTLING_FIDELITY': 1.0, 'SHUTTLING_SPEED': 0.55, 'TRAP_SWAP_DURATION': 20, 'TRAP_SWAP_FIDELITY': 1.0, 'INTERACTION_RADIUS': 2.0, 'RESTRICTION_RADIUS': 4.0, 'TRAP_TRANSFER_PROXIMITY': 1e-05, 'AOD_BEAM_PROXIMITY': 0.001}"
724,uuf250-05.cnf,250,1065,27,4.23107123374939,206996.5969008627,4.766322063454228e-35,8953,3080,1560,0.9875,"{'U3_GATE_FIDELITY': 0.999, 'U3_GATE_DURATION': 0.5, 'CZ_GATE_FIDELITY': 0.995, 'CZ_GATE_DURATION': 0.2, 'CCZ_GATE_FIDELITY': 0.9875, 'CCZ_GATE_DURATION': 1, 'QUBIT_DECAY': 100000000.0, 'QUBIT_DEPHASING': 1500000.0, 'SHUTTLING_FIDELITY': 1.0, 'SHUTTLING_SPEED': 0.55, 'TRAP_SWAP_DURATION': 20, 'TRAP_SWAP_FIDELITY': 1.0, 'INTERACTION_RADIUS': 2.0, 'RESTRICTION_RADIUS': 4.0, 'TRAP_TRANSFER_PROXIMITY': 1e-05, 'AOD_BEAM_PROXIMITY': 0.001}"
725,uuf250-05.cnf,250,1065,27,4.23107123374939,206996.5969008627,2.4615250006948317e-33,8953,3080,1560,0.99,"{'U3_GATE_FIDELITY': 0.999, 'U3_GATE_DURATION': 0.5, 'CZ_GATE_FIDELITY': 0.995, 'CZ_GATE_DURATION': 0.2, 'CCZ_GATE_FIDELITY': 0.99, 'CCZ_GATE_DURATION': 1, 'QUBIT_DECAY': 100000000.0, 'QUBIT_DEPHASING': 1500000.0, 'SHUTTLING_FIDELITY': 1.0, 'SHUTTLING_SPEED': 0.55, 'TRAP_SWAP_DURATION': 20, 'TRAP_SWAP_FIDELITY': 1.0, 'INTERACTION_RADIUS': 2.0, 'RESTRICTION_RADIUS': 4.0, 'TRAP_TRANSFER_PROXIMITY': 1e-05, 'AOD_BEAM_PROXIMITY': 0.001}"
726,uuf250-05.cnf,250,1065,27,4.23107123374939,206996.5969008627,1.2586493554365115e-31,8953,3080,1560,0.9925,"{'U3_GATE_FIDELITY': 0.999, 'U3_GATE_DURATION': 0.5, 'CZ_GATE_FIDELITY': 0.995, 'CZ_GATE_DURATION': 0.2, 'CCZ_GATE_FIDELITY': 0.9925, 'CCZ_GATE_DURATION': 1, 'QUBIT_DECAY': 100000000.0, 'QUBIT_DEPHASING': 1500000.0, 'SHUTTLING_FIDELITY': 1.0, 'SHUTTLING_SPEED': 0.55, 'TRAP_SWAP_DURATION': 20, 'TRAP_SWAP_FIDELITY': 1.0, 'INTERACTION_RADIUS': 2.0, 'RESTRICTION_RADIUS': 4.0, 'TRAP_TRANSFER_PROXIMITY': 1e-05, 'AOD_BEAM_PROXIMITY': 0.001}"
727,uuf250-05.cnf,250,1065,27,4.23107123374939,206996.5969008627,6.372453017887349e-30,8953,3080,1560,0.995,"{'U3_GATE_FIDELITY': 0.999, 'U3_GATE_DURATION': 0.5, 'CZ_GATE_FIDELITY': 0.995, 'CZ_GATE_DURATION': 0.2, 'CCZ_GATE_FIDELITY': 0.995, 'CCZ_GATE_DURATION': 1, 'QUBIT_DECAY': 100000000.0, 'QUBIT_DEPHASING': 1500000.0, 'SHUTTLING_FIDELITY': 1.0, 'SHUTTLING_SPEED': 0.55, 'TRAP_SWAP_DURATION': 20, 'TRAP_SWAP_FIDELITY': 1.0, 'INTERACTION_RADIUS': 2.0, 'RESTRICTION_RADIUS': 4.0, 'TRAP_TRANSFER_PROXIMITY': 1e-05, 'AOD_BEAM_PROXIMITY': 0.001}"
728,uuf250-05.cnf,250,1065,27,4.23107123374939,206996.5969008627,3.194710275371091e-28,8953,3080,1560,0.9975,"{'U3_GATE_FIDELITY': 0.999, 'U3_GATE_DURATION': 0.5, 'CZ_GATE_FIDELITY': 0.995, 'CZ_GATE_DURATION': 0.2, 'CCZ_GATE_FIDELITY': 0.9975, 'CCZ_GATE_DURATION': 1, 'QUBIT_DECAY': 100000000.0, 'QUBIT_DEPHASING': 1500000.0, 'SHUTTLING_FIDELITY': 1.0, 'SHUTTLING_SPEED': 0.55, 'TRAP_SWAP_DURATION': 20, 'TRAP_SWAP_FIDELITY': 1.0, 'INTERACTION_RADIUS': 2.0, 'RESTRICTION_RADIUS': 4.0, 'TRAP_TRANSFER_PROXIMITY': 1e-05, 'AOD_BEAM_PROXIMITY': 0.001}"
729,uuf175-04.cnf,175,753,22,2.0402159690856934,127968.68539371468,4.775591764513847e-26,6333,1970,1184,0.9775,"{'U3_GATE_FIDELITY': 0.999, 'U3_GATE_DURATION': 0.5, 'CZ_GATE_FIDELITY': 0.995, 'CZ_GATE_DURATION': 0.2, 'CCZ_GATE_FIDELITY': 0.9775, 'CCZ_GATE_DURATION': 1, 'QUBIT_DECAY': 100000000.0, 'QUBIT_DEPHASING': 1500000.0, 'SHUTTLING_FIDELITY': 1.0, 'SHUTTLING_SPEED': 0.55, 'TRAP_SWAP_DURATION': 20, 'TRAP_SWAP_FIDELITY': 1.0, 'INTERACTION_RADIUS': 2.0, 'RESTRICTION_RADIUS': 4.0, 'TRAP_TRANSFER_PROXIMITY': 1e-05, 'AOD_BEAM_PROXIMITY': 0.001}"
730,uuf175-04.cnf,175,753,22,2.0402159690856934,127968.68539371468,9.827652464248572e-25,6333,1970,1184,0.98,"{'U3_GATE_FIDELITY': 0.999, 'U3_GATE_DURATION': 0.5, 'CZ_GATE_FIDELITY': 0.995, 'CZ_GATE_DURATION': 0.2, 'CCZ_GATE_FIDELITY': 0.98, 'CCZ_GATE_DURATION': 1, 'QUBIT_DECAY': 100000000.0, 'QUBIT_DEPHASING': 1500000.0, 'SHUTTLING_FIDELITY': 1.0, 'SHUTTLING_SPEED': 0.55, 'TRAP_SWAP_DURATION': 20, 'TRAP_SWAP_FIDELITY': 1.0, 'INTERACTION_RADIUS': 2.0, 'RESTRICTION_RADIUS': 4.0, 'TRAP_TRANSFER_PROXIMITY': 1e-05, 'AOD_BEAM_PROXIMITY': 0.001}"
731,uuf175-04.cnf,175,753,22,2.0402159690856934,127968.68539371468,2.0069016147177906e-23,6333,1970,1184,0.9825,"{'U3_GATE_FIDELITY': 0.999, 'U3_GATE_DURATION': 0.5, 'CZ_GATE_FIDELITY': 0.995, 'CZ_GATE_DURATION': 0.2, 'CCZ_GATE_FIDELITY': 0.9825, 'CCZ_GATE_DURATION': 1, 'QUBIT_DECAY': 100000000.0, 'QUBIT_DEPHASING': 1500000.0, 'SHUTTLING_FIDELITY': 1.0, 'SHUTTLING_SPEED': 0.55, 'TRAP_SWAP_DURATION': 20, 'TRAP_SWAP_FIDELITY': 1.0, 'INTERACTION_RADIUS': 2.0, 'RESTRICTION_RADIUS': 4.0, 'TRAP_TRANSFER_PROXIMITY': 1e-05, 'AOD_BEAM_PROXIMITY': 0.001}"
732,uuf175-04.cnf,175,753,22,2.0402159690856934,127968.68539371468,4.066989764083145e-22,6333,1970,1184,0.985,"{'U3_GATE_FIDELITY': 0.999, 'U3_GATE_DURATION': 0.5, 'CZ_GATE_FIDELITY': 0.995, 'CZ_GATE_DURATION': 0.2, 'CCZ_GATE_FIDELITY': 0.985, 'CCZ_GATE_DURATION': 1, 'QUBIT_DECAY': 100000000.0, 'QUBIT_DEPHASING': 1500000.0, 'SHUTTLING_FIDELITY': 1.0, 'SHUTTLING_SPEED': 0.55, 'TRAP_SWAP_DURATION': 20, 'TRAP_SWAP_FIDELITY': 1.0, 'INTERACTION_RADIUS': 2.0, 'RESTRICTION_RADIUS': 4.0, 'TRAP_TRANSFER_PROXIMITY': 1e-05, 'AOD_BEAM_PROXIMITY': 0.001}"
733,uuf175-04.cnf,175,753,22,2.0402159690856934,127968.68539371468,8.179140332619763e-21,6333,1970,1184,0.9875,"{'U3_GATE_FIDELITY': 0.999, 'U3_GATE_DURATION': 0.5, 'CZ_GATE_FIDELITY': 0.995, 'CZ_GATE_DURATION': 0.2, 'CCZ_GATE_FIDELITY': 0.9875, 'CCZ_GATE_DURATION': 1, 'QUBIT_DECAY': 100000000.0, 'QUBIT_DEPHASING': 1500000.0, 'SHUTTLING_FIDELITY': 1.0, 'SHUTTLING_SPEED': 0.55, 'TRAP_SWAP_DURATION': 20, 'TRAP_SWAP_FIDELITY': 1.0, 'INTERACTION_RADIUS': 2.0, 'RESTRICTION_RADIUS': 4.0, 'TRAP_TRANSFER_PROXIMITY': 1e-05, 'AOD_BEAM_PROXIMITY': 0.001}"
734,uuf175-04.cnf,175,753,22,2.0402159690856934,127968.68539371468,1.6324751298685614e-19,6333,1970,1184,0.99,"{'U3_GATE_FIDELITY': 0.999, 'U3_GATE_DURATION': 0.5, 'CZ_GATE_FIDELITY': 0.995, 'CZ_GATE_DURATION': 0.2, 'CCZ_GATE_FIDELITY': 0.99, 'CCZ_GATE_DURATION': 1, 'QUBIT_DECAY': 100000000.0, 'QUBIT_DEPHASING': 1500000.0, 'SHUTTLING_FIDELITY': 1.0, 'SHUTTLING_SPEED': 0.55, 'TRAP_SWAP_DURATION': 20, 'TRAP_SWAP_FIDELITY': 1.0, 'INTERACTION_RADIUS': 2.0, 'RESTRICTION_RADIUS': 4.0, 'TRAP_TRANSFER_PROXIMITY': 1e-05, 'AOD_BEAM_PROXIMITY': 0.001}"
735,uuf175-04.cnf,175,753,22,2.0402159690856934,127968.68539371468,3.2337500274386694e-18,6333,1970,1184,0.9925,"{'U3_GATE_FIDELITY': 0.999, 'U3_GATE_DURATION': 0.5, 'CZ_GATE_FIDELITY': 0.995, 'CZ_GATE_DURATION': 0.2, 'CCZ_GATE_FIDELITY': 0.9925, 'CCZ_GATE_DURATION': 1, 'QUBIT_DECAY': 100000000.0, 'QUBIT_DEPHASING': 1500000.0, 'SHUTTLING_FIDELITY': 1.0, 'SHUTTLING_SPEED': 0.55, 'TRAP_SWAP_DURATION': 20, 'TRAP_SWAP_FIDELITY': 1.0, 'INTERACTION_RADIUS': 2.0, 'RESTRICTION_RADIUS': 4.0, 'TRAP_TRANSFER_PROXIMITY': 1e-05, 'AOD_BEAM_PROXIMITY': 0.001}"
736,uuf175-04.cnf,175,753,22,2.0402159690856934,127968.68539371468,6.357754780873241e-17,6333,1970,1184,0.995,"{'U3_GATE_FIDELITY': 0.999, 'U3_GATE_DURATION': 0.5, 'CZ_GATE_FIDELITY': 0.995, 'CZ_GATE_DURATION': 0.2, 'CCZ_GATE_FIDELITY': 0.995, 'CCZ_GATE_DURATION': 1, 'QUBIT_DECAY': 100000000.0, 'QUBIT_DEPHASING': 1500000.0, 'SHUTTLING_FIDELITY': 1.0, 'SHUTTLING_SPEED': 0.55, 'TRAP_SWAP_DURATION': 20, 'TRAP_SWAP_FIDELITY': 1.0, 'INTERACTION_RADIUS': 2.0, 'RESTRICTION_RADIUS': 4.0, 'TRAP_TRANSFER_PROXIMITY': 1e-05, 'AOD_BEAM_PROXIMITY': 0.001}"
737,uuf175-04.cnf,175,753,22,2.0402159690856934,127968.68539371468,1.2406661436438708e-15,6333,1970,1184,0.9975,"{'U3_GATE_FIDELITY': 0.999, 'U3_GATE_DURATION': 0.5, 'CZ_GATE_FIDELITY': 0.995, 'CZ_GATE_DURATION': 0.2, 'CCZ_GATE_FIDELITY': 0.9975, 'CCZ_GATE_DURATION': 1, 'QUBIT_DECAY': 100000000.0, 'QUBIT_DEPHASING': 1500000.0, 'SHUTTLING_FIDELITY': 1.0, 'SHUTTLING_SPEED': 0.55, 'TRAP_SWAP_DURATION': 20, 'TRAP_SWAP_FIDELITY': 1.0, 'INTERACTION_RADIUS': 2.0, 'RESTRICTION_RADIUS': 4.0, 'TRAP_TRANSFER_PROXIMITY': 1e-05, 'AOD_BEAM_PROXIMITY': 0.001}"
738,uuf250-09.cnf,250,1065,23,4.20265793800354,203456.65250632193,1.1722354547128452e-41,8977,3172,1536,0.9775,"{'U3_GATE_FIDELITY': 0.999, 'U3_GATE_DURATION': 0.5, 'CZ_GATE_FIDELITY': 0.995, 'CZ_GATE_DURATION': 0.2, 'CCZ_GATE_FIDELITY': 0.9775, 'CCZ_GATE_DURATION': 1, 'QUBIT_DECAY': 100000000.0, 'QUBIT_DEPHASING': 1500000.0, 'SHUTTLING_FIDELITY': 1.0, 'SHUTTLING_SPEED': 0.55, 'TRAP_SWAP_DURATION': 20, 'TRAP_SWAP_FIDELITY': 1.0, 'INTERACTION_RADIUS': 2.0, 'RESTRICTION_RADIUS': 4.0, 'TRAP_TRANSFER_PROXIMITY': 1e-05, 'AOD_BEAM_PROXIMITY': 0.001}"
739,uuf250-09.cnf,250,1065,23,4.20265793800354,203456.65250632193,5.928085189193835e-40,8977,3172,1536,0.98,"{'U3_GATE_FIDELITY': 0.999, 'U3_GATE_DURATION': 0.5, 'CZ_GATE_FIDELITY': 0.995, 'CZ_GATE_DURATION': 0.2, 'CCZ_GATE_FIDELITY': 0.98, 'CCZ_GATE_DURATION': 1, 'QUBIT_DECAY': 100000000.0, 'QUBIT_DEPHASING': 1500000.0, 'SHUTTLING_FIDELITY': 1.0, 'SHUTTLING_SPEED': 0.55, 'TRAP_SWAP_DURATION': 20, 'TRAP_SWAP_FIDELITY': 1.0, 'INTERACTION_RADIUS': 2.0, 'RESTRICTION_RADIUS': 4.0, 'TRAP_TRANSFER_PROXIMITY': 1e-05, 'AOD_BEAM_PROXIMITY': 0.001}"
740,uuf250-09.cnf,250,1065,23,4.20265793800354,203456.65250632193,2.96806132034131e-38,8977,3172,1536,0.9825,"{'U3_GATE_FIDELITY': 0.999, 'U3_GATE_DURATION': 0.5, 'CZ_GATE_FIDELITY': 0.995, 'CZ_GATE_DURATION': 0.2, 'CCZ_GATE_FIDELITY': 0.9825, 'CCZ_GATE_DURATION': 1, 'QUBIT_DECAY': 100000000.0, 'QUBIT_DEPHASING': 1500000.0, 'SHUTTLING_FIDELITY': 1.0, 'SHUTTLING_SPEED': 0.55, 'TRAP_SWAP_DURATION': 20, 'TRAP_SWAP_FIDELITY': 1.0, 'INTERACTION_RADIUS': 2.0, 'RESTRICTION_RADIUS': 4.0, 'TRAP_TRANSFER_PROXIMITY': 1e-05, 'AOD_BEAM_PROXIMITY': 0.001}"
741,uuf250-09.cnf,250,1065,23,4.20265793800354,203456.65250632193,1.4713372042259552e-36,8977,3172,1536,0.985,"{'U3_GATE_FIDELITY': 0.999, 'U3_GATE_DURATION': 0.5, 'CZ_GATE_FIDELITY': 0.995, 'CZ_GATE_DURATION': 0.2, 'CCZ_GATE_FIDELITY': 0.985, 'CCZ_GATE_DURATION': 1, 'QUBIT_DECAY': 100000000.0, 'QUBIT_DEPHASING': 1500000.0, 'SHUTTLING_FIDELITY': 1.0, 'SHUTTLING_SPEED': 0.55, 'TRAP_SWAP_DURATION': 20, 'TRAP_SWAP_FIDELITY': 1.0, 'INTERACTION_RADIUS': 2.0, 'RESTRICTION_RADIUS': 4.0, 'TRAP_TRANSFER_PROXIMITY': 1e-05, 'AOD_BEAM_PROXIMITY': 0.001}"
742,uuf250-09.cnf,250,1065,23,4.20265793800354,203456.65250632193,7.221948295609303e-35,8977,3172,1536,0.9875,"{'U3_GATE_FIDELITY': 0.999, 'U3_GATE_DURATION': 0.5, 'CZ_GATE_FIDELITY': 0.995, 'CZ_GATE_DURATION': 0.2, 'CCZ_GATE_FIDELITY': 0.9875, 'CCZ_GATE_DURATION': 1, 'QUBIT_DECAY': 100000000.0, 'QUBIT_DEPHASING': 1500000.0, 'SHUTTLING_FIDELITY': 1.0, 'SHUTTLING_SPEED': 0.55, 'TRAP_SWAP_DURATION': 20, 'TRAP_SWAP_FIDELITY': 1.0, 'INTERACTION_RADIUS': 2.0, 'RESTRICTION_RADIUS': 4.0, 'TRAP_TRANSFER_PROXIMITY': 1e-05, 'AOD_BEAM_PROXIMITY': 0.001}"
743,uuf250-09.cnf,250,1065,23,4.20265793800354,203456.65250632193,3.510112809116077e-33,8977,3172,1536,0.99,"{'U3_GATE_FIDELITY': 0.999, 'U3_GATE_DURATION': 0.5, 'CZ_GATE_FIDELITY': 0.995, 'CZ_GATE_DURATION': 0.2, 'CCZ_GATE_FIDELITY': 0.99, 'CCZ_GATE_DURATION': 1, 'QUBIT_DECAY': 100000000.0, 'QUBIT_DEPHASING': 1500000.0, 'SHUTTLING_FIDELITY': 1.0, 'SHUTTLING_SPEED': 0.55, 'TRAP_SWAP_DURATION': 20, 'TRAP_SWAP_FIDELITY': 1.0, 'INTERACTION_RADIUS': 2.0, 'RESTRICTION_RADIUS': 4.0, 'TRAP_TRANSFER_PROXIMITY': 1e-05, 'AOD_BEAM_PROXIMITY': 0.001}"
744,uuf250-09.cnf,250,1065,23,4.20265793800354,203456.65250632193,1.689405410571847e-31,8977,3172,1536,0.9925,"{'U3_GATE_FIDELITY': 0.999, 'U3_GATE_DURATION': 0.5, 'CZ_GATE_FIDELITY': 0.995, 'CZ_GATE_DURATION': 0.2, 'CCZ_GATE_FIDELITY': 0.9925, 'CCZ_GATE_DURATION': 1, 'QUBIT_DECAY': 100000000.0, 'QUBIT_DEPHASING': 1500000.0, 'SHUTTLING_FIDELITY': 1.0, 'SHUTTLING_SPEED': 0.55, 'TRAP_SWAP_DURATION': 20, 'TRAP_SWAP_FIDELITY': 1.0, 'INTERACTION_RADIUS': 2.0, 'RESTRICTION_RADIUS': 4.0, 'TRAP_TRANSFER_PROXIMITY': 1e-05, 'AOD_BEAM_PROXIMITY': 0.001}"
745,uuf250-09.cnf,250,1065,23,4.20265793800354,203456.65250632193,8.052193407861349e-30,8977,3172,1536,0.995,"{'U3_GATE_FIDELITY': 0.999, 'U3_GATE_DURATION': 0.5, 'CZ_GATE_FIDELITY': 0.995, 'CZ_GATE_DURATION': 0.2, 'CCZ_GATE_FIDELITY': 0.995, 'CCZ_GATE_DURATION': 1, 'QUBIT_DECAY': 100000000.0, 'QUBIT_DEPHASING': 1500000.0, 'SHUTTLING_FIDELITY': 1.0, 'SHUTTLING_SPEED': 0.55, 'TRAP_SWAP_DURATION': 20, 'TRAP_SWAP_FIDELITY': 1.0, 'INTERACTION_RADIUS': 2.0, 'RESTRICTION_RADIUS': 4.0, 'TRAP_TRANSFER_PROXIMITY': 1e-05, 'AOD_BEAM_PROXIMITY': 0.001}"
746,uuf250-09.cnf,250,1065,23,4.20265793800354,203456.65250632193,3.800872202195571e-28,8977,3172,1536,0.9975,"{'U3_GATE_FIDELITY': 0.999, 'U3_GATE_DURATION': 0.5, 'CZ_GATE_FIDELITY': 0.995, 'CZ_GATE_DURATION': 0.2, 'CCZ_GATE_FIDELITY': 0.9975, 'CCZ_GATE_DURATION': 1, 'QUBIT_DECAY': 100000000.0, 'QUBIT_DEPHASING': 1500000.0, 'SHUTTLING_FIDELITY': 1.0, 'SHUTTLING_SPEED': 0.55, 'TRAP_SWAP_DURATION': 20, 'TRAP_SWAP_FIDELITY': 1.0, 'INTERACTION_RADIUS': 2.0, 'RESTRICTION_RADIUS': 4.0, 'TRAP_TRANSFER_PROXIMITY': 1e-05, 'AOD_BEAM_PROXIMITY': 0.001}"
747,uuf250-010.cnf,250,1065,23,3.9440741539001465,200332.5453568883,1.537481727425919e-41,9046,3146,1550,0.9775,"{'U3_GATE_FIDELITY': 0.999, 'U3_GATE_DURATION': 0.5, 'CZ_GATE_FIDELITY': 0.995, 'CZ_GATE_DURATION': 0.2, 'CCZ_GATE_FIDELITY': 0.9775, 'CCZ_GATE_DURATION': 1, 'QUBIT_DECAY': 100000000.0, 'QUBIT_DEPHASING': 1500000.0, 'SHUTTLING_FIDELITY': 1.0, 'SHUTTLING_SPEED': 0.55, 'TRAP_SWAP_DURATION': 20, 'TRAP_SWAP_FIDELITY': 1.0, 'INTERACTION_RADIUS': 2.0, 'RESTRICTION_RADIUS': 4.0, 'TRAP_TRANSFER_PROXIMITY': 1e-05, 'AOD_BEAM_PROXIMITY': 0.001}"
748,uuf250-010.cnf,250,1065,23,3.9440741539001465,200332.5453568883,8.058234121851286e-40,9046,3146,1550,0.98,"{'U3_GATE_FIDELITY': 0.999, 'U3_GATE_DURATION': 0.5, 'CZ_GATE_FIDELITY': 0.995, 'CZ_GATE_DURATION': 0.2, 'CCZ_GATE_FIDELITY': 0.98, 'CCZ_GATE_DURATION': 1, 'QUBIT_DECAY': 100000000.0, 'QUBIT_DEPHASING': 1500000.0, 'SHUTTLING_FIDELITY': 1.0, 'SHUTTLING_SPEED': 0.55, 'TRAP_SWAP_DURATION': 20, 'TRAP_SWAP_FIDELITY': 1.0, 'INTERACTION_RADIUS': 2.0, 'RESTRICTION_RADIUS': 4.0, 'TRAP_TRANSFER_PROXIMITY': 1e-05, 'AOD_BEAM_PROXIMITY': 0.001}"
749,uuf250-010.cnf,250,1065,23,3.9440741539001465,200332.5453568883,4.1810858146860243e-38,9046,3146,1550,0.9825,"{'U3_GATE_FIDELITY': 0.999, 'U3_GATE_DURATION': 0.5, 'CZ_GATE_FIDELITY': 0.995, 'CZ_GATE_DURATION': 0.2, 'CCZ_GATE_FIDELITY': 0.9825, 'CCZ_GATE_DURATION': 1, 'QUBIT_DECAY': 100000000.0, 'QUBIT_DEPHASING': 1500000.0, 'SHUTTLING_FIDELITY': 1.0, 'SHUTTLING_SPEED': 0.55, 'TRAP_SWAP_DURATION': 20, 'TRAP_SWAP_FIDELITY': 1.0, 'INTERACTION_RADIUS': 2.0, 'RESTRICTION_RADIUS': 4.0, 'TRAP_TRANSFER_PROXIMITY': 1e-05, 'AOD_BEAM_PROXIMITY': 0.001}"
750,uuf250-010.cnf,250,1065,23,3.9440741539001465,200332.5453568883,2.147730719736984e-36,9046,3146,1550,0.985,"{'U3_GATE_FIDELITY': 0.999, 'U3_GATE_DURATION': 0.5, 'CZ_GATE_FIDELITY': 0.995, 'CZ_GATE_DURATION': 0.2, 'CCZ_GATE_FIDELITY': 0.985, 'CCZ_GATE_DURATION': 1, 'QUBIT_DECAY': 100000000.0, 'QUBIT_DEPHASING': 1500000.0, 'SHUTTLING_FIDELITY': 1.0, 'SHUTTLING_SPEED': 0.55, 'TRAP_SWAP_DURATION': 20, 'TRAP_SWAP_FIDELITY': 1.0, 'INTERACTION_RADIUS': 2.0, 'RESTRICTION_RADIUS': 4.0, 'TRAP_TRANSFER_PROXIMITY': 1e-05, 'AOD_BEAM_PROXIMITY': 0.001}"
751,uuf250-010.cnf,250,1065,23,3.9440741539001465,200332.5453568883,1.0922806005126616e-34,9046,3146,1550,0.9875,"{'U3_GATE_FIDELITY': 0.999, 'U3_GATE_DURATION': 0.5, 'CZ_GATE_FIDELITY': 0.995, 'CZ_GATE_DURATION': 0.2, 'CCZ_GATE_FIDELITY': 0.9875, 'CCZ_GATE_DURATION': 1, 'QUBIT_DECAY': 100000000.0, 'QUBIT_DEPHASING': 1500000.0, 'SHUTTLING_FIDELITY': 1.0, 'SHUTTLING_SPEED': 0.55, 'TRAP_SWAP_DURATION': 20, 'TRAP_SWAP_FIDELITY': 1.0, 'INTERACTION_RADIUS': 2.0, 'RESTRICTION_RADIUS': 4.0, 'TRAP_TRANSFER_PROXIMITY': 1e-05, 'AOD_BEAM_PROXIMITY': 0.001}"
752,uuf250-010.cnf,250,1065,23,3.9440741539001465,200332.5453568883,5.500145570227969e-33,9046,3146,1550,0.99,"{'U3_GATE_FIDELITY': 0.999, 'U3_GATE_DURATION': 0.5, 'CZ_GATE_FIDELITY': 0.995, 'CZ_GATE_DURATION': 0.2, 'CCZ_GATE_FIDELITY': 0.99, 'CCZ_GATE_DURATION': 1, 'QUBIT_DECAY': 100000000.0, 'QUBIT_DEPHASING': 1500000.0, 'SHUTTLING_FIDELITY': 1.0, 'SHUTTLING_SPEED': 0.55, 'TRAP_SWAP_DURATION': 20, 'TRAP_SWAP_FIDELITY': 1.0, 'INTERACTION_RADIUS': 2.0, 'RESTRICTION_RADIUS': 4.0, 'TRAP_TRANSFER_PROXIMITY': 1e-05, 'AOD_BEAM_PROXIMITY': 0.001}"
753,uuf250-010.cnf,250,1065,23,3.9440741539001465,200332.5453568883,2.742341161049689e-31,9046,3146,1550,0.9925,"{'U3_GATE_FIDELITY': 0.999, 'U3_GATE_DURATION': 0.5, 'CZ_GATE_FIDELITY': 0.995, 'CZ_GATE_DURATION': 0.2, 'CCZ_GATE_FIDELITY': 0.9925, 'CCZ_GATE_DURATION': 1, 'QUBIT_DECAY': 100000000.0, 'QUBIT_DEPHASING': 1500000.0, 'SHUTTLING_FIDELITY': 1.0, 'SHUTTLING_SPEED': 0.55, 'TRAP_SWAP_DURATION': 20, 'TRAP_SWAP_FIDELITY': 1.0, 'INTERACTION_RADIUS': 2.0, 'RESTRICTION_RADIUS': 4.0, 'TRAP_TRANSFER_PROXIMITY': 1e-05, 'AOD_BEAM_PROXIMITY': 0.001}"
754,uuf250-010.cnf,250,1065,23,3.9440741539001465,200332.5453568883,1.353934683491234e-29,9046,3146,1550,0.995,"{'U3_GATE_FIDELITY': 0.999, 'U3_GATE_DURATION': 0.5, 'CZ_GATE_FIDELITY': 0.995, 'CZ_GATE_DURATION': 0.2, 'CCZ_GATE_FIDELITY': 0.995, 'CCZ_GATE_DURATION': 1, 'QUBIT_DECAY': 100000000.0, 'QUBIT_DEPHASING': 1500000.0, 'SHUTTLING_FIDELITY': 1.0, 'SHUTTLING_SPEED': 0.55, 'TRAP_SWAP_DURATION': 20, 'TRAP_SWAP_FIDELITY': 1.0, 'INTERACTION_RADIUS': 2.0, 'RESTRICTION_RADIUS': 4.0, 'TRAP_TRANSFER_PROXIMITY': 1e-05, 'AOD_BEAM_PROXIMITY': 0.001}"
755,uuf250-010.cnf,250,1065,23,3.9440741539001465,200332.5453568883,6.619486699320648e-28,9046,3146,1550,0.9975,"{'U3_GATE_FIDELITY': 0.999, 'U3_GATE_DURATION': 0.5, 'CZ_GATE_FIDELITY': 0.995, 'CZ_GATE_DURATION': 0.2, 'CCZ_GATE_FIDELITY': 0.9975, 'CCZ_GATE_DURATION': 1, 'QUBIT_DECAY': 100000000.0, 'QUBIT_DEPHASING': 1500000.0, 'SHUTTLING_FIDELITY': 1.0, 'SHUTTLING_SPEED': 0.55, 'TRAP_SWAP_DURATION': 20, 'TRAP_SWAP_FIDELITY': 1.0, 'INTERACTION_RADIUS': 2.0, 'RESTRICTION_RADIUS': 4.0, 'TRAP_TRANSFER_PROXIMITY': 1e-05, 'AOD_BEAM_PROXIMITY': 0.001}"
756,uuf125-05.cnf,125,538,23,1.1976714134216309,79150.38373565217,7.095781000495497e-17,4542,1454,820,0.9775,"{'U3_GATE_FIDELITY': 0.999, 'U3_GATE_DURATION': 0.5, 'CZ_GATE_FIDELITY': 0.995, 'CZ_GATE_DURATION': 0.2, 'CCZ_GATE_FIDELITY': 0.9775, 'CCZ_GATE_DURATION': 1, 'QUBIT_DECAY': 100000000.0, 'QUBIT_DEPHASING': 1500000.0, 'SHUTTLING_FIDELITY': 1.0, 'SHUTTLING_SPEED': 0.55, 'TRAP_SWAP_DURATION': 20, 'TRAP_SWAP_FIDELITY': 1.0, 'INTERACTION_RADIUS': 2.0, 'RESTRICTION_RADIUS': 4.0, 'TRAP_TRANSFER_PROXIMITY': 1e-05, 'AOD_BEAM_PROXIMITY': 0.001}"
757,uuf125-05.cnf,125,538,23,1.1976714134216309,79150.38373565217,5.762807270486799e-16,4542,1454,820,0.98,"{'U3_GATE_FIDELITY': 0.999, 'U3_GATE_DURATION': 0.5, 'CZ_GATE_FIDELITY': 0.995, 'CZ_GATE_DURATION': 0.2, 'CCZ_GATE_FIDELITY': 0.98, 'CCZ_GATE_DURATION': 1, 'QUBIT_DECAY': 100000000.0, 'QUBIT_DEPHASING': 1500000.0, 'SHUTTLING_FIDELITY': 1.0, 'SHUTTLING_SPEED': 0.55, 'TRAP_SWAP_DURATION': 20, 'TRAP_SWAP_FIDELITY': 1.0, 'INTERACTION_RADIUS': 2.0, 'RESTRICTION_RADIUS': 4.0, 'TRAP_TRANSFER_PROXIMITY': 1e-05, 'AOD_BEAM_PROXIMITY': 0.001}"
758,uuf125-05.cnf,125,538,23,1.1976714134216309,79150.38373565217,4.655329726352604e-15,4542,1454,820,0.9825,"{'U3_GATE_FIDELITY': 0.999, 'U3_GATE_DURATION': 0.5, 'CZ_GATE_FIDELITY': 0.995, 'CZ_GATE_DURATION': 0.2, 'CCZ_GATE_FIDELITY': 0.9825, 'CCZ_GATE_DURATION': 1, 'QUBIT_DECAY': 100000000.0, 'QUBIT_DEPHASING': 1500000.0, 'SHUTTLING_FIDELITY': 1.0, 'SHUTTLING_SPEED': 0.55, 'TRAP_SWAP_DURATION': 20, 'TRAP_SWAP_FIDELITY': 1.0, 'INTERACTION_RADIUS': 2.0, 'RESTRICTION_RADIUS': 4.0, 'TRAP_TRANSFER_PROXIMITY': 1e-05, 'AOD_BEAM_PROXIMITY': 0.001}"
759,uuf125-05.cnf,125,538,23,1.1976714134216309,79150.38373565217,3.7407702501760613e-14,4542,1454,820,0.985,"{'U3_GATE_FIDELITY': 0.999, 'U3_GATE_DURATION': 0.5, 'CZ_GATE_FIDELITY': 0.995, 'CZ_GATE_DURATION': 0.2, 'CCZ_GATE_FIDELITY': 0.985, 'CCZ_GATE_DURATION': 1, 'QUBIT_DECAY': 100000000.0, 'QUBIT_DEPHASING': 1500000.0, 'SHUTTLING_FIDELITY': 1.0, 'SHUTTLING_SPEED': 0.55, 'TRAP_SWAP_DURATION': 20, 'TRAP_SWAP_FIDELITY': 1.0, 'INTERACTION_RADIUS': 2.0, 'RESTRICTION_RADIUS': 4.0, 'TRAP_TRANSFER_PROXIMITY': 1e-05, 'AOD_BEAM_PROXIMITY': 0.001}"
760,uuf125-05.cnf,125,538,23,1.1976714134216309,79150.38373565217,2.9900438148372355e-13,4542,1454,820,0.9875,"{'U3_GATE_FIDELITY': 0.999, 'U3_GATE_DURATION': 0.5, 'CZ_GATE_FIDELITY': 0.995, 'CZ_GATE_DURATION': 0.2, 'CCZ_GATE_FIDELITY': 0.9875, 'CCZ_GATE_DURATION': 1, 'QUBIT_DECAY': 100000000.0, 'QUBIT_DEPHASING': 1500000.0, 'SHUTTLING_FIDELITY': 1.0, 'SHUTTLING_SPEED': 0.55, 'TRAP_SWAP_DURATION': 20, 'TRAP_SWAP_FIDELITY': 1.0, 'INTERACTION_RADIUS': 2.0, 'RESTRICTION_RADIUS': 4.0, 'TRAP_TRANSFER_PROXIMITY': 1e-05, 'AOD_BEAM_PROXIMITY': 0.001}"
761,uuf125-05.cnf,125,538,23,1.1976714134216309,79150.38373565217,2.377451124831129e-12,4542,1454,820,0.99,"{'U3_GATE_FIDELITY': 0.999, 'U3_GATE_DURATION': 0.5, 'CZ_GATE_FIDELITY': 0.995, 'CZ_GATE_DURATION': 0.2, 'CCZ_GATE_FIDELITY': 0.99, 'CCZ_GATE_DURATION': 1, 'QUBIT_DECAY': 100000000.0, 'QUBIT_DEPHASING': 1500000.0, 'SHUTTLING_FIDELITY': 1.0, 'SHUTTLING_SPEED': 0.55, 'TRAP_SWAP_DURATION': 20, 'TRAP_SWAP_FIDELITY': 1.0, 'INTERACTION_RADIUS': 2.0, 'RESTRICTION_RADIUS': 4.0, 'TRAP_TRANSFER_PROXIMITY': 1e-05, 'AOD_BEAM_PROXIMITY': 0.001}"
762,uuf125-05.cnf,125,538,23,1.1976714134216309,79150.38373565217,1.8805058309634384e-11,4542,1454,820,0.9925,"{'U3_GATE_FIDELITY': 0.999, 'U3_GATE_DURATION': 0.5, 'CZ_GATE_FIDELITY': 0.995, 'CZ_GATE_DURATION': 0.2, 'CCZ_GATE_FIDELITY': 0.9925, 'CCZ_GATE_DURATION': 1, 'QUBIT_DECAY': 100000000.0, 'QUBIT_DEPHASING': 1500000.0, 'SHUTTLING_FIDELITY': 1.0, 'SHUTTLING_SPEED': 0.55, 'TRAP_SWAP_DURATION': 20, 'TRAP_SWAP_FIDELITY': 1.0, 'INTERACTION_RADIUS': 2.0, 'RESTRICTION_RADIUS': 4.0, 'TRAP_TRANSFER_PROXIMITY': 1e-05, 'AOD_BEAM_PROXIMITY': 0.001}"
763,uuf125-05.cnf,125,538,23,1.1976714134216309,79150.38373565217,1.4797155545363519e-10,4542,1454,820,0.995,"{'U3_GATE_FIDELITY': 0.999, 'U3_GATE_DURATION': 0.5, 'CZ_GATE_FIDELITY': 0.995, 'CZ_GATE_DURATION': 0.2, 'CCZ_GATE_FIDELITY': 0.995, 'CCZ_GATE_DURATION': 1, 'QUBIT_DECAY': 100000000.0, 'QUBIT_DEPHASING': 1500000.0, 'SHUTTLING_FIDELITY': 1.0, 'SHUTTLING_SPEED': 0.55, 'TRAP_SWAP_DURATION': 20, 'TRAP_SWAP_FIDELITY': 1.0, 'INTERACTION_RADIUS': 2.0, 'RESTRICTION_RADIUS': 4.0, 'TRAP_TRANSFER_PROXIMITY': 1e-05, 'AOD_BEAM_PROXIMITY': 0.001}"
764,uuf125-05.cnf,125,538,23,1.1976714134216309,79150.38373565217,1.1583334602058641e-09,4542,1454,820,0.9975,"{'U3_GATE_FIDELITY': 0.999, 'U3_GATE_DURATION': 0.5, 'CZ_GATE_FIDELITY': 0.995, 'CZ_GATE_DURATION': 0.2, 'CCZ_GATE_FIDELITY': 0.9975, 'CCZ_GATE_DURATION': 1, 'QUBIT_DECAY': 100000000.0, 'QUBIT_DEPHASING': 1500000.0, 'SHUTTLING_FIDELITY': 1.0, 'SHUTTLING_SPEED': 0.55, 'TRAP_SWAP_DURATION': 20, 'TRAP_SWAP_FIDELITY': 1.0, 'INTERACTION_RADIUS': 2.0, 'RESTRICTION_RADIUS': 4.0, 'TRAP_TRANSFER_PROXIMITY': 1e-05, 'AOD_BEAM_PROXIMITY': 0.001}"
765,uuf125-04.cnf,125,538,24,1.1856887340545654,83744.81166167567,7.397098912320956e-17,4435,1444,808,0.9775,"{'U3_GATE_FIDELITY': 0.999, 'U3_GATE_DURATION': 0.5, 'CZ_GATE_FIDELITY': 0.995, 'CZ_GATE_DURATION': 0.2, 'CCZ_GATE_FIDELITY': 0.9775, 'CCZ_GATE_DURATION': 1, 'QUBIT_DECAY': 100000000.0, 'QUBIT_DEPHASING': 1500000.0, 'SHUTTLING_FIDELITY': 1.0, 'SHUTTLING_SPEED': 0.55, 'TRAP_SWAP_DURATION': 20, 'TRAP_SWAP_FIDELITY': 1.0, 'INTERACTION_RADIUS': 2.0, 'RESTRICTION_RADIUS': 4.0, 'TRAP_TRANSFER_PROXIMITY': 1e-05, 'AOD_BEAM_PROXIMITY': 0.001}"
766,uuf125-04.cnf,125,538,24,1.1856887340545654,83744.81166167567,5.826176037895119e-16,4435,1444,808,0.98,"{'U3_GATE_FIDELITY': 0.999, 'U3_GATE_DURATION': 0.5, 'CZ_GATE_FIDELITY': 0.995, 'CZ_GATE_DURATION': 0.2, 'CCZ_GATE_FIDELITY': 0.98, 'CCZ_GATE_DURATION': 1, 'QUBIT_DECAY': 100000000.0, 'QUBIT_DEPHASING': 1500000.0, 'SHUTTLING_FIDELITY': 1.0, 'SHUTTLING_SPEED': 0.55, 'TRAP_SWAP_DURATION': 20, 'TRAP_SWAP_FIDELITY': 1.0, 'INTERACTION_RADIUS': 2.0, 'RESTRICTION_RADIUS': 4.0, 'TRAP_TRANSFER_PROXIMITY': 1e-05, 'AOD_BEAM_PROXIMITY': 0.001}"
767,uuf125-04.cnf,125,538,24,1.1856887340545654,83744.81166167567,4.564804195918588e-15,4435,1444,808,0.9825,"{'U3_GATE_FIDELITY': 0.999, 'U3_GATE_DURATION': 0.5, 'CZ_GATE_FIDELITY': 0.995, 'CZ_GATE_DURATION': 0.2, 'CCZ_GATE_FIDELITY': 0.9825, 'CCZ_GATE_DURATION': 1, 'QUBIT_DECAY': 100000000.0, 'QUBIT_DEPHASING': 1500000.0, 'SHUTTLING_FIDELITY': 1.0, 'SHUTTLING_SPEED': 0.55, 'TRAP_SWAP_DURATION': 20, 'TRAP_SWAP_FIDELITY': 1.0, 'INTERACTION_RADIUS': 2.0, 'RESTRICTION_RADIUS': 4.0, 'TRAP_TRANSFER_PROXIMITY': 1e-05, 'AOD_BEAM_PROXIMITY': 0.001}"
768,uuf125-04.cnf,125,538,24,1.1856887340545654,83744.81166167567,3.55785861072299e-14,4435,1444,808,0.985,"{'U3_GATE_FIDELITY': 0.999, 'U3_GATE_DURATION': 0.5, 'CZ_GATE_FIDELITY': 0.995, 'CZ_GATE_DURATION': 0.2, 'CCZ_GATE_FIDELITY': 0.985, 'CCZ_GATE_DURATION': 1, 'QUBIT_DECAY': 100000000.0, 'QUBIT_DEPHASING': 1500000.0, 'SHUTTLING_FIDELITY': 1.0, 'SHUTTLING_SPEED': 0.55, 'TRAP_SWAP_DURATION': 20, 'TRAP_SWAP_FIDELITY': 1.0, 'INTERACTION_RADIUS': 2.0, 'RESTRICTION_RADIUS': 4.0, 'TRAP_TRANSFER_PROXIMITY': 1e-05, 'AOD_BEAM_PROXIMITY': 0.001}"
769,uuf125-04.cnf,125,538,24,1.1856887340545654,83744.81166167567,2.7586380131153244e-13,4435,1444,808,0.9875,"{'U3_GATE_FIDELITY': 0.999, 'U3_GATE_DURATION': 0.5, 'CZ_GATE_FIDELITY': 0.995, 'CZ_GATE_DURATION': 0.2, 'CCZ_GATE_FIDELITY': 0.9875, 'CCZ_GATE_DURATION': 1, 'QUBIT_DECAY': 100000000.0, 'QUBIT_DEPHASING': 1500000.0, 'SHUTTLING_FIDELITY': 1.0, 'SHUTTLING_SPEED': 0.55, 'TRAP_SWAP_DURATION': 20, 'TRAP_SWAP_FIDELITY': 1.0, 'INTERACTION_RADIUS': 2.0, 'RESTRICTION_RADIUS': 4.0, 'TRAP_TRANSFER_PROXIMITY': 1e-05, 'AOD_BEAM_PROXIMITY': 0.001}"
770,uuf125-04.cnf,125,538,24,1.1856887340545654,83744.81166167567,2.12790227057203e-12,4435,1444,808,0.99,"{'U3_GATE_FIDELITY': 0.999, 'U3_GATE_DURATION': 0.5, 'CZ_GATE_FIDELITY': 0.995, 'CZ_GATE_DURATION': 0.2, 'CCZ_GATE_FIDELITY': 0.99, 'CCZ_GATE_DURATION': 1, 'QUBIT_DECAY': 100000000.0, 'QUBIT_DEPHASING': 1500000.0, 'SHUTTLING_FIDELITY': 1.0, 'SHUTTLING_SPEED': 0.55, 'TRAP_SWAP_DURATION': 20, 'TRAP_SWAP_FIDELITY': 1.0, 'INTERACTION_RADIUS': 2.0, 'RESTRICTION_RADIUS': 4.0, 'TRAP_TRANSFER_PROXIMITY': 1e-05, 'AOD_BEAM_PROXIMITY': 0.001}"
771,uuf125-04.cnf,125,538,24,1.1856887340545654,83744.81166167567,1.6329425840581938e-11,4435,1444,808,0.9925,"{'U3_GATE_FIDELITY': 0.999, 'U3_GATE_DURATION': 0.5, 'CZ_GATE_FIDELITY': 0.995, 'CZ_GATE_DURATION': 0.2, 'CCZ_GATE_FIDELITY': 0.9925, 'CCZ_GATE_DURATION': 1, 'QUBIT_DECAY': 100000000.0, 'QUBIT_DEPHASING': 1500000.0, 'SHUTTLING_FIDELITY': 1.0, 'SHUTTLING_SPEED': 0.55, 'TRAP_SWAP_DURATION': 20, 'TRAP_SWAP_FIDELITY': 1.0, 'INTERACTION_RADIUS': 2.0, 'RESTRICTION_RADIUS': 4.0, 'TRAP_TRANSFER_PROXIMITY': 1e-05, 'AOD_BEAM_PROXIMITY': 0.001}"
772,uuf125-04.cnf,125,538,24,1.1856887340545654,83744.81166167567,1.24670495538083e-10,4435,1444,808,0.995,"{'U3_GATE_FIDELITY': 0.999, 'U3_GATE_DURATION': 0.5, 'CZ_GATE_FIDELITY': 0.995, 'CZ_GATE_DURATION': 0.2, 'CCZ_GATE_FIDELITY': 0.995, 'CCZ_GATE_DURATION': 1, 'QUBIT_DECAY': 100000000.0, 'QUBIT_DEPHASING': 1500000.0, 'SHUTTLING_FIDELITY': 1.0, 'SHUTTLING_SPEED': 0.55, 'TRAP_SWAP_DURATION': 20, 'TRAP_SWAP_FIDELITY': 1.0, 'INTERACTION_RADIUS': 2.0, 'RESTRICTION_RADIUS': 4.0, 'TRAP_TRANSFER_PROXIMITY': 1e-05, 'AOD_BEAM_PROXIMITY': 0.001}"
773,uuf125-04.cnf,125,538,24,1.1856887340545654,83744.81166167567,9.469807809674228e-10,4435,1444,808,0.9975,"{'U3_GATE_FIDELITY': 0.999, 'U3_GATE_DURATION': 0.5, 'CZ_GATE_FIDELITY': 0.995, 'CZ_GATE_DURATION': 0.2, 'CCZ_GATE_FIDELITY': 0.9975, 'CCZ_GATE_DURATION': 1, 'QUBIT_DECAY': 100000000.0, 'QUBIT_DEPHASING': 1500000.0, 'SHUTTLING_FIDELITY': 1.0, 'SHUTTLING_SPEED': 0.55, 'TRAP_SWAP_DURATION': 20, 'TRAP_SWAP_FIDELITY': 1.0, 'INTERACTION_RADIUS': 2.0, 'RESTRICTION_RADIUS': 4.0, 'TRAP_TRANSFER_PROXIMITY': 1e-05, 'AOD_BEAM_PROXIMITY': 0.001}"
774,uuf150-05.cnf,150,645,22,1.551764965057373,102754.67958769934,2.067104803060781e-21,5405,1676,1028,0.9775,"{'U3_GATE_FIDELITY': 0.999, 'U3_GATE_DURATION': 0.5, 'CZ_GATE_FIDELITY': 0.995, 'CZ_GATE_DURATION': 0.2, 'CCZ_GATE_FIDELITY': 0.9775, 'CCZ_GATE_DURATION': 1, 'QUBIT_DECAY': 100000000.0, 'QUBIT_DEPHASING': 1500000.0, 'SHUTTLING_FIDELITY': 1.0, 'SHUTTLING_SPEED': 0.55, 'TRAP_SWAP_DURATION': 20, 'TRAP_SWAP_FIDELITY': 1.0, 'INTERACTION_RADIUS': 2.0, 'RESTRICTION_RADIUS': 4.0, 'TRAP_TRANSFER_PROXIMITY': 1e-05, 'AOD_BEAM_PROXIMITY': 0.001}"
775,uuf150-05.cnf,150,645,22,1.551764965057373,102754.67958769934,2.855832884800967e-20,5405,1676,1028,0.98,"{'U3_GATE_FIDELITY': 0.999, 'U3_GATE_DURATION': 0.5, 'CZ_GATE_FIDELITY': 0.995, 'CZ_GATE_DURATION': 0.2, 'CCZ_GATE_FIDELITY': 0.98, 'CCZ_GATE_DURATION': 1, 'QUBIT_DECAY': 100000000.0, 'QUBIT_DEPHASING': 1500000.0, 'SHUTTLING_FIDELITY': 1.0, 'SHUTTLING_SPEED': 0.55, 'TRAP_SWAP_DURATION': 20, 'TRAP_SWAP_FIDELITY': 1.0, 'INTERACTION_RADIUS': 2.0, 'RESTRICTION_RADIUS': 4.0, 'TRAP_TRANSFER_PROXIMITY': 1e-05, 'AOD_BEAM_PROXIMITY': 0.001}"
776,uuf150-05.cnf,150,645,22,1.551764965057373,102754.67958769934,3.9192022798347405e-19,5405,1676,1028,0.9825,"{'U3_GATE_FIDELITY': 0.999, 'U3_GATE_DURATION': 0.5, 'CZ_GATE_FIDELITY': 0.995, 'CZ_GATE_DURATION': 0.2, 'CCZ_GATE_FIDELITY': 0.9825, 'CCZ_GATE_DURATION': 1, 'QUBIT_DECAY': 100000000.0, 'QUBIT_DEPHASING': 1500000.0, 'SHUTTLING_FIDELITY': 1.0, 'SHUTTLING_SPEED': 0.55, 'TRAP_SWAP_DURATION': 20, 'TRAP_SWAP_FIDELITY': 1.0, 'INTERACTION_RADIUS': 2.0, 'RESTRICTION_RADIUS': 4.0, 'TRAP_TRANSFER_PROXIMITY': 1e-05, 'AOD_BEAM_PROXIMITY': 0.001}"
777,uuf150-05.cnf,150,645,22,1.551764965057373,102754.67958769934,5.342837061057909e-18,5405,1676,1028,0.985,"{'U3_GATE_FIDELITY': 0.999, 'U3_GATE_DURATION': 0.5, 'CZ_GATE_FIDELITY': 0.995, 'CZ_GATE_DURATION': 0.2, 'CCZ_GATE_FIDELITY': 0.985, 'CCZ_GATE_DURATION': 1, 'QUBIT_DECAY': 100000000.0, 'QUBIT_DEPHASING': 1500000.0, 'SHUTTLING_FIDELITY': 1.0, 'SHUTTLING_SPEED': 0.55, 'TRAP_SWAP_DURATION': 20, 'TRAP_SWAP_FIDELITY': 1.0, 'INTERACTION_RADIUS': 2.0, 'RESTRICTION_RADIUS': 4.0, 'TRAP_TRANSFER_PROXIMITY': 1e-05, 'AOD_BEAM_PROXIMITY': 0.001}"
778,uuf150-05.cnf,150,645,22,1.551764965057373,102754.67958769934,7.235527477731648e-17,5405,1676,1028,0.9875,"{'U3_GATE_FIDELITY': 0.999, 'U3_GATE_DURATION': 0.5, 'CZ_GATE_FIDELITY': 0.995, 'CZ_GATE_DURATION': 0.2, 'CCZ_GATE_FIDELITY': 0.9875, 'CCZ_GATE_DURATION': 1, 'QUBIT_DECAY': 100000000.0, 'QUBIT_DEPHASING': 1500000.0, 'SHUTTLING_FIDELITY': 1.0, 'SHUTTLING_SPEED': 0.55, 'TRAP_SWAP_DURATION': 20, 'TRAP_SWAP_FIDELITY': 1.0, 'INTERACTION_RADIUS': 2.0, 'RESTRICTION_RADIUS': 4.0, 'TRAP_TRANSFER_PROXIMITY': 1e-05, 'AOD_BEAM_PROXIMITY': 0.001}"
779,uuf150-05.cnf,150,645,22,1.551764965057373,102754.67958769934,9.734351507542869e-16,5405,1676,1028,0.99,"{'U3_GATE_FIDELITY': 0.999, 'U3_GATE_DURATION': 0.5, 'CZ_GATE_FIDELITY': 0.995, 'CZ_GATE_DURATION': 0.2, 'CCZ_GATE_FIDELITY': 0.99, 'CCZ_GATE_DURATION': 1, 'QUBIT_DECAY': 100000000.0, 'QUBIT_DEPHASING': 1500000.0, 'SHUTTLING_FIDELITY': 1.0, 'SHUTTLING_SPEED': 0.55, 'TRAP_SWAP_DURATION': 20, 'TRAP_SWAP_FIDELITY': 1.0, 'INTERACTION_RADIUS': 2.0, 'RESTRICTION_RADIUS': 4.0, 'TRAP_TRANSFER_PROXIMITY': 1e-05, 'AOD_BEAM_PROXIMITY': 0.001}"
780,uuf150-05.cnf,150,645,22,1.551764965057373,102754.67958769934,1.3010585637279012e-14,5405,1676,1028,0.9925,"{'U3_GATE_FIDELITY': 0.999, 'U3_GATE_DURATION': 0.5, 'CZ_GATE_FIDELITY': 0.995, 'CZ_GATE_DURATION': 0.2, 'CCZ_GATE_FIDELITY': 0.9925, 'CCZ_GATE_DURATION': 1, 'QUBIT_DECAY': 100000000.0, 'QUBIT_DEPHASING': 1500000.0, 'SHUTTLING_FIDELITY': 1.0, 'SHUTTLING_SPEED': 0.55, 'TRAP_SWAP_DURATION': 20, 'TRAP_SWAP_FIDELITY': 1.0, 'INTERACTION_RADIUS': 2.0, 'RESTRICTION_RADIUS': 4.0, 'TRAP_TRANSFER_PROXIMITY': 1e-05, 'AOD_BEAM_PROXIMITY': 0.001}"
781,uuf150-05.cnf,150,645,22,1.551764965057373,102754.67958769934,1.727642920654314e-13,5405,1676,1028,0.995,"{'U3_GATE_FIDELITY': 0.999, 'U3_GATE_DURATION': 0.5, 'CZ_GATE_FIDELITY': 0.995, 'CZ_GATE_DURATION': 0.2, 'CCZ_GATE_FIDELITY': 0.995, 'CCZ_GATE_DURATION': 1, 'QUBIT_DECAY': 100000000.0, 'QUBIT_DEPHASING': 1500000.0, 'SHUTTLING_FIDELITY': 1.0, 'SHUTTLING_SPEED': 0.55, 'TRAP_SWAP_DURATION': 20, 'TRAP_SWAP_FIDELITY': 1.0, 'INTERACTION_RADIUS': 2.0, 'RESTRICTION_RADIUS': 4.0, 'TRAP_TRANSFER_PROXIMITY': 1e-05, 'AOD_BEAM_PROXIMITY': 0.001}"
782,uuf150-05.cnf,150,645,22,1.551764965057373,102754.67958769934,2.279253650880888e-12,5405,1676,1028,0.9975,"{'U3_GATE_FIDELITY': 0.999, 'U3_GATE_DURATION': 0.5, 'CZ_GATE_FIDELITY': 0.995, 'CZ_GATE_DURATION': 0.2, 'CCZ_GATE_FIDELITY': 0.9975, 'CCZ_GATE_DURATION': 1, 'QUBIT_DECAY': 100000000.0, 'QUBIT_DEPHASING': 1500000.0, 'SHUTTLING_FIDELITY': 1.0, 'SHUTTLING_SPEED': 0.55, 'TRAP_SWAP_DURATION': 20, 'TRAP_SWAP_FIDELITY': 1.0, 'INTERACTION_RADIUS': 2.0, 'RESTRICTION_RADIUS': 4.0, 'TRAP_TRANSFER_PROXIMITY': 1e-05, 'AOD_BEAM_PROXIMITY': 0.001}"
783,uf20-07.cnf,20,91,21,0.06313037872314453,10627.059661349818,0.010094253502994055,627,182,128,0.9775,"{'U3_GATE_FIDELITY': 0.999, 'U3_GATE_DURATION': 0.5, 'CZ_GATE_FIDELITY': 0.995, 'CZ_GATE_DURATION': 0.2, 'CCZ_GATE_FIDELITY': 0.9775, 'CCZ_GATE_DURATION': 1, 'QUBIT_DECAY': 100000000.0, 'QUBIT_DEPHASING': 1500000.0, 'SHUTTLING_FIDELITY': 1.0, 'SHUTTLING_SPEED': 0.55, 'TRAP_SWAP_DURATION': 20, 'TRAP_SWAP_FIDELITY': 1.0, 'INTERACTION_RADIUS': 2.0, 'RESTRICTION_RADIUS': 4.0, 'TRAP_TRANSFER_PROXIMITY': 1e-05, 'AOD_BEAM_PROXIMITY': 0.001}"
784,uf20-07.cnf,20,91,21,0.06313037872314453,10627.059661349818,0.013997995165279596,627,182,128,0.98,"{'U3_GATE_FIDELITY': 0.999, 'U3_GATE_DURATION': 0.5, 'CZ_GATE_FIDELITY': 0.995, 'CZ_GATE_DURATION': 0.2, 'CCZ_GATE_FIDELITY': 0.98, 'CCZ_GATE_DURATION': 1, 'QUBIT_DECAY': 100000000.0, 'QUBIT_DEPHASING': 1500000.0, 'SHUTTLING_FIDELITY': 1.0, 'SHUTTLING_SPEED': 0.55, 'TRAP_SWAP_DURATION': 20, 'TRAP_SWAP_FIDELITY': 1.0, 'INTERACTION_RADIUS': 2.0, 'RESTRICTION_RADIUS': 4.0, 'TRAP_TRANSFER_PROXIMITY': 1e-05, 'AOD_BEAM_PROXIMITY': 0.001}"
785,uf20-07.cnf,20,91,21,0.06313037872314453,10627.059661349818,0.01939526458985106,627,182,128,0.9825,"{'U3_GATE_FIDELITY': 0.999, 'U3_GATE_DURATION': 0.5, 'CZ_GATE_FIDELITY': 0.995, 'CZ_GATE_DURATION': 0.2, 'CCZ_GATE_FIDELITY': 0.9825, 'CCZ_GATE_DURATION': 1, 'QUBIT_DECAY': 100000000.0, 'QUBIT_DEPHASING': 1500000.0, 'SHUTTLING_FIDELITY': 1.0, 'SHUTTLING_SPEED': 0.55, 'TRAP_SWAP_DURATION': 20, 'TRAP_SWAP_FIDELITY': 1.0, 'INTERACTION_RADIUS': 2.0, 'RESTRICTION_RADIUS': 4.0, 'TRAP_TRANSFER_PROXIMITY': 1e-05, 'AOD_BEAM_PROXIMITY': 0.001}"
786,uf20-07.cnf,20,91,21,0.06313037872314453,10627.059661349818,0.026851320861376114,627,182,128,0.985,"{'U3_GATE_FIDELITY': 0.999, 'U3_GATE_DURATION': 0.5, 'CZ_GATE_FIDELITY': 0.995, 'CZ_GATE_DURATION': 0.2, 'CCZ_GATE_FIDELITY': 0.985, 'CCZ_GATE_DURATION': 1, 'QUBIT_DECAY': 100000000.0, 'QUBIT_DEPHASING': 1500000.0, 'SHUTTLING_FIDELITY': 1.0, 'SHUTTLING_SPEED': 0.55, 'TRAP_SWAP_DURATION': 20, 'TRAP_SWAP_FIDELITY': 1.0, 'INTERACTION_RADIUS': 2.0, 'RESTRICTION_RADIUS': 4.0, 'TRAP_TRANSFER_PROXIMITY': 1e-05, 'AOD_BEAM_PROXIMITY': 0.001}"
787,uf20-07.cnf,20,91,21,0.06313037872314453,10627.059661349818,0.03714304468077215,627,182,128,0.9875,"{'U3_GATE_FIDELITY': 0.999, 'U3_GATE_DURATION': 0.5, 'CZ_GATE_FIDELITY': 0.995, 'CZ_GATE_DURATION': 0.2, 'CCZ_GATE_FIDELITY': 0.9875, 'CCZ_GATE_DURATION': 1, 'QUBIT_DECAY': 100000000.0, 'QUBIT_DEPHASING': 1500000.0, 'SHUTTLING_FIDELITY': 1.0, 'SHUTTLING_SPEED': 0.55, 'TRAP_SWAP_DURATION': 20, 'TRAP_SWAP_FIDELITY': 1.0, 'INTERACTION_RADIUS': 2.0, 'RESTRICTION_RADIUS': 4.0, 'TRAP_TRANSFER_PROXIMITY': 1e-05, 'AOD_BEAM_PROXIMITY': 0.001}"
788,uf20-07.cnf,20,91,21,0.06313037872314453,10627.059661349818,0.051337304147421145,627,182,128,0.99,"{'U3_GATE_FIDELITY': 0.999, 'U3_GATE_DURATION': 0.5, 'CZ_GATE_FIDELITY': 0.995, 'CZ_GATE_DURATION': 0.2, 'CCZ_GATE_FIDELITY': 0.99, 'CCZ_GATE_DURATION': 1, 'QUBIT_DECAY': 100000000.0, 'QUBIT_DEPHASING': 1500000.0, 'SHUTTLING_FIDELITY': 1.0, 'SHUTTLING_SPEED': 0.55, 'TRAP_SWAP_DURATION': 20, 'TRAP_SWAP_FIDELITY': 1.0, 'INTERACTION_RADIUS': 2.0, 'RESTRICTION_RADIUS': 4.0, 'TRAP_TRANSFER_PROXIMITY': 1e-05, 'AOD_BEAM_PROXIMITY': 0.001}"
789,uf20-07.cnf,20,91,21,0.06313037872314453,10627.059661349818,0.07089802320254089,627,182,128,0.9925,"{'U3_GATE_FIDELITY': 0.999, 'U3_GATE_DURATION': 0.5, 'CZ_GATE_FIDELITY': 0.995, 'CZ_GATE_DURATION': 0.2, 'CCZ_GATE_FIDELITY': 0.9925, 'CCZ_GATE_DURATION': 1, 'QUBIT_DECAY': 100000000.0, 'QUBIT_DEPHASING': 1500000.0, 'SHUTTLING_FIDELITY': 1.0, 'SHUTTLING_SPEED': 0.55, 'TRAP_SWAP_DURATION': 20, 'TRAP_SWAP_FIDELITY': 1.0, 'INTERACTION_RADIUS': 2.0, 'RESTRICTION_RADIUS': 4.0, 'TRAP_TRANSFER_PROXIMITY': 1e-05, 'AOD_BEAM_PROXIMITY': 0.001}"
790,uf20-07.cnf,20,91,21,0.06313037872314453,10627.059661349818,0.09783235006529313,627,182,128,0.995,"{'U3_GATE_FIDELITY': 0.999, 'U3_GATE_DURATION': 0.5, 'CZ_GATE_FIDELITY': 0.995, 'CZ_GATE_DURATION': 0.2, 'CCZ_GATE_FIDELITY': 0.995, 'CCZ_GATE_DURATION': 1, 'QUBIT_DECAY': 100000000.0, 'QUBIT_DEPHASING': 1500000.0, 'SHUTTLING_FIDELITY': 1.0, 'SHUTTLING_SPEED': 0.55, 'TRAP_SWAP_DURATION': 20, 'TRAP_SWAP_FIDELITY': 1.0, 'INTERACTION_RADIUS': 2.0, 'RESTRICTION_RADIUS': 4.0, 'TRAP_TRANSFER_PROXIMITY': 1e-05, 'AOD_BEAM_PROXIMITY': 0.001}"
791,uf20-07.cnf,20,91,21,0.06313037872314453,10627.059661349818,0.13489004776759425,627,182,128,0.9975,"{'U3_GATE_FIDELITY': 0.999, 'U3_GATE_DURATION': 0.5, 'CZ_GATE_FIDELITY': 0.995, 'CZ_GATE_DURATION': 0.2, 'CCZ_GATE_FIDELITY': 0.9975, 'CCZ_GATE_DURATION': 1, 'QUBIT_DECAY': 100000000.0, 'QUBIT_DEPHASING': 1500000.0, 'SHUTTLING_FIDELITY': 1.0, 'SHUTTLING_SPEED': 0.55, 'TRAP_SWAP_DURATION': 20, 'TRAP_SWAP_FIDELITY': 1.0, 'INTERACTION_RADIUS': 2.0, 'RESTRICTION_RADIUS': 4.0, 'TRAP_TRANSFER_PROXIMITY': 1e-05, 'AOD_BEAM_PROXIMITY': 0.001}"
792,uuf225-07.cnf,225,960,24,3.355661630630493,178278.95965575482,3.965247232984117e-36,8098,2740,1430,0.9775,"{'U3_GATE_FIDELITY': 0.999, 'U3_GATE_DURATION': 0.5, 'CZ_GATE_FIDELITY': 0.995, 'CZ_GATE_DURATION': 0.2, 'CCZ_GATE_FIDELITY': 0.9775, 'CCZ_GATE_DURATION': 1, 'QUBIT_DECAY': 100000000.0, 'QUBIT_DEPHASING': 1500000.0, 'SHUTTLING_FIDELITY': 1.0, 'SHUTTLING_SPEED': 0.55, 'TRAP_SWAP_DURATION': 20, 'TRAP_SWAP_FIDELITY': 1.0, 'INTERACTION_RADIUS': 2.0, 'RESTRICTION_RADIUS': 4.0, 'TRAP_TRANSFER_PROXIMITY': 1e-05, 'AOD_BEAM_PROXIMITY': 0.001}"
793,uuf225-07.cnf,225,960,24,3.355661630630493,178278.95965575482,1.5296181701807905e-34,8098,2740,1430,0.98,"{'U3_GATE_FIDELITY': 0.999, 'U3_GATE_DURATION': 0.5, 'CZ_GATE_FIDELITY': 0.995, 'CZ_GATE_DURATION': 0.2, 'CCZ_GATE_FIDELITY': 0.98, 'CCZ_GATE_DURATION': 1, 'QUBIT_DECAY': 100000000.0, 'QUBIT_DEPHASING': 1500000.0, 'SHUTTLING_FIDELITY': 1.0, 'SHUTTLING_SPEED': 0.55, 'TRAP_SWAP_DURATION': 20, 'TRAP_SWAP_FIDELITY': 1.0, 'INTERACTION_RADIUS': 2.0, 'RESTRICTION_RADIUS': 4.0, 'TRAP_TRANSFER_PROXIMITY': 1e-05, 'AOD_BEAM_PROXIMITY': 0.001}"
794,uuf225-07.cnf,225,960,24,3.355661630630493,178278.95965575482,5.845938355917402e-33,8098,2740,1430,0.9825,"{'U3_GATE_FIDELITY': 0.999, 'U3_GATE_DURATION': 0.5, 'CZ_GATE_FIDELITY': 0.995, 'CZ_GATE_DURATION': 0.2, 'CCZ_GATE_FIDELITY': 0.9825, 'CCZ_GATE_DURATION': 1, 'QUBIT_DECAY': 100000000.0, 'QUBIT_DEPHASING': 1500000.0, 'SHUTTLING_FIDELITY': 1.0, 'SHUTTLING_SPEED': 0.55, 'TRAP_SWAP_DURATION': 20, 'TRAP_SWAP_FIDELITY': 1.0, 'INTERACTION_RADIUS': 2.0, 'RESTRICTION_RADIUS': 4.0, 'TRAP_TRANSFER_PROXIMITY': 1e-05, 'AOD_BEAM_PROXIMITY': 0.001}"
795,uuf225-07.cnf,225,960,24,3.355661630630493,178278.95965575482,2.2136268057436707e-31,8098,2740,1430,0.985,"{'U3_GATE_FIDELITY': 0.999, 'U3_GATE_DURATION': 0.5, 'CZ_GATE_FIDELITY': 0.995, 'CZ_GATE_DURATION': 0.2, 'CCZ_GATE_FIDELITY': 0.985, 'CCZ_GATE_DURATION': 1, 'QUBIT_DECAY': 100000000.0, 'QUBIT_DEPHASING': 1500000.0, 'SHUTTLING_FIDELITY': 1.0, 'SHUTTLING_SPEED': 0.55, 'TRAP_SWAP_DURATION': 20, 'TRAP_SWAP_FIDELITY': 1.0, 'INTERACTION_RADIUS': 2.0, 'RESTRICTION_RADIUS': 4.0, 'TRAP_TRANSFER_PROXIMITY': 1e-05, 'AOD_BEAM_PROXIMITY': 0.001}"
796,uuf225-07.cnf,225,960,24,3.355661630630493,178278.95965575482,8.305273533721749e-30,8098,2740,1430,0.9875,"{'U3_GATE_FIDELITY': 0.999, 'U3_GATE_DURATION': 0.5, 'CZ_GATE_FIDELITY': 0.995, 'CZ_GATE_DURATION': 0.2, 'CCZ_GATE_FIDELITY': 0.9875, 'CCZ_GATE_DURATION': 1, 'QUBIT_DECAY': 100000000.0, 'QUBIT_DEPHASING': 1500000.0, 'SHUTTLING_FIDELITY': 1.0, 'SHUTTLING_SPEED': 0.55, 'TRAP_SWAP_DURATION': 20, 'TRAP_SWAP_FIDELITY': 1.0, 'INTERACTION_RADIUS': 2.0, 'RESTRICTION_RADIUS': 4.0, 'TRAP_TRANSFER_PROXIMITY': 1e-05, 'AOD_BEAM_PROXIMITY': 0.001}"
797,uuf225-07.cnf,225,960,24,3.355661630630493,178278.95965575482,3.08761447400236e-28,8098,2740,1430,0.99,"{'U3_GATE_FIDELITY': 0.999, 'U3_GATE_DURATION': 0.5, 'CZ_GATE_FIDELITY': 0.995, 'CZ_GATE_DURATION': 0.2, 'CCZ_GATE_FIDELITY': 0.99, 'CCZ_GATE_DURATION': 1, 'QUBIT_DECAY': 100000000.0, 'QUBIT_DEPHASING': 1500000.0, 'SHUTTLING_FIDELITY': 1.0, 'SHUTTLING_SPEED': 0.55, 'TRAP_SWAP_DURATION': 20, 'TRAP_SWAP_FIDELITY': 1.0, 'INTERACTION_RADIUS': 2.0, 'RESTRICTION_RADIUS': 4.0, 'TRAP_TRANSFER_PROXIMITY': 1e-05, 'AOD_BEAM_PROXIMITY': 0.001}"
798,uuf225-07.cnf,225,960,24,3.355661630630493,178278.95965575482,1.1374488236736047e-26,8098,2740,1430,0.9925,"{'U3_GATE_FIDELITY': 0.999, 'U3_GATE_DURATION': 0.5, 'CZ_GATE_FIDELITY': 0.995, 'CZ_GATE_DURATION': 0.2, 'CCZ_GATE_FIDELITY': 0.9925, 'CCZ_GATE_DURATION': 1, 'QUBIT_DECAY': 100000000.0, 'QUBIT_DEPHASING': 1500000.0, 'SHUTTLING_FIDELITY': 1.0, 'SHUTTLING_SPEED': 0.55, 'TRAP_SWAP_DURATION': 20, 'TRAP_SWAP_FIDELITY': 1.0, 'INTERACTION_RADIUS': 2.0, 'RESTRICTION_RADIUS': 4.0, 'TRAP_TRANSFER_PROXIMITY': 1e-05, 'AOD_BEAM_PROXIMITY': 0.001}"
799,uuf225-07.cnf,225,960,24,3.355661630630493,178278.95965575482,4.152410303721639e-25,8098,2740,1430,0.995,"{'U3_GATE_FIDELITY': 0.999, 'U3_GATE_DURATION': 0.5, 'CZ_GATE_FIDELITY': 0.995, 'CZ_GATE_DURATION': 0.2, 'CCZ_GATE_FIDELITY': 0.995, 'CCZ_GATE_DURATION': 1, 'QUBIT_DECAY': 100000000.0, 'QUBIT_DEPHASING': 1500000.0, 'SHUTTLING_FIDELITY': 1.0, 'SHUTTLING_SPEED': 0.55, 'TRAP_SWAP_DURATION': 20, 'TRAP_SWAP_FIDELITY': 1.0, 'INTERACTION_RADIUS': 2.0, 'RESTRICTION_RADIUS': 4.0, 'TRAP_TRANSFER_PROXIMITY': 1e-05, 'AOD_BEAM_PROXIMITY': 0.001}"
800,uuf225-07.cnf,225,960,24,3.355661630630493,178278.95965575482,1.502270111149333e-23,8098,2740,1430,0.9975,"{'U3_GATE_FIDELITY': 0.999, 'U3_GATE_DURATION': 0.5, 'CZ_GATE_FIDELITY': 0.995, 'CZ_GATE_DURATION': 0.2, 'CCZ_GATE_FIDELITY': 0.9975, 'CCZ_GATE_DURATION': 1, 'QUBIT_DECAY': 100000000.0, 'QUBIT_DEPHASING': 1500000.0, 'SHUTTLING_FIDELITY': 1.0, 'SHUTTLING_SPEED': 0.55, 'TRAP_SWAP_DURATION': 20, 'TRAP_SWAP_FIDELITY': 1.0, 'INTERACTION_RADIUS': 2.0, 'RESTRICTION_RADIUS': 4.0, 'TRAP_TRANSFER_PROXIMITY': 1e-05, 'AOD_BEAM_PROXIMITY': 0.001}"
801,uuf175-03.cnf,175,753,24,2.3145883083343506,121505.83540292109,7.257952350269005e-26,6382,1984,1194,0.9775,"{'U3_GATE_FIDELITY': 0.999, 'U3_GATE_DURATION': 0.5, 'CZ_GATE_FIDELITY': 0.995, 'CZ_GATE_DURATION': 0.2, 'CCZ_GATE_FIDELITY': 0.9775, 'CCZ_GATE_DURATION': 1, 'QUBIT_DECAY': 100000000.0, 'QUBIT_DEPHASING': 1500000.0, 'SHUTTLING_FIDELITY': 1.0, 'SHUTTLING_SPEED': 0.55, 'TRAP_SWAP_DURATION': 20, 'TRAP_SWAP_FIDELITY': 1.0, 'INTERACTION_RADIUS': 2.0, 'RESTRICTION_RADIUS': 4.0, 'TRAP_TRANSFER_PROXIMITY': 1e-05, 'AOD_BEAM_PROXIMITY': 0.001}"
802,uuf175-03.cnf,175,753,24,2.3145883083343506,121505.83540292109,1.5322506152760224e-24,6382,1984,1194,0.98,"{'U3_GATE_FIDELITY': 0.999, 'U3_GATE_DURATION': 0.5, 'CZ_GATE_FIDELITY': 0.995, 'CZ_GATE_DURATION': 0.2, 'CCZ_GATE_FIDELITY': 0.98, 'CCZ_GATE_DURATION': 1, 'QUBIT_DECAY': 100000000.0, 'QUBIT_DEPHASING': 1500000.0, 'SHUTTLING_FIDELITY': 1.0, 'SHUTTLING_SPEED': 0.55, 'TRAP_SWAP_DURATION': 20, 'TRAP_SWAP_FIDELITY': 1.0, 'INTERACTION_RADIUS': 2.0, 'RESTRICTION_RADIUS': 4.0, 'TRAP_TRANSFER_PROXIMITY': 1e-05, 'AOD_BEAM_PROXIMITY': 0.001}"
803,uuf175-03.cnf,175,753,24,2.3145883083343506,121505.83540292109,3.209747950693778e-23,6382,1984,1194,0.9825,"{'U3_GATE_FIDELITY': 0.999, 'U3_GATE_DURATION': 0.5, 'CZ_GATE_FIDELITY': 0.995, 'CZ_GATE_DURATION': 0.2, 'CCZ_GATE_FIDELITY': 0.9825, 'CCZ_GATE_DURATION': 1, 'QUBIT_DECAY': 100000000.0, 'QUBIT_DEPHASING': 1500000.0, 'SHUTTLING_FIDELITY': 1.0, 'SHUTTLING_SPEED': 0.55, 'TRAP_SWAP_DURATION': 20, 'TRAP_SWAP_FIDELITY': 1.0, 'INTERACTION_RADIUS': 2.0, 'RESTRICTION_RADIUS': 4.0, 'TRAP_TRANSFER_PROXIMITY': 1e-05, 'AOD_BEAM_PROXIMITY': 0.001}"
804,uuf175-03.cnf,175,753,24,2.3145883083343506,121505.83540292109,6.67197855496198e-22,6382,1984,1194,0.985,"{'U3_GATE_FIDELITY': 0.999, 'U3_GATE_DURATION': 0.5, 'CZ_GATE_FIDELITY': 0.995, 'CZ_GATE_DURATION': 0.2, 'CCZ_GATE_FIDELITY': 0.985, 'CCZ_GATE_DURATION': 1, 'QUBIT_DECAY': 100000000.0, 'QUBIT_DEPHASING': 1500000.0, 'SHUTTLING_FIDELITY': 1.0, 'SHUTTLING_SPEED': 0.55, 'TRAP_SWAP_DURATION': 20, 'TRAP_SWAP_FIDELITY': 1.0, 'INTERACTION_RADIUS': 2.0, 'RESTRICTION_RADIUS': 4.0, 'TRAP_TRANSFER_PROXIMITY': 1e-05, 'AOD_BEAM_PROXIMITY': 0.001}"
805,uuf175-03.cnf,175,753,24,2.3145883083343506,121505.83540292109,1.3762519901011555e-20,6382,1984,1194,0.9875,"{'U3_GATE_FIDELITY': 0.999, 'U3_GATE_DURATION': 0.5, 'CZ_GATE_FIDELITY': 0.995, 'CZ_GATE_DURATION': 0.2, 'CCZ_GATE_FIDELITY': 0.9875, 'CCZ_GATE_DURATION': 1, 'QUBIT_DECAY': 100000000.0, 'QUBIT_DEPHASING': 1500000.0, 'SHUTTLING_FIDELITY': 1.0, 'SHUTTLING_SPEED': 0.55, 'TRAP_SWAP_DURATION': 20, 'TRAP_SWAP_FIDELITY': 1.0, 'INTERACTION_RADIUS': 2.0, 'RESTRICTION_RADIUS': 4.0, 'TRAP_TRANSFER_PROXIMITY': 1e-05, 'AOD_BEAM_PROXIMITY': 0.001}"
806,uuf175-03.cnf,175,753,24,2.3145883083343506,121505.83540292109,2.8172006313697185e-19,6382,1984,1194,0.99,"{'U3_GATE_FIDELITY': 0.999, 'U3_GATE_DURATION': 0.5, 'CZ_GATE_FIDELITY': 0.995, 'CZ_GATE_DURATION': 0.2, 'CCZ_GATE_FIDELITY': 0.99, 'CCZ_GATE_DURATION': 1, 'QUBIT_DECAY': 100000000.0, 'QUBIT_DEPHASING': 1500000.0, 'SHUTTLING_FIDELITY': 1.0, 'SHUTTLING_SPEED': 0.55, 'TRAP_SWAP_DURATION': 20, 'TRAP_SWAP_FIDELITY': 1.0, 'INTERACTION_RADIUS': 2.0, 'RESTRICTION_RADIUS': 4.0, 'TRAP_TRANSFER_PROXIMITY': 1e-05, 'AOD_BEAM_PROXIMITY': 0.001}"
807,uuf175-03.cnf,175,753,24,2.3145883083343506,121505.83540292109,5.723093710521182e-18,6382,1984,1194,0.9925,"{'U3_GATE_FIDELITY': 0.999, 'U3_GATE_DURATION': 0.5, 'CZ_GATE_FIDELITY': 0.995, 'CZ_GATE_DURATION': 0.2, 'CCZ_GATE_FIDELITY': 0.9925, 'CCZ_GATE_DURATION': 1, 'QUBIT_DECAY': 100000000.0, 'QUBIT_DEPHASING': 1500000.0, 'SHUTTLING_FIDELITY': 1.0, 'SHUTTLING_SPEED': 0.55, 'TRAP_SWAP_DURATION': 20, 'TRAP_SWAP_FIDELITY': 1.0, 'INTERACTION_RADIUS': 2.0, 'RESTRICTION_RADIUS': 4.0, 'TRAP_TRANSFER_PROXIMITY': 1e-05, 'AOD_BEAM_PROXIMITY': 0.001}"
808,uuf175-03.cnf,175,753,24,2.3145883083343506,121505.83540292109,1.1538619122010354e-16,6382,1984,1194,0.995,"{'U3_GATE_FIDELITY': 0.999, 'U3_GATE_DURATION': 0.5, 'CZ_GATE_FIDELITY': 0.995, 'CZ_GATE_DURATION': 0.2, 'CCZ_GATE_FIDELITY': 0.995, 'CCZ_GATE_DURATION': 1, 'QUBIT_DECAY': 100000000.0, 'QUBIT_DEPHASING': 1500000.0, 'SHUTTLING_FIDELITY': 1.0, 'SHUTTLING_SPEED': 0.55, 'TRAP_SWAP_DURATION': 20, 'TRAP_SWAP_FIDELITY': 1.0, 'INTERACTION_RADIUS': 2.0, 'RESTRICTION_RADIUS': 4.0, 'TRAP_TRANSFER_PROXIMITY': 1e-05, 'AOD_BEAM_PROXIMITY': 0.001}"
809,uuf175-03.cnf,175,753,24,2.3145883083343506,121505.83540292109,2.3088899425224383e-15,6382,1984,1194,0.9975,"{'U3_GATE_FIDELITY': 0.999, 'U3_GATE_DURATION': 0.5, 'CZ_GATE_FIDELITY': 0.995, 'CZ_GATE_DURATION': 0.2, 'CCZ_GATE_FIDELITY': 0.9975, 'CCZ_GATE_DURATION': 1, 'QUBIT_DECAY': 100000000.0, 'QUBIT_DEPHASING': 1500000.0, 'SHUTTLING_FIDELITY': 1.0, 'SHUTTLING_SPEED': 0.55, 'TRAP_SWAP_DURATION': 20, 'TRAP_SWAP_FIDELITY': 1.0, 'INTERACTION_RADIUS': 2.0, 'RESTRICTION_RADIUS': 4.0, 'TRAP_TRANSFER_PROXIMITY': 1e-05, 'AOD_BEAM_PROXIMITY': 0.001}"
810,uuf125-01.cnf,125,538,26,1.2348546981811523,84421.71748610404,4.553302421406977e-17,4458,1434,828,0.9775,"{'U3_GATE_FIDELITY': 0.999, 'U3_GATE_DURATION': 0.5, 'CZ_GATE_FIDELITY': 0.995, 'CZ_GATE_DURATION': 0.2, 'CCZ_GATE_FIDELITY': 0.9775, 'CCZ_GATE_DURATION': 1, 'QUBIT_DECAY': 100000000.0, 'QUBIT_DEPHASING': 1500000.0, 'SHUTTLING_FIDELITY': 1.0, 'SHUTTLING_SPEED': 0.55, 'TRAP_SWAP_DURATION': 20, 'TRAP_SWAP_FIDELITY': 1.0, 'INTERACTION_RADIUS': 2.0, 'RESTRICTION_RADIUS': 4.0, 'TRAP_TRANSFER_PROXIMITY': 1e-05, 'AOD_BEAM_PROXIMITY': 0.001}"
811,uuf125-01.cnf,125,538,26,1.2348546981811523,84421.71748610404,3.774286515122077e-16,4458,1434,828,0.98,"{'U3_GATE_FIDELITY': 0.999, 'U3_GATE_DURATION': 0.5, 'CZ_GATE_FIDELITY': 0.995, 'CZ_GATE_DURATION': 0.2, 'CCZ_GATE_FIDELITY': 0.98, 'CCZ_GATE_DURATION': 1, 'QUBIT_DECAY': 100000000.0, 'QUBIT_DEPHASING': 1500000.0, 'SHUTTLING_FIDELITY': 1.0, 'SHUTTLING_SPEED': 0.55, 'TRAP_SWAP_DURATION': 20, 'TRAP_SWAP_FIDELITY': 1.0, 'INTERACTION_RADIUS': 2.0, 'RESTRICTION_RADIUS': 4.0, 'TRAP_TRANSFER_PROXIMITY': 1e-05, 'AOD_BEAM_PROXIMITY': 0.001}"
812,uuf125-01.cnf,125,538,26,1.2348546981811523,84421.71748610404,3.11173842920771e-15,4458,1434,828,0.9825,"{'U3_GATE_FIDELITY': 0.999, 'U3_GATE_DURATION': 0.5, 'CZ_GATE_FIDELITY': 0.995, 'CZ_GATE_DURATION': 0.2, 'CCZ_GATE_FIDELITY': 0.9825, 'CCZ_GATE_DURATION': 1, 'QUBIT_DECAY': 100000000.0, 'QUBIT_DEPHASING': 1500000.0, 'SHUTTLING_FIDELITY': 1.0, 'SHUTTLING_SPEED': 0.55, 'TRAP_SWAP_DURATION': 20, 'TRAP_SWAP_FIDELITY': 1.0, 'INTERACTION_RADIUS': 2.0, 'RESTRICTION_RADIUS': 4.0, 'TRAP_TRANSFER_PROXIMITY': 1e-05, 'AOD_BEAM_PROXIMITY': 0.001}"
813,uuf125-01.cnf,125,538,26,1.2348546981811523,84421.71748610404,2.5517789117917314e-14,4458,1434,828,0.985,"{'U3_GATE_FIDELITY': 0.999, 'U3_GATE_DURATION': 0.5, 'CZ_GATE_FIDELITY': 0.995, 'CZ_GATE_DURATION': 0.2, 'CCZ_GATE_FIDELITY': 0.985, 'CCZ_GATE_DURATION': 1, 'QUBIT_DECAY': 100000000.0, 'QUBIT_DEPHASING': 1500000.0, 'SHUTTLING_FIDELITY': 1.0, 'SHUTTLING_SPEED': 0.55, 'TRAP_SWAP_DURATION': 20, 'TRAP_SWAP_FIDELITY': 1.0, 'INTERACTION_RADIUS': 2.0, 'RESTRICTION_RADIUS': 4.0, 'TRAP_TRANSFER_PROXIMITY': 1e-05, 'AOD_BEAM_PROXIMITY': 0.001}"
814,uuf125-01.cnf,125,538,26,1.2348546981811523,84421.71748610404,2.0814527238687313e-13,4458,1434,828,0.9875,"{'U3_GATE_FIDELITY': 0.999, 'U3_GATE_DURATION': 0.5, 'CZ_GATE_FIDELITY': 0.995, 'CZ_GATE_DURATION': 0.2, 'CCZ_GATE_FIDELITY': 0.9875, 'CCZ_GATE_DURATION': 1, 'QUBIT_DECAY': 100000000.0, 'QUBIT_DEPHASING': 1500000.0, 'SHUTTLING_FIDELITY': 1.0, 'SHUTTLING_SPEED': 0.55, 'TRAP_SWAP_DURATION': 20, 'TRAP_SWAP_FIDELITY': 1.0, 'INTERACTION_RADIUS': 2.0, 'RESTRICTION_RADIUS': 4.0, 'TRAP_TRANSFER_PROXIMITY': 1e-05, 'AOD_BEAM_PROXIMITY': 0.001}"
815,uuf125-01.cnf,125,538,26,1.2348546981811523,84421.71748610404,1.6888276034924396e-12,4458,1434,828,0.99,"{'U3_GATE_FIDELITY': 0.999, 'U3_GATE_DURATION': 0.5, 'CZ_GATE_FIDELITY': 0.995, 'CZ_GATE_DURATION': 0.2, 'CCZ_GATE_FIDELITY': 0.99, 'CCZ_GATE_DURATION': 1, 'QUBIT_DECAY': 100000000.0, 'QUBIT_DEPHASING': 1500000.0, 'SHUTTLING_FIDELITY': 1.0, 'SHUTTLING_SPEED': 0.55, 'TRAP_SWAP_DURATION': 20, 'TRAP_SWAP_FIDELITY': 1.0, 'INTERACTION_RADIUS': 2.0, 'RESTRICTION_RADIUS': 4.0, 'TRAP_TRANSFER_PROXIMITY': 1e-05, 'AOD_BEAM_PROXIMITY': 0.001}"
816,uuf125-01.cnf,125,538,26,1.2348546981811523,84421.71748610404,1.3630474428037361e-11,4458,1434,828,0.9925,"{'U3_GATE_FIDELITY': 0.999, 'U3_GATE_DURATION': 0.5, 'CZ_GATE_FIDELITY': 0.995, 'CZ_GATE_DURATION': 0.2, 'CCZ_GATE_FIDELITY': 0.9925, 'CCZ_GATE_DURATION': 1, 'QUBIT_DECAY': 100000000.0, 'QUBIT_DEPHASING': 1500000.0, 'SHUTTLING_FIDELITY': 1.0, 'SHUTTLING_SPEED': 0.55, 'TRAP_SWAP_DURATION': 20, 'TRAP_SWAP_FIDELITY': 1.0, 'INTERACTION_RADIUS': 2.0, 'RESTRICTION_RADIUS': 4.0, 'TRAP_TRANSFER_PROXIMITY': 1e-05, 'AOD_BEAM_PROXIMITY': 0.001}"
817,uuf125-01.cnf,125,538,26,1.2348546981811523,84421.71748610404,1.0943469944378445e-10,4458,1434,828,0.995,"{'U3_GATE_FIDELITY': 0.999, 'U3_GATE_DURATION': 0.5, 'CZ_GATE_FIDELITY': 0.995, 'CZ_GATE_DURATION': 0.2, 'CCZ_GATE_FIDELITY': 0.995, 'CCZ_GATE_DURATION': 1, 'QUBIT_DECAY': 100000000.0, 'QUBIT_DEPHASING': 1500000.0, 'SHUTTLING_FIDELITY': 1.0, 'SHUTTLING_SPEED': 0.55, 'TRAP_SWAP_DURATION': 20, 'TRAP_SWAP_FIDELITY': 1.0, 'INTERACTION_RADIUS': 2.0, 'RESTRICTION_RADIUS': 4.0, 'TRAP_TRANSFER_PROXIMITY': 1e-05, 'AOD_BEAM_PROXIMITY': 0.001}"
818,uuf125-01.cnf,125,538,26,1.2348546981811523,84421.71748610404,8.740353565439517e-10,4458,1434,828,0.9975,"{'U3_GATE_FIDELITY': 0.999, 'U3_GATE_DURATION': 0.5, 'CZ_GATE_FIDELITY': 0.995, 'CZ_GATE_DURATION': 0.2, 'CCZ_GATE_FIDELITY': 0.9975, 'CCZ_GATE_DURATION': 1, 'QUBIT_DECAY': 100000000.0, 'QUBIT_DEPHASING': 1500000.0, 'SHUTTLING_FIDELITY': 1.0, 'SHUTTLING_SPEED': 0.55, 'TRAP_SWAP_DURATION': 20, 'TRAP_SWAP_FIDELITY': 1.0, 'INTERACTION_RADIUS': 2.0, 'RESTRICTION_RADIUS': 4.0, 'TRAP_TRANSFER_PROXIMITY': 1e-05, 'AOD_BEAM_PROXIMITY': 0.001}"
819,uf20-03.cnf,20,91,21,0.05895113945007324,10782.357578167086,0.009761608114467744,660,218,120,0.9775,"{'U3_GATE_FIDELITY': 0.999, 'U3_GATE_DURATION': 0.5, 'CZ_GATE_FIDELITY': 0.995, 'CZ_GATE_DURATION': 0.2, 'CCZ_GATE_FIDELITY': 0.9775, 'CCZ_GATE_DURATION': 1, 'QUBIT_DECAY': 100000000.0, 'QUBIT_DEPHASING': 1500000.0, 'SHUTTLING_FIDELITY': 1.0, 'SHUTTLING_SPEED': 0.55, 'TRAP_SWAP_DURATION': 20, 'TRAP_SWAP_FIDELITY': 1.0, 'INTERACTION_RADIUS': 2.0, 'RESTRICTION_RADIUS': 4.0, 'TRAP_TRANSFER_PROXIMITY': 1e-05, 'AOD_BEAM_PROXIMITY': 0.001}"
820,uf20-03.cnf,20,91,21,0.05895113945007324,10782.357578167086,0.0132629008697721,660,218,120,0.98,"{'U3_GATE_FIDELITY': 0.999, 'U3_GATE_DURATION': 0.5, 'CZ_GATE_FIDELITY': 0.995, 'CZ_GATE_DURATION': 0.2, 'CCZ_GATE_FIDELITY': 0.98, 'CCZ_GATE_DURATION': 1, 'QUBIT_DECAY': 100000000.0, 'QUBIT_DEPHASING': 1500000.0, 'SHUTTLING_FIDELITY': 1.0, 'SHUTTLING_SPEED': 0.55, 'TRAP_SWAP_DURATION': 20, 'TRAP_SWAP_FIDELITY': 1.0, 'INTERACTION_RADIUS': 2.0, 'RESTRICTION_RADIUS': 4.0, 'TRAP_TRANSFER_PROXIMITY': 1e-05, 'AOD_BEAM_PROXIMITY': 0.001}"
821,uf20-03.cnf,20,91,21,0.05895113945007324,10782.357578167086,0.018005970165170068,660,218,120,0.9825,"{'U3_GATE_FIDELITY': 0.999, 'U3_GATE_DURATION': 0.5, 'CZ_GATE_FIDELITY': 0.995, 'CZ_GATE_DURATION': 0.2, 'CCZ_GATE_FIDELITY': 0.9825, 'CCZ_GATE_DURATION': 1, 'QUBIT_DECAY': 100000000.0, 'QUBIT_DEPHASING': 1500000.0, 'SHUTTLING_FIDELITY': 1.0, 'SHUTTLING_SPEED': 0.55, 'TRAP_SWAP_DURATION': 20, 'TRAP_SWAP_FIDELITY': 1.0, 'INTERACTION_RADIUS': 2.0, 'RESTRICTION_RADIUS': 4.0, 'TRAP_TRANSFER_PROXIMITY': 1e-05, 'AOD_BEAM_PROXIMITY': 0.001}"
822,uf20-03.cnf,20,91,21,0.05895113945007324,10782.357578167086,0.024426267012775723,660,218,120,0.985,"{'U3_GATE_FIDELITY': 0.999, 'U3_GATE_DURATION': 0.5, 'CZ_GATE_FIDELITY': 0.995, 'CZ_GATE_DURATION': 0.2, 'CCZ_GATE_FIDELITY': 0.985, 'CCZ_GATE_DURATION': 1, 'QUBIT_DECAY': 100000000.0, 'QUBIT_DEPHASING': 1500000.0, 'SHUTTLING_FIDELITY': 1.0, 'SHUTTLING_SPEED': 0.55, 'TRAP_SWAP_DURATION': 20, 'TRAP_SWAP_FIDELITY': 1.0, 'INTERACTION_RADIUS': 2.0, 'RESTRICTION_RADIUS': 4.0, 'TRAP_TRANSFER_PROXIMITY': 1e-05, 'AOD_BEAM_PROXIMITY': 0.001}"
823,uf20-03.cnf,20,91,21,0.05895113945007324,10782.357578167086,0.03311021160704362,660,218,120,0.9875,"{'U3_GATE_FIDELITY': 0.999, 'U3_GATE_DURATION': 0.5, 'CZ_GATE_FIDELITY': 0.995, 'CZ_GATE_DURATION': 0.2, 'CCZ_GATE_FIDELITY': 0.9875, 'CCZ_GATE_DURATION': 1, 'QUBIT_DECAY': 100000000.0, 'QUBIT_DEPHASING': 1500000.0, 'SHUTTLING_FIDELITY': 1.0, 'SHUTTLING_SPEED': 0.55, 'TRAP_SWAP_DURATION': 20, 'TRAP_SWAP_FIDELITY': 1.0, 'INTERACTION_RADIUS': 2.0, 'RESTRICTION_RADIUS': 4.0, 'TRAP_TRANSFER_PROXIMITY': 1e-05, 'AOD_BEAM_PROXIMITY': 0.001}"
824,uf20-03.cnf,20,91,21,0.05895113945007324,10782.357578167086,0.044846937588155195,660,218,120,0.99,"{'U3_GATE_FIDELITY': 0.999, 'U3_GATE_DURATION': 0.5, 'CZ_GATE_FIDELITY': 0.995, 'CZ_GATE_DURATION': 0.2, 'CCZ_GATE_FIDELITY': 0.99, 'CCZ_GATE_DURATION': 1, 'QUBIT_DECAY': 100000000.0, 'QUBIT_DEPHASING': 1500000.0, 'SHUTTLING_FIDELITY': 1.0, 'SHUTTLING_SPEED': 0.55, 'TRAP_SWAP_DURATION': 20, 'TRAP_SWAP_FIDELITY': 1.0, 'INTERACTION_RADIUS': 2.0, 'RESTRICTION_RADIUS': 4.0, 'TRAP_TRANSFER_PROXIMITY': 1e-05, 'AOD_BEAM_PROXIMITY': 0.001}"
825,uf20-03.cnf,20,91,21,0.05895113945007324,10782.357578167086,0.0606975683358544,660,218,120,0.9925,"{'U3_GATE_FIDELITY': 0.999, 'U3_GATE_DURATION': 0.5, 'CZ_GATE_FIDELITY': 0.995, 'CZ_GATE_DURATION': 0.2, 'CCZ_GATE_FIDELITY': 0.9925, 'CCZ_GATE_DURATION': 1, 'QUBIT_DECAY': 100000000.0, 'QUBIT_DEPHASING': 1500000.0, 'SHUTTLING_FIDELITY': 1.0, 'SHUTTLING_SPEED': 0.55, 'TRAP_SWAP_DURATION': 20, 'TRAP_SWAP_FIDELITY': 1.0, 'INTERACTION_RADIUS': 2.0, 'RESTRICTION_RADIUS': 4.0, 'TRAP_TRANSFER_PROXIMITY': 1e-05, 'AOD_BEAM_PROXIMITY': 0.001}"
826,uf20-03.cnf,20,91,21,0.05895113945007324,10782.357578167086,0.08208789706236422,660,218,120,0.995,"{'U3_GATE_FIDELITY': 0.999, 'U3_GATE_DURATION': 0.5, 'CZ_GATE_FIDELITY': 0.995, 'CZ_GATE_DURATION': 0.2, 'CCZ_GATE_FIDELITY': 0.995, 'CCZ_GATE_DURATION': 1, 'QUBIT_DECAY': 100000000.0, 'QUBIT_DEPHASING': 1500000.0, 'SHUTTLING_FIDELITY': 1.0, 'SHUTTLING_SPEED': 0.55, 'TRAP_SWAP_DURATION': 20, 'TRAP_SWAP_FIDELITY': 1.0, 'INTERACTION_RADIUS': 2.0, 'RESTRICTION_RADIUS': 4.0, 'TRAP_TRANSFER_PROXIMITY': 1e-05, 'AOD_BEAM_PROXIMITY': 0.001}"
827,uf20-03.cnf,20,91,21,0.05895113945007324,10782.357578167086,0.11093228623188552,660,218,120,0.9975,"{'U3_GATE_FIDELITY': 0.999, 'U3_GATE_DURATION': 0.5, 'CZ_GATE_FIDELITY': 0.995, 'CZ_GATE_DURATION': 0.2, 'CCZ_GATE_FIDELITY': 0.9975, 'CCZ_GATE_DURATION': 1, 'QUBIT_DECAY': 100000000.0, 'QUBIT_DEPHASING': 1500000.0, 'SHUTTLING_FIDELITY': 1.0, 'SHUTTLING_SPEED': 0.55, 'TRAP_SWAP_DURATION': 20, 'TRAP_SWAP_FIDELITY': 1.0, 'INTERACTION_RADIUS': 2.0, 'RESTRICTION_RADIUS': 4.0, 'TRAP_TRANSFER_PROXIMITY': 1e-05, 'AOD_BEAM_PROXIMITY': 0.001}"
828,uuf50-07.cnf,50,218,21,0.18613171577453613,27578.677929637823,4.06213382618325e-06,1733,610,294,0.9775,"{'U3_GATE_FIDELITY': 0.999, 'U3_GATE_DURATION': 0.5, 'CZ_GATE_FIDELITY': 0.995, 'CZ_GATE_DURATION': 0.2, 'CCZ_GATE_FIDELITY': 0.9775, 'CCZ_GATE_DURATION': 1, 'QUBIT_DECAY': 100000000.0, 'QUBIT_DEPHASING': 1500000.0, 'SHUTTLING_FIDELITY': 1.0, 'SHUTTLING_SPEED': 0.55, 'TRAP_SWAP_DURATION': 20, 'TRAP_SWAP_FIDELITY': 1.0, 'INTERACTION_RADIUS': 2.0, 'RESTRICTION_RADIUS': 4.0, 'TRAP_TRANSFER_PROXIMITY': 1e-05, 'AOD_BEAM_PROXIMITY': 0.001}"
829,uuf50-07.cnf,50,218,21,0.18613171577453613,27578.677929637823,8.60778194300442e-06,1733,610,294,0.98,"{'U3_GATE_FIDELITY': 0.999, 'U3_GATE_DURATION': 0.5, 'CZ_GATE_FIDELITY': 0.995, 'CZ_GATE_DURATION': 0.2, 'CCZ_GATE_FIDELITY': 0.98, 'CCZ_GATE_DURATION': 1, 'QUBIT_DECAY': 100000000.0, 'QUBIT_DEPHASING': 1500000.0, 'SHUTTLING_FIDELITY': 1.0, 'SHUTTLING_SPEED': 0.55, 'TRAP_SWAP_DURATION': 20, 'TRAP_SWAP_FIDELITY': 1.0, 'INTERACTION_RADIUS': 2.0, 'RESTRICTION_RADIUS': 4.0, 'TRAP_TRANSFER_PROXIMITY': 1e-05, 'AOD_BEAM_PROXIMITY': 0.001}"
830,uuf50-07.cnf,50,218,21,0.18613171577453613,27578.677929637823,1.8205280008487984e-05,1733,610,294,0.9825,"{'U3_GATE_FIDELITY': 0.999, 'U3_GATE_DURATION': 0.5, 'CZ_GATE_FIDELITY': 0.995, 'CZ_GATE_DURATION': 0.2, 'CCZ_GATE_FIDELITY': 0.9825, 'CCZ_GATE_DURATION': 1, 'QUBIT_DECAY': 100000000.0, 'QUBIT_DEPHASING': 1500000.0, 'SHUTTLING_FIDELITY': 1.0, 'SHUTTLING_SPEED': 0.55, 'TRAP_SWAP_DURATION': 20, 'TRAP_SWAP_FIDELITY': 1.0, 'INTERACTION_RADIUS': 2.0, 'RESTRICTION_RADIUS': 4.0, 'TRAP_TRANSFER_PROXIMITY': 1e-05, 'AOD_BEAM_PROXIMITY': 0.001}"
831,uuf50-07.cnf,50,218,21,0.18613171577453613,27578.677929637823,3.8430564995031795e-05,1733,610,294,0.985,"{'U3_GATE_FIDELITY': 0.999, 'U3_GATE_DURATION': 0.5, 'CZ_GATE_FIDELITY': 0.995, 'CZ_GATE_DURATION': 0.2, 'CCZ_GATE_FIDELITY': 0.985, 'CCZ_GATE_DURATION': 1, 'QUBIT_DECAY': 100000000.0, 'QUBIT_DEPHASING': 1500000.0, 'SHUTTLING_FIDELITY': 1.0, 'SHUTTLING_SPEED': 0.55, 'TRAP_SWAP_DURATION': 20, 'TRAP_SWAP_FIDELITY': 1.0, 'INTERACTION_RADIUS': 2.0, 'RESTRICTION_RADIUS': 4.0, 'TRAP_TRANSFER_PROXIMITY': 1e-05, 'AOD_BEAM_PROXIMITY': 0.001}"
832,uuf50-07.cnf,50,218,21,0.18613171577453613,27578.677929637823,8.097177634212746e-05,1733,610,294,0.9875,"{'U3_GATE_FIDELITY': 0.999, 'U3_GATE_DURATION': 0.5, 'CZ_GATE_FIDELITY': 0.995, 'CZ_GATE_DURATION': 0.2, 'CCZ_GATE_FIDELITY': 0.9875, 'CCZ_GATE_DURATION': 1, 'QUBIT_DECAY': 100000000.0, 'QUBIT_DEPHASING': 1500000.0, 'SHUTTLING_FIDELITY': 1.0, 'SHUTTLING_SPEED': 0.55, 'TRAP_SWAP_DURATION': 20, 'TRAP_SWAP_FIDELITY': 1.0, 'INTERACTION_RADIUS': 2.0, 'RESTRICTION_RADIUS': 4.0, 'TRAP_TRANSFER_PROXIMITY': 1e-05, 'AOD_BEAM_PROXIMITY': 0.001}"
833,uuf50-07.cnf,50,218,21,0.18613171577453613,27578.677929637823,0.00017028336147274155,1733,610,294,0.99,"{'U3_GATE_FIDELITY': 0.999, 'U3_GATE_DURATION': 0.5, 'CZ_GATE_FIDELITY': 0.995, 'CZ_GATE_DURATION': 0.2, 'CCZ_GATE_FIDELITY': 0.99, 'CCZ_GATE_DURATION': 1, 'QUBIT_DECAY': 100000000.0, 'QUBIT_DEPHASING': 1500000.0, 'SHUTTLING_FIDELITY': 1.0, 'SHUTTLING_SPEED': 0.55, 'TRAP_SWAP_DURATION': 20, 'TRAP_SWAP_FIDELITY': 1.0, 'INTERACTION_RADIUS': 2.0, 'RESTRICTION_RADIUS': 4.0, 'TRAP_TRANSFER_PROXIMITY': 1e-05, 'AOD_BEAM_PROXIMITY': 0.001}"
834,uuf50-07.cnf,50,218,21,0.18613171577453613,27578.677929637823,0.00035743455943133227,1733,610,294,0.9925,"{'U3_GATE_FIDELITY': 0.999, 'U3_GATE_DURATION': 0.5, 'CZ_GATE_FIDELITY': 0.995, 'CZ_GATE_DURATION': 0.2, 'CCZ_GATE_FIDELITY': 0.9925, 'CCZ_GATE_DURATION': 1, 'QUBIT_DECAY': 100000000.0, 'QUBIT_DEPHASING': 1500000.0, 'SHUTTLING_FIDELITY': 1.0, 'SHUTTLING_SPEED': 0.55, 'TRAP_SWAP_DURATION': 20, 'TRAP_SWAP_FIDELITY': 1.0, 'INTERACTION_RADIUS': 2.0, 'RESTRICTION_RADIUS': 4.0, 'TRAP_TRANSFER_PROXIMITY': 1e-05, 'AOD_BEAM_PROXIMITY': 0.001}"
835,uuf50-07.cnf,50,218,21,0.18613171577453613,27578.677929637823,0.000748877430869527,1733,610,294,0.995,"{'U3_GATE_FIDELITY': 0.999, 'U3_GATE_DURATION': 0.5, 'CZ_GATE_FIDELITY': 0.995, 'CZ_GATE_DURATION': 0.2, 'CCZ_GATE_FIDELITY': 0.995, 'CCZ_GATE_DURATION': 1, 'QUBIT_DECAY': 100000000.0, 'QUBIT_DEPHASING': 1500000.0, 'SHUTTLING_FIDELITY': 1.0, 'SHUTTLING_SPEED': 0.55, 'TRAP_SWAP_DURATION': 20, 'TRAP_SWAP_FIDELITY': 1.0, 'INTERACTION_RADIUS': 2.0, 'RESTRICTION_RADIUS': 4.0, 'TRAP_TRANSFER_PROXIMITY': 1e-05, 'AOD_BEAM_PROXIMITY': 0.001}"
836,uuf50-07.cnf,50,218,21,0.18613171577453613,27578.677929637823,0.0015660978183459574,1733,610,294,0.9975,"{'U3_GATE_FIDELITY': 0.999, 'U3_GATE_DURATION': 0.5, 'CZ_GATE_FIDELITY': 0.995, 'CZ_GATE_DURATION': 0.2, 'CCZ_GATE_FIDELITY': 0.9975, 'CCZ_GATE_DURATION': 1, 'QUBIT_DECAY': 100000000.0, 'QUBIT_DEPHASING': 1500000.0, 'SHUTTLING_FIDELITY': 1.0, 'SHUTTLING_SPEED': 0.55, 'TRAP_SWAP_DURATION': 20, 'TRAP_SWAP_FIDELITY': 1.0, 'INTERACTION_RADIUS': 2.0, 'RESTRICTION_RADIUS': 4.0, 'TRAP_TRANSFER_PROXIMITY': 1e-05, 'AOD_BEAM_PROXIMITY': 0.001}"
837,uuf250-06.cnf,250,1065,24,3.9590132236480713,202635.206238361,3.181326603523744e-42,9107,2980,1636,0.9775,"{'U3_GATE_FIDELITY': 0.999, 'U3_GATE_DURATION': 0.5, 'CZ_GATE_FIDELITY': 0.995, 'CZ_GATE_DURATION': 0.2, 'CCZ_GATE_FIDELITY': 0.9775, 'CCZ_GATE_DURATION': 1, 'QUBIT_DECAY': 100000000.0, 'QUBIT_DEPHASING': 1500000.0, 'SHUTTLING_FIDELITY': 1.0, 'SHUTTLING_SPEED': 0.55, 'TRAP_SWAP_DURATION': 20, 'TRAP_SWAP_FIDELITY': 1.0, 'INTERACTION_RADIUS': 2.0, 'RESTRICTION_RADIUS': 4.0, 'TRAP_TRANSFER_PROXIMITY': 1e-05, 'AOD_BEAM_PROXIMITY': 0.001}"
838,uuf250-06.cnf,250,1065,24,3.9590132236480713,202635.206238361,2.077011030926541e-40,9107,2980,1636,0.98,"{'U3_GATE_FIDELITY': 0.999, 'U3_GATE_DURATION': 0.5, 'CZ_GATE_FIDELITY': 0.995, 'CZ_GATE_DURATION': 0.2, 'CCZ_GATE_FIDELITY': 0.98, 'CCZ_GATE_DURATION': 1, 'QUBIT_DECAY': 100000000.0, 'QUBIT_DEPHASING': 1500000.0, 'SHUTTLING_FIDELITY': 1.0, 'SHUTTLING_SPEED': 0.55, 'TRAP_SWAP_DURATION': 20, 'TRAP_SWAP_FIDELITY': 1.0, 'INTERACTION_RADIUS': 2.0, 'RESTRICTION_RADIUS': 4.0, 'TRAP_TRANSFER_PROXIMITY': 1e-05, 'AOD_BEAM_PROXIMITY': 0.001}"
839,uuf250-06.cnf,250,1065,24,3.9590132236480713,202635.206238361,1.341669576200481e-38,9107,2980,1636,0.9825,"{'U3_GATE_FIDELITY': 0.999, 'U3_GATE_DURATION': 0.5, 'CZ_GATE_FIDELITY': 0.995, 'CZ_GATE_DURATION': 0.2, 'CCZ_GATE_FIDELITY': 0.9825, 'CCZ_GATE_DURATION': 1, 'QUBIT_DECAY': 100000000.0, 'QUBIT_DEPHASING': 1500000.0, 'SHUTTLING_FIDELITY': 1.0, 'SHUTTLING_SPEED': 0.55, 'TRAP_SWAP_DURATION': 20, 'TRAP_SWAP_FIDELITY': 1.0, 'INTERACTION_RADIUS': 2.0, 'RESTRICTION_RADIUS': 4.0, 'TRAP_TRANSFER_PROXIMITY': 1e-05, 'AOD_BEAM_PROXIMITY': 0.001}"
840,uuf250-06.cnf,250,1065,24,3.9590132236480713,202635.206238361,8.575354138167637e-37,9107,2980,1636,0.985,"{'U3_GATE_FIDELITY': 0.999, 'U3_GATE_DURATION': 0.5, 'CZ_GATE_FIDELITY': 0.995, 'CZ_GATE_DURATION': 0.2, 'CCZ_GATE_FIDELITY': 0.985, 'CCZ_GATE_DURATION': 1, 'QUBIT_DECAY': 100000000.0, 'QUBIT_DEPHASING': 1500000.0, 'SHUTTLING_FIDELITY': 1.0, 'SHUTTLING_SPEED': 0.55, 'TRAP_SWAP_DURATION': 20, 'TRAP_SWAP_FIDELITY': 1.0, 'INTERACTION_RADIUS': 2.0, 'RESTRICTION_RADIUS': 4.0, 'TRAP_TRANSFER_PROXIMITY': 1e-05, 'AOD_BEAM_PROXIMITY': 0.001}"
841,uuf250-06.cnf,250,1065,24,3.9590132236480713,202635.206238361,5.4235244515818e-35,9107,2980,1636,0.9875,"{'U3_GATE_FIDELITY': 0.999, 'U3_GATE_DURATION': 0.5, 'CZ_GATE_FIDELITY': 0.995, 'CZ_GATE_DURATION': 0.2, 'CCZ_GATE_FIDELITY': 0.9875, 'CCZ_GATE_DURATION': 1, 'QUBIT_DECAY': 100000000.0, 'QUBIT_DEPHASING': 1500000.0, 'SHUTTLING_FIDELITY': 1.0, 'SHUTTLING_SPEED': 0.55, 'TRAP_SWAP_DURATION': 20, 'TRAP_SWAP_FIDELITY': 1.0, 'INTERACTION_RADIUS': 2.0, 'RESTRICTION_RADIUS': 4.0, 'TRAP_TRANSFER_PROXIMITY': 1e-05, 'AOD_BEAM_PROXIMITY': 0.001}"
842,uuf250-06.cnf,250,1065,24,3.9590132236480713,202635.206238361,3.3943555510955304e-33,9107,2980,1636,0.99,"{'U3_GATE_FIDELITY': 0.999, 'U3_GATE_DURATION': 0.5, 'CZ_GATE_FIDELITY': 0.995, 'CZ_GATE_DURATION': 0.2, 'CCZ_GATE_FIDELITY': 0.99, 'CCZ_GATE_DURATION': 1, 'QUBIT_DECAY': 100000000.0, 'QUBIT_DEPHASING': 1500000.0, 'SHUTTLING_FIDELITY': 1.0, 'SHUTTLING_SPEED': 0.55, 'TRAP_SWAP_DURATION': 20, 'TRAP_SWAP_FIDELITY': 1.0, 'INTERACTION_RADIUS': 2.0, 'RESTRICTION_RADIUS': 4.0, 'TRAP_TRANSFER_PROXIMITY': 1e-05, 'AOD_BEAM_PROXIMITY': 0.001}"
843,uuf250-06.cnf,250,1065,24,3.9590132236480713,202635.206238361,2.1023364594151826e-31,9107,2980,1636,0.9925,"{'U3_GATE_FIDELITY': 0.999, 'U3_GATE_DURATION': 0.5, 'CZ_GATE_FIDELITY': 0.995, 'CZ_GATE_DURATION': 0.2, 'CCZ_GATE_FIDELITY': 0.9925, 'CCZ_GATE_DURATION': 1, 'QUBIT_DECAY': 100000000.0, 'QUBIT_DEPHASING': 1500000.0, 'SHUTTLING_FIDELITY': 1.0, 'SHUTTLING_SPEED': 0.55, 'TRAP_SWAP_DURATION': 20, 'TRAP_SWAP_FIDELITY': 1.0, 'INTERACTION_RADIUS': 2.0, 'RESTRICTION_RADIUS': 4.0, 'TRAP_TRANSFER_PROXIMITY': 1e-05, 'AOD_BEAM_PROXIMITY': 0.001}"
844,uuf250-06.cnf,250,1065,24,3.9590132236480713,202635.206238361,1.2886621421155457e-29,9107,2980,1636,0.995,"{'U3_GATE_FIDELITY': 0.999, 'U3_GATE_DURATION': 0.5, 'CZ_GATE_FIDELITY': 0.995, 'CZ_GATE_DURATION': 0.2, 'CCZ_GATE_FIDELITY': 0.995, 'CCZ_GATE_DURATION': 1, 'QUBIT_DECAY': 100000000.0, 'QUBIT_DEPHASING': 1500000.0, 'SHUTTLING_FIDELITY': 1.0, 'SHUTTLING_SPEED': 0.55, 'TRAP_SWAP_DURATION': 20, 'TRAP_SWAP_FIDELITY': 1.0, 'INTERACTION_RADIUS': 2.0, 'RESTRICTION_RADIUS': 4.0, 'TRAP_TRANSFER_PROXIMITY': 1e-05, 'AOD_BEAM_PROXIMITY': 0.001}"
845,uuf250-06.cnf,250,1065,24,3.9590132236480713,202635.206238361,7.817907022570088e-28,9107,2980,1636,0.9975,"{'U3_GATE_FIDELITY': 0.999, 'U3_GATE_DURATION': 0.5, 'CZ_GATE_FIDELITY': 0.995, 'CZ_GATE_DURATION': 0.2, 'CCZ_GATE_FIDELITY': 0.9975, 'CCZ_GATE_DURATION': 1, 'QUBIT_DECAY': 100000000.0, 'QUBIT_DEPHASING': 1500000.0, 'SHUTTLING_FIDELITY': 1.0, 'SHUTTLING_SPEED': 0.55, 'TRAP_SWAP_DURATION': 20, 'TRAP_SWAP_FIDELITY': 1.0, 'INTERACTION_RADIUS': 2.0, 'RESTRICTION_RADIUS': 4.0, 'TRAP_TRANSFER_PROXIMITY': 1e-05, 'AOD_BEAM_PROXIMITY': 0.001}"
846,uuf75-03.cnf,75,325,21,0.5429737567901611,42115.52571395428,4.282424438323514e-09,2641,966,424,0.9775,"{'U3_GATE_FIDELITY': 0.999, 'U3_GATE_DURATION': 0.5, 'CZ_GATE_FIDELITY': 0.995, 'CZ_GATE_DURATION': 0.2, 'CCZ_GATE_FIDELITY': 0.9775, 'CCZ_GATE_DURATION': 1, 'QUBIT_DECAY': 100000000.0, 'QUBIT_DEPHASING': 1500000.0, 'SHUTTLING_FIDELITY': 1.0, 'SHUTTLING_SPEED': 0.55, 'TRAP_SWAP_DURATION': 20, 'TRAP_SWAP_FIDELITY': 1.0, 'INTERACTION_RADIUS': 2.0, 'RESTRICTION_RADIUS': 4.0, 'TRAP_TRANSFER_PROXIMITY': 1e-05, 'AOD_BEAM_PROXIMITY': 0.001}"
847,uuf75-03.cnf,75,325,21,0.5429737567901611,42115.52571395428,1.2648440717413786e-08,2641,966,424,0.98,"{'U3_GATE_FIDELITY': 0.999, 'U3_GATE_DURATION': 0.5, 'CZ_GATE_FIDELITY': 0.995, 'CZ_GATE_DURATION': 0.2, 'CCZ_GATE_FIDELITY': 0.98, 'CCZ_GATE_DURATION': 1, 'QUBIT_DECAY': 100000000.0, 'QUBIT_DEPHASING': 1500000.0, 'SHUTTLING_FIDELITY': 1.0, 'SHUTTLING_SPEED': 0.55, 'TRAP_SWAP_DURATION': 20, 'TRAP_SWAP_FIDELITY': 1.0, 'INTERACTION_RADIUS': 2.0, 'RESTRICTION_RADIUS': 4.0, 'TRAP_TRANSFER_PROXIMITY': 1e-05, 'AOD_BEAM_PROXIMITY': 0.001}"
848,uuf75-03.cnf,75,325,21,0.5429737567901611,42115.52571395428,3.725511703808531e-08,2641,966,424,0.9825,"{'U3_GATE_FIDELITY': 0.999, 'U3_GATE_DURATION': 0.5, 'CZ_GATE_FIDELITY': 0.995, 'CZ_GATE_DURATION': 0.2, 'CCZ_GATE_FIDELITY': 0.9825, 'CCZ_GATE_DURATION': 1, 'QUBIT_DECAY': 100000000.0, 'QUBIT_DEPHASING': 1500000.0, 'SHUTTLING_FIDELITY': 1.0, 'SHUTTLING_SPEED': 0.55, 'TRAP_SWAP_DURATION': 20, 'TRAP_SWAP_FIDELITY': 1.0, 'INTERACTION_RADIUS': 2.0, 'RESTRICTION_RADIUS': 4.0, 'TRAP_TRANSFER_PROXIMITY': 1e-05, 'AOD_BEAM_PROXIMITY': 0.001}"
849,uuf75-03.cnf,75,325,21,0.5429737567901611,42115.52571395428,1.0943156922299496e-07,2641,966,424,0.985,"{'U3_GATE_FIDELITY': 0.999, 'U3_GATE_DURATION': 0.5, 'CZ_GATE_FIDELITY': 0.995, 'CZ_GATE_DURATION': 0.2, 'CCZ_GATE_FIDELITY': 0.985, 'CCZ_GATE_DURATION': 1, 'QUBIT_DECAY': 100000000.0, 'QUBIT_DEPHASING': 1500000.0, 'SHUTTLING_FIDELITY': 1.0, 'SHUTTLING_SPEED': 0.55, 'TRAP_SWAP_DURATION': 20, 'TRAP_SWAP_FIDELITY': 1.0, 'INTERACTION_RADIUS': 2.0, 'RESTRICTION_RADIUS': 4.0, 'TRAP_TRANSFER_PROXIMITY': 1e-05, 'AOD_BEAM_PROXIMITY': 0.001}"
850,uuf75-03.cnf,75,325,21,0.5429737567901611,42115.52571395428,3.2056279680912027e-07,2641,966,424,0.9875,"{'U3_GATE_FIDELITY': 0.999, 'U3_GATE_DURATION': 0.5, 'CZ_GATE_FIDELITY': 0.995, 'CZ_GATE_DURATION': 0.2, 'CCZ_GATE_FIDELITY': 0.9875, 'CCZ_GATE_DURATION': 1, 'QUBIT_DECAY': 100000000.0, 'QUBIT_DEPHASING': 1500000.0, 'SHUTTLING_FIDELITY': 1.0, 'SHUTTLING_SPEED': 0.55, 'TRAP_SWAP_DURATION': 20, 'TRAP_SWAP_FIDELITY': 1.0, 'INTERACTION_RADIUS': 2.0, 'RESTRICTION_RADIUS': 4.0, 'TRAP_TRANSFER_PROXIMITY': 1e-05, 'AOD_BEAM_PROXIMITY': 0.001}"
851,uuf75-03.cnf,75,325,21,0.5429737567901611,42115.52571395428,9.364905629275999e-07,2641,966,424,0.99,"{'U3_GATE_FIDELITY': 0.999, 'U3_GATE_DURATION': 0.5, 'CZ_GATE_FIDELITY': 0.995, 'CZ_GATE_DURATION': 0.2, 'CCZ_GATE_FIDELITY': 0.99, 'CCZ_GATE_DURATION': 1, 'QUBIT_DECAY': 100000000.0, 'QUBIT_DEPHASING': 1500000.0, 'SHUTTLING_FIDELITY': 1.0, 'SHUTTLING_SPEED': 0.55, 'TRAP_SWAP_DURATION': 20, 'TRAP_SWAP_FIDELITY': 1.0, 'INTERACTION_RADIUS': 2.0, 'RESTRICTION_RADIUS': 4.0, 'TRAP_TRANSFER_PROXIMITY': 1e-05, 'AOD_BEAM_PROXIMITY': 0.001}"
852,uuf75-03.cnf,75,325,21,0.5429737567901611,42115.52571395428,2.728471617517859e-06,2641,966,424,0.9925,"{'U3_GATE_FIDELITY': 0.999, 'U3_GATE_DURATION': 0.5, 'CZ_GATE_FIDELITY': 0.995, 'CZ_GATE_DURATION': 0.2, 'CCZ_GATE_FIDELITY': 0.9925, 'CCZ_GATE_DURATION': 1, 'QUBIT_DECAY': 100000000.0, 'QUBIT_DEPHASING': 1500000.0, 'SHUTTLING_FIDELITY': 1.0, 'SHUTTLING_SPEED': 0.55, 'TRAP_SWAP_DURATION': 20, 'TRAP_SWAP_FIDELITY': 1.0, 'INTERACTION_RADIUS': 2.0, 'RESTRICTION_RADIUS': 4.0, 'TRAP_TRANSFER_PROXIMITY': 1e-05, 'AOD_BEAM_PROXIMITY': 0.001}"
853,uuf75-03.cnf,75,325,21,0.5429737567901611,42115.52571395428,7.928063722079926e-06,2641,966,424,0.995,"{'U3_GATE_FIDELITY': 0.999, 'U3_GATE_DURATION': 0.5, 'CZ_GATE_FIDELITY': 0.995, 'CZ_GATE_DURATION': 0.2, 'CCZ_GATE_FIDELITY': 0.995, 'CCZ_GATE_DURATION': 1, 'QUBIT_DECAY': 100000000.0, 'QUBIT_DEPHASING': 1500000.0, 'SHUTTLING_FIDELITY': 1.0, 'SHUTTLING_SPEED': 0.55, 'TRAP_SWAP_DURATION': 20, 'TRAP_SWAP_FIDELITY': 1.0, 'INTERACTION_RADIUS': 2.0, 'RESTRICTION_RADIUS': 4.0, 'TRAP_TRANSFER_PROXIMITY': 1e-05, 'AOD_BEAM_PROXIMITY': 0.001}"
854,uuf75-03.cnf,75,325,21,0.5429737567901611,42115.52571395428,2.2974831985646593e-05,2641,966,424,0.9975,"{'U3_GATE_FIDELITY': 0.999, 'U3_GATE_DURATION': 0.5, 'CZ_GATE_FIDELITY': 0.995, 'CZ_GATE_DURATION': 0.2, 'CCZ_GATE_FIDELITY': 0.9975, 'CCZ_GATE_DURATION': 1, 'QUBIT_DECAY': 100000000.0, 'QUBIT_DEPHASING': 1500000.0, 'SHUTTLING_FIDELITY': 1.0, 'SHUTTLING_SPEED': 0.55, 'TRAP_SWAP_DURATION': 20, 'TRAP_SWAP_FIDELITY': 1.0, 'INTERACTION_RADIUS': 2.0, 'RESTRICTION_RADIUS': 4.0, 'TRAP_TRANSFER_PROXIMITY': 1e-05, 'AOD_BEAM_PROXIMITY': 0.001}"
855,uuf200-03.cnf,200,860,25,2.8194196224212646,150594.55330132577,5.1701529446448e-31,7288,2364,1328,0.9775,"{'U3_GATE_FIDELITY': 0.999, 'U3_GATE_DURATION': 0.5, 'CZ_GATE_FIDELITY': 0.995, 'CZ_GATE_DURATION': 0.2, 'CCZ_GATE_FIDELITY': 0.9775, 'CCZ_GATE_DURATION': 1, 'QUBIT_DECAY': 100000000.0, 'QUBIT_DEPHASING': 1500000.0, 'SHUTTLING_FIDELITY': 1.0, 'SHUTTLING_SPEED': 0.55, 'TRAP_SWAP_DURATION': 20, 'TRAP_SWAP_FIDELITY': 1.0, 'INTERACTION_RADIUS': 2.0, 'RESTRICTION_RADIUS': 4.0, 'TRAP_TRANSFER_PROXIMITY': 1e-05, 'AOD_BEAM_PROXIMITY': 0.001}"
856,uuf200-03.cnf,200,860,25,2.8194196224212646,150594.55330132577,1.536974181398976e-29,7288,2364,1328,0.98,"{'U3_GATE_FIDELITY': 0.999, 'U3_GATE_DURATION': 0.5, 'CZ_GATE_FIDELITY': 0.995, 'CZ_GATE_DURATION': 0.2, 'CCZ_GATE_FIDELITY': 0.98, 'CCZ_GATE_DURATION': 1, 'QUBIT_DECAY': 100000000.0, 'QUBIT_DEPHASING': 1500000.0, 'SHUTTLING_FIDELITY': 1.0, 'SHUTTLING_SPEED': 0.55, 'TRAP_SWAP_DURATION': 20, 'TRAP_SWAP_FIDELITY': 1.0, 'INTERACTION_RADIUS': 2.0, 'RESTRICTION_RADIUS': 4.0, 'TRAP_TRANSFER_PROXIMITY': 1e-05, 'AOD_BEAM_PROXIMITY': 0.001}"
857,uuf200-03.cnf,200,860,25,2.8194196224212646,150594.55330132577,4.52977329965885e-28,7288,2364,1328,0.9825,"{'U3_GATE_FIDELITY': 0.999, 'U3_GATE_DURATION': 0.5, 'CZ_GATE_FIDELITY': 0.995, 'CZ_GATE_DURATION': 0.2, 'CCZ_GATE_FIDELITY': 0.9825, 'CCZ_GATE_DURATION': 1, 'QUBIT_DECAY': 100000000.0, 'QUBIT_DEPHASING': 1500000.0, 'SHUTTLING_FIDELITY': 1.0, 'SHUTTLING_SPEED': 0.55, 'TRAP_SWAP_DURATION': 20, 'TRAP_SWAP_FIDELITY': 1.0, 'INTERACTION_RADIUS': 2.0, 'RESTRICTION_RADIUS': 4.0, 'TRAP_TRANSFER_PROXIMITY': 1e-05, 'AOD_BEAM_PROXIMITY': 0.001}"
858,uuf200-03.cnf,200,860,25,2.8194196224212646,150594.55330132577,1.323585964938966e-26,7288,2364,1328,0.985,"{'U3_GATE_FIDELITY': 0.999, 'U3_GATE_DURATION': 0.5, 'CZ_GATE_FIDELITY': 0.995, 'CZ_GATE_DURATION': 0.2, 'CCZ_GATE_FIDELITY': 0.985, 'CCZ_GATE_DURATION': 1, 'QUBIT_DECAY': 100000000.0, 'QUBIT_DEPHASING': 1500000.0, 'SHUTTLING_FIDELITY': 1.0, 'SHUTTLING_SPEED': 0.55, 'TRAP_SWAP_DURATION': 20, 'TRAP_SWAP_FIDELITY': 1.0, 'INTERACTION_RADIUS': 2.0, 'RESTRICTION_RADIUS': 4.0, 'TRAP_TRANSFER_PROXIMITY': 1e-05, 'AOD_BEAM_PROXIMITY': 0.001}"
859,uuf200-03.cnf,200,860,25,2.8194196224212646,150594.55330132577,3.8345337173794194e-25,7288,2364,1328,0.9875,"{'U3_GATE_FIDELITY': 0.999, 'U3_GATE_DURATION': 0.5, 'CZ_GATE_FIDELITY': 0.995, 'CZ_GATE_DURATION': 0.2, 'CCZ_GATE_FIDELITY': 0.9875, 'CCZ_GATE_DURATION': 1, 'QUBIT_DECAY': 100000000.0, 'QUBIT_DEPHASING': 1500000.0, 'SHUTTLING_FIDELITY': 1.0, 'SHUTTLING_SPEED': 0.55, 'TRAP_SWAP_DURATION': 20, 'TRAP_SWAP_FIDELITY': 1.0, 'INTERACTION_RADIUS': 2.0, 'RESTRICTION_RADIUS': 4.0, 'TRAP_TRANSFER_PROXIMITY': 1e-05, 'AOD_BEAM_PROXIMITY': 0.001}"
860,uuf200-03.cnf,200,860,25,2.8194196224212646,150594.55330132577,1.1014796503697617e-23,7288,2364,1328,0.99,"{'U3_GATE_FIDELITY': 0.999, 'U3_GATE_DURATION': 0.5, 'CZ_GATE_FIDELITY': 0.995, 'CZ_GATE_DURATION': 0.2, 'CCZ_GATE_FIDELITY': 0.99, 'CCZ_GATE_DURATION': 1, 'QUBIT_DECAY': 100000000.0, 'QUBIT_DEPHASING': 1500000.0, 'SHUTTLING_FIDELITY': 1.0, 'SHUTTLING_SPEED': 0.55, 'TRAP_SWAP_DURATION': 20, 'TRAP_SWAP_FIDELITY': 1.0, 'INTERACTION_RADIUS': 2.0, 'RESTRICTION_RADIUS': 4.0, 'TRAP_TRANSFER_PROXIMITY': 1e-05, 'AOD_BEAM_PROXIMITY': 0.001}"
861,uuf200-03.cnf,200,860,25,2.8194196224212646,150594.55330132577,3.13734696214584e-22,7288,2364,1328,0.9925,"{'U3_GATE_FIDELITY': 0.999, 'U3_GATE_DURATION': 0.5, 'CZ_GATE_FIDELITY': 0.995, 'CZ_GATE_DURATION': 0.2, 'CCZ_GATE_FIDELITY': 0.9925, 'CCZ_GATE_DURATION': 1, 'QUBIT_DECAY': 100000000.0, 'QUBIT_DEPHASING': 1500000.0, 'SHUTTLING_FIDELITY': 1.0, 'SHUTTLING_SPEED': 0.55, 'TRAP_SWAP_DURATION': 20, 'TRAP_SWAP_FIDELITY': 1.0, 'INTERACTION_RADIUS': 2.0, 'RESTRICTION_RADIUS': 4.0, 'TRAP_TRANSFER_PROXIMITY': 1e-05, 'AOD_BEAM_PROXIMITY': 0.001}"
862,uuf200-03.cnf,200,860,25,2.8194196224212646,150594.55330132577,8.861133565943913e-21,7288,2364,1328,0.995,"{'U3_GATE_FIDELITY': 0.999, 'U3_GATE_DURATION': 0.5, 'CZ_GATE_FIDELITY': 0.995, 'CZ_GATE_DURATION': 0.2, 'CCZ_GATE_FIDELITY': 0.995, 'CCZ_GATE_DURATION': 1, 'QUBIT_DECAY': 100000000.0, 'QUBIT_DEPHASING': 1500000.0, 'SHUTTLING_FIDELITY': 1.0, 'SHUTTLING_SPEED': 0.55, 'TRAP_SWAP_DURATION': 20, 'TRAP_SWAP_FIDELITY': 1.0, 'INTERACTION_RADIUS': 2.0, 'RESTRICTION_RADIUS': 4.0, 'TRAP_TRANSFER_PROXIMITY': 1e-05, 'AOD_BEAM_PROXIMITY': 0.001}"
863,uuf200-03.cnf,200,860,25,2.8194196224212646,150594.55330132577,2.481847206946049e-19,7288,2364,1328,0.9975,"{'U3_GATE_FIDELITY': 0.999, 'U3_GATE_DURATION': 0.5, 'CZ_GATE_FIDELITY': 0.995, 'CZ_GATE_DURATION': 0.2, 'CCZ_GATE_FIDELITY': 0.9975, 'CCZ_GATE_DURATION': 1, 'QUBIT_DECAY': 100000000.0, 'QUBIT_DEPHASING': 1500000.0, 'SHUTTLING_FIDELITY': 1.0, 'SHUTTLING_SPEED': 0.55, 'TRAP_SWAP_DURATION': 20, 'TRAP_SWAP_FIDELITY': 1.0, 'INTERACTION_RADIUS': 2.0, 'RESTRICTION_RADIUS': 4.0, 'TRAP_TRANSFER_PROXIMITY': 1e-05, 'AOD_BEAM_PROXIMITY': 0.001}"
864,uuf100-03.cnf,100,430,21,0.6476171016693115,62040.995298039226,9.14693248340188e-13,3523,1266,600,0.9775,"{'U3_GATE_FIDELITY': 0.999, 'U3_GATE_DURATION': 0.5, 'CZ_GATE_FIDELITY': 0.995, 'CZ_GATE_DURATION': 0.2, 'CCZ_GATE_FIDELITY': 0.9775, 'CCZ_GATE_DURATION': 1, 'QUBIT_DECAY': 100000000.0, 'QUBIT_DEPHASING': 1500000.0, 'SHUTTLING_FIDELITY': 1.0, 'SHUTTLING_SPEED': 0.55, 'TRAP_SWAP_DURATION': 20, 'TRAP_SWAP_FIDELITY': 1.0, 'INTERACTION_RADIUS': 2.0, 'RESTRICTION_RADIUS': 4.0, 'TRAP_TRANSFER_PROXIMITY': 1e-05, 'AOD_BEAM_PROXIMITY': 0.001}"
865,uuf100-03.cnf,100,430,21,0.6476171016693115,62040.995298039226,4.235076388754681e-12,3523,1266,600,0.98,"{'U3_GATE_FIDELITY': 0.999, 'U3_GATE_DURATION': 0.5, 'CZ_GATE_FIDELITY': 0.995, 'CZ_GATE_DURATION': 0.2, 'CCZ_GATE_FIDELITY': 0.98, 'CCZ_GATE_DURATION': 1, 'QUBIT_DECAY': 100000000.0, 'QUBIT_DEPHASING': 1500000.0, 'SHUTTLING_FIDELITY': 1.0, 'SHUTTLING_SPEED': 0.55, 'TRAP_SWAP_DURATION': 20, 'TRAP_SWAP_FIDELITY': 1.0, 'INTERACTION_RADIUS': 2.0, 'RESTRICTION_RADIUS': 4.0, 'TRAP_TRANSFER_PROXIMITY': 1e-05, 'AOD_BEAM_PROXIMITY': 0.001}"
866,uuf100-03.cnf,100,430,21,0.6476171016693115,62040.995298039226,1.9532204432894985e-11,3523,1266,600,0.9825,"{'U3_GATE_FIDELITY': 0.999, 'U3_GATE_DURATION': 0.5, 'CZ_GATE_FIDELITY': 0.995, 'CZ_GATE_DURATION': 0.2, 'CCZ_GATE_FIDELITY': 0.9825, 'CCZ_GATE_DURATION': 1, 'QUBIT_DECAY': 100000000.0, 'QUBIT_DEPHASING': 1500000.0, 'SHUTTLING_FIDELITY': 1.0, 'SHUTTLING_SPEED': 0.55, 'TRAP_SWAP_DURATION': 20, 'TRAP_SWAP_FIDELITY': 1.0, 'INTERACTION_RADIUS': 2.0, 'RESTRICTION_RADIUS': 4.0, 'TRAP_TRANSFER_PROXIMITY': 1e-05, 'AOD_BEAM_PROXIMITY': 0.001}"
867,uuf100-03.cnf,100,430,21,0.6476171016693115,62040.995298039226,8.973340160319726e-11,3523,1266,600,0.985,"{'U3_GATE_FIDELITY': 0.999, 'U3_GATE_DURATION': 0.5, 'CZ_GATE_FIDELITY': 0.995, 'CZ_GATE_DURATION': 0.2, 'CCZ_GATE_FIDELITY': 0.985, 'CCZ_GATE_DURATION': 1, 'QUBIT_DECAY': 100000000.0, 'QUBIT_DEPHASING': 1500000.0, 'SHUTTLING_FIDELITY': 1.0, 'SHUTTLING_SPEED': 0.55, 'TRAP_SWAP_DURATION': 20, 'TRAP_SWAP_FIDELITY': 1.0, 'INTERACTION_RADIUS': 2.0, 'RESTRICTION_RADIUS': 4.0, 'TRAP_TRANSFER_PROXIMITY': 1e-05, 'AOD_BEAM_PROXIMITY': 0.001}"
868,uuf100-03.cnf,100,430,21,0.6476171016693115,62040.995298039226,4.1065622617348566e-10,3523,1266,600,0.9875,"{'U3_GATE_FIDELITY': 0.999, 'U3_GATE_DURATION': 0.5, 'CZ_GATE_FIDELITY': 0.995, 'CZ_GATE_DURATION': 0.2, 'CCZ_GATE_FIDELITY': 0.9875, 'CCZ_GATE_DURATION': 1, 'QUBIT_DECAY': 100000000.0, 'QUBIT_DEPHASING': 1500000.0, 'SHUTTLING_FIDELITY': 1.0, 'SHUTTLING_SPEED': 0.55, 'TRAP_SWAP_DURATION': 20, 'TRAP_SWAP_FIDELITY': 1.0, 'INTERACTION_RADIUS': 2.0, 'RESTRICTION_RADIUS': 4.0, 'TRAP_TRANSFER_PROXIMITY': 1e-05, 'AOD_BEAM_PROXIMITY': 0.001}"
869,uuf100-03.cnf,100,430,21,0.6476171016693115,62040.995298039226,1.872115294041672e-09,3523,1266,600,0.99,"{'U3_GATE_FIDELITY': 0.999, 'U3_GATE_DURATION': 0.5, 'CZ_GATE_FIDELITY': 0.995, 'CZ_GATE_DURATION': 0.2, 'CCZ_GATE_FIDELITY': 0.99, 'CCZ_GATE_DURATION': 1, 'QUBIT_DECAY': 100000000.0, 'QUBIT_DEPHASING': 1500000.0, 'SHUTTLING_FIDELITY': 1.0, 'SHUTTLING_SPEED': 0.55, 'TRAP_SWAP_DURATION': 20, 'TRAP_SWAP_FIDELITY': 1.0, 'INTERACTION_RADIUS': 2.0, 'RESTRICTION_RADIUS': 4.0, 'TRAP_TRANSFER_PROXIMITY': 1e-05, 'AOD_BEAM_PROXIMITY': 0.001}"
870,uuf100-03.cnf,100,430,21,0.6476171016693115,62040.995298039226,8.502078172387119e-09,3523,1266,600,0.9925,"{'U3_GATE_FIDELITY': 0.999, 'U3_GATE_DURATION': 0.5, 'CZ_GATE_FIDELITY': 0.995, 'CZ_GATE_DURATION': 0.2, 'CCZ_GATE_FIDELITY': 0.9925, 'CCZ_GATE_DURATION': 1, 'QUBIT_DECAY': 100000000.0, 'QUBIT_DEPHASING': 1500000.0, 'SHUTTLING_FIDELITY': 1.0, 'SHUTTLING_SPEED': 0.55, 'TRAP_SWAP_DURATION': 20, 'TRAP_SWAP_FIDELITY': 1.0, 'INTERACTION_RADIUS': 2.0, 'RESTRICTION_RADIUS': 4.0, 'TRAP_TRANSFER_PROXIMITY': 1e-05, 'AOD_BEAM_PROXIMITY': 0.001}"
871,uuf100-03.cnf,100,430,21,0.6476171016693115,62040.995298039226,3.8464870985520365e-08,3523,1266,600,0.995,"{'U3_GATE_FIDELITY': 0.999, 'U3_GATE_DURATION': 0.5, 'CZ_GATE_FIDELITY': 0.995, 'CZ_GATE_DURATION': 0.2, 'CCZ_GATE_FIDELITY': 0.995, 'CCZ_GATE_DURATION': 1, 'QUBIT_DECAY': 100000000.0, 'QUBIT_DEPHASING': 1500000.0, 'SHUTTLING_FIDELITY': 1.0, 'SHUTTLING_SPEED': 0.55, 'TRAP_SWAP_DURATION': 20, 'TRAP_SWAP_FIDELITY': 1.0, 'INTERACTION_RADIUS': 2.0, 'RESTRICTION_RADIUS': 4.0, 'TRAP_TRANSFER_PROXIMITY': 1e-05, 'AOD_BEAM_PROXIMITY': 0.001}"
872,uuf100-03.cnf,100,430,21,0.6476171016693115,62040.995298039226,1.7336381203034162e-07,3523,1266,600,0.9975,"{'U3_GATE_FIDELITY': 0.999, 'U3_GATE_DURATION': 0.5, 'CZ_GATE_FIDELITY': 0.995, 'CZ_GATE_DURATION': 0.2, 'CCZ_GATE_FIDELITY': 0.9975, 'CCZ_GATE_DURATION': 1, 'QUBIT_DECAY': 100000000.0, 'QUBIT_DEPHASING': 1500000.0, 'SHUTTLING_FIDELITY': 1.0, 'SHUTTLING_SPEED': 0.55, 'TRAP_SWAP_DURATION': 20, 'TRAP_SWAP_FIDELITY': 1.0, 'INTERACTION_RADIUS': 2.0, 'RESTRICTION_RADIUS': 4.0, 'TRAP_TRANSFER_PROXIMITY': 1e-05, 'AOD_BEAM_PROXIMITY': 0.001}"
873,uuf125-03.cnf,125,538,26,1.300823450088501,84470.0531964437,5.940078577363007e-17,4509,1488,802,0.9775,"{'U3_GATE_FIDELITY': 0.999, 'U3_GATE_DURATION': 0.5, 'CZ_GATE_FIDELITY': 0.995, 'CZ_GATE_DURATION': 0.2, 'CCZ_GATE_FIDELITY': 0.9775, 'CCZ_GATE_DURATION': 1, 'QUBIT_DECAY': 100000000.0, 'QUBIT_DEPHASING': 1500000.0, 'SHUTTLING_FIDELITY': 1.0, 'SHUTTLING_SPEED': 0.55, 'TRAP_SWAP_DURATION': 20, 'TRAP_SWAP_FIDELITY': 1.0, 'INTERACTION_RADIUS': 2.0, 'RESTRICTION_RADIUS': 4.0, 'TRAP_TRANSFER_PROXIMITY': 1e-05, 'AOD_BEAM_PROXIMITY': 0.001}"
874,uuf125-03.cnf,125,538,26,1.300823450088501,84470.0531964437,4.60742748741782e-16,4509,1488,802,0.98,"{'U3_GATE_FIDELITY': 0.999, 'U3_GATE_DURATION': 0.5, 'CZ_GATE_FIDELITY': 0.995, 'CZ_GATE_DURATION': 0.2, 'CCZ_GATE_FIDELITY': 0.98, 'CCZ_GATE_DURATION': 1, 'QUBIT_DECAY': 100000000.0, 'QUBIT_DEPHASING': 1500000.0, 'SHUTTLING_FIDELITY': 1.0, 'SHUTTLING_SPEED': 0.55, 'TRAP_SWAP_DURATION': 20, 'TRAP_SWAP_FIDELITY': 1.0, 'INTERACTION_RADIUS': 2.0, 'RESTRICTION_RADIUS': 4.0, 'TRAP_TRANSFER_PROXIMITY': 1e-05, 'AOD_BEAM_PROXIMITY': 0.001}"
875,uuf125-03.cnf,125,538,26,1.300823450088501,84470.0531964437,3.555151885074496e-15,4509,1488,802,0.9825,"{'U3_GATE_FIDELITY': 0.999, 'U3_GATE_DURATION': 0.5, 'CZ_GATE_FIDELITY': 0.995, 'CZ_GATE_DURATION': 0.2, 'CCZ_GATE_FIDELITY': 0.9825, 'CCZ_GATE_DURATION': 1, 'QUBIT_DECAY': 100000000.0, 'QUBIT_DEPHASING': 1500000.0, 'SHUTTLING_FIDELITY': 1.0, 'SHUTTLING_SPEED': 0.55, 'TRAP_SWAP_DURATION': 20, 'TRAP_SWAP_FIDELITY': 1.0, 'INTERACTION_RADIUS': 2.0, 'RESTRICTION_RADIUS': 4.0, 'TRAP_TRANSFER_PROXIMITY': 1e-05, 'AOD_BEAM_PROXIMITY': 0.001}"
876,uuf125-03.cnf,125,538,26,1.300823450088501,84470.0531964437,2.7289945140893508e-14,4509,1488,802,0.985,"{'U3_GATE_FIDELITY': 0.999, 'U3_GATE_DURATION': 0.5, 'CZ_GATE_FIDELITY': 0.995, 'CZ_GATE_DURATION': 0.2, 'CCZ_GATE_FIDELITY': 0.985, 'CCZ_GATE_DURATION': 1, 'QUBIT_DECAY': 100000000.0, 'QUBIT_DEPHASING': 1500000.0, 'SHUTTLING_FIDELITY': 1.0, 'SHUTTLING_SPEED': 0.55, 'TRAP_SWAP_DURATION': 20, 'TRAP_SWAP_FIDELITY': 1.0, 'INTERACTION_RADIUS': 2.0, 'RESTRICTION_RADIUS': 4.0, 'TRAP_TRANSFER_PROXIMITY': 1e-05, 'AOD_BEAM_PROXIMITY': 0.001}"
877,uuf125-03.cnf,125,538,26,1.300823450088501,84470.0531964437,2.0840275264216247e-13,4509,1488,802,0.9875,"{'U3_GATE_FIDELITY': 0.999, 'U3_GATE_DURATION': 0.5, 'CZ_GATE_FIDELITY': 0.995, 'CZ_GATE_DURATION': 0.2, 'CCZ_GATE_FIDELITY': 0.9875, 'CCZ_GATE_DURATION': 1, 'QUBIT_DECAY': 100000000.0, 'QUBIT_DEPHASING': 1500000.0, 'SHUTTLING_FIDELITY': 1.0, 'SHUTTLING_SPEED': 0.55, 'TRAP_SWAP_DURATION': 20, 'TRAP_SWAP_FIDELITY': 1.0, 'INTERACTION_RADIUS': 2.0, 'RESTRICTION_RADIUS': 4.0, 'TRAP_TRANSFER_PROXIMITY': 1e-05, 'AOD_BEAM_PROXIMITY': 0.001}"
878,uuf125-03.cnf,125,538,26,1.300823450088501,84470.0531964437,1.5833315683620886e-12,4509,1488,802,0.99,"{'U3_GATE_FIDELITY': 0.999, 'U3_GATE_DURATION': 0.5, 'CZ_GATE_FIDELITY': 0.995, 'CZ_GATE_DURATION': 0.2, 'CCZ_GATE_FIDELITY': 0.99, 'CCZ_GATE_DURATION': 1, 'QUBIT_DECAY': 100000000.0, 'QUBIT_DEPHASING': 1500000.0, 'SHUTTLING_FIDELITY': 1.0, 'SHUTTLING_SPEED': 0.55, 'TRAP_SWAP_DURATION': 20, 'TRAP_SWAP_FIDELITY': 1.0, 'INTERACTION_RADIUS': 2.0, 'RESTRICTION_RADIUS': 4.0, 'TRAP_TRANSFER_PROXIMITY': 1e-05, 'AOD_BEAM_PROXIMITY': 0.001}"
879,uuf125-03.cnf,125,538,26,1.300823450088501,84470.0531964437,1.1967933918396233e-11,4509,1488,802,0.9925,"{'U3_GATE_FIDELITY': 0.999, 'U3_GATE_DURATION': 0.5, 'CZ_GATE_FIDELITY': 0.995, 'CZ_GATE_DURATION': 0.2, 'CCZ_GATE_FIDELITY': 0.9925, 'CCZ_GATE_DURATION': 1, 'QUBIT_DECAY': 100000000.0, 'QUBIT_DEPHASING': 1500000.0, 'SHUTTLING_FIDELITY': 1.0, 'SHUTTLING_SPEED': 0.55, 'TRAP_SWAP_DURATION': 20, 'TRAP_SWAP_FIDELITY': 1.0, 'INTERACTION_RADIUS': 2.0, 'RESTRICTION_RADIUS': 4.0, 'TRAP_TRANSFER_PROXIMITY': 1e-05, 'AOD_BEAM_PROXIMITY': 0.001}"
880,uuf125-03.cnf,125,538,26,1.300823450088501,84470.0531964437,9.000291211901952e-11,4509,1488,802,0.995,"{'U3_GATE_FIDELITY': 0.999, 'U3_GATE_DURATION': 0.5, 'CZ_GATE_FIDELITY': 0.995, 'CZ_GATE_DURATION': 0.2, 'CCZ_GATE_FIDELITY': 0.995, 'CCZ_GATE_DURATION': 1, 'QUBIT_DECAY': 100000000.0, 'QUBIT_DEPHASING': 1500000.0, 'SHUTTLING_FIDELITY': 1.0, 'SHUTTLING_SPEED': 0.55, 'TRAP_SWAP_DURATION': 20, 'TRAP_SWAP_FIDELITY': 1.0, 'INTERACTION_RADIUS': 2.0, 'RESTRICTION_RADIUS': 4.0, 'TRAP_TRANSFER_PROXIMITY': 1e-05, 'AOD_BEAM_PROXIMITY': 0.001}"
881,uuf125-03.cnf,125,538,26,1.300823450088501,84470.0531964437,6.734340934277952e-10,4509,1488,802,0.9975,"{'U3_GATE_FIDELITY': 0.999, 'U3_GATE_DURATION': 0.5, 'CZ_GATE_FIDELITY': 0.995, 'CZ_GATE_DURATION': 0.2, 'CCZ_GATE_FIDELITY': 0.9975, 'CCZ_GATE_DURATION': 1, 'QUBIT_DECAY': 100000000.0, 'QUBIT_DEPHASING': 1500000.0, 'SHUTTLING_FIDELITY': 1.0, 'SHUTTLING_SPEED': 0.55, 'TRAP_SWAP_DURATION': 20, 'TRAP_SWAP_FIDELITY': 1.0, 'INTERACTION_RADIUS': 2.0, 'RESTRICTION_RADIUS': 4.0, 'TRAP_TRANSFER_PROXIMITY': 1e-05, 'AOD_BEAM_PROXIMITY': 0.001}"
882,uuf50-08.cnf,50,218,22,0.20601320266723633,27326.308715434447,4.59924091954578e-06,1720,644,282,0.9775,"{'U3_GATE_FIDELITY': 0.999, 'U3_GATE_DURATION': 0.5, 'CZ_GATE_FIDELITY': 0.995, 'CZ_GATE_DURATION': 0.2, 'CCZ_GATE_FIDELITY': 0.9775, 'CCZ_GATE_DURATION': 1, 'QUBIT_DECAY': 100000000.0, 'QUBIT_DEPHASING': 1500000.0, 'SHUTTLING_FIDELITY': 1.0, 'SHUTTLING_SPEED': 0.55, 'TRAP_SWAP_DURATION': 20, 'TRAP_SWAP_FIDELITY': 1.0, 'INTERACTION_RADIUS': 2.0, 'RESTRICTION_RADIUS': 4.0, 'TRAP_TRANSFER_PROXIMITY': 1e-05, 'AOD_BEAM_PROXIMITY': 0.001}"
883,uuf50-08.cnf,50,218,22,0.20601320266723633,27326.308715434447,9.451733628441506e-06,1720,644,282,0.98,"{'U3_GATE_FIDELITY': 0.999, 'U3_GATE_DURATION': 0.5, 'CZ_GATE_FIDELITY': 0.995, 'CZ_GATE_DURATION': 0.2, 'CCZ_GATE_FIDELITY': 0.98, 'CCZ_GATE_DURATION': 1, 'QUBIT_DECAY': 100000000.0, 'QUBIT_DEPHASING': 1500000.0, 'SHUTTLING_FIDELITY': 1.0, 'SHUTTLING_SPEED': 0.55, 'TRAP_SWAP_DURATION': 20, 'TRAP_SWAP_FIDELITY': 1.0, 'INTERACTION_RADIUS': 2.0, 'RESTRICTION_RADIUS': 4.0, 'TRAP_TRANSFER_PROXIMITY': 1e-05, 'AOD_BEAM_PROXIMITY': 0.001}"
884,uuf50-08.cnf,50,218,22,0.20601320266723633,27326.308715434447,1.938830217719898e-05,1720,644,282,0.9825,"{'U3_GATE_FIDELITY': 0.999, 'U3_GATE_DURATION': 0.5, 'CZ_GATE_FIDELITY': 0.995, 'CZ_GATE_DURATION': 0.2, 'CCZ_GATE_FIDELITY': 0.9825, 'CCZ_GATE_DURATION': 1, 'QUBIT_DECAY': 100000000.0, 'QUBIT_DEPHASING': 1500000.0, 'SHUTTLING_FIDELITY': 1.0, 'SHUTTLING_SPEED': 0.55, 'TRAP_SWAP_DURATION': 20, 'TRAP_SWAP_FIDELITY': 1.0, 'INTERACTION_RADIUS': 2.0, 'RESTRICTION_RADIUS': 4.0, 'TRAP_TRANSFER_PROXIMITY': 1e-05, 'AOD_BEAM_PROXIMITY': 0.001}"
885,uuf50-08.cnf,50,218,22,0.20601320266723633,27326.308715434447,3.9698594281202074e-05,1720,644,282,0.985,"{'U3_GATE_FIDELITY': 0.999, 'U3_GATE_DURATION': 0.5, 'CZ_GATE_FIDELITY': 0.995, 'CZ_GATE_DURATION': 0.2, 'CCZ_GATE_FIDELITY': 0.985, 'CCZ_GATE_DURATION': 1, 'QUBIT_DECAY': 100000000.0, 'QUBIT_DEPHASING': 1500000.0, 'SHUTTLING_FIDELITY': 1.0, 'SHUTTLING_SPEED': 0.55, 'TRAP_SWAP_DURATION': 20, 'TRAP_SWAP_FIDELITY': 1.0, 'INTERACTION_RADIUS': 2.0, 'RESTRICTION_RADIUS': 4.0, 'TRAP_TRANSFER_PROXIMITY': 1e-05, 'AOD_BEAM_PROXIMITY': 0.001}"
886,uuf50-08.cnf,50,218,22,0.20601320266723633,27326.308715434447,8.113748476820054e-05,1720,644,282,0.9875,"{'U3_GATE_FIDELITY': 0.999, 'U3_GATE_DURATION': 0.5, 'CZ_GATE_FIDELITY': 0.995, 'CZ_GATE_DURATION': 0.2, 'CCZ_GATE_FIDELITY': 0.9875, 'CCZ_GATE_DURATION': 1, 'QUBIT_DECAY': 100000000.0, 'QUBIT_DEPHASING': 1500000.0, 'SHUTTLING_FIDELITY': 1.0, 'SHUTTLING_SPEED': 0.55, 'TRAP_SWAP_DURATION': 20, 'TRAP_SWAP_FIDELITY': 1.0, 'INTERACTION_RADIUS': 2.0, 'RESTRICTION_RADIUS': 4.0, 'TRAP_TRANSFER_PROXIMITY': 1e-05, 'AOD_BEAM_PROXIMITY': 0.001}"
887,uuf50-08.cnf,50,218,22,0.20601320266723633,27326.308715434447,0.00016553239738940881,1720,644,282,0.99,"{'U3_GATE_FIDELITY': 0.999, 'U3_GATE_DURATION': 0.5, 'CZ_GATE_FIDELITY': 0.995, 'CZ_GATE_DURATION': 0.2, 'CCZ_GATE_FIDELITY': 0.99, 'CCZ_GATE_DURATION': 1, 'QUBIT_DECAY': 100000000.0, 'QUBIT_DEPHASING': 1500000.0, 'SHUTTLING_FIDELITY': 1.0, 'SHUTTLING_SPEED': 0.55, 'TRAP_SWAP_DURATION': 20, 'TRAP_SWAP_FIDELITY': 1.0, 'INTERACTION_RADIUS': 2.0, 'RESTRICTION_RADIUS': 4.0, 'TRAP_TRANSFER_PROXIMITY': 1e-05, 'AOD_BEAM_PROXIMITY': 0.001}"
888,uuf50-08.cnf,50,218,22,0.20601320266723633,27326.308715434447,0.0003371036703859034,1720,644,282,0.9925,"{'U3_GATE_FIDELITY': 0.999, 'U3_GATE_DURATION': 0.5, 'CZ_GATE_FIDELITY': 0.995, 'CZ_GATE_DURATION': 0.2, 'CCZ_GATE_FIDELITY': 0.9925, 'CCZ_GATE_DURATION': 1, 'QUBIT_DECAY': 100000000.0, 'QUBIT_DEPHASING': 1500000.0, 'SHUTTLING_FIDELITY': 1.0, 'SHUTTLING_SPEED': 0.55, 'TRAP_SWAP_DURATION': 20, 'TRAP_SWAP_FIDELITY': 1.0, 'INTERACTION_RADIUS': 2.0, 'RESTRICTION_RADIUS': 4.0, 'TRAP_TRANSFER_PROXIMITY': 1e-05, 'AOD_BEAM_PROXIMITY': 0.001}"
889,uuf50-08.cnf,50,218,22,0.20601320266723633,27326.308715434447,0.0006852781722642774,1720,644,282,0.995,"{'U3_GATE_FIDELITY': 0.999, 'U3_GATE_DURATION': 0.5, 'CZ_GATE_FIDELITY': 0.995, 'CZ_GATE_DURATION': 0.2, 'CCZ_GATE_FIDELITY': 0.995, 'CCZ_GATE_DURATION': 1, 'QUBIT_DECAY': 100000000.0, 'QUBIT_DEPHASING': 1500000.0, 'SHUTTLING_FIDELITY': 1.0, 'SHUTTLING_SPEED': 0.55, 'TRAP_SWAP_DURATION': 20, 'TRAP_SWAP_FIDELITY': 1.0, 'INTERACTION_RADIUS': 2.0, 'RESTRICTION_RADIUS': 4.0, 'TRAP_TRANSFER_PROXIMITY': 1e-05, 'AOD_BEAM_PROXIMITY': 0.001}"
890,uuf50-08.cnf,50,218,22,0.20601320266723633,27326.308715434447,0.0013905837742839938,1720,644,282,0.9975,"{'U3_GATE_FIDELITY': 0.999, 'U3_GATE_DURATION': 0.5, 'CZ_GATE_FIDELITY': 0.995, 'CZ_GATE_DURATION': 0.2, 'CCZ_GATE_FIDELITY': 0.9975, 'CCZ_GATE_DURATION': 1, 'QUBIT_DECAY': 100000000.0, 'QUBIT_DEPHASING': 1500000.0, 'SHUTTLING_FIDELITY': 1.0, 'SHUTTLING_SPEED': 0.55, 'TRAP_SWAP_DURATION': 20, 'TRAP_SWAP_FIDELITY': 1.0, 'INTERACTION_RADIUS': 2.0, 'RESTRICTION_RADIUS': 4.0, 'TRAP_TRANSFER_PROXIMITY': 1e-05, 'AOD_BEAM_PROXIMITY': 0.001}"
891,uf20-08.cnf,20,91,20,0.05479788780212402,10398.43122373687,0.0077782137088763335,674,198,134,0.9775,"{'U3_GATE_FIDELITY': 0.999, 'U3_GATE_DURATION': 0.5, 'CZ_GATE_FIDELITY': 0.995, 'CZ_GATE_DURATION': 0.2, 'CCZ_GATE_FIDELITY': 0.9775, 'CCZ_GATE_DURATION': 1, 'QUBIT_DECAY': 100000000.0, 'QUBIT_DEPHASING': 1500000.0, 'SHUTTLING_FIDELITY': 1.0, 'SHUTTLING_SPEED': 0.55, 'TRAP_SWAP_DURATION': 20, 'TRAP_SWAP_FIDELITY': 1.0, 'INTERACTION_RADIUS': 2.0, 'RESTRICTION_RADIUS': 4.0, 'TRAP_TRANSFER_PROXIMITY': 1e-05, 'AOD_BEAM_PROXIMITY': 0.001}"
892,uf20-08.cnf,20,91,20,0.05479788780212402,10398.43122373687,0.010952855574343117,674,198,134,0.98,"{'U3_GATE_FIDELITY': 0.999, 'U3_GATE_DURATION': 0.5, 'CZ_GATE_FIDELITY': 0.995, 'CZ_GATE_DURATION': 0.2, 'CCZ_GATE_FIDELITY': 0.98, 'CCZ_GATE_DURATION': 1, 'QUBIT_DECAY': 100000000.0, 'QUBIT_DEPHASING': 1500000.0, 'SHUTTLING_FIDELITY': 1.0, 'SHUTTLING_SPEED': 0.55, 'TRAP_SWAP_DURATION': 20, 'TRAP_SWAP_FIDELITY': 1.0, 'INTERACTION_RADIUS': 2.0, 'RESTRICTION_RADIUS': 4.0, 'TRAP_TRANSFER_PROXIMITY': 1e-05, 'AOD_BEAM_PROXIMITY': 0.001}"
893,uf20-08.cnf,20,91,20,0.05479788780212402,10398.43122373687,0.015409769075738699,674,198,134,0.9825,"{'U3_GATE_FIDELITY': 0.999, 'U3_GATE_DURATION': 0.5, 'CZ_GATE_FIDELITY': 0.995, 'CZ_GATE_DURATION': 0.2, 'CCZ_GATE_FIDELITY': 0.9825, 'CCZ_GATE_DURATION': 1, 'QUBIT_DECAY': 100000000.0, 'QUBIT_DEPHASING': 1500000.0, 'SHUTTLING_FIDELITY': 1.0, 'SHUTTLING_SPEED': 0.55, 'TRAP_SWAP_DURATION': 20, 'TRAP_SWAP_FIDELITY': 1.0, 'INTERACTION_RADIUS': 2.0, 'RESTRICTION_RADIUS': 4.0, 'TRAP_TRANSFER_PROXIMITY': 1e-05, 'AOD_BEAM_PROXIMITY': 0.001}"
894,uf20-08.cnf,20,91,20,0.05479788780212402,10398.43122373687,0.021661478946291106,674,198,134,0.985,"{'U3_GATE_FIDELITY': 0.999, 'U3_GATE_DURATION': 0.5, 'CZ_GATE_FIDELITY': 0.995, 'CZ_GATE_DURATION': 0.2, 'CCZ_GATE_FIDELITY': 0.985, 'CCZ_GATE_DURATION': 1, 'QUBIT_DECAY': 100000000.0, 'QUBIT_DEPHASING': 1500000.0, 'SHUTTLING_FIDELITY': 1.0, 'SHUTTLING_SPEED': 0.55, 'TRAP_SWAP_DURATION': 20, 'TRAP_SWAP_FIDELITY': 1.0, 'INTERACTION_RADIUS': 2.0, 'RESTRICTION_RADIUS': 4.0, 'TRAP_TRANSFER_PROXIMITY': 1e-05, 'AOD_BEAM_PROXIMITY': 0.001}"
895,uf20-08.cnf,20,91,20,0.05479788780212402,10398.43122373687,0.0304232211407214,674,198,134,0.9875,"{'U3_GATE_FIDELITY': 0.999, 'U3_GATE_DURATION': 0.5, 'CZ_GATE_FIDELITY': 0.995, 'CZ_GATE_DURATION': 0.2, 'CCZ_GATE_FIDELITY': 0.9875, 'CCZ_GATE_DURATION': 1, 'QUBIT_DECAY': 100000000.0, 'QUBIT_DEPHASING': 1500000.0, 'SHUTTLING_FIDELITY': 1.0, 'SHUTTLING_SPEED': 0.55, 'TRAP_SWAP_DURATION': 20, 'TRAP_SWAP_FIDELITY': 1.0, 'INTERACTION_RADIUS': 2.0, 'RESTRICTION_RADIUS': 4.0, 'TRAP_TRANSFER_PROXIMITY': 1e-05, 'AOD_BEAM_PROXIMITY': 0.001}"
896,uf20-08.cnf,20,91,20,0.05479788780212402,10398.43122373687,0.042692274614451624,674,198,134,0.99,"{'U3_GATE_FIDELITY': 0.999, 'U3_GATE_DURATION': 0.5, 'CZ_GATE_FIDELITY': 0.995, 'CZ_GATE_DURATION': 0.2, 'CCZ_GATE_FIDELITY': 0.99, 'CCZ_GATE_DURATION': 1, 'QUBIT_DECAY': 100000000.0, 'QUBIT_DEPHASING': 1500000.0, 'SHUTTLING_FIDELITY': 1.0, 'SHUTTLING_SPEED': 0.55, 'TRAP_SWAP_DURATION': 20, 'TRAP_SWAP_FIDELITY': 1.0, 'INTERACTION_RADIUS': 2.0, 'RESTRICTION_RADIUS': 4.0, 'TRAP_TRANSFER_PROXIMITY': 1e-05, 'AOD_BEAM_PROXIMITY': 0.001}"
897,uf20-08.cnf,20,91,20,0.05479788780212402,10398.43122373687,0.05985801166618967,674,198,134,0.9925,"{'U3_GATE_FIDELITY': 0.999, 'U3_GATE_DURATION': 0.5, 'CZ_GATE_FIDELITY': 0.995, 'CZ_GATE_DURATION': 0.2, 'CCZ_GATE_FIDELITY': 0.9925, 'CCZ_GATE_DURATION': 1, 'QUBIT_DECAY': 100000000.0, 'QUBIT_DEPHASING': 1500000.0, 'SHUTTLING_FIDELITY': 1.0, 'SHUTTLING_SPEED': 0.55, 'TRAP_SWAP_DURATION': 20, 'TRAP_SWAP_FIDELITY': 1.0, 'INTERACTION_RADIUS': 2.0, 'RESTRICTION_RADIUS': 4.0, 'TRAP_TRANSFER_PROXIMITY': 1e-05, 'AOD_BEAM_PROXIMITY': 0.001}"
898,uf20-08.cnf,20,91,20,0.05479788780212402,10398.43122373687,0.08385443521488345,674,198,134,0.995,"{'U3_GATE_FIDELITY': 0.999, 'U3_GATE_DURATION': 0.5, 'CZ_GATE_FIDELITY': 0.995, 'CZ_GATE_DURATION': 0.2, 'CCZ_GATE_FIDELITY': 0.995, 'CCZ_GATE_DURATION': 1, 'QUBIT_DECAY': 100000000.0, 'QUBIT_DEPHASING': 1500000.0, 'SHUTTLING_FIDELITY': 1.0, 'SHUTTLING_SPEED': 0.55, 'TRAP_SWAP_DURATION': 20, 'TRAP_SWAP_FIDELITY': 1.0, 'INTERACTION_RADIUS': 2.0, 'RESTRICTION_RADIUS': 4.0, 'TRAP_TRANSFER_PROXIMITY': 1e-05, 'AOD_BEAM_PROXIMITY': 0.001}"
899,uf20-08.cnf,20,91,20,0.05479788780212402,10398.43122373687,0.11737143174870299,674,198,134,0.9975,"{'U3_GATE_FIDELITY': 0.999, 'U3_GATE_DURATION': 0.5, 'CZ_GATE_FIDELITY': 0.995, 'CZ_GATE_DURATION': 0.2, 'CCZ_GATE_FIDELITY': 0.9975, 'CCZ_GATE_DURATION': 1, 'QUBIT_DECAY': 100000000.0, 'QUBIT_DEPHASING': 1500000.0, 'SHUTTLING_FIDELITY': 1.0, 'SHUTTLING_SPEED': 0.55, 'TRAP_SWAP_DURATION': 20, 'TRAP_SWAP_FIDELITY': 1.0, 'INTERACTION_RADIUS': 2.0, 'RESTRICTION_RADIUS': 4.0, 'TRAP_TRANSFER_PROXIMITY': 1e-05, 'AOD_BEAM_PROXIMITY': 0.001}"
