{"scheduling": 0.00032019615173339844, "placement": 6.4373016357421875e-06, "routing": 0.032032012939453125, "codegen": 0.2479262351989746, "total": 0.281505823135376}