{"scheduling": 0.0001971721649169922, "placement": 7.3909759521484375e-06, "routing": 0.02314591407775879, "codegen": 0.18642520904541016, "total": 0.21062850952148438}