{"scheduling": 0.00023818016052246094, "placement": 4.5299530029296875e-06, "routing": 0.024677038192749023, "codegen": 0.1799917221069336, "total": 0.20580458641052246}