{"scheduling": 0.00033164024353027344, "placement": 3.5762786865234375e-05, "routing": 0.038623809814453125, "codegen": 0.27720069885253906, "total": 0.31807732582092285}