{"scheduling": 0.0003008842468261719, "placement": 5.7220458984375e-06, "routing": 0.024274826049804688, "codegen": 0.1778106689453125, "total": 0.20329761505126953}