{"scheduling": 0.00018477439880371094, "placement": 4.76837158203125e-06, "routing": 0.026097774505615234, "codegen": 0.19793391227722168, "total": 0.22515630722045898}