{"scheduling": 0.00026917457580566406, "placement": 8.344650268554688e-06, "routing": 0.02786874771118164, "codegen": 0.21387219429016113, "total": 0.24312543869018555}