{"scheduling": 0.00018405914306640625, "placement": 4.76837158203125e-06, "routing": 0.023012399673461914, "codegen": 0.16791391372680664, "total": 0.19194936752319336}