{"scheduling": 0.0002624988555908203, "placement": 5.0067901611328125e-06, "routing": 0.025377988815307617, "codegen": 0.1812152862548828, "total": 0.20782017707824707}