{"scheduling": 0.0002875328063964844, "placement": 5.245208740234375e-06, "routing": 0.02865767478942871, "codegen": 0.21999692916870117, "total": 0.2500030994415283}