{"scheduling": 0.002392292022705078, "placement": 2.002716064453125e-05, "routing": 1.8403499126434326, "codegen": 5.944415092468262, "total": 7.79712438583374}