{"scheduling": 0.002246379852294922, "placement": 2.3126602172851562e-05, "routing": 0.9270377159118652, "codegen": 3.225914716720581, "total": 4.16192626953125}