{"scheduling": 0.0013227462768554688, "placement": 1.5735626220703125e-05, "routing": 0.4996762275695801, "codegen": 2.2499752044677734, "total": 2.756404161453247}