{"scheduling": 0.002492189407348633, "placement": 2.09808349609375e-05, "routing": 1.8188116550445557, "codegen": 6.165364742279053, "total": 7.996735334396362}