{"scheduling": 0.0017001628875732422, "placement": 1.6689300537109375e-05, "routing": 0.6879816055297852, "codegen": 2.3756041526794434, "total": 3.0712716579437256}