{"scheduling": 0.0015773773193359375, "placement": 1.5735626220703125e-05, "routing": 0.6206035614013672, "codegen": 2.1254475116729736, "total": 2.7527894973754883}