{"scheduling": 0.0020492076873779297, "placement": 1.8835067749023438e-05, "routing": 1.2746946811676025, "codegen": 4.440664052963257, "total": 5.725902318954468}