{"scheduling": 0.001963376998901367, "placement": 1.9311904907226562e-05, "routing": 1.0194323062896729, "codegen": 4.569279432296753, "total": 5.599044561386108}