{"scheduling": 0.002441883087158203, "placement": 2.2649765014648438e-05, "routing": 1.6971158981323242, "codegen": 5.925377368927002, "total": 7.63428258895874}