{"scheduling": 0.002997875213623047, "placement": 2.6226043701171875e-05, "routing": 1.8005166053771973, "codegen": 6.112460136413574, "total": 7.926146745681763}