{"scheduling": 0.0021622180938720703, "placement": 1.9073486328125e-05, "routing": 0.8154551982879639, "codegen": 3.2697947025299072, "total": 4.094133377075195}