{"scheduling": 0.0019767284393310547, "placement": 1.7642974853515625e-05, "routing": 0.8958337306976318, "codegen": 3.0655884742736816, "total": 3.9700169563293457}