{"scheduling": 0.001958131790161133, "placement": 2.4318695068359375e-05, "routing": 1.2266099452972412, "codegen": 4.391341209411621, "total": 5.627850770950317}