{"scheduling": 0.002291440963745117, "placement": 2.002716064453125e-05, "routing": 1.0006325244903564, "codegen": 3.027245283126831, "total": 4.036979675292969}