{"scheduling": 0.0019817352294921875, "placement": 1.811981201171875e-05, "routing": 1.322990894317627, "codegen": 4.321200370788574, "total": 5.654353857040405}