{"scheduling": 0.001935720443725586, "placement": 4.1961669921875e-05, "routing": 1.0877304077148438, "codegen": 4.514663934707642, "total": 5.611770391464233}