{"scheduling": 0.002368450164794922, "placement": 4.506111145019531e-05, "routing": 1.7126998901367188, "codegen": 6.053583860397339, "total": 7.7780656814575195}