{"scheduling": 0.0024001598358154297, "placement": 4.315376281738281e-05, "routing": 1.4090945720672607, "codegen": 6.448066234588623, "total": 7.869452953338623}