{"scheduling": 0.0017192363739013672, "placement": 3.552436828613281e-05, "routing": 0.5742433071136475, "codegen": 2.11635422706604, "total": 2.697715997695923}