{"scheduling": 0.001766204833984375, "placement": 2.002716064453125e-05, "routing": 1.0172970294952393, "codegen": 3.051471710205078, "total": 4.076937675476074}