{"scheduling": 0.0013480186462402344, "placement": 1.2636184692382812e-05, "routing": 0.588031530380249, "codegen": 2.2100515365600586, "total": 2.8050172328948975}