{"scheduling": 0.001631021499633789, "placement": 3.4332275390625e-05, "routing": 0.4969773292541504, "codegen": 2.1089258193969727, "total": 2.612220525741577}