{"scheduling": 0.0020978450775146484, "placement": 1.9073486328125e-05, "routing": 1.3548893928527832, "codegen": 4.1593639850616455, "total": 5.523060321807861}