{"scheduling": 0.0017223358154296875, "placement": 1.7642974853515625e-05, "routing": 0.8350386619567871, "codegen": 3.2395403385162354, "total": 4.082578897476196}