{"scheduling": 0.0018091201782226562, "placement": 1.71661376953125e-05, "routing": 0.9633080959320068, "codegen": 3.099538564682007, "total": 4.071349143981934}