{"scheduling": 0.002424001693725586, "placement": 2.2411346435546875e-05, "routing": 1.6796135902404785, "codegen": 5.947521209716797, "total": 7.6391777992248535}