{"scheduling": 0.002431631088256836, "placement": 2.2649765014648438e-05, "routing": 1.5173633098602295, "codegen": 6.142207860946655, "total": 7.672030210494995}