{"scheduling": 0.0019011497497558594, "placement": 4.029273986816406e-05, "routing": 1.1714069843292236, "codegen": 4.3799707889556885, "total": 5.560281991958618}