{"scheduling": 0.0012943744659423828, "placement": 1.4781951904296875e-05, "routing": 0.4198431968688965, "codegen": 2.2480051517486572, "total": 2.673917770385742}