{"scheduling": 0.00174713134765625, "placement": 1.6927719116210938e-05, "routing": 0.8783323764801025, "codegen": 3.0600099563598633, "total": 3.9464762210845947}