{"scheduling": 0.0013370513916015625, "placement": 1.4066696166992188e-05, "routing": 0.7045729160308838, "codegen": 2.084184408187866, "total": 2.7954516410827637}