{"scheduling": 0.0029795169830322266, "placement": 5.269050598144531e-05, "routing": 1.6547796726226807, "codegen": 6.031698226928711, "total": 7.69933295249939}