{"scheduling": 0.0017032623291015625, "placement": 1.7404556274414062e-05, "routing": 0.6397988796234131, "codegen": 2.4465537071228027, "total": 3.09470796585083}