{"scheduling": 0.0017247200012207031, "placement": 2.2649765014648438e-05, "routing": 0.9180247783660889, "codegen": 3.1205828189849854, "total": 4.047261714935303}