{"scheduling": 0.001678466796875, "placement": 1.7404556274414062e-05, "routing": 0.5137434005737305, "codegen": 2.1874890327453613, "total": 2.708564519882202}