{"scheduling": 0.001960277557373047, "placement": 4.220008850097656e-05, "routing": 1.1367216110229492, "codegen": 4.6674299240112305, "total": 5.8145833015441895}