{"scheduling": 0.001999378204345703, "placement": 1.9073486328125e-05, "routing": 1.2444121837615967, "codegen": 4.599450588226318, "total": 5.854299783706665}