{"scheduling": 0.0017092227935791016, "placement": 1.6689300537109375e-05, "routing": 0.816936731338501, "codegen": 3.090256452560425, "total": 3.914836883544922}