{"scheduling": 0.001954793930053711, "placement": 2.2172927856445312e-05, "routing": 1.1189932823181152, "codegen": 4.355889320373535, "total": 5.484031677246094}