{"scheduling": 0.0023725032806396484, "placement": 3.457069396972656e-05, "routing": 1.5787582397460938, "codegen": 6.13897442817688, "total": 7.73035454750061}