{"scheduling": 0.0030775070190429688, "placement": 3.24249267578125e-05, "routing": 3.2999520301818848, "codegen": 12.108640909194946, "total": 15.426026821136475}