{"scheduling": 0.002956867218017578, "placement": 2.8848648071289062e-05, "routing": 2.556300401687622, "codegen": 10.358379602432251, "total": 12.930713653564453}