{"scheduling": 0.002593994140625, "placement": 2.4318695068359375e-05, "routing": 1.998596429824829, "codegen": 8.20431637763977, "total": 10.216890811920166}