{"scheduling": 0.003993034362792969, "placement": 7.2479248046875e-05, "routing": 2.645425319671631, "codegen": 9.64848780632019, "total": 12.310261011123657}