{"scheduling": 0.0031833648681640625, "placement": 2.956390380859375e-05, "routing": 3.278599739074707, "codegen": 12.134591817855835, "total": 15.429830312728882}