{"scheduling": 0.0031862258911132812, "placement": 3.0040740966796875e-05, "routing": 2.2884068489074707, "codegen": 8.085021257400513, "total": 10.387762546539307}