{"scheduling": 0.003062009811401367, "placement": 2.8371810913085938e-05, "routing": 2.9258859157562256, "codegen": 10.015609979629517, "total": 12.956226348876953}