{"scheduling": 0.003897428512573242, "placement": 3.6716461181640625e-05, "routing": 3.51395583152771, "codegen": 11.464061498641968, "total": 14.996051788330078}