{"scheduling": 0.0031232833862304688, "placement": 5.626678466796875e-05, "routing": 3.3071517944335938, "codegen": 11.808126449584961, "total": 15.132814884185791}