{"scheduling": 0.003247976303100586, "placement": 2.9802322387695312e-05, "routing": 3.005631446838379, "codegen": 13.271698236465454, "total": 16.295336723327637}