{"scheduling": 0.0035164356231689453, "placement": 2.5272369384765625e-05, "routing": 2.654970407485962, "codegen": 9.849181652069092, "total": 12.519540071487427}