{"scheduling": 0.0028727054595947266, "placement": 2.6941299438476562e-05, "routing": 2.561424732208252, "codegen": 10.720609903335571, "total": 13.297626733779907}