{"scheduling": 0.002670764923095703, "placement": 4.3392181396484375e-05, "routing": 1.968672513961792, "codegen": 8.503602027893066, "total": 10.48666262626648}