{"scheduling": 0.0030257701873779297, "placement": 2.6702880859375e-05, "routing": 2.8902928829193115, "codegen": 9.639543056488037, "total": 12.545500755310059}