{"scheduling": 0.0030863285064697266, "placement": 5.173683166503906e-05, "routing": 3.5530121326446533, "codegen": 10.933145523071289, "total": 14.502324342727661}