{"scheduling": 0.003136873245239258, "placement": 2.6702880859375e-05, "routing": 1.9003324508666992, "codegen": 7.70116400718689, "total": 9.615860223770142}