{"scheduling": 0.0024476051330566406, "placement": 2.384185791015625e-05, "routing": 2.1364736557006836, "codegen": 8.007078647613525, "total": 10.157508134841919}