{"scheduling": 0.002589702606201172, "placement": 2.384185791015625e-05, "routing": 2.287667751312256, "codegen": 7.614090442657471, "total": 9.914580821990967}