{"scheduling": 0.0030667781829833984, "placement": 5.6743621826171875e-05, "routing": 2.5451295375823975, "codegen": 10.728018522262573, "total": 13.290484189987183}