{"scheduling": 0.003652811050415039, "placement": 0.00012040138244628906, "routing": 3.52652907371521, "codegen": 12.357151985168457, "total": 15.902522087097168}