{"scheduling": 0.0026636123657226562, "placement": 2.3603439331054688e-05, "routing": 2.065643548965454, "codegen": 7.533490419387817, "total": 9.611844778060913}