{"scheduling": 0.0032622814178466797, "placement": 2.6464462280273438e-05, "routing": 2.5113210678100586, "codegen": 9.352904558181763, "total": 11.878645658493042}