{"scheduling": 0.002585172653198242, "placement": 2.5987625122070312e-05, "routing": 2.007016658782959, "codegen": 8.403040647506714, "total": 10.425707340240479}