{"scheduling": 0.0033457279205322266, "placement": 6.4849853515625e-05, "routing": 3.6724727153778076, "codegen": 12.094243049621582, "total": 15.786648511886597}