{"scheduling": 0.002963542938232422, "placement": 2.6464462280273438e-05, "routing": 2.607752799987793, "codegen": 10.06103253364563, "total": 12.684353590011597}