{"scheduling": 0.0025348663330078125, "placement": 5.269050598144531e-05, "routing": 2.6836562156677246, "codegen": 7.58385443687439, "total": 10.281449556350708}