{"scheduling": 0.0031058788299560547, "placement": 3.266334533691406e-05, "routing": 3.2724480628967285, "codegen": 11.292461633682251, "total": 14.579863548278809}