{"scheduling": 0.00360107421875, "placement": 5.5789947509765625e-05, "routing": 2.663058042526245, "codegen": 9.933021783828735, "total": 12.612638473510742}