{"scheduling": 0.003073453903198242, "placement": 3.457069396972656e-05, "routing": 2.7955431938171387, "codegen": 12.078907012939453, "total": 14.890734910964966}