{"scheduling": 0.004244089126586914, "placement": 3.933906555175781e-05, "routing": 2.539268732070923, "codegen": 7.850971460342407, "total": 10.404701709747314}