{"scheduling": 0.0006697177886962891, "placement": 7.867813110351562e-06, "routing": 0.1167304515838623, "codegen": 0.7138733863830566, "total": 0.8337805271148682}