{"scheduling": 0.0007052421569824219, "placement": 1.0251998901367188e-05, "routing": 0.11778497695922852, "codegen": 0.7170758247375488, "total": 0.8381788730621338}