{"scheduling": 0.0008580684661865234, "placement": 1.0728836059570312e-05, "routing": 0.1455519199371338, "codegen": 0.8898651599884033, "total": 1.0399537086486816}