{"scheduling": 0.00067138671875, "placement": 9.775161743164062e-06, "routing": 0.12113142013549805, "codegen": 0.7484791278839111, "total": 0.8730473518371582}