{"scheduling": 0.0007038116455078125, "placement": 9.775161743164062e-06, "routing": 0.13669514656066895, "codegen": 0.8466923236846924, "total": 0.987708330154419}