{"scheduling": 0.0006802082061767578, "placement": 9.5367431640625e-06, "routing": 0.1278829574584961, "codegen": 0.7814383506774902, "total": 0.9129297733306885}