{"scheduling": 0.0008966922760009766, "placement": 9.775161743164062e-06, "routing": 0.11746883392333984, "codegen": 0.7143442630767822, "total": 0.8352692127227783}