{"scheduling": 0.0008637905120849609, "placement": 1.049041748046875e-05, "routing": 0.11958789825439453, "codegen": 0.7366271018981934, "total": 0.8596668243408203}