{"scheduling": 0.0007827281951904297, "placement": 2.5987625122070312e-05, "routing": 0.11933517456054688, "codegen": 0.7134056091308594, "total": 0.8360838890075684}