{"scheduling": 0.0006666183471679688, "placement": 1.0013580322265625e-05, "routing": 0.11170697212219238, "codegen": 0.7127692699432373, "total": 0.8277411460876465}