{"scheduling": 0.0010101795196533203, "placement": 1.0728836059570312e-05, "routing": 0.31080150604248047, "codegen": 1.3126425743103027, "total": 1.6282272338867188}