{"scheduling": 0.00095367431640625, "placement": 1.0967254638671875e-05, "routing": 0.234605073928833, "codegen": 1.3856379985809326, "total": 1.6249492168426514}