{"scheduling": 0.0012023448944091797, "placement": 1.621246337890625e-05, "routing": 0.2882668972015381, "codegen": 1.4269440174102783, "total": 1.720754861831665}