{"scheduling": 0.0009915828704833984, "placement": 1.1205673217773438e-05, "routing": 0.2541830539703369, "codegen": 1.3532524108886719, "total": 1.6122150421142578}