{"scheduling": 0.0009865760803222656, "placement": 1.0728836059570312e-05, "routing": 0.2917461395263672, "codegen": 1.406412124633789, "total": 1.7031981945037842}