{"scheduling": 0.0012056827545166016, "placement": 1.3113021850585938e-05, "routing": 0.3369140625, "codegen": 1.4623398780822754, "total": 1.8048124313354492}