{"scheduling": 0.0009627342224121094, "placement": 1.4066696166992188e-05, "routing": 0.24257278442382812, "codegen": 1.4048855304718018, "total": 1.6526236534118652}