{"scheduling": 0.0009300708770751953, "placement": 1.0728836059570312e-05, "routing": 0.29125499725341797, "codegen": 1.2698442935943604, "total": 1.5655968189239502}