{"scheduling": 0.0014121532440185547, "placement": 1.9073486328125e-05, "routing": 0.29833459854125977, "codegen": 1.514951229095459, "total": 1.819232702255249}