{"scheduling": 0.001199483871459961, "placement": 1.2636184692382812e-05, "routing": 0.2784302234649658, "codegen": 1.3778481483459473, "total": 1.6612513065338135}